kappa,mode,tape,reference,group,gap_conditioned_mark_tv,transition_conditioned_mark_tv,short_gap_repeat_curve_l1,gap_repeat_mi_error,gap_lag1_acf_error,amount_lag1_acf_error,gap_ks,gap_scaled_w1,gap_zero_rate_error,mark_sparse_tv,amount_ks,amount_scaled_w1,length_scaled_w1,null_centered_shape_l1,generated_repeat_level,reference_repeat_level
0,JOINT_CONT,20264501,raw,pooled,0.0180371665790727,0.0475862220631838,0.0060517258324891,3.255535583378637e-05,0.0051710796076475,0.002289203221784,0.0040610903150466,0.0041954728924497,0.0,0.0122757731505101,0.0040264813720458,0.0038254607804298,0.0151509478048313,0.0032984881746755,0.3180227821620096,0.3119710563295204
0,JOINT_CONT,20264501,raw,0,0.0189496507530583,0.0500853345847474,0.0063197115119869,5.692748663480669e-05,0.006808589355049,0.0007902195211224,0.0038135740179157,0.0044030662769581,0.0,0.0124910407586999,0.0035691715173424,0.0033290977983996,0.015980419726708,0.0053960195468487,0.3167732491455611,0.3121599775075561
0,JOINT_CONT,20264501,raw,1,0.0522489793719376,0.1300928892655804,0.0201110905998849,0.0003822983099177,0.0092216422408044,0.014674212501136,0.0107843981425204,0.012586755138571,0.0,0.0343100317356974,0.0140449650302267,0.0154022059899271,0.0359627026949664,0.0178370716378518,0.3287873813500415,0.3101793213785747
0,JOINT_CONT,20264502,raw,pooled,0.0138973467932618,0.0467074106602147,0.0035239463157948,3.5518488880456457e-06,0.0134073709214991,0.0067582598173335,0.0065965600904163,0.0085474582802751,0.0,0.0066837630061408,0.0067894874929957,0.0069005567962976,0.0151509478048313,0.0010871461259355,0.3154950026453152,0.3119710563295204
0,JOINT_CONT,20264502,raw,0,0.0160330185151078,0.0497034935642324,0.0030478509048376,6.371216344879256e-06,0.0149129632994463,0.0086078189721323,0.0060431011537464,0.0078600778386594,0.0,0.0078862702052734,0.0076460357965481,0.0074015305060042,0.015980419726708,0.0016344050891312,0.3152078284123937,0.3121599775075561
0,JOINT_CONT,20264502,raw,1,0.0420275756700461,0.1167473137165435,0.0099310522105417,7.533370906868803e-05,0.0003033012636712,0.00957102294697,0.0131815014075314,0.0215589005600202,0.0,0.0191091502468874,0.0086767741849991,0.0105941602402135,0.0359627026949664,0.0055877358910499,0.3179533600296144,0.3101793213785747
0,JOINT_CONT,20264503,raw,pooled,0.0168912783580247,0.0459476837033402,0.0062810644463641,0.0001040056590388,0.010402985750931,0.0011550983356193,0.0042189229434801,0.0067409472721504,0.0,0.0101122451226151,0.0060688691564302,0.0077942157668815,0.0151509478048313,0.0052287196189148,0.3097156385599753,0.3119710563295204
0,JOINT_CONT,20264503,raw,0,0.0171566521349333,0.0477318451590812,0.006766766011061,0.00012120920526,0.0152134718979756,0.0001517393548119,0.0055470728643648,0.0100737020670879,0.0,0.0100680535881257,0.00611388824399,0.0084684752755493,0.015980419726708,0.006398236688867,0.3102984896616233,0.3121599775075561
0,JOINT_CONT,20264503,raw,1,0.0476943003503043,0.1262124995802541,0.0056259146128744,3.0138591869106868e-05,0.0287636426465523,0.0123327549319249,0.0111450494803614,0.0245598231881591,0.0,0.0216911353818897,0.0140360891359804,0.0146815473096969,0.0359627026949664,0.0044444800243785,0.3045534067657003,0.3101793213785747
0,JOINT_CONT,20264504,raw,pooled,0.0143651148949034,0.0481895444011399,0.011822752682923,3.0202979310218862e-05,0.0040816320876444,0.0140468810744813,0.0039931703829709,0.0066067016821523,0.0,0.0104682125022677,0.0037864149686682,0.0032563396705938,0.0151509478048313,0.0035131663211704,0.3237938090124433,0.3119710563295204
0,JOINT_CONT,20264504,raw,0,0.0174263876985891,0.0519406312377082,0.0106365933061917,2.6455592219331724e-05,0.0079330004114311,0.0148342764376123,0.0033674770277443,0.006324254791181,0.0,0.0108272204813998,0.0028451602565134,0.003130137119805,0.015980419726708,0.0026472688203973,0.3227965708137478,0.3121599775075561
0,JOINT_CONT,20264504,raw,1,0.0434543016482742,0.128485692994218,0.0220441873741368,4.715106686935418e-05,0.0305385621203624,0.0076791116508899,0.0158961216311068,0.018342107705628,0.0,0.0272326186863326,0.0135429144486307,0.0163504824949629,0.0359627026949664,0.0117475731442712,0.3322235087527115,0.3101793213785747
0,JOINT_CONT,20264505,raw,pooled,0.0164016952221336,0.0459536898189094,0.005973456124691,4.423256062284508e-05,0.0133828678181051,0.0028369788274389,0.003159477597452,0.0061193931339991,0.0,0.0117335863400525,0.0045420421327463,0.0067397756888949,0.0151509478048313,0.003360783483049,0.3173525206388793,0.3119710563295204
0,JOINT_CONT,20264505,raw,0,0.0170363732208631,0.0482464278473218,0.0069721458346337,6.474494660251224e-05,0.0152682852541116,0.004324287533892,0.0037922267992384,0.0056352391812273,0.0,0.0126697119906429,0.0047749303149108,0.007624323465738,0.015980419726708,0.0039777961243797,0.3171435545562662,0.3121599775075561
0,JOINT_CONT,20264505,raw,1,0.0523243411771936,0.1290260606015433,0.0150707832734886,0.0001648999643991,0.0041631902507795,0.0094507686195461,0.0153886663547049,0.0155894529768043,0.0,0.0260920537744177,0.0124175760707891,0.0138152471395927,0.0359627026949664,0.015497877622516,0.319149095812765,0.3101793213785747
0,JOINT_CONT,20264506,raw,pooled,0.0136949417957966,0.0446089762297353,0.0041846376666983,5.49379830059682e-06,0.0034214495520751,0.0010451516405637,0.0042551127491627,0.0061541845213542,0.0,0.0074411122629538,0.0043012637749295,0.003902641202112,0.0151509478048313,0.0015824419087844,0.3161556939962187,0.3119710563295204
0,JOINT_CONT,20264506,raw,0,0.0161088525996821,0.048348303009023,0.0048199475978193,2.678168912629425e-05,0.0023260919003857,0.0013070591304803,0.0040279829209926,0.0037062692592166,0.0,0.0095967216866146,0.0042541537809279,0.0035476109684514,0.015980419726708,0.0036981449835558,0.3157409034333741,0.3121599775075561
0,JOINT_CONT,20264506,raw,1,0.0490628321984887,0.1261953862821906,0.0262591299075242,0.0010815294007545,0.0112838949682662,0.0213917634642042,0.0182594036214579,0.039109932500888,0.0,0.0268715573093989,0.0093516171754304,0.0122802190912029,0.0359627026949664,0.027945909257965,0.3191362690019242,0.3101793213785747
0,JOINT_CONT,20264507,raw,pooled,0.0166205313033408,0.0456076326382445,0.0083554836680967,7.245494126897987e-05,0.0116329568113067,0.0067093815915349,0.0025439372649992,0.0039058702512261,0.0,0.0078214326943657,0.0041044197070363,0.003432462582856,0.0151509478048313,0.0048566279833426,0.3185669644066566,0.3119710563295204
0,JOINT_CONT,20264507,raw,0,0.0186528369687681,0.0485714669771339,0.0076118052178568,6.425434362578389e-05,0.0110093223458034,0.0040267106985291,0.002628251465534,0.004564539478202,0.0,0.0076916734832101,0.0032596175161345,0.0031421682310874,0.015980419726708,0.0044657393777507,0.3177954910051215,0.3121599775075561
0,JOINT_CONT,20264507,raw,1,0.0557952781209344,0.1286583790289398,0.0215077558471652,0.0004804926494819,0.0158999218513451,0.0310156376213764,0.0062567043460719,0.0193606084798665,0.0,0.0392456039946024,0.0148310692302249,0.0161722974891559,0.0359627026949664,0.0196676608286982,0.3250775388291211,0.3101793213785747
0,JOINT_CONT,20264508,raw,pooled,0.0127385544481853,0.0439119514469281,0.004656123074615,9.407460732064026e-05,0.0132677359480682,0.008073402241348,0.0036407002577323,0.005311136870515,0.0,0.0076428752434962,0.0028747304057969,0.0029881590041282,0.0151509478048313,0.0049211136391092,0.3138407456244227,0.3119710563295204
0,JOINT_CONT,20264508,raw,0,0.0156832559375095,0.0468862499428565,0.0048703276015821,8.883174921124116e-05,0.0134618958138087,0.0094759898968817,0.0036252628951072,0.0065698606905675,0.0,0.0078111996815676,0.0036483506397669,0.002734772747397,0.015980419726708,0.0049140461587052,0.3123808054249706,0.3121599775075561
0,JOINT_CONT,20264508,raw,1,0.0503920152294546,0.1236489191970339,0.0162620189347351,0.0003743789444976,0.0112979723485771,0.0033503570647358,0.0107805993761636,0.0146070464503435,0.0,0.0287522717913829,0.0166844309564188,0.0208191683134965,0.0359627026949664,0.0072588491130176,0.3264413403133099,0.3101793213785747
0,JOINT_CONT,20264509,raw,pooled,0.0141127651387068,0.0458706333338531,0.0035803486345031,2.8666910786973428e-05,0.0117319020605683,0.0096823080473093,0.0029668901287358,0.0042464664875593,0.0,0.0087238807818391,0.0028081901923358,0.0036198001374917,0.0151509478048313,0.0041334012172712,0.3147448909675443,0.3119710563295204
0,JOINT_CONT,20264509,raw,0,0.0157587117348441,0.0497558123082109,0.0043779664101995,4.614099719606332e-05,0.0118228326617516,0.0101624401699912,0.002734497264795,0.0045946686109023,0.0,0.0103718771065495,0.00290909114726,0.0034022508765725,0.015980419726708,0.0046693531491255,0.3153754143102401,0.3121599775075561
0,JOINT_CONT,20264509,raw,1,0.0532720833311261,0.1266128091754179,0.0062804060970654,4.611376826187911e-05,0.0104814016158945,0.0057402901280933,0.0126672383061172,0.0163852096449203,0.0,0.0310691302148691,0.0174800361136384,0.0143316941563147,0.0359627026949664,0.0061740285684267,0.3095928570981226,0.3101793213785747
0,JOINT_CONT,20264510,raw,pooled,0.0153258983505086,0.0438579251986462,0.0043288165230245,6.478268757196919e-05,0.0070808326599332,0.0033584995978938,0.0074546432180655,0.0086448132716464,0.0,0.0081631385654006,0.0049470514152819,0.005035783921531,0.0151509478048313,0.0050719469329865,0.3141086946519879,0.3119710563295204
0,JOINT_CONT,20264510,raw,0,0.017131293049808,0.0480099365106675,0.0044347100704582,6.83291732292376e-05,0.0091506467119437,0.0042164699599144,0.0067378680235114,0.0074180786763943,0.0,0.010742920485663,0.0039965580326853,0.0048300380291794,0.015980419726708,0.0052289023551186,0.3143412892579457,0.3121599775075561
0,JOINT_CONT,20264510,raw,1,0.0458670581489524,0.1281107525467019,0.0105216388097106,0.0001929028911001,0.0100957243150553,0.0040137728945811,0.0212564668891355,0.0433497337800511,0.0,0.0236344311689403,0.0158636982676004,0.0245941561098349,0.0359627026949664,0.0101028239490359,0.3123907405003563,0.3101793213785747
0,JOINT_CONT,20264511,raw,pooled,0.0171678355451969,0.0475094866697329,0.0021699815318511,3.7978413037966397e-07,0.0070296054156062,0.0021913862073232,0.0039926904333032,0.0026894720674176,0.0,0.0087346968594404,0.0046760313104708,0.0043417454938832,0.0151509478048313,0.0013073993369668,0.3134053432983378,0.3119710563295204
0,JOINT_CONT,20264511,raw,0,0.0176674991813841,0.0486175698550641,0.0025466241037351,1.6119457487366988e-07,0.0054821342206735,0.0037110716366576,0.0037662703469215,0.0034053780194292,0.0,0.0082655615313563,0.0055239922969777,0.0046220309959085,0.015980419726708,0.002722762731321,0.313538642772551,0.3121599775075561
0,JOINT_CONT,20264511,raw,1,0.0460397412464211,0.1243144366477828,0.0220227639322713,0.0008209445813468,0.0197783422245718,0.0110539540100592,0.0173778583606408,0.0251233906627137,0.0,0.0292269446146699,0.00857083851198,0.0101521573233712,0.0359627026949664,0.0216476113611142,0.3120520880075023,0.3101793213785747
0,JOINT_CONT,20264512,raw,pooled,0.015857388418248,0.0459231628140075,0.005213863879607,1.6832632177568754e-05,0.0044515817022791,0.0035412998101955,0.0050587415309055,0.0080804920535969,0.0,0.0099578710800574,0.0026628562024765,0.0038108384770884,0.0151509478048313,0.0036198408322234,0.3171849202091275,0.3119710563295204
0,JOINT_CONT,20264512,raw,0,0.0176861461347382,0.0507419296882831,0.0058541004385136,2.207652672976744e-05,0.0025560657669515,0.0043330559051573,0.0050252944212874,0.0096634176584005,0.0,0.0132692356161257,0.0030936376922831,0.0044703447553764,0.015980419726708,0.0041606510615675,0.3177298226484532,0.3121599775075561
0,JOINT_CONT,20264512,raw,1,0.0491421833002421,0.1291314802910722,0.0061399298341789,5.168009361654162e-05,0.0193676221703284,0.0029848004417552,0.0112519731800015,0.0196450314383997,0.0,0.0310367269502402,0.0063496897312404,0.0074281371829352,0.0359627026949664,0.0075051796209013,0.3124926741460684,0.3101793213785747
0,JOINT_CONT,20264513,raw,pooled,0.0155038123587305,0.0449611157334981,0.0047261928148949,1.6489684351468357e-06,0.0090909494370148,0.0053445758184491,0.0039286536440308,0.0060708769068901,0.0,0.0095438366913826,0.0031302638823504,0.0038772902606862,0.0151509478048313,0.001087457525752,0.3166972491444153,0.3119710563295204
0,JOINT_CONT,20264513,raw,0,0.0179392919934201,0.0487984493586619,0.0046132372743281,2.652446041228707e-07,0.0087153148314591,0.0035125115681314,0.0046632902414362,0.0079760834160408,0.0,0.0100509722230975,0.0040450655731694,0.0043819597396763,0.015980419726708,0.0016126346811381,0.3167732147818842,0.3121599775075561
0,JOINT_CONT,20264513,raw,1,0.0488539793564966,0.1262976661299008,0.0123499224202388,0.0001264616368413,0.011819051138598,0.0208918538676023,0.0149400170707573,0.0224640666572159,0.0,0.0268898341507907,0.0089712288513067,0.0124521148760512,0.0359627026949664,0.0111853536343343,0.3159928642595577,0.3101793213785747
0,JOINT_CONT,20264514,raw,pooled,0.0151609070488046,0.0453220869231513,0.0050699871468972,1.557460921798305e-05,0.0073518978505191,0.0093151062920387,0.0061027233544427,0.0068192788859876,0.0,0.0094670188501172,0.0044297969603092,0.0043211394708604,0.0151509478048313,0.0031358358665396,0.3087014808438504,0.3119710563295204
0,JOINT_CONT,20264514,raw,0,0.0163514211574478,0.0489106643690205,0.006241197990056,3.336845992857008e-05,0.0073575959681712,0.0121371383681283,0.0049950569376826,0.0064112111599078,0.0,0.0104257976408998,0.0049150733057388,0.00576877559418,0.015980419726708,0.0043583815315739,0.3079816936308003,0.3121599775075561
0,JOINT_CONT,20264514,raw,1,0.0553101583804754,0.1221997779202336,0.0126737620665433,0.0001882008892764,0.0071910279796734,0.015652325113304,0.017575462289442,0.0163604927679528,0.0,0.0272127166812056,0.019898354759242,0.0154822774286,0.0359627026949664,0.0135621299927163,0.3146378049050122,0.3101793213785747
0,JOINT_CONT,20264515,raw,pooled,0.0168875138425687,0.0459652694671782,0.0028589007208893,4.029748821597176e-06,0.0063208470320525,0.000101253982816,0.0053690260066617,0.0086584710570037,0.0,0.0108313067750346,0.0050663125026308,0.0044259886532187,0.0151509478048313,0.0029389489449371,0.3115720937484961,0.3119710563295204
0,JOINT_CONT,20264515,raw,0,0.0178920003722142,0.048222829697073,0.00291636886103,2.6707789110209143e-06,0.0089735288147838,0.0007882971314123,0.0052533669241072,0.0069238375106135,0.0,0.0101852734178353,0.0048971892241776,0.0042065083312431,0.015980419726708,0.0026413326965803,0.3135366097590431,0.3121599775075561
0,JOINT_CONT,20264515,raw,1,0.0533458609686837,0.1356367515856542,0.0154690656882761,0.0001254832324994,0.0156947256282268,0.0054384966085949,0.0114908597596761,0.026517737253275,0.0,0.0351768690695587,0.0098926966891914,0.0131499639654857,0.0359627026949664,0.0065984793708514,0.2947102556902986,0.3101793213785747
0,JOINT_CONT,20264516,raw,pooled,0.0154348601111165,0.0433183879829086,0.0044848252440956,6.870176386325076e-05,0.0135596295069569,0.0072258841801164,0.0037657223982255,0.0050712585721923,0.0,0.0101374460179478,0.0036597816155238,0.0036940393780327,0.0151509478048313,0.004670569937238,0.3129154892167598,0.3119710563295204
0,JOINT_CONT,20264516,raw,0,0.0163730053521491,0.0476681113834801,0.0058051540606552,8.905667054021798e-05,0.0142548748911831,0.00690586378325,0.0042369450046322,0.0067242306587984,0.0,0.0087600220008596,0.004736782291759,0.0043915363744321,0.015980419726708,0.0057769412103947,0.3126426238158057,0.3121599775075561
0,JOINT_CONT,20264516,raw,1,0.0618004275917866,0.1332600700112544,0.0212918508114886,0.0004233896420462,0.0071876192067841,0.0096779706189256,0.0129135998776551,0.0155871293792482,0.0,0.0465419641028833,0.0105943423799947,0.0093584526849352,0.0359627026949664,0.0203039088139909,0.3151111409807254,0.3101793213785747
0,JOINT_CONT,20264517,raw,pooled,0.0170103436806356,0.0470434063596244,0.0066759750200619,6.222616955045492e-07,0.0098241715126207,0.0034164185770681,0.005671410576002,0.0052991165083478,0.0,0.0103025807112829,0.0029511252594355,0.0029880685787638,0.0151509478048313,0.0017549486237094,0.3186470313495824,0.3119710563295204
0,JOINT_CONT,20264517,raw,0,0.0183766322621956,0.0500206190356877,0.007675091918966,1.0288458971578309e-05,0.0082350784388477,0.0034406544671738,0.00433903536024,0.0042988388035115,0.0,0.0085018912107602,0.003568544073142,0.0032902056293825,0.015980419726708,0.0012608430824267,0.3198350694265221,0.3121599775075561
0,JOINT_CONT,20264517,raw,1,0.0410207544449889,0.1228638581318016,0.027000867184735,0.0011270330917767,0.0237886032433054,0.003413339066459,0.021670831966322,0.0180236408979611,0.0,0.0257227665687318,0.0110075340090514,0.0086523658715407,0.0359627026949664,0.0265397896127636,0.307891321161194,0.3101793213785747
0,JOINT_CONT,20264518,raw,pooled,0.0160663942478807,0.0445276002221229,0.0049426431982345,6.20587095803652e-05,0.0164420154666186,0.0067170135327879,0.0036813801295686,0.0046005904925646,0.0,0.0099868698960956,0.0044771865210672,0.0046586310864316,0.0151509478048313,0.0050819260392483,0.3126608302908224,0.3119710563295204
0,JOINT_CONT,20264518,raw,0,0.0173021140018484,0.0496671032546463,0.0048899660588546,6.513160905340305e-05,0.0150159541566377,0.0050330976270141,0.0028841290706519,0.0050350006210835,0.0,0.0104850055572783,0.0048838583795679,0.0044951437662457,0.015980419726708,0.0049317546231899,0.312367693916192,0.3121599775075561
0,JOINT_CONT,20264518,raw,1,0.054770823697511,0.1361414091033586,0.0140886142869105,5.0123143614712144e-05,0.0285612630428815,0.0209974975770593,0.0122595312817924,0.0115573967983123,0.0,0.0361336654667958,0.014672953300045,0.0140393707096215,0.0359627026949664,0.0130582613649608,0.3153228568801282,0.3101793213785747
0,JOINT_CONT,20264519,raw,pooled,0.0170477314583094,0.0463300146970739,0.0057560883258337,2.630729226475556e-05,0.0060032281644569,0.0020717611331014,0.0034605304353371,0.004226193340526,0.0,0.0072181979081981,0.0055845726119318,0.0068627640871422,0.0151509478048313,0.0039313893442253,0.3177271446553541,0.3119710563295204
0,JOINT_CONT,20264519,raw,0,0.018776217172266,0.0501449125662707,0.0065199358109261,2.2709253496073784e-05,0.0067825452016676,0.0029853316805459,0.004790797859783,0.0056146899986999,0.0,0.0081891295721212,0.0041128569139115,0.0056436401257634,0.015980419726708,0.0030716630817771,0.3186799133184821,0.3121599775075561
0,JOINT_CONT,20264519,raw,1,0.0465688599678184,0.1264364374105678,0.0175547658931633,0.0002622250412248,0.0013689675237308,0.0059060639430662,0.0206479834895538,0.0290803246878374,0.0,0.0347731783977235,0.0208307236954123,0.0243815467123259,0.0359627026949664,0.017478245384964,0.3097996044935275,0.3101793213785747
0,JOINT_CONT,20264520,raw,pooled,0.0159777225225398,0.0455804436993778,0.0029059774358406,8.485386635217356e-06,0.006643592319314,0.0004354244376161,0.004966568540211,0.0061867042720682,0.0,0.0102585883788877,0.0049701114651115,0.0063329210409824,0.0151509478048313,0.002703654637487,0.3129794387988552,0.3119710563295204
0,JOINT_CONT,20264520,raw,0,0.0172812552253939,0.0485466784989313,0.005109464976013,3.372127927774542e-05,0.0042308526949924,0.0006341431439977,0.0054220394898696,0.0074948237203931,0.0,0.0088808619729721,0.0049104033743134,0.0063828680943159,0.015980419726708,0.0047696641919002,0.3138607746351847,0.3121599775075561
0,JOINT_CONT,20264520,raw,1,0.0500895529356357,0.1214008818382801,0.0161672208249404,0.0010745421054466,0.0269810249340997,0.0011764288299189,0.0194838317968344,0.0120492949585831,0.0,0.0283496562278649,0.0108280409251232,0.0096776900597092,0.0359627026949664,0.015258035979315,0.3057924825657007,0.3101793213785747
0,JOINT_CONT,20264521,raw,pooled,0.0151969107599083,0.0460715096115994,0.0053355373887323,1.3802510708954769e-05,0.0089582482364718,0.0025914567766082,0.0026767878213841,0.0045282733398873,0.0,0.0086471741678855,0.0050444780706598,0.0050499013069464,0.0151509478048313,0.0037015310813802,0.3173065937182527,0.3119710563295204
0,JOINT_CONT,20264521,raw,0,0.0164325725045129,0.0488095615039785,0.0043272374169336,9.34517490373593e-06,0.006628703427865,0.0006287331652465,0.0025733274717733,0.0055839071106641,0.0,0.0093082612493707,0.0046422952835646,0.0048744143630034,0.015980419726708,0.0023420800685575,0.3164872149244896,0.3121599775075561
0,JOINT_CONT,20264521,raw,1,0.0504698651536927,0.1304566423114889,0.027755315292786,0.0010941460151846,0.0268238174192543,0.0296062251294155,0.0193482471538933,0.0242002577058571,0.0,0.0348508362217493,0.0182339370691597,0.0213438615892509,0.0359627026949664,0.0247324004222281,0.324764958552341,0.3101793213785747
0,JOINT_CONT,20264522,raw,pooled,0.0153003075517703,0.0454802470068824,0.0037293395112555,7.170562233129113e-06,0.0019269925379522,0.0028303452348985,0.0092623437972877,0.012899763571452,0.0,0.0052657155460223,0.0036022244087267,0.0039187180303334,0.0151509478048313,0.0021253132857168,0.3157003958407758,0.3119710563295204
0,JOINT_CONT,20264522,raw,0,0.0142325029652866,0.0472131445468803,0.0041258797532047,7.177916791214426e-07,0.0021200568798438,0.0051342131197121,0.0101029197028565,0.0126282872506155,0.0,0.0070543406944181,0.0034705863652703,0.0041158310087726,0.015980419726708,0.0019608653097285,0.3162858572607607,0.3121599775075561
0,JOINT_CONT,20264522,raw,1,0.0534804941392534,0.1203077130955929,0.0135662760248825,0.0002168475767858,7.807178564772643e-05,0.0174686162844801,0.0093121515210533,0.0186618416675394,0.0,0.0325536797832381,0.0097862609657923,0.0081545577332887,0.0359627026949664,0.0135135178997455,0.3104426906415301,0.3101793213785747
0,JOINT_CONT,20264523,raw,pooled,0.0169045304902123,0.0467596021777529,0.013588758332086,6.163239222408716e-06,0.0025499220585638,0.0022538514692677,0.0082767511472606,0.0102045994145052,0.0,0.0137678961319355,0.002725767266797,0.0031085233649681,0.0151509478048313,0.0021942863155026,0.3255598146616064,0.3119710563295204
0,JOINT_CONT,20264523,raw,0,0.0156355122937172,0.0478204920226352,0.0121137174248914,1.3771009825410628e-05,3.313120342381126e-05,0.0023654217283297,0.0075733834671133,0.0090305236595663,0.0,0.0117450205203389,0.003376277089371,0.0034534357231289,0.015980419726708,0.0030552184868314,0.3242736949324475,0.3121599775075561
0,JOINT_CONT,20264523,raw,1,0.0479157309753869,0.1269181500049638,0.0264986451647794,0.0001183164560114,0.0242945546198656,0.0014630204979526,0.0147672072406501,0.0346909800523209,0.0,0.0345172276106817,0.0151518515490436,0.0140718653419821,0.0359627026949664,0.0102979422528119,0.3366779665433542,0.3101793213785747
0,JOINT_CONT,20264524,raw,pooled,0.0148538199720546,0.0442358182275299,0.0046406731618677,4.322159583144145e-05,0.0007524760996722,0.0032039047582453,0.0040016663602856,0.0050994176021847,0.0,0.0078493769060942,0.0030022267981834,0.0036944262442897,0.0151509478048313,0.0044083247701885,0.3131568964693154,0.3119710563295204
0,JOINT_CONT,20264524,raw,0,0.0158279873658855,0.0475093920177313,0.0062589754517225,7.429209705436693e-05,0.002217181834565,0.0036049212561448,0.0028418522540448,0.0049688002077132,0.0,0.0077275749455537,0.0032041642713613,0.0042077248340995,0.015980419726708,0.0058279964762958,0.3137480197377461,0.3121599775075561
0,JOINT_CONT,20264524,raw,1,0.0520080309634534,0.123068895930362,0.0206352076528983,0.0004415165310975,0.0113769451574116,5.425745741495991e-05,0.0156384318387489,0.0192199254130467,0.0,0.028212017360749,0.0073877443152398,0.0086710897548593,0.0359627026949664,0.0210409091301172,0.3081540542039451,0.3101793213785747
0,JOINT_CONT,20264525,raw,pooled,0.0176064931327043,0.0483452477503921,0.0078089509443262,0.000193893195742,0.0035598880712826,0.004957991713589,0.0033135075268789,0.0060476276578506,0.0,0.0110606904988524,0.0066678342088388,0.0089847484362926,0.0151509478048313,0.0084883851549039,0.3085847372760654,0.3119710563295204
0,JOINT_CONT,20264525,raw,0,0.0199464121493106,0.0507190998748885,0.0079869973075015,0.0001996918491714,0.0066695200642215,0.0049790363027001,0.0031935451867457,0.0067262219009031,0.0,0.0132907293852489,0.0056551344385452,0.0075447042426362,0.015980419726708,0.0085821916669091,0.3084571960551235,0.3121599775075561
0,JOINT_CONT,20264525,raw,1,0.0541133824722036,0.1242984419882109,0.0119793811283416,6.654942002778843e-05,0.0230996555984605,0.0058099872765982,0.0129969004245032,0.0170200659347944,0.0,0.0301960922562948,0.0206847589894682,0.023435289290175,0.0359627026949664,0.0118803887786602,0.309688092719107,0.3101793213785747
0,JOINT_CONT,20264526,raw,pooled,0.0175330523440605,0.0459851755203522,0.0059113102806138,1.5084998803354362e-05,0.012241525183516,0.0004775356179652,0.0054078634035442,0.0088347689279859,0.0,0.0113010564561884,0.004710224180403,0.0050086253005254,0.0151509478048313,0.003455255188239,0.3178823666101342,0.3119710563295204
0,JOINT_CONT,20264526,raw,0,0.01843265186592,0.0476805398186231,0.0054897398200613,1.7973268704046785e-05,0.010699523251489,0.0002957981772007,0.0065047636427991,0.0109612040199817,0.0,0.0119502885599888,0.0059274009422545,0.0053690176777398,0.015980419726708,0.0032347794223861,0.3176497173276174,0.3121599775075561
0,JOINT_CONT,20264526,raw,1,0.0521108758150125,0.1288608768454062,0.0108979121259592,0.0001204730880579,0.0241046001383863,0.0080041731519949,0.0107595631968762,0.024384173458411,0.0,0.0324533446744759,0.0262153661981444,0.0229514458598279,0.0359627026949664,0.0075960408433122,0.319793358700148,0.3101793213785747
0,JOINT_CONT,20264527,raw,pooled,0.0138198567278337,0.0445558755777757,0.0053891653542696,5.230975248196514e-05,0.0012994253506586,0.0119817685034911,0.0081667079672987,0.0100744483293688,0.0,0.0073846902473317,0.0045350502568837,0.0040696150071808,0.0151509478048313,0.0049788265958267,0.3140653087026852,0.3119710563295204
0,JOINT_CONT,20264527,raw,0,0.0141500809356058,0.0470132258910828,0.007105103879377,6.709668964602442e-05,0.0048786736274772,0.0130307997606614,0.00783895509802,0.009717708042804,0.0,0.008786221524613,0.0047195196582396,0.0046421444138466,0.015980419726708,0.0051433714041566,0.3162556572792577,0.3121599775075561
0,JOINT_CONT,20264527,raw,1,0.0498381808848165,0.1269889360910159,0.0175713038211081,6.303362248604252e-05,0.0281215914338598,0.0031686838462681,0.0132442150915429,0.0207157155209575,0.0,0.0286961161337005,0.0151095972919271,0.0115930791677078,0.0359627026949664,0.013239048747413,0.2953726181969938,0.3101793213785747
0,JOINT_CONT,20264528,raw,pooled,0.0174987965579963,0.0475384716264551,0.0055962710725529,3.211364216370959e-05,0.0074537488798194,0.0013670534469317,0.0053075457836522,0.0050930064480621,0.0,0.0122761093235386,0.0064252686161998,0.0071535759282917,0.0151509478048313,0.0045317082787856,0.3162707722224941,0.3119710563295204
0,JOINT_CONT,20264528,raw,0,0.019201717745932,0.0485865939535084,0.0044905758562587,2.623024705753233e-05,0.0095134958354751,0.0009395844824564,0.0046060802178256,0.0048445999656081,0.0,0.0119391484657867,0.0079022067652251,0.0081319021480059,0.015980419726708,0.0039583445723401,0.3152317076344134,0.3121599775075561
0,JOINT_CONT,20264528,raw,1,0.0458338175892546,0.1243915353277832,0.0156402897439747,0.0002455648341614,0.0111073756015088,0.0211344921976014,0.016714095421961,0.0180745333068575,0.0,0.0328373333613361,0.0092215790740917,0.011971235935258,0.0359627026949664,0.0150298609325975,0.3251114274402966,0.3101793213785747
0,JOINT_CONT,20264529,raw,pooled,0.0154485973093865,0.0469474571128891,0.0054682043532783,2.582717547198847e-05,0.0110873930514136,0.0060619904432798,0.0042552341609639,0.0081585582431697,0.0,0.0081764268039018,0.0034112550859466,0.005436577696542,0.0151509478048313,0.0024961949623152,0.3174392606827987,0.3119710563295204
0,JOINT_CONT,20264529,raw,0,0.0168567924728964,0.0490415262389785,0.0068471702309978,5.330548565341995e-05,0.0120260848398147,0.0033385775381531,0.002887968033466,0.0063245430297032,0.0,0.0107564233739043,0.0041713917230343,0.0062528245248806,0.015980419726708,0.0029146821720733,0.319007147738554,0.3121599775075561
0,JOINT_CONT,20264529,raw,1,0.0448202953085041,0.1191875888921962,0.0193322104718007,0.0002468149062634,0.0020589634730655,0.0295271377709767,0.0174658835380473,0.0308839104066053,0.0,0.030112183802518,0.0092884608124269,0.0091017714153558,0.0359627026949664,0.0179777085815859,0.3034578913901155,0.3101793213785747
0,JOINT_CONT,20264530,raw,pooled,0.0157206100609667,0.045370607801312,0.0032621693852989,2.0905950302946893e-05,0.0019207055119777,0.00418675999647,0.0050545147723564,0.0041665763269935,0.0,0.010636516862601,0.0034653313636491,0.0042609766558195,0.0151509478048313,0.0034436263072435,0.3109512468638409,0.3119710563295204
0,JOINT_CONT,20264530,raw,0,0.0162335273094203,0.0475560653491461,0.0036259981077899,7.456261303974204e-06,0.0001557515528688,0.0035709006980238,0.0045355512069413,0.0049749379116542,0.0,0.009883891719748,0.0049828600340511,0.0051715772567261,0.015980419726708,0.003438833243969,0.3102380686899639,0.3121599775075561
0,JOINT_CONT,20264530,raw,1,0.0518794482343705,0.1245043442645395,0.0145592859929359,0.0006790802902581,0.0196022988104685,0.009737550710404,0.0125427231866459,0.0192905854789809,0.0,0.0397563054477738,0.0210426450464884,0.0219573475988439,0.0359627026949664,0.0133062202673398,0.3167957377635332,0.3101793213785747
0,JOINT_BIN,20264501,raw,pooled,0.0181117297913963,0.0478742351195002,0.006025200799722,7.983913351869974e-06,0.0204828183853361,0.002289203221784,0.0207474053180283,0.0511393739034353,0.0,0.0122757731505101,0.0040264813720458,0.0038254607804298,0.0151509478048313,0.0013956654002231,0.3179962571292424,0.3119710563295204
0,JOINT_BIN,20264501,raw,0,0.0190688762368821,0.051604139660792,0.0047308924609028,2.1425922865577352e-05,0.0219166753668131,0.0007902195211224,0.0211877679278224,0.0513397877573797,0.0,0.0124910407586999,0.0035691715173424,0.0033290977983996,0.015980419726708,0.0034801596327513,0.3167224341199859,0.3121599775075561
0,JOINT_BIN,20264501,raw,1,0.048340257030278,0.1293044479828824,0.0188536573243816,0.0006189686549789,0.0079765825053072,0.014674212501136,0.0278695881058909,0.0508358310086986,0.0,0.0343100317356974,0.0140449650302267,0.0154022059899271,0.0359627026949664,0.0162374223976592,0.3288667038758646,0.3101793213785747
0,JOINT_BIN,20264501,quantized,pooled,0.0180295705685622,0.0476015567151932,0.0060233160005851,8.779660327712965e-06,0.0089415870858398,0.002289203221784,0.0015296556168014,0.0024590200807535,0.0,0.0122757731505101,0.0040264813720458,0.0038254607804298,0.0151509478048313,0.0012459193943288,0.3179943723301054,0.3119710563295204
0,JOINT_BIN,20264501,quantized,0,0.0188304791241772,0.0509761867806876,0.0045662302766054,2.5435024403667105e-05,0.0105870721113235,0.0007902195211224,0.00141744333074,0.0027321355748597,0.0,0.0124910407586999,0.0035691715173424,0.0033290977983996,0.015980419726708,0.0030584230051438,0.3167262077841615,0.3121599775075561
0,JOINT_BIN,20264501,quantized,1,0.0493679502476057,0.1288724758387353,0.0185851207500603,0.0006828592301851,0.0056248053592919,0.014674212501136,0.0097590443861476,0.0124401413963188,0.0,0.0343100317356974,0.0140449650302267,0.0154022059899271,0.0359627026949664,0.0154581958880639,0.3287644421286351,0.3101793213785747
0,JOINT_BIN,20264502,raw,pooled,0.0139725197327751,0.0469898007124084,0.0035397950753992,8.408325726757203e-06,0.0283639605183928,0.0067582598173335,0.0211336861202686,0.051789594311243,0.0,0.0066837630061408,0.0067894874929957,0.0069005567962976,0.0151509478048313,0.0021776463670516,0.3155108514049196,0.3119710563295204
0,JOINT_BIN,20264502,raw,0,0.0152524613549923,0.0484393246157349,0.0032485101832483,1.0073336457501112e-05,0.0271074909361999,0.0086078189721323,0.0209271839679608,0.0519651256085432,0.0,0.0078862702052734,0.0076460357965481,0.0074015305060042,0.015980419726708,0.0027087755481133,0.3152110321037622,0.3121599775075561
0,JOINT_BIN,20264502,raw,1,0.0435452324781306,0.1243529837930853,0.0096038463842859,9.69559012562913e-06,0.038848151736772,0.00957102294697,0.0277400624272108,0.0527936018022929,0.0,0.0191091502468874,0.0086767741849991,0.0105941602402135,0.0359627026949664,0.0080276636181475,0.3179596167635176,0.3101793213785747
0,JOINT_BIN,20264502,quantized,pooled,0.014254829536881,0.0466301861811624,0.0035496994683582,9.204072702600197e-06,0.0168227292188965,0.0067582598173335,0.0052693500379649,0.0073322088779461,0.0,0.0066837630061408,0.0067894874929957,0.0069005567962976,0.0151509478048313,0.0023245820396032,0.3154763550686134,0.3119710563295204
0,JOINT_BIN,20264502,quantized,0,0.0154349539209703,0.0481310288280487,0.0035684386167946,1.4082437995590865e-05,0.0157778876807104,0.0086078189721323,0.005419730351895,0.0071239468837185,0.0,0.0078862702052734,0.0076460357965481,0.0074015305060042,0.015980419726708,0.0024897592188136,0.3151846849335221,0.3121599775075561
0,JOINT_BIN,20264502,quantized,1,0.0438608226400485,0.123246612945724,0.0085141006046801,7.358616533185108e-05,0.0252467638721728,0.00957102294697,0.0116744668002525,0.0197962206398503,0.0,0.0191091502468874,0.0086767741849991,0.0105941602402135,0.0359627026949664,0.0071093512011685,0.3178259048858479,0.3101793213785747
0,JOINT_BIN,20264503,raw,pooled,0.0153735649085026,0.0462753088908247,0.0043959710197879,4.826224216621447e-05,0.0213939694818455,0.0011550983356193,0.0204487195354715,0.0513510055991729,0.0,0.0101122451226151,0.0060688691564302,0.0077942157668815,0.0151509478048313,0.0037420803893863,0.3095051262270097,0.3119710563295204
0,JOINT_BIN,20264503,raw,0,0.0168017236408627,0.0481399328343309,0.00445563367455,5.775586217277354e-05,0.021629321719977,0.0001517393548119,0.0210686522426689,0.0517713501984054,0.0,0.0100680535881257,0.00611388824399,0.0084684752755493,0.015980419726708,0.0040318282230417,0.3100896570409061,0.3121599775075561
0,JOINT_BIN,20264503,raw,1,0.0401038733371536,0.125662389033478,0.007671735301066,4.6034475919707886e-05,0.0188654298840706,0.0123327549319249,0.0301910428193676,0.0530862114304198,0.0,0.0216911353818897,0.0140360891359804,0.0146815473096969,0.0359627026949664,0.0062810039519682,0.3046042716952929,0.3101793213785747
0,JOINT_BIN,20264503,quantized,pooled,0.0155795448550732,0.0464310601379219,0.0043220787632546,4.905798914205746e-05,0.0098527381823492,0.0011550983356193,0.0027177361557394,0.0046657766616597,0.0,0.0101122451226151,0.0060688691564302,0.0077942157668815,0.0151509478048313,0.0039639378330353,0.3097036281971378,0.3119710563295204
0,JOINT_BIN,20264503,quantized,0,0.0169411308209419,0.0482464412478554,0.0046245799237267,6.17649637108633e-05,0.0102997184644875,0.0001517393548119,0.0038239338256181,0.0068386540927455,0.0,0.0100680535881257,0.00611388824399,0.0084684752755493,0.015980419726708,0.0043278899498988,0.3102843072899731,0.3121599775075561
0,JOINT_BIN,20264503,quantized,1,0.0403616504381626,0.1252422619067223,0.0077971268359374,1.785609928651407e-05,0.0052640420194714,0.0123327549319249,0.0141254471924093,0.020384300833619,0.0,0.0216911353818897,0.0140360891359804,0.0146815473096969,0.0359627026949664,0.0050820413573182,0.3048512940052705,0.3101793213785747
0,JOINT_BIN,20264504,raw,pooled,0.0157570285129092,0.0467683159966884,0.0118847602764039,1.8096466968817128e-05,0.0153792159782635,0.0140468810744813,0.0200006908616363,0.0512385133543327,0.0,0.0104682125022677,0.0037864149686682,0.0032563396705938,0.0151509478048313,0.0021267592481592,0.3238558166059243,0.3119710563295204
0,JOINT_BIN,20264504,raw,0,0.0171072988979223,0.0497208643010338,0.0106578864230414,1.1616346828942727e-05,0.017398128856068,0.0148342764376123,0.0200680804873801,0.0514989019677891,0.0,0.0108272204813998,0.0028451602565134,0.003130137119805,0.015980419726708,0.0023930463071869,0.3228178639305975,0.3121599775075561
0,JOINT_BIN,20264504,raw,1,0.0423762661958219,0.1271996269399592,0.0225774630573499,5.867920066706712e-05,0.003375311363669,0.0076791116508899,0.0253266339978206,0.050918164101188,0.0,0.0272326186863326,0.0135429144486307,0.0163504824949629,0.0359627026949664,0.0116888023660356,0.3327567844359246,0.3101793213785747
0,JOINT_BIN,20264504,quantized,pooled,0.0159452757016265,0.0469127708555866,0.0118226315920909,1.889221394466012e-05,0.0038379846787672,0.0140468810744813,0.0028160375257977,0.0036230867651533,0.0,0.0104682125022677,0.0037864149686682,0.0032563396705938,0.0151509478048313,0.0023064602217137,0.3237936879216113,0.3119710563295204
0,JOINT_BIN,20264504,quantized,0,0.017160514327145,0.0495840085661834,0.0106393398017061,1.562544836703248e-05,0.0060685256005785,0.0148342764376123,0.0028735432052072,0.0045591401130177,0.0,0.0108272204813998,0.0028451602565134,0.003130137119805,0.015980419726708,0.0022621218302203,0.3227993173092621,0.3121599775075561
0,JOINT_BIN,20264504,quantized,1,0.0420792828915966,0.1272986673827269,0.0221317141095333,0.0001225697758732,0.0169766992282682,0.0076791116508899,0.0076611450304184,0.0099029444406295,0.0,0.0272326186863326,0.0135429144486307,0.0163504824949629,0.0359627026949664,0.0101163965624779,0.3323110354881081,0.3101793213785747
0,JOINT_BIN,20264505,raw,pooled,0.0162790530428706,0.0455265692863295,0.006478558585374,4.898809569026054e-05,0.0186526577970475,0.0028369788274389,0.0213874462806499,0.051182291555791,0.0,0.0117335863400525,0.0045420421327463,0.0067397756888949,0.0151509478048313,0.0037510571288091,0.3173546261735565,0.3119710563295204
0,JOINT_BIN,20264505,raw,0,0.0181858335683221,0.0482906339789162,0.0071474943894538,5.29422110811783e-05,0.0198966610220574,0.004324287533892,0.0215927612573439,0.0513667897646271,0.0,0.0126697119906429,0.0047749303149108,0.007624323465738,0.015980419726708,0.0045997173287691,0.317048458656941,0.3121599775075561
0,JOINT_BIN,20264505,raw,1,0.0513932761124486,0.1318928007633297,0.0195220270819601,0.000457367045713,0.0071007729752943,0.0094507686195461,0.0250242848733831,0.0513619327651337,0.0,0.0260920537744177,0.0124175760707891,0.0138152471395927,0.0359627026949664,0.0163774110890836,0.3199718766100639,0.3101793213785747
0,JOINT_BIN,20264505,quantized,pooled,0.016271455700837,0.0454865248015831,0.0060057621680242,4.978384266610353e-05,0.0071114264975512,0.0028369788274389,0.0022750497368123,0.0032480443221344,0.0,0.0117335863400525,0.0045420421327463,0.0067397756888949,0.0151509478048313,0.0035208220198173,0.3173462669893191,0.3119710563295204
0,JOINT_BIN,20264505,quantized,0,0.0183945563239978,0.0481354842041381,0.0066041482926235,5.6951312619268055e-05,0.0085670577665679,0.004324287533892,0.0024369081548759,0.0032381843836676,0.0,0.0126697119906429,0.0047749303149108,0.007624323465738,0.015980419726708,0.0044805047510718,0.3171381037189911,0.3121599775075561
0,JOINT_BIN,20264505,quantized,1,0.0516770606690117,0.1323606858664428,0.0190933265154171,0.0005212576209192,0.0065006148893048,0.0094507686195461,0.0084253914662769,0.0133664982788936,0.0,0.0260920537744177,0.0124175760707891,0.0138152471395927,0.0359627026949664,0.0159290962867295,0.3192355660287668,0.3101793213785747
0,JOINT_BIN,20264506,raw,pooled,0.0125099290589843,0.043946825538792,0.0042370912148426,1.8442812025884055e-05,0.0178557517606183,0.0010451516405637,0.0195099927902931,0.0511664303977303,0.0,0.0074411122629538,0.0043012637749295,0.003902641202112,0.0151509478048313,0.0024903809941644,0.316208147544363,0.3119710563295204
0,JOINT_BIN,20264506,raw,0,0.0151693884138833,0.0482075631997216,0.0041839079779865,2.221810874806628e-05,0.0160479058831354,0.0013070591304803,0.0198774953911347,0.0513528299883909,0.0,0.0095967216866146,0.0042541537809279,0.0035476109684514,0.015980419726708,0.0033013859233732,0.3157488090189654,0.3121599775075561
0,JOINT_BIN,20264506,raw,1,0.0511652162943527,0.1238120068053802,0.0156191081102114,8.712005179131396e-05,0.032498524970817,0.0213917634642042,0.0250419443714645,0.0516838181293597,0.0,0.0268715573093989,0.0093516171754304,0.0122802190912029,0.0359627026949664,0.0158030409010317,0.320084659449518,0.3101793213785747
0,JOINT_BIN,20264506,quantized,pooled,0.0128397204596576,0.0440626722025177,0.0044411822651641,1.923855900172705e-05,0.006314520461122,0.0010451516405637,0.0028352158424382,0.0026882802063829,0.0,0.0074411122629538,0.0043012637749295,0.003902641202112,0.0151509478048313,0.0026533978497001,0.3161529884389684,0.3119710563295204
0,JOINT_BIN,20264506,quantized,0,0.0149893135359931,0.0480511624088109,0.0039628410572105,2.6227210286156037e-05,0.0047183026276458,0.0013070591304803,0.0027359483880501,0.0026210969591619,0.0,0.0095967216866146,0.0042541537809279,0.0035476109684514,0.015980419726708,0.0031493584570268,0.3157410830687955,0.3121599775075561
0,JOINT_BIN,20264506,quantized,1,0.0505675894265174,0.1240331560550329,0.0144324004156145,0.0001510106269975,0.0188971371062178,0.0213917634642042,0.0077764287391733,0.0168114842156529,0.0,0.0268715573093989,0.0093516171754304,0.0122802190912029,0.0359627026949664,0.0139646905853207,0.3196371600739285,0.3101793213785747
0,JOINT_BIN,20264507,raw,pooled,0.0169148571540893,0.0446132997602817,0.007645525813506,2.341113457431489e-05,0.0249741443688821,0.0067093815915349,0.0207474053180283,0.0511742217391965,0.0,0.0078214326943657,0.0041044197070363,0.003432462582856,0.0151509478048313,0.0037182167622015,0.3185248780649035,0.3119710563295204
0,JOINT_BIN,20264507,raw,0,0.0185069987960057,0.0487270754859658,0.0065322331167173,1.7778608429365136e-05,0.0242005396207833,0.0040267106985291,0.0210448291056382,0.0514286101706591,0.0,0.0076916734832101,0.0032596175161345,0.0031421682310874,0.015980419726708,0.0044086888724119,0.3177419982759178,0.3121599775075561
0,JOINT_BIN,20264507,raw,1,0.0598708403624233,0.1290783512958917,0.0226953225778495,0.0006988336094428,0.0312786153139531,0.0310156376213764,0.0228756536056637,0.050374971844875,0.0,0.0392456039946024,0.0148310692302249,0.0161722974891559,0.0359627026949664,0.0239815795311175,0.3252182944442645,0.3101793213785747
0,JOINT_BIN,20264507,quantized,pooled,0.0169278506207702,0.0445220458609053,0.0072292753282745,2.420688155015788e-05,0.0134329130693858,0.0067093815915349,0.0026086504333114,0.0025471026865777,0.0,0.0078214326943657,0.0041044197070363,0.003432462582856,0.0151509478048313,0.00335995455555,0.3185715340412227,0.3119710563295204
0,JOINT_BIN,20264507,quantized,0,0.018530392721019,0.0486146289257282,0.0060080438155837,2.178770996745489e-05,0.0128709363652938,0.0040267106985291,0.0033471174302254,0.0033183684533655,0.0,0.0076916734832101,0.0032596175161345,0.0031421682310874,0.015980419726708,0.0031958776094669,0.3177986759260378,0.3121599775075561
0,JOINT_BIN,20264507,quantized,1,0.0605281585978003,0.1296088861711622,0.0221790474050242,0.0007627241846491,0.0176772274493539,0.0310156376213764,0.0059771478197749,0.010526166727213,0.0,0.0392456039946024,0.0148310692302249,0.0161722974891559,0.0359627026949664,0.0226869165362706,0.3252478955767114,0.3101793213785747
0,JOINT_BIN,20264508,raw,pooled,0.0137807670315475,0.0458618213696028,0.0043706879514316,6.800816357346276e-05,0.0265722414697862,0.008073402241348,0.021430115678158,0.051223609204911,0.0,0.0076428752434962,0.0028747304057969,0.0029881590041282,0.0151509478048313,0.0041402984847613,0.3139997513521426,0.3119710563295204
0,JOINT_BIN,20264508,raw,0,0.0153770899920799,0.0474900269068581,0.0041115945351226,7.332670988032317e-05,0.0271069502722238,0.0094759898968817,0.0222598090942031,0.0515174376937951,0.0,0.0078111996815676,0.0036483506397669,0.002734772747397,0.015980419726708,0.0041875606009365,0.3125374464997099,0.3121599775075561
0,JOINT_BIN,20264508,raw,1,0.0489557074674414,0.125695506119514,0.0168343556739097,8.251440566937873e-05,0.021754794793429,0.0033503570647358,0.0232037090773469,0.051583199208805,0.0,0.0287522717913829,0.0166844309564188,0.0208191683134965,0.0359627026949664,0.0075438153829671,0.3264720982509057,0.3101793213785747
0,JOINT_BIN,20264508,quantized,pooled,0.0140546135355417,0.0457071120305214,0.0048515953530012,6.880391054930575e-05,0.0150310101702899,0.008073402241348,0.0022033067573834,0.0040106509118805,0.0,0.0076428752434962,0.0028747304057969,0.0029881590041282,0.0151509478048313,0.004551341535638,0.3138479678963761,0.3119710563295204
0,JOINT_BIN,20264508,quantized,0,0.0155369972261497,0.0473444697704169,0.0043644356943944,7.733581141841292e-05,0.0157773470167343,0.0094759898968817,0.0024421764724219,0.0051036643763937,0.0,0.0078111996815676,0.0036483506397669,0.002734772747397,0.015980419726708,0.0043260506132497,0.3124002558204058,0.3121599775075561
0,JOINT_BIN,20264508,quantized,1,0.0500937808616882,0.1271361361111098,0.0159992226580188,1.862383046315678e-05,0.0081534069288298,0.0033503570647358,0.0074864698562578,0.0145672858557166,0.0,0.0287522717913829,0.0166844309564188,0.0208191683134965,0.0359627026949664,0.0070653790146442,0.3261785440365936,0.3101793213785747
0,JOINT_BIN,20264509,raw,pooled,0.0161277749976095,0.0468969611689869,0.0030883601860952,1.4116037259621092e-05,0.0234877765780704,0.0096823080473093,0.0208540788117985,0.0511780337412866,0.0,0.0087238807818391,0.0028081901923358,0.0036198001374917,0.0151509478048313,0.0024763752995544,0.3148623584145245,0.3119710563295204
0,JOINT_BIN,20264509,raw,0,0.0168969952369298,0.04985386688815,0.0033270371884782,1.629007236859556e-05,0.0244995583021099,0.0101624401699912,0.0209971828315769,0.0514323532612,0.0,0.0103718771065495,0.00290909114726,0.0034022508765725,0.015980419726708,0.0031476192874859,0.3154764888350121,0.3121599775075561
0,JOINT_BIN,20264509,raw,1,0.0470951369586223,0.120471302519877,0.0107067625365666,6.741386944723968e-05,0.0143083202804853,0.0057402901280933,0.027703095937395,0.0512837432069152,0.0,0.0310691302148691,0.0174800361136384,0.0143316941563147,0.0359627026949664,0.0104988808603369,0.3097681687643095,0.3101793213785747
0,JOINT_BIN,20264509,quantized,pooled,0.0164296699991825,0.0468694929424624,0.0033549767010149,1.4911784235464083e-05,0.0119465452785741,0.0096823080473093,0.0026196461371742,0.0027438309229808,0.0,0.0087238807818391,0.0028081901923358,0.0036198001374917,0.0151509478048313,0.0025318683557567,0.3147194315657413,0.3119710563295204
0,JOINT_BIN,20264509,quantized,0,0.017119025635353,0.0498199503254304,0.0031872427631999,2.0299173906685317e-05,0.0131699550466204,0.0101624401699912,0.003364905997689,0.0032945437440072,0.0,0.0103718771065495,0.00290909114726,0.0034022508765725,0.015980419726708,0.0024482418509344,0.315347220270756,0.3121599775075561
0,JOINT_BIN,20264509,quantized,1,0.0472336656945042,0.1214106273379613,0.0099197385159748,3.523294241017727e-06,0.000706932415886,0.0057402901280933,0.0111042025302888,0.0123229822515237,0.0,0.0310691302148691,0.0174800361136384,0.0143316941563147,0.0359627026949664,0.0097730820059948,0.3095192570802819,0.3101793213785747
0,JOINT_BIN,20264510,raw,pooled,0.0149912567528333,0.0453592468819195,0.0039192722467105,5.966524915242224e-05,0.0189282570939294,0.0033584995978938,0.0242858052129791,0.0522821016606975,0.0,0.0081631385654006,0.0049470514152819,0.005035783921531,0.0151509478048313,0.0048620022939642,0.3142595564043713,0.3119710563295204
0,JOINT_BIN,20264510,raw,0,0.0156532449733781,0.0476144225566118,0.00418642227441,7.005300313556021e-05,0.0207521648605906,0.0042164699599144,0.0229067428155065,0.0520061916253023,0.0,0.010742920485663,0.0039965580326853,0.0048300380291794,0.015980419726708,0.0047152686919297,0.3145337930220713,0.3121599775075561
0,JOINT_BIN,20264510,raw,1,0.0485289079534686,0.1306911401983713,0.0071801965590424,0.0001219660694363,0.0032733357591415,0.0040137728945811,0.0407907719006097,0.0614386407231327,0.0,0.0236344311689403,0.0158636982676004,0.0245941561098349,0.0359627026949664,0.0070194790040258,0.3117906423242776,0.3101793213785747
0,JOINT_BIN,20264510,quantized,pooled,0.015219239189022,0.0456832575028835,0.0044433272385182,6.046099612826523e-05,0.0073870257944331,0.0033584995978938,0.0078364916078008,0.0091166236260383,0.0,0.0081631385654006,0.0049470514152819,0.005035783921531,0.0151509478048313,0.0045589736276026,0.3141233738604392,0.3119710563295204
0,JOINT_BIN,20264510,quantized,0,0.0158077023958305,0.0474602567057767,0.0050186055902075,7.406210467364997e-05,0.009422561605101,0.0042164699599144,0.006423829612664,0.0061400616193108,0.0,0.010742920485663,0.0039965580326853,0.0048300380291794,0.015980419726708,0.0046706494337861,0.314356433376492,0.3121599775075561
0,JOINT_BIN,20264510,quantized,1,0.0490529965862684,0.1311605509200838,0.0073522369039211,0.0001858566446426,0.0103280521054576,0.0040137728945811,0.024925162941207,0.0359448109781481,0.0,0.0236344311689403,0.0158636982676004,0.0245941561098349,0.0359627026949664,0.0067384302555813,0.3120143677961552,0.3101793213785747
0,JOINT_BIN,20264511,raw,pooled,0.016154802952839,0.0468821140572904,0.0032144702811896,1.2204606472830378e-05,0.0177948407669403,0.0021913862073232,0.0193736343146155,0.0513133308749812,0.0,0.0087346968594404,0.0046760313104708,0.0043417454938832,0.0151509478048313,0.0031182859267914,0.3135280032766837,0.3119710563295204
0,JOINT_BIN,20264511,raw,0,0.0176897714854716,0.0465739978425829,0.0036824415179071,8.249795290173989e-06,0.0154526236814527,0.0037110716366576,0.0199538978845134,0.0516091893354644,0.0,0.0082655615313563,0.0055239922969777,0.0046220309959085,0.015980419726708,0.0034096357391836,0.3135254460601522,0.3121599775075561
0,JOINT_BIN,20264511,raw,1,0.0496254328011801,0.1305710114161269,0.0191237254860228,0.0007414502335322,0.0383016272045779,0.0110539540100592,0.028974470874055,0.0512537504271398,0.0,0.0292269446146699,0.00857083851198,0.0101521573233712,0.0359627026949664,0.0174437159692833,0.3132079489005142,0.3101793213785747
0,JOINT_BIN,20264511,quantized,pooled,0.0163622444127968,0.0470394531714813,0.0030622976311756,1.3000353448673367e-05,0.006253609467444,0.0021913862073232,0.0024092861512542,0.0052193974992698,0.0,0.0087346968594404,0.0046760313104708,0.0043417454938832,0.0151509478048313,0.0033136883855735,0.3134182545857366,0.3119710563295204
0,JOINT_BIN,20264511,quantized,0,0.0175647070291218,0.0466024884358772,0.0035804710682146,1.2258896828263742e-05,0.0041230204259632,0.0037110716366576,0.0034008649190252,0.0060514797415283,0.0,0.0082655615313563,0.0055239922969777,0.0046220309959085,0.015980419726708,0.0032702986170784,0.3135299090431063,0.3121599775075561
0,JOINT_BIN,20264511,quantized,1,0.050672718882526,0.1315521177351926,0.0191364853594424,0.0008053408087385,0.0247002393399787,0.0110539540100592,0.0125089019119858,0.0113135557176914,0.0,0.0292269446146699,0.00857083851198,0.0101521573233712,0.0359627026949664,0.0180782698276111,0.3121345241366733,0.3101793213785747
0,JOINT_BIN,20264512,raw,pooled,0.0163732565499061,0.0453672550348757,0.0051663167367754,3.612534820816908e-06,0.0197405667293225,0.0035412998101955,0.0224199619465516,0.0519719421754989,0.0,0.0099578710800574,0.0026628562024765,0.0038108384770884,0.0151509478048313,0.0014575533929501,0.3171373730662958,0.3119710563295204
0,JOINT_BIN,20264512,raw,0,0.0178003202490209,0.0494003487533569,0.0054877374929995,2.791655199350755e-06,0.0180944442993559,0.0043330559051573,0.0219215537035029,0.0521042779425934,0.0,0.0132692356161257,0.0030936376922831,0.0044703447553764,0.015980419726708,0.0024636198332894,0.3176477150005556,0.3121599775075561
0,JOINT_BIN,20264512,raw,1,0.0516848290066744,0.1326456524646644,0.0113140640554799,4.064887322378301e-05,0.0335004510933615,0.0029848004417552,0.0273691176579513,0.0529689739380063,0.0,0.0310367269502402,0.0063496897312404,0.0074281371829352,0.0359627026949664,0.0118305687613278,0.312922007075008,0.3101793213785747
0,JOINT_BIN,20264512,quantized,pooled,0.0163917697702542,0.0454473769567807,0.0052156530266326,2.816787844973916e-06,0.0081993354298262,0.0035412998101955,0.0058752715713393,0.0092130289756634,0.0,0.0099578710800574,0.0026628562024765,0.0038108384770884,0.0151509478048313,0.0013417465945044,0.3171867093561529,0.3119710563295204
0,JOINT_BIN,20264512,quantized,0,0.0178598827484463,0.0494610286914547,0.0055664631755837,1.217446338738998e-06,0.0067648410438663,0.0043330559051573,0.0052771451844898,0.009367385711445,0.0,0.0132692356161257,0.0030936376922831,0.0044703447553764,0.015980419726708,0.0019026973308699,0.3177264406831397,0.3121599775075561
0,JOINT_BIN,20264512,quantized,1,0.0524507101621071,0.1315551918464205,0.0093469997447956,2.324170198243895e-05,0.0198990632287623,0.0029848004417552,0.0109394395493459,0.0175332586966005,0.0,0.0310367269502402,0.0063496897312404,0.0074281371829352,0.0359627026949664,0.0098917287181129,0.3127021615541641,0.3101793213785747
0,JOINT_BIN,20264513,raw,pooled,0.0175954803578806,0.0444000411474167,0.0047592600732575,1.6864534812942094e-05,0.0189762014930484,0.0053445758184491,0.0207260706192742,0.0512630676037507,0.0,0.0095438366913826,0.0031302638823504,0.0038772902606862,0.0151509478048313,0.0015581207032286,0.3167303164027779,0.3119710563295204
0,JOINT_BIN,20264513,raw,0,0.0180430984447246,0.0485583262324362,0.0046701796508969,1.391748210040366e-05,0.0201127438783956,0.0035125115681314,0.0215451149832826,0.0518657843222925,0.0,0.0100509722230975,0.0040450655731694,0.0043819597396763,0.015980419726708,0.0015030970012665,0.316830157158453,0.3121599775075561
0,JOINT_BIN,20264513,raw,1,0.0486228015133291,0.1303723713968365,0.0105373054186773,0.0001383353234002,0.0086880271012171,0.0208918538676023,0.032190637181922,0.0587156763441367,0.0,0.0268898341507907,0.0089712288513067,0.0124521148760512,0.0359627026949664,0.0108234374328743,0.316138221688006,0.3101793213785747
0,JOINT_BIN,20264513,quantized,pooled,0.0176690972443579,0.0445931753041667,0.0047202236907601,1.7660281788785086e-05,0.0074349701935522,0.0053445758184491,0.0021947888038543,0.0040492240152525,0.0,0.0095438366913826,0.0031302638823504,0.0038772902606862,0.0151509478048313,0.002391587374813,0.3166912800202805,0.3119710563295204
0,JOINT_BIN,20264513,quantized,0,0.0179228683386266,0.0481492017467251,0.0046284145149693,1.7926583638493414e-05,0.008783140622906,0.0035125115681314,0.0039192263737408,0.0079291338719772,0.0,0.0100509722230975,0.0040450655731694,0.0043819597396763,0.015980419726708,0.0022882102733058,0.3167883920225254,0.3121599775075561
0,JOINT_BIN,20264513,quantized,1,0.0478908784355249,0.1300918487279596,0.0092938308987519,0.0002022258986064,0.004913360763382,0.0208918538676023,0.0149251215496308,0.0337974980562777,0.0,0.0268898341507907,0.0089712288513067,0.0124521148760512,0.0359627026949664,0.0104022526619786,0.3161035490591591,0.3101793213785747
0,JOINT_BIN,20264514,raw,pooled,0.015218698731992,0.0446983170389223,0.0064679050587089,8.500113035641064e-05,0.0163327565884999,0.0093151062920387,0.0200646949578985,0.0515197055103637,0.0,0.0094670188501172,0.0044297969603092,0.0043211394708604,0.0151509478048313,0.0059097621778677,0.3087173318316414,0.3119710563295204
0,JOINT_BIN,20264514,raw,0,0.0170380860295817,0.0480396146775896,0.0073829164493619,9.900416669554196e-05,0.013920094803329,0.0121371383681283,0.0198812044126096,0.051822139067825,0.0,0.0104257976408998,0.0049150733057388,0.00576877559418,0.015980419726708,0.0065590150598446,0.3080941970466954,0.3121599775075561
0,JOINT_BIN,20264514,raw,1,0.0520994249942716,0.1226088677157102,0.0210926286035514,0.0007624095097424,0.0381862006934611,0.015652325113304,0.0234597649917021,0.0505249761003781,0.0,0.0272127166812056,0.019898354759242,0.0154822774286,0.0359627026949664,0.0201645244617814,0.3143893274961107,0.3101793213785747
0,JOINT_BIN,20264514,quantized,pooled,0.015041895132492,0.0444479456425965,0.0065999244657586,8.579687733225363e-05,0.0047915252890036,0.0093151062920387,0.0035004254036186,0.0059694091461144,0.0,0.0094670188501172,0.0044297969603092,0.0043211394708604,0.0151509478048313,0.0058528635255327,0.3086929384999325,0.3119710563295204
0,JOINT_BIN,20264514,quantized,0,0.0166324543754061,0.0477001321464357,0.0077329077298795,0.0001030132682336,0.0025904915478394,0.0121371383681283,0.0039185857093542,0.0070499830501909,0.0,0.0104257976408998,0.0049150733057388,0.00576877559418,0.015980419726708,0.0067723810072019,0.3079562695945704,0.3121599775075561
0,JOINT_BIN,20264514,quantized,1,0.0533058222491411,0.1236884340728474,0.0200758086247477,0.0008263000849487,0.0245848128288618,0.015652325113304,0.0070285619302939,0.011183001766678,0.0,0.0272127166812056,0.019898354759242,0.0154822774286,0.0359627026949664,0.0188478259205581,0.3152358595464442,0.3101793213785747
0,JOINT_BIN,20264515,raw,pooled,0.0158717971575808,0.0450886692019133,0.0029642198917071,1.9510431430309644e-05,0.0174208247489957,0.000101253982816,0.0201595624766457,0.0516415360526052,0.0,0.0108313067750346,0.0050663125026308,0.0044259886532187,0.0151509478048313,0.0030227033607402,0.3116725733290884,0.3119710563295204
0,JOINT_BIN,20264515,raw,0,0.0172969129980649,0.0462739197271284,0.0034760000178607,2.1287418714924757e-05,0.0188417085010582,0.0007882971314123,0.0212476615080088,0.0519147039556688,0.0,0.0101852734178353,0.0048971892241776,0.0042065083312431,0.015980419726708,0.0031815369193414,0.3136550976012869,0.3121599775075561
0,JOINT_BIN,20264515,raw,1,0.0497514032450975,0.128655902086706,0.0154228512016269,8.06247719982255e-05,0.0052554557125101,0.0054384966085949,0.0282097478904456,0.0531890828500648,0.0,0.0351768690695587,0.0098926966891914,0.0131499639654857,0.0359627026949664,0.0068622540530924,0.2947564701769478,0.3101793213785747
0,JOINT_BIN,20264515,quantized,pooled,0.0160827838719902,0.0453127456671351,0.0029049390344985,2.030617840615264e-05,0.0058795934494994,0.000101253982816,0.0047085257311554,0.0073291271803356,0.0,0.0108313067750346,0.0050663125026308,0.0044259886532187,0.0151509478048313,0.0029736265883277,0.3115361881568113,0.3119710563295204
0,JOINT_BIN,20264515,quantized,0,0.0174541378423294,0.0462502416133821,0.0032567687593103,2.5296520253014507e-05,0.0075121052455686,0.0007882971314123,0.0057770774073552,0.0071552165220123,0.0,0.0101852734178353,0.0048971892241776,0.0042065083312431,0.015980419726708,0.0030428487968062,0.3135123767728181,0.3121599775075561
0,JOINT_BIN,20264515,quantized,1,0.0502673035833084,0.1278976292843994,0.0155515927759539,1.6734196792003543e-05,0.008345932152089,0.0054384966085949,0.0114501625817538,0.0207165335298875,0.0,0.0351768690695587,0.0098926966891914,0.0131499639654857,0.0359627026949664,0.0055186101359104,0.2946277286026208,0.3101793213785747
0,JOINT_BIN,20264516,raw,pooled,0.0170017035235494,0.0448938332825495,0.0042581304978341,4.344098153543871e-05,0.0270840398841595,0.0072258841801164,0.0205296386696132,0.0512371214376495,0.0,0.0101374460179478,0.0036597816155238,0.0036940393780327,0.0151509478048313,0.0040703532804585,0.3129069432176163,0.3119710563295204
0,JOINT_BIN,20264516,raw,0,0.0175423742393807,0.0479494375793613,0.0046342591229128,5.972255320573592e-05,0.0278267620463512,0.00690586378325,0.0201157267614415,0.0514954541309995,0.0,0.0087600220008596,0.004736782291759,0.0043915363744321,0.015980419726708,0.0045512016335234,0.31257570326802,0.3121599775075561
0,JOINT_BIN,20264516,raw,1,0.0589776997857049,0.1277220133327399,0.0120111569372977,8.668657200872293e-05,0.0199506516929605,0.0096779706189256,0.0280238125737151,0.054440711518091,0.0,0.0465419641028833,0.0105943423799947,0.0093584526849352,0.0359627026949664,0.0109056108813476,0.3156982220059647,0.3101793213785747
0,JOINT_BIN,20264516,quantized,pooled,0.0170358131617369,0.0446395612573589,0.0043574205797182,4.42367285112817e-05,0.0155428085846632,0.0072258841801164,0.0042265694451534,0.0032875976150081,0.0,0.0101374460179478,0.0036597816155238,0.0036940393780327,0.0151509478048313,0.0038453868454842,0.312921741298392,0.3119710563295204
0,JOINT_BIN,20264516,quantized,0,0.0174761588541496,0.0476563476942256,0.004523316269604,6.373165474382567e-05,0.0164971587908616,0.00690586378325,0.0036605553647293,0.0040732427620269,0.0,0.0087600220008596,0.004736782291759,0.0043915363744321,0.015980419726708,0.0045042173588639,0.3126304488449412,0.3121599775075561
0,JOINT_BIN,20264516,quantized,1,0.0585938302272205,0.1274017207752389,0.0105012027124793,2.279599680250097e-05,0.0063492638283613,0.0096779706189256,0.0119606813794113,0.0219116769116096,0.0,0.0465419641028833,0.0105943423799947,0.0093584526849352,0.0359627026949664,0.0096522838773936,0.3153792525525722,0.3101793213785747
0,JOINT_BIN,20264517,raw,pooled,0.0156336906494921,0.0449719873560457,0.0069728099312422,2.1751783049735096e-05,0.0235846907999616,0.0034164185770681,0.0207930359425846,0.0513029602143685,0.0,0.0103025807112829,0.0029511252594355,0.0029880685787638,0.0151509478048313,0.0036959338251278,0.3185772252412516,0.3119710563295204
0,JOINT_BIN,20264517,raw,0,0.0175171003949997,0.0490390446086655,0.0075822819814751,2.492180425815087e-05,0.0221716469398896,0.0034406544671738,0.020687482050178,0.0513919526300402,0.0,0.0085018912107602,0.003568544073142,0.0032902056293825,0.015980419726708,0.0037317456896096,0.3197422594890312,0.3121599775075561
0,JOINT_BIN,20264517,raw,1,0.0422757300505599,0.1225920718600835,0.0258811965218602,0.0009235040134087,0.0353704148336938,0.003413339066459,0.0374009243610338,0.0533379769492261,0.0,0.0257227665687318,0.0110075340090514,0.0086523658715407,0.0359627026949664,0.0254248961784543,0.3079150271505127,0.3101793213785747
0,JOINT_BIN,20264517,quantized,pooled,0.0157451315269501,0.0446853271229981,0.007365528942453,2.2547530025578087e-05,0.0120434595004653,0.0034164185770681,0.0043759123364318,0.0038676282248439,0.0,0.0103025807112829,0.0029511252594355,0.0029880685787638,0.0151509478048313,0.0035361198857641,0.3186615477967677,0.3119710563295204
0,JOINT_BIN,20264517,quantized,0,0.017458058753358,0.04842332430297,0.0076880804646962,2.893090579624062e-05,0.0108420436844,0.0034406544671738,0.0034069507283472,0.0033472813550877,0.0,0.0085018912107602,0.003568544073142,0.0032902056293825,0.015980419726708,0.003653677918875,0.3198480579722522,0.3121599775075561
0,JOINT_BIN,20264517,quantized,1,0.0422487803350709,0.1224293233031555,0.0246171382895291,0.0009873945886149,0.0217690269690946,0.003413339066459,0.0202020709512611,0.0146448027434532,0.0,0.0257227665687318,0.0110075340090514,0.0086523658715407,0.0359627026949664,0.0241185668763683,0.3079353760533947,0.3101793213785747
0,JOINT_BIN,20264518,raw,pooled,0.0151072633298385,0.0434750754000355,0.0077638846900371,0.0001769761575446,0.0257619795338547,0.0067170135327879,0.0211740992931093,0.0516206792803315,0.0,0.0099868698960956,0.0044771865210672,0.0046586310864316,0.0151509478048313,0.0079426871473109,0.3128565442930531,0.3119710563295204
0,JOINT_BIN,20264518,raw,0,0.0162343094192675,0.0474163931179579,0.0079183931637374,0.0001909541404927,0.0246290763240366,0.0050330976270141,0.021211591064853,0.0518454859687673,0.0,0.0104850055572783,0.0048838583795679,0.0044951437662457,0.015980419726708,0.0079845695056566,0.3124889170702993,0.3121599775075561
0,JOINT_BIN,20264518,raw,1,0.0509887150745468,0.1349411002585272,0.0190125786285693,0.0001983356877109,0.0357106920088345,0.0209974975770593,0.0307134072325461,0.0517326689727935,0.0,0.0361336654667958,0.014672953300045,0.0140393707096215,0.0359627026949664,0.0178397155077871,0.3160342696896741,0.3101793213785747
0,JOINT_BIN,20264518,quantized,pooled,0.0154570487160196,0.0434110677713723,0.0081533019574842,0.0001777719045204,0.0142207482343584,0.0067170135327879,0.0038588087583698,0.0073342053285436,0.0,0.0099868698960956,0.0044771865210672,0.0046586310864316,0.0151509478048313,0.0080501051776887,0.3126396023055405,0.3119710563295204
0,JOINT_BIN,20264518,quantized,0,0.0161739359955303,0.0469956423247108,0.0081183222923693,0.0001949632420308,0.013299473068547,0.0050330976270141,0.0043950484499678,0.0073223405867093,0.0,0.0104850055572783,0.0048838583795679,0.0044951437662457,0.015980419726708,0.0081552981728725,0.3123223304030315,0.3121599775075561
0,JOINT_BIN,20264518,quantized,1,0.0514778642418662,0.1348261603416404,0.0176123734811902,0.0002622262629171,0.0221093041442353,0.0209974975770593,0.0157810693884024,0.0132295961981819,0.0,0.0361336654667958,0.014672953300045,0.0140393707096215,0.0359627026949664,0.0167502801653848,0.3154599509540733,0.3101793213785747
0,JOINT_BIN,20264519,raw,pooled,0.01617176379248,0.0457393458065946,0.0055659474579087,1.998632469043675e-05,0.0200123016619462,0.0020717611331014,0.0216007932681904,0.0512334076741641,0.0,0.0072181979081981,0.0055845726119318,0.0068627640871422,0.0151509478048313,0.0034570184143701,0.317537003787429,0.3119710563295204
0,JOINT_BIN,20264519,raw,0,0.0165611883817048,0.0481517520671837,0.0063634348706238,1.0149581618744756e-05,0.0209849630921092,0.0029853316805459,0.0220215777238963,0.0516113442391144,0.0,0.0081891295721212,0.0041128569139115,0.0056436401257634,0.015980419726708,0.0027530402365294,0.3185234123781798,0.3121599775075561
0,JOINT_BIN,20264519,raw,1,0.0526541372842461,0.1294525118225287,0.0138654379975427,0.0001777874992455,0.0111782759321105,0.0059060639430662,0.0320435200834105,0.0544585527929461,0.0,0.0347731783977235,0.0208307236954123,0.0243815467123259,0.0359627026949664,0.0140264039979977,0.309402656543314,0.3101793213785747
0,JOINT_BIN,20264519,quantized,pooled,0.0165059661930406,0.045939616359428,0.0057743277575886,2.078207166627974e-05,0.0084710703624499,0.0020717611331014,0.003452096316996,0.0039424860456227,0.0,0.0072181979081981,0.0055845726119318,0.0068627640871422,0.0151509478048313,0.0036652724964544,0.3177163615490159,0.3119710563295204
0,JOINT_BIN,20264519,quantized,0,0.016673696208623,0.0482116464773624,0.0065036444896793,1.415868315683451e-05,0.0096553598366197,0.0029853316805459,0.0047301889324299,0.0059456301185936,0.0,0.0081891295721212,0.0041128569139115,0.0056436401257634,0.015980419726708,0.0030363360771113,0.3186636219972354,0.3121599775075561
0,JOINT_BIN,20264519,quantized,1,0.0526234949662154,0.1298173157652343,0.0136074661260324,0.0002416780744518,0.0024231119324886,0.0059060639430662,0.0170445200167483,0.0219087016574594,0.0,0.0347731783977235,0.0208307236954123,0.0243815467123259,0.0359627026949664,0.0136648910727832,0.3099365962091726,0.3101793213785747
0,JOINT_BIN,20264520,raw,pooled,0.0168851004883109,0.0462147848670352,0.0029848690452988,2.121816714202758e-05,0.0113690771968903,0.0004354244376161,0.0215154544731742,0.0515377478685238,0.0,0.0102585883788877,0.0049701114651115,0.0063329210409824,0.0151509478048313,0.0030467755005184,0.3128278595077592,0.3119710563295204
0,JOINT_BIN,20264520,raw,0,0.0173591193104721,0.0497458326624297,0.0032544000488199,1.4922586476671649e-05,0.0086974064454858,0.0006341431439977,0.0225493957600462,0.0518921229828005,0.0,0.0088808619729721,0.0049104033743134,0.0063828680943159,0.015980419726708,0.0031796204567546,0.3137774867046613,0.3121599775075561
0,JOINT_BIN,20264520,raw,1,0.0544528145625304,0.1166295977326328,0.0161419685186183,0.0010632803569272,0.0341544567454571,0.0011764288299189,0.0239206683606714,0.0499641223840103,0.0,0.0283496562278649,0.0108280409251232,0.0096776900597092,0.0359627026949664,0.0151387107452093,0.3048819367045486,0.3101793213785747
0,JOINT_BIN,20264520,quantized,pooled,0.0172841535987242,0.0467028428900265,0.0035784337811192,2.201391411787057e-05,0.0001721541026059,0.0004354244376161,0.0053762013762842,0.0059991034517205,0.0,0.0102585883788877,0.0049701114651115,0.0063329210409824,0.0151509478048313,0.0033541873848164,0.3129485627735162,0.3119710563295204
0,JOINT_BIN,20264520,quantized,0,0.0174576695132914,0.0500125856487889,0.0032255961793871,1.89316880147614e-05,0.0026321968100037,0.0006341431439977,0.0062905647222472,0.0070137859351173,0.0,0.0088808619729721,0.0049104033743134,0.0063828680943159,0.015980419726708,0.0033481422730989,0.3138308321620617,0.3121599775075561
0,JOINT_BIN,20264520,quantized,1,0.0538938916416382,0.1174771577528045,0.0158591942257108,0.0011271709321334,0.0205530688808578,0.0011764288299189,0.0056125343277768,0.0068446421857354,0.0,0.0283496562278649,0.0108280409251232,0.0096776900597092,0.0359627026949664,0.0157924776756436,0.305448937619823,0.3101793213785747
0,JOINT_BIN,20264521,raw,pooled,0.0156787204470313,0.0446909746532038,0.0061853190769496,8.176167217388233e-05,0.0139192073625226,0.0025914567766082,0.0207260706192742,0.051171196568825,0.0,0.0086471741678855,0.0050444780706598,0.0050499013069464,0.0151509478048313,0.0052202840334015,0.3169490934704733,0.3119710563295204
0,JOINT_BIN,20264521,raw,0,0.0167185823432596,0.0472919394318237,0.0041422162785273,6.73451781271122e-05,0.0123778663398628,0.0006287331652465,0.0213783530240678,0.0514067963381069,0.0,0.0093082612493707,0.0046422952835646,0.0048744143630034,0.015980419726708,0.0051309513859476,0.3161312278085179,0.3121599775075561
0,JOINT_BIN,20264521,raw,1,0.0496177396356075,0.1335189547959781,0.027957274970805,0.000857930271416,0.0256095688874771,0.0296062251294155,0.0303952911853807,0.0554450430580348,0.0,0.0348508362217493,0.0182339370691597,0.0213438615892509,0.0359627026949664,0.0195403300214004,0.3239981449734109,0.3101793213785747
0,JOINT_BIN,20264521,quantized,pooled,0.0154859809853753,0.0445892315155315,0.0068260596530657,8.255741914972532e-05,0.0023779760630263,0.0025914567766082,0.0024814822205334,0.0026584561135739,0.0,0.0086471741678855,0.0050444780706598,0.0050499013069464,0.0151509478048313,0.0049578547615764,0.3173083378856635,0.3119710563295204
0,JOINT_BIN,20264521,quantized,0,0.0166379869726272,0.0469676542383265,0.0044679857667635,7.135427966520195e-05,0.0010482630843732,0.0006287331652465,0.0026078818210043,0.0039836201380929,0.0,0.0093082612493707,0.0046422952835646,0.0048744143630034,0.015980419726708,0.0051592504699977,0.3164840068063694,0.3121599775075561
0,JOINT_BIN,20264521,quantized,1,0.050166546290105,0.133270268744223,0.0270455775306603,0.0009218208466223,0.0120081810228778,0.0296062251294155,0.0143296955584224,0.0270969375039989,0.0,0.0348508362217493,0.0182339370691597,0.0213438615892509,0.0359627026949664,0.0181509545966878,0.3244787789535958,0.3101793213785747
0,JOINT_BIN,20264522,raw,pooled,0.0152778127353418,0.0458395072171884,0.0035864025330733,1.7071262648725915e-05,0.016937454157829,0.0028303452348985,0.0213376354274302,0.052178029180939,0.0,0.0052657155460223,0.0036022244087267,0.0039187180303334,0.0151509478048313,0.0021125735934449,0.3155574588625937,0.3119710563295204
0,JOINT_BIN,20264522,raw,0,0.0148851700931191,0.0477081341827325,0.0040147473384635,3.0907704528831075e-05,0.0167184950748222,0.0051342131197121,0.0224295633881247,0.0527122692354349,0.0,0.0070543406944181,0.0034705863652703,0.0041158310087726,0.015980419726708,0.0034345596068397,0.316071425900329,0.3121599775075561
0,JOINT_BIN,20264522,raw,1,0.0533529171473621,0.1242056979175807,0.0159936312139455,0.0003436326418841,0.0182284657904425,0.0174686162844801,0.025611527858927,0.0502027207564762,0.0,0.0325536797832381,0.0097862609657923,0.0081545577332887,0.0359627026949664,0.0158145143716204,0.3110734750397125,0.3101793213785747
0,JOINT_BIN,20264522,quantized,pooled,0.0153175178316682,0.0457820193294921,0.0037446395225537,1.7867009624568907e-05,0.0053962228583327,0.0028303452348985,0.0051628543887436,0.0098943594682049,0.0,0.0052657155460223,0.0036022244087267,0.0039187180303334,0.0151509478048313,0.00244621625385,0.3156922003902412,0.3119710563295204
0,JOINT_BIN,20264522,quantized,0,0.0149379066251464,0.047486791164859,0.0044656997101565,3.491680606692083e-05,0.0053888918193326,0.0051342131197121,0.0064806766042856,0.0114001142959728,0.0,0.0070543406944181,0.0034705863652703,0.0041158310087726,0.015980419726708,0.0034969189649133,0.3162857770215693,0.3121599775075561
0,JOINT_BIN,20264522,quantized,1,0.0535249162495418,0.1247540149239467,0.0146369267779026,0.0004075232170904,0.0046270779258433,0.0174686162844801,0.007918004268125,0.008767029055283,0.0,0.0325536797832381,0.0097862609657923,0.0081545577332887,0.0359627026949664,0.014580083881492,0.3105275044284137,0.3101793213785747
0,JOINT_BIN,20264523,raw,pooled,0.0179559388655027,0.0477077088300192,0.0136117618045302,1.0791386218734308e-05,0.0025469128969765,0.0022538514692677,0.0238094430944157,0.0525674129130308,0.0,0.0137678961319355,0.002725767266797,0.0031085233649681,0.0151509478048313,0.0026792339460497,0.3255828181340506,0.3119710563295204
0,JOINT_BIN,20264523,raw,0,0.0167056623849638,0.0498025183220857,0.0121187563410844,1.5563883959619816e-06,0.0032890566952277,0.0023654217283297,0.0232490749482756,0.052310014840044,0.0,0.0117450205203389,0.003376277089371,0.0034534357231289,0.015980419726708,0.0029524433510205,0.3242787338486406,0.3121599775075561
0,JOINT_BIN,20264523,raw,1,0.0520239352711979,0.1265395304479029,0.0264650157654211,5.108792678656688e-05,0.0045995621004528,0.0014630204979526,0.0321622621672716,0.0637665155910075,0.0,0.0345172276106817,0.0151518515490436,0.0140718653419821,0.0359627026949664,0.0076136856529851,0.336644337143996,0.3101793213785747
0,JOINT_BIN,20264523,quantized,pooled,0.0181435644411989,0.0475417838455955,0.0135844641813413,1.1587133194577298e-05,0.0089943184025197,0.0022538514692677,0.0079896161714611,0.0102047262593885,0.0,0.0137678961319355,0.002725767266797,0.0031085233649681,0.0151509478048313,0.0020191278935552,0.3255555205108618,0.3119710563295204
0,JOINT_BIN,20264523,quantized,0,0.0164343941257046,0.0495462411704286,0.0121148173586185,5.565489934051735e-06,0.0080405465602618,0.0023654217283297,0.0074340752997201,0.0082942991359366,0.0,0.0117450205203389,0.003376277089371,0.0034534357231289,0.015980419726708,0.001741809807832,0.3242747948661746,0.3121599775075561
0,JOINT_BIN,20264523,quantized,1,0.0525162613976279,0.1271069616709299,0.0262417481972056,0.0001149785019927,0.018200949965052,0.0014630204979526,0.0161289628621708,0.0423950584736427,0.0,0.0345172276106817,0.0151518515490436,0.0140718653419821,0.0359627026949664,0.0079472851891701,0.3364210695757804,0.3101793213785747
0,JOINT_BIN,20264524,raw,pooled,0.0141691961740819,0.0438674558278317,0.0048876084671653,2.924025142264598e-05,0.0116270324858305,0.0032039047582453,0.0220701566407796,0.0513406031627626,0.0,0.0078493769060942,0.0030022267981834,0.0036944262442897,0.0151509478048313,0.0046805584038934,0.3130029996190412,0.3119710563295204
0,JOINT_BIN,20264524,raw,0,0.0169401340633684,0.0488428973020791,0.0063478235828107,6.839258140849157e-05,0.0111667072154549,0.0036049212561448,0.0224742173274793,0.0516021132418105,0.0,0.0077275749455537,0.0032041642713613,0.0042077248340995,0.015980419726708,0.0060708907441171,0.3135461031394495,0.3121599775075561
0,JOINT_BIN,20264524,raw,1,0.0526340714054494,0.1266627768422481,0.0143354311203411,0.0003788376383434,0.0153366644732851,5.425745741495991e-05,0.0225832302900939,0.049796726739783,0.0,0.028212017360749,0.0073877443152398,0.0086710897548593,0.0359627026949664,0.0138598920134085,0.3083213742154435,0.3101793213785747
0,JOINT_BIN,20264524,quantized,pooled,0.01391212490032,0.0436801872819799,0.0048363647341102,3.003599839848897e-05,8.580118633422229e-05,0.0032039047582453,0.0030958304111886,0.0052541921818864,0.0,0.0078493769060942,0.0030022267981834,0.0036944262442897,0.0151509478048313,0.0045599671559319,0.3131866074471535,0.3119710563295204
0,JOINT_BIN,20264524,quantized,0,0.0165220836431236,0.0486840844168363,0.0064010969793648,7.240168294658133e-05,0.0001628960400346,0.0036049212561448,0.0041489382138175,0.0058559590987265,0.0,0.0077275749455537,0.0032041642713613,0.0042077248340995,0.015980419726708,0.0060308612091028,0.3137951893241204,0.3121599775075561
0,JOINT_BIN,20264524,quantized,1,0.0524951331620389,0.1252497497586822,0.0135649074852418,0.0004427282135497,0.0017352766086859,5.425745741495991e-05,0.0079842035585427,0.0069439770995179,0.0,0.028212017360749,0.0073877443152398,0.0086710897548593,0.0359627026949664,0.0122582730987938,0.3079332382524107,0.3101793213785747
0,JOINT_BIN,20264525,raw,pooled,0.0178161282315053,0.0463443569649066,0.0082621959487482,0.0001311855077496,0.0160874767412218,0.004957991713589,0.0207900747155364,0.05124258900074,0.0,0.0110606904988524,0.0066678342088388,0.0089847484362926,0.0151509478048313,0.0075763007871996,0.3085866426266399,0.3119710563295204
0,JOINT_BIN,20264525,raw,0,0.0191768469559405,0.0478699746908959,0.0077023329819399,0.0001232330773995,0.0197311647069221,0.0049790363027001,0.021211591064853,0.0514628465185515,0.0,0.0132907293852489,0.0056551344385452,0.0075447042426362,0.015980419726708,0.0074582617686599,0.3084404430286139,0.3121599775075561
0,JOINT_BIN,20264525,raw,1,0.0537746417040517,0.1242814759061065,0.0144981083321611,0.0003016951610863,0.0155634579671463,0.0058099872765982,0.0342047458274023,0.0527747352839052,0.0,0.0301960922562948,0.0206847589894682,0.023435289290175,0.0359627026949664,0.0145758291543936,0.3097689412116234,0.3101793213785747
0,JOINT_BIN,20264525,quantized,pooled,0.0178058371668781,0.0462804683114776,0.0083447488336839,0.0001319812547254,0.0045462454417255,0.004957991713589,0.0033254412895184,0.0037445079808742,0.0,0.0110606904988524,0.0066678342088388,0.0089847484362926,0.0151509478048313,0.0075671823804937,0.3085590797200599,0.3119710563295204
0,JOINT_BIN,20264525,quantized,0,0.0193733987847385,0.0479303033742561,0.0079129953929405,0.0001272421789376,0.0084015614514325,0.0049790363027001,0.0026562464563356,0.0041658302520205,0.0,0.0132907293852489,0.0056551344385452,0.0075447042426362,0.015980419726708,0.0071635284036987,0.3084201136807722,0.3121599775075561
0,JOINT_BIN,20264525,quantized,1,0.0536343150159749,0.1250346028097352,0.0144818753610573,0.0003655857362925,0.0291648458317455,0.0058099872765982,0.0178615134808006,0.0143336223925965,0.0,0.0301960922562948,0.0206847589894682,0.023435289290175,0.0359627026949664,0.0145555185048967,0.3097066124351707,0.3101793213785747
0,JOINT_BIN,20264526,raw,pooled,0.0181366938388611,0.0457726202537391,0.0059752470998972,2.5794181630123177e-06,0.0237937414999572,0.0004775356179652,0.0216876294302028,0.0516382348679873,0.0,0.0113010564561884,0.004710224180403,0.0050086253005254,0.0151509478048313,0.0020098625397001,0.3179463034294176,0.3119710563295204
0,JOINT_BIN,20264526,raw,0,0.0186166747634391,0.0490564240271346,0.0055583485022045,2.2736554210146858e-06,0.0206381881616719,0.0002957981772007,0.0218010187106285,0.0519582091018761,0.0,0.0119502885599888,0.0059274009422545,0.0053690176777398,0.015980419726708,0.0018890146298681,0.3177183260097605,0.3121599775075561
0,JOINT_BIN,20264526,raw,1,0.0522453723657591,0.1291630623531968,0.00968849949225,3.304804474752685e-05,0.0494022349471179,0.0080041731519949,0.0290950783019694,0.0525914931096547,0.0,0.0324533446744759,0.0262153661981444,0.0229514458598279,0.0359627026949664,0.0036885254943643,0.3198678208708247,0.3101793213785747
0,JOINT_BIN,20264526,quantized,pooled,0.0182563400802773,0.0460381578707458,0.0059193256463147,3.375165138855309e-06,0.0122525102004609,0.0004775356179652,0.0052255989223533,0.0066655691696399,0.0,0.0113010564561884,0.004710224180403,0.0050086253005254,0.0151509478048313,0.0014558943275609,0.3178903819758351,0.3119710563295204
0,JOINT_BIN,20264526,quantized,0,0.0186371311985304,0.0485989898306955,0.0054952367211891,1.7354461170750673e-06,0.0093085849061824,0.0002957981772007,0.0053604479648634,0.0069230147198197,0.0,0.0119502885599888,0.0059274009422545,0.0053690176777398,0.015980419726708,0.0012327501727582,0.3176552142287452,0.3121599775075561
0,JOINT_BIN,20264526,quantized,1,0.0526743406331372,0.1305608676700113,0.0096809506798532,3.0842530458695104e-05,0.0358008470825187,0.0080041731519949,0.0104963182193082,0.0201503357538831,0.0,0.0324533446744759,0.0262153661981444,0.0229514458598279,0.0359627026949664,0.0046432988439745,0.319860272058428,0.3101793213785747
0,JOINT_BIN,20264527,raw,pooled,0.0143942931228828,0.0434139404361202,0.0060693728845635,5.613781278266208e-05,0.0167633995412866,0.0119817685034911,0.0233738294894443,0.0528253454948784,0.0,0.0073846902473317,0.0045350502568837,0.0040696150071808,0.0151509478048313,0.0056732441244159,0.3139594884330974,0.3119710563295204
0,JOINT_BIN,20264527,raw,0,0.0144603895540423,0.0464132751889086,0.0081069662173016,8.061036597091238e-05,0.0197722888650763,0.0130307997606614,0.0245144718415711,0.0535008116768271,0.0,0.008786221524613,0.0047195196582396,0.0046421444138466,0.015980419726708,0.0073132583457258,0.316124058771654,0.3121599775075561
0,JOINT_BIN,20264527,raw,1,0.0552817311593046,0.1314173321340592,0.018681506070888,2.661600790231848e-05,0.011253949239797,0.0031686838462681,0.0254427074142769,0.0502932565421025,0.0,0.0286961161337005,0.0151095972919271,0.0115930791677078,0.0359627026949664,0.0144726081335777,0.2954111059879912,0.3101793213785747
0,JOINT_BIN,20264527,quantized,pooled,0.0142484701325038,0.0434657870600629,0.0051919345558133,5.693355975850507e-05,0.0052221682417903,0.0119817685034911,0.0075094934071405,0.0121862116010722,0.0,0.0073846902473317,0.0045350502568837,0.0040696150071808,0.0151509478048313,0.004716591968597,0.314075540861629,0.3119710563295204
0,JOINT_BIN,20264527,quantized,0,0.0144717410558269,0.0464996525828046,0.0069986180621357,8.461946750900213e-05,0.0084426856095867,0.0130307997606614,0.0086713566380848,0.0137578756466608,0.0,0.008786221524613,0.0047195196582396,0.0046421444138466,0.015980419726708,0.0060676378370759,0.3162626462171106,0.3121599775075561
0,JOINT_BIN,20264527,quantized,1,0.0552916993419149,0.1314282808366677,0.0174935956529333,9.050658310854043e-05,0.0248553371043962,0.0031686838462681,0.0108436806827257,0.0078188352888688,0.0,0.0286961161337005,0.0151095972919271,0.0115930791677078,0.0359627026949664,0.0134385450275148,0.2954359823611194,0.3101793213785747
0,JOINT_BIN,20264528,raw,pooled,0.017983576399192,0.0494873617418399,0.0044007472106788,1.3106509046597497e-05,0.0150808818179245,0.0013670534469317,0.0208295840148224,0.0513648930264133,0.0,0.0122761093235386,0.0064252686161998,0.0071535759282917,0.0151509478048313,0.0037572156648058,0.3163302895682667,0.3119710563295204
0,JOINT_BIN,20264528,raw,0,0.0181618325951155,0.048282155167025,0.0031625781300931,4.287060944052263e-06,0.0156257497011177,0.0009395844824564,0.0201157267614415,0.0514687206446352,0.0,0.0119391484657867,0.0079022067652251,0.0081319021480059,0.015980419726708,0.0020643796624341,0.3153225556376491,0.3121599775075561
0,JOINT_BIN,20264528,raw,1,0.055362898919083,0.1311332142268797,0.0218446725909173,0.0004498244707145,0.0100494068327693,0.0211344921976014,0.0318038437960345,0.053178912423099,0.0,0.0328373333613361,0.0092215790740917,0.011971235935258,0.0359627026949664,0.0187494245402488,0.3251139678913048,0.3101793213785747
0,JOINT_BIN,20264528,quantized,pooled,0.0181797195612061,0.0491475752541883,0.0044243892379962,1.3902256022440488e-05,0.0035396505184282,0.0013670534469317,0.0043802704096441,0.0044316442082375,0.0,0.0122761093235386,0.0064252686161998,0.0071535759282917,0.0151509478048313,0.0038987011965229,0.3162642122762386,0.3119710563295204
0,JOINT_BIN,20264528,quantized,0,0.0180551890674497,0.0476882265285228,0.0030501921453311,8.296162482142016e-06,0.0042961464456282,0.0009395844824564,0.003855063483779,0.0037139183259343,0.0,0.0119391484657867,0.0079022067652251,0.0081319021480059,0.015980419726708,0.0024037676646669,0.3152101696528872,0.3121599775075561
0,JOINT_BIN,20264528,quantized,1,0.0553780063944306,0.1308286106997143,0.0216811915790326,0.0005137150459207,0.0035519810318298,0.0211344921976014,0.0159382348366318,0.0151999720013693,0.0,0.0328373333613361,0.0092215790740917,0.011971235935258,0.0359627026949664,0.0180616692094047,0.3254784070553254,0.3101793213785747
0,JOINT_BIN,20264529,raw,pooled,0.014112440815292,0.0472366346022154,0.0062558616521789,4.12926065881307e-05,0.01956523803593,0.0060619904432798,0.0212594380881255,0.0513928169178402,0.0,0.0081764268039018,0.0034112550859466,0.005436577696542,0.0151509478048313,0.0040637487273062,0.3174253459390639,0.3119710563295204
0,JOINT_BIN,20264529,raw,0,0.015947073260159,0.0491667831915607,0.0068628779046939,4.349343615665639e-05,0.0185233824296058,0.0033385775381531,0.0218786389017121,0.0515947270025454,0.0,0.0107564233739043,0.0041713917230343,0.0062528245248806,0.015980419726708,0.0030849286266905,0.3190228554122499,0.3121599775075561
0,JOINT_BIN,20264529,raw,1,0.0432059311863824,0.1227945415936631,0.0154051541493246,0.0004994746619042,0.0278795993419424,0.0295271377709767,0.0295001030432394,0.0554181118087833,0.0,0.030112183802518,0.0092884608124269,0.0091017714153558,0.0359627026949664,0.0119897571024318,0.303612734833139,0.3101793213785747
0,JOINT_BIN,20264529,quantized,pooled,0.0141016098706962,0.0467831386125265,0.0065687295186307,4.208835356397369e-05,0.0080240067364337,0.0060619904432798,0.0029639883188596,0.005608461437143,0.0,0.0081764268039018,0.0034112550859466,0.005436577696542,0.0151509478048313,0.0038386569444264,0.3174437350315525,0.3119710563295204
0,JOINT_BIN,20264529,quantized,0,0.0161018835138322,0.0487746497342128,0.0071430232863997,4.750253769474614e-05,0.0071937791741162,0.0033385775381531,0.0028119135015602,0.0059140842677078,0.0,0.0107564233739043,0.0041713917230343,0.0062528245248806,0.015980419726708,0.00308610870456,0.3190068354423021,0.3121599775075561
0,JOINT_BIN,20264529,quantized,1,0.0433107881546449,0.1216515863035638,0.0152622588456882,0.0005633652371104,0.0142782114773432,0.0295271377709767,0.0139011429739107,0.0237365074822695,0.0,0.030112183802518,0.0092884608124269,0.0091017714153558,0.0359627026949664,0.0127972748383513,0.3039638334769887,0.3101793213785747
0,JOINT_BIN,20264530,raw,pooled,0.0149846297159382,0.0456333406421615,0.003053021005501,3.131323852686237e-05,0.0134216036516836,0.00418675999647,0.0209820870043229,0.051246365971627,0.0,0.010636516862601,0.0034653313636491,0.0042609766558195,0.0151509478048313,0.0036427668260922,0.3109525699796816,0.3119710563295204
0,JOINT_BIN,20264530,raw,0,0.0181834128653869,0.0489110966618185,0.0040295580089748,3.647491074078291e-05,0.0127941187712558,0.0035709006980238,0.0215689381203133,0.0514161906315613,0.0,0.009883891719748,0.0049828600340511,0.0051715772567261,0.015980419726708,0.0037214042263479,0.3102753363475251,0.3121599775075561
0,JOINT_BIN,20264530,raw,1,0.0546134285871016,0.1316486319131073,0.0112264369705034,0.0008301254739961,0.0177582544762575,0.009737550710404,0.0282131518029516,0.0554076964831754,0.0,0.0397563054477738,0.0210426450464884,0.0219573475988439,0.0359627026949664,0.010873696054605,0.3167751862248709,0.3101793213785747
0,JOINT_BIN,20264530,quantized,pooled,0.0152735101494643,0.0455474076669823,0.0032215026089057,3.210898550270536e-05,0.0018803723521873,0.00418675999647,0.0044693908770422,0.0037049094403543,0.0,0.010636516862601,0.0034653313636491,0.0042609766558195,0.0151509478048313,0.0030916162227739,0.3109546410027707,0.3119710563295204
0,JOINT_BIN,20264530,quantized,0,0.0182850253565089,0.0489105273592641,0.004561653182156,4.048401227887266e-05,0.0014645155157663,0.0035709006980238,0.0037653121969947,0.0036144180513345,0.0,0.009883891719748,0.0049828600340511,0.0051715772567261,0.015980419726708,0.0036986950556648,0.3102329192599607,0.3121599775075561
0,JOINT_BIN,20264530,quantized,1,0.0553190474290933,0.132142284393589,0.0130372035982381,0.0008940160492023,0.0041568666116583,0.009737550710404,0.0127475161786599,0.0269090914247883,0.0,0.0397563054477738,0.0210426450464884,0.0219573475988439,0.0359627026949664,0.012172806947465,0.3171272378679787,0.3101793213785747
1,JOINT_CONT,20264501,raw,pooled,0.0142551117901086,0.0438002943343261,0.002282704267025,0.0001053476904157,0.0044751794000201,0.0017188084101813,0.0030628781631006,0.0038118041722508,0.0,0.0073399784872179,0.0031343444175804,0.0034764437726239,0.0151509478048313,0.0021430298377661,0.3184416700788605,0.317738171690903
1,JOINT_CONT,20264501,raw,0,0.0174314497255117,0.047989855162913,0.0028706455286821,4.750246780938156e-05,0.0025286516777399,0.0010724115748169,0.0035605340235388,0.0042778259375048,0.0,0.0084967354367291,0.0028799405909201,0.0035083013989767,0.015980419726708,0.0027242348807322,0.3167393377391236,0.3174738173894708
1,JOINT_CONT,20264501,raw,1,0.0541924316156199,0.1191386557110547,0.011062538989484,0.0018787453565786,0.0217329628257449,0.0060872156196053,0.0082605467914339,0.0102033735617024,0.0,0.0365747349045416,0.0145703429620534,0.0155936589266524,0.0359627026949664,0.0066623330123812,0.3313078559683521,0.320245316978868
1,JOINT_CONT,20264502,raw,pooled,0.0172357475139733,0.0478305815488463,0.0035255994026887,2.0359712271806812e-05,0.003220682843849,0.0061878650057309,0.0056146857615854,0.0090020592392935,0.0,0.0127606937138573,0.0081098911989632,0.0092654538000441,0.0151509478048313,0.0019823907059531,0.3142125722882142,0.317738171690903
1,JOINT_CONT,20264502,raw,0,0.0199990391057859,0.0503286474066009,0.0023342445258517,1.5468737748657407e-05,0.0055757222666573,0.0088900110258269,0.005471484848659,0.0083148290694336,0.0,0.0158605277364138,0.0079258997408773,0.0083646636857084,0.015980419726708,0.0021467113919258,0.3152060404468152,0.3174738173894708
1,JOINT_CONT,20264502,raw,1,0.0561660752209354,0.1165937829373732,0.0160050727507621,0.0006877289329871,0.0169741547401614,0.0181580198285008,0.0162632267870594,0.0179422952430917,0.0,0.0355148031164139,0.0174404571260554,0.0218415193740122,0.0359627026949664,0.0139083919189597,0.3085014852423735,0.320245316978868
1,JOINT_CONT,20264503,raw,pooled,0.0167188828931508,0.047932342732596,0.0074980509293565,0.0001324179030655,0.0023458456688242,0.001725493147222,0.0035299508544888,0.0071833791902616,0.0,0.0116119149954698,0.0075094635011774,0.0101768402941157,0.0151509478048313,0.0043936275522646,0.3102401207615465,0.317738171690903
1,JOINT_CONT,20264503,raw,0,0.0178330997462815,0.0505298845723417,0.0076980767329168,0.0001139058294454,0.0058762308651866,0.0004339314085064,0.0043186405981834,0.0095864037919733,0.0,0.0103215568811539,0.0067554500159184,0.0091044399030596,0.015980419726708,0.0054188732282721,0.3102713382563306,0.3174738173894708
1,JOINT_CONT,20264503,raw,1,0.049210735833386,0.1256265807531664,0.0144448914216169,0.0003345381491182,0.0262631378354277,0.0209197518134557,0.0098001500335707,0.0164550292656225,0.0,0.0238647293714841,0.0240015931605109,0.0252803113396776,0.0359627026949664,0.0130230639194814,0.3126584107039987,0.320245316978868
1,JOINT_CONT,20264504,raw,pooled,0.0165508524088347,0.0477247603133571,0.0046260041196007,2.8913275545376212e-05,0.0040484328860347,0.0146172758860839,0.0048377253871991,0.0069432344406962,0.0,0.0087920165405001,0.0059167651225587,0.0046823326866482,0.0151509478048313,0.0048300044028395,0.3203108203324355,0.317738171690903
1,JOINT_CONT,20264504,raw,0,0.0153447727310953,0.0483518939284225,0.0059377543849971,1.9424088113830017e-05,0.0014042406213578,0.0145520843839178,0.0041533247387184,0.007321734577368,0.0,0.0091365005135025,0.0043098015164909,0.0032704068479356,0.015980419726708,0.0049294326891021,0.3228004367801796,0.3174738173894708
1,JOINT_CONT,20264504,raw,1,0.0474790034139756,0.1210455431455999,0.0218565303965227,0.0073943092865969,0.0287367395252444,0.0162661085324207,0.0182667560724709,0.0282282940081662,0.0,0.0273519307070187,0.0227212141623268,0.0242614993608965,0.0359627026949664,0.0159749940727141,0.3021056402413767,0.320245316978868
1,JOINT_CONT,20264505,raw,pooled,0.0157431442219834,0.0459443817254414,0.0043348536926062,0.0001878086767159,0.0056505185521833,0.0034073736390416,0.0038247638040711,0.0063552720515233,0.0,0.0094178593676347,0.0058029440845581,0.0092773062354618,0.0151509478048313,0.0042774667306966,0.3180328370370285,0.317738171690903
1,JOINT_CONT,20264505,raw,0,0.0152560930902336,0.0468667905128765,0.0058101810398113,5.513684068339866e-05,0.0059310442213226,0.0040420954801975,0.0039636488969473,0.0051546028864942,0.0,0.0091834272205462,0.0048889672605628,0.0083532041601196,0.015980419726708,0.0057412076974952,0.3171313816897462,0.3174738173894708
1,JOINT_CONT,20264505,raw,1,0.0542399264040593,0.1186381196187669,0.0166460436549036,0.0019546088990625,0.0028119961796638,0.0008637717380153,0.0115287657293435,0.0245168688876952,0.0,0.0357164984372175,0.0213375747606571,0.0206082660053124,0.0359627026949664,0.0158053551283378,0.3273711661592742,0.320245316978868
1,JOINT_CONT,20264506,raw,pooled,0.0157293186929668,0.0452988675449061,0.0018651951391297,4.4603277960623966e-05,0.005707128847345,0.0004747568289611,0.0058151926711301,0.0066239894878794,0.0,0.011430805170499,0.0068962885057805,0.0062811604090173,0.0151509478048313,0.0013187027437262,0.3159169611543153,0.317738171690903
1,JOINT_CONT,20264506,raw,0,0.0144774109320131,0.047647213523972,0.0026271023444235,1.5830574821941012e-05,0.0070111491324032,0.0010248670767858,0.0050591223716399,0.005435414780441,0.0,0.0102661483769498,0.0059774771701137,0.0040554489976042,0.015980419726708,0.0022752060382543,0.3157168058263805,0.3174738173894708
1,JOINT_CONT,20264506,raw,1,0.0452034345021165,0.1259691656234023,0.0190270468131958,0.0042210877999006,0.0038620386433123,0.0128047665826734,0.0228006041427303,0.0335591126536559,0.0,0.0242416923505042,0.0187300370512328,0.0299581830455002,0.0359627026949664,0.0188478818027349,0.3205486297338532,0.320245316978868
1,JOINT_CONT,20264507,raw,pooled,0.0186538585436965,0.0478412264179251,0.0053906835579389,0.0001107689850201,0.0026165037567982,0.0072797764031376,0.0048392429668862,0.0052276079427511,0.0,0.0112403994575574,0.0054395341902817,0.0050754245934523,0.0151509478048313,0.005387365092851,0.3177213552474408,0.317738171690903
1,JOINT_CONT,20264507,raw,0,0.018905486030141,0.0517568605704354,0.0051338446632847,5.45712262515391e-05,0.0016720813130144,0.0037445186448345,0.0042234552181756,0.0045075789334484,0.0,0.0116011571436337,0.0037558264040274,0.0033631894502338,0.015980419726708,0.0051983920213478,0.317802939052134,0.3174738173894708
1,JOINT_CONT,20264507,raw,1,0.0579151973337177,0.1236563833075669,0.0157140713415339,0.0031698768023901,0.0094520646110733,0.0396026345029072,0.0208812059588183,0.0234536599185979,0.0,0.0368580384473735,0.0239975927574703,0.0342923474439262,0.0359627026949664,0.0157286442725749,0.3202206461134412,0.320245316978868
1,JOINT_CONT,20264508,raw,pooled,0.0168280854569907,0.0465971052914077,0.0073424828810427,0.0001887291220094,0.0032093308806932,0.0086437970529507,0.0030952936218061,0.0056967584804845,0.0,0.0109420666331461,0.0032510980950605,0.0033293363299584,0.0151509478048313,0.0061265490886624,0.3128321800577176,0.317738171690903
1,JOINT_CONT,20264508,raw,0,0.0185228451394371,0.0499584887793501,0.0074503618553865,8.085530850943897e-05,0.0041246547810197,0.0091937978431872,0.0029302183929447,0.0056563233461108,0.0,0.0127269361009642,0.0037359145445783,0.0024543869602746,0.015980419726708,0.0065110439525998,0.3123868166961002,0.3174738173894708
1,JOINT_CONT,20264508,raw,1,0.0464611174648859,0.115497645356227,0.0108258234703651,0.002125545884503,0.0048099533559071,0.0052366398167949,0.0099548102021956,0.0115944121129929,0.0,0.0268374538734777,0.0195309927475193,0.0199213829967248,0.0359627026949664,0.0098887835886699,0.3175999104180575,0.320245316978868
1,JOINT_CONT,20264509,raw,pooled,0.0175034221544789,0.0467347195159023,0.0053005963965708,0.0002572136972302,0.0011668478124918,0.010252702858912,0.0029708744706495,0.0043160852988665,0.0,0.0101284485629433,0.0056040194556173,0.0058433024170462,0.0151509478048313,0.0041567715673415,0.3146749076937491,0.317738171690903
1,JOINT_CONT,20264509,raw,0,0.0159152007740766,0.0483503316750029,0.0039910166930581,3.6568903415889385e-05,0.0024855916289626,0.0098802481162967,0.0028423291521559,0.0036225585522979,0.0,0.0105122175093729,0.0032971033481146,0.0040939377696052,0.015980419726708,0.0032493731025526,0.3153609075150012,0.3174738173894708
1,JOINT_CONT,20264509,raw,1,0.0474415547415403,0.1170456807516793,0.0122970472470612,0.0020080578603166,0.0106507200104176,0.0143272870096241,0.0129154788373585,0.016679317837186,0.0,0.0246212305889818,0.0288509317313719,0.0256928715936735,0.0359627026949664,0.0165531894648907,0.3110021427932409,0.320245316978868
1,JOINT_CONT,20264510,raw,pooled,0.01740274503128,0.0474937666302154,0.0067177093774501,0.0005274897749751,0.0017529221424582,0.0027881047862911,0.0078702291664107,0.0098096139100185,0.0,0.012955628857025,0.007415846100979,0.006513774016362,0.0151509478048313,0.0059142599765699,0.3148918206829271,0.317738171690903
1,JOINT_CONT,20264510,raw,0,0.0171441445107212,0.048698358602883,0.0054699262155516,5.871737455616794e-05,0.0001865943208452,0.0044986620136089,0.0075587962121804,0.0087368776245358,0.0,0.0129330371454362,0.0055145717166053,0.0052877501818503,0.015980419726708,0.0037123305960397,0.3143327090482726,0.3174738173894708
1,JOINT_CONT,20264510,raw,1,0.0483971734621137,0.1113093900558223,0.0146435522011575,0.0121382325070924,0.0148950790547916,0.0126007697761119,0.0169218974726304,0.0303934544609782,0.0,0.0270493502220348,0.0274301635889815,0.0344525960152408,0.0359627026949664,0.0145699731463157,0.3227088093673327,0.320245316978868
1,JOINT_CONT,20264511,raw,pooled,0.0189082534076008,0.0440422038826018,0.0059281271640317,0.0002025526512248,0.0019986048234884,0.0016209913957206,0.0040503360782297,0.0043163441972103,0.0,0.0131256011288159,0.0059294375628188,0.0063727814682647,0.0151509478048313,0.003621641153271,0.3137995503725774,0.317738171690903
1,JOINT_CONT,20264511,raw,0,0.0181186749920916,0.0460817431285936,0.0039450504184448,7.196296328628916e-06,0.0038551068121154,0.0039932636903521,0.0034859972600596,0.0046779762392888,0.0,0.0127331678011201,0.0053147385029894,0.0051884296853817,0.015980419726708,0.0019562603102652,0.3135287669710259,0.3174738173894708
1,JOINT_CONT,20264511,raw,1,0.0547453743234932,0.115369035236746,0.0221910670510051,0.0100169384461367,0.0142651992333292,0.0196409508915899,0.0142177340682734,0.014515491250309,0.0,0.0378324616205082,0.0135492900909766,0.0236329071699054,0.0359627026949664,0.0216969049045986,0.3177127148749241,0.320245316978868
1,JOINT_CONT,20264512,raw,pooled,0.0192009413565206,0.0457732715764287,0.002208956326998,0.0001471266313445,0.004576145941352,0.0041116946217982,0.0051252269045481,0.0101078156275824,0.0,0.0120617257174748,0.0050452323736833,0.0060214645659577,0.0151509478048313,0.0023111337976342,0.318360981968828,0.317738171690903
1,JOINT_CONT,20264512,raw,0,0.0196315481260783,0.0493412057290721,0.0016563349070837,1.2260718956198932e-05,0.0067811752658374,0.0040508638514628,0.0052277664708718,0.0102886382356071,0.0,0.0123827358333089,0.0044879244842784,0.0051393391317744,0.015980419726708,0.0017022809709542,0.3177032252124107,0.3174738173894708
1,JOINT_CONT,20264512,raw,1,0.0503595767693501,0.1137164407826983,0.0157491996325356,0.0089608590467807,0.0138117707917433,0.0056021964397755,0.0145497789254137,0.0177814137017206,0.0,0.0351317395227568,0.0169844361819453,0.0215693185885428,0.0359627026949664,0.0160843458745324,0.3219629557818039,0.320245316978868
1,JOINT_CONT,20264513,raw,pooled,0.0174270613823178,0.0461140421184173,0.0024683494090792,8.566693778291543e-05,0.0028176146970119,0.0047741810068464,0.0055192042653945,0.0061959225011524,0.0,0.0116701064345978,0.0030630234225885,0.0036679251585027,0.0151509478048313,0.0018034779472915,0.3153052812679145,0.317738171690903
1,JOINT_CONT,20264513,raw,0,0.0182491983098721,0.0476225208365256,0.002578673296339,1.0032014242820968e-05,0.0006219262013298,0.0037947036218259,0.0040728635878901,0.0082801211891663,0.0,0.0134513023651403,0.0035998726188336,0.0038697996440936,0.015980419726708,0.0027222269957219,0.3167656065284123,0.3174738173894708
1,JOINT_CONT,20264513,raw,1,0.0547153790359278,0.1215059443239967,0.0118986047395184,0.0044202437285297,0.0216810810211382,0.0123048569860715,0.0217319798505807,0.0431121168377131,0.0,0.0227923213263736,0.0180651200608461,0.0203029144904075,0.0359627026949664,0.0071911283672601,0.308942219232137,0.320245316978868
1,JOINT_CONT,20264514,raw,pooled,0.0145507635789301,0.0463782495169282,0.0097692863631486,0.0002717282816935,0.0015539507377089,0.0098855011036414,0.0063529943160101,0.0075273201839628,0.0,0.0097201327278375,0.0059740679887393,0.0064130668275406,0.0151509478048313,0.0040937374380171,0.3079688853277544,0.317738171690903
1,JOINT_CONT,20264514,raw,0,0.0167051833396826,0.0497180039361382,0.0095054497164383,2.200710390618049e-05,0.0019796450646177,0.0118549463144338,0.0048165982485327,0.0069097974226087,0.0,0.0128998525579927,0.0057516210888057,0.0064258012421399,0.015980419726708,0.0033906642202281,0.3079683676730324,0.3174738173894708
1,JOINT_CONT,20264514,raw,1,0.0457176409302116,0.1138546354378736,0.0125934464150359,0.0009932057844965,0.0021947912972937,0.0070653282317732,0.0224047427339266,0.0302375832408554,0.0,0.0292975767308556,0.0090388606652119,0.0130828486483684,0.0359627026949664,0.0132702263595833,0.3125632102657631,0.320245316978868
1,JOINT_CONT,20264515,raw,pooled,0.0148940343197736,0.045969167696002,0.0049200459264026,8.356287315286221e-05,0.0033956939833484,0.0006716487944187,0.0056606756022865,0.0086280281332642,0.0,0.0083362851127122,0.005035645401471,0.0066807253616781,0.0151509478048313,0.0021360990264646,0.3128181257645002,0.317738171690903
1,JOINT_CONT,20264515,raw,0,0.0157020428452527,0.0485228143638698,0.0049471143630633,6.725754809518885e-06,0.0003637122180051,0.0005061050777178,0.0062725557903474,0.0076805978902382,0.0,0.0085783829778351,0.0042539254656528,0.0048662825979077,0.015980419726708,0.0028756817873476,0.3135456138378307,0.3174738173894708
1,JOINT_CONT,20264515,raw,1,0.0437208745731159,0.1304933898080058,0.0175934179460415,0.0090486789540066,0.0287574185774152,0.0031485002729358,0.0137913872190655,0.0189104847008922,0.0,0.0185356424659784,0.0175919973937375,0.0295700881999968,0.0359627026949664,0.016157708888959,0.3080204171515939,0.320245316978868
1,JOINT_CONT,20264516,raw,pooled,0.0162037744033699,0.0474607782590298,0.0088096114138167,0.0002836686764506,0.0040186429919494,0.0066554893685137,0.0040747228933133,0.0048730931687039,0.0,0.0122352526547194,0.0052744100840927,0.0044231449066561,0.0151509478048313,0.0059631163201334,0.3129672368398521,0.317738171690903
1,JOINT_CONT,20264516,raw,0,0.0179952395702753,0.0528910840249249,0.008321456979958,7.155831641639362e-05,0.0049176338583941,0.0071880558369445,0.0054810583103186,0.0057023784161534,0.0,0.012770035567507,0.0044947816299153,0.0045068667167633,0.015980419726708,0.0054541093324382,0.3126618712040807,0.3174738173894708
1,JOINT_CONT,20264516,raw,1,0.0473341950337385,0.1150379522657385,0.0075058696362153,0.0019884707778352,0.0040261566564588,0.0010909737373948,0.0116200042001557,0.0116000245583915,0.0,0.0232716696207142,0.0249159352804795,0.0272476491314077,0.0359627026949664,0.0093441776277738,0.3141679713110295,0.320245316978868
1,JOINT_CONT,20264517,raw,pooled,0.0159811783705602,0.0452021730099631,0.0059721756882227,6.726950058709089e-05,0.0003778196555614,0.0039868133886708,0.0046885763478357,0.00472562596981,0.0,0.0118340936058464,0.0043564393720649,0.0041437460770146,0.0151509478048313,0.0039950880792096,0.3219239808902766,0.317738171690903
1,JOINT_CONT,20264517,raw,0,0.0173897011104395,0.0485500510254616,0.0040930488986422,2.7360260550278546e-07,0.0011021625939412,0.0031584624134793,0.0037009872152591,0.0039222478298074,0.0,0.012440733755603,0.0035791466655246,0.0032247995615763,0.015980419726708,0.0036147747388808,0.3198333452592694,0.3174738173894708
1,JOINT_CONT,20264517,raw,1,0.0655559496633126,0.1201023994837877,0.022543719917733,0.0118561770734775,0.0126858083519996,0.0120003359479898,0.0154231820275162,0.0200686428882456,0.0,0.0481076468454196,0.0219748889700637,0.0197852190688302,0.0359627026949664,0.0202019510482477,0.3364044285235539,0.320245316978868
1,JOINT_CONT,20264518,raw,pooled,0.0180128382087674,0.0468176530162964,0.0069790992524568,9.842164515098863e-05,0.006000937768515,0.0061466187211853,0.0056607820919669,0.005520648675774,0.0,0.0103818223862399,0.0053338206642369,0.0044194197680904,0.0151509478048313,0.005674133859906,0.3110503130066168,0.317738171690903
1,JOINT_CONT,20264518,raw,0,0.0178550877094517,0.0495678092812717,0.0070769793014135,5.7621493077736406e-05,0.0056787131238486,0.0053152896807086,0.0041396269791388,0.0046678330667006,0.0,0.0090176955454181,0.0054092301236136,0.0043062561471267,0.015980419726708,0.0053902302104979,0.3123687687998662,0.3174738173894708
1,JOINT_CONT,20264518,raw,1,0.0469791626365254,0.1137947067978901,0.01535430196012,0.0037677665256449,0.0085043472750328,0.0124105006955286,0.0222725892347916,0.0276570203673694,0.0,0.0334667717772565,0.0113692954565172,0.0107048668365461,0.0359627026949664,0.0075120765230827,0.304891015018748,0.320245316978868
1,JOINT_CONT,20264519,raw,pooled,0.014481846006709,0.0441078008239747,0.0031789220059223,5.88441818925884e-05,0.003953563762766,0.0015013663214987,0.0045064490145008,0.0048856270907682,0.0,0.0087012169403843,0.0071495303011371,0.008664346843904,0.0151509478048313,0.0034907522605944,0.3197854050662967,0.317738171690903
1,JOINT_CONT,20264519,raw,0,0.0161308957858227,0.0484296756213475,0.0042385595749139,1.52125440529937e-05,0.0025546958311213,0.0032675237342404,0.0048213799558571,0.0056902099892746,0.0,0.0104505290282477,0.0052469019604353,0.0058777944501344,0.015980419726708,0.0039939256148686,0.3186739578548376,0.3174738173894708
1,JOINT_CONT,20264519,raw,1,0.0458155214658276,0.1172915231944341,0.0246091241131007,0.0055796296001951,0.0164266898074529,0.014493060824597,0.0200498615996406,0.0253796164554114,0.0,0.0221988365327807,0.0293172287107926,0.035362781327613,0.0359627026949664,0.0214805530741611,0.3359362879434728,0.320245316978868
1,JOINT_CONT,20264520,raw,pooled,0.0179038023422788,0.0450493842148427,0.0064209114704218,0.0002298085188182,0.0064839528987834,0.0010058192492187,0.0061818747598901,0.0076944820656773,0.0,0.0122285775213583,0.0060639497455624,0.0087051731629498,0.0151509478048313,0.004347350907425,0.3132043536501984,0.317738171690903
1,JOINT_CONT,20264520,raw,0,0.0166519558225484,0.0466822046971456,0.0051911567988721,2.841923187951696e-05,0.0051063883377965,0.0003519510903032,0.0063007490421615,0.0070302163281212,0.0,0.0111509035850684,0.0052104631500198,0.0070272538847992,0.015980419726708,0.0033821613843774,0.3138587254312682,0.3174738173894708
1,JOINT_CONT,20264520,raw,1,0.0587196294581046,0.1205200743216188,0.0225890734367381,0.0090890912876677,0.0188893746341611,0.0074105680516118,0.0111959856271018,0.0183146599999291,0.0,0.03244119345024,0.0214995910838017,0.0250810743028179,0.0359627026949664,0.0243833954236217,0.3077842546954423,0.320245316978868
1,JOINT_CONT,20264521,raw,pooled,0.0164273718471225,0.0451349609551069,0.003218201397112,5.435596541880292e-05,0.0013182776446799,0.0031618515882108,0.0057866195228793,0.0057368701122544,0.0,0.0099175130035438,0.0064152384785057,0.0070210469508822,0.0151509478048313,0.0018637263728764,0.3146285620564938,0.317738171690903
1,JOINT_CONT,20264521,raw,0,0.0156986998735171,0.0477931729142869,0.0026096216474659,2.136046653660315e-06,0.0027085376049239,0.000910925218941,0.0041898124677214,0.0053726821408819,0.0,0.007196174140768,0.0049111201459044,0.0055677488646238,0.015980419726708,0.0027199369130987,0.3164835443681164,0.3174738173894708
1,JOINT_CONT,20264521,raw,1,0.0551239235756888,0.1208459113832369,0.0165656498620103,0.0041081337497988,0.008452776938113,0.0381932220109462,0.0278856681885695,0.0314390445928846,0.0,0.0362578779812066,0.024220240189199,0.0271470373289216,0.0359627026949664,0.0132390250194629,0.3047542621438559,0.320245316978868
1,JOINT_CONT,20264522,raw,pooled,0.0164458429974491,0.0468451374314606,0.0019734730565159,5.1548565153480656e-05,0.0064622570321064,0.0022599504232958,0.0101787999554254,0.0123317192381351,0.0,0.0110481716344886,0.0046936580369035,0.0061268312392336,0.0151509478048313,0.0016287401572229,0.3170945750164649,0.317738171690903
1,JOINT_CONT,20264522,raw,0,0.0178255163519943,0.0485628190990731,0.0020041225875908,8.62976128625497e-06,0.0072171841529451,0.0054164051734066,0.0115903076433545,0.013277172069287,0.0,0.0100753393822387,0.0034974005721685,0.0044457990132864,0.015980419726708,0.001718654475192,0.3162803853819939,0.3174738173894708
1,JOINT_CONT,20264522,raw,1,0.0539914564465759,0.1157441940151821,0.0088812038334975,0.0045119193210374,0.0002618181911207,0.0260556131660109,0.0097066513648545,0.0168879333605498,0.0,0.0240936774380018,0.0203581760862406,0.023160505090621,0.0359627026949664,0.0087657593699958,0.320833758160312,0.320245316978868
1,JOINT_CONT,20264523,raw,pooled,0.014738508863509,0.0460457433966431,0.0072299771408155,4.876718516937106e-05,0.0117186721574453,0.0028242462808703,0.0097315777543927,0.0102237620886553,0.0,0.0074736488050118,0.0037466030643406,0.003611118567479,0.0151509478048313,0.001792737409644,0.3249681488317185,0.317738171690903
1,JOINT_CONT,20264523,raw,0,0.0166188184059144,0.0490146561599398,0.0067833502390027,6.316904155026008e-06,0.0093041098293651,0.0020832296746352,0.0088735219189404,0.0089594455938772,0.0,0.0090210656941257,0.0027850816671362,0.0038508027567397,0.015980419726708,0.0018135562739722,0.3242571676284734,0.3174738173894708
1,JOINT_CONT,20264523,raw,1,0.0485088702008355,0.1203614449841107,0.0166995048897184,0.0050004986452916,0.0319390750751841,0.0100500173794834,0.0181685055418963,0.0271817828051898,0.0,0.0316731160664437,0.0168018927906987,0.0170886710827246,0.0359627026949664,0.0108948549121047,0.3330314281430275,0.320245316978868
1,JOINT_CONT,20264524,raw,pooled,0.0163103910548381,0.0471104617234891,0.0060551267150952,0.0002296787348821,0.0129835408294957,0.003774299569848,0.0033616840009021,0.0047292061433878,0.0,0.0101463601458846,0.0038132162668326,0.0050584953779554,0.0151509478048313,0.0053498145685899,0.3126762768606749,0.317738171690903
1,JOINT_CONT,20264524,raw,0,0.0173927055153074,0.0510931497544848,0.0048940956143353,6.245361552044925e-05,0.011554422867354,0.0033227292024503,0.0032682410278954,0.0049420275194845,0.0,0.0090967864166857,0.0036101809381949,0.0046131839134109,0.015980419726708,0.0048075213499814,0.3137529085728741,0.3174738173894708
1,JOINT_CONT,20264524,raw,1,0.0524930646510276,0.1196743138270692,0.0190411292802447,0.0099368415680514,0.0257400078436404,0.0085327394241158,0.0120557594635303,0.0130935317821233,0.0,0.0381556941861892,0.0171088987215461,0.0220567443534031,0.0359627026949664,0.0142620696350044,0.3045114299023769,0.320245316978868
1,JOINT_CONT,20264525,raw,pooled,0.0145163551788949,0.0469291652103142,0.009294002788543,0.0007819299523652,0.0062314266869061,0.0055283865251917,0.0045581823795041,0.0063487869636675,0.0,0.0077502942965061,0.0087395590997191,0.011443079781249,0.0151509478048313,0.0064277697164483,0.3084441689023598,0.317738171690903
1,JOINT_CONT,20264525,raw,0,0.0167712431723754,0.0491766209812455,0.0090204296425324,0.0001890464642835,0.0026677209685674,0.0046968442490055,0.0039662420304263,0.0057489801856371,0.0,0.0098316293539109,0.0064884838090407,0.0082376228837097,0.015980419726708,0.0063640362894712,0.3084533877469383,0.3174738173894708
1,JOINT_CONT,20264525,raw,1,0.0523461440931512,0.1220201708157976,0.0110353579225219,0.0060039709436635,0.0359008754544381,0.0143969841581289,0.0196986186759662,0.0220931639132798,0.0,0.0203462748871948,0.0317465484647578,0.0430788206304198,0.0359627026949664,0.0112642318666596,0.311103680002333,0.320245316978868
1,JOINT_CONT,20264526,raw,pooled,0.0147955360611984,0.0454230577619207,0.0060115060870316,0.0003505008396636,0.0037022502172056,0.0010479304295679,0.0051237989932417,0.008640152118581,0.0,0.0076343880889354,0.0055893116676513,0.0053527372897663,0.0151509478048313,0.0061013568270229,0.3181890768164391,0.317738171690903
1,JOINT_CONT,20264526,raw,0,0.0155239183946677,0.0466757329695147,0.0041889751554736,7.786039307282984e-06,0.0013622822187,0.0005779902308952,0.0062376524749424,0.0111977943544098,0.0,0.0080444747024622,0.0054222245683431,0.0057047094879733,0.015980419726708,0.0041519196753504,0.3176597088971267,0.3174738173894708
1,JOINT_CONT,20264526,raw,1,0.0477513864652435,0.1233937090395078,0.023155804716586,0.0037789599247295,0.0218760488321176,0.0165911700335256,0.0138181692026632,0.0210258549136413,0.0,0.0317381476183725,0.0132822881905352,0.013945765417845,0.0359627026949664,0.0198394837856523,0.3266502864658508,0.320245316978868
1,JOINT_CONT,20264527,raw,pooled,0.0155227590716651,0.045756596498918,0.0058410753994971,0.0002719970176672,0.0072874126527853,0.0125521633150938,0.0082431265898019,0.0108163835417625,0.0,0.0089002941487842,0.0024380001651196,0.0027314305334485,0.0151509478048313,0.0061911910273709,0.315987860653955,0.317738171690903
1,JOINT_CONT,20264527,raw,0,0.0151280500291567,0.0473145883256589,0.0052915448544541,5.284395784514414e-05,0.0044585674053117,0.0127486077069669,0.0081619762062939,0.0104595154861122,0.0,0.0080957647680973,0.003446475195983,0.0035228909892829,0.015980419726708,0.0053272494208086,0.3162652949887469,0.3174738173894708
1,JOINT_CONT,20264527,raw,1,0.0513307731482811,0.1152878941382051,0.0094017177204732,0.0004105389393185,0.0315356417834507,0.0117556807277988,0.0193939957379747,0.0224903740591432,0.0,0.0371222400656866,0.0153158430711894,0.0159748294570334,0.0359627026949664,0.0111597888404675,0.3161725779441372,0.320245316978868
1,JOINT_CONT,20264528,raw,pooled,0.0221769827758039,0.0466802964349972,0.0038305694026815,0.0002608746838205,0.001591292429476,0.0019374482585343,0.0065181690348522,0.0065746853113748,0.0,0.0178873921841781,0.0075768860598528,0.009585735030471,0.0151509478048313,0.0034912158006597,0.3155984245128486,0.317738171690903
1,JOINT_CONT,20264528,raw,0,0.0223418626717786,0.0483189623552965,0.003096703691307,1.470892935929015e-05,0.0001762548026861,0.0012217765361509,0.0059176106402613,0.0060934574657832,0.0,0.016725080348258,0.0077136075856315,0.0089591884413225,0.015980419726708,0.0020939764213866,0.3152109178292702,0.3174738173894708
1,JOINT_CONT,20264528,raw,1,0.0645696876470674,0.1189398291296343,0.0192647341961546,0.0119055017174462,0.0175322664195682,0.0297214890791321,0.0180193460958811,0.0244939804412237,0.0,0.037606438848714,0.015623224039822,0.0170914203639865,0.0359627026949664,0.0192247955487764,0.3219945970081679,0.320245316978868
1,JOINT_CONT,20264529,raw,pooled,0.0166924723744043,0.0458827042696624,0.0044202199607229,0.0002009264602592,0.0003986995845698,0.0066323852548824,0.0035660054114945,0.0068489449798024,0.0,0.009815063183266,0.0046859736371293,0.0072686417281899,0.0151509478048313,0.0045191450641071,0.3184191791618423,0.317738171690903
1,JOINT_CONT,20264529,raw,0,0.019002738569642,0.0504558043507873,0.0049776433318532,4.353648568931206e-05,0.0026888438070257,0.0030563854844586,0.0035857051345141,0.0068560682468385,0.0,0.0105792934622529,0.004422277308403,0.0065185646834869,0.015980419726708,0.0051038834399936,0.3190053346240029,0.3174738173894708
1,JOINT_CONT,20264529,raw,1,0.0576580908312297,0.1176635739082422,0.0112738036657112,0.0015606516438503,0.0269514127404463,0.0381141346525075,0.0091953156281955,0.0120800449141296,0.0,0.0355359802500101,0.0135591660859831,0.0162831497498167,0.0359627026949664,0.0145273329136548,0.3131220242388352,0.320245316978868
1,JOINT_CONT,20264530,raw,pooled,0.0142696813898271,0.0455572748342658,0.0071817804681011,0.0003298350095151,0.0071589959680219,0.0047571548080727,0.0049607700753729,0.0050582616657312,0.0,0.0085177436907322,0.0056314792742714,0.0064617368134263,0.0151509478048313,0.0036711063468719,0.3105563912228019,0.317738171690903
1,JOINT_CONT,20264530,raw,0,0.0146530488867099,0.046726829969377,0.0072380425143918,7.485042726340261e-07,0.0094929925856578,0.0032887086443293,0.0049130150571602,0.0050207344675597,0.0,0.0088653087059368,0.0052761871997253,0.0058744268663337,0.015980419726708,0.0020724586273944,0.3102357748750789,0.3174738173894708
1,JOINT_CONT,20264530,raw,1,0.0521464005895761,0.1158625451391797,0.0158184562331519,0.0079397970582372,0.0120986239908512,0.0183245475919347,0.0146369735481686,0.0237844148930934,0.0,0.0363539126567001,0.0202098111384722,0.0239861458564803,0.0359627026949664,0.0148854655461284,0.3155471654864078,0.320245316978868
1,JOINT_BIN,20264501,raw,pooled,0.0134928818173283,0.0449024558706052,0.00463187885326,6.816042373920458e-05,0.0103058759254468,0.0017188084101813,0.0206141359926709,0.0505996785317062,0.0,0.006431827041844,0.0031343444175804,0.0034764437726239,0.0151509478048313,0.0044971109876284,0.3170552305922807,0.317738171690903
1,JOINT_BIN,20264501,raw,0,0.0142682497323735,0.0482869465698324,0.0045451450437218,9.462772288461492e-06,0.0126250233218163,0.0010724115748169,0.0206258865063675,0.0505788888774796,0.0,0.0084967354367291,0.0028799405909201,0.0035083013989767,0.015980419726708,0.0044860037683633,0.3167331304847177,0.3174738173894708
1,JOINT_BIN,20264501,raw,1,0.0469079885106015,0.115388979122313,0.0115110573222008,0.0087461743039909,0.0099143934130196,0.0060872156196053,0.0221823855533814,0.0515290888991548,0.0,0.0298639587938484,0.0145703429620534,0.0155936589266524,0.0359627026949664,0.0117083570926497,0.3191717972630523,0.320245316978868
1,JOINT_BIN,20264501,quantized,pooled,0.0133032585295886,0.0447868582336302,0.0047127581718368,9.323987324286707e-05,0.0011847369116601,0.0017188084101813,0.002267468349848,0.0021090340475192,0.0,0.006431827041844,0.0031343444175804,0.0034764437726239,0.0151509478048313,0.0047551085753939,0.3171095639675301,0.317738171690903
1,JOINT_BIN,20264501,quantized,0,0.0141764650793903,0.0484246653771174,0.0046963221907195,5.188831315359045e-06,0.0011025797016437,0.0010724115748169,0.0023247781563089,0.002378590693692,0.0,0.0084967354367291,0.0028799405909201,0.0035083013989767,0.015980419726708,0.0048154136776505,0.3167381823666468,0.3174738173894706
1,JOINT_BIN,20264501,quantized,1,0.0474338773370641,0.1161821257466581,0.0117535945795085,0.0086643750688545,0.0211218487116533,0.0060872156196053,0.0063362333578632,0.0076050329899,0.0,0.0298639587938484,0.0145703429620534,0.0155936589266524,0.0359627026949664,0.0117392370642241,0.320343260174312,0.320245316978868
1,JOINT_BIN,20264502,raw,pooled,0.0166410897286509,0.0460364264419281,0.0029864201333009,0.00010807627421,0.0183118942679514,0.0061878650057309,0.0206631661476607,0.0511915624878938,0.0,0.0121883306721566,0.0081098911989632,0.0092654538000441,0.0151509478048313,0.0029233174346477,0.3152076224253546,0.317738171690903
1,JOINT_BIN,20264502,raw,0,0.0205158585274316,0.0506238195325714,0.0030338403488782,7.287623474080442e-07,0.0174103672732817,0.0088900110258269,0.0205711152271704,0.0511697910607388,0.0,0.0158605277364138,0.0079258997408773,0.0083646636857084,0.015980419726708,0.0025897367542877,0.3151832342885956,0.3174738173894708
1,JOINT_BIN,20264502,raw,1,0.0491636995450293,0.1183153108607919,0.0067832742709596,0.0003854322207581,0.0257347372556538,0.0181580198285008,0.0252482623162813,0.0528402872269425,0.0,0.0283717584546642,0.0174404571260554,0.0218415193740122,0.0359627026949664,0.0073577397482173,0.3173641546170014,0.320245316978868
1,JOINT_BIN,20264502,quantized,pooled,0.016730369694171,0.0458756882912754,0.0027260002262444,8.299682470638229e-05,0.0068212814308444,0.0061878650057309,0.0054970384045109,0.0069834266012395,0.0,0.0121883306721566,0.0081098911989632,0.0092654538000441,0.0151509478048313,0.0026847873199194,0.3152833449236077,0.317738171690903
1,JOINT_BIN,20264502,quantized,0,0.0206079538689613,0.0502480722427943,0.0032760929953785,3.545178625694403e-06,0.0058879236531091,0.0088900110258269,0.0054660333406166,0.0070046049972672,0.0,0.0158605277364138,0.0079258997408773,0.0083646636857084,0.015980419726708,0.002696052780612,0.3151810769733146,0.3174738173894706
1,JOINT_BIN,20264502,quantized,1,0.0491134175118038,0.1176385885171102,0.0066585489532088,0.0004672314558945,0.0145272819570201,0.0181580198285008,0.0087889565532232,0.0130445421070944,0.0,0.0283717584546642,0.0174404571260554,0.0218415193740122,0.0359627026949664,0.0063175838968238,0.3186986532924964,0.320245316978868
1,JOINT_BIN,20264503,raw,pooled,0.015897140202134,0.0496467708188412,0.0080988897514817,0.0001449087125938,0.0107844672162597,0.001725493147222,0.0204097671026032,0.0508992279544076,0.0,0.0105898381352899,0.0075094635011774,0.0101768402941157,0.0151509478048313,0.0031789106607521,0.3096392819394212,0.317738171690903
1,JOINT_BIN,20264503,raw,0,0.0164499809580632,0.0509096780126886,0.0073908438052739,5.257921139857971e-05,0.0121268249477465,0.0004339314085064,0.0214309447717291,0.0512404796295321,0.0,0.0103215568811539,0.0067554500159184,0.0091044399030596,0.015980419726708,0.0048849768963899,0.3100829735841967,0.3174738173894708
1,JOINT_BIN,20264503,raw,1,0.0491790637047794,0.1241101285924859,0.0141953341031627,0.0029936248669828,0.001015676709114,0.0209197518134557,0.0297417263685689,0.0585493681590574,0.0,0.0233608536060008,0.0240015931605109,0.0252803113396776,0.0359627026949664,0.0144861315793885,0.3101684161587119,0.320245316978868
1,JOINT_BIN,20264503,quantized,pooled,0.0161499608907465,0.04962843049892,0.0079187839831398,0.0001699881620975,0.0007061456208472,0.001725493147222,0.0038112595560434,0.0053711754852633,0.0,0.0105898381352899,0.0075094635011774,0.0101768402941157,0.0151509478048313,0.0031658946977057,0.309819387707763,0.317738171690903
1,JOINT_BIN,20264503,quantized,0,0.0167113428367542,0.0508059027331957,0.0073438560417856,4.830527042547727e-05,0.0006043813275739,0.0004339314085064,0.0041303365082824,0.0079843181883409,0.0,0.0103215568811539,0.0067554500159184,0.0091044399030596,0.015980419726708,0.004641590880803,0.310278911026134,0.3174738173894706
1,JOINT_BIN,20264503,quantized,1,0.0498427323145472,0.1253822346116833,0.0142857815172234,0.0030754241021193,0.0122231320077477,0.0209197518134557,0.0151359735059057,0.0266233044111672,0.0,0.0233608536060008,0.0240015931605109,0.0252803113396776,0.0359627026949664,0.0137610602704185,0.3108491197433532,0.320245316978868
1,JOINT_BIN,20264504,raw,pooled,0.0149439817673393,0.0474660419430943,0.0040876144298686,0.0001465547092809,0.0053476968296319,0.0146172758860839,0.0199690685814801,0.0508625163377235,0.0,0.0096002176039668,0.0059167651225587,0.0046823326866482,0.0151509478048313,0.0035560843591609,0.3203398192640185,0.317738171690903
1,JOINT_BIN,20264504,raw,0,0.0157996620895103,0.0467762313562566,0.0053412096110241,1.8592451259137048e-06,0.0076305602241413,0.0145520843839178,0.019530022202956,0.0507907509788952,0.0,0.0091365005135025,0.0043098015164909,0.0032704068479356,0.015980419726708,0.0029461179459339,0.3228150270004948,0.3174738173894708
1,JOINT_BIN,20264504,raw,1,0.0559572587291824,0.1218425575937249,0.0193333376931303,0.0060803620453027,0.0157498509396544,0.0162661085324207,0.0311554120792818,0.0552193646069603,0.0,0.0293496569779405,0.0227212141623268,0.0242614993608965,0.0359627026949664,0.014112633666746,0.3009119792857378,0.320245316978868
1,JOINT_BIN,20264504,quantized,pooled,0.0149864874241172,0.0474861562836062,0.0042375189144803,0.0001716341587845,0.006142916007475,0.0146172758860839,0.0047209587065641,0.0047402604102045,0.0,0.0096002176039668,0.0059167651225587,0.0046823326866482,0.0151509478048313,0.0035738924339023,0.3203411249160383,0.317738171690903
1,JOINT_BIN,20264504,quantized,0,0.016022345911721,0.0467195202282118,0.0053175642588026,2.4146958471887425e-06,0.0038918833960312,0.0145520843839178,0.0039597663970866,0.0050355069222403,0.0,0.0091365005135025,0.0043098015164909,0.0032704068479356,0.015980419726708,0.0031152461775071,0.3227913816482733,0.3174738173894706
1,JOINT_BIN,20264504,quantized,1,0.0568259296759262,0.1230457230308868,0.0195608605954204,0.0059985628101662,0.0269573062382881,0.0162661085324207,0.0148898297847681,0.0195178275945361,0.0,0.0293496569779405,0.0227212141623268,0.0242614993608965,0.0359627026949664,0.0144314763930663,0.3017829843082663,0.320245316978868
1,JOINT_BIN,20264505,raw,pooled,0.0155408535275657,0.0455830548440468,0.003883649944313,3.888854043018145e-05,0.0095025314590259,0.0034073736390416,0.0211688381602763,0.0507452995425391,0.0,0.0101960426333862,0.0058029440845581,0.0092773062354618,0.0151509478048313,0.0038497779816302,0.3175725750779189,0.317738171690903
1,JOINT_BIN,20264505,raw,0,0.0158296320893957,0.0463942377418995,0.0031961330231044,4.685718400472712e-05,0.0104038947622612,0.0040420954801975,0.0210785261099506,0.0506571315035599,0.0,0.0091834272205462,0.0048889672605628,0.0083532041601196,0.015980419726708,0.0031006991008299,0.3170077851205756,0.3174738173894708
1,JOINT_BIN,20264505,raw,1,0.0588362313670481,0.1175006829043914,0.013391786548754,0.000218359001858,0.0010413223026198,0.0008637717380153,0.02487625552632,0.0531429054991528,0.0,0.0395761122933135,0.0213375747606571,0.0206082660053124,0.0359627026949664,0.012760619157952,0.3234624906212126,0.320245316978868
1,JOINT_BIN,20264505,quantized,pooled,0.0156884144503997,0.0457004787966697,0.0037649357449183,1.3809090926518962e-05,0.0019880813780809,0.0034073736390416,0.0037329195070014,0.0043499059779134,0.0,0.0101960426333862,0.0058029440845581,0.0092773062354618,0.0151509478048313,0.0037528617454384,0.3176859570465219,0.317738171690903
1,JOINT_BIN,20264505,quantized,0,0.0161905811248425,0.0464700340725896,0.003240075817836,4.258324303162467e-05,0.0011185488579113,0.0040420954801975,0.0033472617722801,0.0039037534192508,0.0,0.0091834272205462,0.0048889672605628,0.0083532041601196,0.015980419726708,0.0032325111100736,0.3171106998936177,0.3174738173894706
1,JOINT_BIN,20264505,quantized,1,0.0595382041199579,0.1186231537817346,0.0122580361538221,0.0003001582369944,0.0101661329960139,0.0008637717380153,0.0080896976149302,0.014651510588218,0.0,0.0395761122933135,0.0213375747606571,0.0206082660053124,0.0359627026949664,0.0109878606063866,0.3243904313251259,0.320245316978868
1,JOINT_BIN,20264506,raw,pooled,0.0138614888258731,0.0440163585441985,0.0031675145702346,1.6591606273458348e-06,0.0084095972154902,0.0004747568289611,0.0204177968314703,0.0507595755698351,0.0,0.010367845235912,0.0068962885057805,0.0062811604090173,0.0151509478048313,0.003114760819686,0.3170127418737339,0.317738171690903
1,JOINT_BIN,20264506,raw,0,0.0152187308563328,0.0451494748953302,0.0043636824063719,1.3807314037214322e-05,0.006770603978076,0.0010248670767858,0.0205646603576529,0.0507316778656191,0.0,0.0102661483769498,0.0059774771701137,0.0040554489976042,0.015980419726708,0.0033221658693461,0.3157413661124609,0.3174738173894708
1,JOINT_BIN,20264506,raw,1,0.0367827987921284,0.1142876440446794,0.0123008750388375,0.0009203805069254,0.0215942847241028,0.0128047665826734,0.0257258857034803,0.0528282466271822,0.0,0.0204979901725098,0.0187300370512328,0.0299581830455002,0.0359627026949664,0.0106434175767294,0.3298645220047668,0.320245316978868
1,JOINT_BIN,20264506,quantized,pooled,0.0138520203018062,0.0438376215724069,0.0031515931784793,2.6738610131008325e-05,0.0030810156216167,0.0004747568289611,0.004345993348539,0.0042819357732798,0.0,0.010367845235912,0.0068962885057805,0.0062811604090173,0.0151509478048313,0.0029953752377833,0.3170625990082181,0.317738171690903
1,JOINT_BIN,20264506,quantized,0,0.015383227488169,0.0448315432810299,0.0045488205168619,9.533373064111877e-06,0.0047518396420965,0.0010248670767858,0.0044193029386608,0.0044541765059577,0.0,0.0102661483769498,0.0059774771701137,0.0040554489976042,0.015980419726708,0.0034737881438576,0.3157277120863914,0.3174738173894706
1,JOINT_BIN,20264506,quantized,1,0.0362782717352217,0.1141754971998196,0.0112034629832752,0.0010021797420619,0.0103868294254691,0.0128047665826734,0.0102602500791885,0.0133122901679096,0.0,0.0204979901725098,0.0187300370512328,0.0299581830455002,0.0359627026949664,0.0107315736955355,0.3311107553590697,0.320245316978868
1,JOINT_BIN,20264507,raw,pooled,0.0188096486481397,0.0474990102870442,0.0041750994063587,0.0001837407884563,0.0158121696950497,0.0072797764031376,0.0205928012939169,0.0508306781344696,0.0,0.0120062861890141,0.0054395341902817,0.0050754245934523,0.0151509478048313,0.0040118732612883,0.3185541778913981,0.317738171690903
1,JOINT_BIN,20264507,raw,0,0.0186599438289931,0.0501608515842393,0.0022339416891654,7.202784792537695e-06,0.0145907037541585,0.0037445186448345,0.0205067708212142,0.0507101876560995,0.0,0.0116011571436337,0.0037558264040274,0.0033631894502338,0.015980419726708,0.0022857489549534,0.3177379783708932,0.3174738173894708
1,JOINT_BIN,20264507,raw,1,0.0559710736932775,0.1226583938554566,0.0164172818788151,0.002838172537743,0.0261365667072817,0.0396026345029072,0.0263386308015195,0.0536656330701088,0.0,0.0312517486136728,0.0239975927574703,0.0342923474439262,0.0359627026949664,0.0149716044607646,0.3274959378241291,0.320245316978868
1,JOINT_BIN,20264507,quantized,pooled,0.0185725271495616,0.0475513142443327,0.0040393600826813,0.0001586613389526,0.0043215568579428,0.0072797764031376,0.0040676135879894,0.0047224080579539,0.0,0.0120062861890141,0.0054395341902817,0.0050754245934523,0.0151509478048313,0.0038951624475339,0.3186278231866177,0.317738171690903
1,JOINT_BIN,20264507,quantized,0,0.0185321538601121,0.0501179610066533,0.0023154248739165,2.9288438194352475e-06,0.0030682601339859,0.0037445186448345,0.0032981278708243,0.0037403756818021,0.0,0.0116011571436337,0.0037558264040274,0.0033631894502338,0.015980419726708,0.0023868239842681,0.317794804289228,0.3174738173894706
1,JOINT_BIN,20264507,quantized,1,0.0557288643646041,0.1216123589742977,0.0151547788087193,0.0029199717728794,0.014929111408648,0.0396026345029072,0.0112552545516573,0.0153855091885462,0.0,0.0312517486136728,0.0239975927574703,0.0342923474439262,0.0359627026949664,0.0145556479297559,0.3283973534333235,0.320245316978868
1,JOINT_BIN,20264508,raw,pooled,0.0151823506328313,0.0466815868850723,0.0080651467115014,6.183759110732316e-05,0.0168805101277766,0.0086437970529507,0.0212541769552926,0.050828928778644,0.0,0.0091343708430972,0.0032510980950605,0.0033293363299584,0.0151509478048313,0.0059429193602548,0.3119117826899714,0.317738171690903
1,JOINT_BIN,20264508,raw,0,0.0176475686554685,0.0502871042911839,0.007379219512657,5.3585817708471934e-05,0.0175654645250097,0.0091937978431872,0.0216502813986869,0.0507944688501268,0.0,0.0127269361009642,0.0037359145445783,0.0024543869602746,0.015980419726708,0.007238908192019,0.3125487877639991,0.3174738173894708
1,JOINT_BIN,20264508,raw,1,0.0466080795502167,0.1215634107571145,0.013539521607556,9.85743993732191e-05,0.0106737987919001,0.0052366398167949,0.0311139932719082,0.0554075203963777,0.0,0.0281552366400914,0.0195309927475193,0.0199213829967248,0.0359627026949664,0.0070590289222748,0.3095424797255482,0.320245316978868
1,JOINT_BIN,20264508,quantized,pooled,0.0152720737290408,0.0469087206288578,0.0078242551845252,8.691704061098565e-05,0.0053898972906696,0.0086437970529507,0.0032182506764341,0.0054152283888361,0.0,0.0091343708430972,0.0032510980950605,0.0033293363299584,0.0151509478048313,0.0062851154520891,0.3119050557225242,0.317738171690903
1,JOINT_BIN,20264508,quantized,0,0.0176789252211497,0.0504175193373861,0.0073707924704338,4.931187673536949e-05,0.0060430209048371,0.0091937978431872,0.0027485945605028,0.0053080265104791,0.0,0.0127269361009642,0.0037359145445783,0.0024543869602746,0.015980419726708,0.0076198464174672,0.3124230572832263,0.3174738173894706
1,JOINT_BIN,20264508,quantized,1,0.0463697818586942,0.1214449176595607,0.014281015671227,1.6775164236787488e-05,0.0005336565067335,0.0052366398167949,0.014781748754876,0.0171508057536999,0.0,0.0281552366400914,0.0195309927475193,0.0199213829967248,0.0359627026949664,0.0086117721087134,0.3110682021972488,0.320245316978868
1,JOINT_BIN,20264509,raw,pooled,0.017597198913317,0.047726808243878,0.0040655315603371,0.0001569081488422,0.0142924172446533,0.010252702858912,0.0203794543063763,0.0506793095147336,0.0,0.0112045383025036,0.0056040194556173,0.0058433024170462,0.0151509478048313,0.003610693848298,0.315807667738136,0.317738171690903
1,JOINT_BIN,20264509,raw,0,0.0170486863727771,0.0481212994110303,0.0025142003261574,9.290301911262494e-06,0.015075980400824,0.0098802481162967,0.0203400088619993,0.0506715201044482,0.0,0.0105122175093729,0.0032971033481146,0.0040939377696052,0.015980419726708,0.0029067023955359,0.3154607939788553,0.3174738173894708
1,JOINT_BIN,20264509,raw,1,0.0537361568192196,0.1182501462099855,0.0129226866975945,0.0016138031358849,0.0071577267828961,0.0143272870096241,0.0264690823444014,0.0516310420263751,0.0,0.0327360731593708,0.0288509317313719,0.0256928715936735,0.0359627026949664,0.0127865974784015,0.3185622234431098,0.320245316978868
1,JOINT_BIN,20264509,quantized,pooled,0.0177855342197526,0.0478286550243247,0.0039049151260681,0.0001318286993385,0.0028018044075463,0.010252702858912,0.0034391119013953,0.002972746501653,0.0,0.0112045383025036,0.0056040194556173,0.0058433024170462,0.0151509478048313,0.003971093732093,0.3157322130687425,0.317738171690903
1,JOINT_BIN,20264509,quantized,0,0.0170527087767735,0.0479024882104701,0.0031179834400052,5.016360938160047e-06,0.0035535367806514,0.0098802481162967,0.0036716532928227,0.0032437410693919,0.0,0.0105122175093729,0.0032971033481146,0.0040939377696052,0.015980419726708,0.0034489886958979,0.3153494887285242,0.3174738173894706
1,JOINT_BIN,20264509,quantized,1,0.0538301620624508,0.1176652174495146,0.0112970810948554,0.0016956023710213,0.0040497285157375,0.0143272870096241,0.0089369178220362,0.0081367248249128,0.0,0.0327360731593708,0.0288509317313719,0.0256928715936735,0.0359627026949664,0.0111370735349029,0.3195040524136966,0.320245316978868
1,JOINT_BIN,20264510,raw,pooled,0.0173412360225823,0.0468995215100396,0.0075831181261947,0.0004751435032914,0.010636522488262,0.0027881047862911,0.0251608187075956,0.0518854642720103,0.0,0.0130819408591455,0.007415846100979,0.006513774016362,0.0151509478048313,0.0069218663637324,0.314419759299499,0.317738171690903
1,JOINT_BIN,20264510,raw,0,0.0177303641306318,0.0484491577359569,0.0050287852393472,5.903051821014359e-05,0.0114597769299385,0.0044986620136089,0.024328716008501,0.0513925640162148,0.0,0.0129330371454362,0.0055145717166053,0.0052877501818503,0.015980419726708,0.0056151291168673,0.3145323807373276,0.3174738173894708
1,JOINT_BIN,20264510,raw,1,0.0454386281387536,0.1156320575946863,0.0171087732003151,0.0066114727579253,0.0030729007149467,0.0126007697761119,0.0390118872249475,0.0628988284712928,0.0,0.0271524606104065,0.0274301635889815,0.0344525960152408,0.0359627026949664,0.0163056352118216,0.31715929030661,0.320245316978868
1,JOINT_BIN,20264510,quantized,pooled,0.017577423135457,0.04705793175195,0.0072709110815296,0.0004500640537877,0.0008540903488448,0.0027881047862911,0.0094236516520037,0.0092845320363395,0.0,0.0130819408591455,0.007415846100979,0.006513774016362,0.0151509478048313,0.006790173754351,0.3142566907086209,0.317738171690903
1,JOINT_BIN,20264510,quantized,0,0.0180641491589446,0.0486811939453284,0.0053800709058882,5.475657723704114e-05,6.266669023403948e-05,0.0044986620136089,0.0083006577751156,0.0070342080558316,0.0,0.0129330371454362,0.0055145717166053,0.0052877501818503,0.015980419726708,0.0058263162431876,0.314356125257952,0.3174738173894706
1,JOINT_BIN,20264510,quantized,1,0.0451689007829651,0.1147324689491414,0.0164914487039693,0.0066932719930618,0.0081345545836869,0.0126007697761119,0.0222796693728043,0.0339024644472632,0.0,0.0271524606104065,0.0274301635889815,0.0344525960152408,0.0359627026949664,0.0165825787112364,0.317723783021302,0.320245316978868
1,JOINT_BIN,20264511,raw,pooled,0.0182126978257993,0.0453506861926017,0.0054962779746863,0.0001609147362839,0.0079286402368003,0.0016209913957206,0.0196710823750784,0.0507489067533887,0.0,0.0130116060879547,0.0059294375628188,0.0063727814682647,0.0151509478048313,0.0032397625258333,0.3129909946690666,0.317738171690903
1,JOINT_BIN,20264511,raw,0,0.0173952307138557,0.0472060390810263,0.0048642601142301,2.287844895341529e-06,0.0058701730175052,0.0039932636903521,0.0197138094917165,0.0508761567599878,0.0,0.0127331678011201,0.0053147385029894,0.0051884296853817,0.015980419726708,0.0025190531946868,0.3135381211022736,0.3174738173894708
1,JOINT_BIN,20264511,raw,1,0.0572100827720446,0.1197941591785512,0.0103425543832958,0.007590015562618,0.025917761175876,0.0196409508915899,0.0326962271142708,0.0558050485970661,0.0,0.046486883553518,0.0135492900909766,0.0236329071699054,0.0359627026949664,0.0099182511213988,0.3130260049210809,0.320245316978868
1,JOINT_BIN,20264511,quantized,pooled,0.0183276261431637,0.0451193170529182,0.0052241787794841,0.0001358352867802,0.0035619726003065,0.0016209913957206,0.0034315976639746,0.004319725277457,0.0,0.0130116060879547,0.0059294375628188,0.0063727814682647,0.0151509478048313,0.0027614252469466,0.3130654922192723,0.317738171690903
1,JOINT_BIN,20264511,quantized,0,0.0175674244872266,0.0468419338548002,0.004787571430935,6.561785868443976e-06,0.0056522706026673,0.0039932636903521,0.0037722898459725,0.0059012243674934,0.0,0.0127331678011201,0.0053147385029894,0.0051884296853817,0.015980419726708,0.0023842627645284,0.3135339353378291,0.3174738173894706
1,JOINT_BIN,20264511,quantized,1,0.0578185789307447,0.1201705075621606,0.0119952464452454,0.0075082163274816,0.0147103058772423,0.0196409508915899,0.019097133720497,0.017037088858297,0.0,0.046486883553518,0.0135492900909766,0.0236329071699054,0.0359627026949664,0.0105489667274583,0.3142570083819804,0.320245316978868
1,JOINT_BIN,20264512,raw,pooled,0.0185820577555904,0.0470061017312754,0.0026589461985574,6.584920700829309e-05,0.0091320753119697,0.0041116946217982,0.0223167418385052,0.0515001821612115,0.0,0.0125584569273866,0.0050452323736833,0.0060214645659577,0.0151509478048313,0.0021702669885075,0.3167908068567887,0.317738171690903
1,JOINT_BIN,20264512,raw,0,0.0185567718159418,0.0508272142961195,0.0015562762591607,1.1397572266949092e-05,0.0086052968742825,0.0040508638514628,0.0216818748938449,0.0513543089908193,0.0,0.0123827358333089,0.0044879244842784,0.0051393391317744,0.015980419726708,0.0015877817943799,0.3176336937090466,0.3174738173894708
1,JOINT_BIN,20264512,raw,1,0.0546543290453492,0.1182959679988073,0.0099057200203575,0.0004373204221341,0.0131912965892366,0.0056021964397755,0.0273654414324447,0.0545288692694783,0.0,0.0396552702684795,0.0169844361819453,0.0215693185885428,0.0359627026949664,0.0078353506293872,0.3103395969585105,0.320245316978868
1,JOINT_BIN,20264512,quantized,pooled,0.0181286390434369,0.0468241287063942,0.0022816505867937,4.07697575046306e-05,0.0023585375251372,0.0041116946217982,0.0053333183211371,0.0093206566823451,0.0,0.0125584569273866,0.0050452323736833,0.0060214645659577,0.0151509478048313,0.00209833497867,0.3169381844945937,0.317738171690903
1,JOINT_BIN,20264512,quantized,0,0.0182956079800439,0.050923754138347,0.0016989186917892,1.567151324005154e-05,0.0029171467458901,0.0040508638514628,0.0046508774945338,0.0093144529314907,0.0,0.0123827358333089,0.0044879244842784,0.0051393391317744,0.015980419726708,0.0016804946789753,0.3177238459807926,0.3174738173894706
1,JOINT_BIN,20264512,quantized,1,0.0550045944933847,0.118125504603085,0.0085957319513447,0.0003555211869976,0.0019838412906029,0.0056021964397755,0.011117845411613,0.0157098944976836,0.0,0.0396552702684795,0.0169844361819453,0.0215693185885428,0.0359627026949664,0.0044823056870583,0.3116495850275232,0.320245316978868
1,JOINT_BIN,20264513,raw,pooled,0.0164412662642893,0.0447078820672388,0.004506037385341,0.0001222972129464,0.0086600736118732,0.0047741810068464,0.0204221237038845,0.0508395172625004,0.0,0.0108583665241194,0.0030630234225885,0.0036679251585027,0.0151509478048313,0.0040106151126826,0.3152428776558905,0.317738171690903
1,JOINT_BIN,20264513,raw,0,0.0183166572529529,0.048952231556373,0.004830774163541,2.906196904965859e-06,0.010647342908162,0.0037947036218259,0.0214309447717291,0.0511805800215381,0.0,0.0134513023651403,0.0035998726188336,0.0038697996440936,0.015980419726708,0.0047087590447708,0.3168546459332204,0.3174738173894708
1,JOINT_BIN,20264513,raw,1,0.0563482863448644,0.1220533053433084,0.0122161563992504,0.0039141944999319,0.008680316444731,0.0123048569860715,0.0356227068522229,0.0639864668484801,0.0,0.0223897057628555,0.0180651200608461,0.0203029144904075,0.0359627026949664,0.0080147449139433,0.3080291605796176,0.320245316978868
1,JOINT_BIN,20264513,quantized,pooled,0.0165105752272858,0.0446841679737504,0.0044980849760128,0.00014737666245,0.0028305392252336,0.0047741810068464,0.0029165685320174,0.0050493682613847,0.0,0.0108583665241194,0.0030630234225885,0.0036679251585027,0.0151509478048313,0.0041495746992797,0.3152972203140797,0.317738171690903
1,JOINT_BIN,20264513,quantized,0,0.0182228077607833,0.0488121758506771,0.0049593689940311,1.367744068136588e-06,0.0008751007120105,0.0037947036218259,0.0036264826022144,0.0079063353677383,0.0,0.0134513023651403,0.0035998726188336,0.0038697996440936,0.015980419726708,0.0050188897592264,0.316793961910315,0.3174738173894706
1,JOINT_BIN,20264513,quantized,1,0.0569223151354851,0.1235557093162337,0.0107737454671991,0.0038323952647955,0.0198877717433648,0.0123048569860715,0.0184039473621149,0.0363194644069883,0.0,0.0223897057628555,0.0180651200608461,0.0203029144904075,0.0359627026949664,0.0078646521108256,0.3094715715116689,0.320245316978868
1,JOINT_BIN,20264514,raw,pooled,0.0162269696330497,0.0478611838752675,0.0112217506852217,0.0004891254305102,0.0066199164455639,0.0098855011036414,0.0224939813633389,0.0513017379430091,0.0,0.0102112460243459,0.0059740679887393,0.0064130668275406,0.0151509478048313,0.0071905791697147,0.3068379064977782,0.317738171690903
1,JOINT_BIN,20264514,raw,0,0.0188050914850287,0.050904527083693,0.0099459862062423,8.614736116741023e-05,0.0045777988375547,0.0118549463144338,0.0213076391481855,0.0510715903702072,0.0,0.0128998525579927,0.0057516210888057,0.0064258012421399,0.015980419726708,0.0067399774899108,0.3081088020494613,0.3174738173894708
1,JOINT_BIN,20264514,raw,1,0.0522124327010918,0.1172187519099662,0.0208492309345082,0.0027043827286686,0.0251217720568288,0.0070653282317732,0.0376651905123536,0.0594938894396857,0.0,0.0306221851851574,0.0090388606652119,0.0130828486483684,0.0359627026949664,0.007882827271839,0.2993960860443598,0.320245316978868
1,JOINT_BIN,20264514,quantized,pooled,0.0161663188313239,0.0477381367991456,0.0111045383911193,0.0004640459810066,0.004870696391543,0.0098855011036414,0.006756814307747,0.0071965028773966,0.0,0.0102112460243459,0.0059740679887393,0.0064130668275406,0.0151509478048313,0.006920425037151,0.306771874802097,0.317738171690903
1,JOINT_BIN,20264514,quantized,0,0.0187771441125602,0.0509869529991381,0.0100197816887681,8.187342019430778e-05,0.0069446447826178,0.0118549463144338,0.0053942350573722,0.0069876864126992,0.0,0.0128998525579927,0.0057516210888057,0.0064258012421399,0.015980419726708,0.006870623752927,0.3079662719366602,0.3174738173894706
1,JOINT_BIN,20264514,quantized,1,0.052369550097643,0.1161993203891595,0.0197441006114485,0.0026225834935321,0.0139143167581951,0.0070653282317732,0.0209098669021193,0.0246580329388256,0.0,0.0306221851851574,0.0090388606652119,0.0130828486483684,0.0359627026949664,0.0087617868865174,0.3005012163674195,0.320245316978868
1,JOINT_BIN,20264515,raw,pooled,0.0140804970858147,0.0458179367224348,0.0056508954824461,7.967004587734836e-05,0.0078780196357536,0.0006716487944187,0.0212964665169981,0.0512238262443442,0.0,0.0078528964471335,0.005035645401471,0.0066807253616781,0.0151509478048313,0.0053156595282749,0.3133745235691402,0.317738171690903
1,JOINT_BIN,20264515,raw,0,0.0158679423448473,0.0472128953889176,0.0053382127267222,1.3752519034990456e-05,0.0097776757472294,0.0005061050777178,0.0213334556121523,0.0511542068163041,0.0,0.0085783829778351,0.0042539254656528,0.0048662825979077,0.015980419726708,0.0045930464214025,0.3136742757703095,0.3174738173894708
1,JOINT_BIN,20264515,raw,1,0.0474402180198259,0.1184981274509175,0.0160742144006256,0.0012078787553239,0.0083499159760964,0.0031485002729358,0.0245273681100998,0.0531000235700489,0.0,0.0179511085741888,0.0175919973937375,0.0295700881999968,0.0359627026949664,0.0151684751180436,0.3104157530168095,0.320245316978868
1,JOINT_BIN,20264515,quantized,pooled,0.0137260853464947,0.0458946250170987,0.0060005788640279,5.459059637368587e-05,0.0036125932013533,0.0006716487944187,0.0062650875596569,0.0082171909233678,0.0,0.0078528964471335,0.005035645401471,0.0066807253616781,0.0151509478048313,0.0053862821645485,0.3132491805419923,0.317738171690903
1,JOINT_BIN,20264515,quantized,0,0.0158937119459268,0.0470073153079488,0.005653298478935,9.478578061888007e-06,0.0017447678729431,0.0005061050777178,0.0062283737255985,0.0077031667654146,0.0,0.0085783829778351,0.0042539254656528,0.0048662825979077,0.015980419726708,0.0048447779497222,0.3135263308416652,0.3174738173894706
1,JOINT_BIN,20264515,quantized,1,0.0474009015014266,0.1187567892628629,0.016464526415679,0.0011260795201875,0.0195573712747301,0.0031485002729358,0.0081284613705491,0.0146565545882305,0.0,0.0179511085741888,0.0175919973937375,0.0295700881999968,0.0359627026949664,0.0158122027740679,0.311192290125716,0.320245316978868
1,JOINT_BIN,20264516,raw,pooled,0.0165003711047078,0.0472811009569357,0.0078789741243465,0.0003098403911314,0.0178448354201067,0.0066554893685137,0.019512926750557,0.0506459750509248,0.0,0.0116132965557632,0.0052744100840927,0.0044231449066561,0.0151509478048313,0.006044812053384,0.3136604275693428,0.317738171690903
1,JOINT_BIN,20264516,raw,0,0.0182802954837996,0.0518422337088392,0.0073182222635695,5.362079220345211e-05,0.0183942149693778,0.0071880558369445,0.0195061990659254,0.0506956017545098,0.0,0.012770035567507,0.0044947816299153,0.0045068667167633,0.015980419726708,0.005678687921318,0.3125781359895672,0.3174738173894708
1,JOINT_BIN,20264516,raw,1,0.0439539317802951,0.1162491632062437,0.0091614956233972,0.0011839961486697,0.012408496998482,0.0010909737373948,0.0259606739724976,0.0529118072208389,0.0,0.029880960506771,0.0249159352804795,0.0272476491314077,0.0359627026949664,0.0091261966166606,0.3200778002436402,0.320245316978868
1,JOINT_BIN,20264516,quantized,pooled,0.0168169014930068,0.0471027186235198,0.0074709412799805,0.0002847609416278,0.0063542225829997,0.0066554893685137,0.0028665011539753,0.00340584773539,0.0,0.0116132965557632,0.0052744100840927,0.0044231449066561,0.0151509478048313,0.0058717447980465,0.3137683802089159,0.317738171690903
1,JOINT_BIN,20264516,quantized,0,0.0185622047143339,0.051875018208787,0.0071276311016689,4.934685123034966e-05,0.0068717713492052,0.0071880558369445,0.0029407808153641,0.0043956029062241,0.0,0.012770035567507,0.0044947816299153,0.0045068667167633,0.015980419726708,0.0056526565569191,0.3126356749827562,0.3174738173894706
1,JOINT_BIN,20264516,quantized,1,0.0440325932781526,0.1159613394649567,0.0070214731233977,0.0011021969135332,0.0012010416998483,0.0010909737373948,0.0099316363658544,0.0111963247493418,0.0,0.029880960506771,0.0249159352804795,0.0272476491314077,0.0359627026949664,0.0072884117734009,0.3213780883193765,0.320245316978868
1,JOINT_BIN,20264517,raw,pooled,0.0178136371734313,0.0476694828838196,0.0043240668670183,0.0001594507876857,0.0140912600744167,0.0039868133886708,0.0205928012939169,0.0506531848461412,0.0,0.0113026136385529,0.0043564393720649,0.0041437460770146,0.0151509478048313,0.002897326172083,0.3211687811854826,0.317738171690903
1,JOINT_BIN,20264517,raw,0,0.0184240017701739,0.0501720338653836,0.0034899481845183,1.6315014070013203e-05,0.0127652451746589,0.0031584624134793,0.0203161857249687,0.050552689504322,0.0,0.012440733755603,0.0035791466655246,0.0032247995615763,0.015980419726708,0.0029814846431279,0.3197280915845429,0.3174738173894708
1,JOINT_BIN,20264517,raw,1,0.0593624213706885,0.1179916300716506,0.0137422307812757,0.0079174951098383,0.0250736731078896,0.0120003359479898,0.0309650652919435,0.0540965656990527,0.0,0.0350452808120417,0.0219748889700637,0.0197852190688302,0.0359627026949664,0.015388308111287,0.3300327979870723,0.320245316978868
1,JOINT_BIN,20264517,quantized,pooled,0.0175190852717348,0.047453016331062,0.0040192268673373,0.000134371338182,0.0026006472373097,0.0039868133886708,0.0034334195192706,0.0027783251466404,0.0,0.0113026136385529,0.0043564393720649,0.0041437460770146,0.0151509478048313,0.0025623066778266,0.3213296351988196,0.317738171690903
1,JOINT_BIN,20264517,quantized,0,0.018224827809031,0.0501899020328028,0.0032941960759953,1.2041073096910756e-05,0.0012428015544862,0.0031584624134793,0.0027134517913411,0.001857498836513,0.0,0.012440733755603,0.0035791466655246,0.0032247995615763,0.015980419726708,0.0030090015826906,0.3198356175549516,0.3174738173894706
1,JOINT_BIN,20264517,quantized,1,0.0596719329640096,0.1194588225992587,0.0149391174336636,0.0079992943449747,0.0138662178092559,0.0120003359479898,0.0145661585523927,0.0156497000137115,0.0,0.0350452808120417,0.0219748889700637,0.0197852190688302,0.0359627026949664,0.0152224484397082,0.331469838707691,0.320245316978868
1,JOINT_BIN,20264518,raw,pooled,0.0176136634427586,0.0463213773127025,0.0080796563813823,0.0002324100882602,0.0171095293594003,0.0061466187211853,0.0212328422565385,0.0512857784968646,0.0,0.0110967597847437,0.0053338206642369,0.0044194197680904,0.0151509478048313,0.0090967576165029,0.3126225450847226,0.317738171690903
1,JOINT_BIN,20264518,raw,0,0.0165278391284186,0.0483788729829216,0.0093419365337471,0.0001775435815593,0.0148697575465978,0.0053152896807086,0.0208879410137051,0.051067347810499,0.0,0.0090176955454181,0.0054092301236136,0.0043062561471267,0.015980419726708,0.0083180965191886,0.312491208018091,0.3174738173894708
1,JOINT_BIN,20264518,raw,1,0.050409803752091,0.1177428577513735,0.0137462435741147,0.005601845363796,0.0371597938845912,0.0124105006955286,0.0371258337679448,0.0586082646634786,0.0,0.0313996385135802,0.0113692954565172,0.0107048668365461,0.0359627026949664,0.0127301779603976,0.3173611351300908,0.320245316978868
1,JOINT_BIN,20264518,quantized,pooled,0.0175643187095727,0.0462663777177699,0.0081573058284588,0.0002073306387566,0.0056189165222933,0.0061466187211853,0.0045019778044815,0.0077332464007162,0.0,0.0110967597847437,0.0053338206642369,0.0044194197680904,0.0151509478048313,0.0088500831648127,0.312517302359623,0.317738171690903
1,JOINT_BIN,20264518,quantized,0,0.0166773906856239,0.0481574420437469,0.0096367683239506,0.0001732696405862,0.0033473139264252,0.0053152896807086,0.0048307310436784,0.0065882782147995,0.0,0.0090176955454181,0.0054092301236136,0.0043062561471267,0.015980419726708,0.0084348440171995,0.3123050592192509,0.3174738173894706
1,JOINT_BIN,20264518,quantized,1,0.0504696163553733,0.118763056817017,0.0110591213572747,0.0056836445989324,0.0259523385859575,0.0124105006955286,0.0217268603661716,0.0239626405842047,0.0,0.0313996385135802,0.0113692954565172,0.0107048668365461,0.0359627026949664,0.0100318443566101,0.3185509212718999,0.320245316978868
1,JOINT_BIN,20264519,raw,pooled,0.0162152104162782,0.0461401465798529,0.002980677522947,0.0001849579262234,0.0113028606518928,0.0015013663214987,0.021424854545325,0.0507765109125545,0.0,0.0095842993938108,0.0071495303011371,0.008664346843904,0.0151509478048313,0.0035825859836,0.3193923452847577,0.317738171690903
1,JOINT_BIN,20264519,raw,0,0.0164518531471674,0.0486574821844683,0.0030880021349151,2.200671679266974e-06,0.0113673677118804,0.0032675237342404,0.021733821623415,0.0508512888051077,0.0,0.0104505290282477,0.0052469019604353,0.0058777944501344,0.015980419726708,0.0028727386144903,0.3185298705291547,0.3174738173894708
1,JOINT_BIN,20264519,raw,1,0.0440444784411311,0.1114199637910486,0.0178426852340421,0.0110854394606903,0.0101974109272264,0.014493060824597,0.0324309806361493,0.0571070778955128,0.0,0.0241728354131678,0.0293172287107926,0.035362781327613,0.0359627026949664,0.0201805184416507,0.3322268120069979,0.320245316978868
1,JOINT_BIN,20264519,quantized,pooled,0.0160483144144573,0.0458827592491075,0.0025709610677983,0.0001598784767197,0.0001877521852141,0.0015013663214987,0.0034705313763641,0.0050869599900133,0.0,0.0095842993938108,0.0071495303011371,0.008664346843904,0.0151509478048313,0.0032156581096459,0.3195826591004928,0.317738171690903
1,JOINT_BIN,20264519,quantized,0,0.0166017021986468,0.048475192195745,0.0031145959413914,2.073269293835473e-06,0.0001550759082921,0.0032675237342404,0.0053641385668185,0.0056924343303845,0.0,0.0104505290282477,0.0052469019604353,0.0058777944501344,0.015980419726708,0.0026976336223859,0.3186665543592136,0.3174738173894706
1,JOINT_BIN,20264519,quantized,1,0.0450426321620977,0.1114957658512896,0.0149468402583618,0.0111672386958268,0.0010100443714072,0.014493060824597,0.01729865612445,0.023697802715995,0.0,0.0241728354131678,0.0293172287107926,0.035362781327613,0.0359627026949664,0.0164931009482338,0.3334355358983759,0.320245316978868
1,JOINT_BIN,20264520,raw,pooled,0.0191984548600871,0.0448604056605946,0.0079034558770662,0.0001150935442658,0.0005520308874944,0.0010058192492187,0.02292067533842,0.0513155278394517,0.0,0.0134096831563103,0.0060639497455624,0.0087051731629498,0.0151509478048313,0.0051157903476146,0.3130658395105147,0.317738171690903
1,JOINT_BIN,20264520,raw,0,0.0178568698904027,0.0469709635045464,0.0054050658992885,8.580463233265605e-07,0.0010853149483187,0.0003519510903032,0.0239520073585914,0.0513201566441827,0.0,0.0111509035850684,0.0052104631500198,0.0070272538847992,0.015980419726708,0.0037262155576205,0.3138138298655914,0.3174738173894708
1,JOINT_BIN,20264520,raw,1,0.0678301543199038,0.1177708522237414,0.0230317586246138,0.0042687084584913,0.0036437403521624,0.0074105680516118,0.0263059940884115,0.0528608315030081,0.0,0.0476660273522557,0.0214995910838017,0.0250810743028179,0.0359627026949664,0.0198803347697546,0.3054914097728256,0.320245316978868
1,JOINT_BIN,20264520,quantized,pooled,0.0186804306635477,0.0447328890523854,0.0075197140887436,9.001409476216537e-05,0.0120426437246014,0.0010058192492187,0.0071835082828281,0.0073574677752032,0.0,0.0134096831563103,0.0060639497455624,0.0087051731629498,0.0151509478048313,0.0047765725790032,0.3131686430347109,0.317738171690903
1,JOINT_BIN,20264520,quantized,0,0.01748137891411,0.0470004693488817,0.0052727892727547,5.131987296429008e-06,0.0126077585684913,0.0003519510903032,0.0080386032677781,0.0072012496793262,0.0,0.0111509035850684,0.0052104631500198,0.0070272538847992,0.015980419726708,0.0037963067813809,0.3138367149606353,0.3174738173894706
1,JOINT_BIN,20264520,quantized,1,0.06772367576126,0.1180201576344325,0.0207364647754336,0.0041869092233549,0.0075637149464712,0.0074105680516118,0.0094404517912313,0.0124071433391123,0.0,0.0476660273522557,0.0214995910838017,0.0250810743028179,0.0359627026949664,0.0176015670825061,0.3069421768680886,0.320245316978868
1,JOINT_BIN,20264521,raw,pooled,0.0152552702823711,0.0451979935862713,0.0035255389936716,0.0001039607235471,0.003960851135528,0.0031618515882108,0.0212352341368498,0.0508574064283601,0.0,0.0095145957410845,0.0064152384785057,0.0070210469508822,0.0151509478048313,0.0028790937024347,0.3144188632773696,0.317738171690903
1,JOINT_BIN,20264521,raw,0,0.0153322296850204,0.0460964443432374,0.003745363872573,6.062717688615931e-05,0.0029213337909337,0.000910925218941,0.0207926484655823,0.0507294687131912,0.0,0.007196174140768,0.0049111201459044,0.0055677488646238,0.015980419726708,0.0032021646181475,0.3161008791863993,0.3174738173894708
1,JOINT_BIN,20264521,raw,1,0.0598696456415079,0.1215695221022148,0.0153188272074439,0.0011667710872414,0.0111487808108402,0.0381932220109462,0.0425519017686402,0.0638458110735497,0.0,0.0418186882328394,0.024220240189199,0.0271470373289216,0.0359627026949664,0.0155615348411706,0.3049264897714241,0.320245316978868
1,JOINT_BIN,20264521,quantized,pooled,0.0151335640467258,0.0446667020586879,0.00312670981671,7.888127404349302e-05,0.0075297617015789,0.0031618515882108,0.0054980670812578,0.0041169320847624,0.0,0.0095145957410845,0.0064152384785057,0.0070210469508822,0.0151509478048313,0.0026106068035829,0.3147468476824954,0.317738171690903
1,JOINT_BIN,20264521,quantized,0,0.0154170185217688,0.0460512685308541,0.0034873963535952,5.635323591305687e-05,0.0086011098292388,0.000910925218941,0.0037027923281936,0.0044807371815721,0.0,0.007196174140768,0.0049111201459044,0.0055677488646238,0.015980419726708,0.0031081594984546,0.3164663301289145,0.3174738173894706
1,JOINT_BIN,20264521,quantized,1,0.0597699572594328,0.1210248846887637,0.0147406981319842,0.0012485703223778,5.867448779342532e-05,0.0381932220109462,0.026219657251608,0.032595417514806,0.0,0.0418186882328394,0.024220240189199,0.0271470373289216,0.0359627026949664,0.014954159688543,0.3055046188468838,0.320245316978868
1,JOINT_BIN,20264522,raw,pooled,0.0169589900871922,0.0468893341576021,0.0037734196410127,5.032278018887726e-06,0.0070754481305105,0.0022599504232958,0.023511328150808,0.0520916187799514,0.0,0.0114443889772094,0.0046936580369035,0.0061268312392336,0.0151509478048313,0.0026524372356482,0.3158593228437588,0.317738171690903
1,JOINT_BIN,20264522,raw,0,0.0160215330707805,0.0485068208276817,0.0028247644555317,1.9552650825764448e-05,0.0071732219447831,0.0054164051734066,0.0239713689530407,0.0520875877551227,0.0,0.0100753393822387,0.0034974005721685,0.0044457990132864,0.015980419726708,0.0032952817696312,0.3160731194643715,0.3174738173894708
1,JOINT_BIN,20264522,raw,1,0.0648605436809499,0.1231019192305519,0.015012587703554,0.0024836313710465,0.0058059679181573,0.0260556131660109,0.0263656034042174,0.0551477028126015,0.0,0.039242828714993,0.0203581760862406,0.023160505090621,0.0359627026949664,0.0145170381366254,0.312202820763944,0.320245316978868
1,JOINT_BIN,20264522,quantized,pooled,0.0169023391546532,0.0467980900305023,0.003351537471586,2.0047171484774765e-05,0.0044151647065964,0.0022599504232958,0.0076011430383614,0.0109704495424981,0.0,0.0114443889772094,0.0046936580369035,0.0061268312392336,0.0151509478048313,0.0023184918676548,0.3160451429696681,0.317738171690903
1,JOINT_BIN,20264522,quantized,0,0.0160204726011053,0.0485488923159448,0.0026578901719356,1.5278709852662e-05,0.0043492216753894,0.0054164051734066,0.0081288153774563,0.0115865867588379,0.0,0.0100753393822387,0.0034974005721685,0.0044457990132864,0.015980419726708,0.0032954306597488,0.3162799925773282,0.3174738173894706
1,JOINT_BIN,20264522,quantized,1,0.0639322243434999,0.1237382509450916,0.013060877284233,0.0025654306061829,0.0054014873804763,0.0260556131660109,0.0110478745861386,0.0193819963780312,0.0,0.039242828714993,0.0203581760862406,0.023160505090621,0.0359627026949664,0.0115379653213062,0.313029694119385,0.320245316978868
1,JOINT_BIN,20264523,raw,pooled,0.0160528912911849,0.0462350345820051,0.0058404581507304,7.730257406983118e-05,0.0079754658398241,0.0028242462808703,0.0258574454375989,0.0522440292595635,0.0,0.0075719801008884,0.0037466030643406,0.003611118567479,0.0151509478048313,0.0033330875367295,0.3235786298416335,0.317738171690903
1,JOINT_BIN,20264523,raw,0,0.0169411094111905,0.0477965837473692,0.0068220552971749,8.456435332129342e-06,0.006504294106271,0.0020832296746352,0.0244599209268102,0.0516999816789102,0.0,0.0090210656941257,0.0027850816671362,0.0038508027567397,0.015980419726708,0.0025114217540153,0.3242958726866456,0.3174738173894708
1,JOINT_BIN,20264523,raw,1,0.0558505441380758,0.1209672503103477,0.0070729935632067,0.0003324897754143,0.0208968092413112,0.0100500173794834,0.0383991421269083,0.0650011563231751,0.0,0.0280749285490512,0.0168018927906987,0.0170886710827246,0.0359627026949664,0.0070102181999841,0.3205652942889946,0.320245316978868
1,JOINT_BIN,20264523,quantized,pooled,0.01614995074619,0.046499993942761,0.0058901640003332,5.222312456616869e-05,0.019466078676931,0.0028242462808703,0.0097959973638917,0.0104937286483248,0.0,0.0075719801008884,0.0037466030643406,0.003611118567479,0.0151509478048313,0.0032620969829912,0.3236283356912362,0.317738171690903
1,JOINT_BIN,20264523,quantized,0,0.0170976016980414,0.048143764731873,0.0067992507888789,1.2730376305231787e-05,0.0180267377264436,0.0020832296746352,0.0084691990599373,0.0080312476142609,0.0,0.0090210656941257,0.0027850816671362,0.0038508027567397,0.015980419726708,0.0028742113636058,0.3242730681783496,0.3174738173894706
1,JOINT_BIN,20264523,quantized,1,0.0553703625362122,0.1210023603681898,0.0059388374774936,0.0004142890105507,0.0321042645399449,0.0100500173794834,0.0216669242747651,0.0373355682899968,0.0,0.0280749285490512,0.0168018927906987,0.0170886710827246,0.0359627026949664,0.0053976376328487,0.3218081954334973,0.320245316978868
1,JOINT_BIN,20264524,raw,pooled,0.0162008380595306,0.0470038227248072,0.0055310008105834,0.0003076596591072,0.0009254691215175,0.003774299569848,0.0218942179179142,0.0508698524765363,0.0,0.0082472529432278,0.0038132162668326,0.0050584953779554,0.0151509478048313,0.0038357432216981,0.3131015925696524,0.317738171690903
1,JOINT_BIN,20264524,raw,0,0.0163205169461529,0.0516840425633952,0.004408828026531,5.671085514181138e-05,0.0019402867552582,0.0033227292024503,0.0219123359060245,0.0508673437587179,0.0,0.0090967864166857,0.0036101809381949,0.0046131839134109,0.015980419726708,0.0038552915616311,0.3135347272025859,0.3174738173894708
1,JOINT_BIN,20264524,raw,1,0.0625972797661884,0.1283064327383096,0.0132905095535745,0.0098535070399765,0.0081148763963133,0.0085327394241158,0.0278970917189398,0.0526132257549685,0.0,0.0424380506336013,0.0171088987215461,0.0220567443534031,0.0359627026949664,0.0138193333171074,0.3111023134713854,0.320245316978868
1,JOINT_BIN,20264524,quantized,pooled,0.0161346652865545,0.046911818791503,0.0050239172698232,0.0002825802096035,0.0105651437155894,0.003774299569848,0.0029667342604011,0.0058919152567452,0.0,0.0082472529432278,0.0038132162668326,0.0050584953779554,0.0151509478048313,0.0034986585999891,0.3134061951632831,0.317738171690903
1,JOINT_BIN,20264524,quantized,0,0.0165350908386635,0.0515230843890082,0.0040921295371074,5.243691416870894e-05,0.0095821568649143,0.0033227292024503,0.0033691210536061,0.006195849363322,0.0,0.0090967864166857,0.0036101809381949,0.0046131839134109,0.015980419726708,0.0033854447223988,0.3137865759178475,0.3174738173894706
1,JOINT_BIN,20264524,quantized,1,0.0625732705274391,0.1290026178793357,0.0141889823997207,0.0097717078048401,0.019322331694947,0.0085327394241158,0.0110566566804043,0.0111009010729117,0.0,0.0424380506336013,0.0171088987215461,0.0220567443534031,0.0359627026949664,0.0136278333504771,0.3124303016365651,0.320245316978868
1,JOINT_BIN,20264525,raw,pooled,0.014927661499204,0.0485051581281919,0.0107772879845524,0.0006002054968134,0.0072694324881006,0.0055283865251917,0.0207634788839493,0.0508085282674649,0.0,0.0086974440551656,0.0087395590997191,0.011443079781249,0.0151509478048313,0.007292193526741,0.3091378004099911,0.317738171690903
1,JOINT_BIN,20264525,raw,0,0.0155137816143447,0.0490831974760477,0.0106219385593088,0.00011178992638,0.010508610644045,0.0046968442490055,0.0206735327804289,0.0507228405651924,0.0,0.0098316293539109,0.0064884838090407,0.0082376228837097,0.015980419726708,0.006875745810282,0.3084363233640979,0.3174738173894708
1,JOINT_BIN,20264525,raw,1,0.0491577008601916,0.1175506682634685,0.0096802428394289,0.0092583012707703,0.0208647603076267,0.0143969841581289,0.037282863059674,0.0556473562386091,0.0,0.0234492625131982,0.0317465484647578,0.0430788206304198,0.0359627026949664,0.0099216705398415,0.318931694587178,0.320245316978868
1,JOINT_BIN,20264525,quantized,pooled,0.0150152264526395,0.0483435259289614,0.0104819059042504,0.0005751260473098,0.0042211803490063,0.0055283865251917,0.0036395229023999,0.0048225015070495,0.0,0.0086974440551656,0.0087395590997191,0.011443079781249,0.0151509478048313,0.0066704302744202,0.3091876403750866,0.317738171690903
1,JOINT_BIN,20264525,quantized,0,0.0157688703250491,0.048798653941509,0.0105184636768471,0.0001075159854069,0.0010138329761276,0.0046968442490055,0.0028454882672414,0.004097228916758,0.0,0.0098316293539109,0.0064884838090407,0.0082376228837097,0.015980419726708,0.0065687067942757,0.3084360169135891,0.3174738173894706
1,JOINT_BIN,20264525,quantized,1,0.0487948094684988,0.1172969237314053,0.0106546392403011,0.0091765020356339,0.0320722156062604,0.0143969841581289,0.0210172807651603,0.0171305358271805,0.0,0.0234492625131982,0.0317465484647578,0.0430788206304198,0.0359627026949664,0.0105740169594731,0.3199115011260662,0.320245316978868
1,JOINT_BIN,20264526,raw,pooled,0.0145771431806692,0.0470267657258566,0.0045269876919199,0.000166739565786,0.0151152903600008,0.0010479304295679,0.020999379571859,0.0509417852977697,0.0,0.0074289471338256,0.0055893116676513,0.0053527372897663,0.0151509478048313,0.0044302908420135,0.3182215821706268,0.317738171690903
1,JOINT_BIN,20264526,raw,0,0.0171467994580491,0.0506032715889392,0.0027894474743161,8.670009274503512e-06,0.0113129909010235,0.0005779902308952,0.021457583416077,0.0511911700130049,0.0,0.0080444747024622,0.0054222245683431,0.0057047094879733,0.015980419726708,0.0027344364610216,0.3177452098876124,0.3174738173894708
1,JOINT_BIN,20264526,raw,1,0.0500308322301433,0.1099935553788445,0.0157667332874141,0.0059345751848545,0.0449900025858842,0.0165911700335256,0.0267741001362435,0.0559205470935197,0.0,0.0376207902946221,0.0132822881905352,0.013945765417845,0.0359627026949664,0.0164684811610416,0.3248779465441335,0.320245316978868
1,JOINT_BIN,20264526,quantized,pooled,0.0144562081795975,0.0469366996240949,0.004517157854338,0.0001416601162823,0.0036246775228938,0.0010479304295679,0.0046827168379579,0.0059250814434141,0.0,0.0074289471338256,0.0055893116676513,0.0053527372897663,0.0151509478048313,0.0044478681463429,0.3181656661660545,0.317738171690903
1,JOINT_BIN,20264526,quantized,0,0.0169478411796937,0.0505042259076274,0.0032597900066906,1.294395024760596e-05,0.0002094527191491,0.0005779902308952,0.0051083882238369,0.0077805591391631,0.0,0.0080444747024622,0.0054222245683431,0.0057047094879733,0.015980419726708,0.0032302945296376,0.3176560126621492,0.3174738173894706
1,JOINT_BIN,20264526,quantized,1,0.0501775203659623,0.1099197952719991,0.0142862272608174,0.0060163744199909,0.0337825472872505,0.0165911700335256,0.0114563713181647,0.021913342701047,0.0,0.0376207902946221,0.0132822881905352,0.013945765417845,0.0359627026949664,0.0131349527856259,0.3257489682327251,0.320245316978868
1,JOINT_BIN,20264527,raw,pooled,0.014605040147935,0.0445855064847058,0.0040387874341095,8.812305041599154e-05,0.0066651032689213,0.0125521633150938,0.0241293348385206,0.0528841849066032,0.0,0.0085540410362069,0.0024380001651196,0.0027314305334485,0.0151509478048313,0.0029945535251839,0.3143816808908596,0.317738171690903
1,JOINT_BIN,20264527,raw,0,0.0171603603059438,0.0474928024638446,0.0041270686977431,7.332836272856008e-05,0.0107938740249567,0.0127486077069669,0.0237872387263128,0.0527317080550384,0.0,0.0080957647680973,0.003446475195983,0.0035228909892829,0.015980419726708,0.0037258872293951,0.3161084690305666,0.3174738173894708
1,JOINT_BIN,20264527,raw,1,0.0504641271326102,0.1131037793258366,0.0189007535680765,0.0016590497160351,0.0305697689928355,0.0117556807277988,0.0333549931093918,0.0575582214050426,0.0,0.0305359764996323,0.0153158430711894,0.0159748294570334,0.0359627026949664,0.0173059167825329,0.3026226053917804,0.320245316978868
1,JOINT_BIN,20264527,quantized,pooled,0.0147089255338891,0.0447375615161419,0.0043223141820958,6.304360091232905e-05,0.0048255095681855,0.0125521633150938,0.0085692350250947,0.0135514125540034,0.0,0.0085540410362069,0.0024380001651196,0.0027314305334485,0.0151509478048313,0.0029227103391565,0.3145155201483667,0.317738171690903
1,JOINT_BIN,20264527,quantized,0,0.0174061388095835,0.0476051258971699,0.0041619000643588,6.905442175545763e-05,0.0007285695952158,0.0127486077069669,0.008682156839759,0.0138059908525812,0.0,0.0080957647680973,0.003446475195983,0.0035228909892829,0.015980419726708,0.0036125238983907,0.3162549008229912,0.3174738173894706
1,JOINT_BIN,20264527,quantized,1,0.0500667851040393,0.1112969493666806,0.0187594068203579,0.0015772504808986,0.0417772242914692,0.0117556807277988,0.0176893708175446,0.0228203069788178,0.0,0.0305359764996323,0.0153158430711894,0.0159748294570334,0.0359627026949664,0.0143074778792396,0.3033443467099797,0.320245316978868
1,JOINT_BIN,20264528,raw,pooled,0.0197990188602729,0.0463329803347075,0.0068222757708732,0.0003843570882317,0.0064173946705225,0.0019374482585343,0.0217899363044551,0.0508736356023688,0.0,0.017099632657915,0.0075768860598528,0.009585735030471,0.0151509478048313,0.0066106258940814,0.3166760322552823,0.317738171690903
1,JOINT_BIN,20264528,raw,0,0.0220181374447504,0.0486288258647944,0.003935127722143,3.3457498431215777e-06,0.0065683567541909,0.0012217765361509,0.0211408771889707,0.0508041380045771,0.0,0.016725080348258,0.0077136075856315,0.0089591884413225,0.015980419726708,0.0035148583955595,0.3153411409344475,0.3174738173894708
1,JOINT_BIN,20264528,raw,1,0.0544713184108635,0.1169167622683196,0.0300109710646831,0.0201409829171346,0.0048605500836339,0.0297214890791321,0.0314122032387383,0.0544005910221838,0.0,0.0336783180905475,0.015623224039822,0.0170914203639865,0.0359627026949664,0.0319730734214864,0.3303011753507182,0.320245316978868
1,JOINT_BIN,20264528,quantized,pooled,0.0197595174310967,0.0461907405205281,0.0063971555789181,0.0003592776387281,0.0050732181665843,0.0019374482585343,0.0060527692488632,0.0044408864281723,0.0,0.017099632657915,0.0075768860598528,0.009585735030471,0.0151509478048313,0.0061344210105618,0.316570298304058,0.317738171690903
1,JOINT_BIN,20264528,quantized,0,0.02227477537881,0.0489287853905142,0.0042138476750043,7.619690816224025e-06,0.0049540868659816,0.0012217765361509,0.0052274730981574,0.0047767279207577,0.0,0.016725080348258,0.0077136075856315,0.0089591884413225,0.015980419726708,0.003752805438777,0.3152179730193835,0.3174738173894706
1,JOINT_BIN,20264528,quantized,1,0.0549050112283538,0.1183651700895333,0.026007970129701,0.0202227821522711,0.0063469052149997,0.0297214890791321,0.0145466609415581,0.016238412814687,0.0,0.0336783180905475,0.015623224039822,0.0170914203639865,0.0359627026949664,0.0283335473642959,0.3310828392206072,0.320245316978868
1,JOINT_BIN,20264529,raw,pooled,0.0162076186729035,0.0445510029912836,0.0052013328495303,2.2101002596461305e-05,0.0085898546340987,0.0066323852548824,0.0211901728590304,0.0509468814571021,0.0,0.0108220412784009,0.0046859736371293,0.0072686417281899,0.0151509478048313,0.0048976128103217,0.3192657662505748,0.317738171690903
1,JOINT_BIN,20264529,raw,0,0.0169391527288994,0.0499387837344747,0.004767688673166,2.955974400313218e-05,0.0090148499943748,0.0030563854844586,0.0214596963024414,0.0509606132712127,0.0,0.0105792934622529,0.004422277308403,0.0065185646834869,0.015980419726708,0.0050714111019759,0.3190150711327574,0.3174738173894708
1,JOINT_BIN,20264529,raw,1,0.0558977137323314,0.1230620493083571,0.0225966744726722,0.0093357033198525,0.0044933451810949,0.0381141346525075,0.025844954562942,0.0524030718423361,0.0,0.0331643663099056,0.0135591660859831,0.0162831497498167,0.0359627026949664,0.0228668176939117,0.3188904462126318,0.320245316978868
1,JOINT_BIN,20264529,quantized,pooled,0.0163246493548811,0.044651836152171,0.0049533211900047,2.978446907201185e-06,0.0029007582030082,0.0066323852548824,0.0036855271225992,0.0060998976668181,0.0,0.0108220412784009,0.0046859736371293,0.0072686417281899,0.0151509478048313,0.0047932091091744,0.3192265196637022,0.317738171690903
1,JOINT_BIN,20264529,quantized,0,0.0169676578171902,0.0500201263287785,0.0047744548921213,2.5285803030029733e-05,0.0025075936257977,0.0030563854844586,0.0042456440414548,0.006590784481339,0.0,0.0105792934622529,0.004422277308403,0.0065185646834869,0.015980419726708,0.0051188299128571,0.3189998322838858,0.3174738173894706
1,JOINT_BIN,20264529,quantized,1,0.0551258384044619,0.1230299383049865,0.0215100509304297,0.0094175025549889,0.0067141101175387,0.0381141346525075,0.0101372190655698,0.010566941172681,0.0,0.0331643663099056,0.0135591660859831,0.0162831497498167,0.0359627026949664,0.0216281488145298,0.3195409088836849,0.320245316978868
1,JOINT_BIN,20264530,raw,pooled,0.0132544525761003,0.044801887016495,0.0083905237254822,0.0002942642993575,0.0037072728687821,0.0047571548080727,0.0208011218328882,0.0507252783047754,0.0,0.0081739546430019,0.0056314792742714,0.0064617368134263,0.0151509478048313,0.0047875458209897,0.3110962368159624,0.317738171690903
1,JOINT_BIN,20264530,raw,0,0.0142341467698902,0.0459955310890051,0.0090022994445776,3.240287588533329e-05,0.0035553518870533,0.0032887086443293,0.0209594104247972,0.0507130021040504,0.0,0.0088653087059368,0.0052761871997253,0.0058744268663337,0.015980419726708,0.0047269207338616,0.3102989314645207,0.3174738173894708
1,JOINT_BIN,20264530,raw,1,0.0581167216003138,0.1193852147799817,0.0135812861542224,0.0016581723917593,0.0040895178518098,0.0183245475919347,0.0278402872270388,0.0568359990914329,0.0,0.0379142698626886,0.0202098111384722,0.0239861458564803,0.0359627026949664,0.0136569898314963,0.3206265290845366,0.320245316978868
1,JOINT_BIN,20264530,quantized,pooled,0.0133103566044929,0.044456769235319,0.0081053254586048,0.0002691848498538,0.0077833399683247,0.0047571548080727,0.004739673759181,0.0033248611554164,0.0,0.0081739546430019,0.0056314792742714,0.0064617368134263,0.0151509478048313,0.0048517060251374,0.3111502745421958,0.317738171690903
1,JOINT_BIN,20264530,quantized,0,0.0143316013574771,0.0455382828409727,0.0089371547453794,2.812893491223084e-05,0.0079670917331192,0.0032887086443293,0.0047289665461199,0.0036652218602896,0.0,0.0088653087059368,0.0052761871997253,0.0058744268663337,0.015980419726708,0.0048093301897491,0.3102518090457401,0.3174738173894706
1,JOINT_BIN,20264530,quantized,1,0.0585532348220945,0.1209287784998971,0.0130772475430291,0.0015763731566229,0.0071179374468238,0.0183245475919347,0.0122888049293444,0.0244018174591883,0.0,0.0379142698626886,0.0202098111384722,0.0239861458564803,0.0359627026949664,0.0134811535001674,0.3220774891176741,0.320245316978868
