family,kappa,index,variant,tape,group,entities,events,gap_conditioned_mark_tv,transition_conditioned_mark_tv,short_gap_repeat_curve_l1,gap_repeat_mi_error,gap_lag1_acf_error,amount_lag1_acf_error,gap_ks,gap_scaled_w1,gap_zero_rate_error,mark_sparse_tv,amount_ks,amount_scaled_w1,length_scaled_w1,repeat_level_reference_weighted,reference_repeat_level,null_centered_shape_l1
argn_original,0,20260920,raw,20261001,pooled,2048,48920,0.017036293554549675,0.14551860505630623,0.24973195232436604,1.7458893045627826e-05,0.018791870354638904,0.0038325199776327147,0.006571928688206885,0.04173740430683098,0.0,0.00921526921959245,0.005589373571317613,0.01243395465112218,0.015150947804831307,0.06223910400515434,0.3119710563295204,0.0009445429925102359
argn_original,0,20260920,raw,20261001,0,1834,43810,0.015932303639076387,0.1474408275752797,0.25058141891828634,3.622910232260724e-05,0.018760211748074948,0.0035617448998246583,0.006493362964781313,0.043976937589062584,0.0,0.007576702981766594,0.005637203925190626,0.011967252110175481,0.015980419726708005,0.061578558589269736,0.3121599775075561,0.0016358244053805457
argn_original,0,20260920,raw,20261001,1,214,5110,0.0434551540154573,0.18971888243932444,0.24251756294598092,0.00026397165124775093,0.019509313750307414,0.006792389943075454,0.010243965761759566,0.044040130053718055,0.0,0.02270733776427977,0.014582269163618267,0.026954045358826447,0.03596270269496643,0.06766175843259382,0.31017932137857473,0.007079517343253416
argn_original,0,20260920,raw,20261002,pooled,2048,48920,0.014913614336963203,0.15007578745699413,0.2543960846189455,1.779486496765242e-05,0.0172453344046907,0.0024647078042114336,0.006420171940402897,0.035958862818171684,2.1334698754053594e-05,0.008624433600759988,0.00547811262980713,0.013385424193084564,0.015150947804831307,0.057574971710574865,0.3119710563295204,0.0025055199431650173
argn_original,0,20260920,raw,20261002,0,1834,43810,0.016426479458919393,0.15206069143706216,0.25470313548882534,3.0187781253139507e-05,0.01660158034931826,0.003051992117642414,0.007411873415326786,0.036889916860154255,2.38231370306842e-05,0.008637111816505026,0.005567570687481593,0.014042580915150258,0.015980419726708005,0.05745684201873071,0.3121599775075561,0.003003531230694646
argn_original,0,20260920,raw,20261002,1,214,5110,0.0413839917424864,0.19110430655158123,0.2515847360944251,3.721280953033915e-05,0.023091889705603635,0.0027813337778227125,0.009763891557556276,0.05457177490492357,0.0,0.015408577414174441,0.013607220927508434,0.01671238263674877,0.03596270269496643,0.058594585284149646,0.31017932137857473,0.007976907776811995
argn_original,0,20260920,raw,20261003,pooled,2048,48920,0.015826511791142545,0.15461536480874608,0.2535404481094481,2.6058739187153192e-05,0.010477602992526647,0.007736316107215973,0.007980089075597885,0.03831402432392823,2.1334698754053594e-05,0.01067972225865167,0.005371581153307492,0.011774953336176624,0.015150947804831307,0.05843060822007228,0.3119710563295204,0.0030078834879990173
argn_original,0,20260920,raw,20261003,0,1834,43810,0.01530766885183797,0.14945512505469324,0.2528968619554232,1.5603906432099646e-05,0.010779801739566788,0.005451825728059651,0.0072337184808025645,0.036897807065592085,2.38231370306842e-05,0.007916561722998256,0.005270480701575986,0.01249345757144941,0.015980419726708005,0.05926311555213286,0.3121599775075561,0.0030120865271857046
argn_original,0,20260920,raw,20261003,1,214,5110,0.03989355468491911,0.19769875539776727,0.2589363639242804,0.0007831212120855405,0.008247597879901425,0.027635244106267984,0.020980232581444463,0.05335088886268477,0.0,0.02093258395783372,0.011680826843304515,0.026362830996447956,0.03596270269496643,0.051242957454294344,0.31017932137857473,0.015819464626946018
argn_original,0,20260920,level,20261001,pooled,2048,48920,0.04061157850199142,0.0859065993158365,0.09111458096242303,1.2431775822870387e-05,0.020437023344838087,0.004352858188259497,0.00591526285512789,0.039269655440233066,0.0,0.03761943079307374,0.005875555092167972,0.01273939373115896,0.015150947804831307,0.4030856372919434,0.3119710563295204,0.0025652498880551645
argn_original,0,20260920,level,20261001,0,1834,43810,0.03025358787714297,0.08819482358114794,0.09040339431112271,3.512594673217128e-05,0.01898367369870739,0.006189915156581616,0.006093963810854752,0.03916519970779457,0.0,0.026204321910374674,0.005888288152535948,0.013314553282251415,0.015980419726708005,0.40256337181867874,0.3121599775075561,0.004389932149020483
argn_original,0,20260920,level,20261001,1,214,5110,0.05499509159311146,0.14557739462054986,0.09750841288513033,3.371112968832493e-05,0.03232415661650258,0.011689154756939438,0.014153440968859177,0.05523316911768067,0.0,0.042123943987356735,0.012835593186013489,0.02397955656619355,0.03596270269496643,0.4076877342637051,0.31017932137857473,0.016431364104880927
argn_original,0,20260920,level,20261002,pooled,2048,48920,0.04332151459063544,0.08133694660681183,0.08897846200395396,2.943753065317125e-05,0.014321469192579941,0.003938241951709307,0.005257986300340578,0.03064048742480164,0.0,0.0400162749845252,0.005335021869381951,0.0114532002855157,0.015150947804831307,0.40094951833347436,0.3119710563295204,0.0036152378714984588
argn_original,0,20260920,level,20261002,0,1834,43810,0.03340773285953459,0.08518583711273287,0.0883901260577101,5.8649312017415947e-05,0.01500566107640812,0.006154739783640168,0.00628371534010691,0.03299867181714217,0.0,0.02932656512354286,0.00544596259205965,0.011793394296241964,0.015980419726708005,0.40055010356526616,0.3121599775075561,0.004703830100346041
argn_original,0,20260920,level,20261002,1,214,5110,0.07399065685823948,0.15653524590739523,0.09382755837151405,0.0004967269394710513,0.007888777804411815,0.01553936030054853,0.011709731333815254,0.03378740525752207,0.0,0.06012265735772883,0.011682802042305762,0.017465055141838118,0.03596270269496643,0.40400687975008875,0.31017932137857473,0.012560942387348131
argn_original,0,20260920,level,20261003,pooled,2048,48920,0.043757600373258994,0.08581593347783467,0.09419873273809995,1.3803561038466285e-05,0.005036806746869543,0.0034859092243353556,0.006601331506375208,0.035174729963953294,0.0,0.040622436805212596,0.004676183018047286,0.010178865472875992,0.015150947804831307,0.40616978906762036,0.3119710563295204,0.0034737226033115408
argn_original,0,20260920,level,20261003,0,1834,43810,0.034729872086422364,0.08941803971157518,0.09510042504924991,1.3043893576998654e-05,0.006040560139548359,0.004009001116210414,0.007421453574993686,0.038144125520271306,0.0,0.030290098787683874,0.004686752495693169,0.01042206674763866,0.015980419726708005,0.40726040255680596,0.3121599775075561,0.003752178194982494
argn_original,0,20260920,level,20261003,1,214,5110,0.05068238459728133,0.14601842711191435,0.0866941061749291,0.00010001305922080082,0.005040518257837592,0.0018696669711108544,0.015439139569344618,0.030776278689567376,0.0,0.03620714787014792,0.012989333675367809,0.02461377792638037,0.03596270269496643,0.39687342755350385,0.31017932137857473,0.009655152096181648
argn_original,0,20260920,gap,20261001,pooled,2048,48920,0.0403842092017071,0.085795338669736,0.09164082488136105,3.911513880953954e-05,0.020275798344279714,0.004352858188259497,0.00591526285512789,0.03929537761828617,0.0,0.03750107746008993,0.005875555092167972,0.01273939373115896,0.015150947804831307,0.40361188121088143,0.3119710563295204,0.0036665583021898247
argn_original,0,20260920,gap,20261001,0,1834,43810,0.030589199500032905,0.08838454581669843,0.09094885017333329,7.544771082567618e-05,0.01879779196248267,0.006189915156581616,0.0060986316520571515,0.03920317463179642,0.0,0.02650105781541917,0.005888288152535948,0.013314553282251415,0.015980419726708005,0.40310882768088935,0.3121599775075561,0.005719022996532299
argn_original,0,20260920,gap,20261001,1,214,5110,0.054524080932586344,0.14574223167252803,0.09790701286905125,0.00014702904426020316,0.03235358337017724,0.011689154756939438,0.012465576913608833,0.055149685771345276,0.0,0.04231963870359942,0.012835593186013489,0.02397955656619355,0.03596270269496643,0.4080863342476261,0.31017932137857473,0.01737488828437731
argn_original,0,20260920,gap,20261002,pooled,2048,48920,0.04365894966439395,0.0817544954755678,0.08917352928130955,3.410565591225852e-05,0.014799011460752728,0.003938241951709307,0.005257986300340578,0.03036949827395042,0.0,0.040322898042579165,0.005335021869381951,0.0114532002855157,0.015150947804831307,0.4011445856108299,0.3119710563295204,0.004113615772441084
argn_original,0,20260920,gap,20261002,0,1834,43810,0.03314023536821418,0.08493137436771551,0.08836544622217737,6.593946309575466e-05,0.01544346321527526,0.006154739783640168,0.006116953380892132,0.032651686650927186,0.0,0.029197065621975132,0.00544596259205965,0.011793394296241964,0.015980419726708005,0.4005254237297334,0.3121599775075561,0.00541384503899527
argn_original,0,20260920,gap,20261002,1,214,5110,0.07548588517331804,0.15710846153987665,0.09577664921977863,0.0007768856743956637,0.008740317106747733,0.01553936030054853,0.012152907126453005,0.03407306687416188,0.0,0.061688215087670126,0.011682802042305762,0.017465055141838118,0.03596270269496643,0.40595597059835337,0.31017932137857473,0.015258215871866963
argn_original,0,20260920,gap,20261003,pooled,2048,48920,0.043501492624501356,0.08541115314174812,0.09377893789626073,1.7708893151957084e-05,0.005056726654584856,0.0034317803553272595,0.006622666205129246,0.03528278957408305,0.0,0.04027493067275143,0.004676183018047286,0.010193798208640347,0.015150947804831307,0.40574999422578106,0.3119710563295204,0.0034383708904357118
argn_original,0,20260920,gap,20261003,0,1834,43810,0.03434806936516012,0.08925770600315477,0.0946742900827868,1.792485541804304e-05,0.006058662749073837,0.003930261396976422,0.007445276712024329,0.03828350912905544,0.0,0.03026727294883429,0.004686752495693169,0.010433969521029462,0.015980419726708005,0.40683426759034286,0.3121599775075561,0.003954638591227673
argn_original,0,20260920,gap,20261003,1,214,5110,0.052950273606133885,0.1476453320835863,0.08626650740518389,0.00013162402970616114,0.004995522617471049,0.0017369691382961134,0.01474389724780878,0.031095913667043056,0.0,0.037037031480921745,0.013880348445105828,0.025011316537539824,0.03596270269496643,0.39644582878375867,0.31017932137857473,0.0068154026122407485
argn_original,0,20260920,direct,20261001,pooled,2048,48920,0.01964311266339562,0.05973764702365684,0.004500284684660322,2.2865134090210024e-05,0.023711478359785113,0.004377733285318912,0.00591526285512789,0.03762309013930295,0.0,0.012936929714965986,0.005875555092167972,0.012746268349179687,0.015150947804831307,0.31647134101418073,0.3119710563295204,0.0018514074071311313
argn_original,0,20260920,direct,20261001,0,1834,43810,0.021197563738158762,0.06227683882178391,0.006279976929703919,2.885369901722075e-05,0.023921411102536372,0.006274606776127298,0.005931869692842373,0.037891599970187456,0.0,0.014835868307583232,0.005888288152535948,0.013319082509488338,0.015980419726708005,0.31843995443726003,0.3121599775075561,0.0025034540779979284
argn_original,0,20260920,direct,20261001,1,214,5110,0.04140710384848774,0.1300135123083614,0.010310936290353163,5.071545448654183e-05,0.022569481409103836,0.012207783973034726,0.014392409242433901,0.05230228155590119,0.0,0.02134770078085364,0.012755160082378314,0.0236624829407912,0.03596270269496643,0.29986838508822156,0.31017932137857473,0.0061074714342040795
argn_original,0,20260920,direct,20261002,pooled,2048,48920,0.0179480373522771,0.05819934974800929,0.004732899584611687,8.049846574461565e-06,0.016247011869078717,0.0034684163982642083,0.005257986300340578,0.030231641053335496,2.1334698754053594e-05,0.011666135507469111,0.005314580332178354,0.011444081031586693,0.015150947804831307,0.3167039559141321,0.3119710563295204,0.002918936139635701
argn_original,0,20260920,direct,20261002,0,1834,43810,0.018884293103870946,0.06168099146575634,0.005505389370574012,1.681234878919387e-05,0.016741066807177504,0.005321747622212654,0.0060165067162458175,0.03210616894234924,2.38231370306842e-05,0.01246690483603933,0.0053393122989858766,0.01163933228828532,0.015980419726708005,0.3163692951892746,0.3121599775075561,0.004004375153245532
argn_original,0,20260920,direct,20261002,1,214,5110,0.05197328225618804,0.13397783268138094,0.01507986473184008,0.0007853493613721405,0.012324037510614533,0.01259579985424931,0.013611116012745117,0.04402783460269499,0.0,0.0339657470490152,0.010847017837047057,0.01836525349062376,0.03596270269496643,0.31905219250258127,0.31017932137857473,0.012620700922852147
argn_original,0,20260920,direct,20261003,pooled,2048,48920,0.020206184293954894,0.059275286034940255,0.0066197756354205595,1.3813283415836384e-05,0.008471738003286863,0.003552416585686861,0.0062087858551934105,0.034885320059560236,0.0,0.014266623330280608,0.004676183018047286,0.010194633488793096,0.015150947804831307,0.318590831964941,0.3119710563295204,0.0023099902338949863
argn_original,0,20260920,direct,20261003,0,1834,43810,0.02170315400886797,0.061348065285648644,0.006491209547512547,1.4278696801721772e-05,0.009640191421551383,0.004034172650218213,0.00702982143019093,0.03820467247209584,0.0,0.0162995171264154,0.004686752495693169,0.010455031938207224,0.015980419726708005,0.31865118705506856,0.3121599775075561,0.0028839470887452073
argn_original,0,20260920,direct,20261003,1,214,5110,0.055242687721883364,0.12979005918440883,0.007796549506865637,0.00013972608825463403,0.002731305790432681,0.0014553144234838687,0.013518407051730352,0.03631299070294722,0.0,0.03434733549405099,0.013089668784129982,0.024871302844885576,0.03596270269496643,0.31797587088544044,0.31017932137857473,0.004506083726063351
argn_original,0,20260921,raw,20261001,pooled,2048,48920,0.0168869574477863,0.16336280773487385,0.27897402985492187,3.6308035366631422e-06,0.02208819153362508,0.004726068811180468,0.007962299601438572,0.042137710004953664,6.400409626216078e-05,0.00731828941053566,0.005732464331742793,0.01209735295240623,0.015150947804831307,0.032997026474598505,0.3119710563295204,0.0009043478744834837
argn_original,0,20260921,raw,20261001,0,1834,43810,0.018525319512803444,0.1711184958245923,0.27905763844319037,9.094419124857777e-06,0.022062861421419985,0.0043317470158695925,0.008072182387164228,0.0440897892995109,7.14694110920526e-05,0.010534173597709862,0.00570568144173933,0.012053323139410552,0.015980419726708005,0.033102339064365716,0.3121599775075561,0.0008332619140674964
argn_original,0,20260921,raw,20261001,1,214,5110,0.04820226519263799,0.21307859320799158,0.278123160091194,1.0847810770938044e-05,0.022739432858577713,0.008800610474873651,0.009366750277650326,0.04391940221890426,0.0,0.024281846396024362,0.015534315082244565,0.026344699440513493,0.03596270269496643,0.03205616128738075,0.31017932137857473,0.006577300723909751
argn_original,0,20260921,raw,20261002,pooled,2048,48920,0.013654845826640259,0.16562510258692184,0.28020729029395397,7.746208281778912e-06,0.01550755117793473,0.0009263369137836111,0.00787887477190058,0.0391130290346395,0.0,0.008494399033503673,0.005600761853028713,0.013509299731493877,0.015150947804831307,0.03176376603556636,0.3119710563295204,0.0009123361288439564
argn_original,0,20260921,raw,20261002,0,1834,43810,0.017482071836233445,0.17222980268747423,0.2807193335326946,1.6867496657134798e-05,0.015468750664663633,0.001605778632008051,0.008158766186353916,0.03884708204331101,0.0,0.01231543387136871,0.005499093170932889,0.013963307261814321,0.015980419726708005,0.03144064397486141,0.3121599775075561,0.0015396259097619712
argn_original,0,20260921,raw,20261002,1,214,5110,0.04005566152835356,0.20351763504463816,0.27563431480109624,0.00034243287983243926,0.017227232987159877,0.005041614022493651,0.014747764092415627,0.06102659046456271,0.0,0.016679680477808177,0.01420368102086278,0.018883558984200494,0.03596270269496643,0.03454500657747853,0.31017932137857473,0.009935884583811103
argn_original,0,20260921,raw,20261003,pooled,2048,48920,0.013432900154836822,0.1662994315898497,0.2814249442996812,1.4442560806655598e-05,0.00702481980151165,0.008027305241741478,0.009151076732107466,0.03806700076543538,2.1334698754053594e-05,0.007551885323859343,0.005392022690511089,0.011978320093942531,0.015150947804831307,0.030546112029839208,0.3119710563295204,0.0019987025199639137
argn_original,0,20260921,raw,20261003,0,1834,43810,0.014799986707953332,0.1683947577343444,0.2816896156789941,1.4846084916507582e-06,0.004986908824215416,0.005333178457291325,0.008746327097528872,0.03669310869609127,2.38231370306842e-05,0.007945211830704721,0.005257398466932628,0.012681614978555845,0.015980419726708005,0.03047036182856196,0.3121599775075561,0.001654131611924518
argn_original,0,20260921,raw,20261003,1,214,5110,0.039068116519033066,0.21451762047060044,0.27894609742560955,0.00027315482326683855,0.02448560449875374,0.03159783662001559,0.01873350055530068,0.05241601675589765,0.0,0.018696383660653765,0.012932877987457236,0.027791559527646816,0.03596270269496643,0.03123322395296521,0.31017932137857473,0.010435948963500698
argn_original,0,20260921,level,20261001,pooled,2048,48920,0.06159742838513313,0.0827857739936683,0.08131760292239348,1.1079122787240004e-05,0.02530880251316378,0.004359167015777624,0.006000601650144155,0.03965715081379609,2.1334698754053594e-05,0.05875256621835177,0.006018645852593152,0.012971600422658382,0.015150947804831307,0.39328865925191386,0.3119710563295204,0.00251959841976793
argn_original,0,20260921,level,20261001,0,1834,43810,0.05263046661923748,0.08604213244124997,0.08345992783818496,2.624768751250848e-05,0.0244259826246052,0.006340324491156297,0.0059012718564513955,0.04024985279828099,2.38231370306842e-05,0.04990219796163413,0.0059795915079342565,0.013687072342487974,0.015980419726708005,0.395619905345741,0.3121599775075561,0.0040919403639786
argn_original,0,20260921,level,20261001,1,214,5110,0.06251272545834193,0.1355172992569035,0.0633132497539008,2.0106513340265248e-06,0.0331063822011643,0.012959100437412031,0.013160506075194145,0.050236194873533715,0.0,0.05121330974095639,0.012092043273359804,0.022308744235654297,0.03596270269496643,0.3734925711324756,0.31017932137857473,0.01339416097411594
argn_original,0,20260921,level,20261002,pooled,2048,48920,0.06000643017509497,0.08234152854646566,0.07873669773730739,6.38471858043976e-05,0.015376792778070664,0.004692859724245833,0.005828651881484237,0.032807958071647644,2.1334698754053594e-05,0.05681062018400998,0.005457671092603533,0.01200213777469879,0.015150947804831307,0.3907077540668278,0.3119710563295204,0.0055796797132353524
argn_original,0,20260921,level,20261002,0,1834,43810,0.045909093420988374,0.08264449865414401,0.07765273716989213,5.5682486895917396e-05,0.014171515215688463,0.006660111763902707,0.007078893375080164,0.034495949051493474,0.0,0.04305444630676084,0.0056308106362440435,0.012290748547289648,0.015980419726708005,0.38981271467744816,0.3121599775075561,0.005637691233028093
argn_original,0,20260921,level,20261002,1,214,5110,0.05763357295585285,0.14521520268300553,0.08790226520654769,0.0005500656459780264,0.026024119961188558,0.012617854727409577,0.0131813107884311,0.040960667218394045,0.0002042483660130719,0.04343755133329685,0.014502611138072163,0.018481283879975743,0.03596270269496643,0.39808158658512244,0.31017932137857473,0.013736059371991962
argn_original,0,20260921,level,20261003,pooled,2048,48920,0.06159775975892883,0.08384769897304648,0.0768399392209293,2.5219539242729723e-06,0.008835913641456417,0.0034269339742752716,0.005269864037199201,0.03214581881579955,0.0,0.05975420154132802,0.00473573820615214,0.010325717376532633,0.015150947804831307,0.3888109955504497,0.3119710563295204,0.0016975778448095817
argn_original,0,20260921,level,20261003,0,1834,43810,0.04989078597925749,0.0834249704432552,0.07741666750442922,8.250248901888152e-06,0.008834231965186637,0.003740173316059219,0.005406458920472312,0.03377146607182125,0.0,0.04850982179180991,0.004773927265176892,0.010816492276062097,0.015980419726708005,0.3895766450119853,0.3121599775075561,0.0012973801801514952
argn_original,0,20260921,level,20261003,1,214,5110,0.05267661372390547,0.1334426424998424,0.07188627771514577,0.00015253925300451343,0.008970917225975025,0.00018334122586328386,0.01589572677725626,0.030245114588730415,0.0,0.04148492960665785,0.013146724532496656,0.025163381829599776,0.03596270269496643,0.38206559909372056,0.31017932137857473,0.011698764666452753
argn_original,0,20260921,gap,20261001,pooled,2048,48920,0.06287253876202892,0.08282107457835299,0.0811987938722955,2.359650683644149e-05,0.02543919469688083,0.004359167015777624,0.006000601650144155,0.03962699643806417,2.1334698754053594e-05,0.05991773383895682,0.006018645852593152,0.012971600422658382,0.015150947804831307,0.3931698502018159,0.3119710563295204,0.003368988411392649
argn_original,0,20260921,gap,20261001,0,1834,43810,0.053387015524516745,0.08620760039631852,0.08366047630167486,4.799661873776818e-05,0.024557901912091104,0.006340324491156297,0.0059012718564513955,0.0402428297760108,2.38231370306842e-05,0.05060979896597102,0.0059795915079342565,0.013687072342487974,0.015980419726708005,0.3958204538092309,0.3121599775075561,0.005323518323638884
argn_original,0,20260921,gap,20261001,1,214,5110,0.060462562034937085,0.13395327238705618,0.060510646025119644,0.00012653310824238767,0.033224116490380165,0.012959100437412031,0.013160506075194145,0.05025200235973271,0.0,0.04886497314604447,0.012092043273359804,0.022308744235654297,0.03596270269496643,0.3706899674036944,0.31017932137857473,0.01427755014090564
argn_original,0,20260921,gap,20261002,pooled,2048,48920,0.059996816146627475,0.08229963090763875,0.07943376553516919,9.327806327914367e-05,0.015272673793384442,0.004692859724245833,0.005892655977746408,0.032919056967989836,2.1334698754053594e-05,0.05689238633282438,0.005457671092603533,0.01200213777469879,0.015150947804831307,0.39140482186468956,0.3119710563295204,0.006606935364028614
argn_original,0,20260921,gap,20261002,0,1834,43810,0.045310268021081825,0.0832761250398606,0.07838923698531133,8.578589282775466e-05,0.014080727982876518,0.006660111763902707,0.007221832197264244,0.0346081919086288,0.0,0.04282618791826504,0.0056308106362440435,0.012290748547289648,0.015980419726708005,0.3905492144928674,0.3121599775075561,0.006758030879241549
argn_original,0,20260921,gap,20261002,1,214,5110,0.05893864208963706,0.1465052590830672,0.0882534278884089,0.0006723942235433326,0.02580911561878209,0.012617854727409577,0.013284803344265073,0.04116562872109187,0.0002042483660130719,0.0438289407657822,0.014502611138072163,0.018481283879975743,0.03596270269496643,0.3984327492669837,0.31017932137857473,0.01432041608196093
argn_original,0,20260921,gap,20261003,pooled,2048,48920,0.062157079046522505,0.08394436022001554,0.07703187080099937,1.3693150114663829e-05,0.009452222235303245,0.0034269339742752716,0.005269864037199201,0.03183350109756879,0.0,0.060163032285400014,0.00473573820615214,0.010325717376532633,0.015150947804831307,0.3890029271305198,0.3119710563295204,0.0023704097370913844
argn_original,0,20260921,gap,20261003,0,1834,43810,0.05006281020983018,0.08360974773794225,0.07720179908160964,2.0291558579869505e-05,0.009795032089834663,0.003740173316059219,0.005477928331564352,0.03358658170765523,0.0,0.04857829930835864,0.004773927265176892,0.010816492276062097,0.015980419726708005,0.38936177658916565,0.3121599775075561,0.0023421027586348615
argn_original,0,20260921,gap,20261003,1,214,5110,0.05199323248352783,0.13516993260555113,0.07549104750754534,0.00013574258451012563,0.0062977444154626305,0.00018334122586328386,0.015958127301317182,0.0305502307290145,0.0,0.0419488763492922,0.013146724532496656,0.025163381829599776,0.03596270269496643,0.3856703688861201,0.31017932137857473,0.01038841105447469
argn_original,0,20260921,direct,20261001,pooled,2048,48920,0.022261505910587707,0.05383343407201541,0.00405929864648809,2.1110286826117646e-05,0.023936222564934467,0.004359167015777624,0.00591526285512789,0.03935648304704065,2.1334698754053594e-05,0.018898212790586833,0.006018645852593152,0.012971600422658382,0.015150947804831307,0.31603035497600845,0.3119710563295204,0.002781049314366921
argn_original,0,20260921,direct,20261001,0,1834,43810,0.01919868478492342,0.055698689981042354,0.005421693538397091,3.8567657554348684e-05,0.022602804082138495,0.006340324491156297,0.0059547410430530745,0.040313453145313996,2.38231370306842e-05,0.014883610030972761,0.0059795915079342565,0.013687072342487974,0.015980419726708005,0.31741336453549834,0.3121599775075561,0.0039813811410653235
argn_original,0,20260921,direct,20261001,1,214,5110,0.0471044137648261,0.12928707885896926,0.010708667027409228,5.0674194045800705e-05,0.03589705991474501,0.012959100437412031,0.01390020349405896,0.04667537976543341,0.0,0.032837558384007176,0.012092043273359804,0.022308744235654297,0.03596270269496643,0.30468587986712226,0.31017932137857473,0.011809113113797783
argn_original,0,20260921,direct,20261002,pooled,2048,48920,0.02154614489554805,0.0531764279813938,0.004722893368162679,1.457030392622695e-05,0.012221373762187224,0.004692859724245833,0.0062766805553193805,0.03293753099665581,2.1334698754053594e-05,0.016111691247968976,0.005457671092603533,0.01200213777469879,0.015150947804831307,0.31563153003501054,0.3119710563295204,0.002861766494481579
argn_original,0,20260921,direct,20261002,0,1834,43810,0.017597943648225648,0.05247903257662357,0.005931243479249005,2.4970510462424852e-05,0.011426267603096119,0.006660111763902707,0.0074362404305404195,0.03497146754601148,0.0,0.011753320895260377,0.0056308106362440435,0.012290748547289648,0.015980419726708005,0.31599796378836076,0.3121599775075561,0.0036308256672764345
argn_original,0,20260921,direct,20261002,1,214,5110,0.053075129120291865,0.12897325016231653,0.011720361784518754,8.957103031209679e-05,0.019456968968335014,0.012617854727409577,0.011196503021802917,0.03779010898718898,0.0002042483660130719,0.034591835127389114,0.014502611138072163,0.018481283879975743,0.03596270269496643,0.3123212260977088,0.31017932137857473,0.011248174669914639
argn_original,0,20260921,direct,20261003,pooled,2048,48920,0.023169729130407126,0.05365243928361724,0.0070317954566168905,4.332034716839246e-05,0.007613028989126927,0.0034269339742752716,0.005248529338445218,0.03254774880141648,0.0,0.020913380897702366,0.00473573820615214,0.010325717376532633,0.015150947804831307,0.31790499837948505,0.3119710563295204,0.00442022641822409
argn_original,0,20260921,direct,20261003,0,1834,43810,0.019300517567844587,0.05372354428342485,0.007296033303893529,4.897532938608962e-05,0.008723798028593507,0.003740173316059219,0.005549397742656392,0.034992781471876726,0.0,0.016220481143062473,0.004773927265176892,0.010816492276062097,0.015980419726708005,0.31809997545040003,0.3121599775075561,0.004874859358687376
argn_original,0,20260921,direct,20261003,1,214,5110,0.0430859209333165,0.11864230965362174,0.011527528531012524,2.8657566716760942e-05,0.0039119128608405135,0.00018334122586328386,0.015389210980705892,0.024227037884685908,0.0,0.028023148332194506,0.013146724532496656,0.025163381829599776,0.03596270269496643,0.31630292007964533,0.31017932137857473,0.008563231052676977
argn_continued,0,20260920,raw,20261001,pooled,2048,48920,0.017274282930541538,0.15039194489330746,0.24978484330503825,1.1205480924746612e-06,0.025470423844202117,0.003737560692235453,0.006043271047652232,0.03545872621972182,0.0,0.008936194414001473,0.005895996629371569,0.012714924620187355,0.015150947804831307,0.06218621302448215,0.3119710563295204,0.0010107437894436577
argn_continued,0,20260920,raw,20261001,0,1834,43810,0.017087000199019143,0.14741810016911333,0.2495067500068126,1.3001601793873963e-05,0.02454311746458393,0.005603411181740368,0.005993077087136922,0.03567760921614124,0.0,0.00901292690799493,0.0059795915079342565,0.013298853630334194,0.015980419726708005,0.06265322750074345,0.3121599775075561,0.001997241040132402
argn_continued,0,20260920,raw,20261001,1,214,5110,0.04682534625226499,0.19220091630026373,0.2516625944226107,0.0010836804211910946,0.033583571493861514,0.01259252867796059,0.0168241915680567,0.05208321197929319,0.0,0.018410429850807444,0.012755160082378314,0.023730058335826063,0.03596270269496643,0.05851672695596408,0.31017932137857473,0.011758121102653028
argn_continued,0,20260920,raw,20261002,pooled,2048,48920,0.014733714885362698,0.15263668770937724,0.2519517493190487,1.919511645141845e-05,0.013174464698346613,0.004103078872201701,0.005924435347138268,0.032563728433373997,0.0,0.008186825997054663,0.005335021869381951,0.011381093490334832,0.015150947804831307,0.06001930701047169,0.3119710563295204,0.002237698412174774
argn_continued,0,20260920,raw,20261002,0,1834,43810,0.01673272078409334,0.15048273676980578,0.2517169784288193,1.0376393307191052e-05,0.014179353988903368,0.006313933963131706,0.0054732604903618975,0.03238579497267245,0.0,0.008303779509693607,0.00544596259205965,0.01177684068389449,0.015980419726708005,0.06044299907873674,0.3121599775075561,0.0025425753724985624
argn_continued,0,20260920,raw,20261002,1,214,5110,0.046943310560315095,0.1950351727513889,0.2538113441376,4.2506562418279906e-05,0.003846725826422842,0.015340838099456305,0.017879023206731737,0.042230156021305754,0.0,0.025658735117563104,0.011004408694175905,0.01718461910221303,0.03596270269496643,0.05636797724097479,0.31017932137857473,0.006350908542403168
argn_continued,0,20260920,raw,20261003,pooled,2048,48920,0.01573180861756222,0.14889270255682427,0.25079008305803974,5.1916993896667925e-05,0.010385781325969526,0.0033905071173363993,0.005525880422247886,0.03162445320295577,0.0,0.00887696817475474,0.004676183018047286,0.010203695091729125,0.015150947804831307,0.06118097327148064,0.3119710563295204,0.003426542594989211
argn_continued,0,20260920,raw,20261003,0,1834,43810,0.017277073352276507,0.14529135270309784,0.25194452080992313,6.606847865486061e-05,0.010810767545071459,0.003995768347480255,0.005692336564840583,0.03213849213399378,0.0,0.010322575920644473,0.004686752495693169,0.01048781566558176,0.015980419726708005,0.060215456697632924,0.3121599775075561,0.003809550920434999
argn_continued,0,20260920,raw,20261003,1,214,5110,0.05111053744784596,0.19416594474847412,0.24069335820709975,0.00010251417816288413,0.0062755616455553165,0.0027325763434872443,0.01676300283684795,0.04707699956624061,0.0,0.02760553125727415,0.013221482064317946,0.025113930871677206,0.03596270269496643,0.06948596317147504,0.31017932137857473,0.009660591685905068
argn_continued,0,20260920,level,20261001,pooled,2048,48920,0.0430358386426114,0.08651649244110943,0.09302499756134291,2.8972866174356788e-05,0.023536509164653704,0.0038681377843976256,0.006021936348898249,0.035773897966706436,0.0,0.040015386536132444,0.005895996629371569,0.012716517900726237,0.015150947804831307,0.4049960538908633,0.3119710563295204,0.0033397283282353713
argn_continued,0,20260920,level,20261001,0,1834,43810,0.03307970901526508,0.08927303818191067,0.09232684828876522,5.362313533575577e-05,0.023164191545694587,0.005716652979350242,0.005873961401983485,0.03533389591922604,0.0,0.028509731634182016,0.0059795915079342565,0.01328965138956543,0.015980419726708005,0.4044868257963212,0.3121599775075561,0.005091712432185227
argn_continued,0,20260920,level,20261001,1,214,5110,0.05690440131147459,0.14597659000693244,0.09935198276138574,5.896296516069179e-05,0.027011739587247077,0.012319706289352706,0.017812864763264158,0.05619511377359917,0.0,0.045693553625527766,0.013031287902256161,0.0239507948337187,0.03596270269496643,0.4095313041399605,0.31017932137857473,0.01651606420618928
argn_continued,0,20260920,level,20261002,pooled,2048,48920,0.04342953442340041,0.08237652782950947,0.09085020150689309,1.1897199676966664e-05,0.016293759319744555,0.0040859860702440265,0.006265790527203108,0.032767864008606984,0.0,0.04026157343096834,0.005335021869381951,0.011413785578802783,0.015150947804831307,0.4028212578364134,0.3119710563295204,0.0028835508883960324
argn_continued,0,20260920,level,20261002,0,1834,43810,0.033082674379618794,0.08606398375850811,0.09063519967946944,3.7408459302694787e-05,0.016885476663099974,0.006307604647739784,0.0054970836273926516,0.03228518821935879,0.0,0.02926674206277669,0.00544596259205965,0.011802852545023008,0.015980419726708005,0.4027951771870255,0.3121599775075561,0.004317467926935855
argn_continued,0,20260920,level,20261002,1,214,5110,0.07489415248960284,0.1570159735403751,0.09239714013148614,0.0010207798664503436,0.01086455728153804,0.015436306815780223,0.017574019030539567,0.04310924200619643,0.0,0.06123294421913007,0.011605494253546067,0.017454887776181132,0.03596270269496643,0.4025764615100609,0.31017932137857473,0.01699004486699405
argn_continued,0,20260920,level,20261003,pooled,2048,48920,0.042988046774226754,0.08624732349526275,0.09538829779365636,4.9825310688273805e-05,0.011395228055716813,0.003616785601972267,0.005653888614772229,0.03221126434847052,0.0,0.04004433191822133,0.004676183018047286,0.010174320524565445,0.015150947804831307,0.4073593541231767,0.3119710563295204,0.005920028325638747
argn_continued,0,20260920,level,20261003,0,1834,43810,0.03413171676753749,0.09020390128459613,0.09612591853243117,5.2054714106071205e-05,0.011822368543323927,0.00412968545283673,0.005906744798116703,0.032823653290075964,0.0,0.028829245101310907,0.004686752495693169,0.010484564994193056,0.015980419726708005,0.4082858960399872,0.3121599775075561,0.0061522941546772476
argn_continued,0,20260920,level,20261003,1,214,5110,0.05202991169519738,0.14697957960571056,0.08924337220682216,1.3765420105411289e-05,0.007283670213783913,0.0016747306532530035,0.015214249877894881,0.042142497312342646,0.0,0.037619490163634015,0.013564666640164036,0.0248873072901959,0.03596270269496643,0.3994226935853969,0.31017932137857473,0.011436341863569758
argn_continued,0,20260920,gap,20261001,pooled,2048,48920,0.043160783121368805,0.08662851073070135,0.09308435715516067,5.630973630457617e-05,0.024038782000155356,0.0038681377843976256,0.006021936348898249,0.03583846742883847,0.0,0.040097152684946825,0.005895996629371569,0.012716517900726237,0.015150947804831307,0.40505541348468105,0.3119710563295204,0.004161022641012404
argn_continued,0,20260920,gap,20261001,0,1834,43810,0.032671823439979084,0.08891341837257843,0.09254358889741432,9.502176973656868e-05,0.023678394169407535,0.005716652979350242,0.005873961401983485,0.03542561154336204,0.0,0.02848690579533243,0.0059795915079342565,0.01328965138956543,0.015980419726708005,0.4047035664049704,0.3121599775075561,0.006317523314387988
argn_continued,0,20260920,gap,20261001,1,214,5110,0.05469879142552464,0.14528355039193128,0.09794316608896769,0.00011844191041180307,0.027418102449234677,0.012319706289352706,0.018283762019351224,0.056441731611701434,0.0,0.043149522314373225,0.013031287902256161,0.0239507948337187,0.03596270269496643,0.4081224874675424,0.31017932137857473,0.015866569941692082
argn_continued,0,20260920,gap,20261002,pooled,2048,48920,0.044976116461610066,0.08229214939514155,0.09139419588850983,4.6204754110875084e-05,0.01619304821648658,0.0040859860702440265,0.006287125225957202,0.03291095785083769,0.0,0.04187645487005259,0.005335021869381951,0.011413785578802783,0.015150947804831307,0.4033652522180302,0.3119710563295204,0.004964609050607214
argn_continued,0,20260920,gap,20261002,0,1834,43810,0.03519034134690286,0.08591598174508909,0.09136047449224913,9.832163960081183e-05,0.016751598438893206,0.006307604647739784,0.0054970836273926516,0.03238839078615146,0.0,0.031312413103456116,0.00544596259205965,0.011802852545023008,0.015980419726708005,0.4035204519998052,0.3121599775075561,0.006651278414046963
argn_continued,0,20260920,gap,20261002,1,214,5110,0.07479156048474973,0.15670143605061354,0.09130253041600578,0.001143389361889784,0.011132861247880946,0.015436306815780223,0.018366654096698576,0.04454676746834489,0.0,0.06084155478664477,0.011605494253546067,0.017454887776181132,0.03596270269496643,0.4014818517945805,0.31017932137857473,0.017872582329303537
argn_continued,0,20260920,gap,20261003,pooled,2048,48920,0.042918278000409524,0.08611846168439131,0.09542831326307566,6.577617535215101e-05,0.011582453927727929,0.003616785601972267,0.005653888614772229,0.03221551037622829,0.0,0.04006477345542492,0.004676183018047286,0.010174320524565445,0.015150947804831307,0.40739936959259604,0.3119710563295204,0.00550599201111867
argn_continued,0,20260920,gap,20261003,0,1834,43810,0.03393222305476864,0.0898753317477272,0.09621666632710374,6.602827296058272e-05,0.011948253462070055,0.00412968545283673,0.005906744798116703,0.032846393389571404,0.0,0.02871511590706303,0.004686752495693169,0.010484564994193056,0.015980419726708005,0.40837664383465977,0.3121599775075561,0.005898318936783931
argn_continued,0,20260920,gap,20261003,1,214,5110,0.05228019618914176,0.14743314984808487,0.08872633660365803,2.2025940010363446e-05,0.008062085353186532,0.0016747306532530035,0.01530648229115883,0.04209409875741542,0.0,0.0380579843419225,0.013564666640164036,0.0248873072901959,0.03596270269496643,0.39890565798223276,0.31017932137857473,0.009972903927775367
argn_continued,0,20260920,direct,20261001,pooled,2048,48920,0.01976663234937106,0.06017590474177883,0.0037866389699501178,3.3468623870735114e-05,0.025365649508175603,0.005074492157784245,0.006064605746406326,0.03616202769120304,2.1334698754053594e-05,0.012732514342930006,0.005895996629371569,0.012727950635615484,0.015150947804831307,0.31511705305155613,0.3119710563295204,0.0031513825151575033
argn_continued,0,20260920,direct,20261001,0,1834,43810,0.021752947393782612,0.06349550605632918,0.00480225554881967,3.278988676874055e-05,0.026295458215307793,0.007113712749327339,0.006088369635259605,0.03623262512489098,2.38231370306842e-05,0.015414071437555644,0.005865462313686454,0.013235459850600267,0.015980419726708005,0.3169622330563758,0.3121599775075561,0.0035294400407380705
argn_continued,0,20260920,direct,20261001,1,214,5110,0.040997283882000954,0.12943245374006523,0.010730915448894197,7.415213973725981e-05,0.017547586822513978,0.012677972375805292,0.01860123813096559,0.049227783386146924,0.0,0.02021773693699637,0.013031287902256161,0.0245287518874037,0.03596270269496643,0.2994484059296806,0.31017932137857473,0.003916210059919124
argn_continued,0,20260920,direct,20261002,pooled,2048,48920,0.016412846310941177,0.05833439738231876,0.005010272914059614,1.8848836126518086e-06,0.01643313171751945,0.003471046518946823,0.005860431250876097,0.03323796326846266,2.1334698754053594e-05,0.01116764807684539,0.005314580332178354,0.011415173679192803,0.015150947804831307,0.31698132924358,0.3119710563295204,0.0022012620927211422
argn_continued,0,20260920,direct,20261002,0,1834,43810,0.018328968083183215,0.0617286024321721,0.006104175032500723,2.0173109383059425e-05,0.015925289884044957,0.005334291008357737,0.0054494373533312546,0.031879995877285724,2.38231370306842e-05,0.013011675383592658,0.0053393122989858766,0.011636455812492855,0.015980419726708005,0.31668379387668066,0.3121599775075561,0.003392683382393679
argn_continued,0,20260920,direct,20261002,1,214,5110,0.052511742402688445,0.1358937454879992,0.016989856695254955,0.0010542928687031976,0.02118998065790935,0.012676583607699568,0.018793450262357236,0.051746243374645576,0.0,0.037567759951815154,0.011360844605094012,0.018480562823098252,0.03596270269496643,0.3188828310812496,0.31017932137857473,0.015375149311738362
argn_continued,0,20260920,direct,20261003,pooled,2048,48920,0.01963721606639036,0.05857744317605392,0.007144075008800577,2.4676652082172688e-05,0.011102619160891877,0.0035172261584731877,0.005760562108542477,0.03297398955011049,0.0,0.013101455709675542,0.004676183018047286,0.010192090771158145,0.015150947804831307,0.3191151313383209,0.3119710563295204,0.0034572905565237
argn_continued,0,20260920,direct,20261003,0,1834,43810,0.021647530739576773,0.06170726964867474,0.007020046717614477,3.0273637681085385e-05,0.011038935831252233,0.004026789291724008,0.005906744798116703,0.03311764510632043,0.0,0.015523438605529726,0.004686752495693169,0.010481403977443623,0.015980419726708005,0.31918002422517044,0.3121599775075561,0.0035100305714411595
argn_continued,0,20260920,direct,20261003,1,214,5110,0.0536435737042142,0.13003511102909288,0.008233194806738989,0.00014934240142726134,0.011741818082649735,0.001731544930888649,0.016326199168421485,0.04891846132277952,0.0,0.031252323671609905,0.013564666640164036,0.024671737148751264,0.03596270269496643,0.31841251618531374,0.31017932137857473,0.005729302478994047
argn_continued,0,20260921,raw,20261001,pooled,2048,48920,0.018040317779157346,0.12600638793961857,0.21962611796878978,5.5612995228402614e-05,0.02433712549705884,0.005255927910819889,0.005701915867587393,0.033938026576827415,0.0,0.013470870633240003,0.005998204315389555,0.013046626149642708,0.015150947804831307,0.09234493836073059,0.3119710563295204,0.002590945397891336
argn_continued,0,20260921,raw,20261001,0,1834,43810,0.017350537097671696,0.13089840029448185,0.2207790590214105,6.630068849749506e-05,0.02435889772633086,0.006861600542718858,0.005731022579799405,0.03455327984511317,0.0,0.011227217619848398,0.005892381683984094,0.01390340807498565,0.015980419726708005,0.09138091848614552,0.3121599775075561,0.0029493340124001816
argn_continued,0,20260921,raw,20261001,1,214,5110,0.04688119401646191,0.1843633179084343,0.2092825856321012,0.0001340130920893832,0.02446494661210058,0.00889991674248119,0.01660989485232578,0.04649455062156936,0.0,0.0302906267806481,0.012240983279065365,0.021872667355494278,0.03596270269496643,0.10089673574647356,0.31017932137857473,0.01314644417585814
argn_continued,0,20260921,raw,20261002,pooled,2048,48920,0.012544722975053341,0.123473517747513,0.22358139484212572,3.7082653533767056e-05,0.013170970202498286,0.00493378136957337,0.004950424569010847,0.029778712556957042,0.0,0.00701618507100691,0.00547811262980713,0.012038606308461666,0.015150947804831307,0.08838966148739465,0.3119710563295204,0.002196764156584415
argn_continued,0,20260921,raw,20261002,0,1834,43810,0.0147725761358046,0.13060819067521237,0.2223720380402346,3.344184121461727e-05,0.012093477953443149,0.006606404868672983,0.005086617356205747,0.03062500136574744,0.0,0.007188224771754413,0.005613222365180803,0.012161353971507489,0.015980419726708005,0.08978793946732147,0.3121599775075561,0.00223722248222748
argn_continued,0,20260921,raw,20261002,1,214,5110,0.04186120242837479,0.18527688210828555,0.2338924341404862,0.00020946729859304305,0.023014051731108848,0.009589891943682993,0.014372707396848927,0.036613162148538186,0.0,0.023990767069782298,0.015275088965213235,0.019745390932871813,0.03596270269496643,0.07628688723808853,0.31017932137857473,0.005430173617741346
argn_continued,0,20260921,raw,20261003,pooled,2048,48920,0.017236120050019635,0.12286778509804747,0.21765567620838366,2.208259535062341e-05,0.008150286411308105,0.0024668794668615667,0.00520585994093703,0.02969544730809535,0.0,0.011461444371415004,0.0047970628177629315,0.010516698199517019,0.015150947804831307,0.0943153801211367,0.3119710563295204,0.0013747465232040893
argn_continued,0,20260921,raw,20261003,0,1834,43810,0.014510811561188174,0.12995923104736998,0.21893635737875738,4.5549718392893886e-05,0.008653818001125274,0.0036333296671218684,0.005287343235318875,0.031044908317150822,0.0,0.008440824485172162,0.0048652306205752005,0.011079674506994333,0.015980419726708005,0.09322362012879865,0.3121599775075561,0.002091654006223619
argn_continued,0,20260921,raw,20261003,1,214,5110,0.04497976037497064,0.17620624167862392,0.20670913168794242,0.00013043755864066634,0.0037908388104309215,0.008664307296798951,0.013919905339644045,0.03626839383740752,0.0,0.027158011169625327,0.013148574718902961,0.02499820215240965,0.03596270269496643,0.10347018969063233,0.31017932137857473,0.005174227113551554
argn_continued,0,20260921,level,20261001,pooled,2048,48920,0.13363007673371308,0.16189829437144918,0.23712910952266789,4.0411261316677894e-05,0.022717232904389956,0.0051197167567268945,0.006021936348898249,0.03611023102716267,0.0,0.12797229955170636,0.005977762778185958,0.013084867006748064,0.015150947804831307,0.5491001658521882,0.3119710563295204,0.005168367023928323
argn_continued,0,20260921,level,20261001,0,1834,43810,0.11081568491345041,0.16065437666241458,0.2381317556250557,4.871887715869746e-05,0.02229439507004735,0.006603457022783078,0.00594580623637786,0.037330152311199336,0.0,0.10624580096882952,0.005865462313686454,0.01380086081408702,0.015980419726708005,0.5502917331326117,0.3121599775075561,0.004653682150047715
argn_continued,0,20260921,level,20261001,1,214,5110,0.09937869292619152,0.19017524882852288,0.22889296257158148,4.489124223432605e-05,0.026625324052855615,0.007840939675586203,0.017049748426357647,0.048090591138322286,0.0,0.09186458035647088,0.012782587845725446,0.023079247235720912,0.03596270269496643,0.5390722839501562,0.31017932137857473,0.016159113274503357
argn_continued,0,20260921,level,20261002,pooled,2048,48920,0.14022232740551266,0.16527661321159307,0.23823936696387438,9.368044023044483e-05,0.0135239844985445,0.004549020657917618,0.005029663065381551,0.030382771624451476,0.0,0.1333484238362525,0.005457671092603533,0.011987486719121072,0.015150947804831307,0.5502104232933948,0.3119710563295204,0.005157000914246081
argn_continued,0,20260921,level,20261002,0,1834,43810,0.10970506329740294,0.1615794662300032,0.23875666597818573,9.779580782553999e-05,0.012583082759584793,0.006610605222113688,0.005204927940896442,0.03166135139739398,0.0,0.10430560466661541,0.005636048204030408,0.011964363428797278,0.015980419726708005,0.5509166434857418,0.3121599775075561,0.0047538983078050795
argn_continued,0,20260921,level,20261002,1,214,5110,0.10209554629633988,0.19599986118307391,0.2338795064083065,4.276442653138111e-05,0.02266637509681449,0.013374041520969566,0.014101796808317357,0.032355104310080214,0.0,0.0925080201830334,0.015625974316912428,0.02011086302611787,0.03596270269496643,0.5440588277868812,0.31017932137857473,0.010008908351052656
argn_continued,0,20260921,level,20261003,pooled,2048,48920,0.15890090186932712,0.1657054002545647,0.24289350844322455,5.58485031434024e-05,0.008693258353950864,0.0029435137022387836,0.005269864037199201,0.02997074076865117,0.0,0.15248170265882,0.004817504354966529,0.01045899181368786,0.015150947804831307,0.5548645647727449,0.3119710563295204,0.005470781006910074
argn_continued,0,20260921,level,20261003,0,1834,43810,0.13285039878789176,0.16396715778328322,0.24570399261660636,6.0601239058955e-05,0.009181408051103415,0.004062625391787137,0.005382635783441669,0.031205762869985068,0.0,0.12783904452053002,0.004823707528790577,0.010944487666904567,0.015980419726708005,0.5578639701241623,0.3121599775075561,0.004919539993172732
argn_continued,0,20260921,level,20261003,1,214,5110,0.11937735296589895,0.18626093281698444,0.21924230544106107,0.000410274651505191,0.0044291534275400085,0.007773222149177013,0.01461667261398264,0.0327366914498423,0.0,0.11287184683856895,0.013221482064317946,0.025316005293424725,0.03596270269496643,0.5294216268196359,0.31017932137857473,0.016242507946397772
argn_continued,0,20260921,gap,20261001,pooled,2048,48920,0.1330072629431885,0.16199303255831204,0.23658524799711675,2.2972396020357576e-05,0.022790687661904674,0.0051197167567268945,0.006021936348898249,0.03624897295916309,0.0,0.12737949497280204,0.005977762778185958,0.013084867006748064,0.015150947804831307,0.5485563043266372,0.3119710563295204,0.003712449547004523
argn_continued,0,20260921,gap,20261001,0,1834,43810,0.11055002492499995,0.16057825004494772,0.2378545028298792,4.5900094103792986e-05,0.022332861823162853,0.006603457022783078,0.00594580623637786,0.03750273693093311,0.0,0.10599471674148418,0.005865462313686454,0.01380086081408702,0.015980419726708005,0.5500144803374353,0.3121599775075561,0.004198277074081318
argn_continued,0,20260921,gap,20261001,1,214,5110,0.103689777719342,0.18853083803836082,0.22605290433724806,0.00017627880693775217,0.027003762854160868,0.007840939675586203,0.01745824515838379,0.04777790572924283,0.0,0.09597416939756684,0.012782587845725446,0.023079247235720912,0.03596270269496643,0.5362322257158229,0.31017932137857473,0.015580647930318181
argn_continued,0,20260921,gap,20261002,pooled,2048,48920,0.13992322694520679,0.16534800895052545,0.23894685376641878,7.698447138423828e-05,0.013616397088561633,0.004571209389390368,0.005029663065381551,0.03027341356336057,0.0,0.13306224231540215,0.005457671092603533,0.011981272534193664,0.015150947804831307,0.5509179100959392,0.3119710563295204,0.0038136584863396883
argn_continued,0,20260921,gap,20261002,0,1834,43810,0.10975141047697624,0.16186181455954718,0.2393144931735895,7.224894122068095e-05,0.0127460845054818,0.006639204671462132,0.005204927940896442,0.03155630554966149,0.0,0.10435125634431454,0.005636048204030408,0.011964288576260106,0.015980419726708005,0.5514744706811456,0.3121599775075561,0.003918523090794088
argn_continued,0,20260921,gap,20261002,1,214,5110,0.10541419695941417,0.19603558972986085,0.23585305703154721,1.849969519112434e-05,0.022054706317081854,0.013411338703018767,0.013504573551305743,0.03267952528719486,0.0,0.09603052507540133,0.014755011567415377,0.02005716545221347,0.03596270269496643,0.546032378410122,0.31017932137857473,0.009355095862199717
argn_continued,0,20260921,gap,20261003,pooled,2048,48920,0.15759687523855478,0.16576893917796526,0.24261093739706963,5.454260153201046e-05,0.007233321429957432,0.0027690207801905004,0.005269864037199201,0.029939613342462756,0.0,0.15121432735219692,0.004817504354966529,0.010452382966885011,0.015150947804831307,0.5545819937265901,0.3119710563295204,0.0054785731361639434
argn_continued,0,20260921,gap,20261003,0,1834,43810,0.13192514820455495,0.16390971323781997,0.24543449965758968,4.6096190676228686e-05,0.0078061899042917715,0.003953832396591503,0.005382635783441669,0.03143735906059203,0.0,0.12697166264424609,0.004823707528790577,0.010945941624514764,0.015980419726708005,0.5575944771651458,0.3121599775075561,0.004698264605286167
argn_continued,0,20260921,gap,20261003,1,214,5110,0.11757212668985917,0.18706593371981148,0.21874938779392228,0.0002621609748566907,0.0020330633271479354,0.008532259310803276,0.014885745089760927,0.03217981400854558,0.0,0.11150198382487034,0.013868397241022068,0.02532626974429797,0.03596270269496643,0.528928709172497,0.31017932137857473,0.015085190517128427
argn_continued,0,20260921,direct,20261001,pooled,2048,48920,0.020321486260077876,0.058369412707202674,0.004161421702592281,1.2949473616476577e-05,0.02433766873837291,0.005157123993924152,0.005808589361357641,0.03546711237485885,0.0,0.01565362342386103,0.005977762778185958,0.01303688855152945,0.015150947804831307,0.31613247803211264,0.3119710563295204,0.0019655922393474468
argn_continued,0,20260921,direct,20261001,0,1834,43810,0.02427998765528977,0.06082916727454862,0.0051087454913752595,1.5486041267367392e-05,0.023749914802731267,0.00659456872793663,0.005873506272395718,0.03717393349329299,0.0,0.018491795478288352,0.005865462313686454,0.01371521830973411,0.015980419726708005,0.3172687229989313,0.3121599775075561,0.003133367422271447
argn_continued,0,20260921,direct,20261001,1,214,5110,0.04733580391934401,0.128680574542771,0.009111848452512982,7.912086436005598e-06,0.02973684285008238,0.007379333668233587,0.01988791705825277,0.049303830367809665,0.0,0.03104042732305278,0.01208834290054725,0.023326148950172404,0.03596270269496643,0.3063850471047122,0.31017932137857473,0.00879672891893144
argn_continued,0,20260921,direct,20261002,pooled,2048,48920,0.017404482921040014,0.05979426569588559,0.003926039677218792,7.795831963556426e-06,0.01085540558348047,0.0050892601776613665,0.0049930939665189245,0.02975179475457757,0.0,0.012786989320100509,0.00547811262980713,0.012077365468714907,0.015150947804831307,0.3142667625314763,0.3119710563295204,0.0028461647315038948
argn_continued,0,20260921,direct,20261002,0,1834,43810,0.019318145911034083,0.059171232839061005,0.00451109620409897,1.7712882044678747e-05,0.009530437599864564,0.0068313155527767256,0.004906923889432591,0.029592921736153254,0.0,0.01446269552337843,0.005628946753361674,0.012153551854890315,0.015980419726708005,0.31420544205059897,0.3121599775075561,0.004099711772794456
argn_continued,0,20260921,direct,20261002,1,214,5110,0.041856180452443374,0.12986427670421108,0.013314083560532354,0.0007426452832270319,0.022031662198061228,0.010090156863109186,0.014358397348673502,0.046045351838611914,0.0,0.025371956224589674,0.01533179467831386,0.01942811730213831,0.03596270269496643,0.31428416313807317,0.31017932137857473,0.0124868762650878
argn_continued,0,20260921,direct,20261003,pooled,2048,48920,0.019546943522128515,0.062356282172728865,0.00827086345704317,4.5964395249470207e-05,0.0067728388538803724,0.002308418132416613,0.005227194639691124,0.03128150012850428,0.0,0.013799599154206121,0.0047970628177629315,0.010511702812011832,0.015150947804831307,0.3202419197865636,0.3119710563295204,0.00443171568802643
argn_continued,0,20260921,direct,20261003,0,1834,43810,0.023051140841367775,0.06183329289083441,0.007901697904080239,4.0029797064371664e-05,0.0074047165082212485,0.003376355989237028,0.005370188206901827,0.032889833482857296,0.0,0.016639174765707743,0.0048652306205752005,0.010938588960107498,0.015980419726708005,0.32006167541163627,0.3121599775075561,0.004551704981156115
argn_continued,0,20260921,direct,20261003,1,214,5110,0.04528369842514914,0.12600538930815103,0.01309805608324585,0.00012669917357882902,0.0010341809515456157,0.00790521547938644,0.015089993455773998,0.03159653637642751,0.0,0.025428586930133192,0.013214656376629996,0.02507018321462016,0.03596270269496643,0.3217854396957965,0.31017932137857473,0.010534294431478578
U,0,0,raw,20261001,pooled,2048,48920,0.017678574992989103,0.04546784721440937,0.003838762602298336,6.4990708052500975e-06,0.018117110835126404,0.00023640347572331252,0.022314356876631858,0.05169043286119505,0.0,0.011229889037092884,0.03511442482917243,0.06546706664823516,0.015150947804831307,0.3149966746549449,0.3119710563295204,0.002138294491517015
U,0,0,raw,20261001,0,1834,43810,0.01782458972569893,0.04678024865563115,0.005391015253625633,7.837652295022588e-06,0.017206065407161547,0.0022042343745905845,0.023104021900125782,0.052164370232571186,0.0,0.010045943905876573,0.035339246817857384,0.0655031147776252,0.015980419726708005,0.3175509927611817,0.3121599775075561,0.001979071815162484
U,0,0,raw,20261001,1,214,5110,0.055356666329871386,0.12656762235621194,0.02036229012732137,0.0005327453075553934,0.025220331943084054,0.02177068551949976,0.02744543337633698,0.051910113983994526,0.0,0.0431240947525463,0.034070457598603054,0.06725571192778378,0.03596270269496643,0.29319937955578457,0.31017932137857473,0.017282334011074985
U,0,0,raw,20261002,pooled,2048,48920,0.016123346774959593,0.0474358615412996,0.01923847398639609,6.108517304099777e-05,0.014499183527469373,0.007731356100125695,0.02155370420980779,0.051511790572679364,0.0,0.008563700997450161,0.034723822410543115,0.06384365519694898,0.015150947804831307,0.33120953031591643,0.3119710563295204,0.005089503439371889
U,0,0,raw,20261002,0,1834,43810,0.01728694422626245,0.05006891746680301,0.021581708099103838,7.08446691028219e-05,0.015996099196996696,0.008793623219915033,0.02187558293593722,0.05163674676847819,0.0,0.008826941438621765,0.03458543326435759,0.06334100919035307,0.015980419726708005,0.33374168560665984,0.3121599775075561,0.005776268244372797
U,0,0,raw,20261002,1,214,5110,0.0476355609379474,0.12084722556175909,0.010886351119829501,0.00026446883708304173,0.0004019651038379979,0.0014114215168801111,0.028784001545866356,0.05378890602276521,0.0,0.028533999800479857,0.03951655629304651,0.06820536361062984,0.03596270269496643,0.3091536986896374,0.31017932137857473,0.011492727203302964
U,0,0,raw,20261003,pooled,2048,48920,0.01702008785682402,0.04951426557407367,0.013303207274100098,4.3941354246476586e-05,0.017027834611115567,0.0005742737546885996,0.020814370641338675,0.051203592376887014,0.0,0.01257055454788895,0.03468506822439177,0.06461569809680572,0.015150947804831307,0.32527426360362044,0.3119710563295204,0.004589646346637533
U,0,0,raw,20261003,0,1834,43810,0.02050972746121338,0.052174657585575185,0.011911000833219198,6.292002966447319e-05,0.019133430643163668,0.0004424389988431446,0.02071130518720865,0.05136057645087051,0.0,0.01700633832262069,0.03541743995653812,0.06484261344978785,0.015980419726708005,0.32407097834077525,0.3121599775075561,0.004877654417035283
U,0,0,raw,20261003,1,214,5110,0.06359199464297742,0.12411983428191418,0.02504381423938089,0.0007955398173519072,0.0010639806220929388,0.001857921994764694,0.025305924594133833,0.051324070251942855,0.0,0.0493496219744139,0.034176693301850136,0.0629127690308579,0.03596270269496643,0.33522313561795564,0.31017932137857473,0.012575661881002058
U,0,0,level,20261001,pooled,2048,48920,0.017307421833952445,0.0452560751347056,0.002753550976746604,9.90533343137403e-06,0.018458879300016384,0.0003022906433887328,0.02227168747912378,0.051675096883519414,0.0,0.010943707516242523,0.03511442482917243,0.0654700372812937,0.015150947804831307,0.3117735820996965,0.3119710563295204,0.002793172390243637
U,0,0,level,20261001,0,1834,43810,0.017378998555324602,0.04695862616702637,0.003139135569191511,8.278000523610036e-06,0.017589625310890103,0.0021320283635995973,0.023032552489033742,0.05213917944111638,0.0,0.009863337195079971,0.035339246817857384,0.06551088076154661,0.015980419726708005,0.3143805267967763,0.3121599775075561,0.0022759048931719544
U,0,0,level,20261001,1,214,5110,0.05482158114589346,0.12673910851926132,0.02291470377393697,0.000591214285660001,0.025221140811010886,0.0217821369809246,0.02744543337633698,0.05187628249380328,0.0,0.04214562117133301,0.0342661523148457,0.06723659549132086,0.03596270269496643,0.2894912566746212,0.31017932137857473,0.017856962861472564
U,0,0,level,20261002,pooled,2048,48920,0.016266624282071335,0.04709960962120465,0.014839569042529425,6.620930718279961e-05,0.01433074732509497,0.007706491156767878,0.02170304710108617,0.051525374463860345,0.0,0.008992973278725707,0.034785147022153906,0.06385044334790922,0.015150947804831307,0.32681062537204986,0.3119710563295204,0.005166593905343926
U,0,0,level,20261002,0,1834,43810,0.017464657472064812,0.049281246569464206,0.016995259957802343,7.760107362182972e-05,0.015813659860325957,0.00876984997754182,0.022066168032182698,0.05165041184089571,0.0,0.008735638083223442,0.034653910780906294,0.06334995175651893,0.015980419726708005,0.32915523746535835,0.3121599775075561,0.005894311794003513
U,0,0,level,20261002,1,214,5110,0.047966323018375286,0.1207646048763928,0.011599207295853745,0.00042161051054141415,0.00036430712838099455,0.0014418626653202775,0.028784001545866356,0.053779343805301284,0.0,0.028338305084237236,0.03932086157680381,0.06818770118680596,0.03596270269496643,0.30626556432014923,0.31017932137857473,0.012325491398329329
U,0,0,level,20261003,pooled,2048,48920,0.017177415785043913,0.048934196649273204,0.009597394406957182,4.0155903173729217e-05,0.01694430045433501,0.0005817328325905767,0.020771701243830598,0.05120337744681826,0.0,0.012681609351436331,0.03454197746396659,0.06465863220300155,0.015150947804831307,0.3208767750598909,0.3119710563295204,0.0042607357076018875
U,0,0,level,20261003,0,1834,43810,0.02058906013291298,0.0522112821024379,0.009070891526627042,5.631814387815589e-05,0.01906376906844766,0.0004477655781630558,0.020663658913147254,0.05136022745715439,0.0,0.017120467516868597,0.03525765908459105,0.06488479456373182,0.015980419726708005,0.32019759821248184,0.3121599775075561,0.004913925124977948
U,0,0,level,20261003,1,214,5110,0.06399952240264709,0.12471350643167291,0.016128046323736073,0.0006095601024203387,0.0012733678874963517,0.0018833671471268558,0.025101676228120734,0.051297518247656285,0.0,0.04910972280457251,0.034176693301850136,0.06299204795988987,0.03596270269496643,0.32630736770231084,0.31017932137857473,0.011321170248474254
U,0,0,gap,20261001,pooled,2048,48920,0.017356644113054112,0.045339330397358,0.0024729371312156787,8.029905198856735e-06,0.01858278665089412,0.0002966413382605058,0.022250352780369687,0.05167711212581374,0.0,0.010821058293020934,0.03511442482917243,0.06546817703226222,0.015150947804831307,0.3116666865051266,0.3119710563295204,0.0025340061764226557
U,0,0,gap,20261001,0,1834,43810,0.017449324027227854,0.04702616050344434,0.0028364659838691145,5.304680993139946e-06,0.017578203287067398,0.002133089441030437,0.023032552489033742,0.0521393199266129,0.0,0.0099089888727791,0.035339246817857384,0.06550774373332605,0.015980419726708005,0.31433811085849495,0.3121599775075561,0.001981771563875929
U,0,0,gap,20261001,1,214,5110,0.05535382333449131,0.12687044224111055,0.023282207155016096,0.0006466148322733664,0.026508962165434316,0.02173540260157948,0.02744543337633698,0.05181091167296719,0.0,0.04273270532006098,0.0342661523148457,0.06725210889885737,0.03596270269496643,0.2888354258629977,0.31017932137857473,0.01848295129175296
U,0,0,gap,20261002,pooled,2048,48920,0.016205787514701513,0.04709282868331132,0.015144789432085777,6.415740778758432e-05,0.014176964380212903,0.007709724703816547,0.02172438179984021,0.05152801831175086,0.0,0.008788557906689733,0.03476470548495031,0.063842649160028,0.015150947804831307,0.3271158457616061,0.3119710563295204,0.005229842490990346
U,0,0,gap,20261002,0,1834,43810,0.017535357837534012,0.04938524907302914,0.017270740429304415,7.69701509458423e-05,0.015636712961358698,0.00877981647593588,0.022066168032182698,0.05165252041309128,0.0,0.008963896471719246,0.034653910780906294,0.06334766963334389,0.015980419726708005,0.3294307179368605,0.3121599775075561,0.0059386243996971035
U,0,0,gap,20261002,1,214,5110,0.048079753063697626,0.12057052077160331,0.010620963967434937,0.00033393500911365237,0.00042268070511433664,0.001498960732897613,0.028784001545866356,0.05379725852305459,0.0,0.02853399980047986,0.03932086157680381,0.06813656238792742,0.03596270269496643,0.306843971478524,0.31017932137857473,0.011310498636843233
U,0,0,gap,20261003,pooled,2048,48920,0.017170714366260297,0.048832308945223384,0.009575524527814103,4.1732013306952816e-05,0.01697783069173059,0.0005916767148205497,0.020814370641338675,0.05120495762939016,0.0,0.012497635516603949,0.03452153592676299,0.06466696613823363,0.015150947804831307,0.3208686684669284,0.3119710563295204,0.004243723619409218
U,0,0,gap,20261003,0,1834,43810,0.02060017338339036,0.05224639548534826,0.009101079201178737,6.200283835971533e-05,0.019113263367893638,0.0004683074832037687,0.020687482050178008,0.051362044812527076,0.0,0.017166119194567755,0.035234833245741504,0.06489303533885526,0.015980419726708005,0.3201447130380297,0.3121599775075561,0.005253365410775694
U,0,0,gap,20261003,1,214,5110,0.06561460805585542,0.1255920272853423,0.016610019636596356,0.0006483643148317777,0.0013677574444043994,0.0018037809811460857,0.025305924594133833,0.05131154579524631,0.0,0.05047958581827115,0.034176693301850136,0.06298481881833175,0.03596270269496643,0.32667803219644276,0.31017932137857473,0.010963159073739254
U,0,0,direct,20261001,pooled,2048,48920,0.017109322490703904,0.04541241298725473,0.004942583827582011,2.2302609326020823e-05,0.017218262705188503,0.00048704327002090564,0.02227168747912378,0.05177224804047975,0.0,0.007933355270232255,0.035069063142840584,0.06532416791476378,0.015150947804831307,0.315318548657588,0.3119710563295204,0.0032332825610378317
U,0,0,direct,20261001,0,1834,43810,0.01570187161503582,0.04689025881736362,0.0048624070930749315,3.394659288290128e-05,0.015494447855605636,0.0019912049341550293,0.02311438606153282,0.0522506720540913,0.0,0.00910225967963484,0.03541549181993803,0.06541966609978427,0.015980419726708005,0.3162982124673864,0.3121599775075561,0.003990448565267466
U,0,0,direct,20261001,1,214,5110,0.050858612821244945,0.12630390174888406,0.01623607490492578,0.0004974240192551256,0.031330650782919175,0.0223981171532801,0.02712731732917162,0.05134045446693842,0.0,0.02985175756457466,0.033694344705229085,0.06633313021486315,0.03596270269496643,0.3073754981753253,0.31017932137857473,0.016817175254162667
U,0,0,direct,20261002,pooled,2048,48920,0.014869279636588729,0.04272778184200759,0.00851053125672261,4.0661560001511846e-05,0.015595155955924561,0.007772685893672848,0.02187372469111859,0.05157756538960734,0.0,0.0067086933687512396,0.034373409047753156,0.06380504252385348,0.015150947804831307,0.32048158758624296,0.3119710563295204,0.003874641399266851
U,0,0,direct,20261002,0,1834,43810,0.016883545064652918,0.04681462864073888,0.008247694193169652,4.487616278164028e-05,0.01655361982399929,0.0088079241645198,0.02261410018388843,0.05180083667440599,0.0,0.0060556721537664265,0.03413565217235154,0.06326554396625876,0.015980419726708005,0.3204076717007257,0.3121599775075561,0.004628990783570462
U,0,0,direct,20261002,1,214,5110,0.054854562790534814,0.12845725185890025,0.010751818334568612,9.099897759254707e-05,0.006791876865894539,0.0011627452539754188,0.027354262983774857,0.05272796122852122,0.0,0.03130752923357024,0.04078330891837345,0.06852719383009043,0.03596270269496643,0.32093113971314335,0.31017932137857473,0.0041780039584790015
U,0,0,direct,20261003,pooled,2048,48920,0.015680805307440163,0.046123264225552046,0.007874802168504466,9.721760289921767e-05,0.015718492140682966,0.00042314377454344057,0.020409011365011664,0.05120404586680071,0.0,0.011456541775426345,0.03435483446035459,0.06448278364896444,0.015150947804831307,0.3182792918976145,0.3119710563295204,0.006362984323453053
U,0,0,direct,20261003,0,1834,43810,0.018044320558541257,0.04882690165821573,0.008011044728367618,0.00010344859376937852,0.018219564122524276,0.00021529862843010542,0.020616012639085968,0.05136742376658065,0.0,0.011322062860090592,0.034386044535226756,0.06470695003869296,0.015980419726708005,0.317184261226015,0.3121599775075561,0.007000255042631123
U,0,0,direct,20261003,1,214,5110,0.0468856196486155,0.12173572495667849,0.017304571800694765,0.00020635942495606711,0.0060448815533586525,0.002354215959623246,0.023671937666029236,0.05078181350134968,0.0,0.027839654845225652,0.03483738486652532,0.06300990144758892,0.03596270269496643,0.3274838931792695,0.31017932137857473,0.010234060782355388
U,0,1,raw,20261001,pooled,2048,48920,0.01747071958855021,0.04629728578052779,0.006835001615922978,6.954574995439748e-05,0.020857791141123405,0.0018570532336566767,0.021462862543601302,0.051794533661196754,0.0,0.011942533135189101,0.04933876658531866,0.07822071414429665,0.015150947804831307,0.3130007679024554,0.3119710563295204,0.006628399326346613
U,0,1,raw,20261001,0,1834,43810,0.01712108990760723,0.047820714016505915,0.006532473532298997,6.41537911626565e-05,0.020147148130736675,0.000552877739519324,0.021140121653761,0.05175093378215515,0.0,0.009544297731986963,0.049287492523462706,0.0783713849272653,0.015980419726708005,0.313539876434518,0.3121599775075561,0.006256784721587218
U,0,1,raw,20261001,1,214,5110,0.05678468740435907,0.1277864914540189,0.011027305350347379,6.2386888652809e-05,0.026234976815571506,0.023056785083786904,0.035819616382872926,0.056930800080749175,0.0,0.042125944188876996,0.050305368265852746,0.07762084447571696,0.03596270269496643,0.30841328393465883,0.31017932137857473,0.010671413663595978
U,0,1,raw,20261002,pooled,2048,48920,0.019081732468582777,0.047840744611557094,0.01013570021116035,7.033440524725938e-05,0.013778859140458191,0.006166596762238763,0.023596332419006716,0.051922752286277504,0.0,0.01325894050487712,0.04821327460624275,0.07653016843262307,0.015150947804831307,0.32086395554505154,0.3119710563295204,0.005999126018723792
U,0,1,raw,20261002,0,1834,43810,0.018574184766654494,0.04925824400412806,0.010823791035107312,7.746907002435289e-05,0.014079489594295377,0.00726227424596699,0.02378819888564182,0.051964166915115136,0.0,0.009948995551392937,0.04798447295616565,0.07603579958676505,0.015980419726708005,0.32278598955675974,0.3121599775075561,0.0065747541046951435
U,0,1,raw,20261002,1,214,5110,0.04839924528065766,0.13014300882664287,0.012698098466071768,0.0005697878748358436,0.010825083242988726,0.0032931138260991625,0.031825029747472255,0.05512291140555522,0.0,0.02971476876295285,0.053504065534602574,0.08096692957762898,0.03596270269496643,0.3038969513874765,0.31017932137857473,0.011313137626090312
U,0,1,raw,20261003,pooled,2048,48920,0.017013075478955707,0.049281383898678546,0.008874307493392634,3.0298219513024945e-05,0.016002357092579578,0.0013566177252653609,0.02396180337417886,0.05269151505761312,0.0,0.013031875988836303,0.048346329748568784,0.07720610915968477,0.015150947804831307,0.3204408311399178,0.3119710563295204,0.004521605302054929
U,0,1,raw,20261003,0,1834,43810,0.01769949839781513,0.051922149078760436,0.008128675081898618,6.905967182604695e-05,0.01723474051642429,0.0011351942963297315,0.024454530035732946,0.05306640742408375,0.0,0.013171286518123087,0.0483479216621171,0.07731145689455685,0.015980419726708005,0.3186112910509815,0.3121599775075561,0.005357547248473104
U,0,1,raw,20261003,1,214,5110,0.05487475995198049,0.13181900192843515,0.028029032494913175,0.0010612859166219545,0.005167338761462539,0.003396475434863436,0.02122095727387238,0.05152009877752062,0.0,0.03980363521624801,0.049721984489937365,0.07681934279395425,0.03596270269496643,0.3360285477544231,0.31017932137857473,0.01277383610098041
U,0,1,level,20261001,pooled,2048,48920,0.01732467696763677,0.04649274211436787,0.00715059739107845,6.479728026792422e-05,0.020939561190138414,0.0018470000772157814,0.021462862543601302,0.05179311828815955,0.0,0.011615468539931544,0.049379649659725855,0.0782401904586667,0.015150947804831307,0.3150578958584377,0.3119710563295204,0.006531251031387307
U,0,1,level,20261001,0,1834,43810,0.016955340619540973,0.04781481895879505,0.00687454953294946,5.841561134472715e-05,0.020238638455585004,0.0005635122963518339,0.021140121653761,0.0517492800532954,0.0,0.009156258471544113,0.049355970040011465,0.07839154265914346,0.015980419726708005,0.31588176189009254,0.3121599775075561,0.006130977456691528
U,0,1,level,20261001,1,214,5110,0.056920931488658684,0.12785783306899015,0.011413256458912628,5.968313078750446e-05,0.026234976815571506,0.023050554206602077,0.035819616382872926,0.056930800080749175,0.0,0.04212594418887698,0.050305368265852746,0.07763182937098524,0.03596270269496643,0.3080273328260936,0.31017932137857473,0.01097958794387027
U,0,1,level,20261002,pooled,2048,48920,0.018981334198451175,0.04808555738230141,0.012035126941054972,6.860708251514775e-05,0.013806988524105335,0.006196096161349833,0.0236176671177607,0.05192683375118241,0.0,0.013626888174541928,0.04821327460624275,0.07654130930721563,0.015150947804831307,0.32392915778546305,0.3119710563295204,0.005982102093941614
U,0,1,level,20261002,0,1834,43810,0.018431594675119012,0.049699554503169985,0.014023569708210604,7.074128895714871e-05,0.014122696056163841,0.0072965476847860885,0.023764375748611177,0.0519636542140808,0.0,0.01039211921597249,0.04798447295616565,0.07604737106831305,0.015980419726708005,0.3261835472157667,0.3121599775075561,0.006418441404916132
U,0,1,level,20261002,1,214,5110,0.049104662008586125,0.1307764673225383,0.01292112674524059,0.0005435950708199234,0.010720722340879979,0.0033048299886068748,0.03202927811348533,0.05520615953129928,0.0,0.03167171592537946,0.053504065534602574,0.08096664372181546,0.03596270269496643,0.3041199796666454,0.31017932137857473,0.011585332928738333
U,0,1,level,20261003,pooled,2048,48920,0.01744582287811061,0.04956304491817332,0.010103103911525,3.3183505068710376e-05,0.015610116450692657,0.0013489071045147114,0.02391913397667078,0.05267646858136264,0.0,0.013849537476980252,0.04836677128577238,0.07719476246932304,0.015150947804831307,0.3220741602410454,0.3119710563295204,0.004435494057843744
U,0,1,level,20261003,0,1834,43810,0.01809122199299486,0.05214760962879591,0.009477176853502878,7.7617653526229e-05,0.016796286267623084,0.0011266420690319702,0.02440688376167155,0.05304968834759193,0.0,0.013422370745468436,0.0483479216621171,0.07730220364294017,0.015980419726708005,0.3206206190083022,0.3121599775075561,0.005266869563627702
U,0,1,level,20261003,1,214,5110,0.05405554945694192,0.13138234178477004,0.027266028234978625,0.0010826511641329052,0.005167338761462539,0.0033958828960774378,0.02122095727387238,0.05152009877752062,0.0,0.039216551067520006,0.049721984489937365,0.07678939369833608,0.03596270269496643,0.33441260001052664,0.31017932137857473,0.012964500621574839
U,0,1,gap,20261001,pooled,2048,48920,0.01723235123841643,0.046664536701345016,0.007031617908107434,6.15891917392353e-05,0.020913231972070734,0.0018761716697526304,0.021313519652322976,0.05174428273568628,0.0,0.011717676225949533,0.04933876658531866,0.07822438662813314,0.015150947804831307,0.3160683964192167,0.3119710563295204,0.006209523774221548
U,0,1,gap,20261001,0,1834,43810,0.01702305923817127,0.04785906461541998,0.007189595456448117,5.6248625069847615e-05,0.020207845252719597,0.0005299017749681655,0.021140121653761,0.0517068989843082,0.0,0.00926767893951781,0.049310318362312255,0.07837633079891704,0.015980419726708005,0.3168762059568163,0.3121599775075561,0.005803312924652229
U,0,1,gap,20261001,1,214,5110,0.056793193685146466,0.12776233564792921,0.010244640172954513,6.602718132646434e-05,0.026234976815571506,0.023042763513617524,0.035819616382872926,0.056930800080749175,0.0,0.04212594418887703,0.050305368265852746,0.07761613227472164,0.03596270269496643,0.3091959491120517,0.31017932137857473,0.010046471093446542
U,0,1,gap,20261002,pooled,2048,48920,0.01903841163186279,0.048336082188813,0.012451808670534876,8.505803345430318e-05,0.013879302733033172,0.00618328563392647,0.023660336515268887,0.05193905611737485,0.0,0.013769978934967111,0.048192833069039154,0.07655042086235574,0.015150947804831307,0.32366739157225466,0.3119710563295204,0.006079382358090257
U,0,1,gap,20261002,0,1834,43810,0.0188915774721594,0.04996858715595936,0.013834904816866337,8.496736407374525e-05,0.014195901535116379,0.007284568072167044,0.023835845159703217,0.05197679287800592,0.0,0.010802984315264873,0.04796164711731604,0.07605723999361999,0.015980419726708005,0.3259948823244224,0.3121599775075561,0.006672788612473045
U,0,1,gap,20261002,1,214,5110,0.04900906946733153,0.1300411683499777,0.013105400893412979,0.0006089020766537795,0.010783603774226297,0.0033264372137220433,0.031825029747472255,0.055160770723960556,0.0,0.028931989897982166,0.053504065534602574,0.0809855353994534,0.03596270269496643,0.30322236619852294,0.31017932137857473,0.011571726419682475
U,0,1,gap,20261003,pooled,2048,48920,0.017319821079101575,0.049512254506129796,0.01010376282675238,3.404391650345764e-05,0.015842330450786854,0.0013691299857328584,0.023897799277916687,0.05267958951440494,0.0,0.013604239030537086,0.048407654360179575,0.07720393206998341,0.015150947804831307,0.3219461599211801,0.3119710563295204,0.004126286446562861
U,0,1,gap,20261003,0,1834,43810,0.01804699196572354,0.052016738468981145,0.009704837145944657,7.819002518307742e-05,0.017162525458654293,0.0011554324989012596,0.02440688376167155,0.053057646902726706,0.0,0.013650629133964228,0.04841639917866586,0.07729906000409968,0.015980419726708005,0.3204138213082296,0.3121599775075561,0.005161024237965388
U,0,1,gap,20261003,1,214,5110,0.05544495073859763,0.13262252556200527,0.029267054787662,0.0012902885179098041,0.004274339929594778,0.003343722292338772,0.02122095727387238,0.051480325619261934,0.0,0.04156488766243199,0.049837946173076964,0.07690628031972294,0.03596270269496643,0.33501229893701256,0.31017932137857473,0.014611608462427012
U,0,1,direct,20261001,pooled,2048,48920,0.01818103931790584,0.04506936407057345,0.0059653494713044035,3.505305655690364e-05,0.021087780502219433,0.0017155437470409308,0.02096300853023625,0.05165379173680798,0.0,0.010901452098586874,0.04952097099664515,0.07861081849688821,0.015150947804831307,0.3160806733436929,0.3119710563295204,0.003953954193778329
U,0,1,direct,20261001,0,1834,43810,0.016430585328076806,0.04605217820795743,0.005965020738288801,5.053007616624098e-05,0.01916101838760341,0.0007345075855687794,0.021163944790791644,0.051647596135871277,0.0,0.008921362489069952,0.049685844408201396,0.07878931506172178,0.015980419726708005,0.3168156880769073,0.3121599775075561,0.004458270968764964
U,0,1,direct,20261001,1,214,5110,0.05150896895452978,0.12373862290922108,0.017167671652333065,0.0003416602468153926,0.036630007914283905,0.023316670298643455,0.03520687128483371,0.05631920544192939,0.0,0.03522397381536188,0.05037700048279864,0.0776123623286046,0.03596270269496643,0.31025175240656944,0.31017932137857473,0.017152660115366494
U,0,1,direct,20261002,pooled,2048,48920,0.0161019396702152,0.04440913965219026,0.008902278243334168,4.981080586067047e-05,0.013215463337048802,0.006184575338214767,0.02430037747789049,0.05202397065739703,0.0,0.00858297172084584,0.04817303635131248,0.0767446750421062,0.015150947804831307,0.3208733345728545,0.3119710563295204,0.004350248449395935
U,0,1,direct,20261002,0,1834,43810,0.016267004789746436,0.04689641093085653,0.008845681204307235,3.68108281344052e-05,0.01361275610679849,0.007269336339248927,0.02466683777395806,0.05218670882997622,0.0,0.00717094230478688,0.04795618400171253,0.07627959277648695,0.015980419726708005,0.32100565871186326,0.3121599775075561,0.004460703019574725
U,0,1,direct,20261002,1,214,5110,0.04971541628667051,0.12835949551983228,0.009516025552831075,8.104745828320934e-05,0.009208180522581919,0.0031960547052983816,0.02896555262328926,0.05402122423796941,0.0,0.0247324917985487,0.052312420476362975,0.08090457955595999,0.03596270269496643,0.319692540100984,0.31017932137857473,0.004997599439391966
U,0,1,direct,20261003,pooled,2048,48920,0.015409418608433404,0.04666642183045985,0.009046847804826952,0.00011493187751089031,0.01471146187392025,0.0010031061420226455,0.023596332419006716,0.052778533376781456,0.0,0.010227575389435964,0.048738557854625886,0.07725721246990866,0.015150947804831307,0.3190107104692196,0.3119710563295204,0.007079654140258893
U,0,1,direct,20261003,0,1834,43810,0.018230623712335477,0.049832198103350434,0.00898314138951968,0.00012491946212345336,0.016601665626603423,0.0008229390931210785,0.024097899667040734,0.05305181108937274,0.0,0.010155236352487898,0.04865971592047935,0.07740732277128858,0.015980419726708005,0.3183118711125769,0.3121599775075561,0.007745498184607144
U,0,1,direct,20261003,1,214,5110,0.048669663653034774,0.12203819700569357,0.01461479542335651,0.0003625823258153997,0.0017292720740989392,0.002695102501056494,0.023042350008910084,0.051939705443756444,0.0,0.02856722814823591,0.050650353023067085,0.07635455919333234,0.03596270269496643,0.3247941168019313,0.31017932137857473,0.009258336192563938
argn_original,1,20260920,raw,20261001,pooled,2048,48920,0.01575183004616593,0.17293274917946155,0.30114939643083277,0.0007481893405447651,0.02584718247760591,0.005824629418386114,0.007480055861127544,0.04384450250768276,4.266939750810719e-05,0.009469781347930641,0.005623172350304184,0.013948626819027723,0.015150947804831307,0.01658877526007018,0.317738171690903,0.01689456476205469
argn_original,1,20260920,raw,20261001,0,1834,43810,0.01463478504735871,0.17472786082995767,0.3009320504375799,9.757810267860343e-06,0.02395396992278842,0.004282739449202918,0.006675136832583917,0.044717360307075654,4.76462740613684e-05,0.008070582746357942,0.005805195229678151,0.011953418570918922,0.015980419726708005,0.016541766951890795,0.3174738173894708,0.0021579888831972085
argn_original,1,20260920,raw,20261001,1,214,5110,0.04692976717147222,0.2180931721405968,0.30341181626408364,0.0804858659712384,0.0431615937110614,0.020432487102623784,0.021869062215024437,0.04739361645345052,0.0,0.023174109791561474,0.025997294227393497,0.03894798680151147,0.03596270269496643,0.01683350071478437,0.32024531697886804,0.16281067917557734
argn_original,1,20260920,raw,20261002,pooled,2048,48920,0.015973346949347586,0.17578055593136407,0.3026119914382211,0.0007479422122300501,0.025451487694467687,0.0029158374427284426,0.0073965648316353105,0.03058035351434411,0.0,0.010845134086106161,0.005439983458941811,0.013146321681614545,0.015150947804831307,0.015126180252681878,0.317738171690903,0.016589920640325065
argn_original,1,20260920,raw,20261002,0,1834,43810,0.016663518933280892,0.17348593023508815,0.3026604440418036,2.4508762990685514e-06,0.02460584248520571,0.004666665065488024,0.007225032170193574,0.031135995651529465,0.0,0.009754169745316212,0.005713502738952214,0.01306988877640448,0.015980419726708005,0.014813373347667112,0.3174738173894708,0.0020939511367975487
argn_original,1,20260920,raw,20261002,1,214,5110,0.05186768006066972,0.22040380992807906,0.3025046872516827,0.08067778137318164,0.03285150280978612,0.013158276661057941,0.011164969176346837,0.04267322079032692,0.0,0.024656684160929185,0.01870745977657251,0.022011676345646013,0.03596270269496643,0.017740629727185382,0.32024531697886804,0.16225311355243097
argn_original,1,20260920,raw,20261003,pooled,2048,48920,0.016424012721105143,0.1755202544430223,0.30235273143000513,0.0007409842346521482,0.01681865188918917,0.0070737179348697755,0.005432085261364961,0.029938889410564967,2.1334698754053594e-05,0.01035251243266004,0.005296500226781631,0.011712676129925716,0.015150947804831307,0.01538544026089784,0.317738171690903,0.01619193678117667
argn_original,1,20260920,raw,20261003,0,1834,43810,0.016280078405124535,0.17568709586501635,0.3020088178738685,2.2760849459566035e-06,0.01610634023611128,0.004049436239711913,0.005384996830971822,0.03068751972566411,2.38231370306842e-05,0.010244730712918352,0.0053105056761614255,0.01191537101521758,0.015980419726708005,0.015464999515602238,0.3174738173894708,0.002239105709533466
argn_original,1,20260920,raw,20261003,1,214,5110,0.051185794828507825,0.2231807276872425,0.3055263847524521,0.08063855040897117,0.023296202341728814,0.03420523536426301,0.01242964521319495,0.03885271045489476,0.0,0.02988523593752071,0.0125480892199889,0.019748859476984505,0.03596270269496643,0.014718932226415953,0.32024531697886804,0.15904254152544664
argn_original,1,20260920,level,20261001,pooled,2048,48920,0.015724031864482853,0.04581221283927932,0.01932489331028267,0.0006908174276094134,0.036035691794755645,0.002489277761266684,0.006079323841134632,0.0326323766789095,2.1334698754053594e-05,0.009479048837438931,0.005921932770864724,0.013524943836017161,0.015150947804831307,0.3152702049704319,0.317738171690903,0.01882485350925252
argn_original,1,20260920,level,20261001,0,1834,43810,0.017830969831236318,0.04682860825798114,0.006760198277541736,4.2950782316335235e-05,0.03539368930557775,0.005557956387353622,0.0064612054974188815,0.03359538739563332,2.38231370306842e-05,0.010458646443453887,0.005865438944042123,0.013317915628993591,0.015980419726708005,0.3154737967894497,0.3174738173894708,0.006442367364281299
argn_original,1,20260920,level,20261001,1,214,5110,0.059112357157303605,0.15136323293111204,0.1580313409160989,0.08043645305787711,0.04184903071861183,0.02469596099858143,0.017803129573496834,0.04285876299835278,0.0,0.03230242946976908,0.013855770968925096,0.02154117466810606,0.03596270269496643,0.3139197283071522,0.32024531697886804,0.15667649014600205
argn_original,1,20260920,level,20261002,pooled,2048,48920,0.018275188366552127,0.04542802406651014,0.015923712161239695,0.0007539116902949498,0.02324860338331071,0.005266628096906956,0.005307595162306611,0.03008084157284742,2.1334698754053594e-05,0.012213781797802102,0.005276451161313034,0.01322642370284243,0.015150947804831307,0.3148338313700646,0.317738171690903,0.015335257809683998
argn_original,1,20260920,level,20261002,0,1834,43810,0.018477636724990486,0.048539661499130686,0.0034813526856346507,1.566997118275851e-05,0.022361399835423637,0.006854749961247786,0.005383011206743893,0.029136271360543288,0.0,0.01104514487467501,0.005510700658021395,0.012160551982008685,0.015980419726708005,0.3147108240291121,0.3174738173894708,0.0029301911507574503
argn_original,1,20260920,level,20261002,1,214,5110,0.04694870032606211,0.1599141864133995,0.17493818834720534,0.08011885637833673,0.031299051345543616,0.008442029950349123,0.0240773981081,0.04758171012346683,0.0002042483660130719,0.026086153179932847,0.023304247902976194,0.029183971614722377,0.03596270269496643,0.31513009557222926,0.32024531697886804,0.17384258096239563
argn_original,1,20260920,level,20261003,pooled,2048,48920,0.021098392954312373,0.04588279585651011,0.014888350940982096,0.0007471885838604745,0.016777145128029303,0.002608552697146123,0.0055121629235481695,0.029417218669311906,2.1334698754053594e-05,0.01728713724370626,0.004576529699005127,0.011597304676881618,0.015150947804831307,0.3186860994894627,0.317738171690903,0.01508041253721474
argn_original,1,20260920,level,20261003,0,1834,43810,0.022323815037918384,0.04792103246008336,0.0019055606686423012,1.1028849240688138e-06,0.016760484459066013,0.004291352370821538,0.005670874475339982,0.02941623971564553,2.38231370306842e-05,0.017187769478808776,0.00463172297947112,0.01024331685009514,0.015980419726708005,0.3179045873176303,0.3174738173894708,0.001819285569654615
argn_original,1,20260920,level,20261003,1,214,5110,0.051119704424388325,0.15031927291301705,0.15967104751137368,0.08096687821326999,0.016977961918928114,0.013540440570162245,0.01788648458294506,0.04439318717580792,0.0,0.025160909961678656,0.02523821775043833,0.04470495015282974,0.03596270269496643,0.32538538171704673,0.32024531697886804,0.16077197598306012
argn_original,1,20260920,gap,20261001,pooled,2048,48920,0.015257702617014894,0.044665570049215585,0.007357470163186202,0.00019467505903265946,0.036056480981844344,0.002489277761266684,0.006079323841134632,0.03263838389286261,2.1334698754053594e-05,0.009677928502147357,0.005921932770864724,0.013524943836017161,0.015150947804831307,0.3142248264261979,0.317738171690903,0.006659921308722146
argn_original,1,20260920,gap,20261001,0,1834,43810,0.01750623277017455,0.0468473863452138,0.007293102165957296,7.238769464701269e-05,0.0354123895554047,0.005557956387353622,0.006437382360388183,0.03359360155317301,2.38231370306842e-05,0.010189674752098784,0.005865438944042123,0.013317915628993591,0.015980419726708005,0.31547631246379737,0.3174738173894708,0.007697994603200354
argn_original,1,20260920,gap,20261001,1,214,5110,0.05584611061674767,0.11407395063259416,0.013126183975411957,0.0003518889528738439,0.04188600829789299,0.02469596099858143,0.017803129573496834,0.04282308728074631,0.0,0.032957445462630366,0.013855770968925096,0.02154117466810606,0.03596270269496643,0.3071191330034561,0.32024531697886804,0.008198124209850725
argn_original,1,20260920,gap,20261002,pooled,2048,48920,0.01820106786276772,0.04445260880234669,0.004446625482650303,0.00021159330495797938,0.023227522701570247,0.005266628096906956,0.005307595162306611,0.030059432561866085,2.1334698754053594e-05,0.012329910833660196,0.005276451161313034,0.01322642370284243,0.015150947804831307,0.31360730692861816,0.317738171690903,0.0024174063936327267
argn_original,1,20260920,gap,20261002,0,1834,43810,0.018311766756051832,0.04838455550986291,0.003112204008538069,8.88909528856804e-06,0.022361852833738274,0.006854749961247786,0.005383011206743893,0.029126388686631914,0.0,0.011250577424321222,0.005510700658021395,0.012160551982008685,0.015980419726708005,0.3144182131649344,0.3174738173894708,0.0021403263128443404
argn_original,1,20260920,gap,20261002,1,214,5110,0.0469711364948303,0.11457627493360449,0.009883337144679925,0.0033399798930687785,0.031086014665621248,0.008442029950349123,0.023937075218950554,0.047301920035896894,0.0002042483660130719,0.02739756030420061,0.023304247902976194,0.029183971614722377,0.03596270269496643,0.31245462439648986,0.32024531697886804,0.010755138171961215
argn_original,1,20260920,gap,20261003,pooled,2048,48920,0.0215583088637656,0.04549159499980762,0.00413374115080674,0.00024604684040979187,0.016831459579434285,0.002608552697146123,0.0055121629235481695,0.02933474390224635,2.1334698754053594e-05,0.017191449745051816,0.004576529699005127,0.011597304676881618,0.015150947804831307,0.31851573158642793,0.317738171690903,0.003978205440133327
argn_original,1,20260920,gap,20261003,0,1834,43810,0.022527768815855893,0.04777739872451544,0.002367734575812892,6.661073337276718e-06,0.01674396029211614,0.004291352370821538,0.005670874475339982,0.029383223754477817,2.38231370306842e-05,0.01743885370615413,0.00463172297947112,0.01024331685009514,0.015980419726708005,0.3181379551676581,0.3174738173894708,0.0024979853123489296
argn_original,1,20260920,gap,20261003,1,214,5110,0.04966116576452121,0.10852001729241911,0.014510429293709756,0.009039775061325112,0.01767458192164871,0.013540440570162245,0.01862098082350072,0.04349632468604493,0.0,0.02938113514936628,0.02523821775043833,0.04470495015282974,0.03596270269496643,0.32474666491078885,0.32024531697886804,0.013612920350014327
argn_original,1,20260920,direct,20261001,pooled,2048,48920,0.015290528694059934,0.04478529992858205,0.006821103564763104,0.0001514620593748438,0.03608441093067169,0.002489277761266684,0.006079323841134632,0.032633196552267305,2.1334698754053594e-05,0.008758809769814439,0.005921932770864724,0.013524943836017161,0.015150947804831307,0.3149634028840942,0.317738171690903,0.006270193632273289
argn_original,1,20260920,direct,20261001,0,1834,43810,0.018432727770047803,0.04709276446767018,0.007182987465777439,6.734855402124832e-05,0.035433429293075566,0.005557956387353622,0.006437382360388183,0.03353742802027109,2.38231370306842e-05,0.011010806564790778,0.005865438944042123,0.013317915628993591,0.015980419726708005,0.31634849267673415,0.3174738173894708,0.007411089764687252
argn_original,1,20260920,direct,20261001,1,214,5110,0.05430753190501251,0.1134263328837938,0.013186730335745774,0.001993337286710764,0.04197143460383189,0.02469596099858143,0.018270078291076852,0.04285381109214462,0.0,0.03231400563606783,0.013855770968925096,0.02154117466810606,0.03596270269496643,0.3070585866431223,0.32024531697886804,0.009005473585694843
argn_original,1,20260920,direct,20261002,pooled,2048,48920,0.017169966776672964,0.04431268831429396,0.004117229124660206,0.00026134622396800904,0.02319721000125255,0.005266628096906956,0.005307595162306611,0.03003942998436768,2.1334698754053594e-05,0.010899003229408379,0.005276451161313034,0.01322642370284243,0.015150947804831307,0.31431691650369303,0.317738171690903,0.002335367164929255
argn_original,1,20260920,direct,20261002,0,1834,43810,0.017754814505820296,0.04816855104171994,0.0028889829226749824,1.4518086840399386e-05,0.02232851729827766,0.006854749961247786,0.005383011206743893,0.029128579527184752,0.0,0.010337543870338108,0.005510700658021395,0.012160551982008685,0.015980419726708005,0.31496923206093125,0.3174738173894708,0.0018521240429816611
argn_original,1,20260920,direct,20261002,1,214,5110,0.04668628235138016,0.11464429397905254,0.007968978027272025,0.002364430409142082,0.031080307054784997,0.008442029950349123,0.02465331287282374,0.04712678009855791,0.0002042483660130719,0.026810476155472662,0.023304247902976194,0.029183971614722377,0.03596270269496643,0.3145922083441576,0.32024531697886804,0.009058447866812588
argn_original,1,20260920,direct,20261003,pooled,2048,48920,0.020010291506094978,0.04487092108062835,0.004495798956720101,0.00028144135442158616,0.016831459579434285,0.002608552697146123,0.0055121629235481695,0.02933474390224635,2.1334698754053594e-05,0.015505742166641554,0.004576529699005127,0.011597304676881618,0.015150947804831307,0.31866544898797505,0.317738171690903,0.004310315196277367
argn_original,1,20260920,direct,20261003,0,1834,43810,0.020769363249319266,0.0473108016491726,0.002485332282932405,5.2643707699613325e-06,0.01674396029211614,0.004291352370821538,0.005670874475339982,0.029383223754477817,2.38231370306842e-05,0.0158410449866837,0.00463172297947112,0.01024331685009514,0.015980419726708005,0.3181614696565449,0.3174738173894708,0.0026201946822850606
argn_original,1,20260920,direct,20261003,1,214,5110,0.04895238927152611,0.1083654468927522,0.016177665087731337,0.009018576207018056,0.01767458192164871,0.013540440570162245,0.01862098082350072,0.04349632468604493,0.0,0.028402661568153003,0.02523821775043833,0.04470495015282974,0.03596270269496643,0.32599452975576987,0.32024531697886804,0.01503134848112422
argn_original,1,20260921,raw,20261001,pooled,2048,48920,0.014971387863835957,0.1752726876585851,0.2913197657488722,0.0007469992707751611,0.028009469051640604,0.005922012201435563,0.013812339901311865,0.049056598887168235,6.400409626216078e-05,0.010046240743303117,0.00558838248988458,0.013893628475590458,0.015150947804831307,0.02641840594203079,0.317738171690903,0.017139152059862713
argn_original,1,20260921,raw,20261001,0,1834,43810,0.0146469258521143,0.1766664455116848,0.29100974016589903,6.2445564247852925e-06,0.026709364387731943,0.0043966617488929135,0.013209213299096856,0.050935061223619064,4.76462740613684e-05,0.008798547320769222,0.005606498365017365,0.011476352063871497,0.015980419726708005,0.026464077223571678,0.3174738173894708,0.002682365674939716
argn_original,1,20260921,raw,20261001,1,214,5110,0.04487630362637625,0.21018797797052477,0.2942763262325359,0.08063299955111178,0.04060201208198491,0.020325000473794798,0.025955554488088617,0.04630490929361723,0.0002042483660130719,0.019788043645397255,0.02710758108879474,0.04232939100550451,0.03596270269496643,0.025968990746332174,0.32024531697886804,0.16061493713142794
argn_original,1,20260921,raw,20261002,pooled,2048,48920,0.015029066615911515,0.17738370705520393,0.2939787694024268,0.0007373950310647327,0.025025426517991833,0.00027779955351311535,0.0064107810428061796,0.02728732465746792,6.400409626216078e-05,0.009634298125595308,0.005503469965793428,0.012950490494151801,0.015150947804831307,0.02375940228847616,0.317738171690903,0.01666908785524307
argn_original,1,20260921,raw,20261002,0,1834,43810,0.017037506912963636,0.17542635445276858,0.2939016612009474,2.5077388656891037e-05,0.0246973715173225,0.0009104557056271422,0.0063174716217827,0.026283333999336803,4.76462740613684e-05,0.009236143756971005,0.005631542167610526,0.013180646291902257,0.015980419726708005,0.023572156188523298,0.3174738173894708,0.0018947999038709594
argn_original,1,20260921,raw,20261002,1,214,5110,0.054090112230912285,0.21564301146915435,0.29497380980893895,0.08072635363498873,0.0286715858776269,0.011341375560505736,0.013579132850838227,0.0513090005636092,0.0002042483660130719,0.02746896749847548,0.01645945829042278,0.02178727370920639,0.03596270269496643,0.02527150716992914,0.32024531697886804,0.16240351697768068
argn_original,1,20260921,raw,20261003,pooled,2048,48920,0.014224376855806905,0.1760294029350776,0.29292849393868065,0.0007433261329587021,0.012284839498409944,0.007559253033429361,0.005203762026405934,0.02556915323882931,0.0,0.010109176344891765,0.005302593440769221,0.012257352681738574,0.015150947804831307,0.024809677752222342,0.317738171690903,0.015914650094357326
argn_original,1,20260921,raw,20261003,0,1834,43810,0.015161119405689958,0.17534730641628565,0.29274744056373014,3.9199550460409095e-06,0.012008028508607396,0.00482339250761131,0.0052337943424317634,0.02564073394459723,0.0,0.009145740132879124,0.005379360643215536,0.01237020709343607,0.015980419726708005,0.024726376825740616,0.3174738173894708,0.0019227092088963391
argn_original,1,20260921,raw,20261003,1,214,5110,0.05158015665041658,0.22156060948368134,0.2946935247655988,0.08089266016260437,0.015058535231876474,0.032297880696950804,0.011307838192050834,0.034828455805242124,0.0,0.0337956549122324,0.012675852092098261,0.01876036173223596,0.03596270269496643,0.02555179221326931,0.32024531697886804,0.16076985444991548
argn_original,1,20260921,level,20261001,pooled,2048,48920,0.028455621407219432,0.05677969999689518,0.026900112360518157,0.0006969141232309798,0.035364908830552294,0.0046653191920179955,0.005893670003683682,0.03190156703915154,2.1334698754053594e-05,0.026520248295630156,0.005907584447648717,0.013199751680699263,0.015150947804831307,0.3432931813981707,0.317738171690903,0.02123689450940116
argn_original,1,20260921,level,20261001,0,1834,43810,0.029866499388270323,0.059689401374139396,0.025673314556051194,5.5154339566705884e-05,0.03419542153861092,0.007421241225062097,0.005814939567431177,0.031190858601622705,2.38231370306842e-05,0.027236961457750952,0.005895000467877276,0.013044372576244712,0.015980419726708005,0.34314713194552193,0.3174738173894708,0.006157029657092661
argn_original,1,20260921,level,20261001,1,214,5110,0.06268516196403799,0.15455580081558218,0.15948884272400932,0.08083096296699395,0.04550190814949098,0.01980198983885547,0.019492831741500405,0.04475030983264062,0.0,0.03765736897992474,0.011650123749967767,0.021211799931003923,0.03596270269496643,0.34472945759706586,0.32024531697886804,0.1647329960342066
argn_original,1,20260921,level,20261002,pooled,2048,48920,0.0318756246580086,0.05772082918733556,0.026994743780688675,0.0007059778408871225,0.021151491019106447,0.0060811765110972815,0.007109509078731757,0.028677223969895152,4.266939750810719e-05,0.03035369423218901,0.005258171519350263,0.01316203463886854,0.015150947804831307,0.3447329154715916,0.317738171690903,0.012812687934565314
argn_original,1,20260921,level,20261002,0,1834,43810,0.033820969229840875,0.06182536060997448,0.027239021590118068,6.398043511763403e-05,0.022085892807754637,0.0074699378697209,0.005344852324949967,0.028044934899198105,4.76462740613684e-05,0.031977921995918646,0.005451577610351199,0.011789346923942807,0.015980419726708005,0.3447128389795888,0.3174738173894708,0.004203618136472821
argn_original,1,20260921,level,20261002,1,214,5110,0.06311148510581324,0.16582583206924978,0.1613762894552922,0.08085142323265225,0.01311346029712461,0.005742166371591223,0.025405169067160227,0.04367131738889729,0.0,0.04819015515813217,0.022696561678589133,0.029557894379093196,0.03596270269496643,0.3445411832497468,0.32024531697886804,0.1665801170886722
argn_original,1,20260921,level,20261003,pooled,2048,48920,0.029916189748274497,0.05453296132534603,0.025131457965721277,0.0007183052698799154,0.0183062475254442,0.002671365725174492,0.0051610926288978565,0.028702780537494425,2.1334698754053594e-05,0.027153935948941665,0.0047506719362720995,0.010871243999554803,0.015150947804831307,0.34286962965662426,0.317738171690903,0.013817718610784646
argn_original,1,20260921,level,20261003,0,1834,43810,0.03251521741416168,0.05824282378895672,0.024833585560184047,1.975244254016483e-05,0.018466699062447176,0.004225480788314001,0.005400556301646486,0.028938565851776458,2.38231370306842e-05,0.029770629570054073,0.004854366349675288,0.010365885550910338,0.015980419726708005,0.3423074029496547,0.3174738173894708,0.004330465674432043
argn_original,1,20260921,level,20261003,1,214,5110,0.056752261375784284,0.15272938127395846,0.1531324733200864,0.08069490512099603,0.016827512575610354,0.012411538239681635,0.01890041480894744,0.041137314534219246,0.0,0.036522779670051714,0.02595574004080914,0.04489289374536623,0.03596270269496643,0.3476426533716802,0.32024531697886804,0.1590005915675436
argn_original,1,20260921,gap,20261001,pooled,2048,48920,0.02813236948395177,0.055200723159066545,0.023869992261192075,0.00033862775253959854,0.03664430817573604,0.0046653191920179955,0.005893670003683682,0.03197502840293118,2.1334698754053594e-05,0.025845677567911382,0.005907584447648717,0.013199751680699263,0.015150947804831307,0.34160816395209503,0.317738171690903,0.006228547336439278
argn_original,1,20260921,gap,20261001,0,1834,43810,0.030323383404932826,0.0599624956690114,0.0259576802483284,0.00010387424738686815,0.035450483588386136,0.007421241225062097,0.0059102321155539705,0.0315558145561212,2.38231370306842e-05,0.027510871523945837,0.005895000467877276,0.013044372576244712,0.015980419726708005,0.3434314976377991,0.3174738173894708,0.007760176658443483
argn_original,1,20260921,gap,20261001,1,214,5110,0.06762925919864682,0.11788118688003305,0.016322848478744795,0.0070116252194320355,0.04727728029649904,0.01980198983885547,0.020443149650589687,0.04206012141186439,0.0,0.04638839863116208,0.011650123749967767,0.021211799931003923,0.03596270269496643,0.32970484695664276,0.32024531697886804,0.014499803270708884
argn_original,1,20260921,gap,20261002,pooled,2048,48920,0.030450539754507244,0.055082266837317935,0.025001862300666262,0.00028857810777919816,0.021036725230158967,0.0060811765110972815,0.007266888752970657,0.028862280814580723,4.266939750810719e-05,0.02906587738836237,0.005258171519350263,0.01316203463886854,0.015150947804831307,0.3427400339915692,0.317738171690903,0.003510927302220318
argn_original,1,20260921,gap,20261002,0,1834,43810,0.033004506133413394,0.06123380143838745,0.026731071098639016,3.156738953176213e-05,0.021759308119807308,0.0074699378697209,0.005559260558226087,0.02801086503449437,4.76462740613684e-05,0.03131597266928093,0.005451577610351199,0.011789346923942807,0.015980419726708005,0.3442048884881097,0.3174738173894708,0.003085149945980417
argn_original,1,20260921,gap,20261002,1,214,5110,0.054212209735269634,0.11957260896197133,0.015490663504940183,0.004989230505963949,0.01486953888010474,0.005742166371591223,0.027068674724517294,0.04486811622396915,0.0,0.03556558323251065,0.022696561678589133,0.029557894379093196,0.03596270269496643,0.33552101433920123,0.32024531697886804,0.008759601053557418
argn_original,1,20260921,gap,20261003,pooled,2048,48920,0.029826641444492444,0.05595714361721783,0.02436793460139494,0.0002296996008811017,0.017750456030052403,0.002671365725174492,0.0051610926288978565,0.028682733307298296,2.1334698754053594e-05,0.027337909783774046,0.0047506719362720995,0.010871243999554803,0.015150947804831307,0.3421061062922979,0.317738171690903,0.004840744914941926
argn_original,1,20260921,gap,20261003,0,1834,43810,0.03283983878110045,0.05806063424110374,0.02501219230939162,2.4577553569100842e-06,0.01823624641725985,0.004225480788314001,0.005400556301646486,0.028912077249117752,2.38231370306842e-05,0.030067365475098546,0.004854366349675288,0.010365885550910338,0.015980419726708005,0.34248600969886234,0.3174738173894708,0.003920840700815585
argn_original,1,20260921,gap,20261003,1,214,5110,0.05366207174157838,0.11679795652676705,0.0221487811829773,0.005462131684736776,0.01327986836940298,0.012411538239681635,0.019104663174960512,0.04254652413713109,0.0,0.03133090658883879,0.02595574004080914,0.04489289374536623,0.03596270269496643,0.3423940981618454,0.32024531697886804,0.014040628839649023
argn_original,1,20260921,direct,20261001,pooled,2048,48920,0.017193686230839035,0.05035607833050757,0.0077722301266515414,0.000286867462080816,0.03350177446308933,0.003793665148573663,0.005915004702437776,0.03267141669903094,0.0,0.012335287235577126,0.00588714291044512,0.013175866177487982,0.015150947804831307,0.31322781855253456,0.317738171690903,0.008677707803004506
argn_original,1,20260921,direct,20261001,0,1834,43810,0.017679594198450794,0.04912188314720893,0.009773099313123736,0.00017866247791979847,0.03261634009616671,0.006669684243976089,0.0058625858414925736,0.03236286246127819,0.0,0.011568724382247804,0.005948885947761107,0.013198260242917027,0.015980419726708005,0.31335192356167757,0.3174738173894708,0.01059775946089821
argn_original,1,20260921,direct,20261001,1,214,5110,0.06367210594544057,0.11753236061443914,0.009374472139905853,1.5156921351081043e-05,0.04140644081286429,0.021944041621216624,0.018435345051070695,0.04214011384610893,0.0,0.03258133256925632,0.01128211167275106,0.0194701803675052,0.03596270269496643,0.3153135857725788,0.32024531697886804,0.00837931512627759
argn_original,1,20260921,direct,20261002,pooled,2048,48920,0.01921822684941601,0.051085324606487625,0.0037511098830352546,4.3599731609153536e-05,0.021095113498176263,0.0060811765110972815,0.008454950571429753,0.030379171240704148,4.266939750810719e-05,0.015765748401050727,0.005258171519350263,0.01316203463886854,0.015150947804831307,0.3148294095134039,0.317738171690903,0.0030465688748449664
argn_original,1,20260921,direct,20261002,0,1834,43810,0.01818037299819256,0.05225305522858847,0.003097299098436098,2.127566697189719e-06,0.021782471934719896,0.0074699378697209,0.006370946501690566,0.02913934721560978,4.76462740613684e-05,0.014067428277942709,0.005451577610351199,0.011789346923942807,0.015980419726708005,0.31553145495629037,0.3174738173894708,0.003415405528230491
argn_original,1,20260921,direct,20261002,1,214,5110,0.046819672500927605,0.1177284717478796,0.007208208331115653,0.0018166421350443301,0.015265675365235501,0.005742166371591223,0.028113961792525344,0.0481679227437646,0.0,0.027784899328607317,0.022696561678589133,0.029557894379093196,0.03596270269496643,0.3145630826763451,0.32024531697886804,0.008210452011337355
argn_original,1,20260921,direct,20261003,pooled,2048,48920,0.020228996112480326,0.050381192739748906,0.004221057223918262,4.603348311655979e-05,0.01719000310040328,0.002671365725174492,0.005689184314106699,0.029862451295496608,2.1334698754053594e-05,0.015775428166484994,0.0047506719362720995,0.010871243999554803,0.015150947804831307,0.31621920463934494,0.317738171690903,0.003921312563776819
argn_original,1,20260921,direct,20261003,0,1834,43810,0.020215120393958046,0.05105636427817211,0.0046708502671675275,7.038974322754946e-06,0.018553145503253765,0.004225480788314001,0.005376733164615843,0.029955468478005082,2.38231370306842e-05,0.01587731882585995,0.004854366349675288,0.010365885550910338,0.015980419726708005,0.3157909404288749,0.3174738173894708,0.0050119679011709295
argn_original,1,20260921,direct,20261003,1,214,5110,0.04852851440621606,0.11276221763826545,0.011644274430043984,0.0076167384415341405,0.004365559200751157,0.012411538239681635,0.01959076911212454,0.04324698036641046,0.0,0.022289020618827315,0.02595574004080914,0.04489289374536623,0.03596270269496643,0.3235645188080388,0.32024531697886804,0.011697201264213449
argn_continued,1,20260920,raw,20261001,pooled,2048,48920,0.015615976516896344,0.16574868955747993,0.2980859400522913,0.0007027862398837912,0.037017972008292085,0.0038623190092005218,0.005951315648610289,0.03417158265030848,0.0,0.010223520761575464,0.005942374308068321,0.01330573180534641,0.015150947804831307,0.019652231638611677,0.317738171690903,0.015393778398975887
argn_continued,1,20260920,raw,20261001,0,1834,43810,0.01647010596650323,0.16880107799760746,0.2978036224839194,5.3365255353143674e-05,0.03730380045320478,0.006748155851647923,0.0058625858414925736,0.03251413012492835,0.0,0.010557694990973369,0.006033453618173978,0.013358951592402234,0.015980419726708005,0.01967019490555132,0.3174738173894708,0.0011857561286665935
argn_continued,1,20260920,raw,20261001,1,214,5110,0.042260184633571174,0.20801549484067072,0.3007282750424069,0.08064794197857593,0.035435752262949066,0.021780608756461664,0.0241626320772515,0.054524759757472493,0.0,0.0189899882413153,0.012259660160761188,0.0205841210711534,0.03596270269496643,0.01951704193646119,0.32024531697886804,0.1598550060035827
argn_continued,1,20260920,raw,20261002,pooled,2048,48920,0.014619975758094268,0.16792533303372184,0.297250187215139,0.0006729421744955291,0.021694753447560278,0.005703016061559544,0.007239361102766462,0.033918919657288445,0.0,0.009563814760694804,0.005276451161313034,0.013105604543862864,0.015150947804831307,0.020487984475763932,0.317738171690903,0.0154271066420597
argn_continued,1,20260920,raw,20261002,0,1834,43810,0.016959828130610213,0.17175823197039708,0.2967942206469025,5.739172155085461e-05,0.021825533153878682,0.007209560049227468,0.005804896240568014,0.03273342370694687,0.0,0.01068913970793569,0.005444841925365762,0.012086453351349662,0.015980419726708005,0.020679596742568238,0.3174738173894708,0.002306435768741711
argn_continued,1,20260920,raw,20261002,1,214,5110,0.04636311203880215,0.2045824790084287,0.3014129632950331,0.08073283094461142,0.02055184407894567,0.0070419456274334186,0.025317198352353854,0.04999835857023059,0.0,0.018868551006513926,0.02284770190596702,0.029899173389946326,0.03596270269496643,0.018832353683835013,0.32024531697886804,0.1600681664999181
argn_continued,1,20260920,raw,20261003,pooled,2048,48920,0.016588943729668074,0.17014766422602642,0.2977235848843168,0.000730630122102517,0.020033141007926747,0.0027000916821977045,0.006889617520312252,0.035578155955237487,0.0,0.009686979764765182,0.0045969712362087245,0.011464823649116497,0.015150947804831307,0.020014586806586153,0.317738171690903,0.016071939878602393
argn_continued,1,20260920,raw,20261003,0,1834,43810,0.016813967346167562,0.1750271822757694,0.29729355497839927,9.763724942591134e-06,0.020606913931248236,0.004158411769707339,0.005919076164231929,0.0346068571681521,0.0,0.012390780218376495,0.004654548818320725,0.010233406511825744,0.015980419726708005,0.020180262411071438,0.3174738173894708,0.0025432307478054864
argn_continued,1,20260920,raw,20261003,1,214,5110,0.0429726096503898,0.2119253703713169,0.30164784216668333,0.08083808777832746,0.015024183761918927,0.011456586736816127,0.019199319173928697,0.0500223799088698,0.0,0.015269713423627412,0.025700264301628417,0.0455112228066808,0.03596270269496643,0.018597474812184683,0.32024531697886804,0.16026433829389666
argn_continued,1,20260920,level,20261001,pooled,2048,48920,0.03554273781093107,0.06004547667622263,0.02334243542277223,0.0007335128539544988,0.03764909266173827,0.004006575490676025,0.005993985046118366,0.03408993315392369,0.0,0.0329788623118528,0.005942374308068321,0.013355001531314898,0.015150947804831307,0.34044486494001824,0.317738171690903,0.017938219869517612
argn_continued,1,20260920,level,20261001,0,1834,43810,0.033327296360236396,0.06103049469382617,0.023224448046823526,8.3585626994822e-06,0.038345114027386315,0.006968495290976819,0.006046142049005332,0.03352293173678969,0.0,0.03147881188968109,0.006033453618173978,0.013437061544392247,0.015980419726708005,0.3406982654362942,0.3174738173894708,0.005284455940131808
argn_continued,1,20260920,level,20261001,1,214,5110,0.05169120265767046,0.1534757110957427,0.15115676156872343,0.08022891120498027,0.03167816814168005,0.02230235344255148,0.023904697203192993,0.044917163527085156,0.0,0.030011698678641865,0.01236589586400838,0.020650642303904784,0.03596270269496643,0.3389949874917601,0.32024531697886804,0.15517267326513845
argn_continued,1,20260920,level,20261002,pooled,2048,48920,0.036513124754582696,0.05962023074867164,0.026682880944727545,0.0007466521932555391,0.020974794306331035,0.005940752182120988,0.007260695801520445,0.0339968706978953,0.0,0.03315327308896769,0.005276451161313034,0.013140103838640834,0.015150947804831307,0.3444210526356305,0.317738171690903,0.014374861645185373
argn_continued,1,20260920,level,20261002,0,1834,43810,0.03540607379967837,0.06004996801476814,0.027406467229210738,5.248093782545438e-06,0.02011098880482963,0.007620255193001738,0.006040391140042178,0.03239041885049768,0.0,0.031882863046429025,0.005444841925365762,0.01207891255931231,0.015980419726708005,0.3448802846186814,0.3174738173894708,0.0017753326744306592
argn_continued,1,20260920,level,20261002,1,214,5110,0.05779775579984811,0.16086013094846263,0.16055013669245938,0.08035333706829569,0.028799802013880993,0.008304146220302091,0.024521513380589444,0.05305983368882284,0.0,0.04410889397106757,0.0232665191017995,0.030522317294485454,0.03596270269496643,0.3401638685534943,0.32024531697886804,0.164816406021789
argn_continued,1,20260920,level,20261003,pooled,2048,48920,0.032658776843446,0.05736615771764749,0.028957689740659688,0.0007372376486655531,0.020327694109489286,0.0029761517713832305,0.006804278725296098,0.0348432414473111,0.0,0.030403848532744377,0.0045969712362087245,0.011475125812207755,0.015150947804831307,0.34669586143156267,0.317738171690903,0.015549666589007902
argn_continued,1,20260920,level,20261003,0,1834,43810,0.030696158920922385,0.05848772905849609,0.029304254617979093,3.3032065170393826e-06,0.021452623693153774,0.00439332553333644,0.005847606753139889,0.034221175584966804,0.0,0.029166588223329334,0.004654548818320725,0.010214771657538204,0.015980419726708005,0.3467780720074498,0.3174738173894708,0.0023414340582979076
argn_continued,1,20260920,level,20261003,1,214,5110,0.05557598206236907,0.15422618528635762,0.15168393782185202,0.08083367974849136,0.010126840915631125,0.01083649399275878,0.01852417355182856,0.047152811071529944,0.0,0.030658263820079905,0.025895959017871062,0.04568317734501566,0.03596270269496643,0.34602715605392226,0.32024531697886804,0.1572060396116093
argn_continued,1,20260920,gap,20261001,pooled,2048,48920,0.03571484798927653,0.05907886734192888,0.021834678849151294,0.00015531158167319745,0.037697286447314335,0.004125742720259197,0.005993985046118366,0.03412411053990284,0.0,0.03310151153507439,0.005942374308068321,0.01337659925021116,0.015150947804831307,0.33957285054005426,0.317738171690903,0.005359649915190876
argn_continued,1,20260920,gap,20261001,0,1834,43810,0.03300563962471422,0.060902027766101124,0.02355305134838453,4.195370491620815e-05,0.03830932090763818,0.00703765340181417,0.006046142049005332,0.03350741422099706,0.0,0.03125055350118531,0.006033453618173978,0.013400424764721997,0.015980419726708005,0.34102686873785526,0.3174738173894708,0.006736554909180702
argn_continued,1,20260920,gap,20261001,1,214,5110,0.05251086751743665,0.1220280603451496,0.015598223744738475,0.0013859257594641128,0.03249026773452535,0.02174163779477395,0.024244421286946816,0.045991567918448946,0.0,0.03152055069548256,0.01236589586400838,0.020658197070842862,0.03596270269496643,0.3323485254216614,0.32024531697886804,0.008448931696768894
argn_continued,1,20260920,gap,20261002,pooled,2048,48920,0.03632996216360666,0.059254117638380434,0.026424665504377342,0.0001351307699002692,0.020620629199453053,0.005896415820776272,0.007388703994044787,0.0343432137823901,0.0,0.033010182328542505,0.005276451161313034,0.013112402846435276,0.015150947804831307,0.3441628371952803,0.317738171690903,0.0019345006344652946
argn_continued,1,20260920,gap,20261002,0,1834,43810,0.03538527664855238,0.05976097503581465,0.027596762395078606,3.8934337481114686e-06,0.01949428978852595,0.007513579669075344,0.005852542514629411,0.03253721031060442,0.0,0.03201981807952649,0.005444841925365762,0.012075944493083827,0.015980419726708005,0.34507057978454936,0.3174738173894708,0.00047662459226829255
argn_continued,1,20260920,gap,20261002,1,214,5110,0.05535683888039849,0.12769640795449044,0.021864344437980614,0.0009705363316045573,0.030651739994559432,0.007762694910698514,0.025587482620984314,0.055026974317299186,0.0,0.040486979063140596,0.02284770190596702,0.029758962588250837,0.03596270269496643,0.3421096614168487,0.32024531697886804,0.008517112879192821
argn_continued,1,20260920,gap,20261003,pooled,2048,48920,0.03326159530115077,0.05748637307856981,0.028204143011348295,0.00022779776749594794,0.020046974731389583,0.0029765796963284723,0.006804278725296098,0.03484706545564601,0.0,0.03089444542563071,0.0045969712362087245,0.011475402043604511,0.015150947804831307,0.34594231470225123,0.317738171690903,0.004576120862798634
argn_continued,1,20260920,gap,20261003,0,1834,43810,0.030899401805530424,0.0584950961881761,0.02917699626796107,1.19451691296279e-05,0.021282097001474806,0.004398581493065266,0.005780388567203643,0.03423324656006764,0.0,0.029326369095276368,0.004654548818320725,0.010216009340039757,0.015980419726708005,0.3466508136574318,0.3174738173894708,0.0032537057520679144
argn_continued,1,20260920,gap,20261003,1,214,5110,0.055337247358438285,0.11958441580970464,0.022862268689080468,0.011918684065239452,0.008833478343106896,0.010878224961329128,0.01868064460190677,0.0469481520373879,0.0,0.032603059758270644,0.025895959017871062,0.04568401117847809,0.03596270269496643,0.3431075856679485,0.32024531697886804,0.016138324680296308
argn_continued,1,20260920,direct,20261001,pooled,2048,48920,0.02184995352217216,0.052535295095156406,0.005126819492793424,0.0001219194250237643,0.03755913875056084,0.003920858737388041,0.0060153197448724605,0.034146375074998,0.0,0.01734490033935715,0.005942374308068321,0.013277436179360618,0.015150947804831307,0.3166059415581627,0.317738171690903,0.0053410303742393445
argn_continued,1,20260920,direct,20261001,0,1834,43810,0.02146471169780251,0.05264516312736522,0.006526542937500612,6.80281855518647e-05,0.03779940392868515,0.006826309947740577,0.006022318911974578,0.03320860392655255,0.0,0.017174725988575654,0.006033453618173978,0.013343123414597627,0.015980419726708005,0.31758726762566236,0.3174738173894708,0.0065035466774929305
argn_continued,1,20260920,direct,20261001,1,214,5110,0.050586919953927334,0.12024025484694541,0.006786192077340776,0.00023970580413471,0.035844036484040095,0.021899017351760933,0.024182020762885892,0.048349914157973746,0.0,0.02164843107943128,0.01264074855541697,0.02053841757396503,0.03596270269496643,0.31364830527195875,0.32024531697886804,0.006156182541732194
argn_continued,1,20260920,direct,20261002,pooled,2048,48920,0.0206886667876294,0.051773077146290376,0.003346354242686855,0.0001959306351359243,0.021798797484071264,0.006344690186312317,0.00751671218656913,0.034822969875976294,0.0,0.01605793744228231,0.005296892698516631,0.013123604114574756,0.015150947804831307,0.317094457346331,0.317738171690903,0.003220988939103259
argn_continued,1,20260920,direct,20261002,0,1834,43810,0.02350249713643972,0.05258849476468428,0.002682297112043816,2.0634309102968325e-05,0.02141607821895032,0.00802398760925427,0.005924011925721451,0.03361950279004381,0.0,0.015982353231027008,0.005490493603064972,0.01213115016591108,0.015980419726708005,0.31783403378104685,0.3174738173894708,0.002722932415891302
argn_continued,1,20260920,direct,20261002,1,214,5110,0.04770302968441453,0.12052102669241745,0.003949488113935746,0.0011040925049535105,0.025357307527322098,0.00796684168215505,0.02532540858931842,0.049536528610963006,0.0,0.023677710529335864,0.024002543256233078,0.02937750351497927,0.03596270269496643,0.31629582886493235,0.32024531697886804,0.0027772137243284225
argn_continued,1,20260920,direct,20261003,pooled,2048,48920,0.017399351734620976,0.05073400385367963,0.004530639079278813,6.30829094342986e-05,0.019984490284588582,0.002947351198829727,0.006323942845959274,0.03376743252027402,0.0,0.013875085755260946,0.0045969712362087245,0.01145537379574456,0.015150947804831307,0.3178626565497461,0.317738171690903,0.004505738308161793
argn_continued,1,20260920,direct,20261003,0,1834,43810,0.0200859099861435,0.05229754347567628,0.004033999524086076,1.8283591735676152e-05,0.02087364056597693,0.004432090981316621,0.005631758783220753,0.03316755764301922,0.0,0.015289661752272848,0.004654548818320725,0.010237295143240333,0.015980419726708005,0.31761756811735953,0.3174738173894708,0.004042276327717887
argn_continued,1,20260920,direct,20261003,1,214,5110,0.04757722946864305,0.11343725421309515,0.017773206219997107,0.008739535998215656,0.0120474358489161,0.011457658102249276,0.01889189141203229,0.04811329938997339,0.0,0.019964961469868127,0.025471241227553676,0.04572007003354524,0.03596270269496643,0.323335493380619,0.32024531697886804,0.017157066121494532
argn_continued,1,20260921,raw,20261001,pooled,2048,48920,0.015553705244497453,0.15025958087899507,0.25059500263581647,0.0007333769892044765,0.0340449894380163,0.0037190925401878574,0.005722992413651262,0.033594685246526756,0.0,0.01039634234577804,0.005907584447648717,0.013302909732100366,0.015150947804831307,0.0671431690550865,0.317738171690903,0.01609311894300582
argn_continued,1,20260921,raw,20261001,0,1834,43810,0.0158748149408168,0.1573493606863318,0.25087443402111137,1.1527455160776297e-05,0.03326214937626462,0.007072067070587367,0.005583737085857021,0.03295447493362859,0.0,0.009273345770770793,0.005926060108911502,0.013175400162423306,0.015980419726708005,0.06659938336835936,0.3174738173894708,0.0009562977288887143
argn_continued,1,20260921,raw,20261001,1,214,5110,0.06006412948098257,0.20524790183665553,0.24896212061761075,0.08063592206314818,0.04106159514664004,0.026111695786319184,0.02181048768862026,0.04722630212117087,0.0,0.03922950237236401,0.013830193391984325,0.021027945008849375,0.03596270269496643,0.0718020693327511,0.32024531697886804,0.1604886127173657
argn_continued,1,20260921,raw,20261002,pooled,2048,48920,0.016723389358788403,0.15040887809063205,0.24876016681407712,0.0006938159129849396,0.02406509305514294,0.006280053318694981,0.0065710085359751425,0.02773757038118939,0.0,0.009565475447982114,0.00527861305655386,0.013058761992098175,0.015150947804831307,0.06897800487682584,0.317738171690903,0.014966656129281254
argn_continued,1,20260921,raw,20261002,0,1834,43810,0.017857500392985136,0.158498371061313,0.24801773818104914,8.27104346834425e-05,0.02405889694376402,0.007721713128791537,0.004914410586955853,0.026394800192504772,0.0,0.00843483201637518,0.0054059259326521,0.011619175104666953,0.015980419726708005,0.06945607920842156,0.3174738173894708,0.003093603557505381
argn_continued,1,20260921,raw,20261002,1,214,5110,0.04209376022964478,0.20402128690540572,0.2555851812468527,0.08086305708623588,0.024665454698007835,0.005670519080773921,0.023778180583168107,0.045214611848726355,0.0,0.026500919967686717,0.023039346214131062,0.030927501855457003,0.03596270269496643,0.0646601357320154,0.32024531697886804,0.16187888984990878
argn_continued,1,20260921,raw,20261003,pooled,2048,48920,0.01882434552852056,0.15428555228534568,0.2496765500031294,0.0007284344845092921,0.01823468719961535,0.0026230714301948357,0.004990415038865326,0.027450324559484467,0.0,0.014232528983084754,0.004771113473475697,0.01066855862940762,0.015150947804831307,0.06806162168777355,0.317738171690903,0.014615194196503187
argn_continued,1,20260921,raw,20261003,0,1834,43810,0.017641559027102027,0.15878794230344734,0.2498632587687566,4.140311408254785e-06,0.0180220139714133,0.004262997806803421,0.0051100650699340555,0.028248085424267256,0.0,0.012168613773413689,0.004831540510825683,0.010429909826799862,0.015980419726708005,0.06761055862071413,0.3174738173894708,0.0018879345620855142
argn_continued,1,20260921,raw,20261003,1,214,5110,0.049587592864440005,0.19259960376477395,0.2482223388729385,0.0804220008974946,0.020386792702585463,0.013100796049268509,0.011523278622383781,0.0358634287612405,0.0,0.031047027988069804,0.025197713669652178,0.044066995877682424,0.03596270269496643,0.07202297810592957,0.32024531697886804,0.15624313147354102
argn_continued,1,20260921,level,20261001,pooled,2048,48920,0.04881815820646967,0.09759796152122932,0.12251107485976771,0.0007043273435855329,0.03151661153319221,0.0031706682723468696,0.005678300119183022,0.03353312935308406,0.0,0.0453781124758576,0.005866701373241523,0.01335102870294875,0.015150947804831307,0.44024924655067066,0.317738171690903,0.012796173451648159
argn_continued,1,20260921,level,20261001,0,1834,43810,0.04269443625419055,0.09516811592352838,0.1240488706401606,5.992461087285159e-05,0.03138152616064925,0.0064010820953996055,0.006586857097976684,0.034380914665926396,0.0,0.04001291554143046,0.005903234270061897,0.013247882400609567,0.015980419726708005,0.4415226880296313,0.3174738173894708,0.005593649658066787
argn_continued,1,20260921,level,20261001,1,214,5110,0.08369142133458539,0.1707517477226013,0.1703028740573981,0.08086392015002358,0.03309039920239605,0.025542020560794014,0.015865976581953323,0.04022439249075999,0.0,0.06449959833453216,0.014206306285358239,0.020862436169826873,0.03596270269496643,0.42953682067293864,0.32024531697886804,0.15985570010999717
argn_continued,1,20260921,level,20261002,pooled,2048,48920,0.0540113265696807,0.09983870330315256,0.1304148473538616,0.0006549877771440391,0.021934226718253638,0.005834953526766424,0.0046176871850287515,0.02531535313928751,0.0,0.05099953520684695,0.005299054593757457,0.013005222765585623,0.015150947804831307,0.44815301904476457,0.317738171690903,0.013278728640566388
argn_continued,1,20260921,level,20261002,0,1834,43810,0.04519150918181109,0.09268627551150961,0.1302871545310713,9.94058307887594e-05,0.022119176853198197,0.007779379273780218,0.0053504833395846,0.02672008489328029,0.0,0.04240962862063612,0.005542880965749508,0.011812023492498864,0.015980419726708005,0.447760971920542,0.3174738173894708,0.007121567983911294
argn_continued,1,20260921,level,20261002,1,214,5110,0.07071207293217735,0.18098885880128965,0.18022731113116047,0.08054810995484575,0.02040783913589249,0.011070716268806943,0.016575610645564787,0.033530354023582676,0.0,0.05717823570724751,0.02268846086243187,0.029861250338255197,0.03596270269496643,0.4514074930209282,0.32024531697886804,0.16061517308009565
argn_continued,1,20260921,level,20261003,pooled,2048,48920,0.05899632435748463,0.09813564849400609,0.13010458894618057,0.0005720588560399024,0.014424313438677297,0.002072972421287177,0.004883741545095077,0.029956247264880692,0.0,0.054842544201123375,0.004771113473475697,0.010626940464495294,0.015150947804831307,0.44784276063708356,0.317738171690903,0.008632751895217367
argn_continued,1,20260921,level,20261003,0,1834,43810,0.04345518249996417,0.09325233697851276,0.13137314745522366,0.0001584335587335241,0.014545216740045275,0.003518795068465277,0.006121548883616934,0.03263971453562476,0.0,0.04076616822346653,0.004831540510825683,0.010442256523754767,0.015980419726708005,0.44884696484469433,0.3174738173894708,0.008623890842960665
argn_continued,1,20260921,level,20261003,1,214,5110,0.10220579278545952,0.1638952897372285,0.16626251135453815,0.08057691759161278,0.013890422052605753,0.011878280135460759,0.0126575439633001,0.03709463476553891,0.0,0.08641533134463295,0.024202638415820432,0.04316783409659707,0.03596270269496643,0.4393313568722692,0.32024531697886804,0.14995374468010103
argn_continued,1,20260921,gap,20261001,pooled,2048,48920,0.048932552327305236,0.09660298822159423,0.11820277651590216,5.16545295583086e-05,0.03146068793861305,0.003324432242258886,0.0057209695166911545,0.03360695553207296,0.0,0.04554164477348638,0.005866701373241523,0.013309741678579687,0.015150947804831307,0.4359409482068051,0.317738171690903,0.005273223939677224
argn_continued,1,20260921,gap,20261001,0,1834,43810,0.043283277469817145,0.0960037576331517,0.12434440932637089,3.5866046520860255e-05,0.03126709769045348,0.006538227958544348,0.006544787919592149,0.03469169069109392,0.0,0.04081181990116568,0.005903234270061897,0.013239712070120374,0.015980419726708005,0.4418182267158416,0.3174738173894708,0.0050015353639733025
argn_continued,1,20260921,gap,20261001,1,214,5110,0.08052194482967064,0.133910040711132,0.06727175052796719,0.023831514940540935,0.03347581622595208,0.025252408007946106,0.015347574322931878,0.03753613758731953,0.0,0.06292964016124626,0.013586818872001416,0.020499393227826193,0.03596270269496643,0.3875170675068353,0.32024531697886804,0.019504613650464037
argn_continued,1,20260921,gap,20261002,pooled,2048,48920,0.051020091933777274,0.09682561789026226,0.12258269991268346,1.6509113704883671e-06,0.021454875110777552,0.005786380044842174,0.0046176871850287515,0.0253183157069559,0.0,0.04785153847749292,0.005299054593757457,0.01300280659872788,0.015150947804831307,0.44032087160358646,0.317738171690903,0.004129925424739965
argn_continued,1,20260921,gap,20261002,0,1834,43810,0.04445177396585556,0.09239284706353121,0.12838173280956872,3.6852363296253844e-05,0.021794381117731715,0.007657453729056127,0.004953269745400335,0.02634244238163205,0.0,0.04165637593860004,0.005542880965749508,0.011837580666215144,0.015980419726708005,0.44585555019903944,0.3174738173894708,0.005600203206674014
argn_continued,1,20260921,gap,20261002,1,214,5110,0.06840997364224231,0.14140344738841906,0.076739281626156,0.01596253934570259,0.018495654252423,0.010468258699932866,0.01641671600978234,0.03380521514598053,0.0,0.05214652876277284,0.02267943495307151,0.029592965454254994,0.03596270269496643,0.39698459860502405,0.32024531697886804,0.011851107293611047
argn_continued,1,20260921,gap,20261003,pooled,2048,48920,0.05598244835715872,0.09678959320015194,0.12375644801645279,0.0003339002172302848,0.016045838668936593,0.0020160095220469144,0.005197032149917624,0.030661169278962074,0.0,0.051653664397362124,0.004771113473475697,0.010655065596056508,0.015150947804831307,0.4414946197073558,0.317738171690903,0.0065958028445851375
argn_continued,1,20260921,gap,20261003,0,1834,43810,0.04291247540275477,0.09238644398901391,0.12901151572867106,5.2598743770305924e-05,0.015437515214155276,0.003527378678850964,0.006226606791305045,0.03282475333713893,0.0,0.04026399976877581,0.004831540510825683,0.010477590769552916,0.015980419726708005,0.44648533311814176,0.3174738173894708,0.006017799149435769
argn_continued,1,20260921,gap,20261003,1,214,5110,0.07660657315241472,0.13318970185644913,0.08128607154746174,0.011184139439752327,0.021603539281414896,0.012530369506519498,0.011717315250878713,0.0324172155071243,0.0,0.06066023651882926,0.024981366872712463,0.04353371828113731,0.03596270269496643,0.4015313885263298,0.32024531697886804,0.01726928938088513
argn_continued,1,20260921,direct,20261001,pooled,2048,48920,0.017882830754420088,0.05602788931033472,0.0067023647363277684,0.00027062842962176457,0.03132964853784889,0.0031935623589153007,0.005552314823618842,0.03346581492789457,0.0,0.011983849784369196,0.005907584447648717,0.013238772050487537,0.015150947804831307,0.31458087573679105,0.317738171690903,0.006678623272377046
argn_continued,1,20260921,direct,20261001,0,1834,43810,0.01957559996475507,0.057560224857928194,0.008215022611299248,0.00011590242660187695,0.03228351334364904,0.006371233570559632,0.006155236845619583,0.03414755526658888,0.0,0.013556785252231727,0.005926060108911502,0.013132112699077084,0.015980419726708005,0.31638373938880593,0.3174738173894708,0.007995459279697
argn_continued,1,20260921,direct,20261001,1,214,5110,0.05622660024575976,0.12312064688124574,0.018406277325273848,0.0006427142525803481,0.02407292106556326,0.02508378831817032,0.014684315163302819,0.04118486570864632,0.0,0.03259348379349219,0.013872897694442665,0.02045340024141466,0.03596270269496643,0.30183903965359427,0.32024531697886804,0.010043121504192022
argn_continued,1,20260921,direct,20261002,pooled,2048,48920,0.019945550550897386,0.05730631729098716,0.0038885349870880336,1.6348576185865743e-05,0.02157458368980812,0.005630121443695908,0.0046176871850287515,0.025514441494564097,0.0,0.015161699276513266,0.00527861305655386,0.012914740132520131,0.015150947804831307,0.31522954316890595,0.317738171690903,0.004130964495654473
argn_continued,1,20260921,direct,20261002,0,1834,43810,0.022039460796344962,0.05939016107013111,0.004631907631677222,1.171198067979125e-05,0.022380990386121846,0.007075031348343695,0.004649966900457936,0.026311803632566577,0.0,0.016200299610217562,0.005451577610351199,0.011597660027864845,0.015980419726708005,0.3162433609886604,0.3174738173894708,0.004881320028433879
argn_continued,1,20260921,direct,20261002,1,214,5110,0.04947981801454148,0.1211663552590532,0.012099828142431525,0.0026988572522609056,0.015006539641961233,0.006576810441343329,0.017531402045963818,0.035305047537009575,0.0,0.03642499481822791,0.023411408699426484,0.030291629303774593,0.03596270269496643,0.31137007358547136,0.32024531697886804,0.008935339777859829
argn_continued,1,20260921,direct,20261003,pooled,2048,48920,0.020293978122672602,0.05703819725595929,0.006504517575669705,9.189080851052401e-05,0.011474373255184508,0.001994684782102721,0.004926410942603265,0.029650246869314247,0.0,0.016367846875051363,0.004791555010679294,0.010680655779609333,0.015150947804831307,0.31771959180310533,0.317738171690903,0.006500851122109918
argn_continued,1,20260921,direct,20261003,0,1834,43810,0.023277845541222027,0.05730938234720336,0.006303174598818403,5.0217218096362554e-05,0.012747349995590213,0.003534246602050434,0.0057195632942187435,0.03213416557267493,0.0,0.018342575994351115,0.004848763016205737,0.010487078913416995,0.015980419726708005,0.31808916253015423,0.3174738173894708,0.006178444696751701
argn_continued,1,20260921,direct,20261003,1,214,5110,0.05046456056865653,0.11743264024940016,0.01447655682146284,0.007667443405386151,0.00015135282844942755,0.012778090934588978,0.011477448344402341,0.02819702705283529,0.0,0.03388616403102614,0.024327826028472388,0.04326971262547793,0.03596270269496643,0.31712405833853013,0.32024531697886804,0.013828834793106603
U,1,0,raw,20261001,pooled,2048,48920,0.018799338837063008,0.0473677838774836,0.008736288852315357,0.00010541005769502086,0.014001739660859838,0.002410235166243236,0.02217976409481376,0.05136678802629561,0.0,0.011520800022953928,0.04479197231861354,0.07483670181566848,0.015150947804831307,0.31016235990788005,0.317738171690903,0.007217012419169876
U,1,0,raw,20261001,0,1834,43810,0.020002576983753406,0.050140895719463514,0.007045053680352017,6.11667633741436e-05,0.01320761040896666,0.0007910096929260768,0.023223469471534863,0.05188805875114385,0.0,0.013209813375509196,0.0437119521722763,0.0742578131089976,0.015980419726708005,0.3115672967813045,0.3174738173894708,0.006469002524452083
U,1,0,raw,20261001,1,214,5110,0.05908631680922211,0.11983441307638645,0.027860030427256585,0.020520764728855653,0.019957994301800022,0.03127274992087534,0.029521425151177283,0.05378476471027557,0.0,0.03988071798233671,0.05771213949805443,0.08057312872481569,0.03596270269496643,0.3025620104264788,0.32024531697886804,0.021606396232540223
U,1,0,raw,20261002,pooled,2048,48920,0.01565337713271227,0.04609376186678254,0.004933152828305538,0.0003696087947670486,0.0062471448563434645,0.006081469112036313,0.02099193777455216,0.051074688756869525,0.0,0.010491107766281479,0.04353229013059118,0.07316604308894517,0.015150947804831307,0.3209413017631073,0.317738171690903,0.00419089022891101
U,1,0,raw,20261002,0,1834,43810,0.018505110136211977,0.04911070967931845,0.007850353564030275,0.00011631646744216472,0.006565373423602111,0.008088236155493644,0.02178642241338602,0.05128318894079607,0.0,0.01207361417052082,0.04270577582589041,0.07189518483443638,0.015980419726708005,0.3237308480556199,0.3174738173894708,0.005459406183316156
U,1,0,raw,20261002,1,214,5110,0.05761238255943419,0.12881021102217993,0.03169565268511435,0.023205498701180577,0.0032204219169007647,0.011941613374214934,0.028038612785291406,0.055403098300893204,0.0,0.04252390928386033,0.057317374725503634,0.08491192371779079,0.03596270269496643,0.3006639643524577,0.32024531697886804,0.027501606555612554
U,1,0,raw,20261003,pooled,2048,48920,0.019118195417622434,0.044584550486059416,0.007931748533231562,0.00036065066676520523,0.004629085585435233,0.0015150848488318992,0.021881078312256996,0.05105668313331357,0.0,0.015032316503794888,0.04383344287251428,0.07407679637328421,0.015150947804831307,0.3125875040817838,0.317738171690903,0.00485869251040166
U,1,0,raw,20261003,0,1834,43810,0.016730467126710724,0.04624337033855006,0.008497866805561614,0.0001573917931286384,0.007264178254034706,0.0005086762133348975,0.021552875964199858,0.05101676630826975,0.0,0.011447872110322515,0.043076949121776675,0.07351006479022933,0.015980419726708005,0.31381984820659325,0.3174738173894708,0.006663183128080927
U,1,0,raw,20261003,1,214,5110,0.06189625091543219,0.12661011973738975,0.0375869733600219,0.0299310418081606,0.018092397494055876,0.011000977212486433,0.03006655493119631,0.05278739938111263,0.0,0.04397733071606964,0.05631114834819606,0.08104989863820673,0.03596270269496643,0.3011249479873863,0.32024531697886804,0.033491663342714334
U,1,0,level,20261001,pooled,2048,48920,0.01851572659152043,0.04673053472239783,0.007949389629595724,6.893935945516709e-05,0.013737478645854784,0.002426436816443284,0.02226510288982997,0.051382791637170154,0.0,0.011173293890492769,0.04471020616979915,0.0748192114222956,0.015150947804831307,0.31265765640015053,0.317738171690903,0.006940690696202114
U,1,0,level,20261001,0,1834,43810,0.019903636518167282,0.04959057831215903,0.006187113286938648,4.959699228047486e-05,0.012911949368076811,0.0007661823786048797,0.0233425851566883,0.051912030115740276,0.0,0.012805762218761245,0.043620648816877994,0.07423076354771486,0.015980419726708005,0.31455301165040217,0.3174738173894708,0.006159193784849412
U,1,0,level,20261001,1,214,5110,0.05915309222866524,0.12027315379054672,0.029147050016701613,0.021262856059870508,0.019957994301800022,0.031209427358109318,0.029521425151177283,0.05378476471027557,0.0,0.04085919156355003,0.05771213949805443,0.0806325329166724,0.03596270269496643,0.3008617836076952,0.32024531697886804,0.022472517479283593
U,1,0,level,20261002,pooled,2048,48920,0.015855885037237137,0.046012591226104294,0.006598723810307971,0.00042732231775031125,0.006519417279561818,0.006050814276214369,0.021141280665830542,0.051112221158849835,0.0,0.010506605604458479,0.043552731667794775,0.07317287581193986,0.015150947804831307,0.3227940975753795,0.317738171690903,0.004416083137715524
U,1,0,level,20261002,0,1834,43810,0.018717949497343067,0.0492936306908353,0.009872517815607901,0.0001390067725155164,0.007034552526965165,0.008090556566043038,0.02205888930778227,0.05136238990458166,0.0,0.01236706633304263,0.04272860166473996,0.07190300999497146,0.015980419726708005,0.3261510923840826,0.3174738173894708,0.006031937407942641
U,1,0,level,20261002,1,214,5110,0.05836145683952538,0.1291452395426438,0.03151273100374269,0.022539175146382637,0.0017667716822357543,0.01225218007783943,0.02844710951731766,0.05543807979448504,0.0,0.043306688148831,0.057317374725503634,0.08489362356698923,0.03596270269496643,0.2979040015875595,0.32024531697886804,0.02672754025964067
U,1,0,level,20261003,pooled,2048,48920,0.01849916074160198,0.04445228254887617,0.007300996978637227,0.000365152516219552,0.0050603912055783296,0.0015334014376196374,0.021987751806027245,0.05106115699742464,0.0,0.01454954774676108,0.04379255979810709,0.07410886670268825,0.015150947804831307,0.3139240144865092,0.317738171690903,0.0050253465856220795
U,1,0,level,20261003,0,1834,43810,0.016420910258955763,0.04595183864705759,0.007522443490739829,0.00017254294558010838,0.007498833665574328,0.0005282008311257901,0.02150522969013846,0.05100311441163294,0.0,0.011059832849879724,0.04306647398620422,0.0735464418949918,0.015980419726708005,0.3156845293961775,0.3174738173894708,0.006810711131849957
U,1,0,level,20261003,1,214,5110,0.06041246886905606,0.12594255709374863,0.040608974296847025,0.03135695230740783,0.016082736125959646,0.011008540746565827,0.030883548395248595,0.052967724637864574,0.0,0.04210799238023229,0.05631114834819606,0.08103072063616278,0.03596270269496643,0.29775201223891457,0.32024531697886804,0.03579122960452848
U,1,0,gap,20261001,pooled,2048,48920,0.018277261740143984,0.04669658040240838,0.007478425028945102,4.975235679452071e-05,0.013688837159519088,0.002384785254853518,0.022307772287338046,0.0513912275528137,0.0,0.011111969278881983,0.04479197231861354,0.07480354493057083,0.015150947804831307,0.3121822013009779,0.317738171690903,0.006375327983555859
U,1,0,gap,20261001,0,1834,43810,0.0201532202264489,0.049674180682814074,0.006216593809896629,3.7058878784607986e-05,0.012894385612784054,0.000771714666772913,0.0233425851566883,0.05192824632635562,0.0,0.013186987536659629,0.04366630049457715,0.07422247856126848,0.015980419726708005,0.3141302620404096,0.3174738173894708,0.00569629143849591
U,1,0,gap,20261001,1,214,5110,0.05945198875900547,0.11966122498296657,0.02524531393312606,0.017443366885807915,0.019641542368797518,0.030851947864724397,0.029317176785164212,0.053846351067531315,0.0,0.041413647424978065,0.05790783421429707,0.08055207779595457,0.03596270269496643,0.30018249861495444,0.32024531697886804,0.01885401860715183
U,1,0,gap,20261002,pooled,2048,48920,0.015907582664393374,0.046332041034060314,0.006911774850717033,0.000435081294242471,0.006597738583761059,0.006075462435697914,0.021119945967076476,0.0511126206448376,0.0,0.010486164067254874,0.043614056279405566,0.07319860575507016,0.015150947804831307,0.3228305117450147,0.317738171690903,0.004299741504704564
U,1,0,gap,20261002,0,1834,43810,0.018664635920796004,0.0491885702741416,0.009804614285785114,0.00012533313688946628,0.007049232710172368,0.008100979770896227,0.022011243033720873,0.05136273785674457,0.0,0.012572498882688826,0.04277425334243912,0.07190917311325597,0.015980419726708005,0.3262001996085343,0.3174738173894708,0.0056428542971781424
U,1,0,gap,20261002,1,214,5110,0.057981709989264434,0.12809576266295716,0.029122888700432552,0.01909791725469579,0.002403284808944861,0.01210638861259563,0.02844710951731766,0.05518226648120666,0.0,0.04154543570264704,0.05731019900254952,0.08509955915777433,0.03596270269496643,0.2978667106295159,0.32024531697886804,0.024329710765596986
U,1,0,gap,20261003,pooled,2048,48920,0.018559990382380855,0.044189763513922314,0.006974626665029349,0.0004087797421303231,0.005070980158775176,0.0015360346715042007,0.021902413011011035,0.05106214789455692,0.0,0.014590430821168274,0.043813001335310686,0.0740870038044395,0.015150947804831307,0.31419303383048947,0.317738171690903,0.005108663832047156
U,1,0,gap,20261003,0,1834,43810,0.016312176062726204,0.046012262448197914,0.007437988986901442,0.00016578084772747657,0.007504779147246468,0.0005373568085106647,0.021529052827169215,0.05101063938452453,0.0,0.0110598328498797,0.04307494502102832,0.07352611764844653,0.015980419726708005,0.315720516770153,0.3174738173894708,0.006393230335722108
U,1,0,gap,20261003,1,214,5110,0.06173380946195843,0.12695848704786167,0.034621832750632874,0.025251716699313698,0.016017793065445346,0.010955072908313403,0.03027080329720938,0.05286520867954617,0.0,0.0423554173082938,0.056829025524321564,0.08097878535395607,0.03596270269496643,0.30003276688082003,0.32024531697886804,0.030292593135605318
U,1,0,direct,20261001,pooled,2048,48920,0.016861264544360544,0.04392698899753559,0.003322369361053881,0.00011961365496573634,0.011131359731554977,0.0022531355574967036,0.02161686683411146,0.05124084434476225,0.0,0.009277146729340813,0.0446180992439677,0.07490378069358326,0.015150947804831307,0.3148429150464619,0.317738171690903,0.0029575346049585233
U,1,0,direct,20261001,0,1834,43810,0.017963864615892645,0.046727835864265654,0.004107094599022288,1.183759401069686e-05,0.010397838256932426,0.0009670812241576991,0.022508775360614353,0.05176987409702943,0.0,0.010249700606028502,0.04415165187646719,0.07435285249972994,0.015980419726708005,0.31415265507349144,0.3174738173894708,0.0024775239577923135
U,1,0,direct,20261001,1,214,5110,0.06542684733024567,0.11819162253932079,0.009677541621170054,0.00454787055061677,0.01644756074655078,0.031304770528013545,0.0292910075058177,0.054775361659102836,0.0,0.04522928185014639,0.05597113909226353,0.08033139653355637,0.03596270269496643,0.32673016184331777,0.32024531697886804,0.009919401347656417
U,1,0,direct,20261002,pooled,2048,48920,0.01604424886845197,0.04559596619769841,0.0025335466017883425,4.665817175135249e-05,0.007030178140537607,0.005660888901714224,0.021676700875883692,0.05150966195285532,0.0,0.00963960639611295,0.04343301906980179,0.0732444952026706,0.015150947804831307,0.320163895084389,0.317738171690903,0.00177166321304454
U,1,0,direct,20261002,0,1834,43810,0.017940449053087816,0.04744390935815991,0.003049455275405133,3.950599922987821e-06,0.006672730088527187,0.007679014148685147,0.02286838098409505,0.051806994453863005,0.0,0.010169026748853392,0.04250672134417249,0.07193207897472577,0.015980419726708005,0.3201679801831956,0.3174738173894708,0.0014232618702717653
U,1,0,direct,20261002,1,214,5110,0.057552182893604205,0.11593054700065106,0.009042976785178344,0.0009406433905832928,0.00994959825707209,0.012466148452362283,0.028242861151304477,0.0556755071123089,0.0,0.042719604000102995,0.05818243688051572,0.08551101166444018,0.03596270269496643,0.32497287545067144,0.32024531697886804,0.009180212146523774
U,1,0,direct,20261003,pooled,2048,48920,0.016761960113402932,0.045531111410740746,0.007956865994028884,0.0001615235126254484,0.006595070251734794,0.0016690662422539995,0.021241037349635394,0.05096344427970074,0.0,0.011863190820066408,0.04420643176750472,0.07377210206548665,0.015150947804831307,0.3176012741931017,0.317738171690903,0.007929851389656404
U,1,0,direct,20261003,0,1834,43810,0.01690782684770168,0.04607379502666133,0.008427864267359832,0.0001502546157369954,0.007987999292969922,0.0005806501304311962,0.02114788263467826,0.05090411456463299,0.0,0.009614658964866222,0.04311583820864989,0.0732192943296146,0.015980419726708005,0.3169014580920922,0.3174738173894708,0.008315613131382765
U,1,0,direct,20261003,1,214,5110,0.05832852373990407,0.11794088298738695,0.010399924083744702,0.009715774152164486,0.005751385321761018,0.01185483197407688,0.02986230656518324,0.053336839276459616,0.0,0.0400634363912164,0.05663738121615752,0.08035241207251266,0.03596270269496643,0.3219941273300965,0.32024531697886804,0.01077449428963078
U,1,1,raw,20261001,pooled,2048,48920,0.01792174966498577,0.046050701831239,0.009031881607531832,0.0002639381930143077,0.010655643541088403,0.0013134496304150517,0.024695424212176853,0.05292854205630568,0.0,0.011100312457322906,0.03957485040325143,0.06922100259428886,0.015150947804831307,0.30870629008337114,0.317738171690903,0.004348374630161645
U,1,1,raw,20261001,0,1834,43810,0.017318929660042,0.048573834761297736,0.007471100975142503,8.184926075969611e-05,0.00917824562797058,0.0017777350205344256,0.02347768998967692,0.05221497332965077,0.0,0.00884125765198453,0.038812229801652165,0.06860708567173553,0.015980419726708005,0.3102713099546615,0.3174738173894708,0.005079561623907523
U,1,1,raw,20261001,1,214,5110,0.07091079023639357,0.12737765406157928,0.03619921479964061,0.025658623918480533,0.022291569289088473,0.029050633390495188,0.03827793561039283,0.06503350210019047,0.0,0.05082549566868861,0.04896663338831392,0.07540320097943175,0.03596270269496643,0.29894875184255604,0.32024531697886804,0.02493456033561929
U,1,1,raw,20261002,pooled,2048,48920,0.016104666366616092,0.0448270295576321,0.0050028812946698665,0.0002127900536575732,0.007192612046539731,0.00663354198981768,0.027783582075808444,0.05340930839394302,0.0,0.010930033407403329,0.03844027726843918,0.06746953543437205,0.015150947804831307,0.3164305601141516,0.317738171690903,0.004222717646690803
U,1,1,raw,20261002,0,1834,43810,0.018041212361015895,0.04813404458417664,0.005354075601152338,8.693040951862575e-05,0.008201041432817927,0.008593957915827451,0.02773470791712085,0.05308639929145961,0.0,0.011571709854310053,0.03713362330439263,0.06634603003903473,0.015980419726708005,0.31788295728941945,0.3174738173894708,0.005272132589209288
U,1,1,raw,20261002,1,214,5110,0.06202765148328476,0.12646880747113853,0.03350961531444642,0.028158319657461323,0.0020641779134397548,0.010993877600434679,0.03559580232777515,0.06077907265813088,0.0,0.04174113041888971,0.052303394567002615,0.07804908637595659,0.03596270269496643,0.30648421468107256,0.32024531697886804,0.027305570204173082
U,1,1,raw,20261003,pooled,2048,48920,0.01951577466540789,0.0464394317926026,0.01133274716381514,0.0006962255782737223,0.0002771121122038256,0.0005794624081891638,0.02759156978702193,0.05471912684038014,0.0,0.015045990612634084,0.038444771200587036,0.06804963741114532,0.015150947804831307,0.30789798657077155,0.317738171690903,0.007268715459622319
U,1,1,raw,20261003,0,1834,43810,0.018900896676471688,0.04854263990305448,0.012761792840824904,0.0002952025700180262,0.0006981719825134985,0.0004285223483098555,0.027567945957906015,0.05440637769594998,0.0,0.013265283378777292,0.03705065999081203,0.06759011542584928,0.015980419726708005,0.30804970990504094,0.3174738173894708,0.010357973623227965
U,1,1,raw,20261003,1,214,5110,0.051850577472988935,0.11998149804996747,0.03565719558514541,0.03155423745773406,0.008938898140358906,0.010082140015355413,0.03412704131271427,0.059418468646683854,0.0,0.034189119553795055,0.052915131199468335,0.07392120744163058,0.03596270269496643,0.3066694783631334,0.32024531697886804,0.033764123513066395
U,1,1,level,20261001,pooled,2048,48920,0.017652846175169896,0.04613334495189842,0.005833537096755954,0.0002829282045502448,0.010509515472479289,0.0012795061674394904,0.02463142011591468,0.0528757464808787,0.0,0.011120753994526496,0.03963617501486222,0.06917820044575336,0.015150947804831307,0.31403938759488265,0.317738171690903,0.0047420202081653335
U,1,1,level,20261001,0,1834,43810,0.017377357725705107,0.048616041744397306,0.005875484637213383,9.959123966111637e-05,0.009131371333539653,0.0018209257916992926,0.023358574304523483,0.05214215123480366,0.0,0.009109906780748852,0.03885788147935132,0.06856474700800715,0.015980419726708005,0.31658113767329027,0.3174738173894708,0.005697413010410803
U,1,1,level,20261001,1,214,5110,0.07057632547240587,0.1288700502177884,0.03956552512489138,0.027043123015469822,0.02129562824497712,0.02909842174086234,0.038686432342418975,0.06553457759816124,0.0,0.05082549566868859,0.04896663338831392,0.07536283518036413,0.03596270269496643,0.2959372780895882,0.32024531697886804,0.027201132939711752
U,1,1,level,20261002,pooled,2048,48920,0.016340723321577516,0.04455972201829215,0.0050197483192479155,0.0002685925882863448,0.007942697464257617,0.006623935581943418,0.02752756569075987,0.05321924207710957,0.0,0.011379747225882487,0.038486668149930015,0.06749376165297445,0.015150947804831307,0.32196482452406705,0.317738171690903,0.003940932474153489
U,1,1,level,20261002,0,1834,43810,0.018321363273401708,0.048062954081457124,0.00882700137026583,0.00010830730522886657,0.009049218893640687,0.008576849327639208,0.027496476546813975,0.05291833696930479,0.0,0.011845596550860656,0.03719350125307341,0.06636936457161427,0.015980419726708005,0.32451969012191356,0.3174738173894708,0.005630139133990675
U,1,1,level,20261002,1,214,5110,0.06153961196534614,0.12790027381784266,0.03639416637657322,0.02830116262125426,0.0021884915684643874,0.010937624838901355,0.03498305722973594,0.060325264596440525,0.0,0.041349740986404364,0.052303394567002615,0.07809130510674617,0.03596270269496643,0.30249608247022497,0.32024531697886804,0.028181750916108986
U,1,1,level,20261003,pooled,2048,48920,0.01935562518949344,0.046351098427825914,0.008536503098875874,0.0007171994191299737,9.684951864220859e-05,0.0005366806678583558,0.02735688810072734,0.05454741712715998,0.0,0.01488245831500531,0.03842432966338344,0.06806246093783999,0.015150947804831307,0.3146486201357388,0.317738171690903,0.007920855864565087
U,1,1,level,20261003,0,1834,43810,0.01916177186234658,0.04844021058825347,0.011410770672255783,0.00031955458934057764,0.0010972080337278978,0.00048299796920543914,0.027305891450568498,0.054236738171233694,0.0,0.014032294938908545,0.037009950224148935,0.06760474059986203,0.015980419726708005,0.3157618894340431,0.3174738173894708,0.011069275519552911
U,1,1,level,20261003,1,214,5110,0.051025910351951635,0.11892254800101364,0.03590837440718363,0.03125003421111061,0.010607048836102292,0.010138589522191592,0.0339227929467012,0.05921040470885543,0.0,0.03379773012130971,0.05311082591571098,0.07389967734769913,0.03596270269496643,0.3052016318577905,0.32024531697886804,0.03340973704809154
U,1,1,gap,20261001,pooled,2048,48920,0.017782596459860727,0.0454588917549796,0.005254290490555966,0.00036323833533215884,0.010379189659414895,0.0012205510222946154,0.024716758910930836,0.05292991238812991,0.0,0.010793689399268941,0.03957485040325143,0.06920829050391616,0.015150947804831307,0.3146037443911878,0.317738171690903,0.0043379990462689135
U,1,1,gap,20261001,0,1834,43810,0.0174757736958613,0.04851860802514421,0.005330151670601446,8.429965568516949e-05,0.009051169222417985,0.001820634244848619,0.02347768998967692,0.052205911667033505,0.0,0.009194396193602732,0.03885788147935132,0.0685793504551498,0.015980419726708005,0.3165572482037438,0.3174738173894708,0.005147314575704902
U,1,1,gap,20261001,1,214,5110,0.06891939152376868,0.1252698742839054,0.023149912677238364,0.016790960924636403,0.020814458899721125,0.02850747881726811,0.038482183976405904,0.06523809154907395,0.0,0.05004271680371797,0.04818385452334323,0.07557311969476257,0.03596270269496643,0.3020055298029668,0.32024531697886804,0.016477538139062053
U,1,1,gap,20261002,pooled,2048,48920,0.016199464289772078,0.044609482803085077,0.006197328889571261,0.00039823811154581206,0.007643692575479852,0.006638616356168985,0.027676908582038195,0.053321809094503944,0.0,0.011216214928253657,0.03844027726843918,0.06749912955051018,0.015150947804831307,0.32157354933595933,0.317738171690903,0.004249857246583387
U,1,1,gap,20261002,0,1834,43810,0.01825215107328059,0.04813017963595413,0.008843635477746054,0.00011530629594842052,0.008981541791431971,0.008572611672891377,0.02747265340978322,0.05290250280950511,0.0,0.01177711903431192,0.03719350125307341,0.06636770078439425,0.015980419726708005,0.32421078469899534,0.3174738173894708,0.005544032505020464
U,1,1,gap,20261002,1,214,5110,0.06447694365124189,0.12550611785249802,0.025389888861662203,0.020100224513021042,0.004378296738171791,0.0107630264282451,0.036412795791827435,0.06162935164882474,0.0,0.042328214567617664,0.05191200513451727,0.07816921900910706,0.03596270269496643,0.3020904197905439,0.32024531697886804,0.020205351842436176
U,1,1,gap,20261003,pooled,2048,48920,0.019660442211832184,0.04630964020125543,0.008595323459574488,0.0007716781598562893,0.00028351272096220625,0.0005351537646956474,0.02742089219698951,0.05460277003784081,0.0,0.015045990612634084,0.03840388812617984,0.06807107830200819,0.015150947804831307,0.3144920212861005,0.317738171690903,0.007948471162990207
U,1,1,gap,20261003,0,1834,43810,0.01913105002052474,0.04837126190218052,0.010813218510655268,0.0002905176531273959,0.0008209085223887108,0.00047555272504507223,0.027282068313537855,0.05422986419406644,0.0,0.01404293827442112,0.037005008313112875,0.06759553933096347,0.015980419726708005,0.31548791962401557,0.3174738173894708,0.01041707189799189
U,1,1,gap,20261003,1,214,5110,0.05438136256155864,0.12138047566455985,0.029749349205982066,0.02428690578080183,0.010034693706862718,0.010059676504746866,0.035148283142779624,0.06005306074095476,0.0,0.036537456148706966,0.052915131199468335,0.07408096808300628,0.03596270269496643,0.30635136046487826,0.32024531697886804,0.027792864474959954
U,1,1,direct,20261001,pooled,2048,48920,0.01606814486257798,0.04422023621827034,0.002593340688734587,9.001697940536849e-05,0.008894821854760662,0.001387375010188755,0.025281408571239505,0.05307852835583574,0.0,0.007611151545152124,0.03983531512336558,0.06932746983886884,0.015150947804831307,0.31623755872259685,0.317738171690903,0.002799336466093539
U,1,1,direct,20261001,0,1834,43810,0.016237165872837255,0.04597080082866772,0.002848389822039744,5.754078941129634e-07,0.007869243356716446,0.0016238546614733302,0.024023476769683527,0.052298904316736984,0.0,0.008375705432508871,0.03884225056974766,0.06868504032119993,0.015980419726708005,0.31619445412502184,0.3174738173894708,0.002114805876319959
U,1,1,direct,20261001,1,214,5110,0.06716826717862856,0.11880138729534608,0.015304710138137083,0.008334708893089612,0.01675313953253861,0.02843006881346577,0.0399119225384974,0.06623231556301869,0.0,0.04762992371481427,0.0497930416489461,0.07571364862406756,0.03596270269496643,0.32183596407657017,0.32024531697886804,0.01561507771729675
U,1,1,direct,20261002,pooled,2048,48920,0.016037738166538574,0.04636406375209712,0.004667042481869698,4.036729258133885e-05,0.005776585740162002,0.006859462816635146,0.02844495773718414,0.053880576118633845,0.0,0.009651944656219174,0.038710174512986695,0.06740897619338009,0.015150947804831307,0.32049229273715435,0.317738171690903,0.005210525683924814
U,1,1,direct,20261002,0,1834,43810,0.017608151462083523,0.04825832060726039,0.005488267453488931,1.3307968276060297e-05,0.0062533370623777396,0.00871884575151228,0.02830646320585717,0.05350134624339772,0.0,0.008642380902561591,0.037441305274092285,0.06620539698820271,0.015980419726708005,0.32054617554598147,0.3174738173894708,0.004910318728797615
U,1,1,direct,20261002,1,214,5110,0.05617287014704886,0.11461526760297018,0.009072683195306326,0.0026059463440436526,0.0012956446775753833,0.009876695678422328,0.035938304004134,0.0609048635853851,0.0,0.04086959261145558,0.05194255821273991,0.07870092012825222,0.03596270269496643,0.323388946004713,0.32024531697886804,0.008445885354075585
U,1,1,direct,20261003,pooled,2048,48920,0.017437153722748774,0.04586806405694827,0.006028424938240032,3.953171364659818e-05,0.002628834857971496,0.0005424551778331804,0.025948797982959904,0.05357394520661929,0.0,0.013307633903820395,0.03838325365380724,0.0680363257143158,0.015150947804831307,0.3197762316730209,0.317738171690903,0.006076375741378683
U,1,1,direct,20261003,0,1834,43810,0.01736369393255022,0.04695112908092331,0.007180672799509258,9.655276734975087e-05,0.004255538253537597,0.00048648646251295307,0.026019442050911556,0.05332705711708246,0.0,0.010728241581570333,0.03723092727721383,0.06756860252357201,0.015980419726708005,0.3189630389869681,0.3174738173894708,0.006875710530432947
U,1,1,direct,20261003,1,214,5110,0.057394603844528214,0.11595302734414956,0.01295142251984614,0.005024273693838968,0.011593418367251918,0.010220364617194777,0.03331004784866198,0.05767766070949032,0.0,0.04230368709647494,0.053502215348196325,0.07386755939460786,0.03596270269496643,0.3261056234547371,0.32024531697886804,0.0117103323350872
