family,kappa,index,variant,tape,group,bin,observed_repeat,generated_repeat
argn_original,0,20260920,raw,20261001,pooled,0,0.310053451973242,0.061337892712117974
argn_original,0,20260920,raw,20261001,pooled,1,0.3114509155645982,0.05983927019982624
argn_original,0,20260920,raw,20261001,pooled,2,0.3109352336507536,0.062271456227145625
argn_original,0,20260920,raw,20261001,pooled,3,0.3132337927514038,0.06301859048419284
argn_original,0,20260920,raw,20261001,pooled,4,0.31417782572824776,0.06472014335406345
argn_original,0,20260920,raw,20261001,0,0,0.3104568241191838,0.06183976261127597
argn_original,0,20260920,raw,20261001,0,1,0.3129886595759668,0.05830903790087463
argn_original,0,20260920,raw,20261001,0,2,0.3101617354245991,0.06049263462931659
argn_original,0,20260920,raw,20261001,0,3,0.3123306948109059,0.062088428974600186
argn_original,0,20260920,raw,20261001,0,4,0.31486420099656115,0.06515879526544005
argn_original,0,20260920,raw,20261001,1,0,0.30737564322469985,0.057569296375266525
argn_original,0,20260920,raw,20261001,1,1,0.2966818477553676,0.07120743034055728
argn_original,0,20260920,raw,20261001,1,2,0.31898238747553814,0.07669616519174041
argn_original,0,20260920,raw,20261001,1,3,0.3202592087312415,0.07240704500978473
argn_original,0,20260920,raw,20261001,1,4,0.30789648307896483,0.06
argn_original,0,20260920,raw,20261002,pooled,0,0.310053451973242,0.05970149253731343
argn_original,0,20260920,raw,20261002,pooled,1,0.3114509155645982,0.055804046858359956
argn_original,0,20260920,raw,20261002,pooled,2,0.3109352336507536,0.05876757213825177
argn_original,0,20260920,raw,20261002,pooled,3,0.3132337927514038,0.05575173889780631
argn_original,0,20260920,raw,20261002,pooled,4,0.31417782572824776,0.05784763152150185
argn_original,0,20260920,raw,20261002,0,0,0.3104568241191838,0.059776864357017026
argn_original,0,20260920,raw,20261002,0,1,0.3129886595759668,0.05515273980744086
argn_original,0,20260920,raw,20261002,0,2,0.3101617354245991,0.05894117647058823
argn_original,0,20260920,raw,20261002,0,3,0.3123306948109059,0.05497788932711844
argn_original,0,20260920,raw,20261002,0,4,0.31486420099656115,0.05842806502872509
argn_original,0,20260920,raw,20261002,1,0,0.30737564322469985,0.05823293172690763
argn_original,0,20260920,raw,20261002,1,1,0.2966818477553676,0.06224489795918367
argn_original,0,20260920,raw,20261002,1,2,0.31898238747553814,0.05705394190871369
argn_original,0,20260920,raw,20261002,1,3,0.3202592087312415,0.06320081549439348
argn_original,0,20260920,raw,20261002,1,4,0.30789648307896483,0.052307692307692305
argn_original,0,20260920,raw,20261003,pooled,0,0.310053451973242,0.061158574703063136
argn_original,0,20260920,raw,20261003,pooled,1,0.3114509155645982,0.058504414423997446
argn_original,0,20260920,raw,20261003,pooled,2,0.3109352336507536,0.05968720076603894
argn_original,0,20260920,raw,20261003,pooled,3,0.3132337927514038,0.05635478637101136
argn_original,0,20260920,raw,20261003,pooled,4,0.31417782572824776,0.056452486726622605
argn_original,0,20260920,raw,20261003,0,0,0.3104568241191838,0.06086448598130841
argn_original,0,20260920,raw,20261003,0,1,0.3129886595759668,0.05801399928817179
argn_original,0,20260920,raw,20261003,0,2,0.3101617354245991,0.06147980459907065
argn_original,0,20260920,raw,20261003,0,3,0.3123306948109059,0.05762996758314323
argn_original,0,20260920,raw,20261003,0,4,0.31486420099656115,0.058318209316394434
argn_original,0,20260920,raw,20261003,1,0,0.30737564322469985,0.06358381502890173
argn_original,0,20260920,raw,20261003,1,1,0.2966818477553676,0.06198347107438017
argn_original,0,20260920,raw,20261003,1,2,0.31898238747553814,0.045454545454545456
argn_original,0,20260920,raw,20261003,1,3,0.3202592087312415,0.0457516339869281
argn_original,0,20260920,raw,20261003,1,4,0.30789648307896483,0.03958333333333333
argn_original,0,20260920,level,20261001,pooled,0,0.310053451973242,0.4005291005291005
argn_original,0,20260920,level,20261001,pooled,1,0.3114509155645982,0.40527374774965585
argn_original,0,20260920,level,20261001,pooled,2,0.3109352336507536,0.4027047332832457
argn_original,0,20260920,level,20261001,pooled,3,0.3132337927514038,0.4074034677162004
argn_original,0,20260920,level,20261001,pooled,4,0.31417782572824776,0.3995248893208077
argn_original,0,20260920,level,20261001,0,0,0.3104568241191838,0.39799291617473437
argn_original,0,20260920,level,20261001,0,1,0.3129886595759668,0.40535101219367825
argn_original,0,20260920,level,20261001,0,2,0.3101617354245991,0.40317006316291265
argn_original,0,20260920,level,20261001,0,3,0.3123306948109059,0.40913984926426605
argn_original,0,20260920,level,20261001,0,4,0.31486420099656115,0.3971597063425202
argn_original,0,20260920,level,20261001,1,0,0.30737564322469985,0.42057026476578413
argn_original,0,20260920,level,20261001,1,1,0.2966818477553676,0.4075924075924076
argn_original,0,20260920,level,20261001,1,2,0.31898238747553814,0.3969631236442516
argn_original,0,20260920,level,20261001,1,3,0.3202592087312415,0.39615384615384613
argn_original,0,20260920,level,20261001,1,4,0.30789648307896483,0.4174553101997897
argn_original,0,20260920,level,20261002,pooled,0,0.310053451973242,0.39559629161399074
argn_original,0,20260920,level,20261002,pooled,1,0.3114509155645982,0.4072840567253975
argn_original,0,20260920,level,20261002,pooled,2,0.3109352336507536,0.4017981376431553
argn_original,0,20260920,level,20261002,pooled,3,0.3132337927514038,0.40249626626840196
argn_original,0,20260920,level,20261002,pooled,4,0.31417782572824776,0.39754142169962586
argn_original,0,20260920,level,20261002,0,0,0.3104568241191838,0.3966467346699496
argn_original,0,20260920,level,20261002,0,1,0.3129886595759668,0.41025026942881093
argn_original,0,20260920,level,20261002,0,2,0.3101617354245991,0.40026325236328825
argn_original,0,20260920,level,20261002,0,3,0.3123306948109059,0.4019070321811681
argn_original,0,20260920,level,20261002,0,4,0.31486420099656115,0.3936998442927297
argn_original,0,20260920,level,20261002,1,0,0.30737564322469985,0.38357588357588357
argn_original,0,20260920,level,20261002,1,1,0.2966818477553676,0.38308977035490605
argn_original,0,20260920,level,20261002,1,2,0.31898238747553814,0.4178498985801217
argn_original,0,20260920,level,20261002,1,3,0.3202592087312415,0.40725806451612906
argn_original,0,20260920,level,20261002,1,4,0.30789648307896483,0.4278557114228457
argn_original,0,20260920,level,20261003,pooled,0,0.310053451973242,0.41074081935894713
argn_original,0,20260920,level,20261003,pooled,1,0.3114509155645982,0.4067938771230866
argn_original,0,20260920,level,20261003,pooled,2,0.3109352336507536,0.4062199422891953
argn_original,0,20260920,level,20261003,pooled,3,0.3132337927514038,0.40595238095238095
argn_original,0,20260920,level,20261003,pooled,4,0.31417782572824776,0.4011808910359635
argn_original,0,20260920,level,20261003,0,0,0.3104568241191838,0.41226717285561754
argn_original,0,20260920,level,20261003,0,1,0.3129886595759668,0.40712705252125303
argn_original,0,20260920,level,20261003,0,2,0.3101617354245991,0.4079465457582627
argn_original,0,20260920,level,20261003,0,3,0.3123306948109059,0.40643522438611346
argn_original,0,20260920,level,20261003,0,4,0.31486420099656115,0.4025505293551492
argn_original,0,20260920,level,20261003,1,0,0.30737564322469985,0.3971774193548387
argn_original,0,20260920,level,20261003,1,1,0.2966818477553676,0.40398740818467993
argn_original,0,20260920,level,20261003,1,2,0.31898238747553814,0.3903192584963955
argn_original,0,20260920,level,20261003,1,3,0.3202592087312415,0.40325865580448067
argn_original,0,20260920,level,20261003,1,4,0.30789648307896483,0.3897795591182365
argn_original,0,20260920,gap,20261001,pooled,0,0.310053451973242,0.4010791366906475
argn_original,0,20260920,gap,20261001,pooled,1,0.3114509155645982,0.40438373570520963
argn_original,0,20260920,gap,20261001,pooled,2,0.3109352336507536,0.403972088030059
argn_original,0,20260920,gap,20261001,pooled,3,0.3132337927514038,0.41136412002553735
argn_original,0,20260920,gap,20261001,pooled,4,0.31417782572824776,0.3972794990823707
argn_original,0,20260920,gap,20261001,0,0,0.3104568241191838,0.39872521246458925
argn_original,0,20260920,gap,20261001,0,1,0.3129886595759668,0.4048070092351409
argn_original,0,20260920,gap,20261001,0,2,0.3101617354245991,0.40498628176070617
argn_original,0,20260920,gap,20261001,0,3,0.3123306948109059,0.41281989954556325
argn_original,0,20260920,gap,20261001,0,4,0.31486420099656115,0.39420185252014917
argn_original,0,20260920,gap,20261001,1,0,0.30737564322469985,0.42099898063200814
argn_original,0,20260920,gap,20261001,1,1,0.2966818477553676,0.403
argn_original,0,20260920,gap,20261001,1,2,0.31898238747553814,0.3939720129171152
argn_original,0,20260920,gap,20261001,1,3,0.3202592087312415,0.39768339768339767
argn_original,0,20260920,gap,20261001,1,4,0.30789648307896483,0.42526315789473684
argn_original,0,20260920,gap,20261002,pooled,0,0.310053451973242,0.3946675097481294
argn_original,0,20260920,gap,20261002,pooled,1,0.3114509155645982,0.4063608036961427
argn_original,0,20260920,gap,20261002,pooled,2,0.3109352336507536,0.4026780931976433
argn_original,0,20260920,gap,20261002,pooled,3,0.3132337927514038,0.4043710021321962
argn_original,0,20260920,gap,20261002,pooled,4,0.31417782572824776,0.3976070932592672
argn_original,0,20260920,gap,20261002,0,0,0.3104568241191838,0.39582110576358726
argn_original,0,20260920,gap,20261002,0,1,0.3129886595759668,0.40947141832097583
argn_original,0,20260920,gap,20261002,0,2,0.3101617354245991,0.400671382328258
argn_original,0,20260920,gap,20261002,0,3,0.3123306948109059,0.4039766638885582
argn_original,0,20260920,gap,20261002,0,4,0.31486420099656115,0.3926989826451227
argn_original,0,20260920,gap,20261002,1,0,0.30737564322469985,0.38596491228070173
argn_original,0,20260920,gap,20261002,1,1,0.2966818477553676,0.37815126050420167
argn_original,0,20260920,gap,20261002,1,2,0.31898238747553814,0.4198782961460446
argn_original,0,20260920,gap,20261002,1,3,0.3202592087312415,0.4090909090909091
argn_original,0,20260920,gap,20261002,1,4,0.30789648307896483,0.4364364364364364
argn_original,0,20260920,gap,20261003,pooled,0,0.310053451973242,0.4091246684350133
argn_original,0,20260920,gap,20261003,pooled,1,0.3114509155645982,0.4060828526481384
argn_original,0,20260920,gap,20261003,pooled,2,0.3109352336507536,0.40698792606047657
argn_original,0,20260920,gap,20261003,pooled,3,0.3132337927514038,0.40720701222811384
argn_original,0,20260920,gap,20261003,pooled,4,0.31417782572824776,0.39937714776632305
argn_original,0,20260920,gap,20261003,0,0,0.3104568241191838,0.41080118694362017
argn_original,0,20260920,gap,20261003,0,1,0.3129886595759668,0.4068941423081402
argn_original,0,20260920,gap,20261003,0,2,0.3101617354245991,0.40865728595277845
argn_original,0,20260920,gap,20261003,0,3,0.3123306948109059,0.4074029273013185
argn_original,0,20260920,gap,20261003,0,4,0.31486420099656115,0.4004331608711346
argn_original,0,20260920,gap,20261003,1,0,0.30737564322469985,0.3949748743718593
argn_original,0,20260920,gap,20261003,1,1,0.2966818477553676,0.39831401475237094
argn_original,0,20260920,gap,20261003,1,2,0.31898238747553814,0.3936279547790339
argn_original,0,20260920,gap,20261003,1,3,0.3202592087312415,0.4044943820224719
argn_original,0,20260920,gap,20261003,1,4,0.30789648307896483,0.391
argn_original,0,20260920,direct,20261001,pooled,0,0.310053451973242,0.31088794926004226
argn_original,0,20260920,direct,20261001,pooled,1,0.3114509155645982,0.3160632763563011
argn_original,0,20260920,direct,20261001,pooled,2,0.3109352336507536,0.3159703576414993
argn_original,0,20260920,direct,20261001,pooled,3,0.3132337927514038,0.3217252396166134
argn_original,0,20260920,direct,20261001,pooled,4,0.31417782572824776,0.3176926388291003
argn_original,0,20260920,direct,20261001,0,0,0.3104568241191838,0.3128754859229591
argn_original,0,20260920,direct,20261001,0,1,0.3129886595759668,0.31963904060793163
argn_original,0,20260920,direct,20261001,0,2,0.3101617354245991,0.31572041984732824
argn_original,0,20260920,direct,20261001,0,3,0.3123306948109059,0.32450569203115637
argn_original,0,20260920,direct,20261001,0,4,0.31486420099656115,0.319457773512476
argn_original,0,20260920,direct,20261001,1,0,0.30737564322469985,0.29145211122554066
argn_original,0,20260920,direct,20261001,1,1,0.2966818477553676,0.29270729270729273
argn_original,0,20260920,direct,20261001,1,2,0.31898238747553814,0.3116883116883117
argn_original,0,20260920,direct,20261001,1,3,0.3202592087312415,0.29990448901623684
argn_original,0,20260920,direct,20261001,1,4,0.30789648307896483,0.30325288562434416
argn_original,0,20260920,direct,20261002,pooled,0,0.310053451973242,0.31814818729521194
argn_original,0,20260920,direct,20261002,pooled,1,0.3114509155645982,0.3128155548394027
argn_original,0,20260920,direct,20261002,pooled,2,0.3109352336507536,0.3191466666666667
argn_original,0,20260920,direct,20261002,pooled,3,0.3132337927514038,0.31841909023117076
argn_original,0,20260920,direct,20261002,pooled,4,0.31417782572824776,0.31498929336188436
argn_original,0,20260920,direct,20261002,0,0,0.3104568241191838,0.3213026099224077
argn_original,0,20260920,direct,20261002,0,1,0.3129886595759668,0.3146376464960536
argn_original,0,20260920,direct,20261002,0,2,0.3101617354245991,0.3175247879584279
argn_original,0,20260920,direct,20261002,0,3,0.3123306948109059,0.3167716629026507
argn_original,0,20260920,direct,20261002,0,4,0.31486420099656115,0.31162902450744834
argn_original,0,20260920,direct,20261002,1,0,0.30737564322469985,0.2914046121593291
argn_original,0,20260920,direct,20261002,1,1,0.2966818477553676,0.29831932773109243
argn_original,0,20260920,direct,20261002,1,2,0.31898238747553814,0.329
argn_original,0,20260920,direct,20261002,1,3,0.3202592087312415,0.3319755600814664
argn_original,0,20260920,direct,20261002,1,4,0.30789648307896483,0.34424603174603174
argn_original,0,20260920,direct,20261003,pooled,0,0.310053451973242,0.31350260278338465
argn_original,0,20260920,direct,20261003,pooled,1,0.3114509155645982,0.31855897489759477
argn_original,0,20260920,direct,20261003,pooled,2,0.3109352336507536,0.3217948717948718
argn_original,0,20260920,direct,20261003,pooled,3,0.3132337927514038,0.32086890738138985
argn_original,0,20260920,direct,20261003,pooled,4,0.31417782572824776,0.31817694369973193
argn_original,0,20260920,direct,20261003,0,0,0.3104568241191838,0.3131013184463713
argn_original,0,20260920,direct,20261003,0,1,0.3129886595759668,0.318997668997669
argn_original,0,20260920,direct,20261003,0,2,0.3101617354245991,0.3219407265774379
argn_original,0,20260920,direct,20261003,0,3,0.3123306948109059,0.32071376898963105
argn_original,0,20260920,direct,20261003,0,4,0.31486420099656115,0.3184606133493686
argn_original,0,20260920,direct,20261003,1,0,0.30737564322469985,0.3175403225806452
argn_original,0,20260920,direct,20261003,1,1,0.2966818477553676,0.31322751322751324
argn_original,0,20260920,direct,20261003,1,2,0.31898238747553814,0.32215447154471544
argn_original,0,20260920,direct,20261003,1,3,0.3202592087312415,0.3230452674897119
argn_original,0,20260920,direct,20261003,1,4,0.30789648307896483,0.3140578265204387
argn_original,0,20260921,raw,20261001,pooled,0,0.310053451973242,0.03278339542309739
argn_original,0,20260921,raw,20261001,pooled,1,0.3114509155645982,0.033045190939927784
argn_original,0,20260921,raw,20261001,pooled,2,0.3109352336507536,0.03180935949967652
argn_original,0,20260921,raw,20261001,pooled,3,0.3132337927514038,0.033190241859491154
argn_original,0,20260921,raw,20261001,pooled,4,0.31417782572824776,0.03416377588563019
argn_original,0,20260921,raw,20261001,0,0,0.3104568241191838,0.03337278106508876
argn_original,0,20260921,raw,20261001,0,1,0.3129886595759668,0.03340675477239354
argn_original,0,20260921,raw,20261001,0,2,0.3101617354245991,0.031204644412191583
argn_original,0,20260921,raw,20261001,0,3,0.3123306948109059,0.03329035283085219
argn_original,0,20260921,raw,20261001,0,4,0.31486420099656115,0.0342489772063121
argn_original,0,20260921,raw,20261001,1,0,0.30737564322469985,0.027513227513227514
argn_original,0,20260921,raw,20261001,1,1,0.2966818477553676,0.02998965873836608
argn_original,0,20260921,raw,20261001,1,2,0.31898238747553814,0.036597428288822946
argn_original,0,20260921,raw,20261001,1,3,0.3202592087312415,0.031496062992125984
argn_original,0,20260921,raw,20261001,1,4,0.30789648307896483,0.034482758620689655
argn_original,0,20260921,raw,20261002,pooled,0,0.310053451973242,0.03019889617827762
argn_original,0,20260921,raw,20261002,pooled,1,0.3114509155645982,0.031693522569629706
argn_original,0,20260921,raw,20261002,pooled,2,0.3109352336507536,0.032196365954733824
argn_original,0,20260921,raw,20261002,pooled,3,0.3132337927514038,0.03179160021265284
argn_original,0,20260921,raw,20261002,pooled,4,0.31417782572824776,0.03292226381854217
argn_original,0,20260921,raw,20261002,0,0,0.3104568241191838,0.030062922395711955
argn_original,0,20260921,raw,20261002,0,1,0.3129886595759668,0.030331866301891282
argn_original,0,20260921,raw,20261002,0,2,0.3101617354245991,0.032946195780990756
argn_original,0,20260921,raw,20261002,0,3,0.3123306948109059,0.03107947805456702
argn_original,0,20260921,raw,20261002,0,4,0.31486420099656115,0.03276265549944574
argn_original,0,20260921,raw,20261002,1,0,0.30737564322469985,0.03146509341199607
argn_original,0,20260921,raw,20261002,1,1,0.2966818477553676,0.04325437693099897
argn_original,0,20260921,raw,20261002,1,2,0.31898238747553814,0.025799793601651185
argn_original,0,20260921,raw,20261002,1,3,0.3202592087312415,0.03783231083844581
argn_original,0,20260921,raw,20261002,1,4,0.30789648307896483,0.03433922996878252
argn_original,0,20260921,raw,20261003,pooled,0,0.310053451973242,0.0303124353403683
argn_original,0,20260921,raw,20261003,pooled,1,0.3114509155645982,0.03179498085920885
argn_original,0,20260921,raw,20261003,pooled,2,0.3109352336507536,0.03105257522218653
argn_original,0,20260921,raw,20261003,pooled,3,0.3132337927514038,0.030976794387479762
argn_original,0,20260921,raw,20261003,pooled,4,0.31417782572824776,0.028593172428788866
argn_original,0,20260921,raw,20261003,0,0,0.3104568241191838,0.029919981444972748
argn_original,0,20260921,raw,20261003,0,1,0.3129886595759668,0.03093516652838687
argn_original,0,20260921,raw,20261003,0,2,0.3101617354245991,0.03136222169020828
argn_original,0,20260921,raw,20261003,0,3,0.3123306948109059,0.030721228849153966
argn_original,0,20260921,raw,20261003,0,4,0.31486420099656115,0.029408190545631305
argn_original,0,20260921,raw,20261003,1,0,0.30737564322469985,0.03371868978805395
argn_original,0,20260921,raw,20261003,1,1,0.2966818477553676,0.038183694530443756
argn_original,0,20260921,raw,20261003,1,2,0.31898238747553814,0.029352226720647773
argn_original,0,20260921,raw,20261003,1,3,0.3202592087312415,0.03225806451612903
argn_original,0,20260921,raw,20261003,1,4,0.30789648307896483,0.02265705458290422
argn_original,0,20260921,level,20261001,pooled,0,0.310053451973242,0.3918819188191882
argn_original,0,20260921,level,20261001,pooled,1,0.3114509155645982,0.39196675900277006
argn_original,0,20260921,level,20261001,pooled,2,0.3109352336507536,0.3944875107665805
argn_original,0,20260921,level,20261001,pooled,3,0.3132337927514038,0.3981022667369531
argn_original,0,20260921,level,20261001,pooled,4,0.31417782572824776,0.39000866926744693
argn_original,0,20260921,level,20261001,0,0,0.3104568241191838,0.3934619002822201
argn_original,0,20260921,level,20261001,0,1,0.3129886595759668,0.3949970220369267
argn_original,0,20260921,level,20261001,0,2,0.3101617354245991,0.39782114210463304
argn_original,0,20260921,level,20261001,0,3,0.3123306948109059,0.4018015882422662
argn_original,0,20260921,level,20261001,0,4,0.31486420099656115,0.3900084469651261
argn_original,0,20260921,level,20261001,1,0,0.30737564322469985,0.37755102040816324
argn_original,0,20260921,level,20261001,1,1,0.2966818477553676,0.36773547094188375
argn_original,0,20260921,level,20261001,1,2,0.31898238747553814,0.3656957928802589
argn_original,0,20260921,level,20261001,1,3,0.3202592087312415,0.36666666666666664
argn_original,0,20260921,level,20261001,1,4,0.30789648307896483,0.3900106269925611
argn_original,0,20260921,level,20261002,pooled,0,0.310053451973242,0.38359621451104103
argn_original,0,20260921,level,20261002,pooled,1,0.3114509155645982,0.3942967409948542
argn_original,0,20260921,level,20261002,pooled,2,0.3109352336507536,0.3977407208176439
argn_original,0,20260921,level,20261002,pooled,3,0.3132337927514038,0.3936808846761453
argn_original,0,20260921,level,20261002,pooled,4,0.31417782572824776,0.38414106447425356
argn_original,0,20260921,level,20261002,0,0,0.3104568241191838,0.38493038493038495
argn_original,0,20260921,level,20261002,0,1,0.3129886595759668,0.39515455304928987
argn_original,0,20260921,level,20261002,0,2,0.3101617354245991,0.39370932754880694
argn_original,0,20260921,level,20261002,0,3,0.3123306948109059,0.3936470588235294
argn_original,0,20260921,level,20261002,0,4,0.31486420099656115,0.38160445952496364
argn_original,0,20260921,level,20261002,1,0,0.30737564322469985,0.37356919875130074
argn_original,0,20260921,level,20261002,1,1,0.2966818477553676,0.3861490031479538
argn_original,0,20260921,level,20261002,1,2,0.31898238747553814,0.4284274193548387
argn_original,0,20260921,level,20261002,1,3,0.3202592087312415,0.3946053946053946
argn_original,0,20260921,level,20261002,1,4,0.30789648307896483,0.4064711830131446
argn_original,0,20260921,level,20261003,pooled,0,0.310053451973242,0.38506729331339457
argn_original,0,20260921,level,20261003,pooled,1,0.3114509155645982,0.3896748310810811
argn_original,0,20260921,level,20261003,pooled,2,0.3109352336507536,0.39061163387510695
argn_original,0,20260921,level,20261003,pooled,3,0.3132337927514038,0.3890486843506978
argn_original,0,20260921,level,20261003,pooled,4,0.31417782572824776,0.38961178621357134
argn_original,0,20260921,level,20261003,0,0,0.3104568241191838,0.38461538461538464
argn_original,0,20260921,level,20261003,0,1,0.3129886595759668,0.3912177985948478
argn_original,0,20260921,level,20261003,0,2,0.3101617354245991,0.389181426519866
argn_original,0,20260921,level,20261003,0,3,0.3123306948109059,0.3904207273591633
argn_original,0,20260921,level,20261003,0,4,0.31486420099656115,0.39242788461538464
argn_original,0,20260921,level,20261003,1,0,0.30737564322469985,0.3880157170923379
argn_original,0,20260921,level,20261003,1,1,0.2966818477553676,0.3764705882352941
argn_original,0,20260921,level,20261003,1,2,0.31898238747553814,0.403242147922999
argn_original,0,20260921,level,20261003,1,3,0.3202592087312415,0.37461617195496416
argn_original,0,20260921,level,20261003,1,4,0.30789648307896483,0.36772216547497444
argn_original,0,20260921,gap,20261001,pooled,0,0.310053451973242,0.3899841855561413
argn_original,0,20260921,gap,20261001,pooled,1,0.3114509155645982,0.39058171745152354
argn_original,0,20260921,gap,20261001,pooled,2,0.3109352336507536,0.39571443953914076
argn_original,0,20260921,gap,20261001,pooled,3,0.3132337927514038,0.3992619926199262
argn_original,0,20260921,gap,20261001,pooled,4,0.31417782572824776,0.39029147253223534
argn_original,0,20260921,gap,20261001,0,0,0.3104568241191838,0.3912276575729069
argn_original,0,20260921,gap,20261001,0,1,0.3129886595759668,0.3944735588375417
argn_original,0,20260921,gap,20261001,0,2,0.3101617354245991,0.3990902561647115
argn_original,0,20260921,gap,20261001,0,3,0.3123306948109059,0.4040080635598245
argn_original,0,20260921,gap,20261001,0,4,0.31486420099656115,0.3902762697550971
argn_original,0,20260921,gap,20261001,1,0,0.30737564322469985,0.37857142857142856
argn_original,0,20260921,gap,20261001,1,1,0.2966818477553676,0.3600802407221665
argn_original,0,20260921,gap,20261001,1,2,0.31898238747553814,0.3634408602150538
argn_original,0,20260921,gap,20261001,1,3,0.3202592087312415,0.36103151862464183
argn_original,0,20260921,gap,20261001,1,4,0.30789648307896483,0.39065817409766457
argn_original,0,20260921,gap,20261002,pooled,0,0.310053451973242,0.38320016820857866
argn_original,0,20260921,gap,20261002,pooled,1,0.3114509155645982,0.39382570479151036
argn_original,0,20260921,gap,20261002,pooled,2,0.3109352336507536,0.399397460727351
argn_original,0,20260921,gap,20261002,pooled,3,0.3132337927514038,0.3971563981042654
argn_original,0,20260921,gap,20261002,pooled,4,0.31417782572824776,0.3833585803938541
argn_original,0,20260921,gap,20261002,0,0,0.3104568241191838,0.3846333762133084
argn_original,0,20260921,gap,20261002,0,1,0.3129886595759668,0.39470230282782487
argn_original,0,20260921,gap,20261002,0,2,0.3101617354245991,0.39570774053532676
argn_original,0,20260921,gap,20261002,0,3,0.3123306948109059,0.39710383800329646
argn_original,0,20260921,gap,20261002,0,4,0.31486420099656115,0.3805717054263566
argn_original,0,20260921,gap,20261002,1,0,0.30737564322469985,0.371875
argn_original,0,20260921,gap,20261002,1,1,0.2966818477553676,0.38445378151260506
argn_original,0,20260921,gap,20261002,1,2,0.31898238747553814,0.4307228915662651
argn_original,0,20260921,gap,20261002,1,3,0.3202592087312415,0.396
argn_original,0,20260921,gap,20261002,1,4,0.30789648307896483,0.40789473684210525
argn_original,0,20260921,gap,20261003,pooled,0,0.310053451973242,0.3832674431028956
argn_original,0,20260921,gap,20261003,pooled,1,0.3114509155645982,0.3897571277719113
argn_original,0,20260921,gap,20261003,pooled,2,0.3109352336507536,0.39146706586826346
argn_original,0,20260921,gap,20261003,pooled,3,0.3132337927514038,0.39139235112389476
argn_original,0,20260921,gap,20261003,pooled,4,0.31417782572824776,0.3890799656061909
argn_original,0,20260921,gap,20261003,0,0,0.3104568241191838,0.38225419664268584
argn_original,0,20260921,gap,20261003,0,1,0.3129886595759668,0.390657925544369
argn_original,0,20260921,gap,20261003,0,2,0.3101617354245991,0.3902526643515747
argn_original,0,20260921,gap,20261003,0,3,0.3123306948109059,0.3920171062009979
argn_original,0,20260921,gap,20261003,0,4,0.31486420099656115,0.39159159159159157
argn_original,0,20260921,gap,20261003,1,0,0.30737564322469985,0.3931034482758621
argn_original,0,20260921,gap,20261003,1,1,0.2966818477553676,0.3784648187633262
argn_original,0,20260921,gap,20261003,1,2,0.31898238747553814,0.40384615384615385
argn_original,0,20260921,gap,20261003,1,3,0.3202592087312415,0.38461538461538464
argn_original,0,20260921,gap,20261003,1,4,0.30789648307896483,0.3683673469387755
argn_original,0,20260921,direct,20261001,pooled,0,0.310053451973242,0.3162663295406658
argn_original,0,20260921,direct,20261001,pooled,1,0.3114509155645982,0.3118405627198124
argn_original,0,20260921,direct,20261001,pooled,2,0.3109352336507536,0.31497418244406195
argn_original,0,20260921,direct,20261001,pooled,3,0.3132337927514038,0.32212351945854484
argn_original,0,20260921,direct,20261001,pooled,4,0.31417782572824776,0.31498107084910765
argn_original,0,20260921,direct,20261001,0,0,0.3104568241191838,0.31708749266001174
argn_original,0,20260921,direct,20261001,0,1,0.3129886595759668,0.3125670041691483
argn_original,0,20260921,direct,20261001,0,2,0.3101617354245991,0.3157957670692335
argn_original,0,20260921,direct,20261001,0,3,0.3123306948109059,0.3257918552036199
argn_original,0,20260921,direct,20261001,0,4,0.31486420099656115,0.31583383503913304
argn_original,0,20260921,direct,20261001,1,0,0.30737564322469985,0.3084780388151175
argn_original,0,20260921,direct,20261001,1,1,0.2966818477553676,0.30808080808080807
argn_original,0,20260921,direct,20261001,1,2,0.31898238747553814,0.3078579117330463
argn_original,0,20260921,direct,20261001,1,3,0.3202592087312415,0.2904446546830653
argn_original,0,20260921,direct,20261001,1,4,0.30789648307896483,0.30818278427205104
argn_original,0,20260921,direct,20261002,pooled,0,0.310053451973242,0.3130051432770022
argn_original,0,20260921,direct,20261002,pooled,1,0.3114509155645982,0.31956661660587854
argn_original,0,20260921,direct,20261002,pooled,2,0.3109352336507536,0.31727253172725317
argn_original,0,20260921,direct,20261002,pooled,3,0.3132337927514038,0.31676690935950197
argn_original,0,20260921,direct,20261002,pooled,4,0.31417782572824776,0.31152681660899656
argn_original,0,20260921,direct,20261002,0,0,0.3104568241191838,0.31457919925294736
argn_original,0,20260921,direct,20261002,0,1,0.3129886595759668,0.3206735936940165
argn_original,0,20260921,direct,20261002,0,2,0.3101617354245991,0.31709082137257266
argn_original,0,20260921,direct,20261002,0,3,0.3123306948109059,0.3180157888535407
argn_original,0,20260921,direct,20261002,0,4,0.31486420099656115,0.30963913780576413
argn_original,0,20260921,direct,20261002,1,0,0.30737564322469985,0.2980269989615784
argn_original,0,20260921,direct,20261002,1,1,0.2966818477553676,0.3088235294117647
argn_original,0,20260921,direct,20261002,1,2,0.31898238747553814,0.3226452905811623
argn_original,0,20260921,direct,20261002,1,3,0.3202592087312415,0.30505050505050507
argn_original,0,20260921,direct,20261002,1,4,0.30789648307896483,0.32628398791540786
argn_original,0,20260921,direct,20261003,pooled,0,0.310053451973242,0.31361072682771096
argn_original,0,20260921,direct,20261003,pooled,1,0.3114509155645982,0.31965305690712925
argn_original,0,20260921,direct,20261003,pooled,2,0.3109352336507536,0.3213865411361934
argn_original,0,20260921,direct,20261003,pooled,3,0.3132337927514038,0.3234101579172002
argn_original,0,20260921,direct,20261003,pooled,4,0.31417782572824776,0.31143840034401205
argn_original,0,20260921,direct,20261003,0,0,0.3104568241191838,0.313536076326774
argn_original,0,20260921,direct,20261003,0,1,0.3129886595759668,0.31967116852613037
argn_original,0,20260921,direct,20261003,0,2,0.3101617354245991,0.32083832335329343
argn_original,0,20260921,direct,20261003,0,3,0.3123306948109059,0.3249583234103358
argn_original,0,20260921,direct,20261003,0,4,0.31486420099656115,0.31147934678194045
argn_original,0,20260921,direct,20261003,1,0,0.30737564322469985,0.31386138613861386
argn_original,0,20260921,direct,20261003,1,1,0.2966818477553676,0.3181818181818182
argn_original,0,20260921,direct,20261003,1,2,0.31898238747553814,0.3302938196555218
argn_original,0,20260921,direct,20261003,1,3,0.3202592087312415,0.30643513789581206
argn_original,0,20260921,direct,20261003,1,4,0.30789648307896483,0.31211498973305957
argn_continued,0,20260920,raw,20261001,pooled,0,0.310053451973242,0.06160120197467268
argn_continued,0,20260920,raw,20261001,pooled,1,0.3114509155645982,0.06245305290267196
argn_continued,0,20260920,raw,20261001,pooled,2,0.3109352336507536,0.06156316916488223
argn_continued,0,20260920,raw,20261001,pooled,3,0.3132337927514038,0.06343677432974457
argn_continued,0,20260920,raw,20261001,pooled,4,0.31417782572824776,0.06188302727948201
argn_continued,0,20260920,raw,20261001,0,0,0.3104568241191838,0.064377168840493
argn_continued,0,20260920,raw,20261001,0,1,0.3129886595759668,0.06266506602641056
argn_continued,0,20260920,raw,20261001,0,2,0.3101617354245991,0.06072151446600786
argn_continued,0,20260920,raw,20261001,0,3,0.3123306948109059,0.06433998100664767
argn_continued,0,20260920,raw,20261001,0,4,0.31486420099656115,0.06118592015119301
argn_continued,0,20260920,raw,20261001,1,0,0.30737564322469985,0.03730569948186528
argn_continued,0,20260920,raw,20261001,1,1,0.2966818477553676,0.06048387096774194
argn_continued,0,20260920,raw,20261001,1,2,0.31898238747553814,0.06866952789699571
argn_continued,0,20260920,raw,20261001,1,3,0.3202592087312415,0.056818181818181816
argn_continued,0,20260920,raw,20261001,1,4,0.30789648307896483,0.0683491062039958
argn_continued,0,20260920,raw,20261002,pooled,0,0.310053451973242,0.061584518336362665
argn_continued,0,20260920,raw,20261002,pooled,1,0.3114509155645982,0.05957677699403147
argn_continued,0,20260920,raw,20261002,pooled,2,0.3109352336507536,0.06102383242492252
argn_continued,0,20260920,raw,20261002,pooled,3,0.3132337927514038,0.060923924560288195
argn_continued,0,20260920,raw,20261002,pooled,4,0.31417782572824776,0.05699863287411926
argn_continued,0,20260920,raw,20261002,0,0,0.3104568241191838,0.06200904546536539
argn_continued,0,20260920,raw,20261002,0,1,0.3129886595759668,0.060144927536231886
argn_continued,0,20260920,raw,20261002,0,2,0.3101617354245991,0.061182950191570884
argn_continued,0,20260920,raw,20261002,0,3,0.3123306948109059,0.06096117424242424
argn_continued,0,20260920,raw,20261002,0,4,0.31486420099656115,0.05792323993407111
argn_continued,0,20260920,raw,20261002,1,0,0.30737564322469985,0.05826271186440678
argn_continued,0,20260920,raw,20261002,1,1,0.2966818477553676,0.05391120507399577
argn_continued,0,20260920,raw,20261002,1,2,0.31898238747553814,0.06124497991967871
argn_continued,0,20260920,raw,20261002,1,3,0.3202592087312415,0.06018054162487462
argn_continued,0,20260920,raw,20261002,1,4,0.30789648307896483,0.04837117472852912
argn_continued,0,20260920,raw,20261003,pooled,0,0.310053451973242,0.06218959188080328
argn_continued,0,20260920,raw,20261003,pooled,1,0.3114509155645982,0.06104281475201356
argn_continued,0,20260920,raw,20261003,pooled,2,0.3109352336507536,0.0653796928327645
argn_continued,0,20260920,raw,20261003,pooled,3,0.3132337927514038,0.05942512649370223
argn_continued,0,20260920,raw,20261003,pooled,4,0.31417782572824776,0.057839941108423595
argn_continued,0,20260920,raw,20261003,0,0,0.3104568241191838,0.061542174490165316
argn_continued,0,20260920,raw,20261003,0,1,0.3129886595759668,0.060032894736842105
argn_continued,0,20260920,raw,20261003,0,2,0.3101617354245991,0.06468552333213988
argn_continued,0,20260920,raw,20261003,0,3,0.3123306948109059,0.0587528535383876
argn_continued,0,20260920,raw,20261003,0,4,0.31486420099656115,0.05604719764011799
argn_continued,0,20260920,raw,20261003,1,0,0.30737564322469985,0.06790123456790123
argn_continued,0,20260920,raw,20261003,1,1,0.2966818477553676,0.07303974221267455
argn_continued,0,20260920,raw,20261003,1,2,0.31898238747553814,0.06882591093117409
argn_continued,0,20260920,raw,20261003,1,3,0.3202592087312415,0.06474820143884892
argn_continued,0,20260920,raw,20261003,1,4,0.30789648307896483,0.07267441860465117
argn_continued,0,20260920,level,20261001,pooled,0,0.310053451973242,0.4019808375497901
argn_continued,0,20260920,level,20261001,pooled,1,0.3114509155645982,0.406951871657754
argn_continued,0,20260920,level,20261001,pooled,2,0.3109352336507536,0.4045088566827697
argn_continued,0,20260920,level,20261001,pooled,3,0.3132337927514038,0.41159755840875606
argn_continued,0,20260920,level,20261001,pooled,4,0.31417782572824776,0.3999575191163976
argn_continued,0,20260920,level,20261001,0,0,0.3104568241191838,0.39913544668587897
argn_continued,0,20260920,level,20261001,0,1,0.3129886595759668,0.4069377990430622
argn_continued,0,20260920,level,20261001,0,2,0.3101617354245991,0.40543763415215833
argn_continued,0,20260920,level,20261001,0,3,0.3123306948109059,0.41280928140168105
argn_continued,0,20260920,level,20261001,0,4,0.31486420099656115,0.39810762862211707
argn_continued,0,20260920,level,20261001,1,0,0.30737564322469985,0.4254658385093168
argn_continued,0,20260920,level,20261001,1,1,0.2966818477553676,0.4083080040526849
argn_continued,0,20260920,level,20261001,1,2,0.31898238747553814,0.39740820734341253
argn_continued,0,20260920,level,20261001,1,3,0.3202592087312415,0.39924314096499525
argn_continued,0,20260920,level,20261001,1,4,0.30789648307896483,0.41770833333333335
argn_continued,0,20260920,level,20261002,pooled,0,0.310053451973242,0.3986327707754753
argn_continued,0,20260920,level,20261002,pooled,1,0.3114509155645982,0.4051733507227475
argn_continued,0,20260920,level,20261002,pooled,2,0.3109352336507536,0.4056573449051752
argn_continued,0,20260920,level,20261002,pooled,3,0.3132337927514038,0.40451810408529504
argn_continued,0,20260920,level,20261002,pooled,4,0.31417782572824776,0.4000841839419131
argn_continued,0,20260920,level,20261002,0,0,0.3104568241191838,0.4007125890736342
argn_continued,0,20260920,level,20261002,0,1,0.3129886595759668,0.40838584585555016
argn_continued,0,20260920,level,20261002,0,2,0.3101617354245991,0.40611510791366906
argn_continued,0,20260920,level,20261002,0,3,0.3123306948109059,0.40365781710914456
argn_continued,0,20260920,level,20261002,0,4,0.31486420099656115,0.39509954058192953
argn_continued,0,20260920,level,20261002,1,0,0.30737564322469985,0.3804463336875664
argn_continued,0,20260920,level,20261002,1,1,0.2966818477553676,0.3756558237145855
argn_continued,0,20260920,level,20261002,1,2,0.31898238747553814,0.40384615384615385
argn_continued,0,20260920,level,20261002,1,3,0.3202592087312415,0.4103585657370518
argn_continued,0,20260920,level,20261002,1,4,0.30789648307896483,0.4425742574257426
argn_continued,0,20260920,level,20261003,pooled,0,0.310053451973242,0.41170742263579313
argn_continued,0,20260920,level,20261003,pooled,1,0.3114509155645982,0.4127084652733798
argn_continued,0,20260920,level,20261003,pooled,2,0.3109352336507536,0.40900823793730606
argn_continued,0,20260920,level,20261003,pooled,3,0.3132337927514038,0.40468012022327177
argn_continued,0,20260920,level,20261003,pooled,4,0.31417782572824776,0.39871484251553774
argn_continued,0,20260920,level,20261003,0,0,0.3104568241191838,0.4131881427707199
argn_continued,0,20260920,level,20261003,0,1,0.3129886595759668,0.4131757547390592
argn_continued,0,20260920,level,20261003,0,2,0.3101617354245991,0.41101137043686414
argn_continued,0,20260920,level,20261003,0,3,0.3123306948109059,0.404102195034185
argn_continued,0,20260920,level,20261003,0,4,0.31486420099656115,0.39997639560958337
argn_continued,0,20260920,level,20261003,1,0,0.30737564322469985,0.4004085801838611
argn_continued,0,20260920,level,20261003,1,1,0.2966818477553676,0.4089935760171306
argn_continued,0,20260920,level,20261003,1,2,0.31898238747553814,0.3890020366598778
argn_continued,0,20260920,level,20261003,1,3,0.3202592087312415,0.4108053007135576
argn_continued,0,20260920,level,20261003,1,4,0.30789648307896483,0.38823529411764707
argn_continued,0,20260920,gap,20261001,pooled,0,0.310053451973242,0.40219614597911507
argn_continued,0,20260920,gap,20261001,pooled,1,0.3114509155645982,0.4048994437312794
argn_continued,0,20260920,gap,20261001,pooled,2,0.3109352336507536,0.4060788314896359
argn_continued,0,20260920,gap,20261001,pooled,3,0.3132337927514038,0.414308258811152
argn_continued,0,20260920,gap,20261001,pooled,4,0.31417782572824776,0.39781293130905615
argn_continued,0,20260920,gap,20261001,0,0,0.3104568241191838,0.39918337936831993
argn_continued,0,20260920,gap,20261001,0,1,0.3129886595759668,0.4054312716832157
argn_continued,0,20260920,gap,20261001,0,2,0.3101617354245991,0.40766384147069357
argn_continued,0,20260920,gap,20261001,0,3,0.3123306948109059,0.4156904508342208
argn_continued,0,20260920,gap,20261001,0,4,0.31486420099656115,0.3955329709288584
argn_continued,0,20260920,gap,20261001,1,0,0.30737564322469985,0.42694300518134715
argn_continued,0,20260920,gap,20261001,1,1,0.2966818477553676,0.4022177419354839
argn_continued,0,20260920,gap,20261001,1,2,0.31898238747553814,0.3924324324324324
argn_continued,0,20260920,gap,20261001,1,3,0.3202592087312415,0.4032258064516129
argn_continued,0,20260920,gap,20261001,1,4,0.30789648307896483,0.4166666666666667
argn_continued,0,20260920,gap,20261002,pooled,0,0.310053451973242,0.39750026706548447
argn_continued,0,20260920,gap,20261002,pooled,1,0.3114509155645982,0.40756439517443754
argn_continued,0,20260920,gap,20261002,pooled,2,0.3109352336507536,0.4065580797256751
argn_continued,0,20260920,gap,20261002,pooled,3,0.3132337927514038,0.40806843383673036
argn_continued,0,20260920,gap,20261002,pooled,4,0.31417782572824776,0.39709748659165
argn_continued,0,20260920,gap,20261002,0,0,0.3104568241191838,0.39973865526253266
argn_continued,0,20260920,gap,20261002,0,1,0.3129886595759668,0.4118715929739552
argn_continued,0,20260920,gap,20261002,0,2,0.3101617354245991,0.40616011505273253
argn_continued,0,20260920,gap,20261002,0,3,0.3123306948109059,0.40815121086828116
argn_continued,0,20260920,gap,20261002,0,4,0.31486420099656115,0.39168825052978573
argn_continued,0,20260920,gap,20261002,1,0,0.30737564322469985,0.3796394485683987
argn_continued,0,20260920,gap,20261002,1,1,0.2966818477553676,0.37209302325581395
argn_continued,0,20260920,gap,20261002,1,2,0.31898238747553814,0.40404040404040403
argn_continued,0,20260920,gap,20261002,1,3,0.3202592087312415,0.4079601990049751
argn_continued,0,20260920,gap,20261002,1,4,0.30789648307896483,0.44367588932806323
argn_continued,0,20260920,gap,20261003,pooled,0,0.310053451973242,0.4100594916170903
argn_continued,0,20260920,gap,20261003,pooled,1,0.3114509155645982,0.4144847972972973
argn_continued,0,20260920,gap,20261003,pooled,2,0.3109352336507536,0.4079623287671233
argn_continued,0,20260920,gap,20261003,pooled,3,0.3132337927514038,0.40770551620519424
argn_continued,0,20260920,gap,20261003,pooled,4,0.31417782572824776,0.3968187085220689
argn_continued,0,20260920,gap,20261003,0,0,0.3104568241191838,0.41142303969022265
argn_continued,0,20260920,gap,20261003,0,1,0.3129886595759668,0.41518275538894095
argn_continued,0,20260920,gap,20261003,0,2,0.3101617354245991,0.4104066985645933
argn_continued,0,20260920,gap,20261003,0,3,0.3123306948109059,0.4071676854848376
argn_continued,0,20260920,gap,20261003,0,4,0.31486420099656115,0.3977339785200047
argn_continued,0,20260920,gap,20261003,1,0,0.30737564322469985,0.39959016393442626
argn_continued,0,20260920,gap,20261003,1,1,0.2966818477553676,0.40298507462686567
argn_continued,0,20260920,gap,20261003,1,2,0.31898238747553814,0.39059304703476483
argn_continued,0,20260920,gap,20261003,1,3,0.3202592087312415,0.41260162601626016
argn_continued,0,20260920,gap,20261003,1,4,0.30789648307896483,0.3892156862745098
argn_continued,0,20260920,direct,20261001,pooled,0,0.310053451973242,0.308610125765882
argn_continued,0,20260920,direct,20261001,pooled,1,0.3114509155645982,0.3176798541867696
argn_continued,0,20260920,direct,20261001,pooled,2,0.3109352336507536,0.314405324173465
argn_continued,0,20260920,direct,20261001,pooled,3,0.3132337927514038,0.32086406743940993
argn_continued,0,20260920,direct,20261001,pooled,4,0.31417782572824776,0.31401017380245866
argn_continued,0,20260920,direct,20261001,0,0,0.3104568241191838,0.31065868263473057
argn_continued,0,20260920,direct,20261001,0,1,0.3129886595759668,0.3199760047990402
argn_continued,0,20260920,direct,20261001,0,2,0.3101617354245991,0.31595275026846437
argn_continued,0,20260920,direct,20261001,0,3,0.3123306948109059,0.32278706007820834
argn_continued,0,20260920,direct,20261001,0,4,0.31486420099656115,0.3154291110848778
argn_continued,0,20260920,direct,20261001,1,0,0.30737564322469985,0.29227557411273486
argn_continued,0,20260920,direct,20261001,1,1,0.2966818477553676,0.29120323559150657
argn_continued,0,20260920,direct,20261001,1,2,0.31898238747553814,0.3078579117330463
argn_continued,0,20260920,direct,20261001,1,3,0.3202592087312415,0.3042654028436019
argn_continued,0,20260920,direct,20261001,1,4,0.30789648307896483,0.3015544041450777
argn_continued,0,20260920,direct,20261002,pooled,0,0.310053451973242,0.3181525932276039
argn_continued,0,20260920,direct,20261002,pooled,1,0.3114509155645982,0.31526344378055404
argn_continued,0,20260920,direct,20261002,pooled,2,0.3109352336507536,0.3170133333333333
argn_continued,0,20260920,direct,20261002,pooled,3,0.3132337927514038,0.3196072220462464
argn_continued,0,20260920,direct,20261002,pooled,4,0.31417782572824776,0.3148909263357572
argn_continued,0,20260920,direct,20261002,0,0,0.3104568241191838,0.3214158026456918
argn_continued,0,20260920,direct,20261002,0,1,0.3129886595759668,0.3177694447804524
argn_continued,0,20260920,direct,20261002,0,2,0.3101617354245991,0.3157769019467335
argn_continued,0,20260920,direct,20261002,0,3,0.3123306948109059,0.3175763291288459
argn_continued,0,20260920,direct,20261002,0,4,0.31486420099656115,0.31091940439612387
argn_continued,0,20260920,direct,20261002,1,0,0.30737564322469985,0.2905982905982906
argn_continued,0,20260920,direct,20261002,1,1,0.2966818477553676,0.2923728813559322
argn_continued,0,20260920,direct,20261002,1,2,0.31898238747553814,0.3273453093812375
argn_continued,0,20260920,direct,20261002,1,3,0.3202592087312415,0.3373737373737374
argn_continued,0,20260920,direct,20261002,1,4,0.30789648307896483,0.3466796875
argn_continued,0,20260920,direct,20261003,pooled,0,0.310053451973242,0.3130669546436285
argn_continued,0,20260920,direct,20261003,pooled,1,0.3114509155645982,0.323164918970448
argn_continued,0,20260920,direct,20261003,pooled,2,0.3109352336507536,0.3221189789597351
argn_continued,0,20260920,direct,20261003,pooled,3,0.3132337927514038,0.31736655568682204
argn_continued,0,20260920,direct,20261003,pooled,4,0.31417782572824776,0.3197851953248394
argn_continued,0,20260920,direct,20261003,0,0,0.3104568241191838,0.31286937643227597
argn_continued,0,20260920,direct,20261003,0,1,0.3129886595759668,0.3242798353909465
argn_continued,0,20260920,direct,20261003,0,2,0.3101617354245991,0.3216674629718108
argn_continued,0,20260920,direct,20261003,0,3,0.3123306948109059,0.31650275845526504
argn_continued,0,20260920,direct,20261003,0,4,0.31486420099656115,0.320543093270366
argn_continued,0,20260920,direct,20261003,1,0,0.30737564322469985,0.31307929969104015
argn_continued,0,20260920,direct,20261003,1,1,0.2966818477553676,0.31696905016008536
argn_continued,0,20260920,direct,20261003,1,2,0.31898238747553814,0.32040816326530613
argn_continued,0,20260920,direct,20261003,1,3,0.3202592087312415,0.32346938775510203
argn_continued,0,20260920,direct,20261003,1,4,0.30789648307896483,0.31809338521400776
argn_continued,0,20260921,raw,20261001,pooled,0,0.310053451973242,0.08994484514212983
argn_continued,0,20260921,raw,20261001,pooled,1,0.3114509155645982,0.09710083137923683
argn_continued,0,20260921,raw,20261001,pooled,2,0.3109352336507536,0.08831448572967152
argn_continued,0,20260921,raw,20261001,pooled,3,0.3132337927514038,0.09481292517006802
argn_continued,0,20260921,raw,20261001,pooled,4,0.31417782572824776,0.09157861031059879
argn_continued,0,20260921,raw,20261001,0,0,0.3104568241191838,0.08940397350993377
argn_continued,0,20260921,raw,20261001,0,1,0.3129886595759668,0.09578270192994996
argn_continued,0,20260921,raw,20261001,0,2,0.3101617354245991,0.08728448275862069
argn_continued,0,20260921,raw,20261001,0,3,0.3123306948109059,0.09536328871892925
argn_continued,0,20260921,raw,20261001,0,4,0.31486420099656115,0.08910302165120153
argn_continued,0,20260921,raw,20261001,1,0,0.30737564322469985,0.09494324045407637
argn_continued,0,20260921,raw,20261001,1,1,0.2966818477553676,0.10631895687061184
argn_continued,0,20260921,raw,20261001,1,2,0.31898238747553814,0.09913793103448276
argn_continued,0,20260921,raw,20261001,1,3,0.3202592087312415,0.09152215799614644
argn_continued,0,20260921,raw,20261001,1,4,0.30789648307896483,0.11203319502074689
argn_continued,0,20260921,raw,20261002,pooled,0,0.310053451973242,0.08533220123116111
argn_continued,0,20260921,raw,20261002,pooled,1,0.3114509155645982,0.08853096962490542
argn_continued,0,20260921,raw,20261002,pooled,2,0.3109352336507536,0.09214469178082192
argn_continued,0,20260921,raw,20261002,pooled,3,0.3132337927514038,0.08567192629460976
argn_continued,0,20260921,raw,20261002,pooled,4,0.31417782572824776,0.0902039949001275
argn_continued,0,20260921,raw,20261002,0,0,0.3104568241191838,0.0874187832250443
argn_continued,0,20260921,raw,20261002,0,1,0.3129886595759668,0.0908324298277316
argn_continued,0,20260921,raw,20261002,0,2,0.3101617354245991,0.09313490158425348
argn_continued,0,20260921,raw,20261002,0,3,0.3123306948109059,0.08622117090479006
argn_continued,0,20260921,raw,20261002,0,4,0.31486420099656115,0.09129763742134632
argn_continued,0,20260921,raw,20261002,1,0,0.30737564322469985,0.06596858638743455
argn_continued,0,20260921,raw,20261002,1,1,0.2966818477553676,0.06896551724137931
argn_continued,0,20260921,raw,20261002,1,2,0.31898238747553814,0.0845771144278607
argn_continued,0,20260921,raw,20261002,1,3,0.3202592087312415,0.08048289738430583
argn_continued,0,20260921,raw,20261002,1,4,0.30789648307896483,0.08121827411167512
argn_continued,0,20260921,raw,20261003,pooled,0,0.310053451973242,0.09165512096344453
argn_continued,0,20260921,raw,20261003,pooled,1,0.3114509155645982,0.09709561161755353
argn_continued,0,20260921,raw,20261003,pooled,2,0.3109352336507536,0.09190348525469169
argn_continued,0,20260921,raw,20261003,pooled,3,0.3132337927514038,0.09571490094745909
argn_continued,0,20260921,raw,20261003,pooled,4,0.31417782572824776,0.09521287862740944
argn_continued,0,20260921,raw,20261003,0,0,0.3104568241191838,0.09075710532600907
argn_continued,0,20260921,raw,20261003,0,1,0.3129886595759668,0.09767004000941398
argn_continued,0,20260921,raw,20261003,0,2,0.3101617354245991,0.0893157262905162
argn_continued,0,20260921,raw,20261003,0,3,0.3123306948109059,0.09501501501501501
argn_continued,0,20260921,raw,20261003,0,4,0.31486420099656115,0.09338383240620192
argn_continued,0,20260921,raw,20261003,1,0,0.30737564322469985,0.0992063492063492
argn_continued,0,20260921,raw,20261003,1,1,0.2966818477553676,0.0924548352816153
argn_continued,0,20260921,raw,20261003,1,2,0.31898238747553814,0.11301715438950555
argn_continued,0,20260921,raw,20261003,1,3,0.3202592087312415,0.10176531671858775
argn_continued,0,20260921,raw,20261003,1,4,0.30789648307896483,0.1107754279959718
argn_continued,0,20260921,level,20261001,pooled,0,0.310053451973242,0.5525729442970823
argn_continued,0,20260921,level,20261001,pooled,1,0.3114509155645982,0.5561463207145896
argn_continued,0,20260921,level,20261001,pooled,2,0.3109352336507536,0.5446044711951848
argn_continued,0,20260921,level,20261001,pooled,3,0.3132337927514038,0.548740299776762
argn_continued,0,20260921,level,20261001,pooled,4,0.31417782572824776,0.5435062151735962
argn_continued,0,20260921,level,20261001,0,0,0.3104568241191838,0.5520501004371973
argn_continued,0,20260921,level,20261001,0,1,0.3129886595759668,0.5586206896551724
argn_continued,0,20260921,level,20261001,0,2,0.3101617354245991,0.5464422158548233
argn_continued,0,20260921,level,20261001,0,3,0.3123306948109059,0.5511669658886894
argn_continued,0,20260921,level,20261001,0,4,0.31486420099656115,0.5432393693263259
argn_continued,0,20260921,level,20261001,1,0,0.30737564322469985,0.554858934169279
argn_continued,0,20260921,level,20261001,1,1,0.2966818477553676,0.5369261477045908
argn_continued,0,20260921,level,20261001,1,2,0.31898238747553814,0.5280777537796977
argn_continued,0,20260921,level,20261001,1,3,0.3202592087312415,0.5285171102661597
argn_continued,0,20260921,level,20261001,1,4,0.30789648307896483,0.5474452554744526
argn_continued,0,20260921,level,20261002,pooled,0,0.310053451973242,0.5431585677749361
argn_continued,0,20260921,level,20261002,pooled,1,0.3114509155645982,0.5520215633423181
argn_continued,0,20260921,level,20261002,pooled,2,0.3109352336507536,0.5463529917284349
argn_continued,0,20260921,level,20261002,pooled,3,0.3132337927514038,0.5465079532286948
argn_continued,0,20260921,level,20261002,pooled,4,0.31417782572824776,0.562958240357029
argn_continued,0,20260921,level,20261002,0,0,0.3104568241191838,0.5439534331195058
argn_continued,0,20260921,level,20261002,0,1,0.3129886595759668,0.5534341978866475
argn_continued,0,20260921,level,20261002,0,2,0.3101617354245991,0.5474355887310378
argn_continued,0,20260921,level,20261002,0,3,0.3123306948109059,0.54592557701366
argn_continued,0,20260921,level,20261002,0,4,0.31486420099656115,0.5638045540796964
argn_continued,0,20260921,level,20261002,1,0,0.30737564322469985,0.5341614906832298
argn_continued,0,20260921,level,20261002,1,1,0.2966818477553676,0.5399159663865546
argn_continued,0,20260921,level,20261002,1,2,0.31898238747553814,0.5396984924623116
argn_continued,0,20260921,level,20261002,1,3,0.3202592087312415,0.5493519441674976
argn_continued,0,20260921,level,20261002,1,4,0.30789648307896483,0.5571428571428572
argn_continued,0,20260921,level,20261003,pooled,0,0.310053451973242,0.5487530771700738
argn_continued,0,20260921,level,20261003,pooled,1,0.3114509155645982,0.561409076483656
argn_continued,0,20260921,level,20261003,pooled,2,0.3109352336507536,0.5603864734299517
argn_continued,0,20260921,level,20261003,pooled,3,0.3132337927514038,0.5485110470701249
argn_continued,0,20260921,level,20261003,pooled,4,0.31417782572824776,0.5551533219761499
argn_continued,0,20260921,level,20261003,0,0,0.3104568241191838,0.5523535062439962
argn_continued,0,20260921,level,20261003,0,1,0.3129886595759668,0.5625880695162048
argn_continued,0,20260921,level,20261003,0,2,0.3101617354245991,0.5637084183979825
argn_continued,0,20260921,level,20261003,0,3,0.3123306948109059,0.5495173400071505
argn_continued,0,20260921,level,20261003,0,4,0.31486420099656115,0.5610886617542191
argn_continued,0,20260921,level,20261003,1,0,0.30737564322469985,0.5187376725838264
argn_continued,0,20260921,level,20261003,1,1,0.2966818477553676,0.5555555555555556
argn_continued,0,20260921,level,20261003,1,2,0.31898238747553814,0.5293522267206477
argn_continued,0,20260921,level,20261003,1,3,0.3202592087312415,0.5382262996941896
argn_continued,0,20260921,level,20261003,1,4,0.30789648307896483,0.5046059365404298
argn_continued,0,20260921,gap,20261001,pooled,0,0.310053451973242,0.549660441426146
argn_continued,0,20260921,gap,20261001,pooled,1,0.3114509155645982,0.5543154761904762
argn_continued,0,20260921,gap,20261001,pooled,2,0.3109352336507536,0.5460992907801419
argn_continued,0,20260921,gap,20261001,pooled,3,0.3132337927514038,0.5495533815397703
argn_continued,0,20260921,gap,20261001,pooled,4,0.31417782572824776,0.5431939978563772
argn_continued,0,20260921,gap,20261001,0,0,0.3104568241191838,0.5497932663910219
argn_continued,0,20260921,gap,20261001,0,1,0.3129886595759668,0.558026159334126
argn_continued,0,20260921,gap,20261001,0,2,0.3101617354245991,0.5482639303185778
argn_continued,0,20260921,gap,20261001,0,3,0.3123306948109059,0.5517902047658964
argn_continued,0,20260921,gap,20261001,0,4,0.31486420099656115,0.5422392161548573
argn_continued,0,20260921,gap,20261001,1,0,0.30737564322469985,0.5496342737722049
argn_continued,0,20260921,gap,20261001,1,1,0.2966818477553676,0.5244267198404786
argn_continued,0,20260921,gap,20261001,1,2,0.31898238747553814,0.5249457700650759
argn_continued,0,20260921,gap,20261001,1,3,0.3202592087312415,0.5274621212121212
argn_continued,0,20260921,gap,20261001,1,4,0.30789648307896483,0.5553235908141962
argn_continued,0,20260921,gap,20261002,pooled,0,0.310053451973242,0.5430823303866227
argn_continued,0,20260921,gap,20261002,pooled,1,0.3114509155645982,0.5505121293800539
argn_continued,0,20260921,gap,20261002,pooled,2,0.3109352336507536,0.5497905252980986
argn_continued,0,20260921,gap,20261002,pooled,3,0.3132337927514038,0.5486045286993154
argn_continued,0,20260921,gap,20261002,pooled,4,0.31417782572824776,0.5625265844321565
argn_continued,0,20260921,gap,20261002,0,0,0.3104568241191838,0.5437618595825426
argn_continued,0,20260921,gap,20261002,0,1,0.3129886595759668,0.5521383950024027
argn_continued,0,20260921,gap,20261002,0,2,0.3101617354245991,0.5508852222088402
argn_continued,0,20260921,gap,20261002,0,3,0.3123306948109059,0.5479919915204334
argn_continued,0,20260921,gap,20261002,0,4,0.31486420099656115,0.5625445051032518
argn_continued,0,20260921,gap,20261002,1,0,0.30737564322469985,0.5382198952879581
argn_continued,0,20260921,gap,20261002,1,1,0.2966818477553676,0.5379812695109261
argn_continued,0,20260921,gap,20261002,1,2,0.31898238747553814,0.5386158475426279
argn_continued,0,20260921,gap,20261002,1,3,0.3202592087312415,0.5541211519364448
argn_continued,0,20260921,gap,20261002,1,4,0.30789648307896483,0.5614754098360656
argn_continued,0,20260921,gap,20261003,pooled,0,0.310053451973242,0.5472445157838416
argn_continued,0,20260921,gap,20261003,pooled,1,0.3114509155645982,0.562255368666032
argn_continued,0,20260921,gap,20261003,pooled,2,0.3109352336507536,0.5590035434339096
argn_continued,0,20260921,gap,20261003,pooled,3,0.3132337927514038,0.5508004268943436
argn_continued,0,20260921,gap,20261003,pooled,4,0.31417782572824776,0.5535086785219892
argn_continued,0,20260921,gap,20261003,0,0,0.3104568241191838,0.5506063152839477
argn_continued,0,20260921,gap,20261003,0,1,0.3129886595759668,0.5632332238385734
argn_continued,0,20260921,gap,20261003,0,2,0.3101617354245991,0.5625
argn_continued,0,20260921,gap,20261003,0,3,0.3123306948109059,0.5526409920114462
argn_continued,0,20260921,gap,20261003,0,4,0.31486420099656115,0.55893536121673
argn_continued,0,20260921,gap,20261003,1,0,0.30737564322469985,0.5217391304347826
argn_continued,0,20260921,gap,20261003,1,1,0.2966818477553676,0.5522388059701493
argn_continued,0,20260921,gap,20261003,1,2,0.31898238747553814,0.5293522267206477
argn_continued,0,20260921,gap,20261003,1,3,0.3202592087312415,0.5340793489318413
argn_continued,0,20260921,gap,20261003,1,4,0.30789648307896483,0.5066666666666667
argn_continued,0,20260921,direct,20261001,pooled,0,0.310053451973242,0.3145639288738357
argn_continued,0,20260921,direct,20261001,pooled,1,0.3114509155645982,0.3140724946695096
argn_continued,0,20260921,direct,20261001,pooled,2,0.3109352336507536,0.31537718639338985
argn_continued,0,20260921,direct,20261001,pooled,3,0.3132337927514038,0.32169469874387907
argn_continued,0,20260921,direct,20261001,pooled,4,0.31417782572824776,0.31497160004286784
argn_continued,0,20260921,direct,20261001,0,0,0.3104568241191838,0.3138617359557178
argn_continued,0,20260921,direct,20261001,0,1,0.3129886595759668,0.3162596783799881
argn_continued,0,20260921,direct,20261001,0,2,0.3101617354245991,0.3174716756112105
argn_continued,0,20260921,direct,20261001,0,3,0.3123306948109059,0.3230640134260369
argn_continued,0,20260921,direct,20261001,0,4,0.31486420099656115,0.3156761927537965
argn_continued,0,20260921,direct,20261001,1,0,0.30737564322469985,0.319706498951782
argn_continued,0,20260921,direct,20261001,1,1,0.2966818477553676,0.2940584088620342
argn_continued,0,20260921,direct,20261001,1,2,0.31898238747553814,0.2996777658431794
argn_continued,0,20260921,direct,20261001,1,3,0.3202592087312415,0.31018078020932444
argn_continued,0,20260921,direct,20261001,1,4,0.30789648307896483,0.30920372285418823
argn_continued,0,20260921,direct,20261002,pooled,0,0.310053451973242,0.31448875689435724
argn_continued,0,20260921,direct,20261002,pooled,1,0.3114509155645982,0.3143935309973046
argn_continued,0,20260921,direct,20261002,pooled,2,0.3109352336507536,0.3175385934819897
argn_continued,0,20260921,direct,20261002,pooled,3,0.3132337927514038,0.31478739158028346
argn_continued,0,20260921,direct,20261002,pooled,4,0.31417782572824776,0.31010972621710875
argn_continued,0,20260921,direct,20261002,0,0,0.3104568241191838,0.31692634560906513
argn_continued,0,20260921,direct,20261002,0,1,0.3129886595759668,0.31729269170766833
argn_continued,0,20260921,direct,20261002,0,2,0.3101617354245991,0.31577681577681577
argn_continued,0,20260921,direct,20261002,0,3,0.3123306948109059,0.3123375088631529
argn_continued,0,20260921,direct,20261002,0,4,0.31486420099656115,0.30870963898486836
argn_continued,0,20260921,direct,20261002,1,0,0.30737564322469985,0.29350104821802936
argn_continued,0,20260921,direct,20261002,1,1,0.2966818477553676,0.2873684210526316
argn_continued,0,20260921,direct,20261002,1,2,0.31898238747553814,0.3346573982125124
argn_continued,0,20260921,direct,20261002,1,3,0.3202592087312415,0.3326633165829146
argn_continued,0,20260921,direct,20261002,1,4,0.30789648307896483,0.32323232323232326
argn_continued,0,20260921,direct,20261003,pooled,0,0.310053451973242,0.31454950652658387
argn_continued,0,20260921,direct,20261003,pooled,1,0.3114509155645982,0.32072873636267346
argn_continued,0,20260921,direct,20261003,pooled,2,0.3109352336507536,0.3258451005562687
argn_continued,0,20260921,direct,20261003,pooled,3,0.3132337927514038,0.3248949692987181
argn_continued,0,20260921,direct,20261003,pooled,4,0.31417782572824776,0.3151327716753759
argn_continued,0,20260921,direct,20261003,0,0,0.3104568241191838,0.31435025561764357
argn_continued,0,20260921,direct,20261003,0,1,0.3129886595759668,0.3209499177051493
argn_continued,0,20260921,direct,20261003,0,2,0.3101617354245991,0.3236703402012458
argn_continued,0,20260921,direct,20261003,0,3,0.3123306948109059,0.3259170174383644
argn_continued,0,20260921,direct,20261003,0,4,0.31486420099656115,0.31538828013339687
argn_continued,0,20260921,direct,20261003,1,0,0.30737564322469985,0.31620553359683795
argn_continued,0,20260921,direct,20261003,1,1,0.2966818477553676,0.3208955223880597
argn_continued,0,20260921,direct,20261003,1,2,0.31898238747553814,0.3437185929648241
argn_continued,0,20260921,direct,20261003,1,3,0.3202592087312415,0.3164426059979317
argn_continued,0,20260921,direct,20261003,1,4,0.30789648307896483,0.31097560975609756
U,0,0,raw,20261001,pooled,0,0.310053451973242,0.3138250883392226
U,0,0,raw,20261001,pooled,1,0.3114509155645982,0.31565385441271204
U,0,0,raw,20261001,pooled,2,0.3109352336507536,0.3173601147776184
U,0,0,raw,20261001,pooled,3,0.3132337927514038,0.3111937848779954
U,0,0,raw,20261001,pooled,4,0.31417782572824776,0.3169061517736866
U,0,0,raw,20261001,0,0,0.3104568241191838,0.3173065129400221
U,0,0,raw,20261001,0,1,0.3129886595759668,0.31699110790675317
U,0,0,raw,20261001,0,2,0.3101617354245991,0.31711481007255654
U,0,0,raw,20261001,0,3,0.3123306948109059,0.3141560353287537
U,0,0,raw,20261001,0,4,0.31486420099656115,0.3221762567381221
U,0,0,raw,20261001,1,0,0.30737564322469985,0.2823920265780731
U,0,0,raw,20261001,1,1,0.2966818477553676,0.30443548387096775
U,0,0,raw,20261001,1,2,0.31898238747553814,0.31948291782086796
U,0,0,raw,20261001,1,3,0.3202592087312415,0.2867274569402229
U,0,0,raw,20261001,1,4,0.30789648307896483,0.27175080558539205
U,0,0,raw,20261002,pooled,0,0.310053451973242,0.33623252229439615
U,0,0,raw,20261002,pooled,1,0.3114509155645982,0.33135006490696667
U,0,0,raw,20261002,pooled,2,0.3109352336507536,0.33269359946262356
U,0,0,raw,20261002,pooled,3,0.3132337927514038,0.33510985425277356
U,0,0,raw,20261002,pooled,4,0.31417782572824776,0.32071668533034714
U,0,0,raw,20261002,0,0,0.3104568241191838,0.33814102564102566
U,0,0,raw,20261002,0,1,0.3129886595759668,0.3349409211478177
U,0,0,raw,20261002,0,2,0.3101617354245991,0.337612323491656
U,0,0,raw,20261002,0,3,0.3123306948109059,0.3360058309037901
U,0,0,raw,20261002,0,4,0.31486420099656115,0.3220275344180225
U,0,0,raw,20261002,1,0,0.30737564322469985,0.32028836251287335
U,0,0,raw,20261002,1,1,0.2966818477553676,0.3
U,0,0,raw,20261002,1,2,0.31898238747553814,0.2898415657036347
U,0,0,raw,20261002,1,3,0.3202592087312415,0.32744282744282743
U,0,0,raw,20261002,1,4,0.30789648307896483,0.30957446808510636
U,0,0,raw,20261003,pooled,0,0.310053451973242,0.3259317116715019
U,0,0,raw,20261003,pooled,1,0.3114509155645982,0.32974254012711407
U,0,0,raw,20261003,pooled,2,0.3109352336507536,0.32813391668251857
U,0,0,raw,20261003,pooled,3,0.3132337927514038,0.32623641605677534
U,0,0,raw,20261003,pooled,4,0.31417782572824776,0.31632765255634965
U,0,0,raw,20261003,0,0,0.3104568241191838,0.3216695826043489
U,0,0,raw,20261003,0,1,0.3129886595759668,0.3328518117250512
U,0,0,raw,20261003,0,2,0.3101617354245991,0.32630575272804324
U,0,0,raw,20261003,0,3,0.3123306948109059,0.3236929922135706
U,0,0,raw,20261003,0,4,0.31486420099656115,0.3158412191225267
U,0,0,raw,20261003,1,0,0.30737564322469985,0.3614583333333333
U,0,0,raw,20261003,1,1,0.2966818477553676,0.30327868852459017
U,0,0,raw,20261003,1,2,0.31898238747553814,0.34418604651162793
U,0,0,raw,20261003,1,3,0.3202592087312415,0.3484358144552319
U,0,0,raw,20261003,1,4,0.30789648307896483,0.32045929018789143
U,0,0,level,20261001,pooled,0,0.310053451973242,0.3112363274776268
U,0,0,level,20261001,pooled,1,0.3114509155645982,0.3127616185467425
U,0,0,level,20261001,pooled,2,0.3109352336507536,0.31480772909890953
U,0,0,level,20261001,pooled,3,0.3132337927514038,0.3072210065645514
U,0,0,level,20261001,pooled,4,0.31417782572824776,0.3127946127946128
U,0,0,level,20261001,0,0,0.3104568241191838,0.31492390770741285
U,0,0,level,20261001,0,1,0.3129886595759668,0.3140317155213839
U,0,0,level,20261001,0,2,0.3101617354245991,0.3146942695550101
U,0,0,level,20261001,0,3,0.3123306948109059,0.3100318861908266
U,0,0,level,20261001,0,4,0.31486420099656115,0.3182103020428625
U,0,0,level,20261001,1,0,0.30737564322469985,0.2779623477297896
U,0,0,level,20261001,1,1,0.2966818477553676,0.3021148036253776
U,0,0,level,20261001,1,2,0.31898238747553814,0.3157894736842105
U,0,0,level,20261001,1,3,0.3202592087312415,0.2839756592292089
U,0,0,level,20261001,1,4,0.30789648307896483,0.2663802363050483
U,0,0,level,20261002,pooled,0,0.310053451973242,0.3328932893289329
U,0,0,level,20261002,pooled,1,0.3114509155645982,0.32673588578844903
U,0,0,level,20261002,pooled,2,0.3109352336507536,0.32846995584565175
U,0,0,level,20261002,pooled,3,0.3132337927514038,0.32988680888114935
U,0,0,level,20261002,pooled,4,0.31417782572824776,0.31612541993281074
U,0,0,level,20261002,0,0,0.3104568241191838,0.3341956146834196
U,0,0,level,20261002,0,1,0.3129886595759668,0.33056158110388045
U,0,0,level,20261002,0,2,0.3101617354245991,0.3334760273972603
U,0,0,level,20261002,0,3,0.3123306948109059,0.3304157549234136
U,0,0,level,20261002,0,4,0.31486420099656115,0.31714643304130163
U,0,0,level,20261002,1,0,0.30737564322469985,0.3220164609053498
U,0,0,level,20261002,1,1,0.2966818477553676,0.29324894514767935
U,0,0,level,20261002,1,2,0.31898238747553814,0.2849162011173184
U,0,0,level,20261002,1,3,0.3202592087312415,0.32536382536382535
U,0,0,level,20261002,1,4,0.30789648307896483,0.3074468085106383
U,0,0,level,20261003,pooled,0,0.310053451973242,0.32064732142857144
U,0,0,level,20261003,pooled,1,0.3114509155645982,0.32432141318397245
U,0,0,level,20261003,pooled,2,0.3109352336507536,0.3247099105953966
U,0,0,level,20261003,pooled,3,0.3132337927514038,0.32224070992789794
U,0,0,level,20261003,pooled,4,0.31417782572824776,0.31245191779316406
U,0,0,level,20261003,0,0,0.3104568241191838,0.31683539557555307
U,0,0,level,20261003,0,1,0.3129886595759668,0.32735587916716813
U,0,0,level,20261003,0,2,0.3101617354245991,0.3239033693579148
U,0,0,level,20261003,0,3,0.3123306948109059,0.3205984174085064
U,0,0,level,20261003,0,4,0.31486420099656115,0.31228501228501226
U,0,0,level,20261003,1,0,0.30737564322469985,0.3524504692387904
U,0,0,level,20261003,1,1,0.2966818477553676,0.29846153846153844
U,0,0,level,20261003,1,2,0.31898238747553814,0.33178438661710036
U,0,0,level,20261003,1,3,0.3202592087312415,0.3365695792880259
U,0,0,level,20261003,1,4,0.30789648307896483,0.31386861313868614
U,0,0,gap,20261001,pooled,0,0.310053451973242,0.3104629322726771
U,0,0,gap,20261001,pooled,1,0.3114509155645982,0.3126878488621726
U,0,0,gap,20261001,pooled,2,0.3109352336507536,0.31468197034911527
U,0,0,gap,20261001,pooled,3,0.3132337927514038,0.30773438354665794
U,0,0,gap,20261001,pooled,4,0.31417782572824776,0.312717476708946
U,0,0,gap,20261001,0,0,0.3104568241191838,0.31443298969072164
U,0,0,gap,20261001,0,1,0.3129886595759668,0.3140317155213839
U,0,0,gap,20261001,0,2,0.3101617354245991,0.31444728979940245
U,0,0,gap,20261001,0,3,0.3123306948109059,0.3106831841040108
U,0,0,gap,20261001,0,4,0.31486420099656115,0.3180849730542675
U,0,0,gap,20261001,1,0,0.30737564322469985,0.27464008859357697
U,0,0,gap,20261001,1,1,0.2966818477553676,0.3014112903225806
U,0,0,gap,20261001,1,2,0.31898238747553814,0.31671283471837486
U,0,0,gap,20261001,1,3,0.3202592087312415,0.2834008097165992
U,0,0,gap,20261001,1,4,0.30789648307896483,0.26666666666666666
U,0,0,gap,20261002,pooled,0,0.310053451973242,0.3320862676056338
U,0,0,gap,20261002,pooled,1,0.3114509155645982,0.3274948643096551
U,0,0,gap,20261002,pooled,2,0.3109352336507536,0.32926946337717194
U,0,0,gap,20261002,pooled,3,0.3132337927514038,0.33050386331483295
U,0,0,gap,20261002,pooled,4,0.31417782572824776,0.31627281890469255
U,0,0,gap,20261002,0,0,0.3104568241191838,0.3334154756037457
U,0,0,gap,20261002,0,1,0.3129886595759668,0.3313253012048193
U,0,0,gap,20261002,0,2,0.3101617354245991,0.3340111301369863
U,0,0,gap,20261002,0,3,0.3123306948109059,0.3311048985049228
U,0,0,gap,20261002,0,4,0.31486420099656115,0.3173113030416823
U,0,0,gap,20261002,1,0,0.30737564322469985,0.32098765432098764
U,0,0,gap,20261002,1,1,0.2966818477553676,0.2939936775553214
U,0,0,gap,20261002,1,2,0.31898238747553814,0.287977632805219
U,0,0,gap,20261002,1,3,0.3202592087312415,0.32536382536382535
U,0,0,gap,20261002,1,4,0.30789648307896483,0.3074468085106383
U,0,0,gap,20261003,pooled,0,0.310053451973242,0.3199419707621917
U,0,0,gap,20261003,pooled,1,0.3114509155645982,0.32428648357565965
U,0,0,gap,20261003,pooled,2,0.3109352336507536,0.3249619482496195
U,0,0,gap,20261003,pooled,3,0.3132337927514038,0.3226486246672582
U,0,0,gap,20261003,pooled,4,0.31417782572824776,0.31248626071664104
U,0,0,gap,20261003,0,0,0.3104568241191838,0.3160854893138358
U,0,0,gap,20261003,0,1,0.3129886595759668,0.3275571600481348
U,0,0,gap,20261003,0,2,0.3101617354245991,0.32393769206315565
U,0,0,gap,20261003,0,3,0.3123306948109059,0.32105328223513413
U,0,0,gap,20261003,0,4,0.31486420099656115,0.3120776508170537
U,0,0,gap,20261003,1,0,0.30737564322469985,0.35208333333333336
U,0,0,gap,20261003,1,1,0.2966818477553676,0.2964102564102564
U,0,0,gap,20261003,1,2,0.31898238747553814,0.33395348837209304
U,0,0,gap,20261003,1,3,0.3202592087312415,0.3365695792880259
U,0,0,gap,20261003,1,4,0.30789648307896483,0.3159541188738269
U,0,0,direct,20261001,pooled,0,0.310053451973242,0.3175198587819947
U,0,0,direct,20261001,pooled,1,0.3114509155645982,0.3144883920894239
U,0,0,direct,20261001,pooled,2,0.3109352336507536,0.31385467392342214
U,0,0,direct,20261001,pooled,3,0.3132337927514038,0.3205872685438808
U,0,0,direct,20261001,pooled,4,0.31417782572824776,0.31019766397124887
U,0,0,direct,20261001,0,0,0.3104568241191838,0.3172735074169425
U,0,0,direct,20261001,0,1,0.3129886595759668,0.31565656565656564
U,0,0,direct,20261001,0,2,0.3101617354245991,0.31176157530601384
U,0,0,direct,20261001,0,3,0.3123306948109059,0.3237861094038107
U,0,0,direct,20261001,0,4,0.31486420099656115,0.31305656590994607
U,0,0,direct,20261001,1,0,0.30737564322469985,0.3197353914002205
U,0,0,direct,20261001,1,1,0.2966818477553676,0.30465587044534415
U,0,0,direct,20261001,1,2,0.31898238747553814,0.3320964749536178
U,0,0,direct,20261001,1,3,0.3202592087312415,0.29435483870967744
U,0,0,direct,20261001,1,4,0.30789648307896483,0.2857142857142857
U,0,0,direct,20261002,pooled,0,0.310053451973242,0.31421638910334176
U,0,0,direct,20261002,pooled,1,0.3114509155645982,0.32025862068965516
U,0,0,direct,20261002,pooled,2,0.3109352336507536,0.32654824771963514
U,0,0,direct,20261002,pooled,3,0.3132337927514038,0.32398042414355627
U,0,0,direct,20261002,pooled,4,0.31417782572824776,0.3173303421200224
U,0,0,direct,20261002,0,0,0.3104568241191838,0.3138947108864505
U,0,0,direct,20261002,0,1,0.3129886595759668,0.32133429325653945
U,0,0,direct,20261002,0,2,0.3101617354245991,0.3267994858611825
U,0,0,direct,20261002,0,3,0.3123306948109059,0.3236151603498542
U,0,0,direct,20261002,0,4,0.31486420099656115,0.3163380635438905
U,0,0,direct,20261002,1,0,0.30737564322469985,0.3169456066945607
U,0,0,direct,20261002,1,1,0.2966818477553676,0.3107822410147992
U,0,0,direct,20261002,1,2,0.31898238747553814,0.3243744207599629
U,0,0,direct,20261002,1,3,0.3202592087312415,0.32710280373831774
U,0,0,direct,20261002,1,4,0.30789648307896483,0.32563025210084034
U,0,0,direct,20261003,pooled,0,0.310053451973242,0.31065253764640266
U,0,0,direct,20261003,pooled,1,0.3114509155645982,0.32363714716655895
U,0,0,direct,20261003,pooled,2,0.3109352336507536,0.3197945400932179
U,0,0,direct,20261003,pooled,3,0.3132337927514038,0.32702523240371845
U,0,0,direct,20261003,pooled,4,0.31417782572824776,0.31026884089907447
U,0,0,direct,20261003,0,0,0.3104568241191838,0.3078362864986274
U,0,0,direct,20261003,0,1,0.3129886595759668,0.3243015414258189
U,0,0,direct,20261003,0,2,0.3101617354245991,0.3193339696680454
U,0,0,direct,20261003,0,3,0.3123306948109059,0.32441430332922316
U,0,0,direct,20261003,0,4,0.31486420099656115,0.31001354846655993
U,0,0,direct,20261003,1,0,0.30737564322469985,0.334384858044164
U,0,0,direct,20261003,1,1,0.2966818477553676,0.3179959100204499
U,0,0,direct,20261003,1,2,0.31898238747553814,0.3238007380073801
U,0,0,direct,20261003,1,3,0.3202592087312415,0.34989200863930886
U,0,0,direct,20261003,1,4,0.30789648307896483,0.3124346917450366
U,0,1,raw,20261001,pooled,0,0.310053451973242,0.3151637505607896
U,0,1,raw,20261001,pooled,1,0.3114509155645982,0.32107653117731755
U,0,1,raw,20261001,pooled,2,0.3109352336507536,0.3158542356838618
U,0,1,raw,20261001,pooled,3,0.3132337927514038,0.306941431670282
U,0,1,raw,20261001,pooled,4,0.31417782572824776,0.3059505578647998
U,0,1,raw,20261001,0,0,0.3104568241191838,0.31582223328768827
U,0,1,raw,20261001,0,1,0.3129886595759668,0.3214995034756703
U,0,1,raw,20261001,0,2,0.3101617354245991,0.31607255853195526
U,0,1,raw,20261001,0,3,0.3123306948109059,0.3076923076923077
U,0,1,raw,20261001,0,4,0.31486420099656115,0.30662915851272016
U,0,1,raw,20261001,1,0,0.30737564322469985,0.3091732729331823
U,0,1,raw,20261001,1,1,0.2966818477553676,0.3175745118191161
U,0,1,raw,20261001,1,2,0.31898238747553814,0.3139427516158818
U,0,1,raw,20261001,1,3,0.3202592087312415,0.3007063572149344
U,0,1,raw,20261001,1,4,0.30789648307896483,0.3002070393374741
U,0,1,raw,20261002,pooled,0,0.310053451973242,0.3227037951942511
U,0,1,raw,20261002,pooled,1,0.3114509155645982,0.3231504110197734
U,0,1,raw,20261002,pooled,2,0.3109352336507536,0.3282176819508521
U,0,1,raw,20261002,pooled,3,0.3132337927514038,0.319135204904808
U,0,1,raw,20261002,pooled,4,0.31417782572824776,0.3110767189918196
U,0,1,raw,20261002,0,0,0.3104568241191838,0.3239171374764595
U,0,1,raw,20261002,0,1,0.3129886595759668,0.32739641311069884
U,0,1,raw,20261002,0,2,0.3101617354245991,0.33056983943750656
U,0,1,raw,20261002,0,3,0.3123306948109059,0.3176513054987366
U,0,1,raw,20261002,0,4,0.31486420099656115,0.3143705169428642
U,0,1,raw,20261002,1,0,0.30737564322469985,0.31243358129649307
U,0,1,raw,20261002,1,1,0.2966818477553676,0.2857142857142857
U,0,1,raw,20261002,1,2,0.31898238747553814,0.3076923076923077
U,0,1,raw,20261002,1,3,0.3202592087312415,0.3316430020283976
U,0,1,raw,20261002,1,4,0.30789648307896483,0.2833333333333333
U,0,1,raw,20261003,pooled,0,0.310053451973242,0.3232758620689655
U,0,1,raw,20261003,pooled,1,0.3114509155645982,0.32458181012518
U,0,1,raw,20261003,pooled,2,0.3109352336507536,0.3213111674650136
U,0,1,raw,20261003,pooled,3,0.3132337927514038,0.31989041095890414
U,0,1,raw,20261003,pooled,4,0.31417782572824776,0.31316841309279464
U,0,1,raw,20261003,0,0,0.3104568241191838,0.31985761505212307
U,0,1,raw,20261003,0,1,0.3129886595759668,0.328539548723035
U,0,1,raw,20261003,0,2,0.3101617354245991,0.31798199706929037
U,0,1,raw,20261003,0,3,0.3123306948109059,0.3160400390625
U,0,1,raw,20261003,0,4,0.31486420099656115,0.3106772716317185
U,0,1,raw,20261003,1,0,0.30737564322469985,0.35157894736842105
U,0,1,raw,20261003,1,1,0.2966818477553676,0.29136316337148804
U,0,1,raw,20261003,1,2,0.31898238747553814,0.3504117108874657
U,0,1,raw,20261003,1,3,0.3202592087312415,0.3536977491961415
U,0,1,raw,20261003,1,4,0.30789648307896483,0.3347236704900938
U,0,1,level,20261001,pooled,0,0.310053451973242,0.31680502580210906
U,0,1,level,20261001,pooled,1,0.3114509155645982,0.3222591362126246
U,0,1,level,20261001,pooled,2,0.3109352336507536,0.3189475676698845
U,0,1,level,20261001,pooled,3,0.3132337927514038,0.3090771066044897
U,0,1,level,20261001,pooled,4,0.31417782572824776,0.30817197243190025
U,0,1,level,20261001,0,0,0.3104568241191838,0.3176441290001245
U,0,1,level,20261001,0,1,0.3129886595759668,0.3228248727814323
U,0,1,level,20261001,0,2,0.3101617354245991,0.31962459137403776
U,0,1,level,20261001,0,3,0.3123306948109059,0.3102065613608748
U,0,1,level,20261001,0,4,0.31486420099656115,0.3091131498470948
U,0,1,level,20261001,1,0,0.30737564322469985,0.3091732729331823
U,0,1,level,20261001,1,1,0.2966818477553676,0.3175745118191161
U,0,1,level,20261001,1,2,0.31898238747553814,0.31301939058171746
U,0,1,level,20261001,1,3,0.3202592087312415,0.29969727547931385
U,0,1,level,20261001,1,4,0.30789648307896483,0.3002070393374741
U,0,1,level,20261002,pooled,0,0.310053451973242,0.32667040988208873
U,0,1,level,20261002,pooled,1,0.3114509155645982,0.3257415842684146
U,0,1,level,20261002,pooled,2,0.3109352336507536,0.33082282056109963
U,0,1,level,20261002,pooled,3,0.3132337927514038,0.32240025809226797
U,0,1,level,20261002,pooled,4,0.31417782572824776,0.31398562741846325
U,0,1,level,20261002,0,0,0.3104568241191838,0.32793471437539234
U,0,1,level,20261002,0,1,0.3129886595759668,0.3302820385947551
U,0,1,level,20261002,0,2,0.3101617354245991,0.3334732423924449
U,0,1,level,20261002,0,3,0.3123306948109059,0.3215832531280077
U,0,1,level,20261002,0,4,0.31486420099656115,0.3176252319109462
U,0,1,level,20261002,1,0,0.30737564322469985,0.3159574468085106
U,0,1,level,20261002,1,1,0.2966818477553676,0.2857142857142857
U,0,1,level,20261002,1,2,0.31898238747553814,0.3076923076923077
U,0,1,level,20261002,1,3,0.3202592087312415,0.3292806484295846
U,0,1,level,20261002,1,4,0.30789648307896483,0.2833333333333333
U,0,1,level,20261003,pooled,0,0.310053451973242,0.32441016333938294
U,0,1,level,20261003,pooled,1,0.3114509155645982,0.3269081643957018
U,0,1,level,20261003,pooled,2,0.3109352336507536,0.32253521126760565
U,0,1,level,20261003,pooled,3,0.3132337927514038,0.3220041662098454
U,0,1,level,20261003,pooled,4,0.31417782572824776,0.3145387772737092
U,0,1,level,20261003,0,0,0.3104568241191838,0.32112890922959575
U,0,1,level,20261003,0,1,0.3129886595759668,0.3313910240515745
U,0,1,level,20261003,0,2,0.3101617354245991,0.3196609814795438
U,0,1,level,20261003,0,3,0.3123306948109059,0.3186370297997069
U,0,1,level,20261003,0,4,0.31486420099656115,0.3123267863598024
U,0,1,level,20261003,1,0,0.30737564322469985,0.35157894736842105
U,0,1,level,20261003,1,1,0.2966818477553676,0.2892819979188345
U,0,1,level,20261003,1,2,0.31898238747553814,0.34766697163769444
U,0,1,level,20261003,1,3,0.3202592087312415,0.3515541264737406
U,0,1,level,20261003,1,4,0.30789648307896483,0.33368091762252344
U,0,1,gap,20261001,pooled,0,0.310053451973242,0.3172235927337968
U,0,1,gap,20261001,pooled,1,0.3114509155645982,0.3229270452784236
U,0,1,gap,20261001,pooled,2,0.3109352336507536,0.32008328601173575
U,0,1,gap,20261001,pooled,3,0.3132337927514038,0.31218136457316414
U,0,1,gap,20261001,pooled,4,0.31417782572824776,0.30790280210157617
U,0,1,gap,20261001,0,0,0.3104568241191838,0.3181082762912259
U,0,1,gap,20261001,0,1,0.3129886595759668,0.3235732009925558
U,0,1,gap,20261001,0,2,0.3101617354245991,0.3205736581250659
U,0,1,gap,20261001,0,3,0.3123306948109059,0.313441905687895
U,0,1,gap,20261001,0,4,0.31486420099656115,0.30869033047735617
U,0,1,gap,20261001,1,0,0.30737564322469985,0.3091732729331823
U,0,1,gap,20261001,1,1,0.2966818477553676,0.3175745118191161
U,0,1,gap,20261001,1,2,0.31898238747553814,0.3157894736842105
U,0,1,gap,20261001,1,3,0.3202592087312415,0.30171543895055497
U,0,1,gap,20261001,1,4,0.30789648307896483,0.30124223602484473
U,0,1,gap,20261002,pooled,0,0.310053451973242,0.3263335204941044
U,0,1,gap,20261002,pooled,1,0.3114509155645982,0.32518609043439617
U,0,1,gap,20261002,pooled,2,0.3109352336507536,0.33116760828625236
U,0,1,gap,20261002,pooled,3,0.3132337927514038,0.3233333333333333
U,0,1,gap,20261002,pooled,4,0.31417782572824776,0.31229272606676983
U,0,1,gap,20261002,0,0,0.3104568241191838,0.32793471437539234
U,0,1,gap,20261002,0,1,0.3129886595759668,0.33003463631865415
U,0,1,gap,20261002,0,2,0.3101617354245991,0.3337881809593786
U,0,1,gap,20261002,0,3,0.3123306948109059,0.3224681260524417
U,0,1,gap,20261002,0,4,0.31486420099656115,0.3157308929013109
U,0,1,gap,20261002,1,0,0.30737564322469985,0.3127659574468085
U,0,1,gap,20261002,1,1,0.2966818477553676,0.2824427480916031
U,0,1,gap,20261002,1,2,0.31898238747553814,0.3083257090576395
U,0,1,gap,20261002,1,3,0.3202592087312415,0.3306288032454361
U,0,1,gap,20261002,1,4,0.30789648307896483,0.2833333333333333
U,0,1,gap,20261003,pooled,0,0.310053451973242,0.32376630743051615
U,0,1,gap,20261003,pooled,1,0.3114509155645982,0.325911155422621
U,0,1,gap,20261003,pooled,2,0.3109352336507536,0.32297436860388695
U,0,1,gap,20261003,pooled,3,0.3132337927514038,0.3232456140350877
U,0,1,gap,20261003,pooled,4,0.31417782572824776,0.3138567879900637
U,0,1,gap,20261003,0,0,0.3104568241191838,0.32066115702479336
U,0,1,gap,20261003,0,1,0.3129886595759668,0.33068815871047735
U,0,1,gap,20261003,0,2,0.3101617354245991,0.31994141033689055
U,0,1,gap,20261003,0,3,0.3123306948109059,0.31957503968738554
U,0,1,gap,20261003,0,4,0.31486420099656115,0.31124231835160865
U,0,1,gap,20261003,1,0,0.30737564322469985,0.3494736842105263
U,0,1,gap,20261003,1,1,0.2966818477553676,0.28586278586278585
U,0,1,gap,20261003,1,2,0.31898238747553814,0.3494967978042086
U,0,1,gap,20261003,1,3,0.3202592087312415,0.35553168635875404
U,0,1,gap,20261003,1,4,0.30789648307896483,0.33645833333333336
U,0,1,direct,20261001,pooled,0,0.310053451973242,0.31817165847116674
U,0,1,direct,20261001,pooled,1,0.3114509155645982,0.31669439822518025
U,0,1,direct,20261001,pooled,2,0.3109352336507536,0.31392596800151473
U,0,1,direct,20261001,pooled,3,0.3132337927514038,0.3221294589612924
U,0,1,direct,20261001,pooled,4,0.31417782572824776,0.30954729803792613
U,0,1,direct,20261001,0,0,0.3104568241191838,0.3175843253968254
U,0,1,direct,20261001,0,1,0.3129886595759668,0.31672465208747513
U,0,1,direct,20261001,0,2,0.3101617354245991,0.3125395820139329
U,0,1,direct,20261001,0,3,0.3123306948109059,0.32568027210884354
U,0,1,direct,20261001,0,4,0.31486420099656115,0.31159597940671735
U,0,1,direct,20261001,1,0,0.30737564322469985,0.3235294117647059
U,0,1,direct,20261001,1,1,0.2966818477553676,0.3164426059979317
U,0,1,direct,20261001,1,2,0.31898238747553814,0.32598714416896235
U,0,1,direct,20261001,1,3,0.3202592087312415,0.29263370332996974
U,0,1,direct,20261001,1,4,0.30789648307896483,0.2922279792746114
U,0,1,direct,20261002,pooled,0,0.310053451973242,0.3148335015136226
U,0,1,direct,20261002,pooled,1,0.3114509155645982,0.32061408388029816
U,0,1,direct,20261002,pooled,2,0.3109352336507536,0.3246385029770343
U,0,1,direct,20261002,pooled,3,0.3132337927514038,0.32793044224989265
U,0,1,direct,20261002,pooled,4,0.31417782572824776,0.31631190029778317
U,0,1,direct,20261002,0,0,0.3104568241191838,0.3157234282846028
U,0,1,direct,20261002,0,1,0.3129886595759668,0.3216323492929794
U,0,1,direct,20261002,0,2,0.3101617354245991,0.3244154202654308
U,0,1,direct,20261002,0,3,0.3123306948109059,0.32689307572302895
U,0,1,direct,20261002,0,4,0.31486420099656115,0.3163340724316334
U,0,1,direct,20261002,1,0,0.30737564322469985,0.30736842105263157
U,0,1,direct,20261002,1,1,0.2966818477553676,0.3117583603020496
U,0,1,direct,20261002,1,2,0.31898238747553814,0.3265869365225391
U,0,1,direct,20261002,1,3,0.3202592087312415,0.3367243133265514
U,0,1,direct,20261002,1,4,0.30789648307896483,0.31612223393045313
U,0,1,direct,20261003,pooled,0,0.310053451973242,0.3114269471290506
U,0,1,direct,20261003,pooled,1,0.3114509155645982,0.32473998672272625
U,0,1,direct,20261003,pooled,2,0.3109352336507536,0.32239309827456863
U,0,1,direct,20261003,pooled,3,0.3132337927514038,0.3272926963207029
U,0,1,direct,20261003,pooled,4,0.31417782572824776,0.30916936353829555
U,0,1,direct,20261003,0,0,0.3104568241191838,0.30900522226467964
U,0,1,direct,20261003,0,1,0.3129886595759668,0.3268159881202821
U,0,1,direct,20261003,0,2,0.3101617354245991,0.32166736314249894
U,0,1,direct,20261003,0,3,0.3123306948109059,0.32480724513523435
U,0,1,direct,20261003,0,4,0.31486420099656115,0.30923985062040715
U,0,1,direct,20261003,1,0,0.30737564322469985,0.3315677966101695
U,0,1,direct,20261003,1,1,0.2966818477553676,0.3072100313479624
U,0,1,direct,20261003,1,2,0.31898238747553814,0.32875457875457875
U,0,1,direct,20261003,1,3,0.3202592087312415,0.3490364025695932
U,0,1,direct,20261003,1,4,0.30789648307896483,0.30856553147574817
argn_original,1,20260920,raw,20261001,pooled,0,0.34249687970045123,0.016780675502351433
argn_original,1,20260920,raw,20261001,pooled,1,0.3282259844257385,0.015640273704789834
argn_original,1,20260920,raw,20261001,pooled,2,0.3236187583064363,0.016199978543074776
argn_original,1,20260920,raw,20261001,pooled,3,0.30169750629000924,0.017018594390167036
argn_original,1,20260920,raw,20261001,pooled,4,0.2925504727830309,0.017319674728059984
argn_original,1,20260920,raw,20261001,0,0,0.3198808426129513,0.017548019919373964
argn_original,1,20260920,raw,20261001,0,1,0.3141893067102654,0.014919941775836972
argn_original,1,20260920,raw,20261001,0,2,0.3211655796339154,0.016235718580877932
argn_original,1,20260920,raw,20261001,0,3,0.31694623202166194,0.016861219195849545
argn_original,1,20260920,raw,20261001,0,4,0.3152273528375044,0.017172430016466712
argn_original,1,20260920,raw,20261001,1,0,0.5511140235910879,0.009771986970684038
argn_original,1,20260920,raw,20261001,1,1,0.4623115577889447,0.02182952182952183
argn_original,1,20260920,raw,20261001,1,2,0.3472312703583062,0.015857284440039643
argn_original,1,20260920,raw,20261001,1,3,0.15579587698546807,0.018304431599229287
argn_original,1,20260920,raw,20261001,1,4,0.07325383304940375,0.018633540372670808
argn_original,1,20260920,raw,20261002,pooled,0,0.34249687970045123,0.01563151313047103
argn_original,1,20260920,raw,20261002,pooled,1,0.3282259844257385,0.014545454545454545
argn_original,1,20260920,raw,20261002,pooled,2,0.3236187583064363,0.014816382685998518
argn_original,1,20260920,raw,20261002,pooled,3,0.30169750629000924,0.014638316059408057
argn_original,1,20260920,raw,20261002,pooled,4,0.2925504727830309,0.016012283395481466
argn_original,1,20260920,raw,20261002,0,0,0.3198808426129513,0.015519253208868145
argn_original,1,20260920,raw,20261002,0,1,0.3141893067102654,0.013737904670887587
argn_original,1,20260920,raw,20261002,0,2,0.3211655796339154,0.014964062684105103
argn_original,1,20260920,raw,20261002,0,3,0.31694623202166194,0.014534191088873005
argn_original,1,20260920,raw,20261002,0,4,0.3152273528375044,0.0153298994358597
argn_original,1,20260920,raw,20261002,1,0,0.5511140235910879,0.016569200779727095
argn_original,1,20260920,raw,20261002,1,1,0.4623115577889447,0.02151639344262295
argn_original,1,20260920,raw,20261002,1,2,0.3472312703583062,0.013457556935817806
argn_original,1,20260920,raw,20261002,1,3,0.15579587698546807,0.015527950310559006
argn_original,1,20260920,raw,20261002,1,4,0.07325383304940375,0.02182952182952183
argn_original,1,20260920,raw,20261003,pooled,0,0.34249687970045123,0.014804703905921882
argn_original,1,20260920,raw,20261003,pooled,1,0.3282259844257385,0.015091933255393772
argn_original,1,20260920,raw,20261003,pooled,2,0.3236187583064363,0.016851535836177475
argn_original,1,20260920,raw,20261003,pooled,3,0.30169750629000924,0.014901372212692967
argn_original,1,20260920,raw,20261003,pooled,4,0.2925504727830309,0.015268002165674066
argn_original,1,20260920,raw,20261003,0,0,0.3198808426129513,0.01483225426721601
argn_original,1,20260920,raw,20261003,0,1,0.3141893067102654,0.014932448447499408
argn_original,1,20260920,raw,20261003,0,2,0.3211655796339154,0.01657722122838402
argn_original,1,20260920,raw,20261003,0,3,0.31694623202166194,0.015137067938021454
argn_original,1,20260920,raw,20261003,0,4,0.3152273528375044,0.015844218674407353
argn_original,1,20260920,raw,20261003,1,0,0.5511140235910879,0.013658536585365854
argn_original,1,20260920,raw,20261003,1,1,0.4623115577889447,0.01756198347107438
argn_original,1,20260920,raw,20261003,1,2,0.3472312703583062,0.019076305220883535
argn_original,1,20260920,raw,20261003,1,3,0.15579587698546807,0.01276595744680851
argn_original,1,20260920,raw,20261003,1,4,0.07325383304940375,0.010341261633919338
argn_original,1,20260920,level,20261001,pooled,0,0.34249687970045123,0.3111064366848969
argn_original,1,20260920,level,20261001,pooled,1,0.3282259844257385,0.3185169355700395
argn_original,1,20260920,level,20261001,pooled,2,0.3236187583064363,0.3101742310174231
argn_original,1,20260920,level,20261001,pooled,3,0.30169750629000924,0.31207627118644066
argn_original,1,20260920,level,20261001,pooled,4,0.2925504727830309,0.3244847307650804
argn_original,1,20260920,level,20261001,0,0,0.3198808426129513,0.3109913288024373
argn_original,1,20260920,level,20261001,0,1,0.3141893067102654,0.3171927307508369
argn_original,1,20260920,level,20261001,0,2,0.3211655796339154,0.3099079717939524
argn_original,1,20260920,level,20261001,0,3,0.31694623202166194,0.31513706793802143
argn_original,1,20260920,level,20261001,0,4,0.3152273528375044,0.3241196971517846
argn_original,1,20260920,level,20261001,1,0,0.5511140235910879,0.3125
argn_original,1,20260920,level,20261001,1,1,0.4623115577889447,0.32963709677419356
argn_original,1,20260920,level,20261001,1,2,0.3472312703583062,0.31189710610932475
argn_original,1,20260920,level,20261001,1,3,0.15579587698546807,0.2876190476190476
argn_original,1,20260920,level,20261001,1,4,0.07325383304940375,0.328042328042328
argn_original,1,20260920,level,20261002,pooled,0,0.34249687970045123,0.31735062725919627
argn_original,1,20260920,level,20261002,pooled,1,0.3282259844257385,0.31417169974115616
argn_original,1,20260920,level,20261002,pooled,2,0.3236187583064363,0.31573886098942194
argn_original,1,20260920,level,20261002,pooled,3,0.30169750629000924,0.31372341551158606
argn_original,1,20260920,level,20261002,pooled,4,0.2925504727830309,0.3131926683716965
argn_original,1,20260920,level,20261002,0,0,0.3198808426129513,0.32093078195133473
argn_original,1,20260920,level,20261002,0,1,0.3141893067102654,0.3149370125974805
argn_original,1,20260920,level,20261002,0,2,0.3211655796339154,0.31484365640349826
argn_original,1,20260920,level,20261002,0,3,0.31694623202166194,0.3135372214319583
argn_original,1,20260920,level,20261002,0,4,0.3152273528375044,0.30934223069590083
argn_original,1,20260920,level,20261002,1,0,0.5511140235910879,0.2854100106496273
argn_original,1,20260920,level,20261002,1,1,0.4623115577889447,0.30670926517571884
argn_original,1,20260920,level,20261002,1,2,0.3472312703583062,0.3227722772277228
argn_original,1,20260920,level,20261002,1,3,0.15579587698546807,0.3166175024582104
argn_original,1,20260920,level,20261002,1,4,0.07325383304940375,0.34510595358224017
argn_original,1,20260920,level,20261003,pooled,0,0.34249687970045123,0.32096234761031395
argn_original,1,20260920,level,20261003,pooled,1,0.3282259844257385,0.31875792141951836
argn_original,1,20260920,level,20261003,pooled,2,0.3236187583064363,0.31972643727292155
argn_original,1,20260920,level,20261003,pooled,3,0.30169750629000924,0.3196459044368601
argn_original,1,20260920,level,20261003,pooled,4,0.2925504727830309,0.3143282629507499
argn_original,1,20260920,level,20261003,0,0,0.3198808426129513,0.3204306277972662
argn_original,1,20260920,level,20261003,0,1,0.3141893067102654,0.31716461628588166
argn_original,1,20260920,level,20261003,0,2,0.3211655796339154,0.31985206394655213
argn_original,1,20260920,level,20261003,0,3,0.31694623202166194,0.31923764145324596
argn_original,1,20260920,level,20261003,0,4,0.3152273528375044,0.3128498273192807
argn_original,1,20260920,level,20261003,1,0,0.5511140235910879,0.3270189431704885
argn_original,1,20260920,level,20261003,1,1,0.4623115577889447,0.33047210300429186
argn_original,1,20260920,level,20261003,1,2,0.3472312703583062,0.32065775950668035
argn_original,1,20260920,level,20261003,1,3,0.15579587698546807,0.32284263959390863
argn_original,1,20260920,level,20261003,1,4,0.07325383304940375,0.32602193419740777
argn_original,1,20260920,gap,20261001,pooled,0,0.34249687970045123,0.334384858044164
argn_original,1,20260920,gap,20261001,pooled,1,0.3282259844257385,0.33105364394101305
argn_original,1,20260920,gap,20261001,pooled,2,0.3236187583064363,0.308486608583414
argn_original,1,20260920,gap,20261001,pooled,3,0.30169750629000924,0.29777542372881355
argn_original,1,20260920,gap,20261001,pooled,4,0.2925504727830309,0.2993417502967519
argn_original,1,20260920,gap,20261001,0,0,0.3198808426129513,0.31013473930872876
argn_original,1,20260920,gap,20261001,0,1,0.3141893067102654,0.317116901745159
argn_original,1,20260920,gap,20261001,0,2,0.3211655796339154,0.30762792922046867
argn_original,1,20260920,gap,20261001,0,3,0.31694623202166194,0.3171632896305125
argn_original,1,20260920,gap,20261001,0,4,0.3152273528375044,0.32532147578416054
argn_original,1,20260920,gap,20261001,1,0,0.5511140235910879,0.5475946775844421
argn_original,1,20260920,gap,20261001,1,1,0.4623115577889447,0.44410876132930516
argn_original,1,20260920,gap,20261001,1,2,0.3472312703583062,0.31901181525241673
argn_original,1,20260920,gap,20261001,1,3,0.15579587698546807,0.14285714285714285
argn_original,1,20260920,gap,20261001,1,4,0.07325383304940375,0.07089947089947089
argn_original,1,20260920,gap,20261002,pooled,0,0.34249687970045123,0.3432915160535828
argn_original,1,20260920,gap,20261002,pooled,1,0.3282259844257385,0.32474393530997303
argn_original,1,20260920,gap,20261002,pooled,2,0.3236187583064363,0.316981938655552
argn_original,1,20260920,gap,20261002,pooled,3,0.30169750629000924,0.29806369696328433
argn_original,1,20260920,gap,20261002,pooled,4,0.2925504727830309,0.28487690504103164
argn_original,1,20260920,gap,20261002,0,0,0.3198808426129513,0.3200236266981689
argn_original,1,20260920,gap,20261002,0,1,0.3141893067102654,0.3125
argn_original,1,20260920,gap,20261002,0,2,0.3211655796339154,0.3148747452954573
argn_original,1,20260920,gap,20261002,0,3,0.31694623202166194,0.31469194312796206
argn_original,1,20260920,gap,20261002,0,4,0.3152273528375044,0.31005719733079123
argn_original,1,20260920,gap,20261002,1,0,0.5511140235910879,0.5526036131774708
argn_original,1,20260920,gap,20261002,1,1,0.4623115577889447,0.4334398296059638
argn_original,1,20260920,gap,20261002,1,2,0.3472312703583062,0.33366141732283466
argn_original,1,20260920,gap,20261002,1,3,0.15579587698546807,0.1595639246778989
argn_original,1,20260920,gap,20261002,1,4,0.07325383304940375,0.07164480322906155
argn_original,1,20260920,gap,20261003,pooled,0,0.34249687970045123,0.34757281553398056
argn_original,1,20260920,gap,20261003,pooled,1,0.3282259844257385,0.33301647655259825
argn_original,1,20260920,gap,20261003,pooled,2,0.3236187583064363,0.31958542579335397
argn_original,1,20260920,gap,20261003,pooled,3,0.30169750629000924,0.3041066666666667
argn_original,1,20260920,gap,20261003,pooled,4,0.2925504727830309,0.28819148936170214
argn_original,1,20260920,gap,20261003,0,0,0.3198808426129513,0.31894571394027327
argn_original,1,20260920,gap,20261003,0,1,0.3141893067102654,0.31817116060961315
argn_original,1,20260920,gap,20261003,0,2,0.3211655796339154,0.3187403077657163
argn_original,1,20260920,gap,20261003,0,3,0.31694623202166194,0.320505182890504
argn_original,1,20260920,gap,20261003,0,4,0.3152273528375044,0.31432313370639364
argn_original,1,20260920,gap,20261003,1,0,0.5511140235910879,0.5825049701789264
argn_original,1,20260920,gap,20261003,1,1,0.4623115577889447,0.4703982777179763
argn_original,1,20260920,gap,20261003,1,2,0.3472312703583062,0.32684426229508196
argn_original,1,20260920,gap,20261003,1,3,0.15579587698546807,0.1634517766497462
argn_original,1,20260920,gap,20261003,1,4,0.07325383304940375,0.069
argn_original,1,20260920,direct,20261001,pooled,0,0.34249687970045123,0.33697938578039544
argn_original,1,20260920,direct,20261001,pooled,1,0.3282259844257385,0.33126736482154306
argn_original,1,20260920,direct,20261001,pooled,2,0.3236187583064363,0.30880929332042595
argn_original,1,20260920,direct,20261001,pooled,3,0.30169750629000924,0.29806164601207497
argn_original,1,20260920,direct,20261001,pooled,4,0.2925504727830309,0.29963314630988347
argn_original,1,20260920,direct,20261001,0,0,0.3198808426129513,0.31266846361185985
argn_original,1,20260920,direct,20261001,0,1,0.3141893067102654,0.31779053084648495
argn_original,1,20260920,direct,20261001,0,2,0.3211655796339154,0.307572861920688
argn_original,1,20260920,direct,20261001,0,3,0.31694623202166194,0.3180679785330948
argn_original,1,20260920,direct,20261001,0,4,0.3152273528375044,0.3256428743090603
argn_original,1,20260920,direct,20261001,1,0,0.5511140235910879,0.5496417604912999
argn_original,1,20260920,direct,20261001,1,1,0.4623115577889447,0.44702320887991925
argn_original,1,20260920,direct,20261001,1,2,0.3472312703583062,0.3174946004319654
argn_original,1,20260920,direct,20261001,1,3,0.15579587698546807,0.1390728476821192
argn_original,1,20260920,direct,20261001,1,4,0.07325383304940375,0.07089947089947089
argn_original,1,20260920,direct,20261002,pooled,0,0.34249687970045123,0.34424835211567084
argn_original,1,20260920,direct,20261002,pooled,1,0.3282259844257385,0.32549865229110514
argn_original,1,20260920,direct,20261002,pooled,2,0.3236187583064363,0.31951271639239154
argn_original,1,20260920,direct,20261002,pooled,3,0.30169750629000924,0.29693121693121693
argn_original,1,20260920,direct,20261002,pooled,4,0.2925504727830309,0.2853032079292337
argn_original,1,20260920,direct,20261002,0,0,0.3198808426129513,0.3208505611340815
argn_original,1,20260920,direct,20261002,0,1,0.3141893067102654,0.31285988483685223
argn_original,1,20260920,direct,20261002,0,2,0.3211655796339154,0.3170702469431791
argn_original,1,20260920,direct,20261002,0,3,0.31694623202166194,0.31382537614026773
argn_original,1,20260920,direct,20261002,0,4,0.3152273528375044,0.31029551954242135
argn_original,1,20260920,direct,20261002,1,0,0.5511140235910879,0.5557917109458024
argn_original,1,20260920,direct,20261002,1,1,0.4623115577889447,0.4366347177848775
argn_original,1,20260920,direct,20261002,1,2,0.3472312703583062,0.3389162561576355
argn_original,1,20260920,direct,20261002,1,3,0.15579587698546807,0.15643564356435644
argn_original,1,20260920,direct,20261002,1,4,0.07325383304940375,0.07366296670030273
argn_original,1,20260920,direct,20261003,pooled,0,0.34249687970045123,0.3477885652642934
argn_original,1,20260920,direct,20261003,pooled,1,0.3282259844257385,0.33417828474862693
argn_original,1,20260920,direct,20261003,pooled,2,0.3236187583064363,0.31947857677102254
argn_original,1,20260920,direct,20261003,pooled,3,0.30169750629000924,0.304
argn_original,1,20260920,direct,20261003,pooled,4,0.2925504727830309,0.2877659574468085
argn_original,1,20260920,direct,20261003,0,0,0.3198808426129513,0.31918752266956835
argn_original,1,20260920,direct,20261003,0,1,0.3141893067102654,0.3189917936694021
argn_original,1,20260920,direct,20261003,0,2,0.3211655796339154,0.3187403077657163
argn_original,1,20260920,direct,20261003,0,3,0.31694623202166194,0.3200285952579531
argn_original,1,20260920,direct,20261003,0,4,0.3152273528375044,0.3138468865341112
argn_original,1,20260920,direct,20261003,1,0,0.5511140235910879,0.5825049701789264
argn_original,1,20260920,direct,20261003,1,1,0.4623115577889447,0.4747039827771798
argn_original,1,20260920,direct,20261003,1,2,0.3472312703583062,0.32581967213114754
argn_original,1,20260920,direct,20261003,1,3,0.15579587698546807,0.166497461928934
argn_original,1,20260920,direct,20261003,1,4,0.07325383304940375,0.069
argn_original,1,20260921,raw,20261001,pooled,0,0.34249687970045123,0.026172893136403128
argn_original,1,20260921,raw,20261001,pooled,1,0.3282259844257385,0.026069739302606972
argn_original,1,20260921,raw,20261001,pooled,2,0.3236187583064363,0.0252514444682217
argn_original,1,20260921,raw,20261001,pooled,3,0.30169750629000924,0.027263267429760665
argn_original,1,20260921,raw,20261001,pooled,4,0.2925504727830309,0.027347405635853177
argn_original,1,20260921,raw,20261001,0,0,0.3198808426129513,0.026636133542244183
argn_original,1,20260921,raw,20261001,0,1,0.3141893067102654,0.024843192719222727
argn_original,1,20260921,raw,20261001,0,2,0.3211655796339154,0.025674865026994603
argn_original,1,20260921,raw,20261001,0,3,0.31694623202166194,0.027537922987164527
argn_original,1,20260921,raw,20261001,0,4,0.3152273528375044,0.027652435496933934
argn_original,1,20260921,raw,20261001,1,0,0.5511140235910879,0.024043715846994537
argn_original,1,20260921,raw,20261001,1,1,0.4623115577889447,0.03455497382198953
argn_original,1,20260921,raw,20261001,1,2,0.3472312703583062,0.021760633036597428
argn_original,1,20260921,raw,20261001,1,3,0.15579587698546807,0.02495201535508637
argn_original,1,20260921,raw,20261001,1,4,0.07325383304940375,0.024665981500513873
argn_original,1,20260921,raw,20261002,pooled,0,0.34249687970045123,0.022865043071360204
argn_original,1,20260921,raw,20261002,pooled,1,0.3282259844257385,0.022485335650662613
argn_original,1,20260921,raw,20261002,pooled,2,0.3236187583064363,0.0253324889170361
argn_original,1,20260921,raw,20261002,pooled,3,0.30169750629000924,0.023978779840848806
argn_original,1,20260921,raw,20261002,pooled,4,0.2925504727830309,0.024134985049124306
argn_original,1,20260921,raw,20261002,0,0,0.3198808426129513,0.02258409604184001
argn_original,1,20260921,raw,20261002,0,1,0.3141893067102654,0.021828765462042203
argn_original,1,20260921,raw,20261002,0,2,0.3211655796339154,0.025894538606403013
argn_original,1,20260921,raw,20261002,0,3,0.31694623202166194,0.02402935606060606
argn_original,1,20260921,raw,20261002,0,4,0.3152273528375044,0.02352800668816434
argn_original,1,20260921,raw,20261002,1,0,0.5511140235910879,0.025100401606425703
argn_original,1,20260921,raw,20261002,1,1,0.4623115577889447,0.029045643153526972
argn_original,1,20260921,raw,20261002,1,2,0.3472312703583062,0.01962809917355372
argn_original,1,20260921,raw,20261002,1,3,0.15579587698546807,0.0235655737704918
argn_original,1,20260921,raw,20261002,1,4,0.07325383304940375,0.029233870967741934
argn_original,1,20260921,raw,20261003,pooled,0,0.34249687970045123,0.0253619359611117
argn_original,1,20260921,raw,20261003,pooled,1,0.3282259844257385,0.024603431531239884
argn_original,1,20260921,raw,20261003,pooled,2,0.3236187583064363,0.025757896968412127
argn_original,1,20260921,raw,20261003,pooled,3,0.30169750629000924,0.025088075157467707
argn_original,1,20260921,raw,20261003,pooled,4,0.2925504727830309,0.023230917460657318
argn_original,1,20260921,raw,20261003,0,0,0.3198808426129513,0.025094696969696968
argn_original,1,20260921,raw,20261003,0,1,0.3141893067102654,0.024663137632338787
argn_original,1,20260921,raw,20261003,0,2,0.3211655796339154,0.025637982195845697
argn_original,1,20260921,raw,20261003,0,3,0.31694623202166194,0.024916943521594685
argn_original,1,20260921,raw,20261003,0,4,0.3152273528375044,0.023316991510223605
argn_original,1,20260921,raw,20261003,1,0,0.5511140235910879,0.026732673267326732
argn_original,1,20260921,raw,20261003,1,1,0.4623115577889447,0.02494802494802495
argn_original,1,20260921,raw,20261003,1,2,0.3472312703583062,0.026812313803376366
argn_original,1,20260921,raw,20261003,1,3,0.15579587698546807,0.027659574468085105
argn_original,1,20260921,raw,20261003,1,4,0.07325383304940375,0.021494370522006142
argn_original,1,20260921,level,20261001,pooled,0,0.34249687970045123,0.3391118245050829
argn_original,1,20260921,level,20261001,pooled,1,0.3282259844257385,0.34132249090520006
argn_original,1,20260921,level,20261001,pooled,2,0.3236187583064363,0.33744943581009157
argn_original,1,20260921,level,20261001,pooled,3,0.30169750629000924,0.3517619751002321
argn_original,1,20260921,level,20261001,pooled,4,0.2925504727830309,0.3468686217638844
argn_original,1,20260921,level,20261001,0,0,0.3198808426129513,0.3394966002624359
argn_original,1,20260921,level,20261001,0,1,0.3141893067102654,0.339995213020584
argn_original,1,20260921,level,20261001,0,2,0.3211655796339154,0.33747044917257685
argn_original,1,20260921,level,20261001,0,3,0.31694623202166194,0.3531231409875074
argn_original,1,20260921,level,20261001,0,4,0.3152273528375044,0.3456760630673674
argn_original,1,20260921,level,20261001,1,0,0.5511140235910879,0.3367983367983368
argn_original,1,20260921,level,20261001,1,1,0.4623115577889447,0.3528225806451613
argn_original,1,20260921,level,20261001,1,2,0.3472312703583062,0.3369098712446352
argn_original,1,20260921,level,20261001,1,3,0.15579587698546807,0.3401677539608574
argn_original,1,20260921,level,20261001,1,4,0.07325383304940375,0.3575240128068303
argn_original,1,20260921,level,20261002,pooled,0,0.34249687970045123,0.35340034217279725
argn_original,1,20260921,level,20261002,pooled,1,0.3282259844257385,0.3435562805872757
argn_original,1,20260921,level,20261002,pooled,2,0.3236187583064363,0.3463497453310696
argn_original,1,20260921,level,20261002,pooled,3,0.30169750629000924,0.3399789029535865
argn_original,1,20260921,level,20261002,pooled,4,0.2925504727830309,0.34040972295934613
argn_original,1,20260921,level,20261002,0,0,0.3198808426129513,0.35513018666032575
argn_original,1,20260921,level,20261002,0,1,0.3141893067102654,0.34397291742231895
argn_original,1,20260921,level,20261002,0,2,0.3211655796339154,0.34670316591287786
argn_original,1,20260921,level,20261002,0,3,0.31694623202166194,0.33967391304347827
argn_original,1,20260921,level,20261002,0,4,0.3152273528375044,0.33815851922164214
argn_original,1,20260921,level,20261002,1,0,0.5511140235910879,0.3379237288135593
argn_original,1,20260921,level,20261002,1,1,0.4623115577889447,0.3369098712446352
argn_original,1,20260921,level,20261002,1,2,0.3472312703583062,0.34619188921859545
argn_original,1,20260921,level,20261002,1,3,0.15579587698546807,0.34285714285714286
argn_original,1,20260921,level,20261002,1,4,0.07325383304940375,0.3591549295774648
argn_original,1,20260921,level,20261003,pooled,0,0.34249687970045123,0.34711548868925207
argn_original,1,20260921,level,20261003,pooled,1,0.3282259844257385,0.3488124400894664
argn_original,1,20260921,level,20261003,pooled,2,0.3236187583064363,0.3392117284606395
argn_original,1,20260921,level,20261003,pooled,3,0.30169750629000924,0.33813333333333334
argn_original,1,20260921,level,20261003,pooled,4,0.2925504727830309,0.3410532994923858
argn_original,1,20260921,level,20261003,0,0,0.3198808426129513,0.3470623864324652
argn_original,1,20260921,level,20261003,0,1,0.3141893067102654,0.3474355944221224
argn_original,1,20260921,level,20261003,0,2,0.3211655796339154,0.33912009512485136
argn_original,1,20260921,level,20261003,0,3,0.31694623202166194,0.33900726104035234
argn_original,1,20260921,level,20261003,0,4,0.3152273528375044,0.3388967803030303
argn_original,1,20260921,level,20261003,1,0,0.5511140235910879,0.34580384226491406
argn_original,1,20260921,level,20261003,1,1,0.4623115577889447,0.36
argn_original,1,20260921,level,20261003,1,2,0.3472312703583062,0.3436254980079681
argn_original,1,20260921,level,20261003,1,3,0.15579587698546807,0.3288659793814433
argn_original,1,20260921,level,20261003,1,4,0.07325383304940375,0.3601190476190476
argn_original,1,20260921,gap,20261001,pooled,0,0.34249687970045123,0.36177730192719487
argn_original,1,20260921,gap,20261001,pooled,1,0.3282259844257385,0.3521232217349449
argn_original,1,20260921,gap,20261001,pooled,2,0.3236187583064363,0.3365282215122471
argn_original,1,20260921,gap,20261001,pooled,3,0.30169750629000924,0.3350558953807214
argn_original,1,20260921,gap,20261001,pooled,4,0.2925504727830309,0.3225217484695521
argn_original,1,20260921,gap,20261001,0,0,0.3198808426129513,0.33727316141356256
argn_original,1,20260921,gap,20261001,0,1,0.3141893067102654,0.3393475923049349
argn_original,1,20260921,gap,20261001,0,2,0.3211655796339154,0.3370414201183432
argn_original,1,20260921,gap,20261001,0,3,0.31694623202166194,0.3560894386298763
argn_original,1,20260921,gap,20261001,0,4,0.3152273528375044,0.34742625104502567
argn_original,1,20260921,gap,20261001,1,0,0.5511140235910879,0.5736514522821576
argn_original,1,20260921,gap,20261001,1,1,0.4623115577889447,0.4619289340101523
argn_original,1,20260921,gap,20261001,1,2,0.3472312703583062,0.33083511777301927
argn_original,1,20260921,gap,20261001,1,3,0.15579587698546807,0.17116279069767443
argn_original,1,20260921,gap,20261001,1,4,0.07325383304940375,0.10021321961620469
argn_original,1,20260921,gap,20261002,pooled,0,0.34249687970045123,0.3723916532905297
argn_original,1,20260921,gap,20261002,pooled,1,0.3282259844257385,0.3571117877337973
argn_original,1,20260921,gap,20261002,pooled,2,0.3236187583064363,0.34699076531153805
argn_original,1,20260921,gap,20261002,pooled,3,0.30169750629000924,0.32482867685819716
argn_original,1,20260921,gap,20261002,pooled,4,0.2925504727830309,0.31225464190981433
argn_original,1,20260921,gap,20261002,0,0,0.3198808426129513,0.35283624687834464
argn_original,1,20260921,gap,20261002,0,1,0.3141893067102654,0.3424491771539206
argn_original,1,20260921,gap,20261002,0,2,0.3211655796339154,0.34479476502082096
argn_original,1,20260921,gap,20261002,0,3,0.31694623202166194,0.34176018901358535
argn_original,1,20260921,gap,20261002,0,4,0.3152273528375044,0.3392624214395826
argn_original,1,20260921,gap,20261002,1,0,0.5511140235910879,0.5505857294994675
argn_original,1,20260921,gap,20261002,1,1,0.4623115577889447,0.4823529411764706
argn_original,1,20260921,gap,20261002,1,2,0.3472312703583062,0.36633663366336633
argn_original,1,20260921,gap,20261002,1,3,0.15579587698546807,0.1844946025515211
argn_original,1,20260921,gap,20261002,1,4,0.07325383304940375,0.08257804632426989
argn_original,1,20260921,gap,20261003,pooled,0,0.34249687970045123,0.3686830429607185
argn_original,1,20260921,gap,20261003,pooled,1,0.3282259844257385,0.3628035790370686
argn_original,1,20260921,gap,20261003,pooled,2,0.3236187583064363,0.33974495217853345
argn_original,1,20260921,gap,20261003,pooled,3,0.30169750629000924,0.3255094420142964
argn_original,1,20260921,gap,20261003,pooled,4,0.2925504727830309,0.31363636363636366
argn_original,1,20260921,gap,20261003,0,0,0.3198808426129513,0.34331434113225845
argn_original,1,20260921,gap,20261003,0,1,0.3141893067102654,0.34727143869596033
argn_original,1,20260921,gap,20261003,0,2,0.3211655796339154,0.3382842205323194
argn_original,1,20260921,gap,20261003,0,3,0.31694623202166194,0.3416319237641453
argn_original,1,20260921,gap,20261003,0,4,0.3152273528375044,0.3418934911242604
argn_original,1,20260921,gap,20261003,1,0,0.5511140235910879,0.5793172690763052
argn_original,1,20260921,gap,20261003,1,1,0.4623115577889447,0.5032537960954447
argn_original,1,20260921,gap,20261003,1,2,0.3472312703583062,0.3525252525252525
argn_original,1,20260921,gap,20261003,1,3,0.15579587698546807,0.18833162743091095
argn_original,1,20260921,gap,20261003,1,4,0.07325383304940375,0.0771513353115727
argn_original,1,20260921,direct,20261001,pooled,0,0.34249687970045123,0.3321156119050177
argn_original,1,20260921,direct,20261001,pooled,1,0.3282259844257385,0.328660102739726
argn_original,1,20260921,direct,20261001,pooled,2,0.3236187583064363,0.3033205619412516
argn_original,1,20260921,direct,20261001,pooled,3,0.30169750629000924,0.30486907140603636
argn_original,1,20260921,direct,20261001,pooled,4,0.2925504727830309,0.2971232288535852
argn_original,1,20260921,direct,20261001,0,0,0.3198808426129513,0.3055555555555556
argn_original,1,20260921,direct,20261001,0,1,0.3141893067102654,0.3141624730409777
argn_original,1,20260921,direct,20261001,0,2,0.3211655796339154,0.30069764691971146
argn_original,1,20260921,direct,20261001,0,3,0.31694623202166194,0.32456452186277995
argn_original,1,20260921,direct,20261001,0,4,0.3152273528375044,0.32176091624910524
argn_original,1,20260921,direct,20261001,1,0,0.5511140235910879,0.559375
argn_original,1,20260921,direct,20261001,1,1,0.4623115577889447,0.45145145145145144
argn_original,1,20260921,direct,20261001,1,2,0.3472312703583062,0.3279742765273312
argn_original,1,20260921,direct,20261001,1,3,0.15579587698546807,0.15046728971962617
argn_original,1,20260921,direct,20261001,1,4,0.07325383304940375,0.07601713062098502
argn_original,1,20260921,direct,20261002,pooled,0,0.34249687970045123,0.34034109192320067
argn_original,1,20260921,direct,20261002,pooled,1,0.3282259844257385,0.3303142732431253
argn_original,1,20260921,direct,20261002,pooled,2,0.3236187583064363,0.31316348195329086
argn_original,1,20260921,direct,20261002,pooled,3,0.30169750629000924,0.3006212488154154
argn_original,1,20260921,direct,20261002,pooled,4,0.2925504727830309,0.28960709759188846
argn_original,1,20260921,direct,20261002,0,0,0.3198808426129513,0.31755870783168433
argn_original,1,20260921,direct,20261002,0,1,0.3141893067102654,0.31593640004854956
argn_original,1,20260921,direct,20261002,0,2,0.3211655796339154,0.3110793764131858
argn_original,1,20260921,direct,20261002,0,3,0.31694623202166194,0.3180691608639207
argn_original,1,20260921,direct,20261002,0,4,0.3152273528375044,0.3150377714825307
argn_original,1,20260921,direct,20261002,1,0,0.5511140235910879,0.5411764705882353
argn_original,1,20260921,direct,20261002,1,1,0.4623115577889447,0.46524064171123
argn_original,1,20260921,direct,20261002,1,2,0.3472312703583062,0.3257199602780536
argn_original,1,20260921,direct,20261002,1,3,0.15579587698546807,0.15670910871694418
argn_original,1,20260921,direct,20261002,1,4,0.07325383304940375,0.07314629258517034
argn_original,1,20260921,direct,20261003,pooled,0,0.34249687970045123,0.34049712362965373
argn_original,1,20260921,direct,20261003,pooled,1,0.3282259844257385,0.3328006817939704
argn_original,1,20260921,direct,20261003,pooled,2,0.3236187583064363,0.3144406635474266
argn_original,1,20260921,direct,20261003,pooled,3,0.30169750629000924,0.3038432875545619
argn_original,1,20260921,direct,20261003,pooled,4,0.2925504727830309,0.28939313984168863
argn_original,1,20260921,direct,20261003,0,0,0.3198808426129513,0.31283422459893045
argn_original,1,20260921,direct,20261003,0,1,0.3141893067102654,0.3172258979206049
argn_original,1,20260921,direct,20261003,0,2,0.3211655796339154,0.3122844571292663
argn_original,1,20260921,direct,20261003,0,3,0.31694623202166194,0.3210507547842624
argn_original,1,20260921,direct,20261003,0,4,0.3152273528375044,0.31552824391396833
argn_original,1,20260921,direct,20261003,1,0,0.5511140235910879,0.570273003033367
argn_original,1,20260921,direct,20261003,1,1,0.4623115577889447,0.4788273615635179
argn_original,1,20260921,direct,20261003,1,2,0.3472312703583062,0.3289738430583501
argn_original,1,20260921,direct,20261003,1,3,0.15579587698546807,0.15730337078651685
argn_original,1,20260921,direct,20261003,1,4,0.07325383304940375,0.07107601184600197
argn_continued,1,20260920,raw,20261001,pooled,0,0.34249687970045123,0.021569674319273893
argn_continued,1,20260920,raw,20261001,pooled,1,0.3282259844257385,0.01876876876876877
argn_continued,1,20260920,raw,20261001,pooled,2,0.3236187583064363,0.02122641509433962
argn_continued,1,20260920,raw,20261001,pooled,3,0.30169750629000924,0.017804154302670624
argn_continued,1,20260920,raw,20261001,pooled,4,0.2925504727830309,0.01889797218388364
argn_continued,1,20260920,raw,20261001,0,0,0.3198808426129513,0.021989777724949484
argn_continued,1,20260920,raw,20261001,0,1,0.3141893067102654,0.018075173569547524
argn_continued,1,20260920,raw,20261001,0,2,0.3211655796339154,0.021342553952545605
argn_continued,1,20260920,raw,20261001,0,3,0.31694623202166194,0.018288309825484104
argn_continued,1,20260920,raw,20261001,0,4,0.3152273528375044,0.01868495742667928
argn_continued,1,20260920,raw,20261001,1,0,0.5511140235910879,0.01780104712041885
argn_continued,1,20260920,raw,20261001,1,1,0.4623115577889447,0.024665981500513873
argn_continued,1,20260920,raw,20261001,1,2,0.3472312703583062,0.0202991452991453
argn_continued,1,20260920,raw,20261001,1,3,0.15579587698546807,0.014018691588785047
argn_continued,1,20260920,raw,20261001,1,4,0.07325383304940375,0.02079002079002079
argn_continued,1,20260920,raw,20261002,pooled,0,0.34249687970045123,0.019351408825093036
argn_continued,1,20260920,raw,20261002,pooled,1,0.3282259844257385,0.02216668477670325
argn_continued,1,20260920,raw,20261002,pooled,2,0.3236187583064363,0.022427299066423437
argn_continued,1,20260920,raw,20261002,pooled,3,0.30169750629000924,0.020939625850340135
argn_continued,1,20260920,raw,20261002,pooled,4,0.2925504727830309,0.017510747614553842
argn_continued,1,20260920,raw,20261002,0,0,0.3198808426129513,0.019744620477654292
argn_continued,1,20260920,raw,20261002,0,1,0.3141893067102654,0.022117476432197244
argn_continued,1,20260920,raw,20261002,0,2,0.3211655796339154,0.022516556291390728
argn_continued,1,20260920,raw,20261002,0,3,0.31694623202166194,0.02114767731971011
argn_continued,1,20260920,raw,20261002,0,4,0.3152273528375044,0.017836188688101384
argn_continued,1,20260920,raw,20261002,1,0,0.5511140235910879,0.015889830508474576
argn_continued,1,20260920,raw,20261002,1,1,0.4623115577889447,0.02258064516129032
argn_continued,1,20260920,raw,20261002,1,2,0.3472312703583062,0.02167487684729064
argn_continued,1,20260920,raw,20261002,1,3,0.15579587698546807,0.01917255297679112
argn_continued,1,20260920,raw,20261002,1,4,0.07325383304940375,0.014763779527559055
argn_continued,1,20260920,raw,20261003,pooled,0,0.34249687970045123,0.018570503131073203
argn_continued,1,20260920,raw,20261003,pooled,1,0.3282259844257385,0.020913358941527956
argn_continued,1,20260920,raw,20261003,pooled,2,0.3236187583064363,0.021436227224008574
argn_continued,1,20260920,raw,20261003,pooled,3,0.30169750629000924,0.019158728459809482
argn_continued,1,20260920,raw,20261003,pooled,4,0.2925504727830309,0.019968635650810244
argn_continued,1,20260920,raw,20261003,0,0,0.3198808426129513,0.01860802319961334
argn_continued,1,20260920,raw,20261003,0,1,0.3141893067102654,0.021090047393364928
argn_continued,1,20260920,raw,20261003,0,2,0.3211655796339154,0.021462829736211032
argn_continued,1,20260920,raw,20261003,0,3,0.31694623202166194,0.019706198495163023
argn_continued,1,20260920,raw,20261003,0,4,0.3152273528375044,0.020007020007020006
argn_continued,1,20260920,raw,20261003,1,0,0.5511140235910879,0.01818181818181818
argn_continued,1,20260920,raw,20261003,1,1,0.4623115577889447,0.01945945945945946
argn_continued,1,20260920,raw,20261003,1,2,0.3472312703583062,0.02125506072874494
argn_continued,1,20260920,raw,20261003,1,3,0.15579587698546807,0.014358974358974359
argn_continued,1,20260920,raw,20261003,1,4,0.07325383304940375,0.019646365422396856
argn_continued,1,20260920,level,20261001,pooled,0,0.34249687970045123,0.3408969851922872
argn_continued,1,20260920,level,20261001,pooled,1,0.3282259844257385,0.3427804616210413
argn_continued,1,20260920,level,20261001,pooled,2,0.3236187583064363,0.3339055793991416
argn_continued,1,20260920,level,20261001,pooled,3,0.30169750629000924,0.34124629080118696
argn_continued,1,20260920,level,20261001,pooled,4,0.2925504727830309,0.3434246866369237
argn_continued,1,20260920,level,20261001,0,0,0.3198808426129513,0.33890667615320763
argn_continued,1,20260920,level,20261001,0,1,0.3141893067102654,0.34152776112243677
argn_continued,1,20260920,level,20261001,0,2,0.3211655796339154,0.3353600381497377
argn_continued,1,20260920,level,20261001,0,3,0.31694623202166194,0.345169775227164
argn_continued,1,20260920,level,20261001,0,4,0.3152273528375044,0.34252247988641743
argn_continued,1,20260920,level,20261001,1,0,0.5511140235910879,0.3581932773109244
argn_continued,1,20260920,level,20261001,1,1,0.4623115577889447,0.35
argn_continued,1,20260920,level,20261001,1,2,0.3472312703583062,0.3247311827956989
argn_continued,1,20260920,level,20261001,1,3,0.15579587698546807,0.310634328358209
argn_continued,1,20260920,level,20261001,1,4,0.07325383304940375,0.35135135135135137
argn_continued,1,20260920,level,20261002,pooled,0,0.34249687970045123,0.34626833935785667
argn_continued,1,20260920,level,20261002,pooled,1,0.3282259844257385,0.3447826086956522
argn_continued,1,20260920,level,20261002,pooled,2,0.3236187583064363,0.3473503540012873
argn_continued,1,20260920,level,20261002,pooled,3,0.30169750629000924,0.3406220146481265
argn_continued,1,20260920,level,20261002,pooled,4,0.2925504727830309,0.3430641604536386
argn_continued,1,20260920,level,20261002,0,0,0.3198808426129513,0.3482375207002602
argn_continued,1,20260920,level,20261002,0,1,0.3141893067102654,0.3450568044476674
argn_continued,1,20260920,level,20261002,0,2,0.3211655796339154,0.3479778526721233
argn_continued,1,20260920,level,20261002,0,3,0.31694623202166194,0.3432640949554896
argn_continued,1,20260920,level,20261002,0,4,0.3152273528375044,0.33987081620669407
argn_continued,1,20260920,level,20261002,1,0,0.5511140235910879,0.3322784810126582
argn_continued,1,20260920,level,20261002,1,1,0.4623115577889447,0.3354769560557342
argn_continued,1,20260920,level,20261002,1,2,0.3472312703583062,0.3445212240868707
argn_continued,1,20260920,level,20261002,1,3,0.15579587698546807,0.3192346424974824
argn_continued,1,20260920,level,20261002,1,4,0.07325383304940375,0.36967294350842417
argn_continued,1,20260920,level,20261003,pooled,0,0.34249687970045123,0.35300475572849116
argn_continued,1,20260920,level,20261003,pooled,1,0.3282259844257385,0.3448864242294977
argn_continued,1,20260920,level,20261003,pooled,2,0.3236187583064363,0.344469429275083
argn_continued,1,20260920,level,20261003,pooled,3,0.30169750629000924,0.3456763698630137
argn_continued,1,20260920,level,20261003,pooled,4,0.2925504727830309,0.3455020920502092
argn_continued,1,20260920,level,20261003,0,0,0.3198808426129513,0.3524500907441016
argn_continued,1,20260920,level,20261003,0,1,0.3141893067102654,0.3443457667258733
argn_continued,1,20260920,level,20261003,0,2,0.3211655796339154,0.3446293857023111
argn_continued,1,20260920,level,20261003,0,3,0.31694623202166194,0.34727033807191493
argn_continued,1,20260920,level,20261003,0,4,0.3152273528375044,0.34527153558052437
argn_continued,1,20260920,level,20261003,1,0,0.5511140235910879,0.3591549295774648
argn_continued,1,20260920,level,20261003,1,1,0.4623115577889447,0.3485342019543974
argn_continued,1,20260920,level,20261003,1,2,0.3472312703583062,0.3410931174089069
argn_continued,1,20260920,level,20261003,1,3,0.15579587698546807,0.3336745138178096
argn_continued,1,20260920,level,20261003,1,4,0.07325383304940375,0.34744094488188976
argn_continued,1,20260920,gap,20261001,pooled,0,0.34249687970045123,0.3625226376904229
argn_continued,1,20260920,gap,20261001,pooled,1,0.3282259844257385,0.35465865178188066
argn_continued,1,20260920,gap,20261001,pooled,2,0.3236187583064363,0.3339055793991416
argn_continued,1,20260920,gap,20261001,pooled,3,0.30169750629000924,0.3279279279279279
argn_continued,1,20260920,gap,20261001,pooled,4,0.2925504727830309,0.31878053962183983
argn_continued,1,20260920,gap,20261001,0,0,0.3198808426129513,0.33815508655442256
argn_continued,1,20260920,gap,20261001,0,1,0.3141893067102654,0.34104808730063557
argn_continued,1,20260920,gap,20261001,0,2,0.3211655796339154,0.3331346130916895
argn_continued,1,20260920,gap,20261001,0,3,0.31694623202166194,0.34759741812096584
argn_continued,1,20260920,gap,20261001,0,4,0.3152273528375044,0.345207100591716
argn_continued,1,20260920,gap,20261001,1,0,0.5511140235910879,0.5741324921135647
argn_continued,1,20260920,gap,20261001,1,1,0.4623115577889447,0.47653061224489796
argn_continued,1,20260920,gap,20261001,1,2,0.3472312703583062,0.3386923901393355
argn_continued,1,20260920,gap,20261001,1,3,0.15579587698546807,0.17415730337078653
argn_continued,1,20260920,gap,20261001,1,4,0.07325383304940375,0.08713692946058091
argn_continued,1,20260920,gap,20261002,pooled,0,0.34249687970045123,0.36966925449324683
argn_continued,1,20260920,gap,20261002,pooled,1,0.3282259844257385,0.3576785132050864
argn_continued,1,20260920,gap,20261002,pooled,2,0.3236187583064363,0.351078673392723
argn_continued,1,20260920,gap,20261002,pooled,3,0.30169750629000924,0.32646996391424327
argn_continued,1,20260920,gap,20261002,pooled,4,0.2925504727830309,0.31577290376744677
argn_continued,1,20260920,gap,20261002,0,0,0.3198808426129513,0.34764100744945015
argn_continued,1,20260920,gap,20261002,0,1,0.3141893067102654,0.34211480362537766
argn_continued,1,20260920,gap,20261002,0,2,0.3211655796339154,0.34774753071549025
argn_continued,1,20260920,gap,20261002,0,3,0.31694623202166194,0.3452409209589366
argn_continued,1,20260920,gap,20261002,0,4,0.3152273528375044,0.3426491310474401
argn_continued,1,20260920,gap,20261002,1,0,0.5511140235910879,0.5667372881355932
argn_continued,1,20260920,gap,20261002,1,1,0.4623115577889447,0.49517684887459806
argn_continued,1,20260920,gap,20261002,1,2,0.3472312703583062,0.3792079207920792
argn_continued,1,20260920,gap,20261002,1,3,0.15579587698546807,0.1678391959798995
argn_continued,1,20260920,gap,20261002,1,4,0.07325383304940375,0.08974358974358974
argn_continued,1,20260920,gap,20261003,pooled,0,0.34249687970045123,0.3787960661407111
argn_continued,1,20260920,gap,20261003,pooled,1,0.3282259844257385,0.3579575738194222
argn_continued,1,20260920,gap,20261003,pooled,2,0.3236187583064363,0.34358260124276835
argn_continued,1,20260920,gap,20261003,pooled,3,0.30169750629000924,0.33176319451878816
argn_continued,1,20260920,gap,20261003,pooled,4,0.2925504727830309,0.3175781658475374
argn_continued,1,20260920,gap,20261003,0,0,0.3198808426129513,0.35156722739924967
argn_continued,1,20260920,gap,20261003,0,1,0.3141893067102654,0.34307692307692306
argn_continued,1,20260920,gap,20261003,0,2,0.3211655796339154,0.3425182700371391
argn_continued,1,20260920,gap,20261003,0,3,0.31694623202166194,0.34989845896547606
argn_continued,1,20260920,gap,20261003,0,4,0.3152273528375044,0.34628437682855473
argn_continued,1,20260920,gap,20261003,1,0,0.5511140235910879,0.6044176706827309
argn_continued,1,20260920,gap,20261003,1,1,0.4623115577889447,0.4946004319654428
argn_continued,1,20260920,gap,20261003,1,2,0.3472312703583062,0.35030549898167007
argn_continued,1,20260920,gap,20261003,1,3,0.15579587698546807,0.17761806981519507
argn_continued,1,20260920,gap,20261003,1,4,0.07325383304940375,0.07662082514734773
argn_continued,1,20260920,direct,20261001,pooled,0,0.34249687970045123,0.34129183542954594
argn_continued,1,20260920,direct,20261001,pooled,1,0.3282259844257385,0.3310810810810811
argn_continued,1,20260920,direct,20261001,pooled,2,0.3236187583064363,0.3092683973396267
argn_continued,1,20260920,direct,20261001,pooled,3,0.30169750629000924,0.301664722722935
argn_continued,1,20260920,direct,20261001,pooled,4,0.2925504727830309,0.299691915436099
argn_continued,1,20260920,direct,20261001,0,0,0.3198808426129513,0.31771821631878555
argn_continued,1,20260920,direct,20261001,0,1,0.3141893067102654,0.3164769322947873
argn_continued,1,20260920,direct,20261001,0,2,0.3211655796339154,0.3073071879842651
argn_continued,1,20260920,direct,20261001,0,3,0.31694623202166194,0.32085625448457306
argn_continued,1,20260920,direct,20261001,0,4,0.3152273528375044,0.32563920454545453
argn_continued,1,20260920,direct,20261001,1,0,0.5511140235910879,0.5515789473684211
argn_continued,1,20260920,direct,20261001,1,1,0.4623115577889447,0.4539877300613497
argn_continued,1,20260920,direct,20261001,1,2,0.3472312703583062,0.32727272727272727
argn_continued,1,20260920,direct,20261001,1,3,0.15579587698546807,0.15168539325842698
argn_continued,1,20260920,direct,20261001,1,4,0.07325383304940375,0.07253886010362694
argn_continued,1,20260920,direct,20261002,pooled,0,0.34249687970045123,0.3406792292132439
argn_continued,1,20260920,direct,20261002,pooled,1,0.3282259844257385,0.3315949587136028
argn_continued,1,20260920,direct,20261002,pooled,2,0.3236187583064363,0.3269623107484162
argn_continued,1,20260920,direct,20261002,pooled,3,0.30169750629000924,0.2965948870266257
argn_continued,1,20260920,direct,20261002,pooled,4,0.2925504727830309,0.2894598846355532
argn_continued,1,20260920,direct,20261002,0,0,0.3198808426129513,0.31782670454545453
argn_continued,1,20260920,direct,20261002,0,1,0.3141893067102654,0.31774232535653857
argn_continued,1,20260920,direct,20261002,0,2,0.3211655796339154,0.3250994095674178
argn_continued,1,20260920,direct,20261002,0,3,0.31694623202166194,0.31317443377208587
argn_continued,1,20260920,direct,20261002,0,4,0.3152273528375044,0.3153015724008449
argn_continued,1,20260920,direct,20261002,1,0,0.5511140235910879,0.5462274176408076
argn_continued,1,20260920,direct,20261002,1,1,0.4623115577889447,0.4551282051282051
argn_continued,1,20260920,direct,20261002,1,2,0.3472312703583062,0.3405725567620928
argn_continued,1,20260920,direct,20261002,1,3,0.15579587698546807,0.15524193548387097
argn_continued,1,20260920,direct,20261002,1,4,0.07325383304940375,0.07297830374753451
argn_continued,1,20260920,direct,20261003,pooled,0,0.34249687970045123,0.3438005827128521
argn_continued,1,20260920,direct,20261003,pooled,1,0.3282259844257385,0.3315935236472092
argn_continued,1,20260920,direct,20261003,pooled,2,0.3236187583064363,0.31598672234714636
argn_continued,1,20260920,direct,20261003,pooled,3,0.30169750629000924,0.30865652453396186
argn_continued,1,20260920,direct,20261003,pooled,4,0.2925504727830309,0.28918692372170995
argn_continued,1,20260920,direct,20261003,0,0,0.3198808426129513,0.31529354916646535
argn_continued,1,20260920,direct,20261003,0,1,0.3141893067102654,0.31615039016315916
argn_continued,1,20260920,direct,20261003,0,2,0.3211655796339154,0.3159976033553026
argn_continued,1,20260920,direct,20261003,0,3,0.31694623202166194,0.325364570882142
argn_continued,1,20260920,direct,20261003,0,4,0.3152273528375044,0.3152772892484465
argn_continued,1,20260920,direct,20261003,1,0,0.5511140235910879,0.5804828973843058
argn_continued,1,20260920,direct,20261003,1,1,0.4623115577889447,0.4761388286334056
argn_continued,1,20260920,direct,20261003,1,2,0.3472312703583062,0.31451612903225806
argn_continued,1,20260920,direct,20261003,1,3,0.15579587698546807,0.1644398766700925
argn_continued,1,20260920,direct,20261003,1,4,0.07325383304940375,0.06995073891625615
argn_continued,1,20260921,raw,20261001,pooled,0,0.34249687970045123,0.06713856713856714
argn_continued,1,20260921,raw,20261001,pooled,1,0.3282259844257385,0.06478511866581142
argn_continued,1,20260921,raw,20261001,pooled,2,0.3236187583064363,0.07035767830370529
argn_continued,1,20260921,raw,20261001,pooled,3,0.30169750629000924,0.06650582188188398
argn_continued,1,20260921,raw,20261001,pooled,4,0.2925504727830309,0.06693124530730452
argn_continued,1,20260921,raw,20261001,0,0,0.3198808426129513,0.06775617320768221
argn_continued,1,20260921,raw,20261001,0,1,0.3141893067102654,0.06355475763016158
argn_continued,1,20260921,raw,20261001,0,2,0.3211655796339154,0.0691419731048435
argn_continued,1,20260921,raw,20261001,0,3,0.31694623202166194,0.06651701323251417
argn_continued,1,20260921,raw,20261001,0,4,0.3152273528375044,0.06606140246087684
argn_continued,1,20260921,raw,20261001,1,0,0.5511140235910879,0.061375661375661375
argn_continued,1,20260921,raw,20261001,1,1,0.4623115577889447,0.07615230460921844
argn_continued,1,20260921,raw,20261001,1,2,0.3472312703583062,0.08047210300429185
argn_continued,1,20260921,raw,20261001,1,3,0.15579587698546807,0.06641721234798878
argn_continued,1,20260921,raw,20261001,1,4,0.07325383304940375,0.07457983193277311
argn_continued,1,20260921,raw,20261002,pooled,0,0.34249687970045123,0.07408993576017131
argn_continued,1,20260921,raw,20261002,pooled,1,0.3282259844257385,0.0690288430377012
argn_continued,1,20260921,raw,20261002,pooled,2,0.3236187583064363,0.06751863684771033
argn_continued,1,20260921,raw,20261002,pooled,3,0.30169750629000924,0.069052898321191
argn_continued,1,20260921,raw,20261002,pooled,4,0.2925504727830309,0.06522200977267899
argn_continued,1,20260921,raw,20261002,0,0,0.3198808426129513,0.07599001070281841
argn_continued,1,20260921,raw,20261002,0,1,0.3141893067102654,0.06918541691733847
argn_continued,1,20260921,raw,20261002,0,2,0.3211655796339154,0.06738223017292785
argn_continued,1,20260921,raw,20261002,0,3,0.31694623202166194,0.06952820148989003
argn_continued,1,20260921,raw,20261002,0,4,0.3152273528375044,0.06524839553125743
argn_continued,1,20260921,raw,20261002,1,0,0.5511140235910879,0.057754010695187166
argn_continued,1,20260921,raw,20261002,1,1,0.4623115577889447,0.06512605042016807
argn_continued,1,20260921,raw,20261002,1,2,0.3472312703583062,0.07021063189568706
argn_continued,1,20260921,raw,20261002,1,3,0.15579587698546807,0.06528189910979229
argn_continued,1,20260921,raw,20261002,1,4,0.07325383304940375,0.06493506493506493
argn_continued,1,20260921,raw,20261003,pooled,0,0.34249687970045123,0.06930907515702837
argn_continued,1,20260921,raw,20261003,pooled,1,0.3282259844257385,0.07045813586097946
argn_continued,1,20260921,raw,20261003,pooled,2,0.3236187583064363,0.06894350462815194
argn_continued,1,20260921,raw,20261003,pooled,3,0.30169750629000924,0.06647429731751629
argn_continued,1,20260921,raw,20261003,pooled,4,0.2925504727830309,0.06509001811015235
argn_continued,1,20260921,raw,20261003,0,0,0.3198808426129513,0.06792819019893255
argn_continued,1,20260921,raw,20261003,0,1,0.3141893067102654,0.06899777803765642
argn_continued,1,20260921,raw,20261003,0,2,0.3211655796339154,0.06941302536016192
argn_continued,1,20260921,raw,20261003,0,3,0.31694623202166194,0.06667461832061068
argn_continued,1,20260921,raw,20261003,0,4,0.3152273528375044,0.06501547987616099
argn_continued,1,20260921,raw,20261003,1,0,0.5511140235910879,0.08080808080808081
argn_continued,1,20260921,raw,20261003,1,1,0.4623115577889447,0.08456659619450317
argn_continued,1,20260921,raw,20261003,1,2,0.3472312703583062,0.064
argn_continued,1,20260921,raw,20261003,1,3,0.15579587698546807,0.06481481481481481
argn_continued,1,20260921,raw,20261003,1,4,0.07325383304940375,0.06578947368421052
argn_continued,1,20260921,level,20261001,pooled,0,0.34249687970045123,0.4465568229826785
argn_continued,1,20260921,level,20261001,pooled,1,0.3282259844257385,0.4445272572402044
argn_continued,1,20260921,level,20261001,pooled,2,0.3236187583064363,0.43876567020250723
argn_continued,1,20260921,level,20261001,pooled,3,0.30169750629000924,0.4398094229751191
argn_continued,1,20260921,level,20261001,pooled,4,0.2925504727830309,0.4315572882824345
argn_continued,1,20260921,level,20261001,0,0,0.3198808426129513,0.44894594276292543
argn_continued,1,20260921,level,20261001,0,1,0.3141893067102654,0.44566123080585646
argn_continued,1,20260921,level,20261001,0,2,0.3211655796339154,0.4395329441201001
argn_continued,1,20260921,level,20261001,0,3,0.31694623202166194,0.4425095419847328
argn_continued,1,20260921,level,20261001,0,4,0.3152273528375044,0.4309618394125436
argn_continued,1,20260921,level,20261001,1,0,0.5511140235910879,0.42346938775510207
argn_continued,1,20260921,level,20261001,1,1,0.4623115577889447,0.43951612903225806
argn_continued,1,20260921,level,20261001,1,2,0.3472312703583062,0.4299465240641711
argn_continued,1,20260921,level,20261001,1,3,0.15579587698546807,0.4184731385485391
argn_continued,1,20260921,level,20261001,1,4,0.07325383304940375,0.4364224137931034
argn_continued,1,20260921,level,20261002,pooled,0,0.34249687970045123,0.46083192567567566
argn_continued,1,20260921,level,20261002,pooled,1,0.3282259844257385,0.44886181468419367
argn_continued,1,20260921,level,20261002,pooled,2,0.3236187583064363,0.44275136817255073
argn_continued,1,20260921,level,20261002,pooled,3,0.30169750629000924,0.4400340534213047
argn_continued,1,20260921,level,20261002,pooled,4,0.2925504727830309,0.4483756834995175
argn_continued,1,20260921,level,20261002,0,0,0.3198808426129513,0.460679440460797
argn_continued,1,20260921,level,20261002,0,1,0.3141893067102654,0.4508333333333333
argn_continued,1,20260921,level,20261002,0,2,0.3211655796339154,0.44036036036036036
argn_continued,1,20260921,level,20261002,0,3,0.31694623202166194,0.44054279252469947
argn_continued,1,20260921,level,20261002,0,4,0.3152273528375044,0.4464820807862879
argn_continued,1,20260921,level,20261002,1,0,0.5511140235910879,0.4617768595041322
argn_continued,1,20260921,level,20261002,1,1,0.4623115577889447,0.43036649214659684
argn_continued,1,20260921,level,20261002,1,2,0.3472312703583062,0.46378269617706236
argn_continued,1,20260921,level,20261002,1,3,0.15579587698546807,0.43618090452261304
argn_continued,1,20260921,level,20261002,1,4,0.07325383304940375,0.4644308943089431
argn_continued,1,20260921,level,20261003,pooled,0,0.34249687970045123,0.462909595474437
argn_continued,1,20260921,level,20261003,pooled,1,0.3282259844257385,0.45351994986421557
argn_continued,1,20260921,level,20261003,pooled,2,0.3236187583064363,0.4466538379302972
argn_continued,1,20260921,level,20261003,pooled,3,0.30169750629000924,0.44055041926467425
argn_continued,1,20260921,level,20261003,pooled,4,0.2925504727830309,0.4355656206190014
argn_continued,1,20260921,level,20261003,0,0,0.3198808426129513,0.46367980884109916
argn_continued,1,20260921,level,20261003,0,1,0.3141893067102654,0.45471392170488767
argn_continued,1,20260921,level,20261003,0,2,0.3211655796339154,0.4466228332337119
argn_continued,1,20260921,level,20261003,0,3,0.31694623202166194,0.4412542047092744
argn_continued,1,20260921,level,20261003,0,4,0.3152273528375044,0.43800555354340215
argn_continued,1,20260921,level,20261003,1,0,0.5511140235910879,0.45645645645645644
argn_continued,1,20260921,level,20261003,1,1,0.4623115577889447,0.440552016985138
argn_continued,1,20260921,level,20261003,1,2,0.3472312703583062,0.4493927125506073
argn_continued,1,20260921,level,20261003,1,3,0.15579587698546807,0.43398157625383826
argn_continued,1,20260921,level,20261003,1,4,0.07325383304940375,0.41515151515151516
argn_continued,1,20260921,gap,20261001,pooled,0,0.34249687970045123,0.4594053142134121
argn_continued,1,20260921,gap,20261001,pooled,1,0.3282259844257385,0.4504686834256498
argn_continued,1,20260921,gap,20261001,pooled,2,0.3236187583064363,0.4353092507235502
argn_continued,1,20260921,gap,20261001,pooled,3,0.30169750629000924,0.4290254237288136
argn_continued,1,20260921,gap,20261001,pooled,4,0.2925504727830309,0.4053731990033583
argn_continued,1,20260921,gap,20261001,0,0,0.3198808426129513,0.44579021636876764
argn_continued,1,20260921,gap,20261001,0,1,0.3141893067102654,0.4419158822828548
argn_continued,1,20260921,gap,20261001,0,2,0.3211655796339154,0.437574457946152
argn_continued,1,20260921,gap,20261001,0,3,0.31694623202166194,0.44883110687022904
argn_continued,1,20260921,gap,20261001,0,4,0.3152273528375044,0.4350078303818817
argn_continued,1,20260921,gap,20261001,1,0,0.5511140235910879,0.5782520325203252
argn_continued,1,20260921,gap,20261001,1,1,0.4623115577889447,0.521608040201005
argn_continued,1,20260921,gap,20261001,1,2,0.3472312703583062,0.41568206229860366
argn_continued,1,20260921,gap,20261001,1,3,0.15579587698546807,0.26988636363636365
argn_continued,1,20260921,gap,20261001,1,4,0.07325383304940375,0.14193548387096774
argn_continued,1,20260921,gap,20261002,pooled,0,0.34249687970045123,0.46913971676178395
argn_continued,1,20260921,gap,20261002,pooled,1,0.3282259844257385,0.4550609886582495
argn_continued,1,20260921,gap,20261002,pooled,2,0.3236187583064363,0.4359249329758713
argn_continued,1,20260921,gap,20261002,pooled,3,0.30169750629000924,0.42434875066454014
argn_continued,1,20260921,gap,20261002,pooled,4,0.2925504727830309,0.41707735161774157
argn_continued,1,20260921,gap,20261002,0,0,0.3198808426129513,0.45245940221228526
argn_continued,1,20260921,gap,20261002,0,1,0.3141893067102654,0.4468794664125774
argn_continued,1,20260921,gap,20261002,0,2,0.3211655796339154,0.43744742218483357
argn_continued,1,20260921,gap,20261002,0,3,0.31694623202166194,0.4434534427399215
argn_continued,1,20260921,gap,20261002,0,4,0.3152273528375044,0.4491139846743295
argn_continued,1,20260921,gap,20261002,1,0,0.5511140235910879,0.6164241164241164
argn_continued,1,20260921,gap,20261002,1,1,0.4623115577889447,0.5276907001044933
argn_continued,1,20260921,gap,20261002,1,2,0.3472312703583062,0.4225774225774226
argn_continued,1,20260921,gap,20261002,1,3,0.15579587698546807,0.2625754527162978
argn_continued,1,20260921,gap,20261002,1,4,0.07325383304940375,0.1446028513238289
argn_continued,1,20260921,gap,20261003,pooled,0,0.34249687970045123,0.4717101758124667
argn_continued,1,20260921,gap,20261003,pooled,1,0.3282259844257385,0.4625821939254775
argn_continued,1,20260921,gap,20261003,pooled,2,0.3236187583064363,0.43866966099882365
argn_continued,1,20260921,gap,20261003,pooled,3,0.30169750629000924,0.42583423035522067
argn_continued,1,20260921,gap,20261003,pooled,4,0.2925504727830309,0.40852671343766866
argn_continued,1,20260921,gap,20261003,0,0,0.3198808426129513,0.4538066212501494
argn_continued,1,20260921,gap,20261003,0,1,0.3141893067102654,0.45327156919513606
argn_continued,1,20260921,gap,20261003,0,2,0.3211655796339154,0.44092700991518335
argn_continued,1,20260921,gap,20261003,0,3,0.31694623202166194,0.4434166266218164
argn_continued,1,20260921,gap,20261003,0,4,0.3152273528375044,0.4409952892861457
argn_continued,1,20260921,gap,20261003,1,0,0.5511140235910879,0.6184857423795477
argn_continued,1,20260921,gap,20261003,1,1,0.4623115577889447,0.5497881355932204
argn_continued,1,20260921,gap,20261003,1,2,0.3472312703583062,0.41810783316378436
argn_continued,1,20260921,gap,20261003,1,3,0.15579587698546807,0.27461139896373055
argn_continued,1,20260921,gap,20261003,1,4,0.07325383304940375,0.13576494427558258
argn_continued,1,20260921,direct,20261001,pooled,0,0.34249687970045123,0.33640309092833703
argn_continued,1,20260921,direct,20261001,pooled,1,0.3282259844257385,0.32659574468085106
argn_continued,1,20260921,direct,20261001,pooled,2,0.3236187583064363,0.30674649844969526
argn_continued,1,20260921,direct,20261001,pooled,3,0.30169750629000924,0.305854998943141
argn_continued,1,20260921,direct,20261001,pooled,4,0.2925504727830309,0.29728555917481
argn_continued,1,20260921,direct,20261001,0,0,0.3198808426129513,0.31416765053128687
argn_continued,1,20260921,direct,20261001,0,1,0.3141893067102654,0.31159247798143297
argn_continued,1,20260921,direct,20261001,0,2,0.3211655796339154,0.30622180004749466
argn_continued,1,20260921,direct,20261001,0,3,0.31694623202166194,0.32682694596524636
argn_continued,1,20260921,direct,20261001,0,4,0.3152273528375044,0.32318840579710145
argn_continued,1,20260921,direct,20261001,1,0,0.5511140235910879,0.525940996948118
argn_continued,1,20260921,direct,20261001,1,1,0.4623115577889447,0.45536609829488467
argn_continued,1,20260921,direct,20261001,1,2,0.3472312703583062,0.31101511879049676
argn_continued,1,20260921,direct,20261001,1,3,0.15579587698546807,0.13949104618284638
argn_continued,1,20260921,direct,20261001,1,4,0.07325383304940375,0.06673842841765339
argn_continued,1,20260921,direct,20261002,pooled,0,0.34249687970045123,0.34139870529555344
argn_continued,1,20260921,direct,20261002,pooled,1,0.3282259844257385,0.3309421841541756
argn_continued,1,20260921,direct,20261002,pooled,2,0.3236187583064363,0.3108310190130314
argn_continued,1,20260921,direct,20261002,pooled,3,0.30169750629000924,0.2996397541852087
argn_continued,1,20260921,direct,20261002,pooled,4,0.2925504727830309,0.29326458266194005
argn_continued,1,20260921,direct,20261002,0,0,0.3198808426129513,0.31692053371118195
argn_continued,1,20260921,direct,20261002,0,1,0.3141893067102654,0.3173638422118937
argn_continued,1,20260921,direct,20261002,0,2,0.3211655796339154,0.30946965162217166
argn_continued,1,20260921,direct,20261002,0,3,0.31694623202166194,0.3180685727844347
argn_continued,1,20260921,direct,20261002,0,4,0.3152273528375044,0.31941444684425246
argn_continued,1,20260921,direct,20261002,1,0,0.5511140235910879,0.5590386624869383
argn_continued,1,20260921,direct,20261002,1,1,0.4623115577889447,0.4492146596858639
argn_continued,1,20260921,direct,20261002,1,2,0.3472312703583062,0.32167832167832167
argn_continued,1,20260921,direct,20261002,1,3,0.15579587698546807,0.14583333333333334
argn_continued,1,20260921,direct,20261002,1,4,0.07325383304940375,0.06974358974358974
argn_continued,1,20260921,direct,20261003,pooled,0,0.34249687970045123,0.341268146883006
argn_continued,1,20260921,direct,20261003,pooled,1,0.3282259844257385,0.3371104815864023
argn_continued,1,20260921,direct,20261003,pooled,2,0.3236187583064363,0.31171458998935037
argn_continued,1,20260921,direct,20261003,pooled,3,0.30169750629000924,0.30896581380348315
argn_continued,1,20260921,direct,20261003,pooled,4,0.2925504727830309,0.2894084689149876
argn_continued,1,20260921,direct,20261003,0,0,0.3198808426129513,0.31646326872457525
argn_continued,1,20260921,direct,20261003,0,1,0.3141893067102654,0.3204053109713487
argn_continued,1,20260921,direct,20261003,0,2,0.3211655796339154,0.31035714285714283
argn_continued,1,20260921,direct,20261003,0,3,0.31694623202166194,0.32673148481574843
argn_continued,1,20260921,direct,20261003,0,4,0.3152273528375044,0.31646789543428505
argn_continued,1,20260921,direct,20261003,1,0,0.5511140235910879,0.5449160908193484
argn_continued,1,20260921,direct,20261003,1,1,0.4623115577889447,0.48994708994708996
argn_continued,1,20260921,direct,20261003,1,2,0.3472312703583062,0.3228744939271255
argn_continued,1,20260921,direct,20261003,1,3,0.15579587698546807,0.15670103092783505
argn_continued,1,20260921,direct,20261003,1,4,0.07325383304940375,0.06020408163265306
U,1,0,raw,20261001,pooled,0,0.34249687970045123,0.3319864584470897
U,1,0,raw,20261001,pooled,1,0.3282259844257385,0.3311029570472696
U,1,0,raw,20261001,pooled,2,0.3236187583064363,0.31096408317580343
U,1,0,raw,20261001,pooled,3,0.30169750629000924,0.28407954671703145
U,1,0,raw,20261001,pooled,4,0.2925504727830309,0.29251240414975194
U,1,0,raw,20261001,0,0,0.3198808426129513,0.31545741324921134
U,1,0,raw,20261001,0,1,0.3141893067102654,0.31662237255375697
U,1,0,raw,20261001,0,2,0.3211655796339154,0.3089148510683086
U,1,0,raw,20261001,0,3,0.31694623202166194,0.30121981578292256
U,1,0,raw,20261001,0,4,0.3152273528375044,0.3156167150612296
U,1,0,raw,20261001,1,0,0.5511140235910879,0.4808743169398907
U,1,0,raw,20261001,1,1,0.4623115577889447,0.4524291497975709
U,1,0,raw,20261001,1,2,0.3472312703583062,0.3290083410565338
U,1,0,raw,20261001,1,3,0.15579587698546807,0.14167528438469493
U,1,0,raw,20261001,1,4,0.07325383304940375,0.09926082365364308
U,1,0,raw,20261002,pooled,0,0.34249687970045123,0.3507577421480343
U,1,0,raw,20261002,pooled,1,0.3282259844257385,0.33683640303358614
U,1,0,raw,20261002,pooled,2,0.3236187583064363,0.32557479420948054
U,1,0,raw,20261002,pooled,3,0.30169750629000924,0.30318624767327274
U,1,0,raw,20261002,pooled,4,0.2925504727830309,0.2882046637989586
U,1,0,raw,20261002,0,0,0.3198808426129513,0.33386522646372896
U,1,0,raw,20261002,0,1,0.3141893067102654,0.3252228378703927
U,1,0,raw,20261002,0,2,0.3211655796339154,0.3285849952516619
U,1,0,raw,20261002,0,3,0.31694623202166194,0.31977456505758395
U,1,0,raw,20261002,0,4,0.3152273528375044,0.3112322515212982
U,1,0,raw,20261002,1,0,0.5511140235910879,0.4942648592283629
U,1,0,raw,20261002,1,1,0.4623115577889447,0.44073275862068967
U,1,0,raw,20261002,1,2,0.3472312703583062,0.29945054945054944
U,1,0,raw,20261002,1,3,0.15579587698546807,0.16374871266735325
U,1,0,raw,20261002,1,4,0.07325383304940375,0.09619450317124736
U,1,0,raw,20261003,pooled,0,0.34249687970045123,0.3354249229414355
U,1,0,raw,20261003,pooled,1,0.3282259844257385,0.3351206434316354
U,1,0,raw,20261003,pooled,2,0.3236187583064363,0.3174151980291832
U,1,0,raw,20261003,pooled,3,0.30169750629000924,0.2960738516294072
U,1,0,raw,20261003,pooled,4,0.2925504727830309,0.27864992150706436
U,1,0,raw,20261003,0,0,0.3198808426129513,0.3170912688597576
U,1,0,raw,20261003,0,1,0.3141893067102654,0.3261756238003839
U,1,0,raw,20261003,0,2,0.3211655796339154,0.3164770332911926
U,1,0,raw,20261003,0,3,0.31694623202166194,0.30932046045302636
U,1,0,raw,20261003,0,4,0.3152273528375044,0.29988726042841035
U,1,0,raw,20261003,1,0,0.5511140235910879,0.48396793587174347
U,1,0,raw,20261003,1,1,0.4623115577889447,0.41051567239635994
U,1,0,raw,20261003,1,2,0.3472312703583062,0.3258003766478343
U,1,0,raw,20261003,1,3,0.15579587698546807,0.1787280701754386
U,1,0,raw,20261003,1,4,0.07325383304940375,0.09732620320855614
U,1,0,level,20261001,pooled,0,0.34249687970045123,0.33413356612832823
U,1,0,level,20261001,pooled,1,0.3282259844257385,0.33326136240958654
U,1,0,level,20261001,pooled,2,0.3236187583064363,0.31342155009451794
U,1,0,level,20261001,pooled,3,0.30169750629000924,0.28765143936867843
U,1,0,level,20261001,pooled,4,0.2925504727830309,0.2946549391069012
U,1,0,level,20261001,0,0,0.3198808426129513,0.3183416171657171
U,1,0,level,20261001,0,1,0.3141893067102654,0.31939577039274925
U,1,0,level,20261001,0,2,0.3211655796339154,0.311651405115251
U,1,0,level,20261001,0,3,0.31694623202166194,0.30523038605230385
U,1,0,level,20261001,0,4,0.3152273528375044,0.31814164878171947
U,1,0,level,20261001,1,0,0.5511140235910879,0.47650273224043715
U,1,0,level,20261001,1,1,0.4623115577889447,0.4493927125506073
U,1,0,level,20261001,1,2,0.3472312703583062,0.3290083410565338
U,1,0,level,20261001,1,3,0.15579587698546807,0.14167528438469493
U,1,0,level,20261001,1,4,0.07325383304940375,0.09820485744456177
U,1,0,level,20261002,pooled,0,0.34249687970045123,0.3530057042562527
U,1,0,level,20261002,pooled,1,0.3282259844257385,0.3388581952117864
U,1,0,level,20261002,pooled,2,0.3236187583064363,0.3283794017417645
U,1,0,level,20261002,pooled,3,0.30169750629000924,0.30489541123644726
U,1,0,level,20261002,pooled,4,0.2925504727830309,0.2886749716874292
U,1,0,level,20261002,0,0,0.3198808426129513,0.3366021083598921
U,1,0,level,20261002,0,1,0.3141893067102654,0.32811559301625526
U,1,0,level,20261002,0,2,0.3211655796339154,0.33164396579030725
U,1,0,level,20261002,0,3,0.31694623202166194,0.32218137254901963
U,1,0,level,20261002,0,4,0.3152273528375044,0.3122303983760467
U,1,0,level,20261002,1,0,0.5511140235910879,0.49269311064718163
U,1,0,level,20261002,1,1,0.4623115577889447,0.4352051835853132
U,1,0,level,20261002,1,2,0.3472312703583062,0.3000914913083257
U,1,0,level,20261002,1,3,0.15579587698546807,0.1596292481977343
U,1,0,level,20261002,1,4,0.07325383304940375,0.09282700421940929
U,1,0,level,20261003,pooled,0,0.34249687970045123,0.3363055922501101
U,1,0,level,20261003,pooled,1,0.3282259844257385,0.3368703108252947
U,1,0,level,20261003,pooled,2,0.3236187583064363,0.31889278604607074
U,1,0,level,20261003,pooled,3,0.30169750629000924,0.297630964297631
U,1,0,level,20261003,pooled,4,0.2925504727830309,0.27965911639381025
U,1,0,level,20261003,0,0,0.3198808426129513,0.31898577612863327
U,1,0,level,20261003,0,1,0.3141893067102654,0.3283761093787479
U,1,0,level,20261003,0,2,0.3211655796339154,0.318790178100959
U,1,0,level,20261003,0,3,0.31694623202166194,0.3111771258819161
U,1,0,level,20261003,0,4,0.3152273528375044,0.30093926111458985
U,1,0,level,20261003,1,0,0.5511140235910879,0.47647647647647645
U,1,0,level,20261003,1,1,0.4623115577889447,0.40826612903225806
U,1,0,level,20261003,1,2,0.3472312703583062,0.31981132075471697
U,1,0,level,20261003,1,3,0.15579587698546807,0.17763157894736842
U,1,0,level,20261003,1,4,0.07325383304940375,0.09753483386923902
U,1,0,gap,20261001,pooled,0,0.34249687970045123,0.3336606655755592
U,1,0,gap,20261001,pooled,1,0.3282259844257385,0.33236183074265974
U,1,0,gap,20261001,pooled,2,0.3236187583064363,0.3130730692882125
U,1,0,gap,20261001,pooled,3,0.30169750629000924,0.28846153846153844
U,1,0,gap,20261001,pooled,4,0.2925504727830309,0.2931889941362201
U,1,0,gap,20261001,0,0,0.3198808426129513,0.31688689538125836
U,1,0,gap,20261001,0,1,0.3141893067102654,0.31863218946350896
U,1,0,gap,20261001,0,2,0.3211655796339154,0.31130288360345193
U,1,0,gap,20261001,0,3,0.31694623202166194,0.305891144600822
U,1,0,gap,20261001,0,4,0.3152273528375044,0.31792929292929295
U,1,0,gap,20261001,1,0,0.5511140235910879,0.4847161572052402
U,1,0,gap,20261001,1,1,0.4623115577889447,0.4473684210526316
U,1,0,gap,20261001,1,2,0.3472312703583062,0.3286908077994429
U,1,0,gap,20261001,1,3,0.15579587698546807,0.1437435367114788
U,1,0,gap,20261001,1,4,0.07325383304940375,0.08649789029535865
U,1,0,gap,20261002,pooled,0,0.34249687970045123,0.3534444931987714
U,1,0,gap,20261002,pooled,1,0.3282259844257385,0.338209796272215
U,1,0,gap,20261002,pooled,2,0.3236187583064363,0.328444360333081
U,1,0,gap,20261002,pooled,3,0.30169750629000924,0.30592357385306035
U,1,0,gap,20261002,pooled,4,0.2925504727830309,0.28798006117593744
U,1,0,gap,20261002,0,0,0.3198808426129513,0.33566262106166483
U,1,0,gap,20261002,0,1,0.3141893067102654,0.32811559301625526
U,1,0,gap,20261002,0,2,0.3211655796339154,0.3317495512617464
U,1,0,gap,20261002,0,3,0.31694623202166194,0.32296005880911544
U,1,0,gap,20261002,0,4,0.3152273528375044,0.31252379139703085
U,1,0,gap,20261002,1,0,0.5511140235910879,0.5046923879040668
U,1,0,gap,20261002,1,1,0.4623115577889447,0.42903575297941493
U,1,0,gap,20261002,1,2,0.3472312703583062,0.2999088422971741
U,1,0,gap,20261002,1,3,0.15579587698546807,0.1627188465499485
U,1,0,gap,20261002,1,4,0.07325383304940375,0.08350951374207188
U,1,0,gap,20261003,pooled,0,0.34249687970045123,0.3373706232107465
U,1,0,gap,20261003,pooled,1,0.3282259844257385,0.3367281303602058
U,1,0,gap,20261003,pooled,2,0.3236187583064363,0.319404964942202
U,1,0,gap,20261003,pooled,3,0.30169750629000924,0.2987764182424917
U,1,0,gap,20261003,pooled,4,0.2925504727830309,0.2784256559766764
U,1,0,gap,20261003,0,0,0.3198808426129513,0.3177882236516576
U,1,0,gap,20261003,0,1,0.3141893067102654,0.328256176541137
U,1,0,gap,20261003,0,2,0.3211655796339154,0.319249815614793
U,1,0,gap,20261003,0,3,0.31694623202166194,0.3121673474439906
U,1,0,gap,20261003,0,4,0.3152273528375044,0.30097695390781565
U,1,0,gap,20261003,1,0,0.5511140235910879,0.49599198396793587
U,1,0,gap,20261003,1,1,0.4623115577889447,0.4080808080808081
U,1,0,gap,20261003,1,2,0.3472312703583062,0.32079021636876764
U,1,0,gap,20261003,1,3,0.15579587698546807,0.1800219538968167
U,1,0,gap,20261003,1,4,0.07325383304940375,0.08565310492505353
U,1,0,direct,20261001,pooled,0,0.34249687970045123,0.3435717419921018
U,1,0,direct,20261001,pooled,1,0.3282259844257385,0.32682347863616745
U,1,0,direct,20261001,pooled,2,0.3236187583064363,0.31643654246264424
U,1,0,direct,20261001,pooled,3,0.30169750629000924,0.3007502206531333
U,1,0,direct,20261001,pooled,4,0.2925504727830309,0.2865536723163842
U,1,0,direct,20261001,0,0,0.3198808426129513,0.31747774118794975
U,1,0,direct,20261001,0,1,0.3141893067102654,0.3094002654760468
U,1,0,direct,20261001,0,2,0.3211655796339154,0.31319086219602066
U,1,0,direct,20261001,0,3,0.31694623202166194,0.3189122373300371
U,1,0,direct,20261001,0,4,0.3152273528375044,0.31185925832173145
U,1,0,direct,20261001,1,0,0.5511140235910879,0.5768811341330425
U,1,0,direct,20261001,1,1,0.4623115577889447,0.4740061162079511
U,1,0,direct,20261001,1,2,0.3472312703583062,0.34511627906976744
U,1,0,direct,20261001,1,3,0.15579587698546807,0.14989733059548255
U,1,0,direct,20261001,1,4,0.07325383304940375,0.07586933614330875
U,1,0,direct,20261002,pooled,0,0.34249687970045123,0.34360943499725727
U,1,0,direct,20261002,pooled,1,0.3282259844257385,0.3347746189601124
U,1,0,direct,20261002,pooled,2,0.3236187583064363,0.3256056018168054
U,1,0,direct,20261002,pooled,3,0.30169750629000924,0.3043952448467663
U,1,0,direct,20261002,pooled,4,0.2925504727830309,0.29227962139354546
U,1,0,direct,20261002,0,0,0.3198808426129513,0.3189845474613687
U,1,0,direct,20261002,0,1,0.3141893067102654,0.3181162902450745
U,1,0,direct,20261002,0,2,0.3211655796339154,0.32432717678100265
U,1,0,direct,20261002,0,3,0.31694623202166194,0.320692598463602
U,1,0,direct,20261002,0,4,0.3152273528375044,0.3187164408079775
U,1,0,direct,20261002,1,0,0.5511140235910879,0.5525494276795005
U,1,0,direct,20261002,1,1,0.4623115577889447,0.4843581445523193
U,1,0,direct,20261002,1,2,0.3472312703583062,0.3366880146386093
U,1,0,direct,20261002,1,3,0.15579587698546807,0.16632231404958678
U,1,0,direct,20261002,1,4,0.07325383304940375,0.07391763463569166
U,1,0,direct,20261003,pooled,0,0.34249687970045123,0.3343234323432343
U,1,0,direct,20261003,pooled,1,0.3282259844257385,0.3390031219722252
U,1,0,direct,20261003,pooled,2,0.3236187583064363,0.32163466086462966
U,1,0,direct,20261003,pooled,3,0.30169750629000924,0.3103948248940442
U,1,0,direct,20261003,pooled,4,0.2925504727830309,0.28238052702099153
U,1,0,direct,20261003,0,0,0.3198808426129513,0.3078254419582149
U,1,0,direct,20261003,0,1,0.3141893067102654,0.3247832369942196
U,1,0,direct,20261003,0,2,0.3211655796339154,0.32047103354011147
U,1,0,direct,20261003,0,3,0.31694623202166194,0.3258873169520973
U,1,0,direct,20261003,0,4,0.3152273528375044,0.30534065385575243
U,1,0,direct,20261003,1,0,0.5511140235910879,0.5484515484515484
U,1,0,direct,20261003,1,1,0.4623115577889447,0.4588832487309645
U,1,0,direct,20261003,1,2,0.3472312703583062,0.3320754716981132
U,1,0,direct,20261003,1,3,0.15579587698546807,0.17290748898678415
U,1,0,direct,20261003,1,4,0.07325383304940375,0.0870488322717622
U,1,1,raw,20261001,pooled,0,0.34249687970045123,0.33303370786516856
U,1,1,raw,20261001,pooled,1,0.3282259844257385,0.3281128512717983
U,1,1,raw,20261001,pooled,2,0.3236187583064363,0.31440798858773183
U,1,1,raw,20261001,pooled,3,0.30169750629000924,0.2823848238482385
U,1,1,raw,20261001,pooled,4,0.2925504727830309,0.2854047025679922
U,1,1,raw,20261001,0,0,0.3198808426129513,0.3174722118146622
U,1,1,raw,20261001,0,1,0.3141893067102654,0.3148539465506526
U,1,1,raw,20261001,0,2,0.3211655796339154,0.3133743111487919
U,1,1,raw,20261001,0,3,0.31694623202166194,0.299587278465647
U,1,1,raw,20261001,0,4,0.3152273528375044,0.30606060606060603
U,1,1,raw,20261001,1,0,0.5511140235910879,0.47256438969764836
U,1,1,raw,20261001,1,1,0.4623115577889447,0.4394572025052192
U,1,1,raw,20261001,1,2,0.3472312703583062,0.32344763670064874
U,1,1,raw,20261001,1,3,0.15579587698546807,0.13880445795339413
U,1,1,raw,20261001,1,4,0.07325383304940375,0.11133810010214505
U,1,1,raw,20261002,pooled,0,0.34249687970045123,0.33929374718848404
U,1,1,raw,20261002,pooled,1,0.3282259844257385,0.337387035590762
U,1,1,raw,20261002,pooled,2,0.3236187583064363,0.3193189384571483
U,1,1,raw,20261002,pooled,3,0.30169750629000924,0.2996351148315089
U,1,1,raw,20261002,pooled,4,0.2925504727830309,0.28630524711517524
U,1,1,raw,20261002,0,0,0.3198808426129513,0.3220445675437492
U,1,1,raw,20261002,0,1,0.3141893067102654,0.3258496650955098
U,1,1,raw,20261002,0,2,0.3211655796339154,0.31833138732618615
U,1,1,raw,20261002,0,3,0.31694623202166194,0.3174298729321506
U,1,1,raw,20261002,0,4,0.3152273528375044,0.30567738791423
U,1,1,raw,20261002,1,0,0.5511140235910879,0.48366701791359323
U,1,1,raw,20261002,1,1,0.4623115577889447,0.4406215316315205
U,1,1,raw,20261002,1,2,0.3472312703583062,0.32783882783882784
U,1,1,raw,20261002,1,3,0.15579587698546807,0.14754098360655737
U,1,1,raw,20261002,1,4,0.07325383304940375,0.12372188139059305
U,1,1,raw,20261003,pooled,0,0.34249687970045123,0.3372040072859745
U,1,1,raw,20261003,pooled,1,0.3282259844257385,0.3319262386136414
U,1,1,raw,20261003,pooled,2,0.3236187583064363,0.3121049155580715
U,1,1,raw,20261003,pooled,3,0.30169750629000924,0.2844177145981411
U,1,1,raw,20261003,pooled,4,0.2925504727830309,0.27360308285163776
U,1,1,raw,20261003,0,0,0.3198808426129513,0.31855920296334145
U,1,1,raw,20261003,0,1,0.3141893067102654,0.32244847280854233
U,1,1,raw,20261003,0,2,0.3211655796339154,0.30940386230058775
U,1,1,raw,20261003,0,3,0.31694623202166194,0.2976364522417154
U,1,1,raw,20261003,0,4,0.3152273528375044,0.29209046308483905
U,1,1,raw,20261003,1,0,0.5511140235910879,0.4900523560209424
U,1,1,raw,20261003,1,1,0.4623115577889447,0.41244725738396626
U,1,1,raw,20261003,1,2,0.3472312703583062,0.33613445378151263
U,1,1,raw,20261003,1,3,0.15579587698546807,0.16862326574172892
U,1,1,raw,20261003,1,4,0.07325383304940375,0.116751269035533
U,1,1,level,20261001,pooled,0,0.34249687970045123,0.33936397348016634
U,1,1,level,20261001,pooled,1,0.3282259844257385,0.3335183129855716
U,1,1,level,20261001,pooled,2,0.3236187583064363,0.31903357747550654
U,1,1,level,20261001,pooled,3,0.30169750629000924,0.28701495772815955
U,1,1,level,20261001,pooled,4,0.2925504727830309,0.2910884648742411
U,1,1,level,20261001,0,0,0.3198808426129513,0.32521543649306855
U,1,1,level,20261001,0,1,0.3141893067102654,0.32128663686040737
U,1,1,level,20261001,0,2,0.3211655796339154,0.31913089560148383
U,1,1,level,20261001,0,3,0.31694623202166194,0.3049283806749211
U,1,1,level,20261001,0,4,0.3152273528375044,0.3123483745754488
U,1,1,level,20261001,1,0,0.5511140235910879,0.4663677130044843
U,1,1,level,20261001,1,1,0.4623115577889447,0.4363256784968685
U,1,1,level,20261001,1,2,0.3472312703583062,0.3181818181818182
U,1,1,level,20261001,1,3,0.15579587698546807,0.13765182186234817
U,1,1,level,20261001,1,4,0.07325383304940375,0.11224489795918367
U,1,1,level,20261002,pooled,0,0.34249687970045123,0.34633104843240814
U,1,1,level,20261002,pooled,1,0.3282259844257385,0.3422227181432716
U,1,1,level,20261002,pooled,2,0.3236187583064363,0.32582454139340367
U,1,1,level,20261002,pooled,3,0.30169750629000924,0.30467911569006223
U,1,1,level,20261002,pooled,4,0.2925504727830309,0.29055822067160925
U,1,1,level,20261002,0,0,0.3198808426129513,0.33044025157232704
U,1,1,level,20261002,0,1,0.3141893067102654,0.33172063019476494
U,1,1,level,20261002,0,2,0.3211655796339154,0.32622533418204963
U,1,1,level,20261002,0,3,0.31694623202166194,0.3233848735466858
U,1,1,level,20261002,0,4,0.3152273528375044,0.31076134699853586
U,1,1,level,20261002,1,0,0.5511140235910879,0.4794520547945205
U,1,1,level,20261002,1,1,0.4623115577889447,0.4361820199778024
U,1,1,level,20261002,1,2,0.3472312703583062,0.3223744292237443
U,1,1,level,20261002,1,3,0.15579587698546807,0.14461538461538462
U,1,1,level,20261002,1,4,0.07325383304940375,0.12090163934426229
U,1,1,level,20261003,pooled,0,0.34249687970045123,0.3440701115410881
U,1,1,level,20261003,pooled,1,0.3282259844257385,0.34017986010880424
U,1,1,level,20261003,pooled,2,0.3236187583064363,0.3177358490566038
U,1,1,level,20261003,pooled,3,0.30169750629000924,0.2903225806451613
U,1,1,level,20261003,pooled,4,0.2925504727830309,0.280694236125991
U,1,1,level,20261003,0,0,0.3198808426129513,0.3260120035755331
U,1,1,level,20261003,0,1,0.3141893067102654,0.33217520784216403
U,1,1,level,20261003,0,2,0.3211655796339154,0.3159109991603694
U,1,1,level,20261003,0,3,0.31694623202166194,0.30458089668615984
U,1,1,level,20261003,0,4,0.3152273528375044,0.3
U,1,1,level,20261003,1,0,0.5511140235910879,0.49214659685863876
U,1,1,level,20261003,1,1,0.4623115577889447,0.40822784810126583
U,1,1,level,20261003,1,2,0.3472312703583062,0.333955223880597
U,1,1,level,20261003,1,3,0.15579587698546807,0.16542155816435433
U,1,1,level,20261003,1,4,0.07325383304940375,0.11686991869918699
U,1,1,gap,20261001,pooled,0,0.34249687970045123,0.3416526138279933
U,1,1,gap,20261001,pooled,1,0.3282259844257385,0.3334813992226541
U,1,1,gap,20261001,pooled,2,0.3236187583064363,0.32059326868225896
U,1,1,gap,20261001,pooled,3,0.30169750629000924,0.2891514034897583
U,1,1,gap,20261001,pooled,4,0.2925504727830309,0.2879592500270944
U,1,1,gap,20261001,0,0,0.3198808426129513,0.3244627686156922
U,1,1,gap,20261001,0,1,0.3141893067102654,0.3206163787746986
U,1,1,gap,20261001,0,2,0.3211655796339154,0.31977113795295614
U,1,1,gap,20261001,0,3,0.31694623202166194,0.30598373589027794
U,1,1,gap,20261001,0,4,0.3152273528375044,0.31195441319107664
U,1,1,gap,20261001,1,0,0.5511140235910879,0.49607182940516276
U,1,1,gap,20261001,1,1,0.4623115577889447,0.44154488517745305
U,1,1,gap,20261001,1,2,0.3472312703583062,0.3277777777777778
U,1,1,gap,20261001,1,3,0.15579587698546807,0.14878542510121456
U,1,1,gap,20261001,1,4,0.07325383304940375,0.08580183861082738
U,1,1,gap,20261002,pooled,0,0.34249687970045123,0.3474252304924668
U,1,1,gap,20261002,pooled,1,0.3282259844257385,0.34152059841464777
U,1,1,gap,20261002,pooled,2,0.3236187583064363,0.3269358669833729
U,1,1,gap,20261002,pooled,3,0.30169750629000924,0.3051502145922747
U,1,1,gap,20261002,pooled,4,0.2925504727830309,0.28661726242371405
U,1,1,gap,20261002,0,0,0.3198808426129513,0.32997861366209585
U,1,1,gap,20261002,0,1,0.3141893067102654,0.3313484679320184
U,1,1,gap,20261002,0,2,0.3211655796339154,0.3266864658464149
U,1,1,gap,20261002,0,3,0.31694623202166194,0.3230252906628311
U,1,1,gap,20261002,0,4,0.3152273528375044,0.3099450884685784
U,1,1,gap,20261002,1,0,0.5511140235910879,0.49417989417989416
U,1,1,gap,20261002,1,1,0.4623115577889447,0.4330357142857143
U,1,1,gap,20261002,1,2,0.3472312703583062,0.3290793072014585
U,1,1,gap,20261002,1,3,0.15579587698546807,0.15250767656090072
U,1,1,gap,20261002,1,4,0.07325383304940375,0.09174311926605505
U,1,1,gap,20261003,pooled,0,0.34249687970045123,0.3455145719489982
U,1,1,gap,20261003,pooled,1,0.3282259844257385,0.338514488730987
U,1,1,gap,20261003,pooled,2,0.3236187583064363,0.3183919977352081
U,1,1,gap,20261003,pooled,3,0.30169750629000924,0.2912886654279156
U,1,1,gap,20261003,pooled,4,0.2925504727830309,0.2785216925549009
U,1,1,gap,20261003,0,0,0.3198808426129513,0.3254150702426564
U,1,1,gap,20261003,0,1,0.3141893067102654,0.3306041434065252
U,1,1,gap,20261003,0,2,0.3211655796339154,0.31643576826196473
U,1,1,gap,20261003,0,3,0.31694623202166194,0.3049835506275131
U,1,1,gap,20261003,0,4,0.3152273528375044,0.2998802395209581
U,1,1,gap,20261003,1,0,0.5511140235910879,0.510482180293501
U,1,1,gap,20261003,1,1,0.4623115577889447,0.4059196617336152
U,1,1,gap,20261003,1,2,0.3472312703583062,0.33582787652011226
U,1,1,gap,20261003,1,3,0.15579587698546807,0.17197452229299362
U,1,1,gap,20261003,1,4,0.07325383304940375,0.09746192893401015
U,1,1,direct,20261001,pooled,0,0.34249687970045123,0.34225988700564974
U,1,1,direct,20261001,pooled,1,0.3282259844257385,0.33089295618413755
U,1,1,direct,20261001,pooled,2,0.3236187583064363,0.31802656546489566
U,1,1,direct,20261001,pooled,3,0.30169750629000924,0.3017399762239274
U,1,1,direct,20261001,pooled,4,0.2925504727830309,0.2881484697199913
U,1,1,direct,20261001,0,0,0.3198808426129513,0.3165368182960543
U,1,1,direct,20261001,0,1,0.3141893067102654,0.31291842301016615
U,1,1,direct,20261001,0,2,0.3211655796339154,0.3166525603046974
U,1,1,direct,20261001,0,3,0.31694623202166194,0.32087114337568057
U,1,1,direct,20261001,0,4,0.3152273528375044,0.3140255009107468
U,1,1,direct,20261001,1,0,0.5511140235910879,0.5717488789237668
U,1,1,direct,20261001,1,1,0.4623115577889447,0.48366701791359323
U,1,1,direct,20261001,1,2,0.3472312703583062,0.32996323529411764
U,1,1,direct,20261001,1,3,0.15579587698546807,0.1417004048582996
U,1,1,direct,20261001,1,4,0.07325383304940375,0.07048008171603677
U,1,1,direct,20261002,pooled,0,0.34249687970045123,0.34231593189762094
U,1,1,direct,20261002,pooled,1,0.3282259844257385,0.3394730966733646
U,1,1,direct,20261002,pooled,2,0.3236187583064363,0.31975637609440427
U,1,1,direct,20261002,pooled,3,0.30169750629000924,0.3089212953034527
U,1,1,direct,20261002,pooled,4,0.2925504727830309,0.2918249918575616
U,1,1,direct,20261002,0,0,0.3198808426129513,0.31705778450668687
U,1,1,direct,20261002,0,1,0.3141893067102654,0.3231132075471698
U,1,1,direct,20261002,0,2,0.3211655796339154,0.3179307414489059
U,1,1,direct,20261002,0,3,0.31694623202166194,0.3263863935800695
U,1,1,direct,20261002,0,4,0.3152273528375044,0.318187340541854
U,1,1,direct,20261002,1,0,0.5511140235910879,0.5546129374337222
U,1,1,direct,20261002,1,1,0.4623115577889447,0.48558758314855877
U,1,1,direct,20261002,1,2,0.3472312703583062,0.33546617915904936
U,1,1,direct,20261002,1,3,0.15579587698546807,0.15967246673490276
U,1,1,direct,20261002,1,4,0.07325383304940375,0.07040816326530612
U,1,1,direct,20261003,pooled,0,0.34249687970045123,0.33688506007708
U,1,1,direct,20261003,pooled,1,0.3282259844257385,0.3387257617728532
U,1,1,direct,20261003,pooled,2,0.3236187583064363,0.32450018860807245
U,1,1,direct,20261003,pooled,3,0.30169750629000924,0.3104052573932092
U,1,1,direct,20261003,pooled,4,0.2925504727830309,0.28812829620062425
U,1,1,direct,20261003,0,0,0.3198808426129513,0.3086906731136277
U,1,1,direct,20261003,0,1,0.3141893067102654,0.3241703813769193
U,1,1,direct,20261003,0,2,0.3211655796339154,0.3238934340255926
U,1,1,direct,20261003,0,3,0.31694623202166194,0.32580841976815134
U,1,1,direct,20261003,0,4,0.3152273528375044,0.3120789220404235
U,1,1,direct,20261003,1,0,0.5511140235910879,0.5669781931464174
U,1,1,direct,20261003,1,1,0.4623115577889447,0.46259220231822973
U,1,1,direct,20261003,1,2,0.3472312703583062,0.3299065420560748
U,1,1,direct,20261003,1,3,0.15579587698546807,0.1754010695187166
U,1,1,direct,20261003,1,4,0.07325383304940375,0.08478038815117467
