prevalence,kappa,trial,repeat,source,group,empirical_L1,Ucal_curve_L1,Ecal_curve_L1,mark_TV_transition_mean,mark_TV_entity_mean,signed_repeat_difference,absolute_repeat_difference,early_absolute_repeat_difference,early_mark_TV,early_signed_repeat_difference,early_transitions,late_absolute_repeat_difference,late_mark_TV,late_signed_repeat_difference,late_transitions,middle_absolute_repeat_difference,middle_mark_TV,middle_signed_repeat_difference,middle_transitions
0.05,0,0,0,Ecal,context_0,0.0055899755742903024,0.004733364887775595,0.004972831732647651,0.023894271236064937,0.023909731213946843,0.0006325169085269237,0.014799436343091766,0.01569299627860306,0.02442115016107517,-0.0013818345720422159,19580,0.013883824086999681,0.0233035116866129,0.002252360829784671,7399,0.014197454958785993,0.023560455433408855,0.0021741102165649742,17810
0.05,0,0,0,Ecal,context_1,0.01736058358121196,0.014914442777685609,0.014535214343299742,0.022564738609232117,0.0225431293512266,0.00016505700557896646,0.015820716162551138,0.01722213339474466,0.023384319729068213,0.002057642853922314,900,0.01415885007131131,0.02133495941864488,-0.0018426752465916432,381,0.015045278473400776,0.022232544613875634,-0.0009934383961889479,810
0.05,0,0,0,Ecal,pooled,0.006082785135097319,0.005256938168619074,0.005446106773162435,0.023834969770136875,0.023849675468026518,0.0006116666812004693,0.014844988734356475,0.015760194687027253,0.024375586323731113,-0.001230685661721509,20480,0.013897292583146561,0.023207108291484903,0.002051819859977553,7780,0.014234336647660212,0.023502689173268042,0.0020363167484483964,18620
0.05,0,0,1,Ecal,context_0,0.007332016636112524,0.005459138137526824,0.005653900134423208,0.024008551128352217,0.02404612746480947,0.0008639369680857067,0.014877459079113012,0.01599487355083562,0.024756990721720613,-0.0011744316663513145,19580,0.013922348693023261,0.023368480594045553,0.0024808342170193317,7399,0.014045785097661545,0.023451641226341087,0.002433158479451062,17810
0.05,0,0,1,Ecal,context_1,0.03192110799061789,0.01848848554067801,0.018155452558159067,0.02266000536973497,0.022627434889771994,0.0014426419391180556,0.015612796511962504,0.016521520159310764,0.023543451144101304,0.005842947935064634,900,0.01541777348189842,0.02243482848425247,-0.0006455213339935763,381,0.01469483662534643,0.021784315488795624,-0.002464376813099708,810
0.05,0,0,1,Ecal,pooled,0.007442712999797533,0.005356289975620336,0.005610036528605996,0.0239484016150999,0.023983782576258016,0.0008897490861409251,0.014910257512817967,0.016018017200622126,0.024703661345751016,-0.0008660507268359652,20480,0.013995582220601852,0.023322758042139232,0.0023277312009607307,7780,0.014074019884848698,0.023379109870411342,0.0022201078034593262,18620
0.05,0,0,2,Ecal,context_0,0.0033573116199121277,0.003970858817468258,0.003962795392358088,0.023902491083522822,0.023899518916228126,0.0005482452260521412,0.014771290380803725,0.01593655747103679,0.024658336156837223,-0.0014332168066799945,19580,0.013734006885943147,0.023310616335926362,0.0015518003220025842,7399,0.013921146133286039,0.023317417232987744,0.002309711955190709,17810
0.05,0,0,2,Ecal,context_1,0.012967972880032815,0.008261252049332155,0.008883025492785492,0.023177253637858813,0.023037774991325238,0.0015212393805406014,0.01633385215212944,0.017141082787679302,0.023569643621643384,0.004531876564853721,900,0.01643506005367269,0.023555629250527486,0.0018362394311609543,381,0.015389324025607403,0.022563288089916984,-0.0019720797369509567,810
0.05,0,0,2,Ecal,pooled,0.003135441705940583,0.003937105926036392,0.003983002466669485,0.02387014314199374,0.023861649310153294,0.0005916439201015305,0.014840985702131415,0.015989490712490805,0.024610493223161712,-0.0011710789143762669,20480,0.013866282111766406,0.02332261504035606,0.0015657297950860468,7780,0.013985014237087343,0.023284611400233322,0.0021234471178848686,18620
0.05,0,0,3,Ecal,context_0,0.0067903456645396956,0.0036409139413535172,0.0035957355472477316,0.023989732804403537,0.023999853134003404,0.00037319335309913887,0.014816799441091278,0.015802246684339792,0.024638171194448725,-0.0018090925001528826,19580,0.014005675769920428,0.023495638487225037,0.00244485052985458,7399,0.014070389953173659,0.02348211799113677,0.0019117091058145274,17810
0.05,0,0,3,Ecal,context_1,0.017366591807088244,0.008241868863415717,0.007956123339790446,0.02357002413331249,0.023386625782544208,-0.0003457667759478463,0.016744608192253433,0.01720113791525364,0.023469548784196378,0.0028156282587183845,900,0.013304727010213797,0.021241278907655693,-0.0011606108876350983,381,0.017855371130101473,0.024777036164398594,-0.0034751493989685434,810
0.05,0,0,3,Ecal,pooled,0.006254146588383032,0.003910415420897774,0.0038575405683695992,0.023971012436842715,0.02397290466640998,0.00034112540024424883,0.01490278596196756,0.015863721396635812,0.024586815717435685,-0.0016058577011790476,20480,0.013971349101867958,0.0233852386157834,0.0022682848743194174,7780,0.01423504273262111,0.023538449018007987,0.0016773720817074228,18620
0.05,0,0,4,Ecal,context_0,0.006884477974602812,0.005612691883328155,0.006259631280398241,0.023938380555784892,0.02400297663138905,0.0006233975163163832,0.01486885329921092,0.015719043461375693,0.024485045954207172,-0.001413031311114,19580,0.014188141106012497,0.02341814648565436,0.002112282770101179,7399,0.01421696481758761,0.02355351269412221,0.0022436678390751253,17810
0.05,0,0,4,Ecal,context_1,0.02341567663141648,0.005545027438725874,0.004901440973764908,0.023294586226571705,0.02330617658409639,-0.0007007401534554377,0.01656813444217844,0.01687366637090842,0.023171465629453047,0.0024836335165633098,900,0.017068083498265173,0.023758463116651134,-0.004532247644866232,381,0.015993493298689525,0.023213192945443967,-0.002436705522331191,810
0.05,0,0,4,Ecal,pooled,0.006189516039431093,0.005475579927854439,0.0060622257994128355,0.02390966524131423,0.023972355535560763,0.0005643366829654259,0.014944646747801897,0.015769783725954768,0.024427320256342,-0.001241791157553962,20480,0.0143291768452732,0.02343481237722374,0.0017868886713733403,7780,0.01429424666880633,0.02353870823674147,0.0020400640569731322,18620
0.05,0,0,0,Ucal,context_0,0.0037725858878624283,0.003712880722593484,0.003350257540514586,0.02375065024523107,0.023769157264547244,-0.00041007811324659057,0.014639477384764068,0.015572498427880919,0.02426586978228342,-0.0023828891346628746,19580,0.01369051551686733,0.02313686319139934,0.0011123965089909853,7399,0.014007967942671987,0.023439219132138197,0.0011262975223174194,17810
0.05,0,0,0,Ucal,context_1,0.014190714344956216,0.013586936794982053,0.012492427461691463,0.02236864830932697,0.022436428743961744,-0.001196046192813638,0.015505835535080453,0.016600146086679566,0.022882255302974955,0.0007534307655360963,900,0.013829634219329813,0.021130169090983555,-0.0032571560050558856,381,0.015078370355897479,0.022380517800568524,-0.00239264671633273,810
0.05,0,0,0,Ucal,pooled,0.003977718013023085,0.004129699524202731,0.003751959075388589,0.0236890084779961,0.02371059009323245,-0.0004451348379559484,0.014678119767279247,0.015617658725386719,0.024205066411610687,-0.002245062576548662,20480,0.013697328399340108,0.02303859192504222,0.0008984119964136257,7780,0.014054532172248392,0.023393163918466263,0.0009732177783159897,18620
0.05,0,0,1,Ucal,context_0,0.00709317012386668,0.00549243847025392,0.005147987492275863,0.0238202667531371,0.023855579823178305,-0.00010471598039825543,0.014685669700005462,0.015900535369339466,0.0245822711201017,-0.0021280704688307456,19580,0.013766223981378369,0.02326241164985057,0.0013502093027219335,7399,0.01373204303333292,0.02321428833674464,0.0015152890007192,17810
0.05,0,0,1,Ucal,context_1,0.028535052463899847,0.016563914216638446,0.016499194633071337,0.022414520788581044,0.022398811652640432,0.001137441183635916,0.015279522660045404,0.016493297302060658,0.023527601554394803,0.005242215991020202,900,0.015039270513952561,0.022080175433762547,-0.0006556770228964137,381,0.014043891659857314,0.021335030530498903,-0.0025799900385332698,810
0.05,0,0,1,Ucal,pooled,0.006485921681342075,0.004981101207704037,0.004704219826462748,0.023757565925238495,0.023791561690683964,-4.931174341029783e-05,0.01471215746748506,0.015926584477711003,0.02453592333645247,-0.001804180927138077,20480,0.013828567262729366,0.023204515506106412,0.0012519775944879244,7780,0.013745608951028129,0.023132537594367675,0.0013371377643177768,18620
0.05,0,0,2,Ucal,context_0,0.0030308597067497324,0.0037493503748600382,0.0034404072046917305,0.023749598731050734,0.023741053144045288,-0.0003680924770048973,0.014623489082737908,0.015756384507430464,0.024451210539534963,-0.0023484616714460247,19580,0.01356037435563517,0.023098250361222254,0.0007247544068841615,7399,0.013819665020433186,0.023248855742743026,0.0013550773564180185,17810
0.05,0,0,2,Ucal,context_1,0.016494810661228546,0.008518145843243459,0.008454417045326587,0.02283005623677692,0.02275098753126936,0.000509565155409786,0.015851140914850972,0.016185289095673298,0.02295109289491342,0.003807899591823419,900,0.016515188505799753,0.023439341697877328,-0.000922097680293356,381,0.015167516847083598,0.022408981233070616,-0.0024818391067746243,810
0.05,0,0,2,Ucal,pooled,0.0029328582778328487,0.0034315899145735897,0.0031489816305690275,0.02370858415435435,0.023697544401296344,-0.0003289461009515888,0.014678246334891246,0.01577523285359348,0.024385287400855306,-0.0020779184518687544,20480,0.013705076693837318,0.023114954191462044,0.0006441052236946199,7780,0.013878298746511964,0.023212319848391005,0.001188165308341432,18620
0.05,0,0,3,Ucal,context_0,0.006552094944555335,0.0041471989885760955,0.0035256360137701837,0.023809353153781965,0.023837251256268465,-0.0005468742891964125,0.014675424599906893,0.015803120465258533,0.024568059060426972,-0.0026506982138713364,19580,0.01377835655555981,0.023196331299741337,0.001368969653201016,7399,0.013808334280790605,0.023229919523570702,0.0009701129716310121,17810
0.05,0,0,3,Ucal,context_1,0.018788181193536924,0.008766505837668127,0.007842282175349921,0.023663337214389797,0.023427424387625278,-0.0018321626682933697,0.016853409198868623,0.017123603141970103,0.023528096715712713,0.0021044631633493635,900,0.014015432202753432,0.021980392576129302,-0.0024485210851421507,381,0.017888093997298935,0.02460521172795353,-0.005916274633304572,810
0.05,0,0,3,Ucal,pooled,0.0059944139182582885,0.004249167201492554,0.0035911389391467476,0.023802840369454556,0.023819241286455045,-0.0006042023182214069,0.014772569774745394,0.01586114948913746,0.024522357590200272,-0.002441731161161442,20480,0.013789966558333687,0.02313678468615571,0.0011820205566317687,7780,0.013985810401648379,0.023289746950291974,0.0006705440156697971,18620
0.05,0,0,4,Ucal,context_0,0.0045103034670076056,0.004899695679737024,0.004482716228469494,0.023690758251484156,0.02374759298288677,-0.00044246272296302296,0.014600105631908805,0.015595188598406327,0.024327101297457764,-0.0023993497377640138,19580,0.013825053338312365,0.023116185973796895,0.0010950884044549,7399,0.013828117279090084,0.023229874671610196,0.0010701429456522597,17810
0.05,0,0,4,Ucal,context_1,0.01651341516062083,0.012234643316636798,0.010657762769422149,0.023247874266800254,0.023241721858403723,-0.0013583637560200658,0.016572204905297983,0.017145710177719594,0.023478693088982254,0.0018310498404834005,900,0.017008424489673355,0.023441007845727068,-0.0051270679734510384,381,0.015729792057364075,0.022900564595769494,-0.0031294698424545334,810
0.05,0,0,4,Ucal,pooled,0.004194745312748328,0.004987874466976742,0.004528894422043406,0.02367100418979529,0.023725362318236635,-0.00048331487868235484,0.014688067653680494,0.015663326753747243,0.02428981773360874,-0.0022134435062980628,20480,0.01398094850652169,0.023132093060327152,0.0007903786898042365,7780,0.013910843195867845,0.02321554915273635,0.0008874530230761855,18620
0.05,0,1,0,Ecal,context_0,0.00543674179349873,0.00415377074165265,0.0038432279230179445,0.0070203803688687495,0.007010934966772744,9.463888714550506e-05,0.005647291473660072,0.005524158768648996,0.006860429979991653,6.578169233895225e-05,19570,0.005709417235667256,0.007134347406073768,8.644793306852518e-05,7676,0.005755192422015992,0.007146289939166246,0.0001296754006194701,17913
0.05,0,1,0,Ecal,context_1,0.029291955099388416,0.010143657240769627,0.00982984259303143,0.008742225257814559,0.008756329726330982,-0.00018064000421711906,0.007564326276007292,0.00780339811693181,0.009032073284110443,-0.0004608411464717362,910,0.007337162671710855,0.00835713570072536,-0.00014542730184652472,372,0.007405932806432247,0.008598762890323996,0.00010731703646126248,840
0.05,0,1,0,Ecal,pooled,0.005970433141674534,0.003929600846863675,0.003644696510734377,0.007097657813388599,0.007088489128452333,8.228420328789865e-05,0.005733329160058007,0.00562543356390961,0.006956923896336775,4.238194705976639e-05,20480,0.005784655966060921,0.00719086793858003,7.573004199143788e-05,8048,0.005829133760623663,0.007211350317717545,0.00012867390614429842,18753
0.05,0,1,1,Ecal,context_0,0.003927727663253589,0.004205152261458559,0.004310473404665345,0.007062515150709757,0.0070597660984466895,8.846978818035339e-05,0.00569947107916268,0.005576705623667461,0.006915701991945313,4.271748411484866e-05,19570,0.005767555141539049,0.007145715311367755,4.1091186637490785e-05,7676,0.005804417581771983,0.007187256348935034,0.00015875677171214264,17913
0.05,0,1,1,Ecal,context_1,0.02646261029719603,0.014573840688796537,0.014048882272754217,0.008648481235203476,0.008613132193523436,0.0008305941939241588,0.007375068576351637,0.007518768285984521,0.008774532867048018,0.0008611051672762567,910,0.0071331298239128565,0.008430085241323918,0.0005124988414907969,372,0.0073265381955674716,0.00860864352656617,0.0009384114383941605,840
0.05,0,1,1,Ecal,pooled,0.00319274152715866,0.003909680403133201,0.004195308416099198,0.007133694271948641,0.007128787736460354,0.00012177678230036681,0.005774672912648329,0.005662998447041901,0.006998296527899584,7.908138995844638e-05,20480,0.005830675641271039,0.0072050823111122495,6.288090428230066e-05,8048,0.0058725976764548715,0.00725092430761952,0.00019367971310887356,18753
0.05,0,1,2,Ecal,context_0,0.005076887468865826,0.0048181113552152625,0.004886834963648813,0.00700449111022509,0.006999531285596423,5.06797752839374e-05,0.005639505047241324,0.0054570803170339395,0.006793979206366353,4.4872969632619e-05,19570,0.005714280898680347,0.007105240007963637,7.776597853499567e-05,7676,0.005806761929645867,0.007191303448720842,4.541686513159986e-05,17913
0.05,0,1,2,Ecal,context_1,0.012289105381743756,0.017156839519754236,0.016809572530654796,0.008868712459078179,0.00887033561374015,7.405685055491836e-05,0.00767372282788958,0.00801759201337348,0.009178335095274744,-0.0007213289470790506,910,0.007663476971849319,0.0089313075546005,0.0008266960741371237,372,0.0073057353274808045,0.008505567251372017,0.0006024131418338844,840
0.05,0,1,2,Ecal,pooled,0.0052138271897182896,0.005072027651093952,0.005139702998523863,0.0070881584967496195,0.007082657845098903,5.1728952622086375e-05,0.00573080197688612,0.005570853053541214,0.006899924707289529,1.0827864934981335e-05,20480,0.005804377933871557,0.00718964571464218,0.00011238352271541213,8048,0.005873905194946424,0.007250173047943739,7.03663064172565e-05,18753
0.05,0,1,3,Ecal,context_0,0.005722769070873144,0.004987912920536667,0.005292511340416363,0.007006773570916344,0.006999962477948078,0.00012386719401291516,0.005640332004850075,0.005511050701034757,0.006853752705076063,5.5340316582530145e-05,19570,0.005702790490207478,0.007104402796514919,8.267042901194177e-05,7676,0.005754807736556787,0.007132113626116457,0.00021638644592270729,17913
0.05,0,1,3,Ecal,context_1,0.020707616814481994,0.015475293385339005,0.015201055502463338,0.008851831698183208,0.0088196550998997,-0.0004532681944851152,0.007600813250879877,0.007315972250896496,0.008610340119416283,-1.5998607153420918e-05,910,0.00839423798825792,0.009506737420921244,-0.0013163645541475666,372,0.0075580171885944545,0.008823417897968153,-0.0005447485262439364,840
0.05,0,1,3,Ecal,pooled,0.006201591483921247,0.005294758931417042,0.005549908756589884,0.007089580900415726,0.007080817960661748,9.796500720652738e-05,0.005728319594031252,0.005591249851931934,0.00693180419663122,5.217047182668466e-05,20480,0.005827196363626311,0.0072154451027126275,1.80033050388631e-05,8048,0.005835578596670456,0.007207871936165805,0.0001822930541123313,18753
0.05,0,1,4,Ecal,context_0,0.004348935086631301,0.004304664501723119,0.004394520969404453,0.007075306589227919,0.007067076416882706,7.006006288994098e-05,0.005709302340186005,0.005631810874432158,0.006957872668742814,-4.034652491278592e-05,19570,0.005829403805874051,0.007213793699992986,0.0001700727192373435,7676,0.005742496619992924,0.007144259570954087,0.00014782256906850983,17913
0.05,0,1,4,Ecal,context_1,0.010067608982659052,0.012138294035347396,0.011984564040260545,0.008631266034649322,0.008646701049527502,0.0008230485446912628,0.0073643808185520545,0.007849324355413625,0.00905946950008581,0.0009133285218542749,910,0.007135505327374064,0.008486745871856348,0.00046791561869203403,372,0.006940384466378462,0.008231380733472871,0.0008825183890405155,840
0.05,0,1,4,Ecal,pooled,0.0044232599120758,0.004324978531905872,0.004446868304875573,0.007145138994278239,0.007137264816087138,0.00010385464334260495,0.0057835832676429695,0.005730342967581237,0.007051254168572996,2.028684684773907e-06,20480,0.0058897752976730085,0.007272632940541342,0.0001838398115083605,8048,0.005796153410424527,0.007192954807797034,0.00018073167634609128,18753
0.05,0,1,0,Ucal,context_0,0.005994947434964275,0.004187222004826347,0.0038162778168151727,0.007027678763310844,0.007015162197777796,4.291152903088043e-05,0.005654953503067419,0.005523089691044788,0.006859287544946945,3.561192878850821e-06,19570,0.005740127349083097,0.00716379753595685,-1.6468584366674657e-05,7676,0.00576251674536444,0.007153317597930996,0.00011134718073270884,17913
0.05,0,1,0,Ucal,context_1,0.026293953873691836,0.010048933078147864,0.00974798400427579,0.008739642341523348,0.008745197228407237,-0.0002827693152607442,0.007567314531137986,0.007718643472417371,0.008961844723415817,-0.0004896882553021986,910,0.00736823762136121,0.008368013495822207,-0.00047252539505240735,372,0.007491537476224558,0.008663501583283679,2.542770512047268e-05,840
0.05,0,1,0,Ucal,pooled,0.0064841753310826465,0.004050624904058365,0.003705922827247101,0.007104512728602757,0.007092033871502054,2.82947749100533e-05,0.005740781427636818,0.005620646035822574,0.0069527117164511765,-1.835565271903761e-05,20480,0.005815382943179451,0.007219459605672295,-3.754874509916628e-05,8048,0.0058399644824690365,0.007220963017207712,0.00010749860399755829,18753
0.05,0,1,1,Ucal,context_0,0.005888698883590686,0.005423986373332126,0.005455292849476467,0.007057496353738525,0.007053952326448452,1.3886330378969196e-05,0.005696130342945374,0.005574803828705801,0.006912533608632848,-2.308912312551975e-05,19570,0.005788369944834535,0.007163489207125755,1.1839682101395802e-05,7676,0.005789153772832453,0.007170448945661581,5.515913210182422e-05,17913
0.05,0,1,1,Ucal,context_1,0.023161260014544095,0.012705258476884161,0.012313519198454576,0.008811650402450268,0.008739091271444411,0.0005651222617417209,0.007539190752229861,0.007609423626582701,0.008886173879088077,0.0006168945723182553,910,0.007217846370191985,0.008525065053129189,0.00056241572864594,372,0.007605414793250107,0.008857833005077694,0.0005102341994643212,840
0.05,0,1,1,Ucal,pooled,0.005013231999528614,0.00509538481276032,0.005207731397626315,0.0071362238529742925,0.007128829105742706,3.8626133816962454e-05,0.005778848013648229,0.00566520929824037,0.007000229538618896,5.347652404452674e-06,20480,0.005854444153362489,0.007226424869987744,3.728877371602931e-05,8048,0.00587050924967087,0.007246031658289403,7.554323366341422e-05,18753
0.05,0,1,2,Ucal,context_0,0.005272876179479252,0.004345222164591504,0.004367780083864832,0.007004218085115723,0.006997838288140018,4.9721601977688645e-06,0.005637398154244991,0.0054627707948566515,0.006797543292918457,-4.592851969314949e-06,19570,0.005698738817209033,0.007100738909171599,4.294419582542993e-05,7676,0.005801893576246766,0.007188650164490902,-8.496483975583329e-07,17913
0.05,0,1,2,Ucal,context_1,0.012616737049353437,0.01771816189665643,0.017251595535073154,0.008926502148992523,0.008941637895760943,-0.00013344495975948752,0.007728960454590358,0.008001087028737907,0.009165612532716286,-0.0007987288860501824,910,0.00755056530557653,0.008833843582530095,0.0005433931546185607,372,0.007513160231922354,0.008708500407963237,0.00028753670021182013,840
0.05,0,1,2,Ucal,pooled,0.005061596057254662,0.004718206263915779,0.004732424176841913,0.007090491361559676,0.007084208290236455,-1.240084224923084e-06,0.005731268740766698,0.005575557307201962,0.006902765119491505,-3.987916988990037e-05,20480,0.005784335170796596,0.007180847624192643,6.607627990483409e-05,8048,0.005878546058023948,0.007256728562854724,1.2067993197486615e-05,18753
0.05,0,1,3,Ucal,context_0,0.004960816601665519,0.004320738746009965,0.004585642846252891,0.007019320623883794,0.007010584597590863,4.1004101534994675e-05,0.005652411577931044,0.005517196394864796,0.006858701926534001,1.9778601356958576e-05,19570,0.00574302308090563,0.00714754491952906,-9.201667472960863e-05,7676,0.005761306081128362,0.007139850865259466,0.00012119449494152966,17913
0.05,0,1,3,Ucal,context_1,0.023017489719205517,0.015384525403662008,0.014796733209740346,0.008861159050012486,0.008840497443114135,-0.0005895097289694356,0.007632987273542753,0.0072386887047317,0.008531381857867998,-4.32575469488626e-05,910,0.008320088448223247,0.009437901634467585,-0.0014511399491820285,372,0.007755856393348603,0.008963003101719854,-0.0007997038286356699,840
0.05,0,1,3,Ucal,pooled,0.005703215658867576,0.004802038720398732,0.005004495739468899,0.0071019834512403455,0.007091894201566751,1.2706257827577296e-05,0.0057413010182154715,0.00559368848480517,0.006933025107076674,1.6977678751572966e-05,20480,0.005862141907526176,0.007253411308440235,-0.0001548389732008189,8048,0.005850647640466334,0.007221515019188263,7.994484998846361e-05,18753
0.05,0,1,4,Ucal,context_0,0.005412406719933669,0.004359817050362872,0.004379003436431113,0.007087584360822454,0.007077190861813902,-1.4492097772908155e-06,0.005721441256739688,0.0056349177954753684,0.006962883743737321,-0.00012462153520642583,19570,0.005846660026097248,0.007229834402998844,0.00010262016127387827,7676,0.005762310171123326,0.007162863753029793,8.852153306083784e-05,17913
0.05,0,1,4,Ucal,context_1,0.010705114662271484,0.009194674899608929,0.009097370075000421,0.00869479490375817,0.008709543814196986,0.0006982760291465828,0.0074251453716107745,0.007800134811755065,0.009021518716926349,0.0007794480320516523,910,0.00734756294117179,0.00869908352771784,0.00045335841595485645,372,0.007053264744934582,0.00833894485840574,0.0007188032070795695,840
0.05,0,1,4,Ucal,pooled,0.005404064225092219,0.004367438446935059,0.004416554870093909,0.0071597169462607815,0.007149722169756706,2.9954883981226555e-05,0.005797904532299775,0.005731126168757328,0.007054356293815544,-8.445047533314209e-05,20480,0.00591603575726123,0.007297747011646392,0.0001188322177775219,8048,0.005820135683948019,0.007215543757749881,0.00011675363492057945,18753
0.05,0,2,0,Ecal,context_0,0.00622200988541921,0.005590690507512065,0.005642050884050782,0.007475346268247841,0.0074715297025450675,6.798442059539088e-05,0.00579164013571058,0.005857368686880471,0.00747993933085083,0.00026111400384642373,19580,0.005637032700365289,0.007375115841837224,-8.362923632687842e-05,7837,0.005787432830212762,0.007514207304395867,-7.689970761039709e-05,17899
0.05,0,2,0,Ecal,context_1,0.03772281909077605,0.013105635167452721,0.013183036346454171,0.010357732746637066,0.010270609656176407,-2.969139092287806e-05,0.008876139601344432,0.009281013740433587,0.010662017940647072,-0.0005684044791592492,900,0.009440855702883761,0.010874436582884632,-0.00030399418212998083,355,0.008188123838583531,0.009800745491488598,0.0006794672817826707,821
0.05,0,2,0,Ecal,pooled,0.004525357374280433,0.004829743905927698,0.004876408008536606,0.007601608808953784,0.007594536145819881,6.370574519211762e-05,0.005926756207846297,0.006007821838647942,0.007619776769757891,0.0002246605548862135,20480,0.005801871221592592,0.007526758769458297,-9.317874264525017e-05,8192,0.005892719545911074,0.007614487638349026,-4.372784338541265e-05,18720
0.05,0,2,1,Ecal,context_0,0.004463348577170136,0.004638247946016181,0.004589958381751403,0.007481134116822837,0.007481240939355193,4.878813804171914e-05,0.005791967003299217,0.005831518522687294,0.007482541377285868,0.0002365422687199313,19580,0.005690943011466195,0.007420066705690044,-0.00014973791235105047,7837,0.005792933888285911,0.007506332795027294,-6.967530805869199e-05,17899
0.05,0,2,1,Ecal,context_1,0.03980578088749253,0.0223365459965159,0.021820564518989876,0.01092532805765141,0.010959969881298388,-0.0005238660699140589,0.009580607531387682,0.009567990634176467,0.010929246469297342,-0.0006549894313017527,900,0.009225398218128043,0.01067947581292353,0.001608567044768535,355,0.009748030812383134,0.011027338991143562,-0.0013021885187123492,821
0.05,0,2,1,Ecal,pooled,0.004193308482753542,0.005362825360611619,0.005320108080374953,0.007632006555655555,0.0076341147698116806,2.3703099729004016e-05,0.005957927877208561,0.0059957189572742205,0.007634007909649654,0.00019736362955882213,20480,0.005844108489782229,0.007561313072031339,-7.354183571806061e-05,8192,0.005966391931805346,0.007660752991983035,-0.00012372943978661145,18720
0.05,0,2,2,Ecal,context_0,0.009779162809519916,0.008019105899848456,0.008056814973369719,0.007444366374910295,0.007446738979609414,5.9384642773429446e-05,0.005762365363703994,0.005779565041608903,0.0074251865584793785,0.0002575714970663936,19580,0.005717146027007547,0.007423281884384177,-0.00017146955183517634,7837,0.005763349454899701,0.007474579233615838,-5.633658656388516e-05,17899
0.05,0,2,2,Ecal,context_1,0.03843621317566387,0.02192130751166141,0.022143279110141734,0.0107110485945167,0.010715305933812256,0.00023382941623413954,0.0093893315607183,0.00937625197900666,0.010653204868366527,-0.0006752569642331865,900,0.008402410181055607,0.009865800130613884,0.00057678083089036,355,0.00983041403735744,0.011139943306113113,0.0010820998062678,821
0.05,0,2,2,Ecal,pooled,0.010721929408825279,0.008691462264027065,0.008737120664831842,0.007587462937366045,0.007590377175839031,6.702617192823267e-05,0.005921244115919594,0.005937622573037515,0.007567042831863091,0.00021657805882568937,20480,0.005833511844230088,0.007529128317173672,-0.0001390441507282958,8192,0.005941718045829071,0.007635330510513288,-6.408366557751965e-06,18720
0.05,0,2,3,Ecal,context_0,0.004305642860742549,0.00484424988613859,0.004990672948777599,0.007451801198861933,0.007458206981943961,0.00015024563679234034,0.005767387187132895,0.005806186901019226,0.007454929457974085,0.00042307333786714067,19580,0.005735962372760437,0.007433267026331337,-3.820056987231645e-05,7837,0.005738702784224498,0.0074564942541558805,-6.569455346486256e-05,17899
0.05,0,2,3,Ecal,context_1,0.016320341778137258,0.014199630179450497,0.01454218881324848,0.010442962210427122,0.010441467526513027,-1.5915585017847417e-05,0.00902982095977819,0.008744462670551406,0.01017675426400577,-0.0006286509914530648,900,0.009004111944789618,0.01056066973259489,0.0013790308169915643,355,0.009353754163949991,0.010683889106175796,5.260560021766356e-05,821
0.05,0,2,3,Ecal,pooled,0.004519097175135106,0.0051745865780315125,0.005315858403176694,0.0075828285929370794,0.007589307298843969,0.00014296696747097916,0.005910297646957584,0.0059353103479224956,0.007574540899645399,0.0003768549835513113,20480,0.005877587506802229,0.0075687929004431,2.321509691682877e-05,8192,0.005897247505525493,0.007598037586074062,-6.0506282835944084e-05,18720
0.05,0,2,4,Ecal,context_0,0.00453100265297255,0.004968245633345046,0.005002473075073834,0.007478308418257995,0.007476860562607644,5.217765888939237e-05,0.005792818964842991,0.0057684181830764914,0.007411124855869728,0.00022202661038358317,19580,0.005790016065945016,0.007508684280520374,-0.00019479448091501604,7837,0.0058207386042447165,0.007538501642405266,-2.5487116271739925e-05,17899
0.05,0,2,4,Ecal,context_1,0.04320059629263136,0.025318097629716506,0.025155287911883775,0.01051507832013992,0.010477866880781374,-0.00010691561084779012,0.009226236533667885,0.010101250203119383,0.0111933431661843,-0.0009239200999339421,900,0.009175637007599146,0.010597686906358306,0.00043687050191449446,355,0.008288904656990727,0.009735828125806827,0.0005535715635090014,821
0.05,0,2,4,Ecal,pooled,0.006323289008228846,0.005904216324834225,0.005933551991388511,0.007611333703460284,0.007608740723074263,4.520860023024334e-05,0.005943219346191752,0.005958825840207282,0.007577335621459724,0.00017166762409033255,20480,0.00593673181720078,0.0076425460886468954,-0.0001674213035585126,8192,0.005928984562006708,0.007634869433157012,-9.14337877661754e-08,18720
0.05,0,2,0,Ucal,context_0,0.005743735456512394,0.005328721695451188,0.005354204613504007,0.007487310732520556,0.007484339858095419,4.042210179866176e-05,0.005800072609229341,0.00586295695033636,0.007488821323684429,0.0002555911578580478,19580,0.005696735546968262,0.007432265667173133,-0.00011650256977042358,7837,0.005776528118367541,0.007509759517488382,-0.0001262459504140796,17899
0.05,0,2,0,Ucal,context_1,0.03760060131332383,0.013301254863565802,0.013368309416811408,0.010254803838823816,0.010186472301798187,-4.471434901158015e-05,0.008765202024610631,0.009247468751337792,0.010609290062501612,-0.0006724459181229273,900,0.009127021213652383,0.010612258658429581,-0.0005581001160849988,355,0.008080079166919683,0.009711644201466857,0.0008654078915624467,821
0.05,0,2,0,Ucal,pooled,0.004935993203270387,0.0045581848099273976,0.004579086923454661,0.007608540384965812,0.007603085912750326,3.669271135550548e-05,0.005929959692836944,0.006011690379091305,0.007625951297558231,0.00021480827854247764,20480,0.005845386842338485,0.0075700705392307555,-0.00013563918219006155,8192,0.005877554582622953,0.00760632721650261,-8.275514890431848e-05,18720
0.05,0,2,1,Ucal,context_0,0.004856034972415789,0.0048108218390613905,0.004737695470044368,0.007490585365127906,0.007489381709112715,2.422241773727618e-06,0.005801546309606624,0.005841563993625427,0.007491943255047608,0.00019902930698672403,19580,0.0057323987316352095,0.007458538928940722,-0.00016194922143408758,7837,0.005788046299297321,0.007503131341761863,-0.00014068000861516684,17899
0.05,0,2,1,Ucal,context_1,0.03932843936787212,0.0217442538903078,0.021174188031098565,0.01100721774816375,0.011036457516284183,-0.0005779335623416828,0.00965097245826657,0.00961776163842943,0.01096820146841411,-0.000572968324025472,900,0.008952020486475715,0.01047095430450855,0.0011703312187127664,355,0.009989605451980549,0.011281868386741424,-0.0013393254158848241,821
0.05,0,2,1,Ucal,pooled,0.004253005873249363,0.005528190551679894,0.005457450055228365,0.007644630959894584,0.007645259063920056,-2.3000163892705363e-05,0.005970169889211157,0.0060075101791881025,0.00764470850856469,0.0001651036298426334,20480,0.005871920914614748,0.007589081831568478,-0.00010421490060252836,8192,0.005972313396752072,0.007668854798702473,-0.00019324880558997394,18720
0.05,0,2,2,Ucal,context_0,0.008442791272601856,0.00727738272066731,0.007292184886014529,0.007450746806346013,0.007453939726246188,3.7698733406360894e-05,0.005765506558965996,0.0057900390716172576,0.007438241991786899,0.00021110770537064195,19580,0.005718572724777413,0.007435487170158962,-0.00021867807091795942,7837,0.0057592198312618895,0.0074711073872648,-3.974261279012632e-05,17899
0.05,0,2,2,Ucal,context_1,0.03649255560899185,0.023195873443287756,0.023528562972366218,0.010602675972904324,0.010602419329034014,0.0003474731149011954,0.009269342651888585,0.009326564545432726,0.010602603491473322,-0.0005738012409872479,900,0.008319803358803333,0.009784090815400574,0.0007070117433306197,355,0.009617194959873404,0.010956711252078179,0.0012019319543739766,821
0.05,0,2,2,Ucal,pooled,0.009601903150527141,0.00804054675218228,0.008069380587762425,0.007588816627197108,0.0075923006462905755,5.1268357308776416e-05,0.005918991614015525,0.00594545278872829,0.007577300846753588,0.00017661463643889875,20480,0.005831296952692355,0.007537263817383177,-0.00017856333897725563,8192,0.005928418419968624,0.007623974949925686,1.471330706253011e-05,18720
0.05,0,2,3,Ucal,context_0,0.0024269802643696915,0.0040785936148957464,0.004215922023286115,0.007448460488873214,0.007455521510065331,0.00014134216815251644,0.005760400870469486,0.005787828253378542,0.007441449653188649,0.0004070705531566452,19580,0.005731078730609719,0.007427935208082489,-2.5291428876893623e-05,7837,0.0057432361938239565,0.007465116658953146,-7.638252476112983e-05,17899
0.05,0,2,3,Ucal,context_1,0.011065180772513958,0.012905280720772128,0.013287576007296124,0.010414313671546082,0.010417269740590006,-0.00019292324164125042,0.00898132837504895,0.008779484008749327,0.010213697152600313,-0.0006681608739826415,900,0.008771853421775389,0.010341718589598444,0.0010223736225719183,355,0.00929317190499021,0.010665624415934149,-0.0001974500597757486,821
0.05,0,2,3,Ucal,pooled,0.002457761945408559,0.00427530496353285,0.004400460650718821,0.007578379277006842,0.00758567646160206,0.000126699718145514,0.005901493153966848,0.0059192975004407344,0.007563276935877638,0.0003598191720811883,20480,0.005862850583071122,0.00755420389710082,2.010909520322457e-05,8192,0.0058989251478232885,0.007605480807910486,-8.16921639837261e-05,18720
0.05,0,2,4,Ucal,context_0,0.006351474309210668,0.005941777782045536,0.005983154654793876,0.007471973577593764,0.007468461469700559,5.808734585818698e-05,0.005791416960191391,0.005788029993069001,0.007422425697596394,0.00022121154787865552,19580,0.0058003272084050815,0.007519487842723858,-0.0002133774144378444,7837,0.005791220703473457,0.007505370873226145,-1.4971308791042673e-06,17899
0.05,0,2,4,Ucal,context_1,0.03964947552763207,0.02260115793935423,0.022424095216115596,0.010456410753572098,0.01039674932145107,-0.0001325925654213093,0.00914491073323525,0.010020520314574241,0.011138135776855051,-0.0009801537212398316,900,0.00876005556381924,0.01027806959882326,0.00011586013814093362,355,0.008351457580905884,0.009786201970357943,0.0006890935861890121,821
0.05,0,2,4,Ucal,pooled,0.0077346047312952275,0.006711482656502012,0.0067464762583422655,0.0076027064349817415,0.007597145994435689,4.973463873849939e-05,0.0059383162907290146,0.005974028102900775,0.007585713738188815,0.000168417175700597,20480,0.005928586921072565,0.007639030875367325,-0.00019910991795768496,8192,0.005903504596442048,0.007605400912261679,2.878999405214165e-05,18720
0.05,0,3,0,Ecal,context_0,0.004961223352647669,0.005789566754748911,0.005854761448800873,0.0063684239432915644,0.006367009352603402,3.649522825997818e-05,0.005036438510215932,0.004924443643492113,0.006228537990086265,-9.093098054232211e-05,19390,0.005096644539353102,0.006481817341471995,0.0001371676606736616,7466,0.005134195222990498,0.0064743386527509016,0.00013408683862987158,17616
0.05,0,3,0,Ecal,context_1,0.018213050672674327,0.007788753511903067,0.007843614186734663,0.009804179530834562,0.009803128298988245,-0.0002906826704752116,0.008784558647212608,0.008657977784718942,0.009674087791584022,-0.0005600138336693475,1090,0.008508515552195728,0.009553323823731774,-0.00046646733505603595,468,0.009048291429627212,0.010060053634198027,8.033232548276857e-05,1013
0.05,0,3,0,Ecal,pooled,0.004383100610089844,0.005609143806174978,0.005684319412088876,0.006556195293238912,0.0065498887301209535,1.861426025946433e-05,0.005241281247120859,0.005123152247688267,0.006411919302763636,-0.00011589681598707102,20480,0.00529789934575723,0.006662995187917366,0.00010156126062305683,7934,0.005347034315659078,0.006669321167980165,0.00013116379811143177,18629
0.05,0,3,1,Ecal,context_0,0.010064727809158493,0.007338336420460183,0.007388486424180315,0.0064198889792157566,0.006406738604718694,4.519637311214186e-05,0.005106820839581692,0.004920134464371997,0.006195631465365963,-0.00012780175366126242,19390,0.00526636528156093,0.006611178339668069,0.0001466081979413343,7466,0.005244689255311652,0.006585657986278116,0.00019263580283293877,17616
0.05,0,3,1,Ecal,context_1,0.017917219339234642,0.017642270211276068,0.01642347699345972,0.01019632639690331,0.01028338835924214,0.0002799574988493888,0.009181467163474677,0.00931856938458364,0.010312625135448889,0.00016185367872955604,1090,0.009579188596361723,0.010570191629240926,0.000392502269301659,468,0.008850198603158877,0.00989846405361734,0.0003550435910102528,1013
0.05,0,3,1,Ecal,pooled,0.010397198508538581,0.0075696638605377165,0.007632736502374939,0.006626279315734999,0.006613064202005342,5.802656791839278e-05,0.005329508927049091,0.0051542308541684175,0.006414748804252213,-0.00011238552215218079,20480,0.005520764236857977,0.006844707230457091,0.00016111266295225338,7934,0.005440748140349456,0.006765800374286845,0.00020146714586925953,18629
0.05,0,3,2,Ecal,context_0,0.004422395257105126,0.002930978810681979,0.0031413615544867825,0.006352671724899372,0.006343479887249494,1.8833941919251642e-05,0.005015139181698306,0.004903514279017072,0.006204863380485364,-0.00010821881169446538,19390,0.005142169318217041,0.006518171906470067,0.00020277159856849403,7466,0.0050841673301849225,0.006445222783174848,8.072508338307598e-05,17616
0.05,0,3,2,Ecal,context_1,0.01614006729089694,0.013351703166113511,0.013399722214123373,0.00988023804816483,0.009883935781748406,5.4737111790455624e-05,0.008865683592742911,0.009389786210355409,0.01035691671994079,-0.00043524251481808656,1090,0.008286873300551858,0.009422440820624335,0.0004773346834585198,468,0.008569149894369554,0.009578825758187687,0.0003867234192560597,1013
0.05,0,3,2,Ecal,pooled,0.004250200779031197,0.0035023854690358356,0.003592714011628188,0.0065454607268149705,0.006531912354290697,2.079612651077143e-05,0.005225579623013606,0.005142285587862716,0.006425846688102865,-0.00012562388183141594,20480,0.005327664839232001,0.006689484970728222,0.00021896715235328505,7934,0.0052736722599996755,0.006615620540096208,9.73645333932393e-05,18629
0.05,0,3,3,Ecal,context_0,0.005177118567087566,0.003833647683788473,0.003878498241836136,0.006395585228252316,0.006386826164737871,3.3114729527894015e-05,0.0050659762339589085,0.0048983597222095054,0.006192892641592781,-6.67944880968028e-05,19390,0.005288164550725429,0.006635699070580433,6.429148908278401e-05,7466,0.005156304696143405,0.0065169248801884355,0.00012987188455208012,17616
0.05,0,3,3,Ecal,context_1,0.021079897770584825,0.01575461282046873,0.01587080529314569,0.010053606577409929,0.010120667498927398,0.0001245889130245151,0.009059568420081508,0.008925586699619206,0.009923870963740821,-0.0003025883313165892,1090,0.00895613495610718,0.010002242086323885,0.00039422449966271717,468,0.0092515199861663,0.010216933725216046,0.00045966664430301964,1013
0.05,0,3,3,Ecal,pooled,0.005921495200565004,0.004320032622037535,0.004370541718136094,0.006595503874781751,0.006585551118559481,3.811398820123145e-05,0.005284234540413029,0.005112699439268909,0.006391465218308667,-7.934406276035588e-05,20480,0.00550452579974467,0.0068342801307478065,8.375312872878965e-05,7934,0.005378992606862885,0.006718122419509546,0.00014780532658480877,18629
0.05,0,3,4,Ecal,context_0,0.007169753346431945,0.005780699058962321,0.0058308621155220685,0.006364506375072636,0.00636463289913934,2.418410404578433e-05,0.005039700486967489,0.004946702833240828,0.006221791971467681,-0.00012137064880289449,19390,0.005096713352440479,0.0064748250335940685,-6.798228177601487e-06,7466,0.005117900217447657,0.0064748375048057786,0.00019752769794426756,17616
0.05,0,3,4,Ecal,context_1,0.017406752869277523,0.013719316922222403,0.012938172884639162,0.01017867793268928,0.01020194628812551,-0.0008434578921256108,0.009176054060204119,0.009458578364291322,0.010420449450718872,-0.001333125311573711,1090,0.008970315313428385,0.010031939346371139,-0.0008049851251590966,468,0.008967104644642412,0.00998632127300975,-0.00033434413866253033,1013
0.05,0,3,4,Ecal,pooled,0.007726807446082559,0.005989391401355544,0.006013530659622701,0.006572958962591127,0.006568864910564874,-2.3234376326569833e-05,0.005265761006849116,0.005186836833672714,0.0064452556751973585,-0.00018586345067888032,20480,0.005325204115957285,0.006684647254211622,-5.388059114550414e-05,7934,0.005327210651971693,0.006665783506050646,0.00016860579282414913,18629
0.05,0,3,0,Ucal,context_0,0.006099609922766604,0.0059016189485105374,0.00598436319134252,0.00636899267611118,0.006365498467863619,3.418742784103444e-05,0.005038579428820789,0.0049245065957108005,0.006228372307361957,-0.00011257473581104072,19390,0.005092559081442133,0.0064761415309493,0.00014888893183198014,7466,0.005141262225569865,0.006478362317336544,0.00014711640856408944,17616
0.05,0,3,0,Ucal,context_1,0.012418723568114028,0.012826720772527484,0.012540923742588249,0.009879625339360957,0.009877783600057172,-0.0004135868423344884,0.008878896927923973,0.00868809709855176,0.00969274833290026,-0.0005949114714193782,1090,0.008726289416225547,0.00974895002401999,-0.0005454556682170966,468,0.00915470357105386,0.01014107843375556,-0.0001575567769686538,1013
0.05,0,3,0,Ucal,pooled,0.006088756892890648,0.005923812921357391,0.006018469566469341,0.0065608562174927915,0.006552431612106342,9.715611659641476e-06,0.005248460947648123,0.00512481487930927,0.006412755601689924,-0.0001382459780870704,20480,0.005306900623751012,0.006669193506592996,0.00010793187702696781,7934,0.005359503466805319,0.006677531968199846,0.00013054901702698766,18629
0.05,0,3,1,Ucal,context_0,0.010695945120071677,0.007896333758896352,0.007931600114998277,0.006413244202911757,0.006402663461475171,3.0531496949457696e-05,0.0051019683720339255,0.004930789103177235,0.006204812297051895,-0.00014793019878181862,19390,0.00527344709733776,0.006610997656960651,0.00013456053926067828,7466,0.0052177100761672595,0.006558854294118256,0.0001828754711963852,17616
0.05,0,3,1,Ucal,context_1,0.025360379397264286,0.019730721728311085,0.018396321203414886,0.010253304321386242,0.010328434930593234,0.00022456569373259885,0.00924262822758173,0.009259085329847599,0.010261639790212171,0.00018677841359322224,1090,0.009735369672759986,0.010711649430539602,0.00053296507232719,468,0.008997276561428505,0.010032582532537242,0.00012274656852988595,1013
0.05,0,3,1,Ucal,pooled,0.011392186174807983,0.008304669043593137,0.008350453690078176,0.006623111655340341,0.0066116034468920995,4.113587847124534e-05,0.005328264239402363,0.005161152525397483,0.006420727432185913,-0.00013011611736146733,20480,0.005536640917012275,0.006852881325984466,0.00015806108393866258,7934,0.005423233767700333,0.0067477472408957765,0.0001796058067806268,18629
0.05,0,3,2,Ucal,context_0,0.004077694764561796,0.0029979756423208926,0.003294543167464409,0.006346050963913735,0.006337065698826069,-1.0016088141589139e-05,0.005007179288277686,0.004897260173671082,0.006201965283584945,-0.00012718700813902845,19390,0.005135335512169877,0.0065088065702492105,0.0001744281798960407,7466,0.0050738526116566,0.006435667675123691,4.07833688055841e-05,17616
0.05,0,3,2,Ucal,context_1,0.018625904843290172,0.014124247652208297,0.014092215776035656,0.00986783355597634,0.009863443925065152,-4.36401602499497e-06,0.008857007171395037,0.009423222416721352,0.010388464068592347,-0.0004930636170533819,1090,0.008162177589714017,0.009303582653365472,0.0005767869834716504,468,0.008568760011297341,0.009568309531959007,0.00025299422420848157,1013
0.05,0,3,2,Ucal,pooled,0.0035190095795677415,0.003394588362370687,0.0035151014058159512,0.006538523872618387,0.0065247489149686776,-9.707190379716734e-06,0.005217580569817866,0.005138143906333425,0.006424781869310436,-0.00014665993312519278,20480,0.00531387875546338,0.006673661020324634,0.00019816197370413062,7934,0.0052638972300384805,0.006606013168761256,5.232288228044239e-05,18629
0.05,0,3,3,Ucal,context_0,0.00562486578633017,0.0032016970025087626,0.003240099945773984,0.006384880941587862,0.006377077272586859,2.6725774071675064e-05,0.0050529178267471825,0.004884511381848809,0.006181722172602479,-6.114934686842256e-05,19390,0.005302691129139783,0.0066412293580526615,-1.5556716484644124e-05,7466,0.005132424723370496,0.006499853197111273,0.0001413703965468097,17616
0.05,0,3,3,Ucal,context_1,0.015847642486519032,0.013007492114286215,0.012674043892253614,0.009934736310308948,0.009991663692122389,-0.0001611174868498735,0.008929667118480353,0.008836664314116907,0.00983627938084441,-0.0004959415131752644,1090,0.009038543647043725,0.010110067700893562,-3.5209756376396894e-05,468,0.008979438926366334,0.009959675068771679,0.00014098850607518972,1013
0.05,0,3,3,Ucal,pooled,0.006225558230292989,0.0034264796403133454,0.0034561395280507698,0.006578888087241454,0.006569455163079717,1.6459740361467353e-05,0.005264790420524067,0.005094855458810344,0.006376227414642699,-8.429014087596443e-05,20480,0.005523056515877752,0.006845844475830522,-1.6715983269284948e-05,7934,0.0053416160587956285,0.006687989949271453,0.00014134963026586327,18629
0.05,0,3,4,Ucal,context_0,0.00912956743568917,0.006344147104947807,0.006381115439506847,0.006362153890926057,0.00636366806376481,5.750703543456773e-06,0.005041322044382868,0.004936442002000853,0.006209545428509228,-0.00012225362444858443,19390,0.0051244127394732795,0.00649313384043891,-6.951842763422003e-07,7466,0.0051215484801368566,0.006474618796875156,0.0001493774586654083,17616
0.05,0,3,4,Ucal,context_1,0.017773448990511382,0.012551945963852854,0.011807277736300335,0.010156930637678464,0.01016521746747109,-0.0008007899674401122,0.009143013537556038,0.009527590265924778,0.010474090514931008,-0.0014103230567426856,1090,0.009066545555734227,0.010148448664117923,-0.0006773767308292226,468,0.008764532176816334,0.009819581474224428,-0.00020194132715787257,1013
0.05,0,3,4,Ucal,pooled,0.009603307396899715,0.006603954980845981,0.006577702679825286,0.006569546510782368,0.0065659966208956606,-3.832845945845118e-05,0.00526548820787049,0.00518079510784446,0.006436515845706481,-0.00019080810106970604,20480,0.005356945907863766,0.006708748579219069,-4.0610354907391865e-05,7934,0.005319645129701315,0.0066565097836245694,0.0001302735921111658,18629
0.05,0,4,0,Ecal,context_0,0.006032383449671141,0.004164886901314709,0.004270066301916439,0.010165658495678017,0.01015312433517953,8.511444073419794e-05,0.0074525256751201314,0.007276302182765873,0.009879695571544568,-0.00016240343718272645,19550,0.007647728761126985,0.010462415268039076,0.00040281075247896805,7523,0.007563555078001456,0.010354282546025526,0.000222672445565966,17803
0.05,0,4,0,Ecal,context_1,0.01716570204171459,0.01314561520642594,0.012977656406331459,0.012731738462902728,0.012705221592239151,0.00011459297770373175,0.010358210024641497,0.009695238483849393,0.012076240843312155,-0.0003407432988125791,930,0.011673830314682054,0.013937675959980609,0.0007266187755012247,359,0.010527723360495898,0.012939354473206223,0.00035401186812778477,851
0.05,0,4,0,Ecal,pooled,0.005432591387269749,0.004162160058482608,0.004276885663624119,0.010282457269071349,0.010269015470387803,8.645619820218336e-05,0.007584782024192271,0.007386146458156872,0.009979441035545733,-0.00017050187816494144,20480,0.007831104865887993,0.010620702325690309,0.0004175591767703903,7882,0.007698781153288406,0.010472214153725257,0.00022866418184773439,18654
0.05,0,4,1,Ecal,context_0,0.0072745653859078085,0.005929600883714081,0.005945025103560326,0.010203246324540892,0.010191801138215073,3.1530665575246655e-05,0.0075131094508880504,0.007417321430752649,0.010000810134171001,-0.00017000301795847277,19550,0.007513656491265404,0.010311015792804813,0.0001428710242527114,7523,0.007618065941866439,0.010380007421658339,0.00020579174487388437,17803
0.05,0,4,1,Ecal,context_1,0.021444923225623316,0.012577852071595546,0.012039938410342739,0.012339521665615683,0.012358384461933937,-0.00033255095515295725,0.009929547236065999,0.010311055247501661,0.01250674790710271,-0.00044127912611089727,930,0.00989047381871258,0.012553715093572388,-0.0008502001549872183,359,0.009529106467787164,0.012066412564300298,4.6444170343329565e-06,851
0.05,0,4,1,Ecal,pooled,0.007327533078208176,0.006097363474510764,0.006095035453931399,0.010300481930077305,0.010290186025473793,1.4958973632964103e-05,0.007623097047882282,0.007548726335517131,0.010114605159992606,-0.00018232170841656626,20480,0.0076219129516248985,0.01041316360414401,9.763979444465067e-05,7882,0.007705248073717974,0.010456941632893907,0.00019661535503838216,18654
0.05,0,4,2,Ecal,context_0,0.0045065994656549365,0.005219478019541968,0.005235614595182918,0.01014701140387315,0.01012755006266195,-6.448142964345417e-06,0.00743171126457292,0.007247933939747189,0.009847806540825179,-0.0001677266601711283,19550,0.007628985246484717,0.010451493889873195,0.00026530076214944875,7523,0.00755016065705849,0.010346912169497454,5.5823833568909194e-05,17803
0.05,0,4,2,Ecal,context_1,0.0112958593951555,0.009235721298916701,0.009003283277098085,0.01204315348464134,0.01205693643142515,-8.799048993632057e-05,0.009603493141933022,0.009633211583219548,0.011917361358345877,-0.0005983272387135413,930,0.009884691068222928,0.012352047013028066,0.00028319920420978725,359,0.009452390667274331,0.01205031435510426,0.000313132983817337,851
0.05,0,4,2,Ecal,pooled,0.003865441296535517,0.004983142476845153,0.005001465026244752,0.010233317003091371,0.010215163799134107,-1.0159658672190126e-05,0.007530563000525588,0.0073562497702369,0.009941785348456734,-0.00018728029972407966,20480,0.007731725463435239,0.010538058032376696,0.0002661159791882284,7882,0.007636940851048717,0.010424621789951585,6.756233935112277e-05,18654
0.05,0,4,3,Ecal,context_0,0.0028503708782483795,0.003525911083378322,0.003644114144767506,0.010112945072917883,0.010096294832796542,0.0001337032389765394,0.0074076333588512355,0.007155660821120148,0.009765774643303507,3.171571875777086e-05,19550,0.007642917694043847,0.010452011842298577,0.0002825974711954443,7523,0.00758490792263199,0.010350903989556095,0.00018278062544478088,17803
0.05,0,4,3,Ecal,context_1,0.02137630548297151,0.011546660411697742,0.011364145875247932,0.012611415943323425,0.012589850160391302,-0.00011488553310666128,0.010220375361147328,0.009886163368981371,0.012149535870412365,-0.00012094142135753427,930,0.009971657461774714,0.012676769437548552,0.0006031663387930825,359,0.01069053620555286,0.013088603444358051,-0.0004111824143507226,851
0.05,0,4,3,Ecal,pooled,0.0036913792648752344,0.003941427003696868,0.00404672567132202,0.010226666522268484,0.01020952756984064,0.0001223883680334977,0.007535659305016661,0.007279653368459549,0.009874021613089212,2.478353417245671e-05,20480,0.007748984374659856,0.010553342466086288,0.0002971983622722715,7882,0.007726587437415181,0.010475798502048668,0.00015568388764774146,18654
0.05,0,4,4,Ecal,context_0,0.006176860575879874,0.004395389438127407,0.004471592058714069,0.010164099337653755,0.010158638586330121,9.655980918762655e-05,0.007454114135632685,0.007264276585920388,0.0098888338983471,0.000116451402454425,19550,0.007660726238070342,0.010448118138721749,4.1046126969837056e-05,7523,0.00757527243761757,0.01034635883874967,9.817463719181243e-05,17803
0.05,0,4,4,Ecal,context_1,0.03744792473590471,0.02181726934333766,0.021843087654049083,0.01259770198699596,0.012703504695933685,4.929337023853141e-05,0.010297735204276081,0.010016154145361274,0.012300745389168902,0.00028726980090141294,930,0.010353706745965235,0.01262677405408939,0.00037332521466159555,359,0.01058184401899331,0.01290996140402607,-0.00034746986438468816,851
0.05,0,4,4,Ecal,pooled,0.006517947048981306,0.0049625803857355055,0.005035299906015053,0.010274868217813538,0.010274201354002548,9.440841010324968e-05,0.007583545586349395,0.007389239775875467,0.009998359176006489,0.00012420829261827748,20480,0.007783382924486768,0.01054734897780028,5.618038128109578e-05,7882,0.007712432961674114,0.010463311008957145,7.784422704698547e-05,18654
0.05,0,4,0,Ucal,context_0,0.005671321382163546,0.003954593523051516,0.004033035240192034,0.010172067181351859,0.010157916649894828,6.925356171328558e-05,0.0074544453198009345,0.007254285805136956,0.009858467995988258,-0.00019374231433929385,19550,0.007685928283996854,0.01050416082752399,0.0003583300187757924,7523,0.007576428815393523,0.010376107150666326,0.00023590228329654062,17803
0.05,0,4,0,Ucal,context_1,0.016956272538772882,0.017662403700197223,0.0172674295780507,0.012834397979813984,0.012809926827496357,1.9628112421971616e-05,0.010454177971337443,0.00968152099559384,0.012084357013865824,-0.0004227780767025486,930,0.011890381066164931,0.014144942716339962,0.0006025765495878076,359,0.010692690399537776,0.013101204722374459,0.0002571830677019583,851
0.05,0,4,0,Ucal,pooled,0.005387522028346798,0.00400361356597786,0.004094205386592409,0.010293246947999574,0.010278344846436305,6.69947889235244e-05,0.007590982410882441,0.007364506934391102,0.009959545964085237,-0.00020414286409504713,20480,0.007877427719266878,0.01066998684859541,0.00036945467045829854,7882,0.007718593423955053,0.01050042676219863,0.00023687311783760477,18654
0.05,0,4,1,Ucal,context_0,0.006664155671507539,0.005438567641175274,0.005392245458511327,0.010188067596152109,0.01017720472259728,-2.9600324257457837e-05,0.007491525816456797,0.007369038045711224,0.009964962038169841,-0.00019859066475992618,19550,0.007484108191783261,0.010299006739988945,6.067353519499025e-05,7523,0.007629167714366978,0.010386186928819008,0.00011782600344924829,17803
0.05,0,4,1,Ucal,context_1,0.02677638047854801,0.013023897726105665,0.012305911147488252,0.012387062318592603,0.012416676787609245,-0.00033130865091475373,0.009998187387936583,0.010321617410868726,0.012500135166325196,-0.00044091812144684536,930,0.009866379761762273,0.012595128838406112,-0.0011114244839607176,359,0.009700336643482627,0.01217571845372261,0.000117573125417028,851
0.05,0,4,1,Ucal,pooled,0.006264414678796557,0.005658194909016089,0.005597082663274761,0.010288157963389276,0.010278899498986983,-4.3333007153633886e-05,0.007605620077197114,0.007503115136023553,0.010080084646040178,-0.0002095947924317443,20480,0.007592613075521204,0.010403587789637734,7.288202934536163e-06,7882,0.007723654942772544,0.010467825790601628,0.0001178144670921442,18654
0.05,0,4,2,Ucal,context_0,0.0069320674791672225,0.005378325626894328,0.005374699653170268,0.010145407881734023,0.010125154600909807,-2.9596214035990956e-05,0.0074303646455965095,0.007243705280982625,0.009843556798829,-0.0002340808377393981,19550,0.00767449040085208,0.01050383525301181,0.0003605372396599941,7523,0.007532180773294863,0.01032541909089374,3.0095996335671937e-05,17803
0.05,0,4,2,Ucal,context_1,0.011874887613623085,0.009000069740413197,0.008759391718804795,0.01204735140558811,0.012053355657524674,-0.00015905436615799075,0.009625297313051246,0.009623486364400516,0.011921996190913662,-0.0007135534478772071,930,0.009951712734851997,0.012334945883399555,-0.00024882199704481036,359,0.00948957586277946,0.012063019950961701,0.0004847890245438182,851
0.05,0,4,2,Ucal,pooled,0.006238654240186478,0.005221891399976018,0.0052161653018356164,0.010231977541872012,0.010212714512172103,-3.548868565291029e-05,0.007530270122633117,0.0073517715118214255,0.009937939056379718,-0.0002558537638833513,20480,0.007778210626417415,0.01058723651110737,0.00033278286691487544,7882,0.007621477611568231,0.010404688863163378,5.0839202457958444e-05,18654
0.05,0,4,3,Ucal,context_0,0.0033633111148071745,0.0029676869063829233,0.003009374831297746,0.010126979038260563,0.010110469556881623,5.620302397856388e-05,0.007416566303981897,0.00714890057244874,0.009761655409963292,-2.549368935777708e-05,19550,0.0076568659534126966,0.01047004448404001,0.00013956451491680167,7523,0.007608954709801441,0.010383182800806924,0.00011069059626397099,17803
0.05,0,4,3,Ucal,context_1,0.02344223041702048,0.016051442744946035,0.01584955949775935,0.012629622263859993,0.012612491473247741,-0.00016578779007508376,0.010264716326981504,0.009861783731368281,0.012121226467813054,-0.00025502976871305896,930,0.010065252620280619,0.012663550388903298,0.00042400761276566553,359,0.010789199035120066,0.013170900634521691,-0.00031707040991822363,851
0.05,0,4,3,Ucal,pooled,0.004081805782725527,0.0036062679294375584,0.0036370811821831517,0.010240890398282316,0.010224086763044732,4.609879686279891e-05,0.007546203896486984,0.00727209302058327,0.009868803900383227,-3.591695858631283e-05,20480,0.0077665602966511624,0.010569951692850708,0.0001525199922230364,7882,0.007754038226518828,0.010510359163865316,9.11760355123334e-05,18654
0.05,0,4,4,Ucal,context_0,0.0061643990081932925,0.004390427605935951,0.004470986882773843,0.010168842014763807,0.010166491494046342,9.397998223402823e-05,0.007453051794508618,0.00725068749674141,0.009880555365597853,8.646141994944619e-05,19550,0.0075737484572939336,0.010396417605394288,0.0001364605914527521,7523,0.007624271309602424,0.010389251654873973,8.428533916887739e-05,17803
0.05,0,4,4,Ucal,context_1,0.03191553131763557,0.018530502592785617,0.018137486248134552,0.012596183137072763,0.012681931105501512,-2.0464116307062525e-05,0.010275220971937492,0.009931670682084176,0.012215815001462776,0.0002314520699362601,930,0.010035589430740616,0.012426244868367683,0.00011878239618702519,359,0.01075175386600713,0.013083551180060323,-0.00035450824226671885,851
0.05,0,4,4,Ucal,pooled,0.005855106738119405,0.0048215688178012365,0.004901453177016063,0.010279325892629665,0.010280717999839963,8.877089658493145e-05,0.007581506831936255,0.007372431362091448,0.009986599870546797,9.304546802013647e-05,20480,0.007685877473973375,0.010488869773296782,0.00013565540595409745,7882,0.007766947821637398,0.010512166252061365,6.426746966090632e-05,18654
0.05,1,0,0,Ecal,context_0,0.004766189248729525,0.0026537267675668897,0.0025105249535701435,0.025279188029954713,0.025291914967508516,0.000967588629410978,0.016605537759781033,0.01722955127323733,0.02561871919189261,0.00010045423144826607,19580,0.016202870638068585,0.02514057662241727,0.0009576639406970102,7399,0.016086792641312537,0.02496349828563273,0.0019250240187374545,17810
0.05,1,0,0,Ecal,context_1,0.03364866649981522,0.021926912789942552,0.02347665427406599,0.030059708802991324,0.030174206917570518,0.0009885720395545877,0.023588899302103485,0.02436440396640036,0.03052464837143715,0.0008908486366271972,900,0.02236166394014997,0.029295380833024635,-0.0014921584291251626,381,0.023304482604618426,0.029902626512813623,0.002264015707704756,810
0.05,1,0,0,Ecal,pooled,0.004912390196855785,0.002495492506013726,0.002748138351083827,0.025492414756414172,0.025506468812970227,0.0009685245575383305,0.01691701832686713,0.017543094604479847,0.025834311782790564,0.00013518836058210582,20480,0.016504477353761773,0.025344044540700224,0.0008376919197584179,7780,0.01640077378364754,0.025178358321294197,0.0019397707033810374,18620
0.05,1,0,1,Ecal,context_0,0.0036340502258845916,0.0038840535084190414,0.003702889682260591,0.025230614188062012,0.025248408198900167,0.0012392214275446576,0.01652344875873571,0.017069740551956706,0.025428553042489564,0.00017425572353132654,19580,0.01615004307624536,0.02506295615440701,0.002028863599637438,7399,0.016077993134562717,0.02508265568280215,0.0020819763996539524,17810
0.05,1,0,1,Ecal,context_1,0.05063715409940567,0.032083871404568254,0.038424629022370246,0.03040921144143022,0.030232428503562433,-0.00025265377294583964,0.02349997528560107,0.020140261710104017,0.02807030545166021,-0.0014573337696492672,900,0.028232933743184634,0.034123348487721965,0.0017159351898147052,381,0.025006746946845525,0.03126097585643745,0.00015991363720393474,810
0.05,1,0,1,Ecal,pooled,0.004599772144218017,0.003978161447470159,0.003092729373087474,0.02546159641623592,0.0254674325286949,0.0011726789564647595,0.01683462446197111,0.01720467556378935,0.025544645677658195,0.00010255501338178874,20480,0.016741763043353827,0.025506659172272433,0.002013538956431466,7780,0.016466408311144303,0.025351422564684246,0.0019983635727160087,18620
0.05,1,0,2,Ecal,context_0,0.007021890354555169,0.0037458319909397415,0.0037698356510848267,0.0253393289838546,0.02535088270749598,0.0006582507180239777,0.016626914655256793,0.016907962027316925,0.025305156353792123,-0.000382924767114047,19580,0.01622394788650294,0.025269199823090262,0.0015515592903329772,7399,0.016485344951555073,0.025406032282962888,0.0014317838944691342,17810
0.05,1,0,2,Ecal,context_1,0.022628125624426378,0.02120299594925195,0.023110738525372553,0.03049208663728793,0.030509374301293083,-8.170414112048649e-05,0.024073680582185043,0.023781914826896455,0.030840480307298194,-0.0008094259185923471,900,0.022161382829814447,0.02842817029758696,0.0001450315254723306,381,0.025297352956768906,0.031075787652617343,0.0006202258721545891,810
0.05,1,0,2,Ecal,pooled,0.0054757003360549495,0.003884570432671603,0.003430604768045564,0.025569158682091142,0.025577574232614017,0.0006252463321350896,0.016959064560401995,0.017210040031204698,0.025548407894717684,-0.00040166749349737076,20480,0.01651471430210727,0.02542390004812667,0.0014826792031335035,7780,0.016868681497431724,0.025652675776487062,0.0013964798129398764,18620
0.05,1,0,3,Ecal,context_0,0.009270354977805952,0.004577906046778563,0.004342576795679414,0.02522598134820146,0.02524546192237223,0.0010526140054260384,0.016496536161557343,0.016915964831020664,0.025440603253430193,3.931504675207148e-05,19580,0.016070643063533434,0.025029095920426604,0.0014300168513172236,7399,0.016212357030967055,0.02507182404195371,0.00200982848909181,17810
0.05,1,0,3,Ecal,context_1,0.06066866932485893,0.03765273365652631,0.043070932022660054,0.031311947274583446,0.031254413048425675,-7.530564949137351e-05,0.024458793051173846,0.023855437719159656,0.03083056560866276,-0.0008654031157493591,900,0.023148960905672686,0.03036190049641514,-0.00033562787835366456,381,0.025745294095925342,0.03229368964718931,0.0009250282873342067,810
0.05,1,0,3,Ecal,pooled,0.0077398470922497,0.004916125203699892,0.004167148694695002,0.025497435161172123,0.025509527157403875,0.0010023051317393423,0.016851678635025517,0.01722092213567521,0.025677466833494124,-4.4307562347967177e-07,20480,0.016417280479710177,0.02529025254554892,0.0013435501878204872,7780,0.016627055152482428,0.02538598683144033,0.0019626379325169627,18620
0.05,1,0,4,Ecal,context_0,0.006755556267336401,0.00497412453028694,0.0048821434043294434,0.025100968962606024,0.025069229996325874,0.0009598422547425425,0.016388557541823258,0.016810294303879432,0.025215545201324976,0.0003747501468573211,19580,0.016267280333355352,0.025190445594678382,0.001247348430261755,7399,0.01597529107716263,0.024937833625445972,0.0014836404175570278,17810
0.05,1,0,4,Ecal,context_1,0.021254518236675398,0.0207726250339936,0.02523130176008525,0.030916854643930125,0.03071707481685372,0.001278130548713539,0.024460740809674926,0.02492150102638536,0.03125961021377912,0.002350318899585141,900,0.02351488792911915,0.029752093753649112,0.0028541884397271424,381,0.024393686183072902,0.03108388413323009,-0.00065452077506501,810
0.05,1,0,4,Ecal,pooled,0.007347278926826635,0.004359049983455712,0.004193784356715294,0.025360376320960304,0.025317426301915476,0.000974038944646411,0.01674860308817731,0.017166743818052055,0.02548115352706759,0.00046156713306118037,20480,0.016622208160345844,0.025413837361846485,0.00132603815309033,7780,0.01634150482774197,0.025205196724871596,0.001390626960735124,18620
0.05,1,0,0,Ucal,context_0,0.0023714537929713873,0.002226363108771152,0.002408164550232727,0.02544495124217464,0.025445685034423633,-0.0003381046044025107,0.01676861203160778,0.01740537610654629,0.02578327292327905,-0.0011363695028396865,19580,0.01649909122523657,0.025444129050156982,-0.00027691500402653694,7399,0.016180534763727075,0.0250733479228436,0.0005140730967888466,17810
0.05,1,0,0,Ucal,context_1,0.034864623537013154,0.021920238707021898,0.023798113451101673,0.029596700955722133,0.029775598082057812,0.0006610227437865386,0.0232043385092349,0.02381101630214188,0.02988916679938686,0.0003179313697748714,900,0.021600487429325976,0.028481533140551515,7.703775183109474e-05,381,0.023284656099147268,0.029796280805452692,0.0013169246185341,810
0.05,1,0,0,Ucal,pooled,0.003195546633172708,0.0019881275852739913,0.001986813131850657,0.025630132740703387,0.025635964416399745,-0.00029354028518187715,0.017055666299199895,0.0176868739667043,0.025963707712756447,-0.001072459796523617,20480,0.016748915383817297,0.025592875959982216,-0.0002595813279363367,7780,0.016489575487770598,0.02527880311268857,0.0005489984315156809,18620
0.05,1,0,1,Ucal,context_0,0.0034865518089726407,0.0032462552056261537,0.003401431301027205,0.02544139210620763,0.025485658409291522,-9.020865489192587e-05,0.016744617402278086,0.0173998800700909,0.02570983371569535,-0.0009635196330902891,19580,0.01616555999232911,0.025138424576912417,0.00048681329026997516,7399,0.016264797230489063,0.025272137195229843,0.000630175600069952,17810
0.05,1,0,1,Ucal,context_1,0.03935208114567758,0.030725879839156346,0.03667968533550012,0.03008152933490415,0.029930110539803524,-0.00040064914136882717,0.023179491461641704,0.02028579151050912,0.0281521630408113,-0.001609461319943269,900,0.027238363199659534,0.03315172572189385,0.00047965629363623194,381,0.024485540626869525,0.030781140250015864,0.0005284059079892841,810
0.05,1,0,1,Ucal,pooled,0.00379658467557829,0.003128497311188805,0.003205947714257813,0.02564835727142103,0.025680971247058162,-0.00010405530713644806,0.017031633649251834,0.017526702350187405,0.025817162641115488,-0.0009919057423758205,20480,0.016707814236801205,0.025530849735811892,0.00048646279981785995,7780,0.016622412813253197,0.025511787704057806,0.0006257484544960884,18620
0.05,1,0,2,Ucal,context_0,0.008863306951325898,0.004897489811324384,0.005203851375707521,0.02538459202766011,0.02537576891253673,-0.0005692087374857983,0.016617487718203615,0.016953814894995967,0.025346768047845854,-0.0013618094875145251,19580,0.016281086734491905,0.025373728432374638,-1.6298585605711562e-05,7399,0.016387490231223753,0.02543068822453155,7.246113740480864e-05,17810
0.05,1,0,2,Ucal,context_1,0.01835710507422074,0.018307770406670944,0.02001264207610376,0.03050777466759702,0.030585442726914807,-0.0004043151298916437,0.02413032558893171,0.024140685767763192,0.0310143402780846,-0.0009945436608460214,900,0.0226398401421903,0.02870114100470606,0.001127072348408499,381,0.02481989447073436,0.030794710934415093,-0.0004688249464020317,810
0.05,1,0,2,Ucal,pooled,0.00774507122506157,0.004319043351922761,0.0048814151201741944,0.02561310258440303,0.025604709656332644,-0.0005618539479491222,0.016952584646268726,0.01726964418139687,0.02559583128062002,-0.0013456698759910068,20480,0.01659248584096145,0.02553667755706079,3.969425833508717e-05,7780,0.016754313401685813,0.02566403185476816,4.891432065488701e-05,18620
0.05,1,0,3,Ucal,context_0,0.009743751393880238,0.006313067110154559,0.006286326261139905,0.025237874497896384,0.025273182184112397,4.058327341955902e-05,0.016454391298079227,0.01684590181273021,0.025376480718312614,-0.0008270793819878026,19580,0.015860847803543895,0.024991138751521896,0.0004412067759792649,7399,0.016270553703424572,0.025187997349759104,0.0008280409655833365,17810
0.05,1,0,3,Ucal,context_1,0.041615932236843706,0.03694659565173487,0.04223536586212747,0.030815243176873845,0.030666089289460643,-0.0006170807854374421,0.02403076071628881,0.023091948541502157,0.029984295451819586,-0.0010132554049293201,900,0.023547476944648062,0.03049584264177071,-5.7827515082722263e-05,381,0.0253012077216013,0.03188875497492709,-0.00043994293168739035,810
0.05,1,0,3,Ucal,pooled,0.010148567222967947,0.006623084870087324,0.006443961832412032,0.02548664322459736,0.0255101751721404,1.1249324036666762e-05,0.016792321939151672,0.017120386288115696,0.025578972576718685,-0.0008352609454959747,20480,0.016237275271765064,0.02526071358213691,0.00041676820722674345,7780,0.016663401703141175,0.02547949110251883,0.0007728816231134498,18620
0.05,1,0,4,Ucal,context_0,0.007335067710149797,0.004581180712913696,0.004806069120792382,0.025282512484521635,0.025251594551740142,-0.00029325211652836094,0.016557449854163634,0.01698341631883255,0.025377684556539014,-0.0006985064904158888,19580,0.0164455620017885,0.02544376001517592,-0.0005162771242923842,7399,0.016135632607757477,0.025110893189214986,0.0002449310767991967,17810
0.05,1,0,4,Ucal,context_1,0.02017064393793863,0.02011457263725217,0.025336069718917893,0.031205248806374177,0.030961730381534283,0.0003807544583541135,0.024726892409499667,0.024780623382992216,0.031153259019095762,0.0009407725599077012,900,0.024070887359499617,0.03045976536273296,0.002248452648794244,381,0.02497575666617464,0.03161366856017403,-0.0011199977662828234,810
0.05,1,0,4,Ucal,pooled,0.007433423677781892,0.00453172696121729,0.004610088973182259,0.025546685727887538,0.025502528255197894,-0.0002631892379430526,0.0169218334800853,0.017326067019894253,0.02563149398116309,-0.0006264678602747153,20480,0.016818987318149417,0.02568940243643803,-0.0003808835454304298,7780,0.016520192247248235,0.0253937743949334,0.0001855544729916545,18620
0.05,1,1,0,Ecal,context_0,0.0032856877706623697,0.003640887642756414,0.0035981215252631348,0.0078085038117297135,0.007805551243082978,0.00015840030552110305,0.006151047169570893,0.006111735905776173,0.007715602675123273,-0.0002865881512039586,19570,0.006137653507793117,0.007855412952598027,0.00045854263609433437,7676,0.006199734222564187,0.007889897251024241,0.0005159357026421511,17913
0.05,1,1,0,Ecal,context_1,0.04688508720562186,0.02621750755037084,0.0302069986700707,0.021591142297190904,0.021640371571073777,-0.0020868127338735704,0.020426591828423327,0.01901968169425215,0.020273284100963233,0.0011683348238795668,910,0.020981926340810073,0.022092170694151952,-0.0036100670995731507,372,0.02170481061828988,0.022796938005402417,-0.00493863851186775,840
0.05,1,1,0,Ecal,pooled,0.005363287050678535,0.004181928193091262,0.004397184779404213,0.00842707699897509,0.008420282029141163,5.7633780498461877e-05,0.0067917422852851305,0.006685282325088337,0.008273585590040966,-0.00022194069479155586,20480,0.00682379534351408,0.008513473822361702,0.00027048065527073787,8048,0.006894250522484711,0.008557625840246108,0.0002716098699653358,18753
0.05,1,1,1,Ecal,context_0,0.004519341657371263,0.0035170760174788526,0.0034239085033668255,0.007845339770056794,0.007839089986154882,0.0001659386463648255,0.0061908906114970155,0.006038266282545771,0.0076606210099243385,-0.00019015692893984857,19570,0.006192906122458608,0.00789059447669975,0.00027856771572609007,7676,0.006356769417695568,0.00802775315740681,0.0005067106930513329,17913
0.05,1,1,1,Ecal,context_1,0.035336799823964704,0.029655709714673913,0.03338884062227786,0.02155165051467893,0.021624161974526337,-0.001457350746387024,0.020395638491400112,0.01990170324896718,0.021179586741753475,0.0014773722123968733,910,0.02046007312513808,0.021526144053730663,-0.0029792923239930985,372,0.020902199666237548,0.02196601532043479,-0.003962631253082128,840
0.05,1,1,1,Ecal,pooled,0.005203809610166703,0.003604527242766586,0.0035006469527201337,0.008460487321929389,0.008451610274700686,9.308443237993888e-05,0.006828408324767767,0.006654268608690473,0.008261317241172605,-0.00011606261650740635,20480,0.006852372589282262,0.008520865903471059,0.0001279807456993085,8048,0.007008300447865422,0.008652087408830236,0.0003065162049826448,18753
0.05,1,1,2,Ecal,context_0,0.0045876232568808645,0.002671531478058399,0.00243967573113669,0.007756403990958398,0.007758864526879038,5.555264167542892e-05,0.006097570087833858,0.006060173100181301,0.007666509857058133,-0.00022713118554014422,19570,0.00603808980646731,0.007738445164268635,0.00047781745601812334,7676,0.006163914624657961,0.007862309208068808,0.0001834384108773629,17913
0.05,1,1,2,Ecal,context_1,0.03155547390720867,0.030199056842692557,0.031821277458785345,0.021741452200997016,0.021669622618634046,-0.0009478162377230072,0.02055819327859638,0.020391990723354476,0.021683985081624117,0.0006739278620743489,910,0.020427871966153702,0.021518794270495193,-0.001372513481445851,372,0.020795959770856867,0.021902313901920847,-0.0025166254712357407,840
0.05,1,1,2,Ecal,pooled,0.005855575502049535,0.0024218485073239887,0.002377496697640593,0.008384061449592986,0.008376969500682604,1.05208368895005e-05,0.006746571640482873,0.0066969872621484685,0.008289356656587189,-0.00018709389387367993,20480,0.006703223872496552,0.008375409611027616,0.00039229023077749233,8048,0.0068193253814865795,0.00849120079569936,6.249489992044897e-05,18753
0.05,1,1,3,Ecal,context_0,0.007041791090459828,0.005129128221515711,0.00514709629519963,0.007782353827698969,0.007770011125462291,1.6005699332008176e-05,0.0061067729587327545,0.006013745771160404,0.007651787858402121,-0.0003021150328671987,19570,0.006080392166708148,0.007834903929857445,6.467491337847996e-05,7676,0.006219709988843388,0.007902478956653965,0.0003426979252080625,17913
0.05,1,1,3,Ecal,context_1,0.033890036736676864,0.02795583763961089,0.03091641132390907,0.02133772519794442,0.021179790807509608,-0.00041250720563977534,0.020172791409812707,0.019994487691220347,0.02122326471508931,0.0012421310480151858,910,0.019730222101012867,0.020746713697438388,-0.001239170991284873,372,0.020561948751232455,0.021723457718880602,-0.0018389380182183923,840
0.05,1,1,3,Ecal,pooled,0.007486611620000692,0.005479653367104182,0.005407521198553783,0.008390727128764108,0.008365855828131385,-3.2262201356453146e-06,0.006738064410969206,0.006634960377959942,0.008254817347639687,-0.00023349862985924119,20480,0.006711323669635752,0.008431722174581614,4.4076821987126505e-06,8048,0.006862139496677164,0.00852155975227442,0.00024497627040732543,18753
0.05,1,1,4,Ecal,context_0,0.004203910116539322,0.003187850580453462,0.0032177301080233696,0.007818445439169906,0.0078080108859433246,4.0512625625049624e-05,0.006160582116867691,0.006076131008401719,0.007682792575198036,-0.0003332720208088841,19570,0.006207687876353728,0.007899416164213446,0.00021202391311487474,7676,0.006232659623866197,0.00793194933368759,0.0003753780802077653,17913
0.05,1,1,4,Ecal,context_1,0.04302427311373901,0.03826923814732965,0.04246011081847602,0.020978130607144437,0.020880590937300943,-0.0012282484705216697,0.019787235973748703,0.019336044612330395,0.020552340506673226,0.0014258380488052472,910,0.021810857669240045,0.022867824624089764,-0.0035058956453075975,372,0.01937985129299618,0.0206025387227696,-0.003094836546196824,840
0.05,1,1,4,Ecal,pooled,0.004551476032428487,0.0036850918966362767,0.003792093695642519,0.0084090601031246,0.008388872597209704,-1.6430143056309458e-05,0.0067721546192323085,0.0066653166226387835,0.008254632839731357,-0.0002551084386141156,20480,0.006928907951273424,0.008591295879307133,4.017176652775252e-05,8048,0.006821559586649176,0.008499500930063044,0.0002199373354639987,18753
0.05,1,1,0,Ucal,context_0,0.004494970056252366,0.004513502755297127,0.004522039528870717,0.007808875839858399,0.00780588807206896,9.571087949974295e-05,0.006148661936781838,0.00611503169123287,0.0077195179837388946,-0.0003352399449081645,19570,0.006161766900346576,0.007880339497347752,0.000372868029322085,7676,0.006179787387854821,0.00787587624232423,0.00044775963468460597,17913
0.05,1,1,0,Ucal,context_1,0.044769094248304775,0.024339463136910013,0.02909015953916132,0.02202025859364994,0.022058821132226507,-0.0022996891777994047,0.020875188270118528,0.019085568492556666,0.02033808320385895,0.00084310477742782,910,0.021221715526314834,0.022352670505893246,-0.0036842688137004452,372,0.022660480958542655,0.02369540427621576,-0.005091211647682246,840
0.05,1,1,0,Ucal,pooled,0.005547065177250249,0.0046439185340166585,0.0045843928171045946,0.008446691330299499,0.008439197109409944,-1.1796130114875846e-05,0.006809597383987702,0.006691359254182317,0.008280206184437588,-0.0002828818542184308,20480,0.006857877845781491,0.008549289191082707,0.00018533635616050682,8048,0.006918004345108476,0.008584477722005822,0.00019965341822920384,18753
0.05,1,1,1,Ucal,context_0,0.005785652263591215,0.0034470832511332337,0.003409326322651984,0.007840625843385934,0.007837755789640122,9.015387669015933e-05,0.0061852488208195625,0.006053646932573543,0.007668506709811662,-0.00024818273401102,19570,0.006187486782118701,0.00789088840612636,0.0002039702295666874,7676,0.00632806523136176,0.008007128160834322,0.00041101543794410056,17913
0.05,1,1,1,Ucal,context_1,0.030460777733034083,0.02848884131668311,0.03160617606605478,0.02148816684658927,0.021554933423909683,-0.0008589826036213031,0.020331528088697613,0.02012487385872301,0.0213905987137248,0.0017575065554170817,910,0.02014288792927419,0.02127594108113103,-0.003349605066481457,372,0.02063894414653381,0.02168785135332395,-0.0025905225780748185,840
0.05,1,1,1,Ucal,pooled,0.006437141559438869,0.0036773021133053247,0.0036479617408153907,0.008453135773565022,0.008447259288037842,4.7556054917757655e-05,0.006820142427266913,0.006678882113374129,0.008278228571313662,-0.00015906275093584553,20480,0.006832542600550839,0.008509581198758285,3.9714512602235404e-05,8048,0.00696909004279164,0.008619926512121652,0.0002765680464090986,18753
0.05,1,1,2,Ucal,context_0,0.004599671674859956,0.0020127622817476196,0.0018290023757985233,0.007760305843559186,0.007762059306675206,1.2288145781508391e-05,0.006101973566162874,0.006058853357177519,0.007663403605197794,-0.00026445273399413943,19570,0.0060443535118076,0.007751682229920515,0.00045750150821012033,7676,0.006173773601169543,0.007869867148925284,0.00012384741822093242,17913
0.05,1,1,2,Ucal,context_1,0.02870337554782662,0.031052202604559577,0.03244085347900318,0.021259461775714836,0.021222453352600396,-0.0007582687255799153,0.020052369150291852,0.01999670773089587,0.021316330247446075,0.0007935836419954405,910,0.02108771310898886,0.022169591767133855,-0.0017646259217653224,372,0.019654159553881202,0.020794796697044236,-0.001993769651190156,840
0.05,1,1,2,Ucal,pooled,0.005625290856144716,0.0025247230087950484,0.002798488389476954,0.00836615616161579,0.008360152987426765,-2.2294914666217777e-05,0.006728075793897517,0.006678162316165981,0.008270052201118006,-0.00021744037549069616,20480,0.006739697668138543,0.008418116418270833,0.0003547888586138399,8048,0.006777598279902428,0.008448811361606984,2.8993350162205043e-05,18753
0.05,1,1,3,Ucal,context_0,0.006837072277303631,0.005284095675278036,0.005349246258938916,0.007790184197257847,0.007773076892557496,-6.737043439421991e-05,0.00611243043458254,0.006024547925577763,0.007661068000234416,-0.0003708010806864357,19570,0.006113980482310569,0.007867731880286801,1.8263941823877105e-05,7676,0.0062077780890716335,0.007898013592714682,0.0002274326849095567,17913
0.05,1,1,3,Ucal,context_1,0.03251585010218699,0.028987365888418583,0.030398592411162013,0.021260494392813543,0.021159817122309636,-0.0001783182284497181,0.02008220938567167,0.01993720572400879,0.021181030366646515,0.0020573934929056484,910,0.019286416941672883,0.020337749486013006,-0.0016508710981216481,372,0.02059171905386306,0.021755224594172822,-0.001948208703349034,840
0.05,1,1,3,Ucal,pooled,0.007461322452989257,0.005735843449047932,0.005697721283081548,0.008394739901134016,0.008367897869563084,-7.234983878468896e-05,0.0067394025996004355,0.006642737310176017,0.00826180851553886,-0.0002629076694574906,20480,0.006722845587042525,0.008444129314348698,-5.888792632469837e-05,8048,0.0068520755566994695,0.008518717332981563,0.00012997954321824245,18753
0.05,1,1,4,Ucal,context_0,0.003540175762185972,0.002987483838727044,0.003060050630823396,0.007820383574753467,0.007806505143237525,-2.144527708782714e-05,0.006164065299841043,0.006064683214538123,0.007669414982699832,-0.0003802367582665942,19570,0.006213163947293447,0.007907067597517938,9.601983984756618e-05,7676,0.006251600955037464,0.007948171705594172,0.0003201997320715762,17913
0.05,1,1,4,Ucal,context_1,0.03533638188891429,0.03705886279809434,0.041207553881342104,0.021108409238464184,0.02099497371921871,-0.0008490585759773668,0.019918639901024795,0.0193531220717417,0.02059163341067148,0.0018122691415495924,910,0.02158561452061579,0.022638461174210533,-0.0029272659110926814,372,0.019793052598834036,0.020990655289885276,-0.0028118146406043145,840
0.05,1,1,4,Ucal,pooled,0.0038349056836238056,0.0034953482478010524,0.003816587760468154,0.008416758238114948,0.008392516198127312,-5.858906466092422e-05,0.006781378962913142,0.006655136308290821,0.008243595586677088,-0.0002828158418196836,20480,0.006923719565245225,0.008587991853299455,-4.372448164221662e-05,8048,0.006858160939082104,0.008532381496603852,0.00017990793486324965,18753
0.05,1,2,0,Ecal,context_0,0.0021004857554525716,0.0018616001274662872,0.001967051653915877,0.008664863394307885,0.00867127064893139,6.763981825408452e-05,0.006988019379698775,0.006911878801684397,0.008526679153171957,0.00035980137671982307,19580,0.007049379607666599,0.00876444900919147,-6.935077948626229e-05,7837,0.007044444454336335,0.00877242219522407,-0.0001919796018402259,17899
0.05,1,2,0,Ecal,context_1,0.046246887839623774,0.028577904687184547,0.02659939570978045,0.02793970909843877,0.027864311723811274,-0.0006593448174525204,0.02727828581722342,0.026294639986008405,0.02705095585299811,0.002338918714473645,900,0.027646336269000885,0.02822638236750311,-0.0033249378571627844,355,0.028197437263889086,0.028790024458218013,-0.0027935124783982023,821
0.05,1,2,0,Ecal,pooled,0.003653782677138519,0.0030591844319472123,0.0030480817527618834,0.009509195342353456,0.009514714836792322,3.579435691616016e-05,0.007876831692416136,0.007763660299042385,0.009340734281582285,0.0004467743066015828,20480,0.0079419479200169,0.009607831131042133,-0.00021043151832600415,8192,0.007972147824883492,0.009650330926950461,-0.0003060746067362782,18720
0.05,1,2,1,Ecal,context_0,0.005286126644315869,0.0033221602584926056,0.0032141141213597913,0.008647648849179103,0.008641762010489482,0.00011620737868075505,0.006962942853089896,0.006878255259348374,0.008522163627886112,0.00035582652716945946,19580,0.006999360766089265,0.008728549261995138,8.714560139341989e-06,7837,0.007039638528897646,0.00874949722605365,-9.885054123095943e-05,17899
0.05,1,2,1,Ecal,context_1,0.02627099220732346,0.026227450878838134,0.024370694562942385,0.027015806690861312,0.027095843807866154,-0.0006923580386089107,0.02637905387121732,0.02605109110267626,0.0267698738440716,0.0018004001739124456,900,0.02689703764839911,0.027446625437128398,0.0010447549882908942,355,0.02651459863466119,0.02709911839267121,-0.004176106535342956,821
0.05,1,2,1,Ecal,pooled,0.0059280494500627366,0.0035942597824767494,0.0036371263767485005,0.009452263460913832,0.009452732401975762,8.078828249799539e-05,0.007813462908661143,0.00772081152199462,0.009324064955745826,0.0004193087675048446,20480,0.00786162581653116,0.009539696361869687,5.361133162296028e-05,8192,0.00789374869165576,0.009554253581704987,-0.0002776660952462345,18720
0.05,1,2,2,Ecal,context_0,0.007714504680478813,0.0032759133733089602,0.0032002277439187377,0.008627302347185188,0.008615862659296885,0.00010264133099821367,0.006954541200108847,0.006864273394205901,0.00849259406175042,0.00047695402786577075,19580,0.00700519027118782,0.008707037384944322,-0.00015008743175958907,7837,0.007031110107284317,0.008739750234659036,-0.00019616906572416566,17899
0.05,1,2,2,Ecal,context_1,0.02224469907737877,0.019138550000281942,0.018102220739403062,0.027164019112344444,0.02722760932678102,0.0003513244971245355,0.026518721005166945,0.027599892765283584,0.02827825984807633,0.0026882401357094447,900,0.025211717167370754,0.0257783656803773,-0.003930468605437749,355,0.0258986622698596,0.026541717414646074,-0.0003590135337120142,821
0.05,1,2,2,Ecal,pooled,0.007513890536387569,0.003936643825308563,0.0038031506385852905,0.009439300659230905,0.009433761682770308,0.00011353486266765671,0.007811547388395912,0.007775506667348964,0.00936208132775107,0.0005741296869018697,20480,0.007794169403041451,0.009446822729778148,-0.00031391010224979254,8192,0.00785858127851692,0.009520488218353981,-0.0002033109091118806,18720
0.05,1,2,3,Ecal,context_0,0.0037438257455072958,0.003058001847345945,0.003138122888333966,0.00857781964799193,0.008580417392294214,0.0001444117448811645,0.006891917772061701,0.00673669067889726,0.008401052361538309,0.00035859557426134097,19580,0.007011202642074026,0.00868257677484519,8.496019598992637e-05,7837,0.007009494785183841,0.008725320729930191,-6.385673886671088e-05,17899
0.05,1,2,3,Ecal,context_1,0.023279297316892447,0.021628002400666136,0.021296527266798378,0.027265913603488207,0.027201990184540073,-0.0023615254988258627,0.026645544466880187,0.02546273321327236,0.02623551307511257,0.0003347769007086754,900,0.026949599149151588,0.027499466790312666,-0.0014719271901207911,355,0.02781069759238652,0.0282944752285983,-0.005701939090995638,821
0.05,1,2,3,Ecal,pooled,0.004413170683818898,0.0041917248812195895,0.004253044652622029,0.009396449016906732,0.009398748227890955,3.463951079237761e-05,0.007757222655131485,0.007559612469958665,0.009184793310865302,0.0003575488552087336,20480,0.007875232275864619,0.009498005968630707,1.7492541928731953e-05,8192,0.007921769758726223,0.009583561960881393,-0.0003111252009980062,18720
0.05,1,2,4,Ecal,context_0,0.004366420941877734,0.0016982660732444645,0.001728867928165267,0.008648724642823865,0.008640960765496659,1.5008712468721596e-05,0.006970537079404291,0.0068790140768191545,0.008511326241257493,0.00020613669987627143,19580,0.007130975076015832,0.008840258144701053,-0.00012475931944478391,7837,0.00700040845831777,0.008715164815373058,-0.00013287239414805493,17899
0.05,1,2,4,Ecal,context_1,0.023614369929326078,0.017750998540254363,0.01760919203714358,0.028156847556815655,0.02822224765699306,0.00019114898959163987,0.02746375744376396,0.027602736326969333,0.0283233011257188,0.0027361766683558623,900,0.027439469833609086,0.02801638591631224,0.0016898536136452581,355,0.027321907391047943,0.028035112685154122,-0.003246810879381362,821
0.05,1,2,4,Ecal,pooled,0.005102965593492411,0.0029041623189204314,0.0030043641002041434,0.009503275266757165,0.009501466537095622,2.272451292675625e-05,0.007868239760793781,0.007789724527265207,0.009381969668797296,0.0003173200969285972,20480,0.008011042903035559,0.009671254892616332,-4.612313887264463e-05,8192,0.00789164513693804,0.009562476631670615,-0.000269439888612614,18720
0.05,1,2,0,Ucal,context_0,0.0021451304919911816,0.0016627306711527292,0.0017706720241758502,0.008692167289599567,0.008696518856061444,1.3769628352327184e-05,0.00701608339594068,0.006912799414525054,0.008527301387781462,0.00029591864775923345,19580,0.007072993432367366,0.008802518429769032,-8.654859046767496e-05,7837,0.007104149567271033,0.008824199943495897,-0.0002509537594958693,17899
0.05,1,2,0,Ucal,context_1,0.05887018628116621,0.033770332199137415,0.03183677354001019,0.02809933377159553,0.028032050942888843,-0.0009740295556153176,0.027436346522674165,0.02656458979472518,0.027323760073437977,0.0023650939824680487,900,0.02888794596451269,0.029424599886865316,-0.004102428976288984,355,0.027764316380532155,0.028376491941414075,-0.0032817389221632813,821
0.05,1,2,0,Ucal,pooled,0.004389916234460818,0.0034488730417341386,0.0034636842706635223,0.009542295531003678,0.009546224855970852,-2.950077817022579e-05,0.007910590195634693,0.007776403483967442,0.009353317638615976,0.00038684920446030446,20480,0.008018343548201301,0.009696175524162243,-0.0002605766101169138,8192,0.008010239148130401,0.009681701638490066,-0.0003838744121961869,18720
0.05,1,2,1,Ucal,context_0,0.004630997174221434,0.0032070681001966994,0.0031419544436336036,0.008634417366695122,0.008629861082158637,9.853935479310196e-05,0.006952077394088465,0.006874634503777899,0.008516967251734661,0.00033249266776689103,19580,0.006974332853609831,0.008698211327180076,1.3891050416899682e-05,7837,0.007027048943114218,0.008734965999725192,-0.00012032298984238006,17899
0.05,1,2,1,Ucal,context_1,0.02393829432494519,0.02318516170659528,0.021543070356218934,0.027737904434462002,0.027884176519319143,-0.0005894547269135886,0.027109322354362593,0.02705534560398923,0.027782970726774592,0.0019527158927586344,900,0.028132066125391236,0.02864686045861265,0.0007970977784462378,355,0.026726259061574355,0.02729546953597867,-0.003975788097324964,821
0.05,1,2,1,Ucal,pooled,0.00474697998902244,0.0036828871422479063,0.003609253119799386,0.009471242973394228,0.00947599799101823,6.840186927607188e-05,0.007835062719407699,0.007761482159548905,0.009363617795071378,0.000403693883708911,20480,0.007891202398468522,0.0095626852580466,4.7831283382038237e-05,8192,0.007890994002262496,0.009548970989215796,-0.00028941149696007243,18720
0.05,1,2,2,Ucal,context_0,0.007584224327163983,0.003197305513132053,0.003119916475690901,0.008609143319946834,0.008599434291533046,7.063354106493519e-05,0.006933643930160139,0.006857041216458254,0.00848580534548277,0.00043739647727242774,19580,0.006941452104761328,0.008649631498946089,-0.00018009474636249828,7837,0.007014022078097643,0.008726337111845223,-0.00022079395222373497,17899
0.05,1,2,2,Ucal,context_1,0.015076164628618716,0.018510306471701113,0.016764174032641792,0.02778037517523996,0.027792914735559397,-5.580297615630319e-05,0.027145675075759032,0.02812990352925327,0.0288245755888056,0.0026918264312876597,900,0.025806059147900257,0.026305044153344517,-0.00262855819728173,355,0.02664598938300026,0.02727362991405093,-0.001955362492843319,821
0.05,1,2,2,Ucal,pooled,0.007503932882472906,0.0034218620043374977,0.003269843281776089,0.009448936477686297,0.009442897787608422,6.509500692939986e-05,0.00781902915674402,0.007791883798563504,0.009379598959691293,0.0005364681061109877,20480,0.007758949114077041,0.009414728116659887,-0.0002861988143649796,8192,0.007875018080091502,0.009539762720318026,-0.0002968666430276174,18720
0.05,1,2,3,Ucal,context_0,0.00562156537829826,0.003893907064302299,0.0038010432725005595,0.008585808277170408,0.008591465667987597,7.21475006534864e-05,0.006898573728491853,0.006761484793116233,0.00842356827716268,0.0002708219423646581,19580,0.00700592857600019,0.008679498296541908,1.974983971018838e-05,7837,0.007001532632046901,0.008722263415353372,-0.00012224353235909058,17899
0.05,1,2,3,Ucal,context_1,0.02728074213229957,0.020273726923162854,0.020349979128963976,0.027371281234530448,0.027290437459615458,-0.0029657802720390878,0.02674695698953519,0.026018995653010076,0.026769948204358417,-0.00012613924220204354,900,0.02718311925484261,0.027741154205565617,-0.0036672144656030225,355,0.02735636941181103,0.027870544112042435,-0.005775363448821235,821
0.05,1,2,3,Ucal,pooled,0.0057739788757949495,0.004727452052484775,0.004835794694633631,0.009408703319782653,0.00941319782679937,-6.0928504919390536e-05,0.007768029409828913,0.0076077621258264115,0.009229805676307023,0.0002533773590585042,20480,0.007880306345896315,0.009505534410763516,-0.00014002461443851644,8192,0.007894231403210702,0.009562046452318208,-0.0003701714945073502,18720
0.05,1,2,4,Ucal,context_0,0.0044822502251698785,0.0016806047299176474,0.0015168571061935682,0.008642136986460998,0.008634185439495788,-2.0458225217724386e-05,0.006972963089626968,0.00688529945358223,0.008512543158543147,0.00017420277170707548,19580,0.007140271175503959,0.008842179276287047,-0.00021556768833990074,7837,0.006995604607294882,0.008696314075977995,-0.00014797313986653635,17899
0.05,1,2,4,Ucal,context_1,0.02281563813296918,0.018494345485175215,0.017630160529092307,0.02831444879922579,0.028386369300920592,-0.0007382885513464724,0.02762431783515508,0.02777492902552088,0.02852908834685675,0.0019398124412529998,900,0.027705173010767345,0.028274292166469435,-0.0004896532114542706,355,0.027424252477455228,0.028096519459104765,-0.003781597246841304,821
0.05,1,2,4,Ucal,pooled,0.004873079205556732,0.002788906778058574,0.0026481845959180463,0.009503879882378023,0.009502201331843558,-5.190268329173015e-05,0.007877592825694581,0.007803300753130316,0.00939217649201396,0.00025179304038829285,20480,0.00803145039321862,0.009684269129316192,-0.0002274451737775962,8192,0.007891540499463773,0.009547145733005082,-0.00030733240225041907,18720
0.05,1,3,0,Ecal,context_0,0.0030564517541708373,0.002100082704621323,0.0021562561921617714,0.007588044652223047,0.007577639609251115,0.0001366341678064801,0.00592335840830565,0.005812113358225633,0.0074435016948944934,-0.0007001188995298372,19390,0.005879753194659541,0.007613726207415032,0.0007712462622080544,7466,0.006064286998572077,0.007736259312278525,0.0007886907117920069,17616
0.05,1,3,0,Ecal,context_1,0.03393578372255798,0.024005727748162953,0.028250196419799815,0.031235127807090413,0.030974889814827482,-0.0027355074749202497,0.030319011223566575,0.030391181942178023,0.03143356227286057,-0.000739721518112432,1090,0.031335861055960514,0.03197712791634875,-0.003909492045322545,468,0.029771576075642743,0.03067881031565668,-0.0043406228885157555,1013
0.05,1,3,0,Ecal,pooled,0.003216045312496762,0.0023817494342838535,0.0024105823091905075,0.008880408038723994,0.008822903414137748,-2.0334481375128695e-05,0.007256632718788311,0.007120276676414505,0.008720316442452258,-0.0007022266560852586,20480,0.007381323459228341,0.009050841407790753,0.0004951452377658664,7934,0.00735343208607396,0.0089838197914466,0.0005097710340255265,18629
0.05,1,3,1,Ecal,context_0,0.004008181733823145,0.0028592478383009544,0.002858690384462736,0.007608837515322873,0.007609559733049801,8.245446664110472e-05,0.005961703199137322,0.005870433766519734,0.007469382108673799,-0.0007251920690543877,19390,0.005960855860050549,0.0076613452696490175,0.0006863946394988368,7466,0.006062522938696635,0.007740082828738322,0.0007154726885177946,17616
0.05,1,3,1,Ecal,context_1,0.042876415091304736,0.027984529320705283,0.03286337541814838,0.030892717321681345,0.03111004561216268,-0.003406901158122922,0.029974136989127566,0.03030502539333127,0.03131550686031264,0.00011911596761110726,1090,0.030772461006656673,0.03155777747862232,-0.006902026299100656,468,0.029249276178875187,0.0301305369163936,-0.005586210241116517,1013
0.05,1,3,1,Ecal,pooled,0.005088072656637603,0.0028860293076746445,0.002933484264912333,0.008881351066375052,0.008860318014701805,-0.00010824623933573162,0.00727403377486729,0.007170907637282653,0.008738536209224889,-0.0006802557526498276,20480,0.0074244090751515905,0.009070915508343182,0.00023877918710854662,7934,0.007323362545347603,0.00895762161186113,0.0003728023998431713,18629
0.05,1,3,2,Ecal,context_0,0.007850907004162341,0.0038463400423881986,0.004101445814234299,0.0076160995121034,0.007604096221997265,7.60227901334009e-05,0.005954544018132451,0.005902781359786038,0.007520306372379595,-0.0007643061689552172,19390,0.006020575798219661,0.007707342712869511,0.000840908394437388,7466,0.005983533838477923,0.0076828687697285585,0.00067680291019441,17616
0.05,1,3,2,Ecal,context_1,0.03129732196460862,0.03507481328817317,0.03833669062967701,0.02974843751045595,0.030051646236023324,-0.0014828135317770342,0.02878260383985934,0.02781585912570494,0.02894859299434289,0.0010735777232351654,1090,0.02591456863710768,0.026854170763688002,-0.0028928531747725275,468,0.031147847880645188,0.03194621377901532,-0.003582090841788295,1013
0.05,1,3,2,Ecal,pooled,0.007935855241630117,0.004979353187848058,0.005011234779108927,0.0088256788542747,0.008798814460048456,-9.170930157221061e-06,0.007202146037596767,0.007069053565101058,0.00866077670528682,-0.0006664891063337564,20480,0.00719405558755664,0.0088367497619977,0.0006206663457368284,7934,0.007351908422444611,0.009002250835025004,0.00044521456026910643,18629
0.05,1,3,3,Ecal,context_0,0.00562496817993037,0.0030961655164474314,0.002802412648440569,0.007638980872170857,0.0076334910420665526,0.00011361405757018121,0.005974813925769474,0.005847773130535465,0.0074623608057576415,-0.0006478836080765466,19390,0.006013859875705777,0.007732883348405868,0.0008398340723085365,7466,0.006098099799825049,0.007793589591527219,0.0006440114864333449,17616
0.05,1,3,3,Ecal,context_1,0.02109357739210459,0.02082004227354933,0.024772627383746356,0.03099244410417614,0.031047780630976057,-0.001797975539778606,0.03006348845294272,0.028510792073238332,0.029645793833246524,0.0021585244394907166,1090,0.030125436711355917,0.030901401814393714,-0.0028996057848199312,468,0.03170558842228172,0.03248351674675408,-0.0055462697379269,1013
0.05,1,3,3,Ecal,pooled,0.0057467670056602325,0.0032284631327672664,0.0032466038768207534,0.008915297305423108,0.008879661728195038,9.141620549078568e-06,0.007291311219933589,0.007053959197310178,0.008643022036224579,-0.0004985191172636405,20480,0.007436120772993937,0.00909951640135297,0.0006192570804839685,7934,0.007490573146464623,0.009136168163014944,0.00030739895327123594,18629
0.05,1,3,4,Ecal,context_0,0.00221940835752774,0.0012742156606695382,0.001212841564631613,0.007591363048287856,0.007584154868192637,7.502878556220002e-05,0.005936428403438617,0.005831215082600044,0.007440764819243765,-0.0007919239780379055,19390,0.006066291809816511,0.007753339731733859,0.0008730822283462261,7466,0.005997198504428773,0.0076884782698226585,0.0006910566626273969,17616
0.05,1,3,4,Ecal,context_1,0.02502299376985691,0.027595454212015015,0.03080516664226457,0.02976984933731802,0.02948410321864153,-0.0018445274744433495,0.028816896932324934,0.028932608223152818,0.029992705281399867,0.0006181702872208499,1090,0.02994550575908178,0.03080439401338271,-0.004157137659051989,468,0.028170979619467483,0.029052100188801246,-0.00342600723141979,1013
0.05,1,3,4,Ecal,pooled,0.0032080159997512885,0.0017697702210907795,0.001713029682184176,0.00880346449269184,0.008749728291141333,-2.9879046516414604e-05,0.007186894670210863,0.0070607325886157925,0.008641038994231565,-0.0007168750156779424,20480,0.007474846401227671,0.00911304396715252,0.0005763664598432812,7934,0.007202955134926073,0.008850180401119309,0.0004671806776217712,18629
0.05,1,3,0,Ucal,context_0,0.004163263369207498,0.002599454907151924,0.0026392000400336695,0.007601497895652786,0.007589611552624076,0.00014971893342397135,0.005936972318606843,0.00581807797181969,0.007444708710487129,-0.0006830507813500891,19390,0.0059152087089429746,0.007646219264610503,0.0007670521436764604,7466,0.006077063627300833,0.007755122586826933,0.0008047141094982191,17616
0.05,1,3,0,Ucal,context_1,0.027789252613960418,0.024447802070904356,0.028848009283472635,0.03155063875276742,0.03132210877453369,-0.0018954604164270147,0.030611842081750565,0.030408771125890247,0.03149785665483342,0.0006089148325247502,1090,0.03081785033369421,0.0315200102127592,-0.0041112323395080036,468,0.03073517424362433,0.031621583119472156,-0.003566524346689128,1013
0.05,1,3,0,Ucal,pooled,0.005306036865860373,0.0028545192959039713,0.00282852212052199,0.008910369377991108,0.008852718094219851,3.7945532312926455e-05,0.007285506429123657,0.007126859980508016,0.008724881135259465,-0.0006142889395960083,20480,0.007384131859987035,0.009054453971408284,0.00047929853413142276,7934,0.007417912092292819,0.009052923033419322,0.0005670167260574664,18629
0.05,1,3,1,Ucal,context_0,0.002551765378439017,0.00221387673918974,0.002199346658025618,0.0076085062759232115,0.0076089996028135334,5.4925726232425325e-05,0.005960217815440032,0.005887000852174646,0.007478338839379252,-0.0007212821980184228,19390,0.005952760336699577,0.007650006798217874,0.0006519916828870454,7466,0.00604396863594367,0.0077341933612510615,0.0006562527708986691,17616
0.05,1,3,1,Ucal,context_1,0.030486607067075795,0.023817329146596317,0.027887929421482584,0.03064246078164955,0.030724571343134506,-0.0030549946297228174,0.029705975435816188,0.029676411058241075,0.030744962990305328,0.00045967617097797744,1090,0.031733926007540054,0.03248037879405499,-0.008074250689142535,468,0.0288008859037235,0.029683059955153454,-0.004517955475680803,1013
0.05,1,3,1,Ucal,pooled,0.0029490930598595434,0.0028475900589808043,0.0025064615551616373,0.008867360877760305,0.00883927173157085,-0.00011503803532956964,0.00725797397133968,0.007153136453962361,0.008716650378661938,-0.0006584284566997667,20480,0.007473504669186764,0.009114667006694275,0.00013725996747113368,7934,0.007281434801183939,0.00892771968363139,0.00037489183076312753,18629
0.05,1,3,2,Ucal,context_0,0.0072127933347937,0.0028820558635254197,0.0031416800342476538,0.0076109166705001785,0.007600354965705591,4.850612550553046e-05,0.005952680279487547,0.005909334767903785,0.0075178244500360945,-0.0007728240388825482,19390,0.005987731746864198,0.007688883923812069,0.0008159202687939275,7466,0.0059855353665774136,0.0076803396179100335,0.0006273025545299216,17616
0.05,1,3,2,Ucal,context_1,0.03565328756849968,0.03593011114801214,0.03979572052912926,0.029664996769808116,0.029931718731776448,-0.001453928465406888,0.028710476333983256,0.027320317700163486,0.028456308132671932,0.0011577113796401462,1090,0.02670265395894774,0.027604323504497614,-0.002014437029695409,468,0.03113390553672775,0.0319175789046983,-0.004005132239359741,1013
0.05,1,3,2,Ucal,pooled,0.0075426134825133245,0.004528991760869625,0.004587580341440856,0.00881621905205154,0.008788889463020885,-3.360512023211017e-05,0.007196442234637271,0.00704888415248206,0.008632226169473256,-0.000670075815924065,20480,0.00720963540142118,0.008863628784381874,0.0006489670023844228,7934,0.007353042961314774,0.008998302117105724,0.0003754019454682313,18629
0.05,1,3,3,Ucal,context_0,0.004581632926649845,0.002692178244655444,0.0024173781141919827,0.007638849920412391,0.007633337946126429,9.67910650827394e-05,0.005977629498032614,0.005852348811044528,0.007462494384834583,-0.0006653871909821383,19390,0.006040126562294167,0.007759398692040516,0.0007759750571961126,7466,0.006089038980260262,0.007781874256577135,0.0006478723945547839,17616
0.05,1,3,3,Ucal,context_1,0.02899014850076094,0.023988987657835695,0.02829906327587771,0.031140125943773897,0.031095555971633965,-0.002294567904465164,0.030187792715970434,0.028580681338837934,0.029735961200780484,0.00216787636040821,1090,0.03042132030121791,0.031271915711561,-0.005297970838653736,468,0.031809175234409334,0.032590137748846414,-0.005708656429155911,1013
0.05,1,3,3,Ucal,pooled,0.0052004116392725865,0.002834926741146937,0.002895734763930124,0.008923244637077197,0.00888205951096057,-3.3901788491812816e-05,0.007300766407526442,0.00706201104030697,0.008647947452675452,-0.0005145933789208357,20480,0.007478291254733833,0.00914632306374906,0.0004176933986055241,7934,0.007487637832879994,0.009130887672094273,0.0003022197187042856,18629
0.05,1,3,4,Ucal,context_0,0.001867254264292453,0.0018562348507439614,0.001786351211794528,0.007583761645031758,0.007577594377255455,5.481054815060802e-05,0.005927418489970788,0.005821104706401921,0.007427552289064338,-0.0007858882859433786,19390,0.0060961331115342516,0.0077688750754974474,0.0008149865766233265,7466,0.005972933981501642,0.007677247256995395,0.0006579937999958103,17616
0.05,1,3,4,Ucal,context_1,0.0209062307868918,0.024837799749432773,0.027026535723178112,0.02986336528413789,0.02959505395633543,-0.001163638686273683,0.028886394667247538,0.028676787910794994,0.029784395897877403,0.0019656186154402722,1090,0.030530578998100553,0.031417984662004884,-0.003423983684908121,468,0.028352330597843846,0.029230112334663234,-0.0034864906107626215,1013
0.05,1,3,4,Ucal,pooled,0.0031943277687141933,0.002057499761381898,0.0019015270321211734,0.00880138936767151,0.008749422059931098,-1.1780293881253311e-05,0.007182175366695881,0.007037544876948232,0.008617442891291205,-0.0006394457799615338,20480,0.007537438969224324,0.009163856583751226,0.0005649439647759963,7934,0.007189871486056618,0.008849239973924781,0.0004326267535575532,18629
0.05,1,4,0,Ecal,context_0,0.011126030032040974,0.00538357756214434,0.005902759953028921,0.008218506914665065,0.008229784320243896,8.230590655747577e-05,0.006202339800460707,0.006173466849891121,0.00809408246091736,-0.00020325412187734834,19550,0.0061061744126696136,0.008219254598980683,0.0003360830743579365,7523,0.006274682573925168,0.008354825133036191,0.00028864938364212136,17803
0.05,1,4,0,Ecal,context_1,0.029232966097402776,0.022833820573044897,0.0273127368436695,0.02374620257096722,0.023706912305065917,-0.0014869186235156571,0.02278396242045771,0.02137385742959156,0.022340099201087028,0.00048098400715858704,930,0.023963254406882194,0.024998541374322454,-0.0013848038696395986,359,0.023827478070726965,0.024754529837223448,-0.003680583304089749,851
0.05,1,4,0,Ecal,pooled,0.010422215813336355,0.005283264290149129,0.005650362312121704,0.008925272030891171,0.008932603120335909,1.0880423863148211e-05,0.006957075898954701,0.006863718961176346,0.00874099630702858,-0.00017218276152561885,20480,0.006919507541053566,0.008983497678446263,0.00025770215417332407,7882,0.007075445357659398,0.009102983635409054,0.0001075720266538174,18654
0.05,1,4,1,Ecal,context_0,0.0023433949478075386,0.001966581858757831,0.002159691963528687,0.00821793012319117,0.008220311047575347,-1.1834069407100993e-05,0.006226295217050169,0.006129496236667609,0.008058671453983172,-0.00020204037084908742,19550,0.006242672671991889,0.0083157489410415,1.7281909398095777e-05,7523,0.006325672427236796,0.008351481548025659,0.00018473357001543112,17803
0.05,1,4,1,Ecal,context_1,0.04100808036710737,0.02577666206332904,0.034928031398782894,0.02468272006151671,0.024686258987493617,-0.003441836207965824,0.023698194297117607,0.02248585682802944,0.023463570856381587,0.000999730781361621,930,0.02321184330041362,0.024274126458413703,-0.0066600461337393705,359,0.025228245829513295,0.026187413204042734,-0.006938099353349867,851
0.05,1,4,1,Ecal,pooled,0.0022222000446029794,0.002510921460742807,0.002681644314787531,0.008967348416283239,0.008968032316331401,-0.00016795548714820333,0.007021553512765337,0.006872241126802692,0.008758210342861616,-0.00014746775505045662,20480,0.007015564356285647,0.009042602217968246,-0.0002868491192096625,7882,0.007188012406079795,0.009165161071949241,-0.00014021179386276492,18654
0.05,1,4,2,Ecal,context_0,0.00645434159271589,0.004104624118423767,0.0046621103166407385,0.00818250124722529,0.00817165548814005,5.95739323817501e-05,0.006168336711946136,0.006077797138096426,0.008038499673103194,-9.676111361864583e-05,19550,0.006273034357389173,0.008332027892943171,0.00016026728218672648,7523,0.006223518888101493,0.008277448268421235,0.0001887001514866708,17803
0.05,1,4,2,Ecal,context_1,0.05330753611312155,0.04135090177281247,0.04767623995464146,0.023554679061608196,0.023458071996747352,-0.002359414638551039,0.02248530139467705,0.021190505122305244,0.022300823993032036,0.001408316195011139,930,0.024692574168314177,0.025702746342938954,-0.007908495438796232,359,0.02296914347172764,0.024018755512581275,-0.004135994741870429,851
0.05,1,4,2,Ecal,pooled,0.008447594551083543,0.00552503730528028,0.005578348402949866,0.008882187748050104,0.008865814050298487,-5.052976724808164e-05,0.006911026528626503,0.006764067569019971,0.008686154048959338,-2.8415317865437827e-05,20480,0.007111985739287432,0.009123208801792257,-0.00020723916501358845,7882,0.006987458339193261,0.008995570519133156,-8.59347745333631e-06,18654
0.05,1,4,3,Ecal,context_0,0.0053848539344416085,0.0034792027305208836,0.003923637726726558,0.008159711671312036,0.008159903002982454,0.00019173639972496398,0.006143791013994057,0.006068013933537257,0.008018423338894687,-3.2838512107234477e-06,19550,0.006285834277577814,0.008366241729856661,0.0003390112297816684,7523,0.0061669809511389105,0.008227591313413251,0.0003436600844565318,17803
0.05,1,4,3,Ecal,context_1,0.03567145861916657,0.019010276619780442,0.02409266595048793,0.023946256245590887,0.02387905968914083,-0.0006842681023979855,0.022991874377095253,0.023197665313879647,0.024133161330402837,0.0022905095290112238,930,0.023310406605679346,0.024117962153230258,-0.004310124950654659,359,0.022632604528362965,0.023669565117838066,-0.002405608394626445,851
0.05,1,4,3,Ecal,pooled,0.005680535493474335,0.0036825313596067243,0.003939284326666802,0.008878258663590339,0.008873712364219136,0.0001518638109351241,0.006910655451569277,0.006845874079226632,0.008750196109016884,0.00010087766459037084,20480,0.007061249332866884,0.009083682434245283,0.00012725788180188642,7882,0.006918146688472334,0.008932057900073781,0.00021823779027299942,18654
0.05,1,4,4,Ecal,context_0,0.004551928386685082,0.0037894414916188794,0.004336776862428842,0.008190637325416897,0.008189784187174294,8.625105946156333e-05,0.006190425696915506,0.006095817219989989,0.008047128068831037,-0.00015596410521613363,19550,0.006330543029946912,0.008379578332338844,0.00020184370965284503,7523,0.006235108785580258,0.008268388421927585,0.0003033887869265952,17803
0.05,1,4,4,Ecal,context_1,0.04768503164240063,0.028384326960619703,0.033792830103666724,0.02338536584686714,0.023359835883418688,-0.001720361766692634,0.022311826659557974,0.021632454219845033,0.022719944853045206,0.0019124521643564265,930,0.023336815240489407,0.024456176016846812,-0.005837727099408014,359,0.022621868338028775,0.023660830797785706,-0.00395347904216949,851
0.05,1,4,4,Ecal,pooled,0.004723419152780132,0.004017317841170404,0.0043973400009845775,0.00888224696970615,0.00887865860502133,4.020511393459228e-06,0.006924214153186879,0.006801338333752937,0.008713422971629825,-6.203699922480155e-05,20480,0.007105124573157361,0.00911181616140994,-7.323950786210656e-05,7882,0.0069826767269940936,0.008970595372815075,0.00010918944509316708,18654
0.05,1,4,0,Ucal,context_0,0.009816404526083351,0.004955504109576618,0.005468321345674541,0.008203811564045,0.008212024163178592,7.300656938023698e-05,0.006188957712138461,0.00615533608114323,0.008073973536921327,-0.00020611094811078532,19550,0.006102442976112586,0.008222855957331182,0.00026610004316377113,7523,0.006262437083316319,0.008338342960976746,0.00029791839680684817,17803
0.05,1,4,0,Ucal,context_1,0.02501156051926908,0.021098077787293015,0.025557090829894217,0.02361884871916628,0.023577455671107563,-0.0014506095915893529,0.02264887239157318,0.021362565317621793,0.022347733987775703,0.00032751933941918034,930,0.023984289725510855,0.02499375997281771,-0.0025961697516667147,359,0.023491235206956448,0.024427948084774238,-0.0029105435614720353,851
0.05,1,4,0,Ucal,pooled,0.009482614228298056,0.004990100335026285,0.005363581457602776,0.008905448868621305,0.008909770808802318,3.657016366902756e-06,0.006938154100899528,0.00684589873690129,0.008722147229269695,-0.00018187871337431715,20480,0.006916904151326235,0.00898671722878001,0.00013573276882424508,7882,0.007048419028379992,0.00907235464535284,0.00015154758483647558,18654
0.05,1,4,1,Ucal,context_0,0.002738411609647405,0.0019382554080808678,0.0018732391710185514,0.008212723975109335,0.008214094186066891,-2.8051541705949282e-05,0.0062249354519728975,0.006114464909829142,0.008042522016751921,-0.00021444745533301702,19550,0.006264667295956412,0.008321893293586083,-1.0054031141606415e-05,7523,0.006329456961641069,0.008353496176591493,0.00016903012090336504,17803
0.05,1,4,1,Ucal,context_1,0.03582489837400811,0.025879100872908713,0.03459312654017405,0.024343257977313876,0.0243715195795702,-0.003118508855733916,0.023347150631875636,0.021916087047867877,0.022913118974576072,0.0006629937398497776,930,0.02288574045705596,0.023966261874307154,-0.005746897579816722,359,0.02510571160236621,0.02606519789920056,-0.00614225252429691,851
0.05,1,4,1,Ucal,pooled,0.001745784258046772,0.0027093471703300833,0.0028372432675721616,0.008946928134644764,0.008947805397783594,-0.00016871809462452698,0.007004277388441161,0.00683201904012094,0.00871779814813749,-0.00017460271355957958,20480,0.007021704249119916,0.009034444463400708,-0.0002713489859721528,7882,0.0071860342479741395,0.009161508300851186,-0.00011889212264040217,18654
0.05,1,4,2,Ucal,context_0,0.005834605477359617,0.004211650607913137,0.004776158703731792,0.008169994160771727,0.008157461323684757,4.10374045293645e-05,0.006157626573729216,0.006086315742462797,0.008040357319622651,-0.00010874431189673636,19550,0.006255592029256008,0.00830849060094344,0.00012512102170493173,7523,0.006194537916161978,0.008253827869980999,0.00016998598084338348,17803
0.05,1,4,2,Ucal,context_1,0.04911808280412761,0.04000463991535423,0.04649864359467866,0.023667963919617133,0.02361104650268746,-0.0025052522996736465,0.022604778630084525,0.021204584364288598,0.02232836967481861,0.0009515616281699109,930,0.025961190462112427,0.026921775364699647,-0.007148847232954084,359,0.02271903106192024,0.023759273366007264,-0.00432403769549836,851
0.05,1,4,2,Ucal,pooled,0.008374051404835107,0.0046850296092958545,0.004762537565868936,0.008875406260566035,0.008859211041285953,-7.486058694150591e-05,0.006906242053578637,0.006772838682809379,0.00868917819317403,-6.0595653485506774e-05,20480,0.007153119285966926,0.009156266448467986,-0.000206185068554214,7882,0.006948389297476456,0.00896119005059204,-3.503246820597987e-05,18654
0.05,1,4,3,Ucal,context_0,0.0041530014628279365,0.0031789062010729283,0.0033415430096570544,0.008178901457976045,0.008178639327330425,0.00018011608582489078,0.006171691198473425,0.006078487731078092,0.00802251374022678,-2.737285040528573e-05,19550,0.006333270616889808,0.008405124206330158,0.00029103129618855277,7523,0.006205762187791649,0.008255040656208376,0.0003610964585561227,17803
0.05,1,4,3,Ucal,context_1,0.019430635479928474,0.023602388436253022,0.026200385557150156,0.023665129021218125,0.02365632033313052,-0.0008405021174210254,0.022669120655160083,0.022822159064072433,0.023782937287262853,0.0021622254082592587,930,0.022120795998732692,0.023019438751676176,-0.004570714652040211,359,0.0227331897872035,0.023808773109753923,-0.0025483638083192354,851
0.05,1,4,3,Ucal,pooled,0.004543220055196887,0.004052762740732033,0.0043430834115821045,0.008883779095064229,0.008881483240191463,0.00013366119908534975,0.0069225951255899275,0.006838820462508011,0.008738197036063867,7.205714864539914e-05,20480,0.007052342123116857,0.009070759695010597,6.95942503354538e-05,7882,0.0069597474395928435,0.008964605699521727,0.0002283661761978655,18654
0.05,1,4,4,Ucal,context_0,0.003574718549201817,0.0036398708388989554,0.004212271939623011,0.008197661324542749,0.008194422177569532,4.861064991396648e-05,0.0061974738438882095,0.006108464874956004,0.008052839180234287,-0.00016538898696375016,19550,0.006354257558989554,0.00841730933743635,0.0001695203986927564,7523,0.006228965247242543,0.008263878305963404,0.0002325172308776537,17803
0.05,1,4,4,Ucal,context_1,0.04147173117896693,0.026319804961051716,0.03347394739746275,0.02345316225747691,0.02332822432111718,-0.0014702467561185917,0.022374983753347507,0.021536874510748413,0.02263183809869412,0.0013811450371498703,930,0.024322206751134733,0.0254753970550464,-0.0042839280762878304,359,0.022469447371927468,0.02349763837421081,-0.0033993686994780664,851
0.05,1,4,4,Ucal,pooled,0.004779020166376798,0.0037737919620524038,0.0041635501917798405,0.008892037111434001,0.008881650497564616,-2.052230161125205e-05,0.006933816178545409,0.006809071367206343,0.008714873799090129,-9.516063528280938e-05,20480,0.007172640426279597,0.009194250911988748,-3.3319997465329196e-05,7882,0.006969859976957718,0.008958846131527816,6.682971470242491e-05,18654
0.1,0,0,0,Ecal,context_0,0.00545436435838092,0.005172164572604128,0.005476487088446694,0.023496951458296663,0.023519822284209013,0.0005741823062213303,0.014383721171741397,0.015442236949256139,0.024148483021285912,-0.0016726008869290094,18560,0.013233317783402648,0.0227283149278263,0.0024594276484511206,7010,0.013698128022009615,0.023100083895964144,0.002260367484451335,16893
0.1,0,0,0,Ecal,context_1,0.008987230652161976,0.007221858345918384,0.007643730418514158,0.023890203593226262,0.023960533815336898,0.001109165399895552,0.01706111862267038,0.018372550051814564,0.024779863681457452,0.005722769819355259,1920,0.016236927602198217,0.023182422653378845,-0.0035995127512263012,770,0.015970602549599578,0.023216691117417705,-0.0019206193765947841,1727
0.1,0,0,0,Ecal,pooled,0.005772998541539447,0.004921837464176599,0.005268728121817775,0.023534003392596665,0.02356113899025225,0.0006245880298723336,0.01463598364061412,0.015716953802620993,0.024207674958176995,-0.0009792848832148593,20480,0.013530590220481387,0.022773258751563507,0.0018597638813879311,7780,0.01390889942421949,0.0231108991844416,0.0018725820758032875,18620
0.1,0,0,1,Ecal,context_0,0.008564199295348811,0.006334273323220012,0.0066367326692419034,0.02355620512114393,0.023587427550730147,0.00083100813993745,0.014425988302308205,0.015581683346857157,0.02432419446597186,-0.0013805528641036102,18560,0.013426203110631285,0.02289451730730525,0.0025246921443139946,7010,0.01357112499601724,0.022987007781121595,0.0025579866141174357,16893
0.1,0,0,1,Ecal,context_1,0.02081845208110358,0.016030311515365454,0.015833704254580958,0.02379668318359837,0.023738127269571297,0.00025392538124224383,0.016731711168188786,0.017981618456542493,0.024875120562925682,0.003759295594257613,1920,0.01681911301883784,0.02372343011136929,-0.0020951872425419944,770,0.015303152153342875,0.022630386193041307,-0.002595810628413602,1727
0.1,0,0,1,Ecal,pooled,0.007800504150706707,0.005043798302354585,0.0054148727360146505,0.023578862791832095,0.023601555649371504,0.0007766358160219909,0.014643231858165597,0.015806677263390155,0.02437584378756128,-0.0008986920711322455,20480,0.013762005248075892,0.0229765562352139,0.002067454724278119,7780,0.013731770049760601,0.022953931224590194,0.0020799733038139394,18620
0.1,0,0,2,Ecal,context_0,0.003260437929250213,0.004655255157870124,0.0046947040777033265,0.02344804052609978,0.023452044364249212,0.0005758030407759393,0.014305415364378904,0.01562771772331526,0.02431774254240234,-0.0016984235692030654,18560,0.013256062087888555,0.02283112424148111,0.0018811773928613022,7010,0.013288072955472173,0.02274851490795033,0.002532765787066825,16893
0.1,0,0,2,Ecal,context_1,0.012264557130582813,0.009917853147613325,0.00975066694631823,0.023768313260764163,0.02382645461386868,0.0010558984758750275,0.016695133001556867,0.018203907778176168,0.024931894194196502,0.006183167104609311,1920,0.015352456629663318,0.022864617916374383,-0.001907113204141716,770,0.015616391389077982,0.02287761842752157,-0.0033232774207995128,1727
0.1,0,0,2,Ecal,pooled,0.002598712382082062,0.0036255637119702424,0.003528819485570717,0.023478216393612847,0.023487145325151036,0.0006210372885752711,0.014530572847386904,0.01586923554095847,0.024375319259758044,-0.0009595244435331551,20480,0.013463545866444668,0.022834439168173633,0.0015062437476566334,7780,0.01350402386496934,0.022760489224722593,0.00198961935205151,18620
0.1,0,0,3,Ecal,context_0,0.006286844912888617,0.004607736896926432,0.004679443287620319,0.02352022998047412,0.023536767777991244,0.00034674695182519824,0.014363094127327263,0.015512665026773025,0.024285245604218728,-0.0021469192181970795,18560,0.013441317126728839,0.022928137026747793,0.0025509165193401966,7010,0.013482588644611443,0.02292542039241525,0.0021718351805195294,16893
0.1,0,0,3,Ecal,context_1,0.012065219056188917,0.007629263237284456,0.008488937014381198,0.024130489781587678,0.024117514442411243,-0.00028492075968630743,0.017082599021000157,0.018263212692302962,0.024898233038644926,0.0038481356343254445,1920,0.014051676202904094,0.021958456936673344,-0.0034220788385960965,770,0.01712141333543709,0.024245370057808937,-0.0034811318516040995,1727
0.1,0,0,3,Ecal,pooled,0.0062080987438536865,0.003948298659648875,0.0040047817158276105,0.023577728221547467,0.023591212777780618,0.0002872316727777085,0.014619323929275924,0.015770528870416457,0.024342713176196185,-0.0015848828257730928,20480,0.013501725415759037,0.02283216611809004,0.0019597588810868617,7780,0.013820088657557517,0.023047845369436458,0.0016475240062726172,18620
0.1,0,0,4,Ecal,context_0,0.006888226443899375,0.006051725626150316,0.006726972725049182,0.023513162763816996,0.023584096711887152,0.0006697184337769372,0.014431256312583306,0.015518631096447593,0.024249777175809242,-0.0016159930065723842,18560,0.013566323268770662,0.022859782397434164,0.0025430109484729686,7010,0.013595496213643242,0.022974989134607715,0.002403633298209793,16893
0.1,0,0,4,Ecal,context_1,0.022184139800714868,0.009503650202192931,0.010505960180609201,0.02383499921663022,0.02389641712644271,0.00029725757509112386,0.016773416136343176,0.01784839485771954,0.02462208988399652,0.00365540833833317,1920,0.01586981159332511,0.022924160050959992,-0.0034447855086295635,770,0.015981184725272705,0.02336605426945174,-0.001767754753200595,1727
0.1,0,0,4,Ecal,pooled,0.004791914642508986,0.004929427643806066,0.005567156604423554,0.023543485963733294,0.023613376750751737,0.0006346254386230286,0.014651932932496859,0.015737046449066837,0.0242846814922018,-0.0011217991304874886,20480,0.013794303475699573,0.022866153964685436,0.0019503884199422552,7780,0.013816768182471602,0.023011260320852378,0.0020167381765779056,18620
0.1,0,0,0,Ucal,context_0,0.003133914105207625,0.0039778178954800545,0.00389749025087593,0.02330898046795432,0.023332083704867404,-0.00031225962889258217,0.014169683103594332,0.015287319610120151,0.023985585199876244,-0.002636961186112001,18560,0.012958488298763391,0.02253311034306929,0.001592547452866436,7010,0.013444361492320176,0.022887567205121976,0.001451415458946268,16893
0.1,0,0,0,Ucal,context_1,0.008367798386445906,0.0074925599730439486,0.008193400517575774,0.02367936884865244,0.02374864233626328,0.00011528230898245876,0.016814736083052076,0.018045689421705903,0.024461697900005675,0.004466698342002928,1920,0.016251052935402115,0.02317482539461684,-0.004886623307481988,770,0.01569754188124265,0.02303456669521249,-0.002492274991956555,1727
0.1,0,0,0,Ucal,pooled,0.0033420346280871914,0.0036569282630542054,0.0034925598211009564,0.02334387819571762,0.023371136076560772,-0.0002719769339353711,0.01441889809954708,0.015545916779956315,0.024030220765513376,-0.0019709931053512263,20480,0.013284359091849744,0.02259662198698852,0.0009512927632175558,7780,0.013653343368349667,0.022901201368354322,0.0010856392286181706,18620
0.1,0,0,1,Ucal,context_0,0.00615684555359675,0.0058555591259112,0.005666811732692031,0.02338239594703212,0.023417354200931342,-3.5409096506394706e-05,0.014240486247444967,0.015570628713687947,0.02421450692500943,-0.0022501978043723723,18560,0.01313183592066445,0.02272278459047827,0.001543353234395151,7010,0.013239136257346214,0.022741887799171093,0.001742804037831657,16893
0.1,0,0,1,Ucal,context_1,0.01934770945227,0.014979382663686511,0.014696674929195689,0.023913579942346063,0.02389940464248837,-0.0004806390358145647,0.01696342833041605,0.01807166412472725,0.024888530750892337,0.0026200433494523168,1920,0.017454423378040262,0.024066640969740784,-0.002959148121344579,770,0.015512427223439705,0.022761430235627603,-0.002822768846963552,1727
0.1,0,0,1,Ucal,pooled,0.00546195530438472,0.004517677485545644,0.004344245635432227,0.02343244372235852,0.023462546429827313,-7.735834228122803e-05,0.014497039898905788,0.01580510078347288,0.024277696658685954,-0.0017936126962013077,20480,0.013559649846394448,0.022855788370945124,0.0010977329202666688,7780,0.013449983384008055,0.022743700354904733,0.0013193483787531754,18620
0.1,0,0,2,Ucal,context_0,0.0038344414149600768,0.004388714399059128,0.004196918459362952,0.023317282022226448,0.023319403915504702,-0.0003214986284291264,0.014192260682128062,0.015501052684728699,0.024138175742913957,-0.0025550228093975578,18560,0.013173582401663362,0.02266077066394042,0.0007552855790256604,7010,0.013177032787603094,0.02268781165968722,0.0016856020348347124,16893
0.1,0,0,2,Ucal,context_1,0.018274533079531193,0.012414744871073684,0.012595176344013529,0.02372839101421273,0.023745092315699032,-0.00013410522420535348,0.01657450127354002,0.017701987572945655,0.024600516941609384,0.004386617235528926,1920,0.015459612573122049,0.02296803528306909,-0.0022365184573384074,770,0.015818097454468227,0.02309781321014731,-0.004222657009484662,1727
0.1,0,0,2,Ucal,pooled,0.003854455646400782,0.0028451066440458987,0.002619184314144483,0.023356016416799897,0.023359312203022925,-0.0003038425561924284,0.014416713683242963,0.01570739033049904,0.024181520230291652,-0.0019042440551856998,20480,0.013399834745111073,0.02269118117251742,0.0004591815805680341,7780,0.013421990826253796,0.022725839193395308,0.0011376125950098167,18620
0.1,0,0,3,Ucal,context_0,0.004792200568581702,0.004492682552237363,0.004010286184314895,0.023346284894466503,0.023365413793756534,-0.000566261797400136,0.014217210139387858,0.015505717779060119,0.02419029209572884,-0.003034014169704811,18560,0.013284676168087376,0.02271115198298311,0.0015311547420844543,7010,0.013188521413081057,0.02268254891234785,0.0012746542085305924,16893
0.1,0,0,3,Ucal,context_1,0.011936887718634454,0.005991445680419312,0.006916011493242801,0.023952768333736982,0.023966138277796114,-0.001332664544735663,0.016942509490290674,0.018106684907494733,0.024813240575834547,0.003023836858725796,1920,0.01441843890911573,0.022363402891311456,-0.0037734452393147853,770,0.0167736140337029,0.02370476873086514,-0.005087778360497144,1727
0.1,0,0,3,Ucal,pooled,0.005061770425000977,0.0039354113382555275,0.0034274690564175554,0.023403427329433603,0.02342173171413525,-0.000638471714955192,0.014473985890943697,0.015749558447350865,0.024248693515738752,-0.0024660906357894417,20480,0.013396886619320258,0.022676734656429488,0.00100614934546782,7780,0.013521037790944318,0.02277735952602021,0.0006845402962475151,18620
0.1,0,0,4,Ucal,context_0,0.005980998528380018,0.006225297034571987,0.0058619852522297025,0.02327231870275827,0.023332028798042873,-0.0003665887932484259,0.014196425060742547,0.015411763946758583,0.024059517315749714,-0.0026884855588111254,18560,0.013417554732821297,0.022715136915885083,0.0016436112632765068,7010,0.013184360375622694,0.022638650205088217,0.0013502703538896743,16893
0.1,0,0,4,Ucal,context_1,0.017490492063872726,0.009554995312928145,0.010849569364831058,0.023593681217633014,0.02367318500492482,-0.0006877497793296519,0.016560728143236877,0.01756804568770652,0.024463557751914777,0.0030266144351723295,1920,0.015359132785301703,0.022427082175915068,-0.004455740285384191,770,0.01597658149600374,0.023146731777159257,-0.003137215096169148,1727
0.1,0,0,4,Ucal,pooled,0.004248974565755683,0.005233948144752209,0.004837833596686086,0.023302597248581684,0.023364012192438055,-0.00039684835117335715,0.014419188002623465,0.015613915359972452,0.02409739610664019,-0.0021526949343751768,20480,0.01360971605678144,0.022686627642134836,0.0010399479351956924,7780,0.013443338134747186,0.02268577463446344,0.0009340572834142937,18620
0.1,0,1,0,Ecal,context_0,0.005871425429658958,0.0040637979017525,0.0041511151247211504,0.007512771041320903,0.007497383817286084,6.001747967050169e-05,0.006203883261039275,0.006124224007722193,0.007391810163363618,0.0002072219408083705,18610,0.006260478783582078,0.007616950061567932,-7.432178273552754e-05,7320,0.006266591930712727,0.007600154598358405,-4.307701492639891e-05,17034
0.1,0,1,0,Ecal,context_1,0.02010626293633092,0.007297635061475121,0.007183631388627961,0.01008302786963836,0.01008095985572861,3.5797142032564085e-05,0.008997569847416209,0.00921540846002293,0.010312984133062057,-0.0003570688918312603,1870,0.008943843460836253,0.010021487372456589,1.0244834881562452e-05,728,0.008783349139944214,0.009858934367221843,0.0004739946771874686,1719
0.1,0,1,0,Ecal,pooled,0.005307269435985008,0.0033284337627697107,0.003358146228903599,0.007747448791957447,0.007733286512202468,5.780603749324282e-05,0.006458961304934057,0.006406475713083637,0.0076585384506358874,0.00015569733841402922,20480,0.006503208590371471,0.007834457909769589,-6.667211851767944e-05,8048,0.006497291319752823,0.007807206399279658,4.320534198740441e-06,18753
0.1,0,1,1,Ecal,context_0,0.004290773830985324,0.004678590569979038,0.004765109305554782,0.007553451076084281,0.007555354297633744,5.73198541932272e-05,0.006254456606698335,0.006149154629063888,0.007421150343265677,0.00017538447631648124,18610,0.006288668862416771,0.007608480699111637,-8.112151338591601e-05,7320,0.006354799220994337,0.007674344571281769,-1.2175966344193785e-05,17034
0.1,0,1,1,Ecal,context_1,0.008872048534831785,0.004060317012824521,0.0038931203598211108,0.00997664342957549,0.009956349174078935,0.00033649887638509564,0.008879569976769417,0.009073692978544032,0.010121939385329737,0.0003698549208475307,1870,0.008720665658404538,0.009837471615525659,-0.00022438113260400165,728,0.00873569116958565,0.009877523966729555,0.0005377466037843448,1719
0.1,0,1,1,Ecal,pooled,0.0033619331811860853,0.004156632438760072,0.004266287425642501,0.007774701079045757,0.007774585763402909,8.281034379374953e-05,0.006494143043503751,0.006416190113122866,0.007667755592711956,0.00019314129913254873,20480,0.006508660620304332,0.007810109102087457,-9.408038550206492e-05,8048,0.0065730444756004515,0.007876299745428559,3.823286947146013e-05,18753
0.1,0,1,2,Ecal,context_0,0.006559556770455507,0.005752043704627381,0.005832810766782794,0.007498191346092118,0.007488101061907489,6.275864614725401e-05,0.006200643231681789,0.0060535572509269825,0.007315402831710837,0.000163266120787784,18610,0.00627522651574325,0.007602495937945342,-2.513765840908217e-05,7320,0.006329287147527571,0.0076530689227194545,-9.276293016059501e-06,17034
0.1,0,1,2,Ecal,context_1,0.00879236765212261,0.007905746597438684,0.007858414893162266,0.009851874869766837,0.009848567110903253,-6.323219215480548e-05,0.008757246574069826,0.008699146462953026,0.009816801844645331,-0.0006654302943199076,1870,0.008723448388851605,0.009848525528258715,0.0005559087168056886,728,0.008834763901950732,0.009891447224388785,0.0003296566207163413,1719
0.1,0,1,2,Ecal,pooled,0.005991464313595128,0.0052834942628204075,0.005355397785409357,0.007713094833152539,0.007703631897435911,5.1255030552194885e-05,0.006434074348390174,0.006295122281517252,0.007543802057989523,8.759901647863444e-05,20480,0.006496685949593012,0.0078056656126158355,2.7422202569589937e-05,8048,0.006558952509915105,0.007858250616345519,2.179210557115305e-05,18753
0.1,0,1,3,Ecal,context_0,0.007134587432944617,0.006669039251207933,0.006822266119372133,0.007503885297719709,0.00749308874964872,0.00016833062293839491,0.006203685328242982,0.006119917590553437,0.007389301478410863,0.0002555289103067543,18610,0.006241619346734605,0.007578342887550679,1.5121083604833468e-05,7320,0.006278901988043603,0.007597073939246944,0.0001389032247933029,17034
0.1,0,1,3,Ecal,context_1,0.02072927750709024,0.014178182089921292,0.014134761106547211,0.010040852947961837,0.010028525367696295,-0.00020051673606973514,0.008945626048563199,0.00908564493299168,0.010171728529394629,-5.000903007180933e-05,1870,0.00879352732182859,0.00983550596216586,-0.0010496488680223843,728,0.008857721778162695,0.009985445890591358,-4.636118358619828e-06,1719
0.1,0,1,3,Ecal,pooled,0.006169616918373536,0.0060319572845123764,0.005986959215284154,0.007735523574111817,0.007724595901784899,0.0001346529501134103,0.006454038706759138,0.006390713983637397,0.007643360979648151,0.00022763067063351626,20480,0.006472457940903146,0.007782519666665969,-8.1195084981724e-05,8048,0.006515290364261526,0.007816004850800352,0.00012574564302621737,18753
0.1,0,1,4,Ecal,context_0,0.0039748797722109356,0.004799503256727019,0.004900309941146203,0.007551732307044554,0.007547470614872782,6.950672321557755e-05,0.006256752747432966,0.0062310050106029365,0.007484003233942035,0.00010125513145002481,18610,0.006390887253556421,0.007696541341176241,9.446413118819721e-05,7320,0.006227241229150893,0.0075634991216855015,2.4096009137695687e-05,17034
0.1,0,1,4,Ecal,context_1,0.016703913966502334,0.013570650633203675,0.013376050293582015,0.009795150111726244,0.009802048062396604,0.00028345804469077874,0.008719741400673844,0.009092292854970789,0.01011019020433473,0.00033269306634836653,1870,0.008260805036995438,0.00946731347341863,-0.00010880541342955369,728,0.008508824852228581,0.009591275824064854,0.00039602250484895956,1719
0.1,0,1,4,Ecal,pooled,0.003853236492748804,0.004666061437422437,0.004783599588246601,0.007756567963287248,0.007753332911106647,8.904158615858729e-05,0.0064816363585249665,0.006492265179986134,0.007723796673133165,0.00012238740382599644,20480,0.006560034886054384,0.007856720530076895,7.607692585995135e-05,8048,0.006436383352974844,0.007749375949467196,5.8188775421898884e-05,18753
0.1,0,1,0,Ucal,context_0,0.0070877595997890005,0.004014373469139727,0.0040505540226586974,0.007506372963281367,0.00748926916097068,8.904638118988508e-06,0.006196551204050967,0.0061100595808362265,0.007379301527501542,0.00016521111186763922,18610,0.0062779388100397395,0.007634596327396715,-0.00012453895856122502,7320,0.006256070508511956,0.007590099885586062,-0.00010451888828486418,17034
0.1,0,1,0,Ucal,context_1,0.020317886121282807,0.005194141406920032,0.00579840811008034,0.010235047574129791,0.010219107690563873,-0.0001305599755398068,0.009161527788291133,0.009324503590397656,0.010423399160123047,-0.00046092822430605554,1870,0.009478692620337665,0.010526778036184804,-0.0006655538556994973,728,0.008849915951369042,0.009906602407065548,0.0004553994019756905,1719
0.1,0,1,0,Ucal,pooled,0.0074491642930644975,0.0036833096093307634,0.003663468093948275,0.007755515077344789,0.0077385268782724035,-3.829202898862622e-06,0.0064672689112518465,0.006403565943037393,0.007657253801573916,0.00010803920959006064,20480,0.006567470218327126,0.007896215149961045,-0.0001734776818610091,8048,0.006493836216199864,0.007802442861879095,-5.319379144927021e-05,18753
0.1,0,1,1,Ucal,context_0,0.0057100032618487215,0.005251272435820511,0.005493811338487656,0.0075417761121058325,0.007542974672799585,-1.1616193983083374e-05,0.006242931858776818,0.006138181766672265,0.007409737159048639,0.00013152071800781538,18610,0.006285742460622814,0.007605135389059767,-0.00011021012002653112,7320,0.006338976569857776,0.007658804115457457,-0.00012562760607141192,17034
0.1,0,1,1,Ucal,context_1,0.014074847543700164,0.0062714807247957575,0.005377174240013235,0.009965192010058386,0.009935795179969037,0.00014336066066404169,0.008868923051360859,0.009055335054741823,0.010107029187380968,0.00021929098641808659,1870,0.008693145475462898,0.009787707142774937,-0.00014005897177772207,728,0.00874057844922666,0.009886060806910695,0.00018078927221583933,1719
0.1,0,1,1,Ucal,pooled,0.004100317511960922,0.00446008765305299,0.004680785784524123,0.00776304652583357,0.00776145974840539,2.533994919681773e-06,0.006482698445320785,0.006404542931159085,0.007656023101088749,0.0001395348977894173,20480,0.006503509532541748,0.007802564841930622,-0.00011291016526446191,8048,0.0065591202071763445,0.007862966342973487,-9.753980071889313e-05,18753
0.1,0,1,2,Ucal,context_0,0.005554480404439166,0.005079121535572226,0.005107739708645555,0.007486196934815324,0.007478136901287248,1.0841508489526991e-05,0.00618747756777862,0.006044768889558245,0.007307065824999573,0.00010837538669277172,18610,0.00627551776117803,0.007601241649909688,-0.0001036699158979244,7320,0.006305556368177676,0.0076324633806988725,-4.650743167991298e-05,17034
0.1,0,1,2,Ucal,context_1,0.012324897318938223,0.010490279198508666,0.01040218982462713,0.00990990731283873,0.009910796300101976,-0.0001730703038351387,0.00882695000277837,0.008764055869317947,0.009858624929970599,-0.0008879120376977053,1870,0.008770156600563735,0.009881968816753815,0.0006276422210938328,728,0.008919420989621441,0.009977526440885983,0.0002654610074939528,1719
0.1,0,1,2,Ucal,pooled,0.005701893492060409,0.004735956264043385,0.004750246981319943,0.007707494236097594,0.00770025961006574,-5.950591800348052e-06,0.006428475061526509,0.006293063159682788,0.007540045098744485,1.7405783000867815e-05,20480,0.006501175946450494,0.007807549972159007,-3.751742636884894e-05,8048,0.006545157140548061,0.00784742436829881,-1.7910740647018227e-05,18753
0.1,0,1,3,Ucal,context_0,0.005680697796660122,0.0058512849356947,0.005645507402443023,0.007500948492300517,0.007484968160375671,8.180053565974076e-05,0.006197675199846784,0.006095292472442205,0.007370479944771859,0.00021842190858691306,18610,0.006297116849795391,0.007632210295802603,-0.0001758353458971925,7320,0.006266797524572356,0.007587081125145007,4.325239093871664e-05,17034
0.1,0,1,3,Ucal,context_1,0.020047419453746017,0.01252834181550095,0.01259584738068196,0.010169897310673942,0.010163853112314419,-0.000371106159660809,0.009092656159866234,0.00915269247669587,0.010238080567002974,-0.00015983693899317857,1870,0.008785725663323979,0.009804380817753314,-0.0013565420695058593,728,0.009157331837010703,0.010250521695497053,-0.00018359952806178188,1719
0.1,0,1,3,Ucal,pooled,0.005038264926951231,0.005330308556690903,0.005045097482663742,0.007744637332403689,0.007729573378155234,4.044781038534273e-05,0.006462001944298127,0.006374459367361851,0.007632316525024408,0.0001838836251408793,20480,0.00652222957547243,0.007828698881784227,-0.0002826388368001634,8048,0.006531759316450004,0.007831226293407961,2.2457934117842273e-05,18753
0.1,0,1,4,Ucal,context_0,0.003733780480450635,0.004469086060182978,0.0044924251086176335,0.007559599424414575,0.007549692040780821,-9.125140552391565e-06,0.006261280136329092,0.006206558284853685,0.007466753279748496,3.022363970895918e-05,18610,0.006428086265025895,0.007732585103370636,1.0278845419649218e-05,7320,0.006249383505701921,0.007586698848054199,-6.045295421794727e-05,17034
0.1,0,1,4,Ucal,context_1,0.021575508305482417,0.013866595721844382,0.013634189765932444,0.00976795779750073,0.00976667206487403,0.00026339716313612637,0.008679180456299956,0.009033094912289298,0.010064270879879076,0.000248795668071604,1870,0.008342418875954636,0.00951832201882588,-9.307001748091572e-05,728,0.008436796743554941,0.00955133731048955,0.0004302458561319747,1719
0.1,0,1,4,Ucal,pooled,0.004334341750641853,0.004216010678175126,0.00426112943038884,0.007761233973104597,0.007752121369152612,1.575755619732464e-05,0.006482046949241557,0.006464645369487698,0.007703928959057293,5.0181144251837396e-05,20480,0.006601251540964776,0.00789411796550426,9.301908232760477e-07,8048,0.006449893469754038,0.007766788088011879,-1.5472884096285886e-05,18753
0.1,0,2,0,Ecal,context_0,0.006043595857518398,0.00548172562046851,0.005572943371104753,0.008939454644560668,0.008933076140164089,8.347856500241297e-05,0.0070799449221224135,0.007132291572865337,0.008913656094004522,0.00036153034899449773,18630,0.006971239587155979,0.008902305201976919,-0.00020776637410938555,7459,0.0070703018758488155,0.008983903796264379,-9.295768389402824e-05,17047
0.1,0,2,0,Ecal,context_1,0.015048231389890889,0.010650339419434586,0.0110781659738491,0.0090727383661792,0.009060085625537216,-0.00023307235599880603,0.007161518346161155,0.007061793534336863,0.008926291480861806,-0.0006189787750308578,1850,0.007835458156031443,0.009626032832703753,-0.00046223027969610156,733,0.006976517163399658,0.008992261315297359,0.0002940643046583448,1673
0.1,0,2,0,Ecal,pooled,0.004460217366917257,0.004697616383334351,0.004757379176986179,0.008951424080735728,0.00894454916496586,5.505096710021032e-05,0.007087270557096858,0.007125923341845919,0.00891479747416497,0.00027295896816212915,20480,0.007048567737911071,0.00896706256932589,-0.00023053517816151725,8192,0.007061920368160383,0.008984650704883084,-5.836966109231242e-05,18720
0.1,0,2,1,Ecal,context_0,0.005413205694683555,0.0062306224275186384,0.006078288019847561,0.008902243991618057,0.008907234302039175,1.6290246086189585e-05,0.00704287946119197,0.00705972154531278,0.008873966058734424,0.00033509896281292795,18630,0.007015683447120816,0.00889890539226523,-0.00028265523021926605,7459,0.007036373157548284,0.008934608660016887,-0.00020131825305481714,17047
0.1,0,2,1,Ecal,context_1,0.024626962492962597,0.010649670426884698,0.010832635329519677,0.00923220857471723,0.009199599488062012,0.0001842796476907972,0.00737875331494313,0.007308441992547061,0.009156524074339383,-0.00014454216167733477,1850,0.007753571375980871,0.009718726530142566,0.000726860590878808,733,0.007292282488698098,0.009102739754856051,0.00031016638766344053,1673
0.1,0,2,1,Ecal,pooled,0.00568699066966809,0.006112498755612103,0.006001918637628624,0.008931876192531083,0.008933644243159402,3.137639761448993e-05,0.007073042339347881,0.007082188968524861,0.00889949009822999,0.0002917720057666884,20480,0.007081707843099139,0.008972260970153911,-0.00019232623890275136,8192,0.0070592436869827725,0.008949634478481946,-0.0001556070455803703,18720
0.1,0,2,2,Ecal,context_0,0.009292578480437574,0.007925730973330556,0.008008608744572902,0.008905341590342786,0.008910877983284613,8.079002957476044e-05,0.007052813761471011,0.007057978360405291,0.008866732627862261,0.00044838471905044887,18630,0.007006636376110985,0.008885649430769306,-0.00036030206921705056,7459,0.007067374718780496,0.00895615221914966,-0.00012793778763905769,17047
0.1,0,2,2,Ecal,context_1,0.02539961395093461,0.011448906285725376,0.011498997377734813,0.009233737913445268,0.009211730679231785,0.00021148211658841238,0.007402096379590326,0.007415249885336773,0.009265682625684987,-0.0005278738225634033,1850,0.007261704831380311,0.009149696691581753,0.0007928203572843117,733,0.0074490617228102985,0.00923523492359618,0.0007743557310539024,1673
0.1,0,2,2,Ecal,pooled,0.00987297154771681,0.008104621565450033,0.008196400065053504,0.008934832954942807,0.008938054618416558,9.25267261127859e-05,0.007084180802801105,0.007090251422960136,0.008902770591532772,0.00036019730196130696,20480,0.007029459273780958,0.008909275729862998,-0.0002571235122559301,8192,0.007101485955839356,0.008981093745033156,-4.73001243498845e-05,18720
0.1,0,2,3,Ecal,context_0,0.0032976958835101463,0.004750123852776691,0.004911489812812303,0.008869941647157981,0.008877217094050276,0.00014161709861868567,0.007001540489917627,0.007069037699101116,0.008888903581226116,0.0004969043076294312,18630,0.006932742047651889,0.00884988178834414,-4.1645718956939785e-05,7459,0.006957878530263244,0.008857996181985406,-0.00016647484410282538,17047
0.1,0,2,3,Ecal,context_1,0.014375381852732185,0.007512924423284868,0.00791754824304831,0.009201647873687352,0.009188782932416952,0.0003608378749760918,0.0073772040230775235,0.00708455600851291,0.008965342824246634,0.00021488803061279091,1850,0.007691384449418213,0.009410755257128572,0.0004444415560360657,733,0.007563160134516144,0.009371336235554006,0.0004855992102152704,1673
0.1,0,2,3,Ecal,pooled,0.0038306971400561976,0.004778425156511944,0.004959806504672248,0.008899730254942185,0.008905361469098047,0.00016130404207279439,0.007035276647858387,0.007070439499511849,0.008895808493315371,0.0004714292044809554,20480,0.007000623502790404,0.008900067366056419,1.848174179031048e-06,8192,0.007011972340301443,0.00890387320707196,-0.00010819920879971778,18720
0.1,0,2,4,Ecal,context_0,0.005950683294345777,0.0059101301595063825,0.005956112943468618,0.008961609868128478,0.008958126160354105,3.7708280170032375e-05,0.00710490520249704,0.007103709148675987,0.00889964697546847,0.0003446834050898775,18630,0.007058509512247453,0.008956161284693013,-0.00036040994281630713,7459,0.007126512988984861,0.00903171074652943,-0.00012357421833419756,17047
0.1,0,2,4,Ecal,context_1,0.025735035615803762,0.01574397727757259,0.015707196064198948,0.009341488442184794,0.009299983901438373,0.00010115503337010181,0.007556578259095829,0.007500211173618162,0.009242837492162613,-0.0003847447722344785,1850,0.007630592905808276,0.00955069312679049,0.0004157473982437571,733,0.007586480454011228,0.009358916549611608,0.0005006280978746352,1673
0.1,0,2,4,Ecal,pooled,0.0073005413924320745,0.006389969645319971,0.006440984534859551,0.008995724554387416,0.008989006864504786,4.3406064218384324e-05,0.007145467333845885,0.007139525981983752,0.008930648071947189,0.0002787926761811832,20480,0.007109698126441799,0.00900935853081819,-0.0002909612940129591,8192,0.007167620124080433,0.009060953017285652,-6.778947073711544e-05,18720
0.1,0,2,0,Ucal,context_0,0.005108245457676303,0.00541994387802709,0.0048473023150808325,0.008934239282829506,0.008929761513246122,4.1071782738401466e-05,0.007070408946280409,0.007121758197368759,0.008909557524162944,0.0003327095382199515,18630,0.0069626044925990985,0.008896296320899243,-0.0002796397493126597,7459,0.007061461733998655,0.008977815144681793,-0.00013731878845021895,17047
0.1,0,2,0,Ucal,context_1,0.01465493928888218,0.012722028998147686,0.013113423648132921,0.009003523105742975,0.00899157393467426,-0.0002225290789598025,0.007103534190411351,0.007073790882084821,0.008913539441340174,-0.0006863536705841889,1850,0.007597930444783111,0.009427914992457645,-0.00014393530674227913,733,0.006919811934553359,0.008917085882899776,0.0002559325226359359,1673
0.1,0,2,0,Ucal,pooled,0.0048829954531256,0.004686869877976415,0.004253297732546769,0.0089404612601742,0.008935345154830208,1.7399321829649865e-05,0.007073383731877584,0.007117425212345552,0.008909917218829833,0.00024065548859653063,20480,0.007019451895303064,0.008943864251349964,-0.0002674972497516137,8192,0.00704880253984951,0.008972387791318474,-0.00010217405322334195,18720
0.1,0,2,1,Ucal,context_0,0.006070933402200796,0.005418687284347363,0.005234505335738774,0.008915357867203494,0.008918665652716972,-3.2155909171350055e-05,0.00705382873821321,0.0070828260826891745,0.008900043275800918,0.0003020746052521118,18630,0.007008584551608088,0.00889307723658686,-0.00031757326318441277,7459,0.007041935493671671,0.008941843586778752,-0.00027253758572004836,17047
0.1,0,2,1,Ucal,context_1,0.020583680070014206,0.010620804024717637,0.010748990056105901,0.00925396937036977,0.009209345004494478,0.00017087603481556464,0.007389590092514523,0.007205231511915052,0.009068672690175575,-9.675482640395293e-05,1850,0.0077356604445029415,0.009710772518077447,0.0007548356609162334,733,0.007441827872611061,0.009258728576041935,0.000210968495858193,1673
0.1,0,2,1,Ucal,pooled,0.005315220789296254,0.005388200843686712,0.005251369896381956,0.00894576659773767,0.008944923309005466,-1.3922790636400931e-05,0.007083981513447562,0.007093883213747177,0.008915275913329879,0.0002660475325683365,20480,0.007073641513215989,0.008966242598077656,-0.00022161675178722362,8192,0.007077673738862141,0.008970163489932455,-0.00022932681251062542,18720
0.1,0,2,2,Ucal,context_0,0.010541912742278555,0.008445421039092202,0.008515767652475293,0.008906793178901013,0.008912725511666967,7.127056734979109e-05,0.0070567478113863005,0.007066091127049776,0.008872598058369633,0.00044414325208831586,18630,0.007042210238467178,0.008925694641993668,-0.00045201671262947064,7459,0.00705289785453719,0.008935893259988096,-0.00010726045249612924,17047
0.1,0,2,2,Ucal,context_1,0.02642588502642846,0.011035752101458128,0.011025614519730855,0.009243215189660686,0.009222943821917701,0.00013533769931672212,0.007417830081894658,0.0074097582798551866,0.0092495794069475,-0.0005536890331957791,1850,0.007372902820616107,0.009254692604201167,0.0005609286036774374,733,0.007446440073699917,0.009231148993104331,0.0007107957520673037,1673
0.1,0,2,2,Ucal,pooled,0.011097582834508051,0.008598789179798446,0.008672632724698972,0.00893700528385107,0.008940748161762858,7.702406400853641e-05,0.00708917451089853,0.0070971352790365925,0.008906651549330036,0.0003540070349117741,20480,0.007071799796904088,0.008955132570008573,-0.00036138085852144286,8192,0.007088068588119414,0.008962280163914562,-3.415104917163013e-05,18720
0.1,0,2,3,Ucal,context_0,0.004184258795580188,0.005392627895820036,0.0055340957490647965,0.008876129217625353,0.008886014672724145,0.00012441092199792406,0.007010892518583232,0.00706622560163115,0.008887856111597316,0.0004720936226895978,18630,0.0068985035452946274,0.008807638071301112,1.0657577584010057e-05,7459,0.006999597511519055,0.008893281996749823,-0.00020578456799459646,17047
0.1,0,2,3,Ucal,context_1,0.016410957787126125,0.008750772887711741,0.008717378086107133,0.009170614810678206,0.00915785554092917,0.0002880228518795474,0.007342148489927999,0.007065303442445961,0.008942521520248438,0.00011053745408315916,1850,0.007643860976985499,0.009396238021754582,0.0004977937813182482,733,0.007516092354141162,0.009323986462546759,0.000392377839712632,1673
0.1,0,2,3,Ucal,pooled,0.004528547985871494,0.0053110777103523325,0.005468136131809596,0.008902575256704374,0.008910570610525867,0.00013910395823982542,0.007040640691566928,0.007066142301118817,0.008892794148999883,0.0004394335195684107,20480,0.006965196294004272,0.008860304546359998,5.424532628239831e-05,8192,0.007045756479024759,0.008931773907608706,-0.00015232699811776988,18720
0.1,0,2,4,Ucal,context_0,0.008776134286763734,0.007446807544004448,0.007489638984065543,0.008965012483516496,0.008960796712377133,3.3484699044968016e-05,0.0071169558819417925,0.007122879774698121,0.008911467937049488,0.0003154005595371407,18630,0.007106313476183408,0.0089865830819442,-0.0003654465452885401,7459,0.007115138528888552,0.009014090902417657,-0.00010005576728256999,17047
0.1,0,2,4,Ucal,context_1,0.02498846492068442,0.016779774840454197,0.016694099148239442,0.009283206232657562,0.009242332737756462,5.1418154787524305e-05,0.007495995617954803,0.007480478800229124,0.00922560694759611,-0.00040340337600256945,1850,0.007686206824457499,0.00959223667162853,0.00025278720166153017,733,0.007429815880014593,0.009211502326858379,0.0004661320344067874,1673
0.1,0,2,4,Ucal,pooled,0.009826348889357763,0.007782026699761624,0.007825568512262049,0.008993587614263127,0.008986228433419698,3.5095198446561526e-05,0.007150995237032765,0.007155182421047357,0.00893984475196703,0.00025046953996934465,20480,0.007158200905905687,0.009040775474673524,-0.00031012851104605943,8192,0.007143261136176685,0.009031733493928839,-4.945575701407133e-05,18720
0.1,0,3,0,Ecal,context_0,0.004849455192192149,0.006379009171314562,0.006602862036032463,0.00717438284142525,0.007176765290025281,5.425299138191116e-05,0.005904862128272817,0.005823523711916563,0.0070652759669763915,-7.735215731569239e-06,18500,0.005904231123446688,0.007223711717661835,0.00010267426449868287,7179,0.005994556707593997,0.007273292045371374,0.00010174603897768482,16827
0.1,0,3,0,Ecal,context_1,0.005356521926233998,0.007921831940640387,0.00785994556860614,0.00890672281932803,0.008919020652115797,-0.0002229266880248017,0.00778511198184578,0.007620858589206079,0.008770143667899185,-0.000749248650037881,1980,0.007577978785069573,0.008742408997869575,0.0002464092823843293,755,0.00805237462390607,0.00912563716729154,0.0001587430273619926,1802
0.1,0,3,0,Ecal,pooled,0.004098649644999114,0.0055522630935595915,0.005752494303343784,0.00734145608249714,0.0073452059939773905,2.7520763304019527e-05,0.00608620034194245,0.005997289486185764,0.0072301020435304505,-7.942450283735525e-05,20480,0.006063505069063687,0.007368231058039557,0.0001163520989458297,7934,0.006193611293733584,0.007452471062479116,0.00010725940915689586,18629
0.1,0,3,1,Ecal,context_0,0.011583026261347114,0.008406664594044808,0.00846482454327895,0.007229338172852528,0.007221166553337854,5.653504159012127e-05,0.00598058820537501,0.005849726823536125,0.007059752911278928,-0.0001419731225516345,18500,0.0061053203343348775,0.007377397820130634,0.00028866825453799025,7179,0.006071245102636344,0.007352616661668247,0.0001757432605756642,16827
0.1,0,3,1,Ecal,context_1,0.012251130042828228,0.0091761037460021,0.008409710002821992,0.008873735685121118,0.008889198657771888,0.00021851500169884562,0.007753728899808347,0.007652559880204875,0.008751327033281665,-0.0003599506097309517,1980,0.008192745467882283,0.009308205076203441,0.00030269834478169875,755,0.007680952623403826,0.008826202244707667,0.0008188498999249524,1802
0.1,0,3,1,Ecal,pooled,0.010879953422948715,0.00788992295896902,0.007962897338225852,0.0073879299189818694,0.007382431375934503,7.215698489759065e-05,0.006151596417662578,0.00602402416006953,0.007223293768777239,-0.00016304711789416615,20480,0.006303959857378524,0.007561133574899347,0.00029000335891585764,7934,0.006226953565378467,0.007495157926397274,0.00023795154680183937,18629
0.1,0,3,2,Ecal,context_0,0.003226177173015884,0.0016203384939176841,0.001723315776845132,0.007127590494186941,0.0071230199521185086,6.339900877099034e-05,0.005844352668712954,0.005770442234100523,0.007016265429550077,-2.5565633499944533e-05,18500,0.005867201626832181,0.00719503353755656,0.00021631138842656165,7179,0.005915863358080759,0.0072212102771210054,9.597094128807294e-05,16827
0.1,0,3,2,Ecal,context_1,0.021232090227037106,0.01252661791949891,0.012536753574963977,0.008904720648580965,0.008897256739520801,-6.40831547790302e-05,0.007817495281748344,0.00807172582306043,0.009171715148517655,-0.00041327658626768324,1980,0.007296070644002876,0.008436630735179989,0.000547928259467447,755,0.007756617995233303,0.008807472465863476,6.31834249054552e-05,1802
0.1,0,3,2,Ecal,pooled,0.003379238319199852,0.0021478093088191158,0.0023588405819451493,0.007298983464671087,0.0072945526102755655,5.1104159887491346e-05,0.006034649801874988,0.0059929296123300444,0.007224653634801825,-6.304940725385678e-05,20480,0.006003172903359011,0.007313184014517196,0.0002478680732810951,7934,0.006093921217125736,0.007374650851715129,9.279937520715195e-05,18629
0.1,0,3,3,Ecal,context_0,0.00585146295848143,0.004095308546064035,0.004170487060383805,0.007218819638908189,0.007218586680805525,6.715330034837955e-05,0.005956177481806447,0.005839595241119733,0.007056563424789724,-7.865373689580607e-05,18500,0.006143365437762952,0.007427084583589068,4.4057708478003825e-05,7179,0.006004489665611788,0.007308354667334383,0.00023731039567463267,16827
0.1,0,3,3,Ecal,context_1,0.009916545836724421,0.009548699153193146,0.009966845196724868,0.008906161656524905,0.008912119973647959,-0.0003987035394069616,0.007806177302153856,0.007791618043274591,0.00889988374206087,-0.0008013373711193451,1980,0.007958943056349723,0.00908909654522327,0.0001863506357401412,755,0.007758169082488522,0.008836413837252722,-0.0002014232483112587,1802
0.1,0,3,3,Ecal,pooled,0.005672563315350169,0.004345280027593557,0.0043750928633144665,0.007381553111134175,0.0073823169503283775,2.2224352747886747e-05,0.006134598270976274,0.006028316195624939,0.007234775057025899,-0.00014852256481390214,20480,0.006316135932095321,0.007585241759166812,5.7598313479631474e-05,7934,0.006174124659933108,0.007456165211335287,0.00019487129392668182,18629
0.1,0,3,4,Ecal,context_0,0.00877017922640202,0.006776258360845588,0.0068261995696334,0.007171567926050654,0.007174560987542014,4.462231035956785e-05,0.005912354048146072,0.005888363230470065,0.007097115721585028,-9.227281849126558e-05,18500,0.005931263855696223,0.007252733871216342,-8.260433903675688e-05,7179,0.005930662517784368,0.007218794137631423,0.00024940747704148584,16827
0.1,0,3,4,Ecal,context_1,0.008066421811389937,0.008851664539199023,0.008843549045886244,0.009087844282496045,0.009078804700487235,-0.0003504464803076747,0.008007330111773339,0.008264740123742759,0.009302037882070631,-0.0008204235159086459,1980,0.008034522564995367,0.009161552187480921,-0.0001488948105186816,755,0.007713100297188388,0.00882161076672398,8.150858062419722e-05,1802
0.1,0,3,4,Ecal,pooled,0.008588677780746668,0.006611266438225512,0.006621309012767335,0.007356380668205549,0.007358662674633398,6.520422655610211e-06,0.00611440124753125,0.006118110605893889,0.0073102869070226,-0.00016267020037048497,20480,0.0061314101029259745,0.007434377156920874,-8.891254498191104e-05,7934,0.006103079334494124,0.007373836038196391,0.00023316646510611872,18629
0.1,0,3,0,Ucal,context_0,0.0061371761278813134,0.006599681217461578,0.006831375223729914,0.007176233333010432,0.007177939096678645,2.510098815216702e-05,0.005908174287856105,0.00582856000839053,0.007068801864918724,-3.9229765937135026e-05,18500,0.005913319696389063,0.007228228172649547,7.876600000681959e-05,7179,0.00599350888595767,0.0072721631604263344,7.293232056718675e-05,16827
0.1,0,3,0,Ucal,context_1,0.0035601925434765713,0.008183365360297644,0.008197320409243812,0.008962804431378278,0.008980629448431046,-0.0003184080312752319,0.007842296227428497,0.007684333682662308,0.008832628416036246,-0.0010115048951572841,1980,0.007711069256264642,0.008867046511917073,0.00033466555424873403,755,0.008070843509262992,0.009145959669763644,0.00016952828027630488,1802
0.1,0,3,0,Ucal,pooled,0.005494621016788817,0.005776782863413234,0.00597966830395114,0.007348536822866413,0.007352222636545332,-8.028285515373505e-06,0.006094708123705008,0.0060079756272898525,0.007239328064684969,-0.00013322902159416117,20480,0.006084393671396129,0.007384178241485819,0.0001031174196504603,7934,0.006194451340796694,0.007453417189618767,8.227613501755075e-05,18629
0.1,0,3,1,Ucal,context_0,0.012628133777855887,0.00913225546652541,0.009157581468345968,0.007239671347928294,0.0072302403152140655,2.44554860348848e-05,0.005993672897806533,0.005859931063007664,0.0070687672493576605,-0.00016890106893874504,18500,0.0061458144702773885,0.007407625027778368,0.0002760465797449424,7179,0.006075802784001982,0.0073559122914068145,0.00012969847677997594,16827
0.1,0,3,1,Ucal,context_1,0.01200834678630782,0.007600485414743848,0.00673926023399456,0.008846775442341304,0.008867432236639465,0.00026469788533989123,0.007723366245972261,0.007652368904514747,0.008757078468933645,-0.000338180735707283,1980,0.008061368319372467,0.009180875151381144,0.0002646538398123735,755,0.00765976090228121,0.008805351872431253,0.0009271467888064178,1802
0.1,0,3,1,Ucal,pooled,0.01162671457610875,0.008389371939407957,0.008437106242926465,0.007394666379630181,0.007388523518554998,4.762534692060242e-05,0.006160490888169136,0.006033223393387743,0.00723199265046901,-0.00018526697422203143,20480,0.00632809870976148,0.007576367634700488,0.0002749624458088333,7934,0.00622902048377863,0.007496117891546706,0.0002068363724411305,18629
0.1,0,3,2,Ucal,context_0,0.0028900363079669643,0.002359530349664029,0.0023888626213821634,0.0071432649457144,0.007139611445079128,2.1837654534112268e-05,0.005865830161925097,0.005780943206435925,0.007023653855408869,-6.0652499666085113e-05,18500,0.005917667673190069,0.007235903937467789,0.00016192519298618028,7179,0.005937041143275217,0.007235245087679976,5.276291834562087e-05,16827
0.1,0,3,2,Ucal,context_1,0.02124774861878768,0.010558023257776118,0.010831528158913169,0.00893252832352007,0.008929545713669886,-5.8967237505903324e-05,0.007849759347728625,0.008110633407804099,0.009206498454729414,-0.00037079421295361083,1980,0.0072377220388279845,0.008382672315235219,0.0005661940436489535,755,0.007819547099821047,0.008861873732210725,2.173234302381035e-05,1802
0.1,0,3,2,Ucal,pooled,0.003138434926405676,0.002945716020152658,0.002969644500601961,0.0073158280889047645,0.007312661730812022,1.4044533449454597e-05,0.00605716759185071,0.0060061769270760125,0.007234690589132242,-9.06369035874377e-05,20480,0.006043284139796652,0.007345030497237693,0.0002003954453494767,7934,0.006119137645164507,0.007392590346010772,4.976130276078526e-05,18629
0.1,0,3,3,Ucal,context_0,0.006167757594070014,0.0038884489259245116,0.003630138097380513,0.007223059454284721,0.007223091023481997,1.796547232142887e-05,0.005960189652148176,0.005869029164918371,0.00708373747132341,-0.00011924153908684447,18500,0.006125883973106433,0.007403951581622142,1.7801234567376263e-05,7179,0.005989722515022846,0.007299058271817789,0.00016888416096999371,16827
0.1,0,3,3,Ucal,context_1,0.005164809502775757,0.008484304701992608,0.00892497356593924,0.008941136341105185,0.008957253654343475,-0.0004105998479455532,0.007830019929426368,0.007833363443161502,0.008938063016793963,-0.0008821448330024276,1980,0.007935519634887872,0.009085290014453924,9.92646576552991e-05,755,0.007782143994454671,0.008884115896464742,-0.00010609853347054332,1802
0.1,0,3,3,Ucal,pooled,0.005472725766509708,0.003413023356068317,0.003398990715501111,0.007388757110376052,0.0073907493247078624,-2.3366943937128145e-05,0.00614052296354437,0.006058940389084455,0.0072630130855827705,-0.0001929987911353237,20480,0.006298089030409809,0.007563947865563155,2.5553299658299094e-05,7934,0.006163105064055867,0.007452382327838714,0.00014228483650910757,18629
0.1,0,3,4,Ucal,context_0,0.009360040635531839,0.006649832937309629,0.00689302324852593,0.007172190392082841,0.007176440765739148,3.077997901630599e-05,0.005914613838460801,0.005875424666179193,0.007085151971342999,-0.0001072866127297685,18500,0.005946494200955627,0.007260976025018297,-0.00011579872219654523,7179,0.0059440980343875485,0.007230003354871423,0.00024510935699868173,16827
0.1,0,3,4,Ucal,context_1,0.008938817654453864,0.009948756556751844,0.009874999397292809,0.009055473933894255,0.009052646392590947,-0.0003837871075609273,0.007964124791003913,0.008207038991303758,0.009247302272853282,-0.0008892723274501887,1980,0.008001829723253945,0.009142205348571405,-0.0003256963479597837,755,0.007681418164787229,0.00880835832389419,0.00014729070147451894,1802
0.1,0,3,4,Ucal,pooled,0.008815480805402029,0.006241406016430258,0.006457906424965889,0.007353821185807697,0.007357831739428923,-9.202396083090465e-06,0.006112276215258371,0.00610084441050276,0.007294187986821044,-0.00018288874725840286,20480,0.006142080074327852,0.0074399939402291105,-0.00013577259507923303,7934,0.00611215058014847,0.007382679056958439,0.00023564727007750825,18629
0.1,0,4,0,Ecal,context_0,0.0056807876360577434,0.004909765572995959,0.004994792358149149,0.010523832841141799,0.010509936956140971,0.00011767011615520591,0.007915039639130981,0.007817689939306807,0.010288939829071156,-0.00017020393952935838,18580,0.008029470667389793,0.010764010127911268,0.000453595516591417,7106,0.00797386448615763,0.010680855728260776,0.0002926546986733441,16925
0.1,0,4,0,Ecal,context_1,0.011701406517221204,0.011399100646807466,0.011961077545538027,0.013336004451576358,0.013373787258655963,0.0005572717099806778,0.011112427469617799,0.010599604672507236,0.012862754612119475,0.0006558569481498317,1900,0.011747219897422594,0.013913315498451918,0.00020668905266781444,776,0.011391065058127658,0.013596953741681992,0.0006062828086234711,1729
0.1,0,4,0,Ecal,pooled,0.004443196499341487,0.0040587085983422935,0.004266980582496571,0.01078730944365933,0.010775626193190703,0.0001588570529597236,0.008214607730701817,0.008075777731937706,0.010527721473982865,-9.356743139505852e-05,20480,0.008395491144743947,0.011074066074059394,0.0004292870395545335,7882,0.008290597615188196,0.010951142715781162,0.00032172422810959205,18654
0.1,0,4,1,Ecal,context_0,0.008096786826042764,0.006550009044415995,0.00661930462794909,0.010518458746150882,0.010515384152182217,8.024138849081658e-05,0.007924043445557392,0.007867198666824334,0.010355402336396233,-0.00020187536677580218,18580,0.007938300121796825,0.010644570830501689,0.00022551538766084708,7106,0.007980461055454158,0.010644511072404623,0.00032895112407436397,16925
0.1,0,4,1,Ecal,context_1,0.010158742432173675,0.004964552883872781,0.006151270258156849,0.01303773626813847,0.013076528651206835,-0.0003283357156797922,0.010801548169974437,0.010919553094396465,0.013017612662178612,-0.00047291346482540434,1900,0.010503540890886611,0.012934536314206366,-0.00029389562142878464,776,0.010805622370188605,0.013106167740420158,-0.0001849162765601386,1729
0.1,0,4,1,Ecal,pooled,0.0076777637749101575,0.0061560656423574785,0.006189158945439346,0.010754493659464548,0.010752990331290947,4.1961182946501203e-05,0.008193641206129474,0.008150376079538547,0.01060238473966706,-0.00022702050282532582,20480,0.008190853640803889,0.010870022900452822,0.00017437824695372273,7882,0.008242319311762503,0.010872676848055896,0.00028132183621668976,18654
0.1,0,4,2,Ecal,context_0,0.005642937147447645,0.006512059914698639,0.006463475246636668,0.010481409838442847,0.010464095836959135,-8.988909549069236e-06,0.007879408678024478,0.007700436891921755,0.010195414807585563,-0.00026888505298046817,18580,0.008068062098738244,0.01076294615662231,0.00043410913116523255,7106,0.007996674531979962,0.010677167037636059,9.028528056257409e-05,16925
0.1,0,4,2,Ecal,context_1,0.013834526704747933,0.007287749383502622,0.006173362674541681,0.013166133506859417,0.013102156999805567,3.0686834004626235e-05,0.01087978153947263,0.010837194500000853,0.012972275034193636,-0.0006031488156632373,1900,0.010542408140741059,0.01302733292101676,0.0012625087071786222,776,0.011077998504430453,0.013441460489322625,0.0001743502005667546,1729
0.1,0,4,2,Ecal,pooled,0.0042861170875839365,0.005252450175603861,0.005310827647370746,0.010732945650918918,0.010708837839371644,-5.271629253977595e-06,0.00816051813979662,0.00799144467782753,0.010453033676265022,-0.0002998958512762329,20480,0.008311666834667473,0.010985879946164316,0.000515666866636736,7882,0.008282275965901207,0.010933383579823583,9.807708107116357e-05,18654
0.1,0,4,3,Ecal,context_0,0.004095190165769482,0.0038794028988258064,0.004103124775456173,0.01044555408993112,0.010426422220918509,0.00013430554943697284,0.007836630405427895,0.007638127478270664,0.010151296055609304,-8.52696617626143e-05,18580,0.007998725407238647,0.010718342330822627,0.0003713203110209727,7106,0.007986487853210118,0.010654055185229456,0.0002758405880350482,16925
0.1,0,4,3,Ecal,context_1,0.013143902589971519,0.01128905624096338,0.011896995731029918,0.01309026366893348,0.013103667967316504,-0.00044548798534304544,0.01085389215714815,0.010568924734466955,0.012710111728029962,-0.00035101618421705145,1900,0.011511985303776473,0.01372987405230776,0.00020339168588986103,776,0.010871681527484007,0.013220946740199089,-0.0008405296551036724,1729
0.1,0,4,3,Ecal,pooled,0.00296294028828196,0.0037339658876535398,0.0038084806660483492,0.010693340921977773,0.010674799511844102,7.998381809645086e-05,0.008119322212819585,0.007910027614343562,0.010388686181468643,-0.00010992388015438337,20480,0.008344613466070589,0.01101483416232129,0.00035478737355564124,7882,0.008253910382577521,0.010891974961070696,0.0001723665797587081,18654
0.1,0,4,4,Ecal,context_0,0.006696388546919112,0.004922379688611129,0.004995982584571811,0.01049069278640547,0.010479080485479408,0.00015823125282507467,0.007882815544608221,0.0077856537415791375,0.010291401896380396,2.3141603584053443e-05,18580,0.00812330850196361,0.010801486070660385,0.0002850629798197726,7106,0.007888506731923609,0.010578983933155863,0.00025327996365957106,16925
0.1,0,4,4,Ecal,context_1,0.017146583812674136,0.012646302852826877,0.012672255736791815,0.013027463366251617,0.013066753297936053,0.00026103721574270223,0.010844833101912334,0.010252372387208436,0.012443730014033224,0.00034038073138186804,1900,0.011267815514938119,0.013423121550490061,0.000511546014356859,776,0.011306048258320316,0.013491351520239999,6.141459721233749e-05,1729
0.1,0,4,4,Ecal,pooled,0.00571774301288125,0.004749978778423664,0.004909637446213854,0.010728366650711712,0.010719147787416308,0.0001678632986531364,0.008160331440046468,0.008014499709679513,0.010491080774482953,5.257296797935851e-05,20480,0.008432892039399315,0.011059591771288122,0.00030736072592492093,7882,0.008205271463302397,0.010848925155310279,0.00023549636665156918,18654
0.1,0,4,0,Ucal,context_0,0.005831126096549259,0.004644481006162668,0.004727932007154193,0.01051204880451041,0.010496123158167885,9.780526096498938e-05,0.00789343533258815,0.00779275855789336,0.010272262743132868,-0.00019420014716388078,18580,0.008012465829102549,0.010767338333074819,0.0003752284661006699,7106,0.007953981493037067,0.010668098295229229,0.0003018874581490521,16925
0.1,0,4,0,Ucal,context_1,0.011045409205229409,0.011583104474331215,0.012229055984575207,0.013386453040090583,0.013420911378087203,0.0004883966773376291,0.011170285202723491,0.010639220954556215,0.012902391762288875,0.000546282835696873,1900,0.012045965981237666,0.014133152385202078,0.00040658484645111047,776,0.011360854194852367,0.013583259133796034,0.0004615038374795467,1729
0.1,0,4,0,Ucal,pooled,0.0055372844079156535,0.0036957689567591475,0.0039012448611989614,0.010781356075603881,0.010767465815289305,0.00013440036027419217,0.008200448342583603,0.00805683465914626,0.010516268853308475,-0.0001255029954336351,20480,0.008409572669759344,0.011098710028640761,0.00037831556977384193,7882,0.008269757353519466,0.010938298417984778,0.00031668196441379023,18654
0.1,0,4,1,Ucal,context_0,0.007547966602411087,0.006366636676443809,0.0063678719060438,0.01052055097856498,0.010514255765255224,1.0625782750195656e-05,0.00792214635447745,0.007847764406381305,0.010337791018139378,-0.0002365121367288226,18580,0.007954816557540378,0.01064374656225126,5.664383479316168e-05,7106,0.007990085032921247,0.010669458053722027,0.0002626091367296841,16925
0.1,0,4,1,Ucal,context_1,0.011084728949698317,0.0046728428019087885,0.0060915870849036005,0.013004974886829458,0.01306565875240681,-0.0005247752297411712,0.010767372964831675,0.010820049629791786,0.012923919167921046,-0.0005276584370355857,1900,0.010109231432842225,0.012562866545925588,-0.00041517672925880277,776,0.011004869879464182,0.013292471670211406,-0.0005707962491251679,1729
0.1,0,4,1,Ucal,pooled,0.006745309309422309,0.005809489867578813,0.005760586929901916,0.010753320404205294,0.010750958190821044,-3.953674617664778e-05,0.008188719929826489,0.00812351352378755,0.010577715016410139,-0.00026352277982368835,20480,0.008166923376017191,0.010832688088175047,1.0192076647472211e-05,7882,0.008269519095303187,0.010912579665328659,0.0001853625455351393,18654
0.1,0,4,2,Ucal,context_0,0.006753896389816403,0.006362177329420273,0.0062831361619160465,0.010473957193182174,0.0104546076856601,-5.442186225227429e-05,0.00786216372750326,0.007701897271482757,0.01019855001767139,-0.00035095457929969475,18580,0.008081097217670401,0.010804895143442185,0.00048171110868521085,7106,0.007946182006483064,0.010637349822218674,4.601045628594155e-05,16925
0.1,0,4,2,Ucal,context_1,0.018015047815740794,0.009030909926306334,0.0080025833890748,0.013070680873262908,0.013022996639516875,-8.730580110555339e-05,0.010772223127043883,0.010912812152191212,0.01302720103878528,-0.0005641223921587593,1900,0.010636184047715566,0.013054145118713705,0.0007505728047072273,776,0.010678785982902096,0.013125882394973538,6.061653833364461e-05,1729
0.1,0,4,2,Ucal,pooled,0.006035310787640447,0.004946816803397715,0.00496914001710233,0.010717248153935016,0.010692885957746423,-5.7502808114293486e-05,0.008134811584721577,0.007999784882485983,0.01046097369638801,-0.00037073089006298685,20480,0.00833265105934955,0.011026338683255773,0.000508181125954062,7882,0.008199461317903054,0.010868006668916066,4.7364263290363045e-05,18654
0.1,0,4,3,Ucal,context_0,0.0038960345233024192,0.004356029313674105,0.004407354823921532,0.010439003929352215,0.010422408020218677,5.763098333501376e-05,0.007830510869454722,0.0076523885391532286,0.01016195752779879,-0.00011251091644312261,18580,0.007971042675424086,0.01069363290922063,0.00022142444329130258,7106,0.007967048174257292,0.010636234571001709,0.00017564103777686815,16925
0.1,0,4,3,Ucal,context_1,0.014141288595119643,0.014852513004189409,0.01540954145481201,0.013090533998617258,0.013109410309143251,-0.0006029972288584195,0.01086429789510136,0.010596476228613603,0.012704029917919175,-0.0005650891128339265,1900,0.011313450858765041,0.013555543857327178,-6.951023008405548e-05,776,0.010957021126173493,0.013306560663144416,-0.0008840911163630136,1729
0.1,0,4,3,Ucal,pooled,0.0034738308349241856,0.004478790699148133,0.004468931947757602,0.010687429783425562,0.01067169045913258,-4.264270934002607e-06,0.008114750954701733,0.0079255216744059,0.010397794321804099,-0.00015449815145984758,20480,0.008300110012428981,0.010975394250977885,0.00019278129351468778,7882,0.008244182474346448,0.010883741476400805,7.741669476690483e-05,18654
0.1,0,4,4,Ucal,context_0,0.006851469344036618,0.005258226839276494,0.00532505065162314,0.010496526576206523,0.010486780962651703,0.0001331237827233972,0.007885776808649006,0.00777630477790812,0.010284925818273375,-2.8266235624627484e-06,18580,0.008021168018642225,0.010711776661504293,0.00033851627594915336,7106,0.007949109180463118,0.010638445334036475,0.00019613350159660575,16925
0.1,0,4,4,Ucal,context_1,0.016542582873508245,0.013002297162961175,0.01305452855037182,0.013071050510871795,0.013103916398949688,0.00019719302992544704,0.010873943574041568,0.010252610680304076,0.012481957423733547,0.00044272486316530326,1900,0.011286776868108007,0.013459995704176164,0.0005597233023379266,776,0.011371441469880596,0.01354384137007277,-0.00023533095766727188,1729
0.1,0,4,4,Ucal,pooled,0.005641137644057529,0.00469555969665227,0.00481176984818882,0.010737737609305905,0.01072958161348013,0.0001391265271917703,0.008165742662859365,0.008006040188774932,0.01048875199260806,3.850871944450773e-05,20480,0.008342674294610945,0.0109823447885169,0.0003602945876057999,7882,0.008266317957583457,0.010907740377796888,0.00015614196894584752,18654
0.1,1,0,0,Ecal,context_0,0.005562418286014052,0.0043533605150156114,0.004550100531776939,0.024199085438577,0.02418145233326614,0.0005020532682736303,0.014342448000176523,0.014463412215740516,0.02390260823542184,0.0012325345683072148,18560,0.014184600893360232,0.024411000766158344,0.000336669101120742,7010,0.014275048034386815,0.024436881593446744,-0.00023188326856894242,16893
0.1,1,0,0,Ecal,context_1,0.026447993266490964,0.020392136542560845,0.024706272675343702,0.028920372588670577,0.028974651716674116,0.0005944797725753869,0.021715100573361904,0.02125905235589016,0.028143248477924012,0.0012761670969969904,1920,0.021755678453422213,0.029343605326721443,-0.0009890178436195696,770,0.022204022177241066,0.029595641311504526,0.0005426288759805042,1727
0.1,1,0,0,Ecal,pooled,0.004481903010560829,0.0032789975633326423,0.0029153742690011717,0.02464392173000113,0.02463081477546064,0.0005107616272646896,0.015037094041468328,0.015100503478879545,0.024300168258156417,0.0012366251178718812,20480,0.01493392347963886,0.024899189135262918,0.00020546358088294767,7780,0.015010458256981298,0.02491535517202278,-0.0001600474751405378,18620
0.1,1,0,1,Ecal,context_0,0.005960349139779094,0.006949542520497049,0.007090871672420625,0.024086907064831947,0.024079956876673102,0.00036855657706844503,0.014167782389387448,0.014212800317307421,0.023683527156302668,0.0008762051365418552,18560,0.013859672447966782,0.02419793293793113,5.519758915254971e-06,7010,0.014246176869181695,0.024484020646308186,-3.853921222727696e-05,16893
0.1,1,0,1,Ecal,context_1,0.034213757573909175,0.03115048751727215,0.035718805298287984,0.02810021044822382,0.027984988232389967,0.0007491027959532832,0.02053496395447539,0.01910801552682339,0.02699151002846823,0.0006932637372907872,1920,0.02116689861739998,0.02818458485296117,0.002090961928781751,770,0.021839625964110546,0.029295193953888538,0.00021290097797648647,1727
0.1,1,0,1,Ecal,pooled,0.007215089113825476,0.005871032635623635,0.005697083302232263,0.024465037633186082,0.024446053566271556,0.0004044113690653377,0.014767693672941062,0.014671726743199543,0.02399365055056819,0.0008590543803620676,20480,0.014582881207666468,0.024592498744431535,0.0002119195623596254,7780,0.014950467233679125,0.024930255678649288,-1.5218202104725976e-05,18620
0.1,1,0,2,Ecal,context_0,0.009800044965530472,0.006330869180545268,0.0066753251589039995,0.02431856434426264,0.024307631281548187,0.0004880040841205574,0.014437595780847537,0.014401648408564708,0.02387733167404741,0.0007624600546290006,18560,0.014474041553243422,0.02462671287820313,0.0003415363060892393,7010,0.01446196672532597,0.024675467033913493,0.0002472437876286871,16893
0.1,1,0,2,Ecal,context_1,0.035804197907880884,0.028086264270303765,0.0327515481731613,0.028652075821487835,0.0286727850955079,0.0008234748726878092,0.021124135761464616,0.02033576107933186,0.028210110729226776,0.0027814150302826117,1920,0.02173696267479039,0.028951232388990555,-0.0015308864245360547,770,0.021727379922688732,0.029010050587072164,-0.0003035586558122751,1727
0.1,1,0,2,Ecal,pooled,0.007743653234596592,0.005043803482171382,0.004736627609637701,0.02472686468971707,0.02471686445160691,0.0005196119013795496,0.01506759678542061,0.014957971471449127,0.024283529710470476,0.0009517370835965266,20480,0.015192865366044342,0.025054718022586978,0.00015621940344380536,7780,0.01513583184841112,0.025077498494509895,0.000196157008905672,18620
0.1,1,0,3,Ecal,context_0,0.010408467140768958,0.006528940603050492,0.006713047794413009,0.024085609575697813,0.02404975990568577,0.00046511542678336933,0.014154800902226988,0.013956333161331713,0.02359027782805587,0.0008454349205090568,18560,0.01418435812400343,0.024379584512599584,0.00025593251861451185,7010,0.014360588219243709,0.02450783137931784,0.0001340695724481377,16893
0.1,1,0,3,Ecal,context_1,0.04662523271791762,0.035968390267379795,0.04074666940086777,0.02880489451659749,0.02885487501878174,0.000539437439465566,0.021225199721144665,0.020711705618305133,0.028186236253289584,0.0011991747402741264,1920,0.020852158784672812,0.02879082597678757,-0.0016279252463733994,770,0.021962403078721517,0.029498963214457843,0.0007723115856980891,1727
0.1,1,0,3,Ecal,pooled,0.010076713738463194,0.006671966375459051,0.006614829008447915,0.024530257220406727,0.024500239447538517,0.00047211799354994916,0.014820968811424074,0.014589649329172972,0.02402114893042153,0.0008785980286120321,20480,0.01484428183977662,0.024816172678078344,6.948387092290623e-05,7780,0.015065654506156607,0.02497075751676611,0.0001932663477909232,18620
0.1,1,0,4,Ecal,context_0,0.006867784070166439,0.0072932345711388255,0.007444054135783576,0.02418689519157669,0.02414275126797719,0.00013839326539409735,0.014316593291584002,0.014137384478918052,0.02366945734621399,0.0006128892418928444,18560,0.014386717331052337,0.024431108622150775,-0.00010020368959696249,7010,0.014484387410237115,0.02465405379345956,-0.0002839166067025946,16893
0.1,1,0,4,Ecal,context_1,0.03183566418340517,0.025744476301677244,0.030832619787192383,0.02840215342974015,0.028265594225906784,0.00023815756714705674,0.020946400240907066,0.02007019507388274,0.027460161364069792,0.0012772696286750336,1920,0.022004737247797578,0.029659515227774737,-0.0007844420440204731,770,0.02144865526428924,0.028888810164888066,-0.00046114379795700674,1727
0.1,1,0,4,Ecal,pooled,0.007087147329515184,0.005817098045921852,0.005452957394268318,0.024584053801601603,0.024529267795283086,0.00014779298640183673,0.014941248950610452,0.014693585472195991,0.02402483584788797,0.0006751749031536746,20480,0.01514068588322378,0.024948573029134124,-0.00016792393804247705,7780,0.0151303213835963,0.025046826309756933,-0.0003003543811008958,18620
0.1,1,0,0,Ucal,context_0,0.007699306957437095,0.004737085874235651,0.005099777273145021,0.024108807573587975,0.02408281200837343,2.1799704353810986e-05,0.014272419776101357,0.014313233542207886,0.02382526549893649,0.0008198345951125796,18560,0.01428148396493875,0.02435225755263242,-0.00045940140620958107,7010,0.014223817191439822,0.02431930639276929,-0.0006553036986790055,16893
0.1,1,0,0,Ucal,context_1,0.026550805502258388,0.020516115611187078,0.026125163855705222,0.028694030279892997,0.02874415904201977,-0.0008388484571148481,0.021489216672171827,0.021174236328806727,0.027954028458346634,0.00033703593459601203,1920,0.020810721742061826,0.028587100761806497,-0.0016743662343783811,770,0.022141911145504595,0.029564406207105286,-0.001773619356704849,1727
0.1,1,0,0,Ucal,pooled,0.006870762190774932,0.0036294797699771807,0.003501682670912719,0.02454082397063894,0.02451981329277777,-5.928994857296093e-05,0.014952381207200828,0.014956452553451526,0.024212337026381193,0.0007745722206891515,20480,0.014927693873471497,0.024771387278990267,-0.0005796485678663903,7780,0.014958218279445722,0.024805787992090357,-0.0007590271756613164,18620
0.1,1,0,1,Ucal,context_0,0.004079617992928079,0.005159737095611394,0.0055296057716157036,0.02395457991678149,0.023943011012809195,-0.0003494412417364135,0.014082933431629651,0.01410057799396876,0.02356176940492301,0.00017676038751860375,18560,0.013698448196648701,0.02398472922543906,-0.0005235171941947325,7010,0.014223095535471632,0.02437364203993332,-0.0008553330201203775,16893
0.1,1,0,1,Ucal,context_1,0.030227927825040735,0.033055593720703526,0.0382399569988842,0.028232261060114224,0.02809297979685806,0.0004595583074936803,0.020712619649913885,0.019375176941199848,0.027146864812281516,0.0006490319734439254,1920,0.021734229412365268,0.02878496453110068,0.0020234472227173964,770,0.02174403278462343,0.029192526910246954,-0.00044836520341930874,1727
0.1,1,0,1,Ucal,pooled,0.0032474290691678906,0.004018189594095779,0.004300185452081357,0.02435761996819149,0.024332070586313773,-0.00027321788403698253,0.014707577715464153,0.014595071645271674,0.023897872099362873,0.00022103584869910265,20480,0.014493763304116794,0.02445981678139786,-0.0002714397390504729,7780,0.014920660445744733,0.02482059231764716,-0.0008175868644037961,18620
0.1,1,0,2,Ucal,context_0,0.007437298241109145,0.0044690646665094275,0.00477676327113491,0.02416664581516136,0.02413217886716824,-2.025076500313288e-05,0.014324197897928506,0.014329162028875074,0.023726967294257113,0.0002947110088606333,18560,0.01442716180077208,0.02455862489875709,-0.00019563568992468498,7010,0.014276017513787041,0.02448705426670796,-0.00029351437710349517,16893
0.1,1,0,2,Ucal,context_1,0.028485791959319023,0.025271460476119296,0.029787019389245155,0.02859398645305043,0.028532622769933385,0.0006259142650801158,0.02122271746963782,0.02005591648630798,0.027780799235642917,0.0027299505930083495,1920,0.022265987734419186,0.029272690628029334,-0.001620151937104665,770,0.022054761351578554,0.029195444034225106,-0.0007118267736806991,1727
0.1,1,0,2,Ucal,pooled,0.006204122874285709,0.0034280775297503945,0.00361447025149274,0.02458378667688397,0.024544720483052472,4.0630441009616896e-05,0.014974171467643524,0.014866045259259409,0.02410701403876203,0.0005230147198744817,20480,0.015202983904744864,0.025025184103325163,-0.0003366225164450686,7780,0.01499749391592807,0.024923756153308503,-0.0003323127395572455,18620
0.1,1,0,3,Ucal,context_0,0.009789153547144387,0.006505506596293699,0.006747045750673954,0.02396084960708549,0.023936710496546342,-4.904803524763982e-05,0.014032848779152193,0.013903392634579334,0.02355611558897212,0.0004965610858374115,18560,0.013939740801610041,0.024146625720288008,8.935997323710977e-06,7010,0.01421371617782873,0.024328432204767044,-0.0006725591555734388,16893
0.1,1,0,3,Ucal,context_1,0.04187676442296522,0.033897678238539314,0.03953243458969596,0.028594937348817486,0.02869928866644983,-0.0001844845468442797,0.021076644921558512,0.020402830293945348,0.027820583358122045,0.00026337575982324777,1920,0.020488473758488505,0.028243427293741012,-0.0020036433762931206,770,0.022088003277424863,0.029612553101303958,0.0001286946713803611,1727
0.1,1,0,3,Ucal,pooled,0.010392770287266614,0.0069716071727635685,0.007160699207222267,0.024397470032751663,0.024383202199974793,-6.18087662997379e-05,0.014696510203235143,0.014512714915144897,0.023955909442329927,0.0004746999615235836,20480,0.014587880181660995,0.024552093228200452,-0.00019025244967949727,7780,0.014944054191846053,0.024818532998983976,-0.0005982430782829332,18620
0.1,1,0,4,Ucal,context_0,0.006930924497340801,0.0057662198971233725,0.006125782760847492,0.024066607453878328,0.02402331532887435,-0.00031673631620112894,0.014236749691001166,0.01406739848577578,0.02358541443505162,0.00013745825874201696,18560,0.01404353329930428,0.024109817056577207,-0.0006163633892182446,7010,0.01450299045787374,0.024577354101276927,-0.0006914160965299519,16893
0.1,1,0,4,Ucal,context_1,0.02595432824866275,0.02399195202038806,0.028936340523273013,0.02810543177442799,0.027974990496305512,0.00023543377733079455,0.020696179699662965,0.019796525828617937,0.027185438257826416,0.0010199417418334633,1920,0.02100805670942192,0.028756683814647764,0.0004455973841733747,770,0.02155732048419803,0.028837871543336963,-0.0007304499916986847,1727
0.1,1,0,4,Ucal,pooled,0.006947493879690522,0.004475594680072931,0.0050978337470863454,0.024447142586640012,0.02439378487582103,-0.00026471124574186045,0.014845352556791678,0.014604504174167232,0.023922916668436756,0.00022019108528184005,20480,0.014732824176655253,0.024569725463224293,-0.0005112593023915676,7780,0.01515727767352691,0.024972515949957794,-0.0006950364798251399,18620
0.1,1,1,0,Ecal,context_0,0.003975149605611384,0.0048897305463259525,0.004617959486363908,0.008061787284030036,0.008055441616612688,0.0001788490789423674,0.006437446404334837,0.006354756977995642,0.00793315599116255,-0.0004670845303626422,18610,0.006476757905440903,0.008151851555802019,0.0006662180209583272,7320,0.0065108930425922034,0.008163616442823802,0.0006751085490380233,17034
0.1,1,1,0,Ecal,context_1,0.048791848231419674,0.03277193651827882,0.0357106505722399,0.02071946342864842,0.020929654027140268,-0.001997610107530232,0.019629314824859384,0.019725105266041935,0.020856008314518854,-9.724976305655618e-05,1870,0.01826160675385496,0.019381390566615246,-0.002574872051539657,728,0.020104337134737135,0.02113760078000528,-0.0038204298567605477,1719
0.1,1,1,0,Ecal,pooled,0.008167754482507698,0.005070985400080581,0.0051547625859419835,0.009217498625082839,0.009230967847456757,-1.9872908917496228e-05,0.0076419322648581854,0.007575584678124869,0.009113123464047135,-0.00043331543784006497,20480,0.0075427830000787555,0.009167644846044569,0.00037303790505642206,8048,0.00775694062934617,0.009352881044520329,0.00026302352159880053,18753
0.1,1,1,1,Ecal,context_0,0.003781818969099699,0.00359944399333567,0.0032452331685412996,0.008087223507381452,0.008080847446614331,0.00023312201495763143,0.006471636305206699,0.006305329514240014,0.007883900406541206,-0.00034975254270640965,18610,0.006527482493286901,0.008197147683752574,0.0006095725666385531,7320,0.006629331226137947,0.008262120650483505,0.000708152981249956,17034
0.1,1,1,1,Ecal,context_1,0.03227079961624183,0.029373549000116576,0.03186096852300552,0.02090757952811909,0.020957229030147274,-0.0018645368614819747,0.019839368358458086,0.019137557844984977,0.020282738238795943,0.00026300708280208913,1870,0.020105701763756,0.021159221519265775,-0.0038368753771614895,728,0.020490034409149087,0.02148073708569878,-0.0033436786511250884,1719
0.1,1,1,1,Ecal,pooled,0.005419783469761386,0.0038492253060821114,0.003903922671022604,0.009257788363063953,0.009256571741595122,4.159490323009226e-05,0.0076921794255697664,0.007477022237799247,0.009016020853138684,-0.00029380232299445195,20480,0.007755730956122576,0.009369661320961025,0.00020735908464471222,8048,0.007899877206599536,0.009473809535042512,0.00033674048319350103,18753
0.1,1,1,2,Ecal,context_0,0.006147587480107838,0.0035558880713136686,0.00331088138226548,0.008057418385433415,0.008047776672892358,0.00015348779647493592,0.006434330870287704,0.006305933330950719,0.007875467542653242,-0.0003165359709417865,18610,0.006457746777520642,0.008125955098126685,0.0006208924846367432,7320,0.00656454536870946,0.008226751275372613,0.0004661413126356014,17034
0.1,1,1,2,Ecal,context_1,0.03192564773727877,0.03005786342399976,0.03298353726190966,0.02065141626955093,0.020704589570536707,-0.0019856678183456525,0.019548118253403968,0.019254248461780702,0.020440814913191985,-0.0003307665215137808,1870,0.01885725949778334,0.01986274830374936,-0.004409185477665493,728,0.020160382176863723,0.021214519710792797,-0.002759573908567151,1719
0.1,1,1,2,Ecal,pooled,0.008184815974893409,0.004492901230639507,0.004546512960106832,0.009207315571739443,0.009203452459933127,-4.182818223068535e-05,0.007631687527991917,0.007488225776978652,0.009022791741037395,-0.00031783534250280355,20480,0.007579372679651761,0.009187633211160147,0.00016588543238077558,8048,0.007810812284574505,0.00941727940103183,0.0001704550509576015,18753
0.1,1,1,3,Ecal,context_0,0.006329958675998695,0.005085034393825601,0.004930387958610903,0.008069592063256381,0.008043814873813138,5.601733519249417e-05,0.006449537156983001,0.0062628365704796764,0.007849759263383582,-0.00047189664497995554,18610,0.00655941191877498,0.008239460252085447,0.0003101881145616698,7320,0.006606295091614304,0.008236766729418414,0.0005235498622575947,17034
0.1,1,1,3,Ecal,context_1,0.04619623481199244,0.034614500690160706,0.03771034773598519,0.020329480477038017,0.020299393063873603,-0.0021004313933116183,0.01922624925346059,0.0188140438222152,0.019936247714384295,0.0001122441262325501,1870,0.018927953850764494,0.020064622786866403,-0.004786180588160898,728,0.019800992249150898,0.02086942327203941,-0.0033700519911576453,1719
0.1,1,1,3,Ecal,pooled,0.007322446704826604,0.005998652169515094,0.005849616875960587,0.009188983325757075,0.00916285448394073,-0.000140877594291913,0.00761611709650403,0.00740886965450045,0.008953359527220072,-0.0004185595726085012,20480,0.007678236288368465,0.009309132012189887,-0.00015081541620150476,8048,0.0078157914076067,0.009394743404977817,0.00016664154966650012,18753
0.1,1,1,4,Ecal,context_0,0.005967402152755494,0.004049603643517156,0.0039192872945461405,0.008076650070581075,0.008064030764554133,4.202181761415852e-05,0.006454971975663994,0.006325269597575013,0.007901845273323065,-0.0005152087050106243,18610,0.006560340524737626,0.008217623007332376,0.0003450047703144329,7320,0.006551394629005369,0.00820704782683046,0.0005206072827005269,17034
0.1,1,1,4,Ecal,context_1,0.04086366323870513,0.03383841495611667,0.03695756305226384,0.020369519796135077,0.020363594976320606,-0.002129380803279974,0.019292586376704578,0.018150208372483278,0.019318237419509113,-0.0005087736177253213,1870,0.02064702555967065,0.02158547720047044,-0.004102342357797609,728,0.019961705133362245,0.020998188239377893,-0.0030567917545879213,1719
0.1,1,1,4,Ecal,pooled,0.006953667334104442,0.004996075263507516,0.00486174408257173,0.0091990526975394,0.009187086676468358,-0.00015623847963843702,0.007627112610787875,0.007404988128291734,0.008944259985889857,-0.0005146211262399448,20480,0.00783458340563117,0.00942684242241743,-5.729004942532444e-05,8048,0.0077806552143511514,0.009379551979188432,0.00019268380671807914,18753
0.1,1,1,0,Ucal,context_0,0.00477001342633028,0.004515213883116422,0.004262275548047462,0.008059214125000439,0.00805270129300036,0.00010181687359200677,0.006437828823713887,0.006356477588094863,0.007931093877260981,-0.0005433030242339569,18610,0.006495411528142098,0.008169848523535281,0.0004873454153456323,7320,0.006501961798849234,0.008151645380909579,0.0006409510976676581,17034
0.1,1,1,0,Ucal,context_1,0.04344584906826981,0.03208970276951345,0.03495268052485596,0.02072117805954978,0.020897930456368456,-0.001783069578694723,0.019621057437164573,0.01972818522051694,0.020868549408530567,0.00019188623696087516,1870,0.018448217756595914,0.01958055379173647,-0.0027197078842628787,728,0.020001219352571823,0.02104391805045962,-0.003534840776380791,1719
0.1,1,1,0,Ucal,pooled,0.00741169742693947,0.005397405607346079,0.005469127698748657,0.00921531696346514,0.00922558110430399,-7.02830146193638e-05,0.007641525825136585,0.007577429408047465,0.009112394748524367,-0.00047617392665415536,20480,0.007576629586580763,0.009202029616384494,0.00019724417253810298,8048,0.007739375745143114,0.009333419855338018,0.0002581757427116893,18753
0.1,1,1,1,Ucal,context_0,0.003654274400752708,0.003458540110720855,0.0031391683852976388,0.00808795815429568,0.00808406194391881,0.00013521235197235914,0.006474623753829782,0.006327305934534542,0.007900246742191738,-0.0004400930964437497,18610,0.006492017164744966,0.008164509615108315,0.0005427386367418727,7320,0.006628097092398836,0.00826014041836201,0.0005886197718685048,17034
0.1,1,1,1,Ucal,context_1,0.032821717695412644,0.02970644509201368,0.032127407347109484,0.020922652699787,0.020957835478280513,-0.0018119050454342286,0.019862021683942452,0.019203609901475398,0.02034208604650084,-6.909397515383634e-05,1870,0.020026160388734643,0.021047474578493736,-0.0028370050559905205,728,0.020508756446085952,0.021501355034834475,-0.003273675780593829,1719
0.1,1,1,1,Ucal,pooled,0.005436390276001049,0.003228294982042107,0.003582796628007233,0.009259832191496375,0.009259548101597345,-4.256954360100519e-05,0.00769696247052986,0.007503023142453458,0.00903629359273168,-0.00040621768839628204,20480,0.007716278629340454,0.009329867280782344,0.00023701629475514528,8048,0.00790047236190175,0.009473900772743505,0.00023458116179636966,18753
0.1,1,1,2,Ucal,context_0,0.00544298657062873,0.0028365222364066696,0.0026145210179881586,0.008056409146054638,0.00805167405536706,7.24648015785013e-05,0.006437922032707264,0.006308219326416822,0.007872507445798703,-0.0004003769552464257,18610,0.006436222688870026,0.00810744425016608,0.0005939815651442184,7320,0.0065803551993712135,0.00823539433330761,0.00036494351387219876,17034
0.1,1,1,2,Ucal,context_1,0.02396601727031664,0.029342744370656426,0.03005590251112921,0.02065876565462596,0.020746178154999847,-0.0015014382016680875,0.019564363793080568,0.01933861058304973,0.02052209185592626,-0.00024988633147216737,1870,0.018537831779282827,0.019525932133946808,-0.0025058573030017233,728,0.020244685962250094,0.02128720242404008,-0.0024375550669941395,1719
0.1,1,1,2,Ucal,pooled,0.007495036498372816,0.004384148765575928,0.004443806367626666,0.009207069518032861,0.00921079137305814,-7.12406882591824e-05,0.007636434100547021,0.007498006028072268,0.009027523209809374,-0.0003866358680170379,20480,0.0075309010459550805,0.00914032933706871,0.0003135786456598439,8048,0.007832900636442017,0.00943179267533124,0.00010805154669312154,18753
0.1,1,1,3,Ucal,context_0,0.007569181495985423,0.005681530533214359,0.0055766368309053595,0.008057551123668766,0.008032921283665714,-7.974656385290435e-06,0.006434090924013561,0.00625528716099384,0.007847875270310415,-0.0005300996958216565,18610,0.006520563813404796,0.008201236247331224,0.000272637713049116,7320,0.006592277872437488,0.008224880730677672,0.0004418706201000282,17034
0.1,1,1,3,Ucal,context_1,0.029488008775347647,0.02831615053632726,0.030616051230061656,0.02060508129799019,0.02054292421347363,-0.001351776146881139,0.019527637179037445,0.018982502891816556,0.020090496112258837,0.0008437879762069427,1870,0.019857012006648623,0.020949966722512797,-0.0032699864695442246,728,0.019981166115978763,0.021018808876969344,-0.0029278365280771754,1719
0.1,1,1,3,Ucal,pooled,0.007556229116746842,0.006350148793007906,0.006207741049527853,0.009203205567579545,0.009175192058994856,-0.00013067068723215448,0.0076295994619661875,0.00741739133172814,0.008965731763203167,-0.0004046519445182639,20480,0.007726942327902995,0.009354451429479856,-4.7818351181494314e-05,8048,0.007819574779100287,0.009397640421579149,0.0001329852904078929,18753
0.1,1,1,4,Ucal,context_0,0.00689526748761321,0.004386862727205755,0.004292540583271808,0.008078446673381097,0.008066555038784355,-2.4054438248935687e-05,0.006456644573347683,0.006311649822143058,0.007886862023819883,-0.0005696051989765592,18610,0.006546498533806514,0.008201620403643509,0.0002627097477352684,7320,0.006576441528223778,0.00823482559922431,0.00044874031434802926,17034
0.1,1,1,4,Ucal,context_1,0.03636842802160573,0.03128950617502696,0.034014530931418215,0.020248333870205457,0.020265547467781257,-0.001781715660897261,0.019170930248400195,0.018051701809035585,0.019230091252412776,-0.00014596720410381408,1870,0.020404534383707647,0.02133605881785375,-0.004230534565727135,728,0.01986603983019659,0.02089536699026616,-0.002524071362751594,1719
0.1,1,1,4,Ucal,pooled,0.007821715832750634,0.004990496712340072,0.004857277706466957,0.009189620358977652,0.00918042788264296,-0.00018453800454772,0.007617524657508375,0.007383617459618108,0.008922596333266596,-0.0005309234094056592,20480,0.007800058436729976,0.00938972566775199,-0.00014373680547057516,8048,0.007794636989274877,0.009395358348715108,0.0001762365403953682,18753
0.1,1,2,0,Ecal,context_0,0.0032476318357092223,0.0020437784110211004,0.0020793517335689613,0.03022752973857173,0.030242517802369577,2.5412529459615578e-05,0.02057270111446338,0.020615160539426344,0.030007319508543587,-6.023562956707361e-05,18630,0.020615220691682604,0.03049106003441524,0.0003145241597723523,7459,0.020507694215094678,0.030352879894536274,-7.488183148789631e-06,17047
0.1,1,2,0,Ecal,context_1,0.04103393113517998,0.031631674705774444,0.03166764025384966,0.03348037629963019,0.03343485679647098,0.001275108818619519,0.025280572086681184,0.02386839545558433,0.03211468304567215,0.002947561941235452,1850,0.02652291950768452,0.03474465949479287,0.0006696872723175754,733,0.026297838140437152,0.034436630297100666,-0.00030903002381930434,1673
0.1,1,2,0,Ecal,pooled,0.004451957684845915,0.004199496450310864,0.003818479210049601,0.030519648977343355,0.03053088826814534,0.0001376404879054408,0.020995487636613932,0.02090903185753632,0.030197681937434596,0.00021146483459233423,20480,0.0211438270432609,0.030871661646287407,0.0003463032810486766,8192,0.021025157398166152,0.03071784327185947,-3.443687435828595e-05,18720
0.1,1,2,1,Ecal,context_0,0.006660536340131765,0.005771397614799171,0.005702434466923358,0.03024765894420604,0.0302346111007207,0.000651132027208888,0.020548928084866854,0.020226038399117963,0.029805651464638507,0.0004976850418924837,18630,0.021080213828522522,0.03083154286276589,0.0013089717215596071,7459,0.020669334871021263,0.03047523031722213,0.0005309871956421957,17047
0.1,1,2,1,Ecal,context_1,0.0380940427941277,0.029637202082469408,0.02842465478288229,0.03240865261478691,0.03244496901239362,0.00023093414921803693,0.023969351281184367,0.023445766316475096,0.03185667540358908,0.0011090738426994633,1850,0.024034898898387672,0.03260414855941269,0.00032003419816819254,733,0.024519611760145592,0.032933374260516325,-0.0007791487968794543,1673
0.1,1,2,1,Ecal,pooled,0.007514542881363032,0.0063455581714269935,0.005793291749190748,0.030441725222522892,0.030434277220671622,0.0006133964986654827,0.02085609640702096,0.020516882961965167,0.02999092462318629,0.0005529130341528799,20480,0.021344591777278765,0.030990151258230014,0.0012204840256799798,8192,0.021013432800268326,0.03069491380104324,0.0004139007899002769,18720
0.1,1,2,2,Ecal,context_0,0.009972501738388399,0.0039487501555683525,0.004713919350437128,0.03029785989231989,0.03025324280677148,0.001144957555270027,0.020775633380998436,0.020170148925968735,0.029626819653211834,0.0002742526019956883,18630,0.02135470542791526,0.030922799968328436,0.0016199769073891757,7459,0.021183967809299643,0.030757767889482757,0.0018886698760328707,17047
0.1,1,2,2,Ecal,context_1,0.027111376207524494,0.026957039744484667,0.028175432207470093,0.03255713058210414,0.03243203387023794,0.001497346082880841,0.024243799471944095,0.024184523490635126,0.03254978365576323,0.0027582982867150694,1850,0.025067085738193454,0.03283530996228082,0.0017110820285376228,733,0.0239486361319924,0.03244337465147723,9.342481410581768e-06,1673
0.1,1,2,2,Ecal,pooled,0.00877258043501312,0.0032132504448766867,0.004026389453142714,0.03050075185838424,0.03045005742920375,0.0011766035202749143,0.02108708921495912,0.020532775534593383,0.02989085692883293,0.0004986414944141871,20480,0.021686880082143034,0.031093926656019732,0.0016281287694255298,8192,0.021431045272112943,0.030908409989526386,0.0017207150292805691,18720
0.1,1,2,3,Ecal,context_0,0.005707931541351563,0.004302556565618026,0.003927358125203102,0.030015256106710665,0.03001796407085344,0.0004982831035512679,0.020314187758401152,0.02002867905805972,0.02961929147987203,0.0005411663361121683,18630,0.020597927341741346,0.030252640950196974,0.001202872069184207,7459,0.020502057385621563,0.03034412144667895,0.00014312127347760882,17047
0.1,1,2,3,Ecal,context_1,0.02517355207383956,0.031049402706309754,0.03044236144626348,0.031904794017587244,0.03197166175486187,0.00054772296496772,0.02338253819782819,0.02187332894854449,0.03068228903792899,0.0009650263220474526,1850,0.024274582264368075,0.03225039691654114,-0.000287843697880983,733,0.024660582914146845,0.033105216783537374,0.0004523608330314343,1673
0.1,1,2,3,Ecal,pooled,0.006747829976100167,0.005235550994784112,0.004729828687969757,0.03018494452139438,0.03019444555109834,0.0005027230100795516,0.020589738473082986,0.0201953100296123,0.029715314208505105,0.000579454469607299,20480,0.02092690537620001,0.030431395237712877,0.0010694864909055468,8192,0.02087370339038774,0.03059087959296977,0.00017075790719200785,18720
0.1,1,2,4,Ecal,context_0,0.003979591858070296,0.002815022490849454,0.0030494958685201206,0.030238478616963063,0.030193419747241382,0.000376079471326552,0.02064746845358477,0.020192840980926767,0.029668540249566656,8.133153360630964e-05,18630,0.0207188061931319,0.030418752447853945,0.0007354754673394238,7459,0.021113098864585917,0.03078246226687096,0.0005409424586831603,17047
0.1,1,2,4,Ecal,context_1,0.03053134235016798,0.02451772269527184,0.024135964802942875,0.032776031974659635,0.03273947390251356,0.0005051914416078507,0.02457107316144161,0.023846273219867334,0.0320945757421086,0.002439804041909205,1850,0.02600753496656395,0.03420268433228247,0.002456777557568043,733,0.024743191146353583,0.032904518437350545,-0.0024891575921974847,1673
0.1,1,2,4,Ecal,pooled,0.004728756958508469,0.0030652716427401563,0.0025049462731555525,0.030466361531597527,0.03042340999075962,0.0003876742667670737,0.020999824581974344,0.020522862936104502,0.029887688963492566,0.00029437714592859263,20480,0.021192028628547632,0.030757329360852736,0.0008894933423562179,8192,0.021437518970750306,0.03097210970133743,0.00027014345306759844,18720
0.1,1,2,0,Ucal,context_0,0.004752776895904052,0.002106277054706598,0.002450767191926147,0.02999152291559991,0.03000529291141745,-0.0012429701704124282,0.020327008862614227,0.020467704985644698,0.029871652600243218,-0.0013676583702949446,18630,0.02035327034725598,0.030200037919521784,-0.0009848241146016112,7459,0.02016175672522932,0.030031287716494024,-0.0012196564064939441,17047
0.1,1,2,0,Ucal,context_1,0.0351651479716702,0.03293798352638232,0.03133224158339907,0.03295758546275629,0.03288442046130006,0.0006645364490778823,0.024586008217437824,0.02342915429658181,0.031854399629393466,0.0027876005241194287,1850,0.025324570835856427,0.033537030209231954,-0.0011152623355957854,733,0.025541664735239847,0.03392361104109136,-0.0009033511956687181,1673
0.1,1,2,0,Ucal,pooled,0.004356644956813371,0.003954292511459285,0.004416413100341446,0.03025788774934184,0.03026537035122618,-0.0010716680904717048,0.020709484834384343,0.02073521871734556,0.030050758166841263,-0.000992305393992865,20480,0.020798090080916154,0.030498623777475586,-0.0009964954056158604,8192,0.02064255726479917,0.030379143321304456,-0.0011913883179410273,18720
0.1,1,2,1,Ucal,context_0,0.005381832224191717,0.004111297075174416,0.004500664400606637,0.02999778220014553,0.029981630944984888,-0.0005542646312135485,0.020289153022310234,0.020063180185482504,0.029616767592176744,-0.000433856214662105,18630,0.020515546289561405,0.030402967317246715,-0.000126500285483666,7459,0.02043705039836902,0.030236887400943366,-0.0008730247095353989,17047
0.1,1,2,1,Ucal,context_1,0.03705464615435809,0.02963463101070528,0.028753732179464263,0.03273417745027076,0.03272286001767617,-0.0001583378595699157,0.024314975870170986,0.023260471693970063,0.03177956334327826,0.0003018481405200185,1850,0.02515060193633399,0.03355269813065202,0.0007770626969625322,733,0.02511492734624644,0.03343116516050188,-0.0010770424071519017,1673
0.1,1,2,1,Ucal,pooled,0.007022254746094882,0.004924870092294398,0.005042146013900749,0.030243521949143946,0.030229251735242647,-0.0005187087496277259,0.020650688767594152,0.020351998021942562,0.02981213732555261,-0.0003673985458590323,20480,0.02093027966225236,0.030684797479139547,-4.565169342640729e-05,8192,0.020855110661926655,0.030522358912254337,-0.0008912577014217456,18720
0.1,1,2,2,Ucal,context_0,0.010236931404342522,0.0041564208712898554,0.0042697836698622985,0.030014709102513908,0.029948018866270878,-0.0005211359270273512,0.020447324516316628,0.020051974032756083,0.029544608878421433,-0.001055254609040592,18630,0.021129114082614257,0.030653934296599364,-0.0002692927822284875,7459,0.02058106717682692,0.030248767086450048,-4.7613722014624384e-05,17047
0.1,1,2,2,Ucal,context_1,0.01812822988195765,0.028394477225857206,0.02927700920550803,0.0327531891559094,0.032664677025401594,0.000844386579990527,0.02437860690997353,0.024212016595175138,0.032668517815244914,0.0020250042940716485,1850,0.025136686648060486,0.033073669684622664,0.001764952902660526,733,0.024230680809769884,0.03270640478811649,-0.0008644704944668455,1673
0.1,1,2,2,Ucal,pooled,0.009406883087657277,0.0035984637714076514,0.0032418003667451047,0.030260636075573732,0.03019342011599704,-0.0003985062893275687,0.020800370133032608,0.02042775912750585,0.029826797918124724,-0.0007770085655465664,20480,0.021487701813384774,0.03087044626430213,-8.727348449610872e-05,8192,0.020907231899471874,0.03046840532762996,-0.00012061593250140675,18720
0.1,1,2,3,Ucal,context_0,0.006506225594829405,0.004647173057384546,0.00496494984209344,0.029814922342207454,0.029845952827238672,-0.0007328906940097316,0.020110986689665253,0.019850758220190588,0.029448856113971446,-0.0006525675605700596,18630,0.02017444668841883,0.029813510590358517,1.6844575071737585e-05,7459,0.020367612973211335,0.030215599534034642,-0.0011487231189560426,17047
0.1,1,2,3,Ucal,context_1,0.02170570595534425,0.029900345006997096,0.03030611327872823,0.03172181433042272,0.03174874231341987,-0.000767387719772392,0.023081507005543216,0.02149822186275914,0.030522590559416425,-0.00014365688671131392,1850,0.02448743389408634,0.03242623926639699,-0.001560050041235648,733,0.024216314599594883,0.03273928025887012,-0.0011098148324624264,1673
0.1,1,2,3,Ucal,pooled,0.006955063985930314,0.0054133046764408615,0.005281992701756087,0.029986169225686612,0.030017835666566562,-0.0007359886713402068,0.02037775184970021,0.019999576957434328,0.029545848727451585,-0.0006065966256755928,20480,0.020560362169590007,0.030047291122528463,-0.00012425207455635245,8192,0.020711570121765804,0.030441140017616358,-0.0011452458986940866,18720
0.1,1,2,4,Ucal,context_0,0.005230600573523296,0.002064765499637645,0.00237295120843681,0.02996244167801981,0.02991285012952685,-0.0010734078495415033,0.020379618233593473,0.02007947384679247,0.029542931665383205,-0.0008887062810053444,18630,0.02006741734712273,0.029775841183396577,-0.0010995042337650811,7459,0.020844239359790923,0.030502555752332867,-0.0012638423712699582,17047
0.1,1,2,4,Ucal,context_1,0.03337683576339404,0.024044080700567228,0.02455876300623771,0.03257049706260837,0.032580049616593734,-0.0009081035968847573,0.02426510885632702,0.02367698069762539,0.03205655859283021,0.0017587133235222585,1850,0.024616104170761363,0.03288626542137326,-0.00018291705698384757,733,0.02476167641646906,0.03300045998078825,-0.004174793995271097,1673
0.1,1,2,4,Ucal,pooled,0.006356545056239579,0.0028313063391734324,0.0026576567103291557,0.03019665596981608,0.03015378367694256,-0.0010585628356297226,0.020728551557579675,0.020404443948064,0.02976999269154419,-0.0006495594905572943,20480,0.020474422650067936,0.03005415428965108,-0.0010174902688504517,8192,0.02119433937025153,0.03072579259924557,-0.0015239931227098037,18720
0.1,1,3,0,Ecal,context_0,0.005317825549398629,0.004382788568969725,0.0038550257436014822,0.023619603281251348,0.02365977966430559,0.0006334752701364876,0.014860005134999098,0.016289477115144602,0.024793940489243313,-0.002788968876809687,18500,0.013545708496526749,0.022533801544112206,0.0033511783383337298,7179,0.013849135932818151,0.022791751158060675,0.003236721623729893,16827
0.1,1,3,0,Ecal,context_1,0.03445840216934369,0.02953856536737472,0.031364301500548024,0.03208647170056873,0.03205207567458839,-0.0017437229229801154,0.026166578784752502,0.028398705575840944,0.03422944197937437,-0.004228963041583998,1980,0.025111255439504092,0.030808322703533664,-0.00012215823428520303,755,0.024156122668940867,0.030267338149362482,0.00030760565352988957,1802
0.1,1,3,0,Ecal,pooled,0.007253600931931038,0.0046169327568919005,0.0040287837668923345,0.024436179222803608,0.024471144219987227,0.00040420953023533274,0.015950452696781536,0.01746019353859083,0.025706161824714968,-0.002928187062661891,20480,0.014646286759943424,0.02332120556167752,0.0030206553849272144,7934,0.014846140071445729,0.023514871441399868,0.002953385589680808,18629
0.1,1,3,1,Ecal,context_0,0.005518322393282091,0.004572201501254133,0.004448361113805155,0.02352087811349878,0.02353662721115894,0.0008345243035456896,0.014829774014309974,0.016123846951771426,0.02461015970723049,-0.0029968985105688507,18500,0.013988644479854241,0.022871466966763374,0.0040974137750130575,7179,0.01376589569879448,0.02260035830238431,0.003654815415773345,16827
0.1,1,3,1,Ecal,context_1,0.04713225888711882,0.035925448186342426,0.03864917378822602,0.03220398777265308,0.03235553546446184,-0.0023214006043128146,0.02624462914614326,0.02871796095254596,0.034620622675654224,-0.003352740022231533,1980,0.02434130668245404,0.030302378337287546,-0.002792012089530364,755,0.024324435740709305,0.03034537401891207,-0.0009910100833259597,1802
0.1,1,3,1,Ecal,pooled,0.0053960553101897405,0.003378006382319187,0.0026521688144498464,0.0243583091558129,0.024389236505179435,0.0005301552941935217,0.01593066464061203,0.017341441957705685,0.02557796813874802,-0.0030313011567159264,20480,0.014973804545768389,0.0235785930172733,0.0034418155234715547,7934,0.014787232815952166,0.023349540669724642,0.003205420518066708,18629
0.1,1,3,2,Ecal,context_0,0.007086915564075896,0.004452010707949396,0.003788537624313308,0.023818893360266814,0.023860504717628284,0.0006828407708299372,0.015079416150231308,0.016476765206335363,0.02499903448686205,-0.0032556647942275614,18500,0.013614888617314573,0.02263243497879069,0.004075706934991994,7179,0.014167957519511882,0.023027603996661018,0.0035654084751767794,16827
0.1,1,3,2,Ecal,context_1,0.03601466984490146,0.03797050453744355,0.03831818539861178,0.03217404166473148,0.03218290173553066,-7.806914343901188e-05,0.026031940740282537,0.027090585873358778,0.03319622113544616,-0.0031448222866112536,1980,0.02428687921422996,0.030314534120970956,0.0027120791819711396,755,0.02559986753755153,0.031829986638940204,0.002122601909722128,1802
0.1,1,3,2,Ecal,pooled,0.008248908245855634,0.0066499635209815965,0.006048521607862467,0.02462469460290347,0.024665111460570016,0.0006094558191678786,0.016135717918083325,0.017502906071604228,0.025791535930426334,-0.0032449485752295004,20480,0.014630435995770727,0.023363464075380824,0.003945944021766541,7934,0.015273776503488877,0.02387906642198643,0.0034258444926254196,18629
0.1,1,3,3,Ecal,context_0,0.00605188852262136,0.003568538385765819,0.0029529027345694004,0.023636424937966895,0.023692049012650877,0.0005430615756537826,0.014882656051886198,0.01637507218887677,0.024816094513057503,-0.0031916164920942204,18500,0.013653368377900585,0.022651762890958722,0.002949059253960935,7179,0.013766316697112152,0.022759560475869994,0.003622569920621454,16827
0.1,1,3,3,Ecal,context_1,0.03252043656343168,0.027813765939846437,0.029394967533008673,0.032355493764451126,0.03245714537845459,-0.0009646760080159959,0.02662062991089447,0.02898073126703049,0.034692903749516585,-0.0030551239556510642,1980,0.0229716964016687,0.02882726403563869,0.0008214075537706843,755,0.025556225978772464,0.031265450298759545,0.0005839332301463191,1802
0.1,1,3,3,Ecal,pooled,0.005946547906855734,0.004076633334647378,0.00350712181149745,0.02447732401467882,0.024539455790204168,0.000397649815835961,0.016014709437051272,0.01759378336928421,0.025770981343535483,-0.0031784204363248135,20480,0.01454010113035142,0.023239424015767566,0.0027465917679962717,7934,0.014906765273286497,0.023582342882915296,0.0033286398483558365,18629
0.1,1,3,4,Ecal,context_0,0.0036235522470593035,0.0034171141495480057,0.002681792575736673,0.023561596464381957,0.02358315582634574,0.0007380834046942494,0.01486362047743762,0.016313053487925916,0.024713233124131238,-0.0033671291961863232,18500,0.013928993279068961,0.02281751825282139,0.003703681998310821,7179,0.01366882508687811,0.0226129103810297,0.003986220375795291,16827
0.1,1,3,4,Ecal,context_1,0.025313221380903528,0.029797438603750254,0.030304584905414725,0.03170204581236083,0.03162442900614326,-0.0009363812950934664,0.02584150437522636,0.027794910964527818,0.03352848422646551,-0.004231254962470495,1980,0.024018224239941464,0.030048571756365553,0.0033139534491971627,755,0.024459057902042794,0.030387964154396995,0.0009031565126019234,1802
0.1,1,3,4,Ecal,pooled,0.00266417520023328,0.003098043990565555,0.002353022360094424,0.024346691349737486,0.024360583604470694,0.0005765918683777546,0.01592236799022948,0.017423115880683328,0.025565488845938945,-0.003450672605231375,20480,0.014889085209426755,0.02350562581460307,0.0036665954020692264,7934,0.014712574055310486,0.023364998356745405,0.0036879928229757923,18629
0.1,1,3,0,Ucal,context_0,0.005937136424029187,0.004874334897057225,0.004440131224935844,0.02352448569418139,0.023582165530699795,-9.358877966680264e-05,0.01475848603059571,0.01636222627557613,0.024755536065581632,-0.0033655882667045335,18500,0.013139743101033913,0.022249410794273398,0.0023105005722122945,7179,0.01368590987080409,0.022715032484193574,0.002478053999976508,16827
0.1,1,3,0,Ucal,context_1,0.03557382731040249,0.028384141743489365,0.030691977146895495,0.03196964795328995,0.032055365913905655,-0.002701697882584257,0.026103866344257445,0.02879598086248293,0.034514326632088706,-0.004832123606606866,1980,0.024137805742735895,0.02978265494006433,-0.001499422195534043,755,0.023969565016878035,0.030089912071471856,-0.0008645587095310632,1802
0.1,1,3,0,Ucal,pooled,0.005936084511586866,0.004522805465656374,0.00439077517126768,0.02433896821378209,0.02440135189587302,-0.00034512441727359836,0.015852676249822444,0.01756431778348997,0.025699012887929484,-0.0035073724450739975,20480,0.014186319518286875,0.022966274838900593,0.0019479480527204262,7934,0.014680657123647788,0.02342841124935947,0.002154720052768786,18629
0.1,1,3,1,Ucal,context_0,0.00419581899199461,0.004676030950486121,0.004260388485129625,0.02340521360130739,0.02345048181388705,3.318984920541713e-05,0.014708577899381238,0.016211200467033966,0.024589071969268843,-0.0036356795637591463,18500,0.013505446555297642,0.022443202660646852,0.0030880048538934786,7179,0.013569858128631887,0.022514080109640136,0.002763537933901966,16827
0.1,1,3,1,Ucal,context_1,0.04012720884158554,0.03258148211449371,0.03527332350805252,0.03215479229104296,0.03228761145953497,-0.0024790919431215714,0.026235007630250173,0.029092753226069187,0.03494584719245346,-0.003127940681132704,1980,0.024903072076325385,0.030802098958404574,-0.003731647553230753,755,0.02365302930810343,0.029654789383911563,-0.0012413561013377334,1802
0.1,1,3,1,Ucal,pooled,0.002962879244886273,0.003756320485725224,0.003018761051590368,0.024249055161482767,0.024304852746425278,-0.00020910385000142654,0.01582022919051812,0.017456584962292254,0.025590361761354076,-0.003586591527255223,20480,0.014590045404349312,0.023238635822331634,0.0024390462494847573,7934,0.014545212386262878,0.02320480736887236,0.002376140915731268,18629
0.1,1,3,2,Ucal,context_0,0.00749809987295214,0.0051301311191556615,0.004737117969738012,0.023712971859024,0.02375070539212595,-0.00011914309154708139,0.01495170442439433,0.016460008246874488,0.024892021985938522,-0.0039136179047259126,18500,0.013465604727078752,0.022558910399607262,0.002943020928373475,7179,0.013927462967874787,0.022909060280562846,0.0027461631748580237,16827
0.1,1,3,2,Ucal,context_1,0.02720808096182692,0.03465603503725915,0.03538892439881004,0.031896820051207295,0.03185151403214654,-0.0004444780414860391,0.025834102353956803,0.02703237860002602,0.033033246570619554,-0.002994674513812619,1980,0.024424649972394602,0.030539319969772282,0.0022429246677468156,755,0.02510799224344759,0.031216902211610824,0.0012316595665804555,1802
0.1,1,3,2,Ucal,pooled,0.009757924319875733,0.0064567170676451124,0.006614278113334498,0.024502252288587073,0.02453388903994044,-0.00015051959108735414,0.016001242919099705,0.017482141708751443,0.0256791130346528,-0.003824774744862225,20480,0.014508468246137673,0.02331832673757986,0.002876399718797835,7934,0.015008965665528026,0.02371268533610788,0.002599663872581134,18629
0.1,1,3,3,Ucal,context_0,0.006733323447375353,0.0033872219673268815,0.0030206077253156958,0.023615430730437426,0.0236668769754216,-0.00028867432444029873,0.014888335131092984,0.01650924575953065,0.02484310540241957,-0.003961280323565007,18500,0.013753779361711802,0.022717195134037835,0.0019086646296209504,7179,0.013590309888464517,0.02264891571973338,0.002811611800989153,16827
0.1,1,3,3,Ucal,context_1,0.029041385352151977,0.025023002827473332,0.02678745666884149,0.03167169592115418,0.03178090745850619,-0.0011134593016169318,0.025889120469268445,0.028473781875212385,0.03419750466139639,-0.0027964103195552872,1980,0.022311443736813714,0.028111062679186907,0.00032132439167294283,755,0.02454811955319426,0.030388220223044143,0.0001345880497060923,1802
0.1,1,3,3,Ucal,pooled,0.007628989662434125,0.0037679790778272744,0.003859226672458082,0.02439240658593733,0.024451338906891697,-0.0003682196221774835,0.015949291343054426,0.01766597337227722,0.02574748579952768,-0.003848661055599223,20480,0.014568127307666169,0.02323047595034582,0.0017576132205396869,7934,0.0146502687169493,0.02339754563625955,0.0025526608750236113,18629
0.1,1,3,4,Ucal,context_0,0.00626009171966779,0.004582698839010924,0.003966651782249017,0.023484892544748434,0.023514107401466512,-0.00011404499452599176,0.014786144629659296,0.016421587154671954,0.02470104618334035,-0.004050665785331984,18500,0.013690766697973407,0.022646970717235232,0.002588462499144815,7179,0.013455428011060547,0.022505312018556406,0.0030609822434158954,16827
0.1,1,3,4,Ucal,context_1,0.021065690805919003,0.02657320627483662,0.027723008338951267,0.03176418437935734,0.031766414832593674,-0.0013942871684508621,0.026022119906578843,0.027833356712991843,0.033416813550895604,-0.0039468255035127655,1980,0.02429951375091313,0.03028313813612346,0.00045345439421420067,755,0.02475370634988066,0.030568837073028706,0.0006362239434306285,1802
0.1,1,3,4,Ucal,pooled,0.005281794157539371,0.003448460594860867,0.0030159067763207213,0.024283377910342054,0.024311937905061816,-0.00023751626002983158,0.01586978342462101,0.017524873469392334,0.02554368384875829,-0.00404062653933579,20480,0.01470029581632096,0.023373628947794926,0.0023852949771858267,7934,0.01454832068197975,0.023285304081907047,0.0028264331824586,18629
0.1,1,4,0,Ecal,context_0,0.011538398805553228,0.006232528454638738,0.006267198140908228,0.008554202521662484,0.008560474392302796,5.619090689277434e-05,0.0065287475695737,0.006441213558673602,0.008371437667088083,-0.0004025450066550042,18580,0.006536040145797928,0.008659997314745899,0.00045268693265195566,7106,0.006621779231368351,0.008710420731313395,0.000393314246016732,16925
0.1,1,4,0,Ecal,context_1,0.032178144336612834,0.02316548618402525,0.027095810922888125,0.021326654543069475,0.02131871786687482,-0.0006739726934949872,0.020041699858887648,0.019028163811093884,0.020346699464471863,0.00100466498810994,1900,0.021606987390244744,0.02279857682264002,-0.0031903294519972556,776,0.0204529522397292,0.02174290842415028,-0.0013892524797596499,1729
0.1,1,4,0,Ecal,pooled,0.010049703101434845,0.0061071141948298,0.006080927590199337,0.00975087282867069,0.009744100495900784,-1.221922284408311e-05,0.007794796464299494,0.007608948201232124,0.009482423868993806,-0.00027199329815630335,20480,0.008019807598435676,0.01005197114094811,9.402406605873214e-05,7882,0.007903761547839666,0.009918374586835801,0.00022809188787009514,18654
0.1,1,4,1,Ecal,context_0,0.004522328286218784,0.003686840618691923,0.0036743304993332652,0.00852976789499789,0.008523946383953634,-3.0188852620078377e-06,0.006515594052556019,0.006364809687021795,0.008326783396448515,-0.00045153335623034107,18580,0.006707041994861203,0.008771217409897487,0.0002924946755120495,7106,0.006600742911262386,0.008651227967681547,0.00036528123336317266,16925
0.1,1,4,1,Ecal,context_1,0.037994800281489,0.028815096313527834,0.035553229892097346,0.022182336730896268,0.022061123469459012,-0.0008368656901847761,0.02087245400694794,0.019493441177826178,0.02081502454186863,0.0019746806119617663,1900,0.021184313432649544,0.02246281359839486,-0.0024315865527953684,776,0.02224788573684204,0.02355899555679193,-0.0032107434141249794,1729
0.1,1,4,1,Ecal,pooled,0.0028473144835607484,0.003231779302057522,0.0030766561103441345,0.009808897674692726,0.0097798368362222,-8.114325091805672e-05,0.007860709930110392,0.007582797960094467,0.009485360455838077,-0.0002264451462906436,20480,0.008132360776353686,0.010119184758574722,2.4302968690613748e-05,7882,0.008051043648124572,0.010032997569995896,3.382703504072095e-05,18654
0.1,1,4,2,Ecal,context_0,0.006516597443570029,0.007293747910735731,0.007262828685662361,0.008520185911021862,0.008506080026549886,5.3228168070312116e-05,0.00647216372485481,0.006313433160502123,0.008314197784063152,-0.0002881545818082996,18580,0.006634742707798355,0.008709356380713584,0.00018588158747880117,7106,0.006578156494891802,0.008666892796768595,0.0003722979639006154,16925
0.1,1,4,2,Ecal,context_1,0.049391326933612006,0.03932039527714595,0.04254000387355272,0.021609341543750302,0.021505817764671746,-0.0003658680162824919,0.020211489694816707,0.01886935431706278,0.02028385634546315,0.0013515673773853403,1900,0.02098112891802622,0.022415899069884976,-0.002488433733851332,776,0.021340938613568516,0.02270392409809679,-0.0013005217185008036,1729
0.1,1,4,2,Ecal,pooled,0.009908444055979161,0.006351952760311582,0.006276890433727753,0.009746528657367123,0.009712110383113925,1.3962414027558554e-05,0.007759421911380294,0.00747828912717523,0.009424664154505536,-0.00013603193910967094,20480,0.008047175554681991,0.01005879524480861,-7.741055783357937e-05,7882,0.007946487699094227,0.009967955685156953,0.00021724782822611912,18654
0.1,1,4,3,Ecal,context_0,0.0050024258286739415,0.0048759858136072564,0.004812461129005352,0.008489991308087029,0.008492049015816173,0.00019248552704864005,0.006462818656011551,0.006247742993374173,0.008212779232207335,-0.00013235960801335532,18580,0.0066327849429760255,0.008749428800587817,0.0004574777167882847,7106,0.006627564616226199,0.008685384959380033,0.0004378378525530394,16925
0.1,1,4,3,Ecal,context_1,0.030008353093278664,0.020205559641825466,0.024333999966769937,0.021560224946353068,0.02156400608141107,-0.0001571393661649219,0.020302782981962,0.019669548379943558,0.020915645105047398,0.0011305730407567402,1900,0.021076096759475384,0.02229690860888498,-0.0007034240520952903,776,0.020651570866568505,0.021937920247889223,-0.0013270275424918114,1729
0.1,1,4,3,Ecal,pooled,0.004394890192294985,0.005189848074171361,0.004994995803622475,0.009714561224212643,0.009704779407643823,0.00015972864312389654,0.0077595058020004,0.007492930016542232,0.009391267765332145,-1.5193004855973413e-05,20480,0.008054760326077206,0.010083207578973836,0.00034318441906516187,7882,0.007927420240051752,0.0099137345634238,0.0002742561934969363,18654
0.1,1,4,4,Ecal,context_0,0.005867339464608622,0.004814806728411951,0.004870232830909742,0.008521013319320243,0.008516246249871354,1.004916601992787e-05,0.006499920219503995,0.006298485522402052,0.008267763945587587,-0.00040272269798974044,18580,0.006702994702338267,0.008765988301858254,0.00022054595367911162,7106,0.006635790789497127,0.008696173209307696,0.0003748060971982722,16925
0.1,1,4,4,Ecal,context_1,0.028003115230900252,0.02756554526265376,0.031093569346431607,0.02218024179652052,0.022078859282349733,-3.064024081362769e-05,0.02084549044414289,0.01985873069025968,0.021180885266083735,0.0014177118790777107,1900,0.021993076107128688,0.023301676957680213,3.9709535110549826e-05,776,0.021414788916034808,0.02277511960032039,-0.0016538099654583383,1729
0.1,1,4,4,Ecal,pooled,0.0033747140427150407,0.005246502271674733,0.005089894093227262,0.009800767050859872,0.00977449648237667,6.2369140822510745e-06,0.007843978345238518,0.007556516079966968,0.009465758599344554,-0.00023383472453133435,20480,0.00820833638847343,0.010197058385202308,0.0002027422159464037,7882,0.008005625021339287,0.010001121119142635,0.00018677794386208268,18654
0.1,1,4,0,Ucal,context_0,0.011512271946469716,0.005902790580805707,0.005912903549689738,0.008547300259785832,0.008552239447981278,2.7541425512300907e-05,0.006520991736096679,0.006438326926057831,0.008362473774631432,-0.0004285684509044443,18580,0.00656443257844183,0.008693232558477097,0.0003487387199721268,7106,0.0065935011331316636,0.00868892987158309,0.00039339628692391704,16925
0.1,1,4,0,Ucal,context_1,0.026750010933833453,0.0212900687298322,0.026434766032614958,0.021454284559614494,0.021468675665217058,-0.0005073028862916111,0.02017670307312664,0.019099498076462433,0.020426944671014913,0.000698222187592795,1900,0.021557189224134247,0.022772887708381005,-0.0025892592798534434,776,0.020740862842056708,0.021991421485523344,-0.0008976438226573656,1729
0.1,1,4,0,Ucal,pooled,0.010036666753585857,0.005653490592388174,0.005591663417150273,0.009756575099005358,0.009750541636103739,-2.256894528692132e-05,0.0078004159414654245,0.007612947296456696,0.009481736211307634,-0.00032403221002823556,20480,0.008040501996997693,0.01007940515379877,5.948644290226603e-05,7882,0.007904790314794118,0.009921909822290858,0.0002737324963446291,18654
0.1,1,4,1,Ucal,context_0,0.005088604277112396,0.003648702249573244,0.0036456815890499403,0.008523192442711528,0.008516642295554017,-3.28809814629263e-05,0.006513248391447528,0.006356662833026587,0.008314056035777328,-0.00048111430835480067,18580,0.006673931333692752,0.008744168138917737,0.00022638528383670643,7106,0.006617682464585875,0.008660001963751178,0.0003503290115906534,16925
0.1,1,4,1,Ucal,context_1,0.03241772753505445,0.029218981161879938,0.0355058363195072,0.022069837129119863,0.02190385637279069,-0.0006516932341757481,0.020747528180361605,0.019442620279365466,0.020758950377471354,0.0017355531356052349,1900,0.021670167540804933,0.022997432638223153,-0.0017497142267979913,776,0.021767399127839135,0.023094053851542083,-0.002782233322266556,1729
0.1,1,4,1,Ucal,pooled,0.002425559773456807,0.0026756410428093514,0.0025304970718626535,0.009792398028972134,0.009758620164047653,-9.085843537648721e-05,0.007846879548291294,0.007570692088302166,0.009468611663180582,-0.0002754664497842896,20480,0.0081503433226193,0.010147432951333494,3.183399986658142e-05,7882,0.008021877817366237,0.009997863854712392,5.9978401789049684e-05,18654
0.1,1,4,2,Ucal,context_0,0.005328031312710076,0.0066239970531574936,0.006588412746276435,0.008516334208363193,0.008497763796774586,3.1257308034279584e-05,0.006470532164766901,0.006298539431442871,0.008295253017811761,-0.00028693368347648397,18580,0.006652595833375895,0.008728132495995928,0.00012613904667410622,7106,0.006582903246363649,0.008670109681836007,0.00034072608129840834,16925
0.1,1,4,2,Ucal,context_1,0.04522761337696425,0.03891944620354962,0.04207119348589319,0.021567036356342478,0.021483479248986744,-0.00033412105176559777,0.020163170983179744,0.018699669755603138,0.020138793414287072,0.001550936655778634,1900,0.0215377459427361,0.0229230079066744,-0.0022396748338240325,776,0.0211544851322716,0.02252795461362859,-0.001550373168281905,1729
0.1,1,4,2,Ucal,pooled,0.009185703646384564,0.00633362976080705,0.006183573038954476,0.009739074189685481,0.009702493257673174,-2.975541951224494e-06,0.007753416161600076,0.007449034920500708,0.00939401897256289,-0.0001164281344244955,20480,0.008118071154977457,0.010125648775961229,-0.00010678046249444943,7882,0.007933512503398861,0.009954564162755346,0.00016544407194254036,18654
0.1,1,4,3,Ucal,context_0,0.0046035135968469625,0.004446159432140836,0.004412002561083914,0.008478323661516947,0.008480316126897215,0.0001699542839838337,0.006451081783901296,0.006254539306128179,0.008219108938610942,-0.00015609987035987194,18580,0.006590849166600227,0.008715520957030059,0.00041694985270131115,7106,0.00660816138304847,0.008663297698130085,0.0004241897744653496,16925
0.1,1,4,3,Ucal,context_1,0.023110676788323598,0.020482889590104456,0.022846368213690696,0.02140877187030314,0.021419993079620506,-0.0002684304645024959,0.020149858139040928,0.019666868762946443,0.020908371757771084,0.0009850448771919075,1900,0.02092823363149289,0.02216215266195935,-0.0004101729826982488,776,0.020331269609507555,0.02162053399840359,-0.0015822598196785873,1729
0.1,1,4,3,Ucal,pooled,0.003972195041257643,0.005059333324461434,0.005097629658465166,0.009689796869780158,0.009680774437940878,0.0001288813552556926,0.007734540815813626,0.007498847214719717,0.00939633546968537,-5.023194944442366e-05,20480,0.008002395772126325,0.010039371020849536,0.0003355178151131281,7882,0.007880127402323037,0.009864276660453067,0.0002382161844431095,18654
0.1,1,4,4,Ucal,context_0,0.005438895060326067,0.004668468319606288,0.004769370027354546,0.008519366983133396,0.008514997378849413,-3.2718829790161775e-05,0.006499137986350061,0.006290431379614271,0.00826011046086036,-0.0004326632356650093,18580,0.00668277998229181,0.008753606154500302,0.00014961650503325926,7106,0.0066511503189934235,0.008705628881632644,0.000329779969140381,16925
0.1,1,4,4,Ucal,context_1,0.021266968015705934,0.025048511146625752,0.02864902271387165,0.022175854538706376,0.022026049231018075,-3.7755994771043773e-06,0.020839413008932765,0.019841686010752854,0.02115293410762924,0.0011967852182294193,1900,0.022819020065296555,0.024075881517870285,0.0006530753519270838,776,0.02104734026214475,0.022447183563122433,-0.0016178773299178476,1729
0.1,1,4,4,Ucal,pooled,0.0036775885573358874,0.005108119494707725,0.0049835279523907415,0.009798863913588963,0.00976846410341584,-3.000709485888268e-05,0.007842699996612032,0.0075476278541827925,0.009456222029652395,-0.0002814937013681629,20480,0.008271427826038534,0.01026211740570242,0.00019918312076398848,7882,0.00798550286599185,0.009979304664000814,0.00014925571321287607,18654
0.25,0,0,0,Ecal,context_0,0.00410706457257375,0.004245381755976658,0.0045295228219872155,0.023165359955880076,0.023181130245691076,0.0005627971301012806,0.014092226979319602,0.015082475606286394,0.02375318645867674,-0.0022582814749512775,15310,0.013212292177775682,0.02262096517580807,0.00307024188360067,5856,0.013374924206884083,0.022748814089644746,0.0026060251237123933,13952
0.25,0,0,0,Ecal,context_1,0.01205100230871799,0.007803710320054747,0.007901885489631113,0.02234152002241125,0.022320633316886686,0.00040772280158071853,0.013582725279619755,0.013857869031466184,0.022297802050120594,0.0028846591538110138,5170,0.012394842089554624,0.021679631941005483,-0.0026237844080972076,1924,0.013767599757048905,0.022662748511136057,-0.0010860949082758147,4668
0.25,0,0,0,Ecal,pooled,0.006086082405298466,0.0051425513147657495,0.00533174673935622,0.022958661890661213,0.02296390519090989,0.0005238896161921754,0.013964395089561292,0.014773334200435783,0.023385787171946504,-0.0009599903103662654,20480,0.013010136140534381,0.022388172740877454,0.0016621047903838686,7780,0.01347336725028738,0.02272723760626781,0.0016804173734803333,18620
0.25,0,0,1,Ecal,context_0,0.003149420947736543,0.0027060336457566288,0.0031053803266746327,0.02319407607561925,0.023234461083715085,0.0007055613260394355,0.014062981876260946,0.015243445285720657,0.023933778198619613,-0.0020499859859279992,15310,0.013095582858277638,0.02254249161445533,0.0027949382484854894,5856,0.013173660907975544,0.022655862135068823,0.0028523530468233613,13952
0.25,0,0,1,Ecal,context_1,0.015514862923330763,0.0075755255968357246,0.007675616408510666,0.022623139008966522,0.022607186612294043,0.0007144259566039257,0.013771802701956763,0.014050017944329942,0.0228634083102686,0.0026916705590728633,5170,0.013769787912433213,0.022639783453985297,-0.001051840935824071,1924,0.013464498428600716,0.02235017067135987,-0.000747454311976396,4668
0.25,0,0,1,Ecal,pooled,0.005682609872332203,0.003675205287384927,0.004003115660162964,0.02305083030390489,0.023076111034044833,0.0007077854255424119,0.01398992621397072,0.014942174809402787,0.023663572518796628,-0.000852995539753465,20480,0.013262314288122795,0.02256655196140336,0.001843626789537984,7780,0.013246573343328835,0.02257922584330763,0.0019498879151972996,18620
0.25,0,0,2,Ecal,context_0,0.0026732455350022273,0.003959442115382638,0.0041073041495725965,0.02317963136559266,0.023190209614332553,0.00040090298790891376,0.014079106288895608,0.015377199761009855,0.023976066854718835,-0.002454542134329433,15310,0.013107674513164847,0.022678308678869493,0.0023491775929988896,5856,0.01306239853521228,0.02251609340077967,0.00271654008180672,13952
0.25,0,0,2,Ecal,context_1,0.005748187067803486,0.0060019351086829835,0.006550224428434117,0.022308456004863135,0.022313883024670588,0.0009523887726304239,0.013362526678244408,0.01342418838141043,0.022305224541636866,0.003480130533473404,5170,0.013229659520352953,0.022303768645465207,-0.001491879444112401,1924,0.013348997416550927,0.022313966961238763,-0.0008397390882404011,4668
0.25,0,0,2,Ecal,pooled,0.0030199622739100467,0.003189613435911685,0.002978477669321661,0.022961057035539318,0.02296898849770402,0.0005392685126506886,0.013899319399380262,0.014884178821921524,0.02355427707158242,-0.000956385020435846,20480,0.013137841499518306,0.022585684639760257,0.001399281225466483,7780,0.013134248351436168,0.02246542067146834,0.0018249873876187521,18620
0.25,0,0,3,Ecal,context_0,0.007190225484362682,0.003842065330838879,0.003942911864145546,0.02322832383225306,0.023244409076470116,0.00017797230195025593,0.014135676128443435,0.015324247976890349,0.02401811210071342,-0.002943733486862139,15310,0.013269267153106834,0.022700467610984112,0.0029387563566265046,5856,0.013195069474189483,0.022583216868493232,0.0024447558600446976,13952
0.25,0,0,3,Ecal,context_1,0.007431166146609065,0.005597372818865097,0.005796126023135951,0.022462519814208718,0.02238943306551947,0.00050098588476374,0.0135387729152168,0.01383500559619363,0.02253409748776713,0.0027372546868697817,5170,0.012446051083985337,0.02189545346718168,-0.0009241628493501838,1924,0.013661068082877276,0.02261697120225135,-0.0013883722005946675,4668
0.25,0,0,3,Ecal,pooled,0.005718881203193603,0.003908904889846217,0.0038462704046056816,0.023036186740524444,0.02302857772995572,0.00025901508695563564,0.013985915556899669,0.01494830153606017,0.02364348536492571,-0.0015096168433956336,20480,0.013065685184342082,0.022501386992388243,0.0019834534578734007,7780,0.013311894474477056,0.022591679018331194,0.0014837976545095445,18620
0.25,0,0,4,Ecal,context_0,0.005875826912673371,0.005468201731336987,0.006159040054962749,0.023277622559517836,0.023323405448147344,0.0006743271447587878,0.01423594825662678,0.015050886241216662,0.023767458887315757,-0.0022620011291361415,15310,0.01369913927625478,0.022908773556057603,0.0032996740688371363,5856,0.013567001356181493,0.022894923705280235,0.0027945360241974746,13952
0.25,0,0,4,Ecal,context_1,0.009554279223656767,0.006786181200724516,0.0066338585040672925,0.022079172304016598,0.022133872204012046,0.00016792448067458343,0.013236692349149792,0.013588194527466938,0.022260258050195915,0.0024733963698091084,5170,0.012792437695539914,0.02160766840285066,-0.0024812273650184243,1924,0.013030496910342112,0.02207295126676214,-0.0012935839845593811,4668
0.25,0,0,4,Ecal,pooled,0.005709035427890876,0.005324814206650149,0.005880982028247035,0.022976936298741268,0.023023118003216707,0.0005472727903441459,0.013985239041956466,0.01468164228808746,0.023386978988492048,-0.0010665907253496697,20480,0.013474911276088276,0.022587009248246526,0.0018700526859659157,7780,0.01343250067126322,0.022688856715860125,0.0017696518028829202,18620
0.25,0,0,0,Ucal,context_0,0.0030596324975865428,0.0033115716759713272,0.003285912478660068,0.022979366880978475,0.022998762966768702,-0.0002478422353386682,0.013879888774333323,0.014947256283830927,0.023595358725495157,-0.0031934622974468946,15310,0.012920110927299276,0.02238079592842568,0.0022135842546993673,5856,0.01311147295594335,0.022554653317231253,0.0019513643031657904,13952
0.25,0,0,0,Ucal,context_1,0.0060924089017680445,0.006774617020038392,0.006540903323712646,0.022138939561795277,0.022129160640843477,-0.00010032852032551087,0.013302760417250889,0.013502324463320423,0.022092068507908024,0.0023174590944552097,5170,0.012489235783750946,0.021706225386319253,-0.0027890884300031684,1924,0.01341704389554446,0.022369202077265067,-0.001669906048645244,4668
0.25,0,0,0,Ucal,pooled,0.0037049637100081247,0.004015755477438272,0.003747642024260512,0.022768507108618562,0.022779239332733868,-0.00021083164839360088,0.013735089633206967,0.014582495663125883,0.023215866028965592,-0.00180227755154192,20480,0.012813555172005319,0.02221397411312841,0.0009764194416701028,7780,0.013188079032530782,0.022508161030004498,0.0010435184383830885,18620
0.25,0,0,1,Ucal,context_0,0.00391534051432171,0.0035280581223578076,0.0034601533981158056,0.023073643184310953,0.02312218099918423,-2.2254242145449637e-05,0.01394538133430555,0.015268176969245397,0.02384230881457349,-0.0028401225853947392,15310,0.012856620244931206,0.02244233390759843,0.0022117900515809816,5856,0.012950813083764199,0.02249513661357623,0.0021322039682247222,13952
0.25,0,0,1,Ucal,context_1,0.015630723328871738,0.008773752865068995,0.008401770620916646,0.022545341198451616,0.022518805162219897,-0.000135163537292654,0.013694911961464468,0.01369390951710928,0.022568776284554358,0.001604417488123047,5170,0.01389258913308568,0.02275628569455316,-0.00199819631146542,1924,0.01361454601440301,0.022432441325775838,-0.0012939379254440619,4668
0.25,0,0,1,Ucal,pooled,0.004928139338534432,0.004421880883161506,0.0041208112821936,0.022941094379752988,0.02296986395440368,-5.0582721870735846e-05,0.013882539594472854,0.01487076667981455,0.02352081647179034,-0.0017181366391014307,20480,0.013112816149919536,0.02251997442663453,0.0011706571772234912,7780,0.013117209717503296,0.022479419019405863,0.0012732764515949754,18620
0.25,0,0,2,Ucal,context_0,0.0028205479259460742,0.00493056465139744,0.004660764651457298,0.0230699240276228,0.02308104046326173,-0.00043434849336384385,0.014002147862880029,0.01533122974977744,0.023820514276942786,-0.003281900779892229,15310,0.012992313948505725,0.022551480497175043,0.0012315466104309415,5856,0.012967553805696582,0.02246387963235424,0.0019911491972129415,13952
0.25,0,0,2,Ucal,context_1,0.00465629681628701,0.006343726130421821,0.006775758277070546,0.0222412891616838,0.022219894728318326,0.00012793167576743639,0.013331291709672307,0.01309070945996611,0.022097181006401373,0.0028205219879602326,5170,0.013693462193724767,0.022516797208241738,-0.002034047084111186,1924,0.013448471276866849,0.022287339221930727,-0.001963123332808032,4668
0.25,0,0,2,Ucal,pooled,0.0033109774525625153,0.0031338945994629445,0.002907200392014892,0.02286202293348512,0.02286365162294643,-0.00029327470178274064,0.013833832801573945,0.01476562965708581,0.0233854736026899,-0.001741396594843536,20480,0.01316570845027969,0.0225429032930738,0.0004239627713179527,7780,0.013088118937566765,0.02241962127382272,0.0009998202944128394,18620
0.25,0,0,3,Ucal,context_0,0.006111679023962369,0.003509319014186836,0.002845653818511067,0.023087282101617482,0.023117080093144716,-0.0006227021182654041,0.013998235241652173,0.015322584613602898,0.02395475872948639,-0.0038082538692099373,15310,0.013051839620434765,0.02249778535187545,0.0019937917358582953,5856,0.012942207709634078,0.02238279713844491,0.001774703938014156,13952
0.25,0,0,3,Ucal,context_1,0.004669151852799821,0.005556929288007046,0.005639881866291701,0.022309600877424698,0.022266821336192948,-0.0006533123329826569,0.013404711711657046,0.01346764489431907,0.02230294854785505,0.0017354646016712115,5170,0.012236888541718035,0.021622839266246256,-0.002047288585880194,1924,0.013816349934579066,0.022600029729991623,-0.0027244276803660415,4668
0.25,0,0,3,Ucal,pooled,0.005334303152968736,0.0037678410560014605,0.003138896037513799,0.02289216506751007,0.022902439576863436,-0.0006303820957718957,0.013849322618789487,0.014854321022357907,0.023537773444377307,-0.0024087897825666007,20480,0.012850301590171143,0.022281410510133735,0.0009944294557779798,7780,0.013161353569249717,0.02243725695248036,0.0006467798566715801,18620
0.25,0,0,4,Ucal,context_0,0.00424500053811406,0.00525785720581585,0.005037937885548036,0.023075833298507317,0.023127561521663204,-0.00023462341537090102,0.014030408975664273,0.015056263742290783,0.023677050949978885,-0.0031761256458419044,15310,0.013253255090752586,0.022537466432820355,0.002401832409732329,5856,0.013230894689038054,0.022642062808357743,0.001886600340126988,13952
0.25,0,0,4,Ucal,context_1,0.00851819704256995,0.006408941108340509,0.006053026751046516,0.022007805397095057,0.022057559794984003,-0.0006174925924401526,0.013221753154648666,0.013397872780865811,0.022179993178503592,0.0018914235182956754,5170,0.013009474575984255,0.021742696971501847,-0.0029185362384807545,1924,0.013114187927101041,0.021926369617523343,-0.0024478028575477175,4668
0.25,0,0,4,Ucal,pooled,0.004882987357244082,0.005530442781924719,0.0052094304012322915,0.022807869472218686,0.022857448781090375,-0.0003306837238326872,0.013827520542072431,0.014637617195876373,0.02329913158091017,-0.0018968664086060016,20480,0.013192967981444838,0.02234091933210354,0.0010861011399171652,7780,0.01320163651692624,0.022462639832266713,0.0007999733730622444,18620
0.25,0,1,0,Ecal,context_0,0.006796664076020812,0.00527868623097691,0.005638477281236674,0.02281275453118909,0.022800103084290497,0.00037696371950373477,0.01396142840859403,0.01402643378153635,0.02263429664017167,-0.0017286227020054366,15560,0.01411706770698565,0.02305627850721962,0.0016026721384646097,6158,0.013823479500857471,0.022902193196443644,0.002142720881599088,14280
0.25,0,1,0,Ecal,context_1,0.006165748503127155,0.005207898195834487,0.00462620426244928,0.02421924196296599,0.024253950672745193,0.00020774495479623805,0.014767610367351545,0.015387395259023197,0.024761718149865764,9.407067171684126e-05,4920,0.01430611667178926,0.02376833147370557,0.0007945645186636183,1890,0.014280885891069002,0.023813080099598073,8.482711375918986e-05,4473
0.25,0,1,0,Ecal,pooled,0.005763851871896779,0.00454443921190404,0.004865307773055839,0.02314839459152493,0.023149367251048165,0.0003365818468234893,0.01415381332094066,0.014353383511479478,0.02314537641691459,-0.0012907490985526239,20480,0.014161464146284709,0.023223497705363066,0.0014128953738741681,8048,0.013932580913080379,0.02311945961343345,0.001651868280759336,18753
0.25,0,1,1,Ecal,context_0,0.006208605071307747,0.006233856274261073,0.0064316328619001785,0.022971997323096426,0.022950642311919896,0.000204693306742678,0.014130224365062354,0.014100240701258872,0.022789894416580393,-0.0017884005533871277,15560,0.014375074403303016,0.023342698145440828,0.0012595672916576204,6158,0.014057308347786174,0.02301056493944045,0.0019215438994957285,14280
0.25,0,1,1,Ecal,context_1,0.011392093658036766,0.004801287598971395,0.004852560409718959,0.02405917772836682,0.024053928254665125,0.00016486872627117485,0.01439591073246593,0.014690032434778484,0.02398274339367806,0.000630728064513788,4920,0.013456741318343178,0.023635856448099873,0.0003977430836548881,1890,0.014469228733206873,0.024322118516735526,-0.000445942916833872,4473
0.25,0,1,1,Ecal,pooled,0.002845315571262549,0.0045175304466821085,0.004278722264069381,0.02323143888551401,0.023215689520821585,0.00019518968496099042,0.014193626985214518,0.014241928949741123,0.02307645774506284,-0.0012072427018210874,20480,0.014159412185289336,0.02341154372099073,0.0010571756722335195,8048,0.014155560354611043,0.023323399107373095,0.0013568465961606726,18753
0.25,0,1,2,Ecal,context_0,0.0065966948139044405,0.006037969761840475,0.00621910131975904,0.02269711783198228,0.022693150981415514,0.00017173751597570323,0.013793226352583548,0.013909451595979208,0.022582880024557155,-0.001809409624181094,15560,0.01340350824353485,0.022580422096606406,0.0015706568702295563,6158,0.013834642271931265,0.02287191843576237,0.0017272069919802228,14280
0.25,0,1,2,Ecal,context_1,0.010981739153591345,0.0052660426224000224,0.005426488084694735,0.023924076578853554,0.02387754820166004,4.777391651236059e-05,0.01443601465231559,0.014953957158860153,0.024198343899792887,-0.0003222343822320302,4920,0.014238707918338674,0.024098213296322023,-0.00027150542490066046,1890,0.013949681675570032,0.023548822025972506,0.0005896649929919073,4473
0.25,0,1,2,Ecal,pooled,0.007010044855769698,0.005380153363390237,0.005525104115550163,0.022989915690338675,0.022977683907372693,0.00014215520399531162,0.013946619478487752,0.014160377737061936,0.022970969978959487,-0.001452139009415987,20480,0.013599647332175412,0.022936861630336838,0.0011380417189129422,8048,0.013862081681757756,0.023033374723236903,0.0014558783852786424,18753
0.25,0,1,3,Ecal,context_0,0.008125082211862004,0.00747469504573834,0.007654306101327911,0.022706520109958408,0.022725889614944345,0.00018802525778731821,0.013882094699562612,0.013844235168631095,0.02249442168570107,-0.0022326638246946287,15560,0.013636333170398638,0.022663673426575652,0.0021993794120647335,6158,0.014029328158798338,0.022956107039770395,0.001958333608023927,14280
0.25,0,1,3,Ecal,context_1,0.010412008547987697,0.0066526866411135265,0.006367820280949428,0.02388611965334865,0.023942874423908307,-0.00010899783037903355,0.014404740927424465,0.014925889602703293,0.024254557615140362,0.00044891046647860754,4920,0.01341802229878133,0.023130463149519293,-0.00018547404774282345,1890,0.01424843570179596,0.02380015408666461,-0.0006903456438648442,4473
0.25,0,1,3,Ecal,pooled,0.0066347650843916976,0.006575139409173206,0.006679836391119676,0.022988016306064077,0.023018251199910293,0.0001171445339493929,0.014006817471690218,0.014104085745566408,0.02291726684062496,-0.0015884575008385583,20480,0.013585064836979565,0.022773294770557197,0.0016393181497590323,8048,0.014081590092346483,0.023157430691493203,0.0013265657685476576,18753
0.25,0,1,4,Ecal,context_0,0.004335834042494333,0.004953019388330083,0.004995915937010408,0.0227915751200071,0.022776941148457644,4.50602214702918e-05,0.013925912786016226,0.014095278094333518,0.022757546547589318,-0.002291052137767288,15560,0.014036765540476627,0.022986398352449654,0.0017356482836847066,6158,0.013693562963930499,0.0227446397643656,0.0018615355031663965,14280
0.25,0,1,4,Ecal,context_1,0.012424397015886941,0.00640189231852765,0.006128287239982842,0.023693682134712662,0.02367263914435492,8.308234144417221e-05,0.014205358014518377,0.014647590876291923,0.02372047888347879,0.00048806870704501626,4920,0.014159447699785232,0.024046249574151322,0.00014820161556440686,1890,0.013738330251254306,0.023515235350793945,-0.0003898906849013221,4473
0.25,0,1,4,Ecal,pooled,0.003826284404587798,0.004529964487572676,0.004580968997764735,0.023006851308051406,0.02299211859669078,5.41337093336046e-05,0.013992598780669253,0.014227962610311807,0.022988875995469015,-0.001623411778564332,20480,0.014065576335841098,0.023235294824742913,0.0013628507932836919,8048,0.013704240939518372,0.02292844363884403,0.0013245211940304232,18753
0.25,0,1,0,Ucal,context_0,0.009054728579176042,0.0028348480302215736,0.003445667534601508,0.02271406344317427,0.022682791396440236,-0.0001465073443671466,0.01376298044568794,0.014007802893692547,0.0226089252486324,-0.002123282445656916,15560,0.013826082623616641,0.022968082226811782,0.0009837395796802146,6158,0.01346900141889266,0.02271908463627173,0.0015200584832088452,14280
0.25,0,1,0,Ucal,context_1,0.009059212929955665,0.005914646034369805,0.00601915340546591,0.02417985655548018,0.024220002456935407,-3.917347486270802e-05,0.014723368552990926,0.015521876597246988,0.024882021114136454,-0.00011308383257166157,4920,0.014376757956213421,0.023766222027704495,0.0003501637626892675,1890,0.013991518441247056,0.023582297787071316,-0.00012238573040600833,4473
0.25,0,1,0,Ucal,pooled,0.006243610908086809,0.002849604650427719,0.002816894640381531,0.023063856038215567,0.023052082334801383,-0.00012089350266289796,0.01399216466376073,0.014371535443569883,0.02315500101319685,-0.0016403636382165132,20480,0.013955403744219016,0.023155518139297768,0.0008349500302129071,8048,0.013593633138670359,0.022924979822296715,0.0011282996730185163,18753
0.25,0,1,1,Ucal,context_0,0.006865007834000297,0.0062716155127537105,0.006158923033277965,0.02289377484059883,0.022860370843925847,-0.00010443713032303205,0.014028018224874506,0.014081397863789666,0.02272881093723933,-0.002003753174259148,15560,0.014467020305227483,0.02339030542052779,0.0011383457016774531,6158,0.01378054189487916,0.02285940530453939,0.0014291973909785767,14280
0.25,0,1,1,Ucal,context_1,0.01218953380331235,0.004622745515782086,0.004827265199098036,0.024017906207546104,0.02401505950598041,-0.00011440055223788859,0.014353038925556366,0.014696868984558718,0.023940908864525722,0.00034338270079314225,4920,0.013762457554460202,0.023851859009000546,0.00010771619343253039,1890,0.01422439034542674,0.024172758908845317,-0.0007117835735277977,4473
0.25,0,1,1,Ucal,pooled,0.0035619100464889188,0.004247306111851594,0.003858305343183329,0.023162034272786517,0.02313776675297411,-0.00010681477228207111,0.014105580217340685,0.014229255183818169,0.02301999852523977,-0.0014398904542758828,20480,0.01430156011649113,0.023498697105693484,0.0008963116844579073,8048,0.013886409442434182,0.023172668818220422,0.0009185266793997886,18753
0.25,0,1,2,Ucal,context_0,0.00546121062196203,0.005626538602174061,0.005312344238199012,0.022565316687754532,0.022559988513775803,-0.0003198318638139728,0.013652522458713866,0.013877980447443714,0.022491988624268926,-0.002158683684000932,15560,0.013407235219832673,0.022594392728562594,0.0009684662385134389,6158,0.013512631178069182,0.02263267904129375,0.0011282910078930922,14280
0.25,0,1,2,Ucal,context_1,0.009296224832156582,0.005778018466541809,0.005723328964459293,0.023823842475102688,0.023790558431753702,-0.00016034001734285694,0.014264021922957122,0.01479904571078657,0.02414361891744666,-0.0004366007519931328,4920,0.013945158799647023,0.023982440471272206,-0.0008359048456426651,1890,0.013810262537071856,0.02340509659781837,0.00042897818966943787,4473
0.25,0,1,2,Ucal,pooled,0.00521847400386586,0.004653375484553871,0.004373660358036011,0.0228656476126218,0.022855613708915024,-0.0002817711945444226,0.013798448908134493,0.014099251985317095,0.022888766995481546,-0.001744980167131871,20480,0.013533561706642952,0.022920363185038883,0.0005447260112451689,8048,0.013583622756420324,0.022816917495425602,0.0009614896301980884,18753
0.25,0,1,3,Ucal,context_0,0.005023583393836752,0.006018066025144553,0.005832203189315449,0.02261127875606281,0.022619404101494895,-0.0002642587199620892,0.013734097436734408,0.01382817444068339,0.022479808406542526,-0.0024194393658909974,15560,0.013178144537152003,0.022398901268339693,0.0012132135637590892,6158,0.013871332715038492,0.02284611763617028,0.0014469693281820841,14280
0.25,0,1,3,Ucal,context_1,0.011511972588922448,0.007322379558027027,0.00770854078917138,0.023865598946392765,0.023915450175876225,-0.00046081251476257496,0.01434093568585321,0.014811878345482718,0.024163875067620764,0.00020864883937486787,4920,0.01356140723225301,0.0232721677968382,-0.000521269152877192,1890,0.014152308565783282,0.023788260774297163,-0.0011716300457975835,4473
0.25,0,1,3,Ucal,pooled,0.004911581936190758,0.005364168565577003,0.0053337757640666925,0.022910606069518384,0.022930758920145095,-0.0003111637445329291,0.013878911547366745,0.014064493933437916,0.02288437910832499,-0.0017880822384540806,20480,0.013268150314207283,0.022603980013228133,0.0008058859874118512,8048,0.01393835159097202,0.023070839347727978,0.0008223761964265756,18753
0.25,0,1,4,Ucal,context_0,0.003946791308405689,0.005269176318489903,0.004968866060703517,0.022736177720504548,0.0227166118928121,-0.00029879195126263764,0.013857898328713467,0.014076628108870401,0.02269153156503167,-0.00259889658913974,15560,0.01384861146248986,0.022899116561316303,0.0013374642962931658,6158,0.013623567316315923,0.022714561249736986,0.0015018776700902385,14280
0.25,0,1,4,Ucal,context_1,0.009603714017148423,0.007891581355356956,0.0077132305661131795,0.023745701273507336,0.023716324622565052,-8.025043010500363e-05,0.014162730063401479,0.014599940604795286,0.023782807200904785,0.00022467521693163772,4920,0.014149025023456604,0.024028888678981394,-0.00037989230461852263,1890,0.013687618653126113,0.023585230591830295,-0.00028903894801015105,4473
0.25,0,1,4,Ucal,pooled,0.0034433591504497963,0.004146437266661795,0.003895079096830235,0.02297708747809281,0.02295677725562384,-0.0002466398397755374,0.013930642485192492,0.014202345759258606,0.022953693485368375,-0.0019205775810405613,20480,0.013919160869824247,0.02316443332354133,0.0009341586333057041,8048,0.013638844958802564,0.02292223490020269,0.0010747049493115342,18753
0.25,0,2,0,Ecal,context_0,0.005662005960680215,0.005758580401087981,0.005777618378444642,0.009278508696582954,0.009270353265949948,3.0965117081338174e-05,0.007400487969557791,0.007433474034481969,0.009254996060776673,0.00023153175679325216,15590,0.007307419950182534,0.009231447828655436,-0.00011027272668220904,6328,0.007405702806122184,0.009324899532730236,-0.00012496539320237194,14321
0.25,0,2,0,Ecal,context_1,0.006567443483334471,0.0036158211904592464,0.003494357812939773,0.009716437413182424,0.009691542032688403,0.00018361896593122005,0.007821812207328678,0.007919246909077183,0.00972708015217482,0.00029686952661151536,4890,0.008013924913552826,0.00992237887281051,-0.00030032194183555794,1864,0.00763209777769649,0.009617342647458494,0.0002627893706483444,4399
0.25,0,2,0,Ecal,pooled,0.004277543541258349,0.003988527209022857,0.004045479350285097,0.009381568685109158,0.009370920310351855,6.688992245403255e-05,0.0074996403417695295,0.007549461796043033,0.009367715357990391,0.00024713242546567924,20480,0.007468177427199407,0.009388661630694628,-0.00015351634692706284,8192,0.007458903205692449,0.009393620540299125,-3.384716637655456e-05,18720
0.25,0,2,1,Ecal,context_0,0.004654304777948124,0.005339020353526632,0.005442859967129128,0.00932945856811886,0.009340032139506018,0.00010449250180310947,0.0074603220749044135,0.007470615500150543,0.009306764919827546,0.00039415184248327214,15590,0.0073979946804690905,0.009277627670320778,-0.0002680237165990129,6328,0.007476657055171123,0.00937706557168899,-4.623066635240382e-05,14321
0.25,0,2,1,Ecal,context_1,0.008980985940999643,0.0102302390621321,0.010388455818306457,0.009681055836738095,0.009653302892675446,7.104322262155756e-05,0.007826284200719982,0.0077531486734412685,0.009586972572458888,0.00024328705814718468,4890,0.007842778216232046,0.009783714781168053,-0.00016763090863504122,1864,0.007900593790053562,0.00974214037638526,-1.929180239731411e-05,4399
0.25,0,2,1,Ecal,pooled,0.005579729608554137,0.00551526332205855,0.005460052055877877,0.009412201738630978,0.009414831650394615,9.662071308957452e-05,0.007546445800200266,0.007538075813499745,0.009373669969698994,0.0003581299286452122,20480,0.0074992003092120285,0.009392782257066301,-0.00024518043119314825,8192,0.007576277658629876,0.009462854250420769,-3.9900321131333325e-05,18720
0.25,0,2,2,Ecal,context_0,0.008016512118524185,0.007457592595640835,0.007611333870389137,0.009279099262721368,0.009291077675898657,0.00016874893062665186,0.0074092881377440896,0.0073625444113787665,0.009235374039527976,0.0004413036590130227,15590,0.0074043975002102925,0.009288816889259357,-0.0002621780161412642,6328,0.007462334897631615,0.009322405113489652,6.245589966539581e-05,14321
0.25,0,2,2,Ecal,context_1,0.011510788647297933,0.007923495979707951,0.008029669918104365,0.009763201811047093,0.009755390651230126,0.00011252655865557577,0.007916546364335813,0.007942416881552016,0.009711672528027909,0.00019929421368552132,4890,0.007624632087356287,0.009509567970254103,0.0002614747165290583,1864,0.00801148189129708,0.009927955544441489,-4.703997905131334e-05,4399
0.25,0,2,2,Ecal,pooled,0.008547890716256628,0.007573439629324682,0.007712942257770371,0.00939302557352228,0.009401941467371843,0.0001555178343531582,0.007528663791887774,0.007501000289266813,0.009349099606362187,0.0003835191771941027,20480,0.007454509471699566,0.009339046383274763,-0.00014302656427389593,8192,0.007591378574187939,0.009464702995207448,3.672553799473322e-05,18720
0.25,0,2,3,Ecal,context_0,0.004478964953330102,0.0029404029016539225,0.0032700750824903565,0.00926264893234114,0.009268169309109339,0.000153391225695587,0.007371548927351847,0.007436462513256563,0.009307223459021107,0.0003359822545623535,15590,0.007391302721567838,0.009283612204420377,5.675710893121893e-05,6328,0.007292154694124187,0.009204861595098063,-2.679820261257303e-06,14321
0.25,0,2,3,Ecal,context_1,0.015676077656320862,0.008695850464395066,0.008789254928916765,0.009773280678549427,0.009803642540567958,9.094399328158274e-05,0.007938908862472276,0.007772904098155796,0.009586593833588185,0.0003635515738849991,4890,0.008026485263405951,0.009868069679979455,0.0004703442010500912,1864,0.00808633347855939,0.009940639617670794,-0.0003728552921085527,4399
0.25,0,2,3,Ecal,pooled,0.002685220371101109,0.00416687145214702,0.004307918293134035,0.009382818493985742,0.009396024001581633,0.00013869520140639497,0.007505068621739046,0.007516794512775959,0.009373928592401626,0.00034256496801390315,20480,0.0075358315616540494,0.009416599110480206,0.00015086432813404826,8192,0.007478778223650387,0.009377761569526345,-8.96671012792195e-05,18720
0.25,0,2,4,Ecal,context_0,0.004180175952912228,0.005023475004647336,0.00509522529053707,0.00930811980125186,0.009306850770199228,7.951247081982516e-05,0.0074334796886617585,0.007386022222403382,0.009233915800597002,0.00026986971760384923,15590,0.007362881601186453,0.00925359679138398,-0.0002589592093180314,6328,0.007516337491644219,0.00941299110749117,2.1847455426306625e-05,14321
0.25,0,2,4,Ecal,context_1,0.01850712127912043,0.009178936616941365,0.009206245835783517,0.009745907634492932,0.00973584122811323,0.00013064426034862638,0.007908344279821386,0.007925108174178254,0.009694452361862702,0.0002160091387347941,4890,0.007763345374090221,0.009685401832599937,-0.0003669355504310694,1864,0.007951150034965236,0.009828744437832408,0.0002465920921251649,4399
0.25,0,2,4,Ecal,pooled,0.006704299003693639,0.005982664808268719,0.006063741156696733,0.009411146634981975,0.009409280620746077,9.154557447898114e-05,0.007545231984095657,0.007514739522412129,0.0093438778994539,0.0002570094524344313,20480,0.007454002752638189,0.009351849305645032,-0.00028352804474707227,8192,0.007618513793891502,0.009510688698312276,7.466004393262487e-05,18720
0.25,0,2,0,Ucal,context_0,0.006123692374953013,0.005933584928930349,0.005934256898982987,0.009260204468001371,0.009260351506119252,1.201581926090426e-05,0.007378734708570014,0.0074326822915334895,0.009257923338478318,0.0002057294279451627,15590,0.00724640244608639,0.009189033221762349,-7.268774479759478e-05,6328,0.00737848023881202,0.009294136068829874,-0.00016143512732281248,14321
0.25,0,2,0,Ucal,context_1,0.004147735477025705,0.0030820107791704153,0.003187788444646711,0.009729083256181745,0.009713577854165083,9.16385062364231e-05,0.007848033543395899,0.007965626732154858,0.00975757098562943,0.00014397904642520507,4890,0.007940982734232886,0.009862511672512748,-0.00024035132725926938,1864,0.007677929432290769,0.00964087785380844,0.00017413084724865927,4399
0.25,0,2,0,Ucal,pooled,0.004263173675123328,0.004541389621746576,0.004561953402089492,0.009370548094026349,0.009368568148792306,3.075383048300845e-05,0.007489177186304929,0.007559933185802947,0.009377223972978754,0.00019098531829513375,20480,0.0074044465936822235,0.009342275877060047,-0.00011083775916631566,8192,0.007448847600036006,0.009375616683793586,-8.258070840508255e-05,18720
0.25,0,2,1,Ucal,context_0,0.005509605072138367,0.0038030464921368075,0.003865069686443442,0.009345785204040944,0.009348605452878448,6.181669602341077e-05,0.0074719599650630445,0.007466009591847678,0.009307496067346507,0.00032289783166263865,15590,0.007478587872168584,0.009358817382076756,-0.0002734402180490391,6328,0.00747550894364441,0.009381708674361151,-7.425963610179696e-05,14321
0.25,0,2,1,Ucal,context_1,0.010994484559187029,0.011492576676801577,0.011581675107170213,0.009671098420801527,0.009642632503978598,-6.467805527191382e-05,0.00782297206926504,0.007727100630052738,0.00956262177556795,0.0001975978764653937,4890,0.007731093605380713,0.009657902041147363,-0.0002944007068232917,1864,0.007968476228034883,0.009797274562394511,-0.00025888725820523174,4399
0.25,0,2,1,Ucal,pooled,0.005293877220702554,0.005667590246078905,0.0055193165727397565,0.009422342815167944,0.00941881015404445,3.204804390497823e-05,0.007554565425861594,0.007528350176653475,0.009368412313108365,0.0002929800200945465,20480,0.007536042789979547,0.009426870825009814,-0.00027820954801427433,8192,0.00759135098873168,0.009479362218242495,-0.00011764515477877397,18720
0.25,0,2,2,Ucal,context_0,0.00890779234608808,0.0077214829318480414,0.007833012609524207,0.009280761418893274,0.009292989874130445,0.0001281461679447618,0.007410449145605977,0.007374428758891138,0.009247027925945069,0.0004186494680954295,15590,0.007432149945111891,0.009304415152133554,-0.00033074915208930315,6328,0.0074400724379466605,0.009307032233160298,1.4672467492743999e-05,14321
0.25,0,2,2,Ucal,context_1,0.01454391026546379,0.008620487498510158,0.0086809038459157,0.009732814672130647,0.009725639756045335,6.501402114363922e-05,0.007884355424421096,0.00789635971432327,0.009680832568237058,0.00018130858525908065,4890,0.007518312510086999,0.009414108984583046,0.0003347211665286015,1864,0.00802611560052865,0.009925644835719729,-0.0001785446370791565,4399
0.25,0,2,2,Ucal,pooled,0.009501890332386336,0.007944044167128336,0.008040858725487786,0.009387145406345934,0.009396293483630632,0.0001132889592750935,0.007521975916529868,0.007499049968464533,0.009350607257039201,0.00036197969675413335,20480,0.0074517552943689225,0.009329374783931144,-0.0001793286596694088,8192,0.007577786320008529,0.009452399585652763,-3.073148779634736e-05,18720
0.25,0,2,3,Ucal,context_0,0.004734574758063258,0.003812202084368415,0.003937913505636542,0.009276825159138526,0.00928194150779288,0.00011231843651964417,0.007391233761275248,0.007445360360771054,0.009319405808617408,0.00031734015350543665,15590,0.007351862525687507,0.009232947191330351,5.465784073629512e-05,6328,0.007349707854750536,0.00924985968570192,-8.539208074112476e-05,14321
0.25,0,2,3,Ucal,context_1,0.015283355163846999,0.00920839467732415,0.009159735885107222,0.00975937053178469,0.009783699017831559,-5.184685749440282e-05,0.007932740126443447,0.007803003282756649,0.009611626513205195,0.0002334285611267714,4890,0.0080122783652191,0.009867403584983612,0.00012288551154054797,1864,0.00804325476353156,0.009877828053878563,-0.00044300346875575543,4399
0.25,0,2,3,Ucal,pooled,0.004324967196129492,0.005086974454306834,0.005164634602223794,0.009390385011879974,0.009401745913265983,7.368458430537455e-05,0.007518669203770203,0.007530754593608436,0.009389179209273379,0.0002973046219267417,20480,0.007502132926674676,0.009377310804339345,7.018230098765343e-05,8192,0.00751268396862488,0.009397425543159667,-0.00016942693629007564,18720
0.25,0,2,4,Ucal,context_0,0.006258517411758302,0.006330822442829993,0.0064055633038017975,0.009294332328784268,0.00928953666862854,8.07945985715974e-05,0.007421124279363361,0.007362768477195727,0.00921125514726253,0.00023172188614751377,15590,0.007437225019702907,0.009306055533390036,-0.00023970419691708386,6328,0.0074775366437879656,0.009379590957453953,5.8111822546448224e-05,14321
0.25,0,2,4,Ucal,context_1,0.018681492627064603,0.009368604977222465,0.009221313986281034,0.00975642797541866,0.009747448197143028,5.6851157559671285e-05,0.007919789948845983,0.007887783313669067,0.009670664125183075,0.00020155520816400252,4890,0.007938716680514966,0.00984170901070223,-0.0005012394164892737,1864,0.007947349170983773,0.00981562810678566,0.00013247698674177035,4399
0.25,0,2,4,Ucal,pooled,0.00823060942884077,0.0069468556489780545,0.007013484655652392,0.009403079643666809,0.009398871989645917,7.515986702184191e-05,0.0075384778034125605,0.007488126023599761,0.009320948013572661,0.0002245190025860211,20480,0.007551333962055651,0.009427937623442517,-0.0002992136755892716,8192,0.007587937568314373,0.009482055029030352,7.558684163273145e-05,18720
0.25,0,3,0,Ecal,context_0,0.005165902207378033,0.005332278686647856,0.005368662041462704,0.007018609378051999,0.007020650604606779,3.217555402411277e-05,0.005822380619566699,0.005730834117443785,0.0069082850828185195,-0.00013426414790141262,15580,0.005899662430538685,0.007142000943497596,0.00011301262804217622,6124,0.005889485301490553,0.007086430992820959,0.00017990716328429194,14202
0.25,0,3,0,Ecal,context_1,0.007403304736910215,0.004521223641359785,0.004921670295323723,0.007522051373402031,0.007537935585025591,-3.657929543758665e-05,0.006373604113493465,0.00638852239263301,0.007517225664211152,-0.0002168212101167562,4900,0.006210022448505486,0.007380123300290054,0.0003154183784242493,1810,0.006423973041852279,0.007585420649970358,1.9004529328170684e-05,4427
0.25,0,3,0,Ecal,pooled,0.004393126512490279,0.005034673350687063,0.005178716634188441,0.007137794666027113,0.00714441507746089,1.589847223819464e-05,0.00595287774032563,0.005888191175472457,0.007053978874264999,-0.00015401657001348212,20480,0.005970465510009307,0.0071963242943665585,0.0001591878748523038,7934,0.006016501095498892,0.007205011013874176,0.00014167022300173526,18629
0.25,0,3,1,Ecal,context_0,0.01099071963786255,0.008518994303649541,0.008610641131282085,0.007070576662072118,0.007059046971108332,9.663913126945469e-05,0.005889747841995931,0.005783456869528597,0.006925579647206915,-0.0001649859986615885,15580,0.00603953919024891,0.007241796323625647,0.0003861089344705187,6124,0.005941761018614705,0.0071558114377548426,0.0002588280095628174,14202
0.25,0,3,1,Ecal,context_1,0.008266390244247412,0.005390804125575575,0.005695598221785935,0.007620914985477283,0.007627523287804726,0.00014422839338372486,0.006479114518164946,0.0063637121036952855,0.007504282430341771,-0.00012288347951003482,4900,0.00651196575214191,0.007683161691729062,0.0004187994775521821,1810,0.006593415647011351,0.007724559209974298,0.00032761997116427944,4427
0.25,0,3,1,Ecal,pooled,0.010303848355713487,0.007721360017986678,0.007827481565388528,0.007200864226805731,0.007195059371099167,0.00010790545382895615,0.006029275012297449,0.005922287467546994,0.007064038809187423,-0.0001549126420286484,20480,0.006147314849062413,0.0073424859273901015,0.0003935666963784858,7934,0.006096620379820993,0.007290968793899323,0.00027517574771353254,18629
0.25,0,3,2,Ecal,context_0,0.0025128408824265196,0.0023743171504448483,0.0026047077517482205,0.006943451623338547,0.006935103017549511,8.519706303582765e-05,0.005727882699068061,0.005639328560594646,0.006831242476115649,-3.8709675364760595e-05,15580,0.005807789026775989,0.007046540438054296,0.00014306842346428113,6124,0.00579057296287122,0.007022095660263876,0.00019617176892354176,14202
0.25,0,3,2,Ecal,context_1,0.009041578457943952,0.009959449185658937,0.010399448104338991,0.007528280777494364,0.00751739947905726,1.3374828776904771e-05,0.006376041399639963,0.006465281536992716,0.00759702110171261,-0.0001902604224730511,4900,0.006249476283871008,0.00745332383181519,0.0003217368227177562,1810,0.006329013205945209,0.007482842440699672,0.00011269209150377234,4427
0.25,0,3,2,Ecal,pooled,0.00379189212091012,0.0025566936277924756,0.0026305632042494674,0.007081904576803108,0.007074421995156346,6.819380595312408e-05,0.005881328343441704,0.0058369442629555126,0.007014460994935234,-7.496937560063089e-05,20480,0.005908552063748762,0.007139340783744644,0.000183828418756541,7934,0.005918528030566134,0.007131587634980139,0.00017633363848512212,18629
0.25,0,3,3,Ecal,context_0,0.0037989589019960684,0.004050955110700827,0.004136538687304431,0.006997327539539624,0.00698900768777729,8.653426400842769e-05,0.005802871815024867,0.005710218177536868,0.006867492569171715,-8.16715790367708e-05,15580,0.005962367923255063,0.007181576757988656,0.00013331021653679287,6124,0.005835739686117762,0.007060310684487529,0.0002508907702301207,14202
0.25,0,3,3,Ecal,context_1,0.012912084318223287,0.008394557223321145,0.008547570137748286,0.007623593497811802,0.007626332106825953,0.00012565917595772744,0.006480542518572457,0.006458076313138008,0.0075918725745429344,-0.00021160636173219097,4900,0.006652521457296709,0.007797794105827253,0.0004048278853708868,1810,0.0064350947045986396,0.007587480876061065,0.00038482018129831514,4427
0.25,0,3,3,Ecal,pooled,0.005775732254045892,0.005066215654186635,0.005165563037857814,0.007145590277402372,0.007141492534131707,9.579672908036935e-05,0.005963304156189536,0.005889149079121125,0.007040806144675571,-0.00011275949091213989,20480,0.006119814091217677,0.007322155709285336,0.0001952521097293452,7934,0.005978170555558679,0.007185587534457793,0.00028271778739684443,18629
0.25,0,3,4,Ecal,context_0,0.009695604520550167,0.007056282038308047,0.0071073111948576255,0.0069826506991383435,0.006985170967363041,5.365797951763562e-05,0.005791501237380068,0.005700566426914219,0.0068555368648454025,-0.00010330069652341297,15580,0.005850170901413839,0.007082904189306322,-1.1687397538330881e-05,6124,0.0058659605617368575,0.00707886821529771,0.000254023509852115,14202
0.25,0,3,4,Ecal,context_1,0.014265847699629916,0.008996506990260415,0.009107209164584932,0.007590068105745034,0.007585872759855852,9.006239213581261e-05,0.006444416333435146,0.006638478621536372,0.0077372535476128435,-0.0001980049664876899,4900,0.006326437504828306,0.007513195182742211,0.00021768725832193596,1810,0.006277855788615263,0.007458586589025549,0.00035672809113248736,4427
0.25,0,3,4,Ecal,pooled,0.009693826852356327,0.00753219489453836,0.007592755345481239,0.007126451214781026,0.0071288935641997,6.227639125431562e-05,0.0059460729148828936,0.005924969246916589,0.007066494469609097,-0.0001259594329894753,20480,0.005958822596924323,0.007181067372835306,4.0640322036547233e-05,7934,0.005963843441622558,0.0071691045801317395,0.0002784302510259949,18629
0.25,0,3,0,Ucal,context_0,0.005174067293962936,0.0049213406392332034,0.004910283169227096,0.007016118258767074,0.007018983326211504,-1.3972253220722629e-05,0.005818450304047779,0.005736975283846164,0.006912604671227776,-0.00017352938384238503,15580,0.005868696617990596,0.00711334987209257,2.5842937377447555e-05,6124,0.005886164174499503,0.007087748683626736,0.00014389789660763293,14202
0.25,0,3,0,Ucal,context_1,0.005564815989720892,0.005934762498355997,0.006689574355510275,0.007567227348459312,0.007580823553091665,-0.00010770143665252237,0.006423961159446953,0.006414106468460998,0.007534572045100206,-0.0002326540086342364,4900,0.006220067234823059,0.00739975136496353,0.00016447712785631254,1810,0.0065182317692053515,0.0076718450391272544,-8.067988685595416e-05,4427
0.25,0,3,0,Ucal,pooled,0.004323835799337919,0.004869099862703955,0.004985675661638803,0.007146588295369808,0.007153407989869354,-3.616178016160552e-05,0.005961799461129186,0.0058989842098526426,0.0070614152245468634,-0.00018767541223496664,20480,0.005948855531081944,0.00717868724316598,5.746984496085386e-05,7934,0.006036368868351174,0.00722655348076028,9.05291786199095e-05,18629
0.25,0,3,1,Ucal,context_0,0.0110139681395842,0.008585748935772507,0.008618057886221669,0.0070561900383762,0.007046577971423422,3.8292760822405516e-05,0.00587524054833958,0.005782976788163797,0.006925571201693755,-0.00022433046514553343,15580,0.005966354744261888,0.007168942363096302,0.00032504662447977036,6124,0.005937167463401576,0.00715086305900193,0.0002027477107972532,14202
0.25,0,3,1,Ucal,context_1,0.010708448509320016,0.006859877612497961,0.00697207387625206,0.007658405142396493,0.007662201354932864,8.896935911466309e-05,0.006525490460071913,0.006342514494852144,0.007486721652949571,-0.00014333218336105348,4900,0.006595915909959466,0.007750151929116257,0.00034112679200936415,1810,0.006699222595893101,0.007810920935106488,0.00024299524675676885,4427
0.25,0,3,1,Ucal,pooled,0.010905447763304344,0.008132574779730574,0.008180854288224237,0.007198758956461229,0.007193870675485739,5.028998198561519e-05,0.006029181267829472,0.005916850555877318,0.007059830831144609,-0.00020495099342952017,20480,0.006109977848611853,0.007301534915969522,0.0003287150267016716,7934,0.006118262426713615,0.00730771936999634,0.00021231214483519276,18629
0.25,0,3,2,Ucal,context_0,0.0032676613674026255,0.0022352780606317846,0.0025342335069799184,0.006944857060075942,0.006939551355011507,5.5957076777351044e-05,0.005726261497156431,0.005655527695420465,0.006846259284955216,-6.978460641360253e-05,15580,0.005802532780251224,0.007044933002683469,0.00015083173561201307,6124,0.005770969798337522,0.007009868203848115,0.00015298869298715153,14202
0.25,0,3,2,Ucal,context_1,0.008744798110857238,0.00936450044112542,0.009788216824433376,0.007519902021231658,0.007514660002036823,1.5564790033850987e-05,0.006370177484638678,0.0064313350815554055,0.007572321843911837,-0.0002262317085144471,4900,0.006269644340757507,0.007466073459701211,0.00025693131250571153,1810,0.006343588997069885,0.007483889499261301,0.00018451203132876698,4427
0.25,0,3,2,Ucal,pooled,0.003915184839140752,0.0018938954783653684,0.0019418899597928828,0.00708099369533286,0.0070771505918486195,4.639457231415014e-05,0.005878702718009476,0.005841145673548454,0.007019975424549329,-0.00010721579783421476,20480,0.005909095916691402,0.007141008655217136,0.00017503645380934028,7934,0.0059070471612012385,0.007122514737467427,0.00016047990662386482,18629
0.25,0,3,3,Ucal,context_0,0.004654925047971847,0.0031031228874457144,0.003123630290422892,0.007000370005851229,0.006991596452018051,2.165277177431733e-05,0.0058028349547163925,0.005745235871671865,0.0068976296471125196,-0.00013574692916808905,15580,0.005973989586817292,0.007194304242898947,0.00010439250703382772,6124,0.005792219741848334,0.007029453340696242,0.00015864680092186344,14202
0.25,0,3,3,Ucal,context_1,0.010624717416068548,0.006725588216186553,0.006993238084382904,0.007606689190478487,0.007615357577778595,4.582397677884064e-05,0.006457291976322528,0.0064588359424046105,0.007599998502873302,-0.0002732904802779762,4900,0.0065630584872888595,0.007712965446861348,0.0003736375280506703,1810,0.006412339905247022,0.0075706431875899455,0.00026500588592191516,4427
0.25,0,3,3,Ucal,pooled,0.004746589178610278,0.0037487405736363875,0.003779649531488376,0.007143910527484496,0.0071408361744900554,2.7375083492009145e-05,0.005957771668991152,0.005915970263595227,0.007065676883109972,-0.0001686552983301226,20480,0.0061083751060829255,0.007312627507226139,0.00016581593633058662,7934,0.005939585245276644,0.007158061824898207,0.00018392199923069531,18629
0.25,0,3,4,Ucal,context_0,0.009569441696295297,0.007321499785972256,0.0073510807123170156,0.006983778313822734,0.006987401215237144,3.1169028746771666e-05,0.005793943739537309,0.005700413623540178,0.0068578788167268,-0.000129470596417536,15580,0.005864294820083737,0.007090416822710533,1.4631182276525192e-05,6124,0.005866213081177146,0.0070759104034105215,0.0002145265228915191,14202
0.25,0,3,4,Ucal,context_1,0.01131254211023523,0.007566386915934481,0.007875185176316402,0.007570864980215573,0.007560545710091341,3.794555878354498e-05,0.00642035370900835,0.006628346228782012,0.00772368250174771,-0.00018088008524203786,4900,0.006310416401996797,0.007503915311079163,0.00017683132865481613,1810,0.006235086751429847,0.007429092458333809,0.0002233673821985789,4427
0.25,0,3,4,Ucal,pooled,0.0095181411392901,0.007391003326559792,0.007423178233794972,0.007122765712662456,0.007124530513322376,3.277331025559433e-05,0.005942240570734277,0.005922428748817765,0.007065029112459343,-0.00014177071825542952,20480,0.005966069468843838,0.0071847490969665475,5.163424062599666e-05,7934,0.005953872308092639,0.0071598406711192225,0.00021662746680436217,18629
0.25,0,4,0,Ecal,context_0,0.004601046951939683,0.0036120405303044774,0.003705740757671745,0.009446908258916357,0.009425166746310712,0.0001850461078070797,0.007548545938160068,0.007524034755114487,0.009302311345946517,0.0006627518384979657,15590,0.007682398118524124,0.009681575669773061,-0.0003111489830822076,5888,0.007519872140977854,0.009508532961089925,-0.00013459762736594023,14159
0.25,0,4,0,Ecal,context_1,0.015417434316660986,0.006946252271358073,0.007466760863278477,0.01054882467782698,0.010530647929526404,0.000434421448432998,0.008780241532129944,0.008478337753343192,0.01020772677371545,0.0007547581076987682,4890,0.009286850419945439,0.01106059558811264,0.0007524759739398239,1994,0.008883941500086142,0.0106928730773811,-5.5155189535906904e-05,4495
0.25,0,4,0,Ecal,pooled,0.005486446155601846,0.0029855938330875104,0.0034755892580724127,0.009713598469286953,0.009689121970232816,0.0002454009232099707,0.007846645822535242,0.007751893234672025,0.009518496963221424,0.0006847201322671026,20480,0.008088294831164838,0.010030442165227148,-4.207157071200581e-05,7882,0.007848567957917479,0.00979391994633324,-0.00011545461471203224,18654
0.25,0,4,1,Ecal,context_0,0.014650000194147058,0.009073090877343355,0.00920859416418954,0.009453637383136992,0.009450201710896288,0.00015007879403242477,0.007588409674320839,0.007472870836776369,0.00925199947018395,0.0005687612048550398,15590,0.007699067766383371,0.009639971839553018,-0.00016399499398413235,5888,0.007669608603006063,0.009598167207528568,-0.00018031122792414568,14159
0.25,0,4,1,Ecal,context_1,0.009742756354219485,0.00697217069612679,0.00698137928996918,0.01032923878835976,0.010332196273262505,0.00010870276712210507,0.008557317893870613,0.008395456313965023,0.0100653015199005,0.0004419746025939661,4890,0.008365075831621915,0.01025199609005977,-6.106837186495303e-05,1994,0.008818682476264881,0.010650634824661423,-0.00017854431281498197,4495
0.25,0,4,1,Ecal,pooled,0.00890295895701369,0.006955791336368184,0.007084108112156098,0.009665553930483212,0.009660795139117518,0.00014006480283341744,0.007822908709335661,0.0076931561387027616,0.009446191219359435,0.0005384884272643831,20480,0.007867555470276502,0.009794802638272945,-0.00013795646512018367,7882,0.007946497584473758,0.00985177726108342,-0.00017988545954118808,18654
0.25,0,4,2,Ecal,context_0,0.004390053177380803,0.004734015614084524,0.004881298217372524,0.009455629356728619,0.009439238452546779,0.0001564998677571213,0.007575731636169139,0.007442499473547614,0.009220310365748332,0.0006446817217154561,15590,0.007669358639522334,0.009662466678867571,-0.00018029741350682858,5888,0.007683494445656103,0.009628718198922878,-0.00024096412766122052,14159
0.25,0,4,2,Ecal,context_1,0.015451909826799736,0.005620025487099573,0.00550088954565572,0.01031862944634127,0.010302161802659806,0.00012166473056270825,0.008506878349782398,0.008361202684099688,0.010075601113956337,0.00041366088030772216,4890,0.008329165718306152,0.010253730693592904,0.00035802872595540737,1994,0.00874418936031679,0.01061180334141192,-0.000300842717505403,4495
0.25,0,4,2,Ecal,pooled,0.0066398586370097195,0.0037406278842634045,0.0039581943696549195,0.009664496083368536,0.009645278256357947,0.00014806892879729432,0.007801091480779596,0.007661857808489003,0.00942452773678042,0.0005895209837035509,20480,0.00783627760870464,0.009812045522481161,-4.411087175502719e-05,7882,0.00793908700711208,0.009865609359826076,-0.00025539289689836006,18654
0.25,0,4,3,Ecal,context_0,0.006868856312512632,0.0054385694637910115,0.005639880164036521,0.00945933374543793,0.009428711121975299,0.00022964749687946374,0.007585820067469766,0.007415602505302643,0.00920151759922024,0.0009156751343078381,15590,0.0077065415414677855,0.009701403251453841,-0.00037478532961002833,5888,0.007723039062828556,0.009642542197172664,-0.0002743619942666784,14159
0.25,0,4,3,Ecal,context_1,0.005650925855215501,0.004769511544265359,0.004771400227652774,0.010298753889654559,0.010299984686360014,0.00039471536239648247,0.008543193209675727,0.00843275670564004,0.01011122006009731,0.0007691643050355657,4890,0.008631474481393007,0.01047105606460389,-0.0001897544318897913,1994,0.008624172441918274,0.010426333397927303,0.0002466347039541493,4495
0.25,0,4,3,Ecal,pooled,0.005802339446673772,0.004864511470533404,0.005118552549168105,0.009662493559565909,0.009636744702533954,0.00026959788061517404,0.007817527337019741,0.0076584679369261725,0.00941872682938083,0.0008806928122794489,20480,0.007940532442534886,0.009896111156734378,-0.0003279759398543632,7882,0.00794018254621058,0.009831410077916318,-0.00014881893870204773,18654
0.25,0,4,4,Ecal,context_0,0.005871880173332627,0.005483557853735006,0.005650172102214444,0.009477027458914919,0.009466296586868293,0.00017036379720003486,0.00759543901351237,0.007464868161944413,0.009252899976988156,0.000786920639281857,15590,0.0077774522550221855,0.009734472752232092,-0.00019248386303408316,5888,0.007663516251307035,0.009616748453066109,-0.00035761657885739306,14159
0.25,0,4,4,Ecal,context_1,0.015330933391538936,0.008156838787953273,0.008735077728357712,0.010293541757961145,0.010289092914089215,6.0037221399109124e-05,0.008528733347568856,0.008193416844725852,0.00993456751591924,0.0006183263379128189,4890,0.009011321943047771,0.010758758166902058,7.91512242889213e-05,1994,0.008679437694513757,0.010477689149319708,-0.0005557908323304407,4495
0.25,0,4,4,Ecal,pooled,0.005206467297665286,0.0046304566776847935,0.0050302075857388785,0.009674643508958457,0.009662755280233054,0.00014366211891947645,0.007821318633795439,0.007638823389424942,0.009415661415727073,0.0007466654569725506,20480,0.008089598430856113,0.009993597989082118,-0.00012376521749715458,7882,0.007908319879870035,0.00982420682283452,-0.0004053700510007054,18654
0.25,0,4,0,Ucal,context_0,0.004249793677614638,0.002930634902915433,0.0030243702286988712,0.009414533219663415,0.009395340478200228,0.00016447071911265934,0.007506957190526228,0.007497867995859951,0.009278954281491085,0.0006556329382505838,15590,0.007653293864796465,0.009671287307039323,-0.0003807360753062708,5888,0.0074561111001769185,0.009457043819256414,-0.00014960805698887206,14159
0.25,0,4,0,Ucal,context_1,0.016404661450088988,0.007444320961308389,0.007819226941904515,0.010545058575185378,0.01053169585994054,0.0002445400351143981,0.008775468711413967,0.008452434473669114,0.010193728260300265,0.0005559023187813827,4890,0.009180536590808015,0.010938223301040228,0.0006821694556874043,1994,0.008947199984174948,0.010752852741244028,-0.00028831750253946817,4495
0.25,0,4,0,Ucal,pooled,0.006608551777519421,0.0022347305673928843,0.002679319323934595,0.009688147479074774,0.009666667520031777,0.00018384941459470347,0.007813967412497081,0.007725789386313409,0.00949737443561105,0.0006318203049886506,20480,0.008039657985028262,0.00999179864579063,-0.00011184066439515834,7882,0.007815414441742862,0.009769291117655381,-0.0001830324677184705,18654
0.25,0,4,1,Ucal,context_0,0.01276689046696743,0.008898202768954906,0.009002679563985339,0.009448885157310181,0.009443226820715574,0.00011982604466955927,0.007583382789941536,0.00748106547899549,0.009265728581773214,0.0005041270564006184,15590,0.007648213341346253,0.009582855582997898,-0.00018109392334261665,5888,0.007669081256710226,0.009594841308604201,-0.00017817776924607882,14159
0.25,0,4,1,Ucal,context_1,0.009314098255674103,0.006963070410713633,0.006900516111773268,0.01032306835125759,0.010323149785038075,9.358053078696685e-05,0.008553721196965852,0.008429913337062472,0.010093236605518694,0.0004290028568547684,4890,0.008407791345982758,0.01029470093864032,-0.00028135968276945015,1994,0.008753143790467032,0.010585680555355931,-0.00010499219193607072,4495
0.25,0,4,1,Ucal,pooled,0.008591034335144231,0.007017378653924981,0.007119781628997266,0.009660458463502277,0.009653325614442968,0.00011347400063199719,0.007818227964638016,0.00770762143729371,0.009463312284708536,0.00048618968648952434,20480,0.007840372506690733,0.009762939272309113,-0.00020645930323314013,7882,0.007930304645218688,0.009833600953406872,-0.00016054245403172873,18654
0.25,0,4,2,Ucal,context_0,0.0038773187718372654,0.004699822509924154,0.004793632636713082,0.009437078544227198,0.009421899664665384,0.00010038846523288016,0.007554381621667698,0.0073932949766621825,0.009184977727456196,0.0005725122997782183,15590,0.007659546038864747,0.009643519573590153,-0.0001381685825712655,5888,0.007688016250326485,0.00962881008971564,-0.00032024764488019364,14159
0.25,0,4,2,Ucal,context_1,0.016930446074848518,0.005218392159610966,0.004986396456603634,0.010321674856428032,0.010304225515975363,5.8114610501737e-05,0.008515756772700948,0.008390683337954655,0.01010106539157084,0.00033709348345095397,4890,0.008360284766408361,0.01026062533381295,0.0003081516231015071,1994,0.008720789092268642,0.010588752282734181,-0.0003562970673282101,4495
0.25,0,4,2,Ucal,pooled,0.006826756812336869,0.0039400229050878584,0.004148253346709482,0.009651172074866413,0.009632572194592426,9.015717816069882e-05,0.007787057473369403,0.007631440928162192,0.009403711549600758,0.0005163014593563275,20480,0.00783681995699745,0.00979963590014233,-2.525783782227939e-05,7882,0.007936880511317693,0.009860124561551081,-0.00032893436911648794,18654
0.25,0,4,3,Ucal,context_0,0.005808524261995445,0.005582056110947801,0.005731519133521348,0.00945814077055679,0.009426220024767649,0.00015323554494500236,0.007584551619869406,0.007403818965722843,0.009196955729422302,0.0008494682872884162,15590,0.007716933689864717,0.009716249730405727,-0.000506787017397785,5888,0.007728499388074258,0.009638388615439631,-0.00033889353239516923,14159
0.25,0,4,3,Ucal,context_1,0.005857376567733794,0.0038538066300697906,0.0038351098454069326,0.010290760403160657,0.010292436642476113,0.00028335488890708985,0.008524605197194737,0.008362246563768582,0.010054537274656676,0.0007334092018672538,4890,0.0086822269471323,0.010538789468192483,-0.00022204141454806658,1994,0.008631309523797273,0.010437715051149756,1.794768951095649e-05,4495
0.25,0,4,3,Ucal,pooled,0.004134833612429745,0.004294138639488258,0.004462182196241712,0.009659654697717745,0.00963304616053886,0.00018472754798534168,0.007812067139190168,0.0076326622740452875,0.009401720072986564,0.0008217569138651015,20480,0.0079611350036165,0.009924337047983345,-0.00043475165428152787,7882,0.00794604691461414,0.009830999976462309,-0.00025290654341328676,18654
0.25,0,4,4,Ucal,context_0,0.006341390158692525,0.0055509508745347665,0.0056956636143479945,0.009476753541318167,0.009465679038341064,0.0001479592404789832,0.007595407108377185,0.007462187927166111,0.009254960365710819,0.0007503873797048736,15590,0.007794772816376518,0.009733467014405545,-0.00012083895980258998,5888,0.007659184334620605,0.00961420863547595,-0.0004035748288249033,14159
0.25,0,4,4,Ucal,context_1,0.013745245547956203,0.006764592478049668,0.0072880047563329345,0.010370008518202339,0.010359421024723744,-8.33760727969883e-06,0.008615446694457832,0.008254280096731303,0.009983630358181506,0.0005228542400893502,4890,0.009179453693382598,0.010910335124679071,7.923666122504916e-05,1994,0.008758155194352546,0.010550648773861354,-0.0006250564560078672,4495
0.25,0,4,4,Ucal,pooled,0.004845653360656792,0.004896394196700917,0.005140771132647616,0.009692942676547982,0.009679077393488101,0.00011013165347357986,0.007842281160827663,0.007651315403199988,0.009428944558248987,0.0006960593986150343,20480,0.008145071429514062,0.010031192846920821,-7.022353372683352e-05,7882,0.007924000138978655,0.009839859885719457,-0.0004569446108656143,18654
0.25,1,0,0,Ecal,context_0,0.012641210496055145,0.011204223735192044,0.011280733932556264,0.010265879417493129,0.010245131394109904,2.675818918937227e-05,0.007785873034209126,0.007500817279491372,0.00987771998726,-0.00016903317588789644,15310,0.008031101036648893,0.010558282029233737,0.0003168647593559056,5856,0.007995746057606602,0.010569091228166594,0.0001198417416863451,13952
0.25,1,0,0,Ecal,context_1,0.03222230868814392,0.02507517652227069,0.027560989758285876,0.018344107383489374,0.01835833096987697,-0.0006608962225639846,0.016318927674534175,0.016229832343526575,0.018219533809429176,0.0003194545462324034,5170,0.016080222857376394,0.01815859260532004,-0.0012727816145781915,1924,0.01651599085566547,0.018558540933422758,-0.0014944750529928604,4668
0.25,1,0,0,Ecal,pooled,0.006015229951015266,0.005954594347729975,0.005612264026125829,0.012292673729268894,0.012293238904203444,-0.00014577148638748318,0.009926781495802625,0.009704382117433852,0.011983539199204075,-4.5718648379988736e-05,20480,0.010021655070463766,0.012437844696121917,-7.625601486635699e-05,7780,0.010131755870567869,0.012572031680590642,-0.0002848645310076684,18620
0.25,1,0,1,Ecal,context_0,0.009839941059205552,0.012421508989204414,0.01241211296253052,0.010253700181476262,0.010232606217066294,1.5246852179229161e-06,0.007765837041514224,0.007541261730894476,0.009895173431491081,-7.833665143150974e-05,15310,0.007736357261014522,0.010345475399084475,-0.00010479800403118134,5856,0.008024644495656612,0.01060860334001693,0.00013378548885507663,13952
0.25,1,0,1,Ecal,context_1,0.023605033150603874,0.024954949261544006,0.026386256437823257,0.017753794228074538,0.017734103034708536,-0.00047702150718023775,0.01569318513930239,0.015228173540944748,0.017370027688158967,0.0005433440820910252,5170,0.016407837769841453,0.01836516405970077,-0.0012310639550433089,1924,0.015913647500560287,0.01792684423992429,-0.0012963257974210006,4668
0.25,1,0,1,Ecal,pooled,0.0080707807016862,0.00716708686305066,0.006928534501907855,0.012135443060659046,0.0121262946226918,-0.00011854059453862925,0.009754776212294609,0.0094817565579433,0.01178213615155812,7.860130717745051e-05,20480,0.009880821078364525,0.012328750589704751,-0.0003833244423020468,7780,0.010002403143717318,0.012443272970562986,-0.00022474079924034382,18620
0.25,1,0,2,Ecal,context_0,0.015893343913945035,0.011452160977500535,0.01149677300157267,0.0102715742291992,0.010250470781814406,9.13639114412769e-06,0.007794616520943698,0.0075605621282802075,0.009917889177299802,-0.00012916607464706875,15310,0.00801791802056317,0.010562978889384431,0.00023115490871110085,5856,0.007957727126584926,0.010537375007190533,6.771367844279616e-05,13952
0.25,1,0,2,Ecal,context_1,0.027046080581967297,0.023713441064006795,0.02501062360860696,0.01788351558187521,0.017851054115892138,-0.00014809757069480438,0.01582358665624974,0.015222275754296341,0.01735818587466255,0.001019142755456773,5170,0.015820534317996238,0.017843901951194174,-0.0013870029427544863,1924,0.01649082103112095,0.01848166708395742,-0.0009302266517489664,4668
0.25,1,0,2,Ecal,pooled,0.009122732718142693,0.006814040233285206,0.006253064984718792,0.012181379139399184,0.012169172726989301,-3.0312965919641913e-05,0.009809052244737847,0.009494695890316507,0.011796128138499284,0.00016071462123363746,20480,0.009947511048360242,0.012363556777677741,-0.0001690167758929852,7780,0.01009695818707763,0.012528994524609857,-0.00018246814010366717,18620
0.25,1,0,3,Ecal,context_0,0.013667895385185641,0.011859914309437948,0.011818699180487932,0.010225790068791884,0.010208035202854139,0.00012935255151605868,0.007746701552726473,0.007535645142100279,0.009931894737089893,3.175591060844299e-05,15310,0.008055768559096493,0.010558384959989522,4.8294083897248315e-05,5856,0.007848577789637611,0.010408693010700151,0.000270470882842847,13952
0.25,1,0,3,Ecal,context_1,0.036987103242735485,0.03077446237550783,0.032833217622995826,0.01831936478159657,0.018347770467852614,-0.0009061055176518763,0.016281893802434586,0.015957846005430997,0.01803825301415651,0.0003033595963073192,5170,0.015922179039017822,0.017933880204101055,-0.002112292053406427,1924,0.01678905282456878,0.01878959189487131,-0.0017484859256161618,4668
0.25,1,0,3,Ecal,pooled,0.01044544660362266,0.007719488257221931,0.007537706857756973,0.012256434816488316,0.01226284141965307,-0.00013043963725427516,0.00988814633175947,0.00966175737175945,0.011978275220118916,0.00010031992696895032,20480,0.01000113793742151,0.01238235062190091,-0.00048602053411975313,7780,0.01008993855564506,0.01250976905749451,-0.0002356779024357058,18620
0.25,1,0,4,Ecal,context_0,0.012345051470664174,0.011757465225795205,0.011743128962803613,0.010248050320797935,0.010231800471435423,-1.853981425376693e-05,0.007775181673076364,0.00748806535798611,0.009872941065278995,-9.257143313475172e-05,15310,0.007944594083297896,0.01047597695818337,0.0002991924554750812,5856,0.008019137500898502,0.010564003898311258,-7.066252687305144e-05,13952
0.25,1,0,4,Ecal,context_1,0.0338138997344777,0.03025489514892088,0.031659474345344434,0.017849151307082808,0.017852343956582483,-0.00046222839096541756,0.015811165771451082,0.015507469324816588,0.017564088498815043,0.0007464099322343011,5170,0.016310623941823005,0.018287332489926332,-0.0013896981196133361,1924,0.015941661296152185,0.017984265729309327,-0.0014185712300879433,4668
0.25,1,0,4,Ecal,pooled,0.01028076924541297,0.007787263054504903,0.007682059617259793,0.012155135427467788,0.012155541185215222,-0.0001298594609961397,0.009791377171478313,0.009512494972659625,0.011814505139076914,0.00011922220255655702,20480,0.010013519719262202,0.012407731205365048,-0.00011847148623058913,7780,0.010005299749891209,0.012424249989992192,-0.0004085807774964196,18620
0.25,1,0,0,Ucal,context_0,0.012663316051388906,0.011228132509617374,0.011303625592116335,0.010257470108872598,0.01023160908687169,8.017009936620614e-06,0.007769764576314542,0.00748765654861927,0.009871361192615714,-0.00017955510674505588,15310,0.00802755723592871,0.01057389597897911,0.00022911528046522798,5856,0.007971129261615148,0.010548348664817924,0.00012104579679018588,13952
0.25,1,0,0,Ucal,context_1,0.030802239175099784,0.02542146692214936,0.027490686854598836,0.01823475914520283,0.018255763110670124,-0.000554346810925617,0.016212763608735935,0.016119853792643638,0.018120524849124773,0.0002634587418468132,5170,0.016037152501175534,0.018086734328973456,-0.0011738383786253275,1924,0.0163880462822885,0.018422289363101044,-0.0012047651767309344,4668
0.25,1,0,0,Ucal,pooled,0.006900527678149845,0.006127900526209521,0.005703232580650475,0.012258939256596919,0.012257237812605962,-0.00013307776952117885,0.009888078454713442,0.009666780559928156,0.011953791666451252,-6.772006781829987e-05,20480,0.010008336322090007,0.012431826696895448,-0.00011783624139726928,7780,0.010081234989461722,0.012522331220112532,-0.00021133259334926575,18620
0.25,1,0,1,Ucal,context_0,0.008493376544000201,0.011912569631845431,0.011889193953545686,0.010248478892239291,0.010230172299356124,-1.939150845653491e-05,0.007762095486087865,0.007543459147273287,0.009896380242902712,-0.00011384435956731954,15310,0.007760812748539073,0.010368420191715829,-0.00012188086851087749,5856,0.008002550908847106,0.01058450627695893,0.00012727211274360435,13952
0.25,1,0,1,Ucal,context_1,0.021047826475694975,0.02496121409498267,0.026279974858281558,0.017898819156516758,0.017864455100338936,-0.000425716021975993,0.015863768041705247,0.015382749335101772,0.017513271907942975,0.0004841655507193774,5170,0.016739049272925407,0.018661510333482498,-0.000901263752243561,1924,0.016035752965499677,0.018011471566680506,-0.0012374413642639672,4668
0.25,1,0,1,Ucal,pooled,0.007211519359308651,0.007133122468337988,0.006956123863178086,0.012167917932094912,0.012157381385346413,-0.00012133666477086652,0.009794771949380776,0.009522420586290537,0.011819199086079379,3.711810313689057e-05,20480,0.009981137565109677,0.012419307779474064,-0.0003146228567244614,7780,0.010016459995874721,0.012446432913501376,-0.00021485906398417998,18620
0.25,1,0,2,Ucal,context_0,0.014554354653102935,0.01101094195972415,0.011076401045045165,0.010252218277868097,0.010230966172683832,-1.1677449760366949e-05,0.007781009540641571,0.007555307904386115,0.009920870721590955,-0.00015765640040303584,15310,0.00803455070826566,0.01053322030073035,0.00020227144991398835,5856,0.007922262047340563,0.010497873613355604,5.871052170223599e-05,13952
0.25,1,0,2,Ucal,context_1,0.027194957338284427,0.02459316710290643,0.025851737548426314,0.01778756438794901,0.017747443435698385,-0.00020347974730138978,0.01571011130061888,0.015092266859699263,0.017258736661311537,0.0009126693356198546,5170,0.015755266389710802,0.017781045811595453,-0.0012557540822719958,1924,0.01637578768625332,0.01837594936815894,-0.0010059465292678394,4668
0.25,1,0,2,Ucal,pooled,0.008885476421118303,0.006610317769183048,0.0060878140531129415,0.012142805755401623,0.012128436263005377,-5.979986067498961e-05,0.009770388698082976,0.009457948421913897,0.011773251918287996,0.00011253813354414888,20480,0.009943889650566489,0.012325613139149946,-0.00015829938863689,7780,0.010041545488932655,0.012472892819769245,-0.00020819705691904822,18620
0.25,1,0,3,Ucal,context_0,0.01363675429845581,0.012250078382342773,0.01223453504476615,0.010225579932328683,0.01020754449563441,4.8612397552568497e-05,0.007746529212489141,0.0075394931363074475,0.00993835356058054,-3.402356464710211e-05,15310,0.008046702550510402,0.010554299329957703,-6.489376817407504e-05,5856,0.007847726693774206,0.010402791440280845,0.00018693297437110215,13952
0.25,1,0,3,Ucal,context_1,0.03729564666203463,0.03164851572534666,0.0336888694901887,0.01837495426257539,0.018403013304960407,-0.0009391148799681639,0.016326739675118503,0.016006622855448863,0.018100795689040283,0.00020365440782080306,5170,0.016265630099550663,0.018294451567396404,-0.002396329279927045,1924,0.01670646949111777,0.018711776672751243,-0.0016041613050641519,4668
0.25,1,0,3,Ucal,pooled,0.011666411679793218,0.00838699149581654,0.008215086488612062,0.012270224575510462,0.012276420166738676,-0.00019920433107795314,0.009899268876769144,0.009676947269508674,0.01199889192992316,2.5976196957344656e-05,20480,0.010079249671892596,0.01246844494754537,-0.0006414595682528301,7780,0.010068597337060982,0.012485838865907688,-0.00026209109095670484,18620
0.25,1,0,4,Ucal,context_0,0.012769091753178172,0.011470351312783542,0.011388311564116644,0.010261145864149961,0.010236966971177961,-3.195176333540345e-07,0.007792133995359882,0.007504579641659769,0.009889444446672974,-0.00011538222193679025,15310,0.008001363427184847,0.010516342935793272,0.00028359318785674747,5856,0.008019858307457196,0.010561913829318354,6.777472012257631e-06,13952
0.25,1,0,4,Ucal,context_1,0.03330299897091192,0.031299147380339294,0.03275319295787944,0.017940234271789465,0.017967375604253467,-0.0005395093722444087,0.015896984830510098,0.015411292310494288,0.017484676722631695,0.0007802261590842352,5170,0.01619642492569596,0.01816053700678969,-0.0013629893468317272,1924,0.01631148945461981,0.01835398107277602,-0.0016617581352827736,4668
0.25,1,0,4,Ucal,pooled,0.012000077803055632,0.008245708542986454,0.008127232132843434,0.012187797695435282,0.012188442197398681,-0.00013560004386917366,0.009825607875970735,0.009500561306595046,0.01180679556321138,0.00011070641721744323,20480,0.010028008455865487,0.012406758024816037,-0.0001236079428297082,7780,0.010098555095585826,0.012515370858988623,-0.000411521358001341,18620
0.25,1,1,0,Ecal,context_0,0.008378652365786526,0.011601569883449866,0.0114203810976055,0.007221634330700411,0.007212360341311242,9.429428383481987e-05,0.005675197881508042,0.005482249944243379,0.006968870096729834,-0.00040844908740687494,15560,0.005800240458064592,0.0073842459119546015,0.0006355604531316642,6158,0.005831518449953624,0.007426931905155513,0.00040868992711148676,14280
0.25,1,1,0,Ecal,context_1,0.04140565284253554,0.03263971431902108,0.035342022876512565,0.017162200952138548,0.017263221441828704,-0.0020583706113790393,0.016193238036069982,0.015782310127666812,0.0167833416676693,-0.0014371999228994052,4920,0.01579505165043489,0.016781770672449577,-0.0021709737786776806,1890,0.016813478943334445,0.017739665943911596,-0.0026940379042753883,4473
0.25,1,1,0,Ecal,pooled,0.011762489103234432,0.00855222016226559,0.008613506049919756,0.009593822169148973,0.009626922676005867,-0.00041941139101761506,0.008185192320371907,0.007956678464870493,0.009326643540529745,-0.0006555904014021507,20480,0.008147431456272825,0.00959116959452611,-2.3528724070082957e-05,8048,0.008450955835272903,0.009886744167479193,-0.0003313784134096828,18753
0.25,1,1,1,Ecal,context_0,0.010810310997984629,0.01209888196658367,0.011824669885751737,0.007234075401500789,0.007218120501660639,0.00010746556470126428,0.0056978478850580015,0.005469976974636853,0.006958139165239361,-0.00042480376278526677,15560,0.005844999080540182,0.00742102962446037,0.0005172664343768724,6158,0.005882687822339081,0.007454124682400139,0.0005107258574343195,14280
0.25,1,1,1,Ecal,context_1,0.03197211995217154,0.03168076182339456,0.03379447662102278,0.016861448744268388,0.016870274439967733,-0.0015933171907136238,0.01587325095936232,0.015379703122122985,0.0163897773204324,-0.0006948645582528618,4920,0.01669296401321257,0.017671091179702204,-0.002701260719113249,1890,0.01606976285013821,0.017038153238411725,-0.0021134096751830307,4473
0.25,1,1,1,Ecal,pooled,0.009070880344912205,0.007599657353348535,0.00773346288866723,0.009531523708991045,0.009536899670433632,-0.0002984042736978005,0.008126076409991393,0.007850633842099341,0.009223942862678313,-0.0004896816491964274,20480,0.008392545517263693,0.00982816386146423,-0.00023857555370666752,8048,0.00831252766659576,0.009740124774707494,-0.00011518776904663861,18753
0.25,1,1,2,Ecal,context_0,0.009482337386386005,0.010275012117508597,0.010019661177212178,0.007241869408204222,0.007238289215197644,0.0001679672918337452,0.005693931364156755,0.0055528227364342745,0.007034260851196684,-0.00016247171161643643,15560,0.005729999289778039,0.007331177086349167,0.0004548658563907598,6158,0.005832134722797226,0.00742957476289755,0.00040430549443477674,14280
0.25,1,1,2,Ecal,context_1,0.037877992271066814,0.028526466745327828,0.03107618033217381,0.017467129027535454,0.017464019462560747,-0.0021313557839267886,0.016519458506028196,0.016229704369192684,0.017189678981106602,-0.0010009384131043908,4920,0.016453272587171306,0.017359358910132426,-0.0021791092519249235,1890,0.016866134504210675,0.01781784213961273,-0.0033545615540876927,4473
0.25,1,1,2,Ecal,pooled,0.00815678599445393,0.006860474626305861,0.00696317966332916,0.009681995553694256,0.009694861130091515,-0.0003807364636664791,0.008277303601244283,0.008117776722428971,0.009473941378499263,-0.0003639002356067067,20480,0.008248263023882572,0.009686204875483159,-0.0001636993715809899,8048,0.008463984614668518,0.009907403375708675,-0.0004922663771612882,18753
0.25,1,1,3,Ecal,context_0,0.010947959639383572,0.00992328635057937,0.009624967252520628,0.007224422046913714,0.007209244781688012,4.8434631396574514e-05,0.0056910751131555954,0.005499145881318341,0.0069958699094867785,-0.0003857719206794675,15560,0.00579542029478423,0.007374906364832734,0.00034061903100716056,6158,0.005855211052855774,0.007408566922867339,0.0003955622516697695,14280
0.25,1,1,3,Ecal,context_1,0.031175674718796113,0.028407229256105164,0.030662927327625655,0.017149699134471307,0.01711750424872341,-0.001858525619017764,0.016193160670180066,0.01574424261726984,0.016696670779315245,-0.0008361439303896292,4920,0.016581506867493902,0.017574319322242415,-0.003002102765693236,1890,0.016522850477333012,0.017468582960199097,-0.002499875295036942,4473
0.25,1,1,3,Ecal,pooled,0.008270007222479453,0.007066340205404042,0.007093238495059461,0.009592961235571152,0.009589549302089093,-0.00040663680333249177,0.00819726219337613,0.00796037029249419,0.009326335743449477,-0.0004939667589496822,20480,0.008328435158405164,0.009770146236789033,-0.0004443889456036432,8048,0.00839967599956759,0.009808100423373123,-0.00029506282945960285,18753
0.25,1,1,4,Ecal,context_0,0.008608588829242732,0.009345111665845403,0.009136311917602571,0.007252763856180606,0.007247016739694879,-3.0445623663744865e-06,0.005716459659643356,0.005564142646301528,0.007034031523621742,-0.0006075558858351413,15560,0.0058612103025589566,0.00744209821496586,0.00030298139046987726,6158,0.005820008557999418,0.007409455320691555,0.0005236843154773492,14280
0.25,1,1,4,Ecal,context_1,0.03360906940401076,0.030767420608381207,0.03313750373679132,0.01698195554728878,0.016968828832523427,-0.0019744170781284065,0.016033713487348774,0.015549493275158774,0.016535506249742385,-0.0009237369053005203,4920,0.016801982325693916,0.017700913691740462,-0.0034154950823418045,1890,0.016241702608632582,0.01716923470018719,-0.002521188601121896,4473
0.25,1,1,4,Ecal,pooled,0.006369951947421316,0.005183716445862428,0.005354690567755931,0.009574509797484164,0.009582530191682988,-0.00047348715231462026,0.008178539034825781,0.007962967113780906,0.00931661236602963,-0.0006835134354332695,20480,0.008430551644970124,0.009851288231256118,-0.0005702691728519516,8048,0.008305810162461751,0.009737375822183795,-0.00020258436451776754,18753
0.25,1,1,0,Ucal,context_0,0.007820393263188927,0.011125741393006369,0.01095077164865438,0.0072304829298708495,0.0072243238169834734,3.078133112040153e-05,0.005686069460926907,0.005515391751645004,0.006997876192760597,-0.000484788170261524,15560,0.005776501937335906,0.007356362249504094,0.0005534737110476712,6158,0.005833048590247621,0.007429656317765388,0.00036716240716456365,14280
0.25,1,1,0,Ucal,context_1,0.03735894340705222,0.03182449746358548,0.03421715941892569,0.016825761039404606,0.01692210202658404,-0.001694890628959665,0.015848933780592437,0.015583821944892407,0.016593421022578075,-0.001193018095582966,4920,0.015472766742228515,0.016458319207880073,-0.001339188398468116,1890,0.016299482838082253,0.017236576586994123,-0.0023972134726534693,4473
0.25,1,1,0,Ucal,pooled,0.010702013173893707,0.007794725441643103,0.008180513513376847,0.00952027212447057,0.009554063504055483,-0.0003810279945195678,0.008111305774007978,0.007934174786350922,0.00930305590773628,-0.0006549293437274172,20480,0.008053582017013719,0.009493874507373204,0.0001089991351300721,8048,0.008329521708712097,0.009768820950851301,-0.0002922016044829627,18753
0.25,1,1,1,Ucal,context_0,0.011294467885644463,0.01207029806044093,0.011794869491950133,0.007238743061458008,0.007223976710782583,5.463918559143521e-05,0.005702587755654539,0.005471845430377056,0.006961441705185037,-0.0004471439743716184,15560,0.005827402918030589,0.007402854106015731,0.00039081534140293536,6158,0.0059001885127557925,0.0074701305468376274,0.00045643002603526543,14280
0.25,1,1,1,Ucal,context_1,0.028955063854163604,0.030407914351736925,0.03238697051379001,0.01676614432777304,0.01678095950210297,-0.0015477829297563237,0.015779005417235932,0.015292408349128758,0.016304540440413677,-0.0006719118907926528,4920,0.01658257872713779,0.017549386401026306,-0.002157847253142526,1890,0.015974691538267187,0.016942930289624014,-0.0022534086709817516,4473
0.25,1,1,1,Ucal,pooled,0.008172991345955321,0.00694225017463944,0.0071451993764299095,0.009512334324075814,0.009519892498541193,-0.00032775815641632194,0.008107194690271465,0.007831082225311547,0.009205975190405979,-0.0005011409542930778,20480,0.008353158668429771,0.009785675432751564,-0.00020771501442347145,8048,0.008303177476287626,0.009729600138342107,-0.0001899256766126905,18753
0.25,1,1,2,Ucal,context_0,0.010111295802631634,0.010614157105330393,0.010383788323959427,0.007236918754340456,0.007233047254666937,0.00012082122539495705,0.005687441474953832,0.00555845131968318,0.007038893782739302,-0.00022176710079522242,15560,0.005701344181971334,0.007309968523187675,0.00039850033701104985,6158,0.005821998473987276,0.007421192429519222,0.0003743734933352437,14280
0.25,1,1,2,Ucal,context_1,0.027775078652361136,0.02623892443918093,0.028306252825522977,0.017195149746258225,0.01721087070972557,-0.0017845369786285586,0.016255393802596673,0.016203355343966948,0.017155262572800634,-0.0009176505244965475,4920,0.015886778632799785,0.016809835933732784,-0.0013908951016014847,1890,0.016468385505564336,0.017401831615045264,-0.0029043814905692395,4473
0.25,1,1,2,Ucal,pooled,0.00820231645134038,0.007248032322603144,0.007290199789499929,0.009613321966662704,0.009630063436253288,-0.0003338679016539067,0.008209346809290969,0.008115723184891977,0.009469193316289194,-0.0003889422201609705,20480,0.008093301328102768,0.009540926451359923,-2.1722995366893752e-05,8048,0.00836139426091439,0.009801792817556228,-0.00040768116687937546,18753
0.25,1,1,3,Ucal,context_0,0.009638082016092418,0.009168579622700651,0.008898830235567127,0.007226894933661054,0.007212501161324884,2.4278051652400466e-05,0.005695917529099365,0.005499384441152023,0.006992363659666485,-0.00040172636700473285,15560,0.00580719976857445,0.007387411779634529,0.00031189810086589773,6158,0.005862078510736134,0.0074132285391127935,0.00036443662947090736,14280
0.25,1,1,3,Ucal,context_1,0.026463362639628393,0.026210086197121143,0.02818960976416941,0.01710571505118483,0.017084510156035505,-0.0015913075007657406,0.016157519318930048,0.01572464459340989,0.016670318737950714,-0.0005817965733084252,4920,0.016519134730179474,0.017503520281321405,-0.002727036467856831,1890,0.01648085724030222,0.017416535077152576,-0.002221816334945895,4473
0.25,1,1,3,Ucal,pooled,0.0072927310664231745,0.006680146805275009,0.006701887394390019,0.009584347766427298,0.009584097072163568,-0.00036126057460199106,0.008192443681140556,0.007955843423042097,0.009317341149176173,-0.00044498542047222145,20480,0.008322800797082587,0.009763088353713579,-0.00040176819323026994,8048,0.008394889114764775,0.00979923558570011,-0.00025244117727128625,18753
0.25,1,1,4,Ucal,context_0,0.008270589727324995,0.009261972056186323,0.009036604017871753,0.007256086549164489,0.007250187134103826,-2.9427769688428974e-05,0.005722088414536753,0.0055397109794107224,0.007012963855572064,-0.0006086350950127549,15560,0.005904635693968678,0.007468430926502579,0.0002739905927496012,6158,0.005842093088473676,0.007429431957893494,0.00047085344222705573,14280
0.25,1,1,4,Ucal,context_1,0.02506949594937203,0.027404584207829763,0.02948070803770466,0.016877303984616714,0.016846429896157627,-0.0017140665911464924,0.015934568109819677,0.015554554254286052,0.016532944603759238,-0.0009112899157604793,4920,0.016677609870515805,0.01756634219147994,-0.0029100625209076696,1890,0.016038596556390155,0.016964933303384274,-0.0020917166997202817,4473
0.25,1,1,4,Ucal,pooled,0.005242024344395862,0.004519642418455899,0.004648495383830784,0.009552065828879543,0.009555534516394095,-0.0004314450667530285,0.008159164796209671,0.00794562059427335,0.009299990480624843,-0.0006813431867158215,20480,0.008434571229961977,0.009839834044147611,-0.0004737554789219,8048,0.008274181821582533,0.009703857250826904,-0.00014037549420607183,18753
0.25,1,2,0,Ecal,context_0,0.010878094936472613,0.00941050397719973,0.009700828103195017,0.00936961628552042,0.009360617544346531,2.8858849727218293e-05,0.006892221214235801,0.006805343615551879,0.009174489173793245,-4.846157340035368e-05,15590,0.006930466093165346,0.009490457315180924,4.1919226455590516e-05,6328,0.00696989792463425,0.009528637976473218,0.00010725975278019697,14321
0.25,1,2,0,Ecal,context_1,0.028804971798237117,0.028880701583807553,0.02767284446523497,0.013712692609648395,0.013721015659790007,-0.0005979128771474156,0.01167172284797335,0.010978974942079838,0.013004602222481518,-0.0002813065032225201,4890,0.01165409294624569,0.013793659137423643,-0.0011203726094072212,1864,0.012449263060894384,0.014465509246491533,-0.0007284744201254698,4399
0.25,1,2,0,Ecal,pooled,0.005541803835405777,0.004718907790416666,0.00483900329342135,0.01039169448949998,0.010401747758434353,-0.00011864252328579637,0.008017005602340858,0.007801879610997276,0.010089003471063052,-0.00010405784814793151,20480,0.008005275718915073,0.010469603823562323,-0.00022254756822803756,8192,0.008257490191429568,0.010688749980576347,-8.912884906873617e-05,18720
0.25,1,2,1,Ecal,context_0,0.009689829579964086,0.011038952840215877,0.011227305670639986,0.00933684301338476,0.009335782723182529,7.622445778784372e-05,0.006828863073598142,0.006823125587462079,0.009229587507770217,3.451626195863243e-05,15590,0.0067663671661936,0.009334829619434555,0.000167842007179741,6328,0.006862723943014883,0.009454492206139985,8.114554712695954e-05,14321
0.25,1,2,1,Ecal,context_1,0.035685742174245305,0.029822402293560906,0.02891533077537167,0.013533878125204245,0.013511758634596875,-0.000828831636720224,0.011463359619904065,0.011269887929481354,0.013335786363493711,-0.0003159015468018918,4890,0.011613513592854462,0.013674564625151793,-0.001429253187861949,1864,0.011614800756659582,0.013694466685982213,-0.0011445948484439042,4399
0.25,1,2,1,Ecal,pooled,0.01153446169297749,0.007817958316976034,0.00795933461274579,0.010324552597325566,0.010332878534062223,-0.00013676698849103203,0.007919522678192799,0.007884876947446173,0.010210022683770604,-4.915283398077008e-05,20480,0.007869282319916238,0.010322288854133888,-0.0001955595362232998,8192,0.007979411224169959,0.01045084091003026,-0.00020689035031514673,18720
0.25,1,2,2,Ecal,context_0,0.012342913684763398,0.010099512075743508,0.010315663520369093,0.009316440469311994,0.009314430332771156,3.3039194325243634e-05,0.006844490257059259,0.006755486000484576,0.009151838646672673,-6.426162014143676e-05,15590,0.006922038316764361,0.009446756968758697,0.00011142919030789328,6328,0.006907115230048954,0.009438045078378978,0.00010432386738978803,14321
0.25,1,2,2,Ecal,context_1,0.026519269109752264,0.026884141037520782,0.02598627762829938,0.013654017777185064,0.0136565542280094,-0.0005650872126319189,0.011626007403795264,0.011139697444402368,0.013173901925807635,0.00026964356623788066,4890,0.012111984753917279,0.014043855121142637,-0.0015556679253142663,1864,0.011960672991611547,0.014022535554884247,-0.0010732461260743887,4399
0.25,1,2,2,Ecal,pooled,0.005936472153429082,0.004537218484499278,0.004569058084534199,0.010337224561874206,0.010351197219866614,-0.00010772093010067708,0.007969748966072313,0.007802302111849712,0.010112184810489566,1.546476469229674e-05,20480,0.008102953863499351,0.01049277637257262,-0.000267900524477227,8192,0.008094647313014437,0.010515351360758608,-0.00017239250019829497,18720
0.25,1,2,3,Ecal,context_0,0.01065274521766708,0.00914035697945213,0.009362309884739477,0.009330358635964743,0.009323922768993676,0.0001283078488743645,0.0068416000052967055,0.00670631235301724,0.00913424779608878,0.00016096010493536344,15590,0.006898806111324301,0.009387702311016207,5.114195790664586e-05,6328,0.006963598068287715,0.009518508710536394,0.00012685942251117408,14321
0.25,1,2,3,Ecal,context_1,0.02147570552954837,0.026742962857164074,0.02568533967135046,0.01350742416679204,0.01351511943449586,-0.0006100994210042601,0.011424559727912365,0.010547901022653638,0.012706134246342295,-0.00027115283751048927,4890,0.012241779269986335,0.014117975918284583,-0.0007453983311857149,1864,0.012052785197857647,0.014139440362795032,-0.000929547392067299,4399
0.25,1,2,3,Ecal,pooled,0.008046691180301047,0.00640114389923443,0.006443319489371592,0.010313368677012111,0.010324652832192197,-4.5465283320020635e-05,0.007920131187486367,0.007623566678921634,0.009987105449494039,5.7784700220508964e-05,20480,0.008114541214808924,0.010464024332982547,-0.00013010207271690888,8192,0.008159502672079282,0.010604378279889264,-0.00012138489251717543,18720
0.25,1,2,4,Ecal,context_0,0.009539648135712987,0.009762580596187564,0.009971105179376202,0.009309267722992674,0.009299572482296795,0.00012506616630710517,0.006822268091512866,0.006756998440388153,0.009146446560753236,-2.8542987882823344e-07,15590,0.006913228608625464,0.00947545083989089,0.00015351196572033855,6328,0.006853128765260913,0.009413085553841141,0.00024895600401758357,14321
0.25,1,2,4,Ecal,context_1,0.02627342690969897,0.02505834902573146,0.023685679926160483,0.013839518799969823,0.01382134675062497,-0.000504428458337526,0.011877021646665039,0.011387991371177944,0.01334804817600888,-0.00018477216134407768,4890,0.012179253043311092,0.01414169255028156,-0.0003861758754041062,1864,0.012292570344956389,0.014257804655979811,-0.0009098710832263318,4399
0.25,1,2,4,Ecal,pooled,0.005866078544632241,0.004316008035611714,0.004351648521741113,0.010375394711968158,0.010379234404763824,-2.3076000064045473e-05,0.008011828911917412,0.007862738451694894,0.010149661008927068,-4.4335240272630474e-05,20480,0.008111454871595924,0.01053720310407158,3.071190030823345e-05,8192,0.008131339422797259,0.010551542783024262,-2.3355980853462574e-05,18720
0.25,1,2,0,Ucal,context_0,0.009401884219242377,0.008923043451357637,0.009193078750978271,0.009372103803421046,0.00936545801516448,-4.490628651858277e-05,0.0068829798483824554,0.006788304306667076,0.009155628267547797,-0.00015707607449745047,15590,0.006874043211887218,0.00947375581417827,7.776887063054761e-05,6328,0.00698999351579986,0.009562844651140635,2.299669512731138e-05,14321
0.25,1,2,0,Ucal,context_1,0.032805425757739134,0.02951616971092979,0.02835953300045247,0.01371968694615956,0.013718030169623727,-0.0007561883217514251,0.011670364549612823,0.011127741622656645,0.013143768351192249,-0.00037894589495073797,4890,0.011605124331035456,0.013754670209735491,-0.0012794006016313261,1864,0.012301197438961296,0.01434506387866345,-0.0009538350090347222,4399
0.25,1,2,0,Ucal,pooled,0.008400854419973222,0.006179123142848801,0.0063943869224722776,0.010395242619908273,0.010404719628216517,-0.00021229589951132186,0.008009619398788057,0.007824429720494663,0.01010787460587892,-0.0002100518275256036,20480,0.007950548974349658,0.010447831062386115,-0.00023104019874153892,8192,0.008238069694111139,0.010686615077522733,-0.00020654831911461093,18720
0.25,1,2,1,Ucal,context_0,0.009942260676462814,0.011067777160431487,0.011211502098963126,0.009340553938662465,0.009342515119926146,8.661699755495953e-05,0.006832812774010804,0.006841348297296617,0.009250928568905411,4.403372393769282e-05,15590,0.006793722088240303,0.00935984677285961,0.00014809840541290574,6328,0.0068407938543494605,0.00942959621641632,0.00010580692051900565,14321
0.25,1,2,1,Ucal,context_1,0.0362929232706023,0.02903677930617977,0.028252281965442216,0.013562228613426758,0.013543917741322471,-0.0009663370976939839,0.01150186141986441,0.011305313429781874,0.013361214138310333,-0.0004468733810482581,4890,0.011745576437986396,0.013781530523456357,-0.0015294723594441307,1864,0.011617077350240455,0.013692754192654796,-0.0013051626140602776,4399
0.25,1,2,1,Ucal,pooled,0.01086490985301389,0.0073042694999571,0.007471219927862639,0.010334062076062156,0.01034568205442947,-0.0001611800362125849,0.007931603699635493,0.007907207159496466,0.010232339527615864,-7.317993540709722e-05,20480,0.007920462384618077,0.010365952548141877,-0.00023361447370007227,8192,0.007963169447214017,0.010431392794272788,-0.00022575584564628638,18720
0.25,1,2,2,Ucal,context_0,0.012855325361952784,0.011599915671502738,0.011813971417614009,0.009316927113101399,0.009316116495586375,2.99306630022449e-05,0.006844611815484655,0.006775546339630239,0.009176285427792214,-7.188748030650302e-05,15590,0.006950168244013216,0.009467766514666777,0.00012610430974047043,6328,0.00687315519156465,0.009403380024271324,9.827491393611048e-05,14321
0.25,1,2,2,Ucal,context_1,0.027149927274010333,0.025899084879795534,0.025075809245574565,0.013750533107261079,0.01374993560455482,-0.0007012267601612405,0.011740012448102351,0.011144047655576578,0.013177275137534434,0.00010233593224747781,4890,0.012314339667007072,0.014226273251473834,-0.0019743442345538493,1864,0.01215913540773241,0.014186189357124847,-0.0010550186659604697,4399
0.25,1,2,2,Ucal,pooled,0.0059975077994949,0.00541572207142763,0.005441459607685862,0.01036031012400752,0.010374777405882064,-0.00014213632595248062,0.007996671303490757,0.007818611351103755,0.010131599865323438,-3.0288237758213656e-05,20480,0.00817072678069053,0.010550512676459789,-0.0003518297828577488,8192,0.008115304068216466,0.010527289119101594,-0.00017273675582698013,18720
0.25,1,2,3,Ucal,context_0,0.010517740254770721,0.008878856333424083,0.009089125209833617,0.009329115023582442,0.009324056556660638,0.00013432769204706457,0.006835607222417269,0.006702789116825256,0.009135273406038633,0.00015848515587521333,15590,0.0069119898854329825,0.00939490949716207,0.00013505871609022886,6328,0.006946443391303245,0.009511060655081364,0.00010770659147964727,14321
0.25,1,2,3,Ucal,context_1,0.02126579954756657,0.025701147316750265,0.024594316334492734,0.01351913364530757,0.013512795024126688,-0.0006264568981470297,0.011441019419565667,0.010593927808959182,0.012750648250441489,-0.00027075266400790164,4890,0.01218650240427115,0.014056460371773336,-0.0007840502075850964,1864,0.01206677474858924,0.014145711631841544,-0.0009550860811767591,4399
0.25,1,2,3,Ucal,pooled,0.008052823522195553,0.006452348284604409,0.006492383293928866,0.01031517338128206,0.010324199677066352,-4.471160856136583e-05,0.007919422259444532,0.007631874478374811,0.009998514762929744,5.599624282695004e-05,20480,0.008112147519113933,0.010455594412967173,-7.40744667382387e-05,8192,0.008149666555870612,0.010600154119118119,-0.0001420383319720371,18720
0.25,1,2,4,Ucal,context_0,0.008436071374458561,0.00980465215914026,0.010060848754194742,0.009313109300512419,0.009300635889436557,0.00010893858566038517,0.0068268091023747915,0.006752705799130157,0.009143450740555144,1.2057662641030998e-05,15590,0.006919520300743553,0.009478529057478445,4.110217574800161e-05,6328,0.006866512617094874,0.009424707703393006,0.0002443790152251708,14321
0.25,1,2,4,Ucal,context_1,0.0289779096401743,0.02600863252204562,0.024576948615653283,0.013887450012718487,0.013857737552229597,-0.0004717116014918201,0.011916237879846114,0.011467333246167208,0.013432165621391807,-0.0002463801392565476,4890,0.01219494667807554,0.014164330813818403,-0.00016237128038327069,1864,0.012297149554951864,0.014276228112363227,-0.0008532713216274915,4399
0.25,1,2,4,Ucal,pooled,0.006396191549924117,0.00452132009641611,0.004561457826784055,0.01038961212721807,0.010388732917320247,-2.770877122070331e-05,0.008024530218916352,0.007878415184677579,0.010167465182317415,-4.9649410175334194e-05,20480,0.008119885872929444,0.010544731996176893,-5.195983703742968e-06,8192,0.008142654277865863,0.010564763167018007,-1.355708690169148e-05,18720
0.25,1,3,0,Ecal,context_0,0.008708576999877312,0.010646735241151704,0.009848130385219799,0.02468648880378259,0.024735282841501817,0.00048228483179190205,0.01606226699371886,0.017262189353987174,0.02569940201837279,-0.0033998983248647433,15580,0.01501886938363411,0.02391959974877363,0.0034048107107778843,6124,0.015195838081676797,0.023905981881487105,0.0034809374932339788,14202
0.25,1,3,0,Ecal,context_1,0.02458527181661477,0.023499277163738883,0.02457284844501973,0.025300204942874237,0.025333029094672135,0.0002669308007116687,0.01756688592360233,0.019523925149471176,0.02700348521922525,-0.0022106922721984437,4900,0.01565195544833801,0.023535817729544606,0.002424506827653772,1810,0.016183676516209305,0.024136316870140253,0.0021271387176970634,4427
0.25,1,3,0,Ecal,pooled,0.005150738370124407,0.00495371134972931,0.00403351403671758,0.024831780486733585,0.02487829830246542,0.00043130173453746333,0.016418471764292848,0.01780332731286762,0.02601141411232675,-0.0031153714860920447,20480,0.01516329663056051,0.023832046754722138,0.003181171937340193,7934,0.015430588242698615,0.02396071874308824,0.0031592204295535923,18629
0.25,1,3,1,Ecal,context_0,0.00754541309229451,0.010102741681971318,0.00933127399687723,0.02465126725158608,0.02467786741578559,0.0008006283547236435,0.016091152543184092,0.017063020214926217,0.025369205228831626,-0.0032800154956547835,15580,0.015391881242491776,0.02417191770119738,0.00437945748693331,6124,0.015326516514434443,0.024070367586827228,0.0037339955975939365,14202
0.25,1,3,1,Ecal,context_1,0.029867089251926184,0.029154466928545564,0.030220195795516124,0.02545171115470892,0.02554462177774486,5.792361547250749e-05,0.01768831746254504,0.01976921670366915,0.02738164985368304,-0.002939859186964376,4900,0.016070994469259983,0.024023759279908866,0.001307030921565235,1810,0.01604633606122085,0.023899394296433545,0.00286529915374061,4427
0.25,1,3,1,Ecal,pooled,0.004171204309148623,0.003835133732950291,0.0032313829098827357,0.02484076502488028,0.0248852451684028,0.0006247998004001544,0.01646926673035164,0.017710498867018032,0.025850698327550957,-0.003198630441329442,20480,0.015546808762084726,0.024138118010936196,0.0036785383940021008,7934,0.015497574603093171,0.02402973745334863,0.003527558367633194,18629
0.25,1,3,2,Ecal,context_0,0.012365633657850397,0.00873172668963973,0.007843585851962645,0.02460333935809904,0.02467521684635416,0.00023968266162913216,0.0158810393773453,0.016918456596734816,0.025446052779921777,-0.0036782924695578866,15580,0.015112043772036347,0.023919588799612257,0.003639006815062365,6124,0.015074559220242308,0.023973696583009244,0.003072001449706067,14202
0.25,1,3,2,Ecal,context_1,0.03265164670981258,0.029010891729795308,0.030005802312496815,0.025574315617560208,0.02569058224638654,0.00024970431712678404,0.01756650779208643,0.01966230452174739,0.027616244456041793,-0.002827989663928747,4900,0.01587211740568527,0.023929606244104364,0.0029194804021666723,1810,0.015939546559659817,0.02398666543852143,0.0025646819076508196,4427
0.25,1,3,2,Ecal,pooled,0.015669834843068997,0.011343435145303723,0.01112400897255889,0.02483320910708654,0.024918150950854097,0.00024205519691126445,0.016280058609430242,0.01757494364910599,0.025965288093055962,-0.0034748508803204457,20480,0.015285440958437225,0.0239218741001581,0.003474859750865087,7934,0.015280115017740903,0.02397677850492413,0.0029514419128184952,18629
0.25,1,3,3,Ecal,context_0,0.009642551336582216,0.008685755420588574,0.007836234415602859,0.02456917997762427,0.02458434287823351,0.00020018649768252988,0.015928910992384315,0.01698836192981231,0.02539463724149122,-0.0037924429291766016,15580,0.015317695913684282,0.02413666946719366,0.0030460298453122473,6124,0.01503022316931931,0.023850131265811137,0.0033530679094260084,14202
0.25,1,3,3,Ecal,context_1,0.026836501967443922,0.025734961082116994,0.02657216203743134,0.025533886795145157,0.025715877443629832,8.319026546460289e-05,0.01778562017981974,0.019829946053879603,0.027434849885401638,-0.002600154314114123,4900,0.016134995191219102,0.02380502175728505,0.00209608300697079,1810,0.016197735482840713,0.024136671203609135,0.0022302543218932357,4427
0.25,1,3,3,Ecal,pooled,0.006664997514721303,0.006208543654152894,0.0060466029753826174,0.02479756549357202,0.02485507136311837,0.0001724887097393491,0.016368469911255738,0.01766823313137138,0.025882774055708067,-0.0035071785632680985,20480,0.015504148105811586,0.024061009982074607,0.002829316487939165,7934,0.015307671073767175,0.023918224684922832,0.003086242220875491,18629
0.25,1,3,4,Ecal,context_0,0.0097005712671848,0.008546519574053547,0.0076942145069532585,0.024548831124010802,0.024531044598534855,0.00034743814889397825,0.01593702940570872,0.016923318529293536,0.0252796643258221,-0.00362814657667482,15580,0.015260458614246507,0.02415435117397033,0.0034277881967094814,6124,0.015146784016429967,0.023917188674343705,0.0033805001353423474,14202
0.25,1,3,4,Ecal,context_1,0.028074393298913702,0.0277255355683401,0.028625666703471508,0.025267090611265274,0.02531913956862955,7.44436629958798e-05,0.017448649715033116,0.019425902897682118,0.02707577491909674,-0.0034356352036856875,4900,0.016455990189264493,0.02396053641191002,0.003913021548676886,1810,0.015665991740481753,0.023799349475611062,0.0023901338535667086,4427
0.25,1,3,4,Ecal,pooled,0.005138611926688786,0.005815882548388548,0.005547840235773132,0.024718872488497613,0.024719602477121967,0.0002828092011345428,0.01629489168883152,0.01752208139087088,0.025709397817377067,-0.0035820867266920684,20480,0.015533197730805942,0.024110135807278978,0.003538485495305524,7934,0.015270168663720602,0.023889185339071313,0.003145149256099191,18629
0.25,1,3,0,Ucal,context_0,0.009938605442276614,0.010780862000831698,0.009971114933557065,0.02480031288275254,0.024871868339994774,0.00010785777618750512,0.01623114956141229,0.017624521798505634,0.02583454155908008,-0.0037255149657463844,15580,0.015063483305129445,0.02394012176473689,0.0029542130320183908,6124,0.01520608609848888,0.02403665478034054,0.0030858093134795523,14202
0.25,1,3,0,Ucal,context_1,0.02507738500167715,0.02401283348137083,0.02525530349770182,0.02515327792731856,0.02518584628320725,-6.828464308760801e-06,0.017354566525459515,0.019227937993650534,0.026780429451425836,-0.0022096923883168063,4900,0.01580549503228941,0.023730511908793762,0.0015969548436159586,1810,0.015914381119654656,0.02393397908507872,0.001775684623627919,4427
0.25,1,3,0,Ucal,pooled,0.00650652861857014,0.005053345556741894,0.004085326089713206,0.02488387412887485,0.024946990015861044,8.07068576575025e-05,0.016497108253004957,0.018008151649883074,0.026060852627072962,-0.0033628425717324717,20480,0.015232759991058302,0.023892303030270408,0.0026445788851809315,7934,0.015374405496132388,0.02401225490364699,0.0027744709699306135,18629
0.25,1,3,1,Ucal,context_0,0.005452364716628806,0.010423195522987629,0.009532900354492425,0.024742636010015886,0.024779990111863985,0.00031480519871376276,0.01614910656791613,0.01726500447050445,0.025512192806757122,-0.003730768081044661,15580,0.015477899864685838,0.024308900566141874,0.004142351026368795,6124,0.015214363611167526,0.024085439908414424,0.0031024506747084693,14202
0.25,1,3,1,Ucal,context_1,0.028017736932740803,0.028454189789095363,0.029645833631302524,0.02520733874740421,0.025275668270930758,-0.0001139216948876938,0.017419354888772186,0.019321495773156686,0.026989993052414563,-0.002552953749058806,4900,0.015881951186209095,0.02383597639964338,0.0012513455147571985,1810,0.01594255578512528,0.023794905893303554,0.002027511197811921,4427
0.25,1,3,1,Ucal,pooled,0.00442894820214426,0.004523170176594785,0.00433879651537684,0.024852650132973473,0.02489858498390633,0.00021330802774168568,0.016449826240330177,0.0177570360810023,0.025865768060845083,-0.0034489668004425767,20480,0.015570076937027293,0.024201011387749854,0.003482819897553949,7934,0.015387411372942769,0.02401639733581816,0.002847001801219768,18629
0.25,1,3,2,Ucal,context_0,0.013882862987445286,0.010787092532130772,0.009966561410865825,0.02471038404067916,0.024777246558434246,-0.000280932310360863,0.016031429875410282,0.01722179665582898,0.025565424842586015,-0.004271501199185695,15580,0.015172941290246047,0.0240309750796793,0.0033423180207074817,6124,0.01509574966534286,0.024065345650554834,0.00253446539844271,14202
0.25,1,3,2,Ucal,context_1,0.033415391838505185,0.031020744524580902,0.03233967035098176,0.02543329312684501,0.025530395260834376,-0.00012318056474481696,0.017315409584189163,0.019192984504435136,0.027263440800657287,-0.0030907923435526236,4900,0.015698562207431096,0.023856779590595734,0.0021586175771296356,1810,0.015898282103440766,0.024052169544041987,0.0022285797874949604,4427
0.25,1,3,2,Ucal,pooled,0.013086494232183504,0.009762929727586984,0.0100525268610546,0.02488152615518353,0.024957443269457716,-0.0002435860273660305,0.016335400328329322,0.017693418748513066,0.02597168842630424,-0.003989007381187548,20480,0.015292852288494715,0.023991235498731323,0.003072277964887479,7934,0.015286463665206482,0.024062214477462755,0.002461774668952899,18629
0.25,1,3,3,Ucal,context_0,0.011116506169948626,0.008943609294770744,0.007981485389670587,0.024752995293531137,0.024771005174434,-0.00012078509440211169,0.0161125559934778,0.017293191143336665,0.025552810912897878,-0.0042335631278019505,15580,0.01562680477905437,0.024447693350188954,0.002716232953771978,6124,0.015026824744521874,0.024007222990425493,0.0031677083032426827,14202
0.25,1,3,3,Ucal,context_1,0.02260785325970986,0.023704995581336943,0.02509295724471031,0.025292154080460462,0.025393363344110305,-0.000580057255101555,0.017485786643980747,0.0194795752240687,0.027158619139737886,-0.0030558397575300568,4900,0.01604611839975606,0.023715900192027576,0.0015252207513919193,1810,0.01586758819799378,0.023870726645991103,0.0012994957311524477,4427
0.25,1,3,3,Ucal,pooled,0.00990195259785287,0.006341847853838219,0.006486372635168156,0.02488063620525088,0.024919909228702256,-0.00022951357799605129,0.016437655790570913,0.017816300615777436,0.025937013076546122,-0.00395178361050057,20480,0.01572246367160164,0.024280747847759902,0.002444524851136749,7934,0.015226623971990882,0.02397478596660183,0.002723745822344971,18629
0.25,1,3,4,Ucal,context_0,0.012747089601542052,0.010289915588617441,0.009448049184611196,0.024591550956273703,0.02458762203118202,-0.000315730788205013,0.01599210992663815,0.017240293994450293,0.025470155243258515,-0.0042063266086716095,15580,0.014828029934835153,0.023873092544254904,0.0027115393447027262,6124,0.01512477561409684,0.023937501141034982,0.002646984363811786,14202
0.25,1,3,4,Ucal,context_1,0.025720987581678394,0.0258090089388816,0.02716763383869531,0.02499935937496557,0.025088708723106118,-0.0003943885103318982,0.017121562773047876,0.01928139787053271,0.026904056055449918,-0.003502015696876511,4900,0.01561373713019803,0.023382056804353922,0.002610577297144832,1810,0.015347443151607292,0.023552398434923502,0.0018166765681717663,4427
0.25,1,3,4,Ucal,pooled,0.006654370848591182,0.005139641286829615,0.005004462858199446,0.02468809586962896,0.02470751093696464,-0.0003343522845238515,0.016259497558176638,0.017728644042927046,0.025813227214925405,-0.004037814720595634,20480,0.015007274959237323,0.023761071534774088,0.0026885066618088783,7934,0.015177690380780975,0.023845985242170013,0.00244966982136193,18629
0.25,1,4,0,Ecal,context_0,0.011878734091317386,0.012604852679712309,0.013036180800149042,0.008633506725954296,0.008619742005217054,0.0001501847507718684,0.006770231337229953,0.006639612885221906,0.0084070488158942,-5.680980821539761e-05,15590,0.006882962512621737,0.008818431650030581,0.0002442343595802136,5888,0.006867171834870932,0.008805951168702775,0.0003389891209920775,14159
0.25,1,4,0,Ecal,context_1,0.027612614094246646,0.025016135446269662,0.025702367505273816,0.01443696334008134,0.014398460032870852,-0.00032333871270301986,0.012807582153683597,0.012306610569510235,0.013909950727920176,0.00029422473809957993,4890,0.013651508496982703,0.01524455323390319,-0.0010804089436395358,1994,0.012978207719438731,0.014652037294516786,-0.0006593314232563681,4495
0.25,1,4,0,Ecal,pooled,0.009184433282440372,0.0062021360414833355,0.005912953153339053,0.01003808246213244,0.009999523799905877,3.5580711915292906e-05,0.008231415081921675,0.007992719265894265,0.00972097412594337,2.700654586078599e-05,20480,0.008595279271415922,0.010444121378302845,-9.087585947842382e-05,7882,0.00833973033712955,0.010214665499974029,9.842672974104486e-05,18654
0.25,1,4,1,Ecal,context_0,0.009904860271022985,0.007193132082967822,0.007768949022522368,0.008600939780381497,0.008605097189687954,9.652024178532106e-05,0.0067259229406663006,0.006603382872399648,0.008422761323977223,-0.00013718907413687594,15590,0.006833142903380339,0.00874951189914851,0.000314994602535001,5888,0.0068162604308716025,0.008735342598380116,0.00026299747881709844,14159
0.25,1,4,1,Ecal,context_1,0.032879662685358135,0.027289954956784147,0.029492872665688785,0.014672999438570965,0.014675581099417653,-0.00041796334391660015,0.013091453042603857,0.01266448353788604,0.01423179566053624,0.0003339895548142782,4890,0.012619047444369811,0.014320615175619876,-0.0012810639523291062,1994,0.013765503685751534,0.015309293252789935,-0.0008531195311511849,4495
0.25,1,4,1,Ecal,pooled,0.0028235165673834903,0.0037719390514290444,0.0035904784564650227,0.010070523897502008,0.010054543787274783,-2.7997129358590835e-05,0.008266533946067599,0.008050589037156896,0.009809781729532573,-2.468597376719117e-05,20480,0.008296869578682675,0.010158897833338298,-8.87786477059315e-05,7882,0.008490799319618535,0.010319448323241923,-5.9499833790757745e-06,18654
0.25,1,4,2,Ecal,context_0,0.009826652656465559,0.011449275217842354,0.011871919971576345,0.008590490789141562,0.00859276124099792,0.00022030872597194505,0.006714411841625316,0.006652743759074603,0.008459452382936139,5.934637128312745e-05,15590,0.006755399610720697,0.008667853253734353,0.0003661059049393415,5888,0.006765267793495647,0.008702601712315529,0.00033690942657499867,14159
0.25,1,4,2,Ecal,context_1,0.042230318163834296,0.0312755582121075,0.03268965499422109,0.014455168770978901,0.014410566171360535,-0.0008634255069694868,0.012815516378220801,0.012472477792962197,0.01407085311610265,-4.735394763800264e-05,4890,0.013264121779183687,0.014986991095499098,-0.0018458366450090466,1994,0.012989696469965978,0.014637337811524308,-0.0013154081801352432,4495
0.25,1,4,2,Ecal,pooled,0.009333773781872761,0.006936656841825484,0.007019020875937599,0.0100098835651184,0.009981875797124541,-4.198095917014599e-05,0.008191025516159942,0.008042318926345614,0.009799283905650213,3.386958615010371e-05,20480,0.008401985756865736,0.010266478076936446,-0.0001934745879047445,7882,0.008265150226257206,0.010132677769243986,-6.124473029015288e-05,18654
0.25,1,4,3,Ecal,context_0,0.009973279151327836,0.01015822388913365,0.010528328363528877,0.008536230214917213,0.008541433144813518,0.0002358073385550852,0.006654875783921526,0.006498485823915202,0.008316826294398807,8.433496769496154e-05,15590,0.006682966615620028,0.008666381714004709,0.0003936796337771027,5888,0.0068153899911012564,0.008723685197207967,0.00033693751635309986,14159
0.25,1,4,3,Ecal,context_1,0.026643571641890886,0.02429061986376332,0.02491031653888322,0.014343246769115673,0.014358660517163963,-0.00013435865447196236,0.012755906907493718,0.012567239501542109,0.014119921636873388,0.000654247651497523,4890,0.012887509756440384,0.01447342279383029,-0.0005243113404560233,1994,0.0129027739896525,0.014528450084662685,-0.0008192794954816544,4495
0.25,1,4,3,Ecal,pooled,0.007540687990357054,0.006783520494164863,0.006444044625851997,0.009941667542002127,0.009930409797684302,0.00014621828728201278,0.008131471690743203,0.007947519294793893,0.00970242864912052,0.00022041275205992862,20480,0.008252601102145757,0.010135455542115875,0.00016144492144256158,7882,0.008282249167336265,0.010122442470131145,5.8327273606384916e-05,18654
0.25,1,4,4,Ecal,context_0,0.009737042587420634,0.008269159537818377,0.008755742494717667,0.008526277661043958,0.008511024507515716,0.00014826879457237644,0.006644247815347023,0.00643086651479915,0.008256882384908997,-0.00017531009258330823,15590,0.006810533581934262,0.008775448020376485,0.000545185224441609,5888,0.006810045109073678,0.008719282624614414,0.0003394935217202741,14159
0.25,1,4,4,Ecal,context_1,0.028301450709078944,0.028078099074269662,0.028963613541507685,0.014478483344766572,0.014536531979664763,-0.00021695470143908701,0.012845953639165537,0.01242168651768035,0.01401795284416796,0.0006495969488089314,4890,0.013623819295074063,0.015182905378151281,-0.0005941505010502269,1994,0.01296243909104117,0.0146669987203746,-0.0009923293722484746,4495
0.25,1,4,4,Ecal,pooled,0.008541562358939792,0.007031663772831374,0.006998667869876414,0.009966854240827001,0.009949732102184116,5.987594615663621e-05,0.008145209414998862,0.007861291798690218,0.009632450477964483,2.165257501474116e-05,20480,0.008534168663385766,0.010396416045167521,0.0002569543900555749,7882,0.008292569551495887,0.010152486433472677,1.856804148067267e-05,18654
0.25,1,4,0,Ucal,context_0,0.010321025499912012,0.011997145264298837,0.012416534867449033,0.008630343084552851,0.008613357255200058,9.875179301321926e-05,0.006764618426123984,0.006640382292677455,0.008407114717861156,-8.988364565594216e-05,15590,0.006921145413956686,0.00886483807961786,0.00024095388653222471,5888,0.006836319140586335,0.00877861794194255,0.00024731740938530223,14159
0.25,1,4,0,Ucal,context_1,0.01938887973746653,0.02200156116359912,0.02263814883226368,0.014361034261329722,0.014326933809620777,-0.00026905066202348747,0.012744593720086609,0.012127211737181755,0.013727848780956139,0.00030200091668676986,4890,0.013602890758032546,0.015178822524292831,-0.001083895205375304,1994,0.013035484399227994,0.014687087031669741,-0.0005288153339811374,4495
0.25,1,4,0,Ucal,pooled,0.007911641117784895,0.00585246040812552,0.005545308259231984,0.010017307839116064,0.009977585250860083,9.734774639417023e-06,0.00821191591782895,0.007950469987190446,0.009677543896012252,3.686447598738596e-06,20480,0.008611503218585875,0.010462159188813736,-9.42083932525523e-05,7882,0.008330113921201445,0.010202364514169619,6.029496479260649e-05,18654
0.25,1,4,1,Ucal,context_0,0.008526169320801302,0.006625166776571887,0.0071211129955876945,0.008616769116235492,0.008615837690270777,8.377033303384545e-05,0.0067419227595576755,0.006595512413353473,0.008417801126927936,-0.00013412010137319106,15590,0.0068797886260258765,0.008804258788754652,0.0002729814909601017,5888,0.0068457989567155784,0.008757878782279137,0.00024499899145152343,14159
0.25,1,4,1,Ucal,context_1,0.030724169228136488,0.026842287564289476,0.028978621239696137,0.014633999794898348,0.014638127616245968,-0.0004406613907101955,0.01305449054136863,0.012587222609295678,0.014154318657121382,0.00018557962677717696,4890,0.012894054251716452,0.014553927651285629,-0.0012711222286344531,1994,0.013633990018432742,0.015191353436298379,-0.0007535378455916819,4495
0.25,1,4,1,Ucal,pooled,0.0033939260110411444,0.0036633147062830277,0.0036241798051279547,0.010073083304862866,0.010053777032947471,-4.315472619032168e-05,0.00826971561282522,0.00802615024822444,0.009787506728619633,-5.778554714197526e-05,20480,0.00840128642577556,0.01025881850860834,-0.00011764814832834567,7882,0.008481529567974218,0.010308134414841403,4.384480756272633e-06,18654
0.25,1,4,2,Ucal,context_0,0.009270640023292108,0.011447808553479086,0.011867800177439543,0.008576599031701652,0.008576799140115133,0.00016550154740348704,0.00669708574067333,0.0066245185962810664,0.00843000068473991,1.7624242306520266e-05,15590,0.006774878920228018,0.008692663622795131,0.00024227261082674175,5888,0.00674463680641649,0.008689748259526722,0.0002963991506964871,14159
0.25,1,4,2,Ucal,context_1,0.039269886965241245,0.03154886254919054,0.03278514927467551,0.014432135121903207,0.014384909916425902,-0.0008467971962343065,0.012787160017490072,0.012527170697329965,0.014123400163102099,-0.00026532066852646616,4890,0.01318554715659757,0.01489968048889118,-0.0014247118720528834,1994,0.01289326987737941,0.014560595296933994,-0.0012230059519426708,4495
0.25,1,4,2,Ucal,pooled,0.010625081863306145,0.007518286115479785,0.007637410518925872,0.009993779250571898,0.009963599027622928,-7.94990354588248e-05,0.008171029827705355,0.00803389207158034,0.009789411009407445,-4.993438142264495e-05,20480,0.008396659237827725,0.010262923915994258,-0.00017944358542572875,7882,0.008226254993077706,0.010104429155481782,-6.9727467528184e-05,18654
0.25,1,4,3,Ucal,context_0,0.008759815771891801,0.009306332064428293,0.009663853207535092,0.008538176352415277,0.008541358829844544,0.00020451204939653508,0.006659573195293355,0.006510651622963991,0.008324263487480141,6.183071672495854e-05,15590,0.00676373307689336,0.00872695812321304,0.00034925240501963896,5888,0.006780231005149555,0.008695204002523447,0.000301423608294836,14159
0.25,1,4,3,Ucal,context_1,0.028263291207882485,0.025085395572125933,0.025691188286181575,0.014394936553007756,0.014411002703905034,-0.0001241189681150046,0.012811767547125765,0.012647240676732395,0.014203222079926497,0.0007361574018476931,4890,0.013121308837321361,0.014724485154541344,-0.0005088616797743494,1994,0.012853438529010875,0.01445730893607992,-0.0008893190753605793,4495
0.25,1,4,3,Ucal,pooled,0.007017919613001263,0.005921063879505577,0.005636556799101285,0.00995565283536878,0.009942850946258401,0.0001249754586983938,0.00814855183085361,0.007975882114806154,0.009727979674836717,0.0002228393832410802,20480,0.008372081981523331,0.010244221368641693,0.0001321654366005559,7882,0.008243674117605683,0.010083681630717739,1.4493815058474246e-05,18654
0.25,1,4,4,Ucal,context_0,0.008718562554097604,0.008665041441411479,0.009166824366992017,0.008529189610025488,0.008516167396222862,0.00012874223330969776,0.0066444384524288825,0.006439190037725368,0.00826420803755824,-0.00016246854714126906,15590,0.006807569076519702,0.00877375621233944,0.00046093264751581717,5888,0.006802592959850385,0.008719249258329733,0.0003112437453080692,14159
0.25,1,4,4,Ucal,context_1,0.02561789504388645,0.026681516260513696,0.02754340963120297,0.014452345036504869,0.014526279611617956,-0.0002697190669726085,0.012828473304220343,0.01227580344414906,0.013867074520191928,0.0005550939292629804,4890,0.013629480764837778,0.015189890850608824,-0.00037780536549799184,1994,0.01307437914165692,0.014761868166971384,-0.001119065334454792,4495
0.25,1,4,4,Ucal,pooled,0.008935518551088897,0.007327501653749473,0.0073230150429679855,0.009962735330586761,0.009951199072652649,3.2305038824578585e-05,0.008141123252891173,0.007832795484864619,0.009602001841273022,8.863508992362767e-06,20480,0.008533386369910497,0.010396919428364453,0.0002487474663499284,7882,0.008313886992616568,0.010175321521348079,-3.341366401615411e-05,18654
0.5,0,0,0,Ecal,context_0,0.0042115644610300875,0.00470386713250612,0.0040632414662044435,0.007071314363090214,0.007052199593400046,2.6173541693212735e-05,0.005591997340663875,0.005472436291851792,0.00690351266051187,0.00037141372111199647,10180,0.005701836769347264,0.007238337854192374,-0.00018724085829900538,3792,0.005678345524803177,0.007187240619991438,-0.0002655949679824481,9272
0.5,0,0,0,Ecal,context_1,0.01016979860570787,0.00763353478083058,0.007628734017854262,0.0071526421001486375,0.007151903375613263,3.646735784708495e-06,0.005729048861038424,0.005803680929165442,0.007182986375568344,0.0002271152251553767,10300,0.005698587715536087,0.0071490782441432634,-0.0002975264039178311,3988,0.00565981145694718,0.007120727960324767,-0.0001140947018901048,9348
0.5,0,0,0,Ecal,pooled,0.004892367177062837,0.005037545658098649,0.004916648663438511,0.007112318253728288,0.007102343585431107,1.4815956700605948e-05,0.005661096097821999,0.0056390290537819965,0.007044068288689686,0.00029884172363381367,20480,0.005700171316056908,0.0071925836993240125,-0.00024377283206865536,7780,0.005669040666246901,0.007153848550036333,-0.00018953565071976147,18620
0.5,0,0,1,Ecal,context_0,0.004654093627208373,0.003149088528180603,0.003213506406536881,0.007050544279027495,0.0070503504605942255,2.4150547349828385e-05,0.005572968932047212,0.0056269086663170275,0.0070128077377879915,0.0003022146936366975,10180,0.005486227621084653,0.00703099649024976,-0.00034402629344838076,3792,0.005549221796186912,0.007099970854185317,-0.00013056973186646996,9272
0.5,0,0,1,Ecal,context_1,0.008222262504278311,0.006091428521699261,0.006294837752875642,0.0071271309713315835,0.007139759245134155,3.046264632701632e-05,0.005678919085816373,0.005703348881990007,0.0071408027791174,9.158408178866488e-05,10300,0.005686710419557399,0.0071445646481060705,-4.3777255724401864e-05,3988,0.005648677457709011,0.007104629353534133,-5.211514549526742e-06,9348
0.5,0,0,1,Ecal,pooled,0.005297000513121425,0.004523840138562233,0.004664590246816312,0.007089157825514258,0.007095316792662647,2.7332987013326978e-05,0.005626386974591749,0.005665352720097871,0.007077180243925341,0.00019628230584203265,20480,0.0055889943820498595,0.007089211119238316,-0.00019011971729886564,7780,0.005599152597685762,0.007102309611001253,-6.763479011143317e-05,18620
0.5,0,0,2,Ecal,context_0,0.00464989529094637,0.00467606203393398,0.004537191841728913,0.007028804717754248,0.007015759454533671,3.194339243870474e-05,0.005558312837386415,0.005579466459090677,0.006957999458225455,0.00017568385173623362,10180,0.005634141111361327,0.007143055607191678,-0.00022669137310126663,3792,0.005504075921525515,0.007059818325309939,-2.0098760788352248e-05,9272
0.5,0,0,2,Ecal,context_1,0.007188277720216163,0.006031334801901951,0.006349276701428294,0.007144154741683019,0.007136706932888663,3.896480091111594e-05,0.005712877287590719,0.005662924544614496,0.007072500530856399,0.00026618776535524904,10300,0.005700314912567645,0.0071732342980160785,-0.0002803736503647945,3988,0.0057732765178268265,0.007210700430692212,-7.51638672624228e-05,9348
0.5,0,0,2,Ecal,pooled,0.0023580839084625244,0.0033482675460925477,0.003382124175651694,0.007086961995177038,0.007076587532026661,3.5483452392926396e-05,0.005636241279046588,0.00562144000796252,0.00701558544690215,0.00022120095673017204,20480,0.005668061563702046,0.007158525095496011,-0.00025420871522555317,7780,0.005639225608648214,0.007135567300665121,-4.774369179370196e-05,18620
0.5,0,0,3,Ecal,context_0,0.008401619462671059,0.003815168121769259,0.0031152835961718453,0.007016968942074481,0.007007835382635286,-8.326823815300796e-05,0.0055298291094187015,0.0055007551084977,0.006925871999122839,0.00021000284123397296,10180,0.005567854124942661,0.007127311548688705,-0.0004459604157237061,3792,0.005546199091138821,0.007071859765517814,-0.00025692773457356214,9272
0.5,0,0,3,Ecal,context_1,0.009735153398362926,0.007750957796694071,0.007896972229726682,0.007100036406383745,0.007104349465913365,0.00015199182873138175,0.005670108038848236,0.005711190471226729,0.00710923339277551,0.00029939904013305036,10300,0.005544459729370406,0.00701265483139477,5.646467343376297e-05,3988,0.005678445266565299,0.007127181117682509,3.032601977649488e-05,9348
0.5,0,0,3,Ecal,pooled,0.006108618915789926,0.003474361120267687,0.003506377064106528,0.007058849969941669,0.007056375180377679,3.534539113196293e-05,0.005600555064538081,0.00560658929971396,0.0070180898875321415,0.0002549628436099738,20480,0.005555862241968091,0.007068538928050117,-0.00018841912323527593,7780,0.0056125920690059915,0.007099633342318865,-0.00011271462524679883,18620
0.5,0,0,4,Ecal,context_0,0.004410786779678761,0.004065636864535354,0.0032818396902032343,0.007091684778227723,0.007080413915293744,-4.8672872549171314e-05,0.00562458561957421,0.00554967196896116,0.006945355581785214,0.0002487994097392779,10180,0.005622707527398057,0.007178549748509661,-0.00030248637708053306,3792,0.005707603597224427,0.007216818433585319,-0.0002714734575916098,9272
0.5,0,0,4,Ecal,context_1,0.006663054852057236,0.006723354760788396,0.006736541421553201,0.007164369899650751,0.007162544369937388,2.8886021704192816e-05,0.005736368247931188,0.005697293681571784,0.0071025191579303405,0.00017494089467432893,10300,0.005707759860391124,0.007113793845200414,-0.0001146785799066425,3988,0.005791626943161358,0.0072540960383829034,-7.079621624706849e-05,9348
0.5,0,0,4,Ecal,pooled,0.0047598632675239306,0.004867219488771963,0.0048480799332172985,0.007128331227245528,0.007121719759181904,-9.569160420918017e-06,0.005680944284332007,0.0056239153107526365,0.0070243978100222645,0.00021165376983844908,20480,0.005666305047189362,0.007145356105528006,-0.00020621677616414804,7780,0.005749786746409091,0.007235533312728596,-0.00017072529152884007,18620
0.5,0,0,0,Ucal,context_0,0.004941122613524325,0.005219833482048101,0.004704762755576271,0.007075240327204549,0.007056230215869222,-2.5652291779211643e-05,0.005595661121040885,0.005469941031663497,0.006906055422645696,0.0003319979723989378,10180,0.005747640885624893,0.00727440178793912,-0.0002608534885876918,3792,0.0056715372257172495,0.007179541672038849,-0.000322135979336999,9272
0.5,0,0,0,Ucal,context_1,0.011323757782035959,0.008051020647272618,0.008032068069452437,0.007157001423294156,0.007153958255481794,-1.0564890030546426e-05,0.005735794409011287,0.0058224539545554555,0.007197729997569695,0.00021404498410456388,10300,0.0057072423794563695,0.007155274737270413,-0.00028201530396998107,3988,0.005652490191505947,0.007112861683117074,-0.00014224412118172002,9348
0.5,0,0,0,Ucal,pooled,0.005429340543254457,0.00480762681529771,0.004654392297877749,0.007116462709183515,0.00710538054829156,-1.8045512177431544e-05,0.00566631364652016,0.005647230245813262,0.007052747225463918,0.0002726759128563572,20480,0.005726932756755989,0.007213337690501228,-0.00027170095899187814,7780,0.005661974837113208,0.007146065595967917,-0.0002318229240182263,18620
0.5,0,0,1,Ucal,context_0,0.005687729237568362,0.0035902370810521433,0.0033990007210276296,0.007037019658581078,0.00703471542707609,1.2417820079860826e-05,0.005564000207986577,0.005645982423442286,0.007026825574021293,0.0003013090792245621,10180,0.0054514835390187645,0.0069911783063582355,-0.0003885169649095852,3792,0.005520005843813456,0.00706695992912116,-0.0001407927400380296,9272
0.5,0,0,1,Ucal,context_1,0.007981146191018638,0.005000143355235039,0.005205421414969232,0.0071422727958624374,0.007156618392392544,-2.5487400403501298e-06,0.00569624404829102,0.005714257759521308,0.007147336872825761,4.160666711700773e-05,10300,0.005736448388236576,0.007190222804846313,-1.180637721252537e-05,3988,0.005659244034023279,0.007116236785106133,-4.725148251768764e-05,9348
0.5,0,0,1,Ucal,pooled,0.004573951129959093,0.004012473290497362,0.004162971486447633,0.007090086278734282,0.0070960240473280185,4.871966517546275e-06,0.005630675024740754,0.005680320116880466,0.0070874342838692424,0.00017069702626031357,20480,0.00559755549514738,0.007093207799927703,-0.00019541647342682497,7780,0.005589909098490224,0.0070916989221258605,-9.38312107523069e-05,18620
0.5,0,0,2,Ucal,context_0,0.005579553763137617,0.004596194367558131,0.004563668413179397,0.007031882997186767,0.007014944693288487,8.895169130046157e-06,0.0055616488765186005,0.005565799239927753,0.006945563722523075,0.00017686504687682117,10180,0.005662244019581925,0.007169491085218941,-0.0002542654354958343,3792,0.005515951348261343,0.007070377426248283,-6.789822417461635e-05,9272
0.5,0,0,2,Ucal,context_1,0.006142512650898547,0.005382624141961146,0.005675861822686972,0.007159842009128765,0.007154304958492434,-4.25234605947673e-06,0.005727295884047694,0.00565615112703402,0.007069876314269704,0.00025341556705896136,10300,0.005726317930200633,0.007192807035509463,-0.00034501534908143065,3988,0.0058061032307724384,0.0072449064220344245,-0.00014278643346516353,9348
0.5,0,0,2,Ucal,pooled,0.0016405766212168643,0.0031985164246174395,0.0031987620063491894,0.00709639748537493,0.007085033107917425,2.2664432550554797e-06,0.0056451649317651375,0.005611239886275143,0.007008084215442523,0.00021536457606998737,20480,0.0056950880755648825,0.007181442757424417,-0.00030078351459343817,7780,0.005661619436215894,0.007157998105765407,-0.00010549516190007473,18620
0.5,0,0,3,Ucal,context_0,0.008095918624702698,0.004867776094343265,0.004149195695628501,0.007005793286886009,0.006997472906221917,-0.00013676249234458087,0.00551942680233,0.005493438079923918,0.006916037539874655,0.00017634567261210594,10180,0.005540419112545152,0.007102984925036963,-0.0004788806665893094,3792,0.005539375287420385,0.007064589966427333,-0.00034061592229745635,9272
0.5,0,0,3,Ucal,context_1,0.010233126649096102,0.007951862758076604,0.007965677705788668,0.007104172866004338,0.00710697466968229,0.00012501400612820464,0.005674346913907467,0.005704395825278412,0.007104215433208489,0.00028041730300315375,10300,0.005606860365184284,0.007067048916985059,1.6446969842719458e-06,3988,0.005670028617928362,0.007119963609102984,6.415679967959416e-06,9348
0.5,0,0,3,Ucal,pooled,0.006286612036958155,0.004009193743925733,0.003892447923541495,0.007055394390385173,0.007052544593899741,-4.779785051433299e-06,0.0055975345616568984,0.0055995349928707585,0.007010677788963448,0.0002286863851622911,20480,0.005574476659527781,0.007084564256642234,-0.00023256509461868697,7780,0.0056049685921243896,0.0070923897951991905,-0.0001663918934050231,18620
0.5,0,0,4,Ucal,context_0,0.006601996905945256,0.004599810964492216,0.0041149788145703236,0.0070856009255993325,0.007076024909702191,-8.055068231315175e-05,0.005619595177481895,0.0055549420925014616,0.006952811822648323,0.00021929428208260733,10180,0.005609986492145791,0.007162207907214584,-0.00037551904883125663,3792,0.005694509385839889,0.0072000637592658815,-0.0002891250666651981,9272
0.5,0,0,4,Ucal,context_1,0.007544929393569426,0.0071379730892668705,0.007114272229705741,0.007154410111550694,0.007153106390919978,-9.28243268189807e-06,0.005728417089567368,0.005705147765359833,0.007109639468598315,0.00013160996428392466,10300,0.0057052799604212865,0.0071058398977712775,-0.00017319129613660642,3988,0.005763926814682064,0.007224460992483708,-9.459727449732353e-05,9348
0.5,0,0,4,Ucal,pooled,0.0058986390793812436,0.005630799865543464,0.005578019279490198,0.007120293202031636,0.007114791474963089,-4.461859297261608e-05,0.005674461105682668,0.005630484984612849,0.007031685101617313,0.00017519523553346516,20480,0.005658833581025312,0.007133313868440817,-0.00027180657097183956,7780,0.005729359768483103,0.007212312166146668,-0.00019146417508704065,18620
0.5,0,1,0,Ecal,context_0,0.006258356564334022,0.0032100495043492013,0.0035503086314050344,0.005544992949188854,0.005538968313838346,0.00011065769811082357,0.0040524437575520066,0.00402716164593368,0.0054863162247682585,-0.00024947191083897426,10740,0.004060331566563504,0.005569244352660167,0.0003772161804691185,4255,0.0040765246370740565,0.005598322062577516,0.0003872804119021901,9882
0.5,0,1,0,Ecal,context_1,0.009679161704009748,0.007135113983405874,0.007639953743787288,0.006935752462455405,0.006936342492018678,-4.504671909940645e-05,0.00566057785095072,0.005769759504549068,0.007018870658738905,-0.0005228402211619598,9740,0.00550395100248102,0.006812219136924184,0.00022232634251833654,3793,0.005607670211473509,0.006897311550713618,0.00036522976465362824,8871
0.5,0,1,0,Ecal,pooled,0.0060376151771257824,0.004189609855736791,0.004218029373661122,0.0062040013486563735,0.006203539822406531,3.6877495425220616e-05,0.004814454633559383,0.004855916682208772,0.006215177562017971,-0.0003794820349867223,20480,0.004740705388685166,0.006155054908911834,0.0003042170309478317,8048,0.004800824343280933,0.006212801652470086,0.00037684947862527484,18753
0.5,0,1,1,Ecal,context_0,0.005021042153380691,0.0044753511457367,0.004554925744475896,0.005579665297221632,0.00557757701772909,8.22574296157479e-05,0.004093786704929359,0.004097119230409352,0.00555026912728968,-0.0002693823984437371,10740,0.004106010214702503,0.005634745553417129,0.00023869908864573782,4255,0.00408490162521474,0.005587897272019986,0.0003970674371229591,9882
0.5,0,1,1,Ecal,context_1,0.00342352805372827,0.0017417049394442094,0.0026043645792573223,0.00693468848182602,0.006932173826664962,2.484078293074627e-05,0.005652738198500949,0.005747836857299785,0.006998033506675763,-0.00039599989473942124,9740,0.0056399520247931096,0.006958373574340643,0.00027068058898509917,3793,0.005553790731493078,0.006855011095066413,0.0003817924023810079,8871
0.5,0,1,1,Ecal,pooled,0.002322868890683804,0.0028466494359006304,0.0029089319300707153,0.006221740114333721,0.006221804211041366,5.5050675267684695e-05,0.00483249251195497,0.004882177320541814,0.006238805506939116,-0.0003295998991234228,20480,0.004828952720377661,0.006258567755624248,0.00025377188074156255,8048,0.0047797512632350644,0.006187298259821663,0.00038984166880877744,18753
0.5,0,1,2,Ecal,context_0,0.01022584820741134,0.005667131992230628,0.005805129789555365,0.005504336483939253,0.005502507668568061,0.00016232438344455547,0.004011000571608107,0.003982013509065967,0.005447181446947768,-8.047733879067156e-05,10740,0.004032379716249527,0.005542149075135133,0.0004218259705920057,4255,0.004033298971856372,0.0055501726023110464,0.00031447083593331667,9882
0.5,0,1,2,Ecal,context_1,0.007342046548911649,0.006750982414426954,0.007136917489770787,0.006954081801040835,0.00694994623726405,2.2452160346254752e-05,0.0056807549137916765,0.005792096720767461,0.007025660263604888,-0.00041796532316129553,9740,0.005557739474183803,0.006907421283622418,0.00036197614966801596,3793,0.005611104182474859,0.006895442314759038,0.0003608414961444849,8871
0.5,0,1,2,Ecal,pooled,0.00616048145722777,0.005273960992624391,0.005355973681060882,0.0061912951794901895,0.006190889097235001,9.604623183409188e-05,0.004802210069763406,0.004842863630256033,0.006197883774791535,-0.0002409818782325601,20480,0.004751277524629833,0.006185598067032781,0.0003936189165705478,8048,0.004779670753619108,0.006186544789114552,0.0003364062130320888,18753
0.5,0,1,3,Ecal,context_0,0.007694120128388667,0.0077864328528725974,0.00773484325612848,0.005538420882318243,0.005531005684485093,2.2203421866572228e-05,0.004062381915758003,0.00401623984261154,0.00546256601241386,-0.00030800156586663016,10740,0.004095533386870921,0.005616281450601332,0.0002458136366761249,4255,0.004098255863947391,0.005587336545618033,0.00028479602500763147,9882
0.5,0,1,3,Ecal,context_1,0.008147953527975798,0.006272258689358353,0.006757026084942478,0.006961437374214941,0.006963694568722089,-6.851100743114895e-05,0.00569100267227378,0.0057343177436191195,0.006986656623332641,-0.0006597038855665273,9740,0.005521895033433825,0.006828590704383751,0.0005784632346889698,3793,0.005715750330848498,0.006990549304353968,0.0003039662028807635,8871
0.5,0,1,3,Ecal,pooled,0.006214235829826825,0.006016454609506172,0.005981829051992072,0.006212714181623538,0.006212372370640774,-2.0781415044367584e-05,0.0048341003529522135,0.004833333531860262,0.006187402074442616,-0.0004752662433020305,20480,0.004767773660903364,0.006187639427688399,0.0004025904663558864,8048,0.004863402422678246,0.006251118360940727,0.0002938643686279884,18753
0.5,0,1,4,Ecal,context_0,0.00472150859539147,0.005714355982126302,0.005586363678685816,0.005603861641113429,0.005591143625867704,7.373478154150501e-07,0.004124903077384775,0.004133345706308576,0.005582119577678763,-0.0003464960415103582,10740,0.004099696622471972,0.005601713822861273,0.0002629534653294941,4255,0.004126580838062,0.0056284162583924435,0.00026521387294559096,9882
0.5,0,1,4,Ecal,context_1,0.005915882726988178,0.0065405282049148805,0.006922712082492389,0.00697638239441363,0.006977433502546314,-2.9936903072369776e-05,0.005700553196218477,0.005766700171469663,0.0070182967992706005,-0.000449544859923866,9740,0.005518104068811167,0.006851364457854574,0.0005297442358463508,3793,0.005705936805880227,0.006983816362406146,0.0001914711613865262,8871
0.5,0,1,4,Ecal,pooled,0.002883291610050712,0.004536584591229068,0.0045170094272281615,0.006254227643459777,0.00625044359651466,-1.3797579891061787e-05,0.004871521492019623,0.004910146120892023,0.006265145268025662,-0.0003955046104238136,20480,0.004768188104077907,0.006190670688980755,0.000388691212915284,8048,0.004873686196698778,0.006269580569313659,0.0002303303026240177,18753
0.5,0,1,0,Ucal,context_0,0.007090871997720704,0.0031854301904020036,0.0033871855796384093,0.005547825679134226,0.005541662811245427,9.863070238248497e-05,0.0040566396093538164,0.004035863035412252,0.0054945268411340205,-0.0002711888444323779,10740,0.004060665846361257,0.0055739814166464435,0.00037035939801313624,4255,0.004077486478982003,0.005594490003866842,0.000383558483487849,9882
0.5,0,1,0,Ucal,context_1,0.009138956810477643,0.007203751339223156,0.007715719458269421,0.006911558172164998,0.006911950531042623,-4.9779832115707135e-05,0.005635312925827991,0.00575734068939818,0.007005197181903281,-0.0005347879178959731,9740,0.00546083807348105,0.006776928921714337,0.0002517152824157968,3793,0.00557593210041691,0.006866310149631855,0.0003538283051948324,8871
0.5,0,1,0,Ucal,pooled,0.00697153353079763,0.004354054842926763,0.004374029435134517,0.006194027383283068,0.006193352381109914,2.8306690307920228e-05,0.004804690559678204,0.00485457359936845,0.006212980411402213,-0.0003965528569096932,20480,0.004720563119903177,0.006140927227620912,0.0003144427565543007,8048,0.004786317658406578,0.006196117290865266,0.00036949479172453906,18753
0.5,0,1,1,Ucal,context_0,0.0031746229365354197,0.0044525594701788716,0.004351099030165215,0.005581163291843971,0.005579111298101258,6.97758993535303e-05,0.004091892228966267,0.004092653949694705,0.0055446330951444385,-0.00028408932771873654,10740,0.004111039305825912,0.005652754231381802,0.00017931952319610273,4255,0.004082820007486687,0.00559003951779211,0.00040719792114122513,9882
0.5,0,1,1,Ucal,context_1,0.003948544524976827,0.002139500218872468,0.0026676935956959384,0.006945652926965571,0.006943482194345268,-6.255874477780476e-06,0.005665533352357918,0.005774563017781265,0.007018122838301397,-0.00042881960971032323,9740,0.005673508461581476,0.0069793090661015335,0.00024092636045855203,3793,0.0055424132384464826,0.006851693432866413,0.00035201360630809003,8871
0.5,0,1,1,Ucal,pooled,0.002483809920635136,0.0026993391943427175,0.002720680994882355,0.006227723766141561,0.006227986909889181,3.374840710682049e-05,0.004837558685438561,0.004892546250630403,0.006245404096040375,-0.00035292101456434465,20480,0.004847426670112797,0.006277955832784877,0.0002083546541275727,8048,0.004773272284554054,0.006186857727178563,0.00038109329484757923,18753
0.5,0,1,2,Ucal,context_0,0.010472022765613712,0.005606396979450466,0.005604911964313564,0.005505407219591971,0.005504217882966147,0.00013345217770782032,0.004008796850128247,0.003978472892576534,0.005444887584672367,-0.0001036516503470792,10740,0.0040141902242368036,0.00553188111045377,0.0003540768098747128,4255,0.004039431387395348,0.0055597822927977575,0.0002961456915146907,9882
0.5,0,1,2,Ucal,context_1,0.008460633184817826,0.007238564902155593,0.007632308564526126,0.006958575246364598,0.006952722924365541,-5.208425738623772e-06,0.005684461960410395,0.005798517684672158,0.007027616502238568,-0.0004427871970914962,9740,0.00560707761372044,0.006962868354171308,0.0002876170590468833,3793,0.005592320834571755,0.006880935116714805,0.0003500311379166067,8871
0.5,0,1,2,Ucal,pooled,0.007419206440515879,0.005311024712147421,0.005365342514715802,0.006193987758747529,0.006193106511053554,6.77481494593879e-05,0.004802807153014422,0.004844060601317324,0.006197611200741448,-0.00026493974728509785,20480,0.004764913617416653,0.006206301415550766,0.00032275451428699447,8048,0.00477401690896,0.006184746122636617,0.00032163589548373016,18753
0.5,0,1,3,Ucal,context_0,0.007978230602199645,0.007980915929972753,0.007939167409146665,0.005537189624722038,0.005527814502669543,2.3708450977272383e-05,0.004061389743979876,0.0039984897895953735,0.0054496808252011185,-0.000310252965523322,10740,0.004115161698937556,0.0056281797611400855,0.00026164572121253725,4255,0.004106597783014953,0.005593117723932306,0.0002842146772842276,9882
0.5,0,1,3,Ucal,context_1,0.010382532387369452,0.00753865093398742,0.007684666338413409,0.006974477175146127,0.006976168526003767,-9.13116433773269e-05,0.005706849422354375,0.005738519918502479,0.006989747311898891,-0.0006634780498378331,9740,0.005559871292918834,0.0068605336454674115,0.0005302670650673265,3793,0.005734920374047136,0.007006430356985767,0.0002711337131546041,8871
0.5,0,1,3,Ucal,pooled,0.006979879725238802,0.006952056982123109,0.006907715299781908,0.006218245234368646,0.006216631308688847,-3.079357296300896e-05,0.004841087268023409,0.004826023649729905,0.00618211478908961,-0.00047824184839555527,20480,0.004796049309520432,0.006208984716812743,0.0003882462129174597,8048,0.004876866524285497,0.0062616772273620105,0.0002780268015953304,18753
0.5,0,1,4,Ucal,context_0,0.006540117304828427,0.005401337205938767,0.005258930805959003,0.005605685220054275,0.00559343161062338,-3.0765698302255525e-05,0.004128716055838563,0.004130649389057408,0.005573180806573768,-0.0003752778612035613,10740,0.004112396304321625,0.00562248959164458,0.0002255460122637407,4255,0.004133641834419234,0.005633776173268593,0.00023329565578615876,9882
0.5,0,1,4,Ucal,context_1,0.005324556152190452,0.00603597793456002,0.0063881618498576485,0.00697260434279367,0.006970301019481611,-3.4930145907052986e-05,0.005696878756032823,0.005787643110207463,0.00703306031891229,-0.00047523780387407456,9740,0.005519207721173904,0.006851689833983182,0.000535137183333713,3793,0.005673190493780413,0.00695792589893422,0.0002047645005576708,8871
0.5,0,1,4,Ucal,pooled,0.003365714946028179,0.004836122644156386,0.004797326038499993,0.006253396901826094,0.006248251339250294,-3.2739012828976243e-05,0.0048717865732800765,0.004918692301362171,0.006267478973086327,-0.00042281740425096357,20480,0.004775422609505608,0.006201808244625484,0.00037145546950385065,8048,0.004861916572178153,0.006260157670435968,0.00021979915506457198,18753
0.5,0,2,0,Ecal,context_0,0.010466939369387621,0.00821575105139313,0.00810780831798355,0.010131611632719025,0.010137909613389569,5.3224292566623665e-06,0.007978759081824653,0.008014335171769593,0.010138928033255364,-0.0002596168872520063,10140,0.007812982690119314,0.010028697194693468,0.00028020912083332426,3992,0.008011174049375644,0.010167860812772817,0.00017643656693555393,9287
0.5,0,2,0,Ecal,context_1,0.005011360785323239,0.003880674567842011,0.0035893629183371195,0.00934825113159988,0.00934687037246664,0.00015749369034633685,0.007119933676807681,0.007044660093936514,0.009175113075814973,0.00017978568314583665,10340,0.007064533098822549,0.009310887889116116,0.00013506639216627394,4200,0.007227111804065757,0.009554672536799473,0.00014304393383297273,9433
0.5,0,2,0,Ecal,pooled,0.004159426307021671,0.00409331371772457,0.0041814103551563835,0.00973535274317376,0.009738527496634534,8.22974807865148e-05,0.007544326657903488,0.007524762891262071,0.009652314426813292,-3.7770081689814106e-05,20480,0.007429256093018921,0.00966067972845508,0.0002057951242022682,8192,0.007616085419033328,0.009858875502556121,0.00015961003338551928,18720
0.5,0,2,1,Ecal,context_0,0.007968454959376568,0.005801844637119553,0.00572941029629133,0.010170209462157076,0.010185167379826257,-6.6447129275125965e-06,0.00800644646453722,0.007944326582171861,0.01010760096005344,-0.00017638424966168358,10140,0.007992702444832406,0.010130731524997121,-4.298491907382537e-05,3992,0.008080179826639769,0.010255538000595043,0.0001943059714076413,9287
0.5,0,2,1,Ecal,context_1,0.0038447487377399826,0.004988061640364654,0.004646744649360003,0.00934903403527403,0.00933466928457697,0.00012984058494507801,0.007133574157372705,0.007075197155978278,0.009232011902728344,0.00015414651461680576,10340,0.0071349413639732765,0.009408610362387706,8.711299903336026e-05,4200,0.007196955470496418,0.009450781970887825,0.00012222185792541828,9433
0.5,0,2,1,Ecal,pooled,0.0039551898112265005,0.004404224914223001,0.0043877443598657724,0.009754822086467775,0.009755765509470904,6.239567460413018e-05,0.007564908487248756,0.007505518073048734,0.009665531094196923,-9.50494777498534e-06,20480,0.007552932359430997,0.009760503389870223,2.3715673705737572e-05,8192,0.00763512345102544,0.00985002178113841,0.00015798281742912583,18720
0.5,0,2,2,Ecal,context_0,0.00636318315976597,0.00564672237473678,0.005797516895040476,0.010100950975222348,0.010094283699115534,0.00017185009100668364,0.007944694412525021,0.00789047973542759,0.010089608017734989,7.98596432928503e-07,10140,0.007965213484793364,0.010100138649955216,9.38053685193788e-05,3992,0.007995068558026557,0.010113684946514287,0.0003921598451950328,9287
0.5,0,2,2,Ecal,context_1,0.014917155635516119,0.01113293906614176,0.011203958102188757,0.009314382041559785,0.009301158325278386,4.5710807952187475e-05,0.007127269174014304,0.007004593366782255,0.009106864314886599,0.00015599363820349916,10340,0.0071376721055379936,0.009369502125302374,-0.00014521198347210883,4200,0.007257108624282501,0.009517311008175055,9.831581744563349e-06,9433
0.5,0,2,2,Ecal,pooled,0.010543383773799153,0.008389969539508827,0.008507576481715127,0.009703069116539603,0.00969384832970752,0.00010804318197846292,0.007531204050379144,0.007443210934070521,0.00959343761307423,7.915390560810919e-05,20480,0.007540936898749351,0.009725544728624413,-2.873770745281945e-05,8192,0.00762321086278042,0.009813172373845805,0.00019950479663048798,18720
0.5,0,2,3,Ecal,context_0,0.0038600344363139737,0.0038348812357295696,0.0039021034731251047,0.010020049932729792,0.010027040775647516,0.00014796031303259977,0.007830418464039915,0.007854470070561713,0.010068221899214214,-6.615302986529687e-05,10140,0.007899694525466893,0.010039448946957496,0.00038511375849973223,3992,0.007774379557251122,0.009959114797061758,0.0002797997383238541,9287
0.5,0,2,3,Ecal,context_1,0.008527276204069555,0.00731253175652633,0.007615098760182113,0.009350850127255464,0.009358141380676132,0.0002704387133571913,0.007140242795915273,0.006984066185712584,0.009129729485468006,0.00034814913409475664,10340,0.007245583292983827,0.009494213656677554,0.0003286376772891908,4200,0.007264533696138731,0.00952939996426485,0.0001593434733549838,9433
0.5,0,2,3,Ecal,pooled,0.002529088666931027,0.004138470631301634,0.0043662995622825145,0.009681538645241692,0.009689324967834815,0.00020991538331833223,0.007481296644071312,0.007415018109168159,0.009594393209852115,0.00014302101189969107,20480,0.007564334762719227,0.009759909369421393,0.0003561587363947183,8192,0.007517468445719435,0.009742581676454214,0.00021910187788307667,18720
0.5,0,2,4,Ecal,context_0,0.008758537846469782,0.007275613103365212,0.0073682415647998755,0.010129632825061942,0.010116115202334929,7.9027775979998e-05,0.007969480340982146,0.00786181383892982,0.010012809026729649,-0.00018801881731496996,10140,0.00800720508768408,0.010193991474748938,0.00015847150325954318,3992,0.008070819970784716,0.010229522303422977,0.0003364535428273148,9287
0.5,0,2,4,Ecal,context_1,0.011188016054555452,0.007967697960208714,0.007883977266695347,0.009345446693140216,0.009348410722714825,0.00017673985669213382,0.007141568180483959,0.007031806310498276,0.009168523233178984,7.338726918286927e-05,10340,0.007111552980329309,0.009388849860655942,0.000246876362888586,4200,0.007275247982911766,0.009520056602228849,0.00025880202448824285,9433
0.5,0,2,4,Ecal,pooled,0.006037860211267119,0.005556878491604346,0.005700239398132206,0.009732956294412053,0.009728514405495482,0.00012845493058229442,0.007550685223164307,0.007442757303579128,0.009586543640727996,-5.603937715932261e-05,20480,0.007548008450612542,0.009781199143304775,0.0002037962603935739,8192,0.007669931586083566,0.009872022839781726,0.00029732497592066596,18720
0.5,0,2,0,Ucal,context_0,0.009110542549167109,0.007812618996632336,0.0076603375656251055,0.010158483143580506,0.010165209056751195,-4.69513519668799e-05,0.008008205044459938,0.008021269582902656,0.010142129987521424,-0.00030669052396300274,10140,0.007897130124091744,0.010124369442065382,0.0002224250623810745,3992,0.008041685895359117,0.01019100203007641,0.00012085359666708713,9287
0.5,0,2,0,Ucal,context_1,0.004757186910546237,0.004044781586344217,0.003966479587994402,0.009335389387630014,0.009333546385903354,0.00013190354513683422,0.007104118594509964,0.007028267754519239,0.00916344300693809,0.00016285381505060472,10340,0.007065375374541396,0.009344795054390228,3.156886746486028e-05,4200,0.007204512870919599,0.009519680893615554,0.00014265090603091918,9433
0.5,0,2,0,Ucal,pooled,0.0039360404589825464,0.004061530022006388,0.004107369464532228,0.009742125390976667,0.009745316868442275,4.3521479909118974e-05,0.00755087755322406,0.007519920026970795,0.009648007752207376,-6.962565748835914e-05,20480,0.007470693362847669,0.009724685307759273,0.00012457398588594515,8192,0.007619834766110294,0.009852723596303159,0.00013183725154043263,18720
0.5,0,2,1,Ucal,context_0,0.006557780714964664,0.005571349754474036,0.005432199018918053,0.010196100725695753,0.010214690519071564,-6.403512462150878e-05,0.008038710324307094,0.007984282742061559,0.010144276988781672,-0.0002857634625021052,10140,0.008082633496510361,0.01022471790525662,-5.4624952555061105e-05,3992,0.008079256720402096,0.010240383369337594,0.00017401375437278312,9287
0.5,0,2,1,Ucal,context_1,0.005832126484580502,0.004287663019197188,0.004202552342520788,0.00936651894760675,0.009351407886265142,9.89854791714572e-05,0.007156489737304207,0.007075402351020613,0.009220715733305813,0.0001381379593617681,10340,0.007164697219573316,0.009454240504474867,2.963293698571977e-05,4200,0.00724171947849387,0.009487283783504729,8.694731867238823e-05,9433
0.5,0,2,1,Ucal,pooled,0.004755793824003465,0.004101825109980942,0.004050606727968423,0.009776461040387523,0.009778833955437854,1.842801123958114e-05,0.007592443567634655,0.007525404654006707,0.00967798678460099,-7.174292040872388e-05,20480,0.007612011870151036,0.009829697753488631,-1.1426327546359971e-05,8192,0.0076572220621264385,0.009860896809873844,0.00013014101463123265,18720
0.5,0,2,2,Ucal,context_0,0.006516275215192811,0.005860264443995467,0.005866153510388446,0.010142706207368684,0.010140092630358262,8.333993669944638e-05,0.007987011710630492,0.007950669728381158,0.010132376137589098,6.104679502679046e-06,10140,0.007967831429751042,0.01011272972639331,-6.427025638953717e-05,3992,0.008034936269829268,0.01016687041751391,0.00023111913329538082,9287
0.5,0,2,2,Ucal,context_1,0.01921125673834405,0.013323526254452364,0.013398774643223156,0.009295529975925755,0.009280732622275271,4.8924400810106765e-05,0.007120605461345728,0.006980400737122825,0.009084443627731476,0.0001324581756928442,10340,0.007175878144445874,0.009407839695812159,-5.554683151699248e-05,4200,0.007249681214493633,0.009476907270191204,3.874039682820811e-06,9433
0.5,0,2,2,Ucal,pooled,0.012916383938109276,0.009563755369215053,0.00964022535649023,0.00971416645812026,0.0097062165325273,6.593101447892101e-05,0.0075487445555388385,0.0074607975911931135,0.009603293024701998,6.989838802837767e-05,20480,0.0075618006926561065,0.009751335911886372,-5.97977973484376e-05,8192,0.0076392465830247246,0.009819198282434044,0.0001166104277372997,18720
0.5,0,2,3,Ucal,context_0,0.004716122940709507,0.0052183853260247375,0.005102827675244663,0.010030662864384603,0.010037359293450879,0.0001227868142426383,0.00784872233440698,0.007890013891917009,0.010094738404401551,-7.071365148593218e-05,10140,0.007916205110987704,0.010047971715526339,0.0004310017145557967,3992,0.007774630847676932,0.009953261883494146,0.0002015744572315019,9287
0.5,0,2,3,Ucal,context_1,0.010251261810538762,0.007921718645423306,0.008192674654280124,0.00932577710273698,0.00933627578425334,0.0002390403241939749,0.00711513300259371,0.006992475962990487,0.009141433256625593,0.0003062371784241103,10340,0.007116535176478681,0.009364127419484291,0.00033506142419008984,4200,0.0072489594267621015,0.00951077064015382,0.0001226294164527174,9433
0.5,0,2,3,Ucal,pooled,0.003709251846728903,0.004650102040670697,0.004849998269343128,0.009674100019094713,0.009683394279529856,0.0001815930556771292,0.007477639935445984,0.007436862418035162,0.009613431020221696,0.00011960234369325917,20480,0.007506218084017746,0.009697367950465718,0.0003818135774054099,8192,0.007509745243323856,0.009730290735073777,0.0001617940849202693,18720
0.5,0,2,4,Ucal,context_0,0.007452551404641088,0.006942088474909327,0.006983308117071975,0.010134949832115546,0.010119980873619644,6.158244178304196e-05,0.007979040700822816,0.007845715320204371,0.010000342115138968,-0.00016937160339110938,10140,0.008152222540789473,0.010311479297078603,-3.5877964778510265e-05,3992,0.008050169962621471,0.010206040240860024,0.00035564252157841304,9287
0.5,0,2,4,Ucal,context_1,0.011374994661771574,0.007580395478730368,0.007461301915635104,0.009339500939149044,0.009340489277090707,0.00013087654803848751,0.007132661244007025,0.006997807649625339,0.009134756288999183,5.976334502434131e-05,10340,0.007212666319239707,0.009487505264585793,0.00012146003544330597,4200,0.007244859362307604,0.009498033910177903,0.00021302007311704518,9433
0.5,0,2,4,Ucal,pooled,0.005544439542718283,0.00548031930307816,0.0055935613014700195,0.009732576091587905,0.009726428964044,9.663450983802585e-05,0.007550903995930746,0.007417621310742107,0.009563322708777378,-5.368530619307421e-05,20480,0.007670516470170696,0.009889031672997817,4.478849041333888e-05,8192,0.007644374295273143,0.00984927615339611,0.00028377513074849406,18720
0.5,0,3,0,Ecal,context_0,0.008148092245914297,0.006543952554646845,0.006433087046941296,0.007827193123186669,0.007823307647822894,8.824652205399477e-05,0.0064697160375574245,0.006274233644683204,0.00761244009018173,2.1145329950098505e-05,10020,0.006504852273530991,0.007913802913710058,0.000498235036656418,3784,0.006670992419397985,0.008028283845639429,-8.660389463426575e-06,9071
0.5,0,3,0,Ecal,context_1,0.007185349310869852,0.006408982576464032,0.006276815507570562,0.007284325485537037,0.0072773539415254135,7.055913280351633e-05,0.005887104124965277,0.005810483678263642,0.007191819759309701,-0.00025634234183491075,10460,0.005879566931580923,0.007300142361642232,0.0003225425424346005,4150,0.0059742279191737045,0.007378693539575681,0.0003189017018293531,9558
0.5,0,3,0,Ecal,pooled,0.0046106894255171435,0.004949351366941394,0.005169915053085667,0.007548298812306914,0.007544466057594786,7.915975413091243e-05,0.0061704033937309884,0.006037376972381025,0.007397611542285176,-0.00012057933054165915,20480,0.006177787215667015,0.007592818379921114,0.00040633639145594625,7934,0.006313502747749283,0.0076949978858263796,0.00015940222627420768,18629
0.5,0,3,1,Ecal,context_0,0.00963103863906402,0.006630810316830552,0.006778035210407378,0.007809563688745549,0.007792405664065615,0.00018694986329704036,0.006471001056862659,0.00625744313299061,0.007579763849047914,-2.441799301587179e-05,10020,0.00655729681781117,0.007923939667011309,0.0004739893647599926,3784,0.006670902637478772,0.0080156926372642,0.00030069128615224574,9071
0.5,0,3,1,Ecal,context_1,0.008850264150946483,0.007164311073909212,0.00703796396096534,0.007341455135604142,0.007347750687724507,5.024985170737279e-06,0.005955259422181271,0.005860138037037211,0.007214456886617577,-0.00018690105734204244,10460,0.006075708956783076,0.0074922763477696715,8.222832467900701e-05,4150,0.00600705939288742,0.007414953111531379,0.00018154230529255735,9558
0.5,0,3,1,Ecal,pooled,0.0082993176757925,0.006553898131925574,0.0066323499981391625,0.007569076315229372,0.007565301608766397,9.348727684301972e-05,0.006206042533235769,0.006054522659178474,0.007393186171947263,-0.0001074049487215234,20480,0.006305394924281224,0.007698151568340676,0.00026907276325556983,7934,0.006330303907981529,0.007707470597060522,0.00023955939721258707,18629
0.5,0,3,2,Ecal,context_0,0.00980365455411638,0.0047446549579400555,0.004171080220221472,0.0077297139873147985,0.007728514186922388,0.00014622505082458748,0.006348262292765529,0.00630541920565262,0.007651352140522225,0.0001340934463930939,10020,0.006467648829091301,0.007849777969843059,8.138783677750864e-05,3784,0.006345785066375342,0.007766188862739189,0.00018667292805507051,9071
0.5,0,3,2,Ecal,context_1,0.007973901481934055,0.006445287514349982,0.006356106799932248,0.007265239946656173,0.007265895464815223,9.937562111324919e-05,0.00587696048780383,0.0058684445511599575,0.007232618316138576,-4.908507529567806e-05,10460,0.005781772002039186,0.0072304747950465206,0.00041470024779618504,4150,0.00592761009161406,0.0073160348445839955,0.00012493553780117502,9558
0.5,0,3,2,Ecal,pooled,0.0042692130582797656,0.002444807004860176,0.002657811018156626,0.007491093818221891,0.00749223528881492,0.00012215649615622822,0.00610613440929053,0.006082237814734981,0.00743748711107628,4.0536447522754314e-05,20480,0.006108890468583829,0.007525841975967884,0.00025573198925135627,7934,0.00613123160624499,0.0075352278822503095,0.0001549972623700239,18629
0.5,0,3,3,Ecal,context_0,0.007631052580961505,0.0042183309724813135,0.0042112684805581495,0.007825506120110999,0.007812339580916018,0.00010485284689997064,0.0064823029567309415,0.006469973439941863,0.007770097907783627,-1.234369809756022e-05,10020,0.0064097077646794835,0.007816491096689568,0.0002272166941811116,3784,0.006526205719926762,0.007890471739794272,0.00018326587553666137,9071
0.5,0,3,3,Ecal,context_1,0.008335631952499511,0.007762059241598612,0.007867130154341638,0.007312351137138057,0.007311753475778932,7.815472627516734e-05,0.005928257171672549,0.005823383682601538,0.007188985401913203,-0.0001163700413863472,10460,0.006068416688456593,0.007446334352576544,0.0002905684978847044,4150,0.005982171662259386,0.007389184705497782,0.00019880882938877513,9558
0.5,0,3,3,Ecal,pooled,0.006268784873435097,0.00577666414114039,0.005859762534165475,0.007561876470035748,0.007556669138546198,9.113688109718922e-05,0.006197665953706236,0.006139732772862771,0.00747329923535176,-6.547434022650123e-05,20480,0.006231190249387702,0.007622874952491301,0.00026035382367063897,7934,0.006247077611966872,0.007633275890644781,0.00019124051469702978,18629
0.5,0,3,4,Ecal,context_0,0.009880757777412883,0.005683018721165386,0.00566111082917582,0.007798945753952193,0.007797576950058015,6.428278762786114e-05,0.00644991289820176,0.0063664774516385475,0.00767762843874272,-9.14040588571164e-05,10020,0.006522999566450053,0.007903957849642386,0.00011720013928778832,3784,0.0065115889231066055,0.007889149009194971,0.00021418279237908047,9071
0.5,0,3,4,Ecal,context_1,0.009846384590618814,0.008184120688968819,0.008217827132372686,0.007322003026702719,0.0073143679649105,1.0049004799500478e-05,0.005936545092959015,0.0058423436804181305,0.007189539154908258,-0.0002048193243818347,10460,0.005962631465440773,0.007399669021665376,2.7994865394500363e-05,4150,0.006028309931772402,0.007433245778311321,0.0002374027819252084,9558
0.5,0,3,4,Ecal,pooled,0.009018148666915759,0.006751793874762367,0.006784873056776435,0.00755391988757111,0.007550781735964118,3.642057511174141e-05,0.00618617391222921,0.006098780222782807,0.007428340650221799,-0.00014933001966710435,20480,0.006229890463955913,0.007640181868283098,7.053995695136975e-05,7934,0.006263632478897452,0.0076552382742770516,0.000226096296060539,18629
0.5,0,3,0,Ucal,context_0,0.008022233853566789,0.007110848410726409,0.007030151933415269,0.007821542239010009,0.007817296011790187,5.354142384450944e-05,0.006462231146833284,0.0062989890121830676,0.007632875172565403,-1.616566376890727e-05,10020,0.006489504831616646,0.007908340860420323,0.0004527543003948496,3784,0.006631174214408516,0.00799373913266653,-3.599186983645758e-05,9071
0.5,0,3,0,Ucal,context_1,0.007646271892989681,0.006198658715911936,0.00604073366934451,0.007304482244965378,0.007298047229375441,3.392148352308567e-05,0.005908452499705961,0.0058246454697665016,0.007202383763805463,-0.0002649987839433021,10460,0.005923817850739123,0.007347535520023386,0.00021708843937839371,4150,0.005993496999222505,0.007397522527602121,0.00028152172739197957,9558
0.5,0,3,0,Ucal,pooled,0.0033749332812931573,0.004466515964607399,0.00468265651108149,0.007555906417823634,0.007552093752802967,4.34618218274576e-05,0.006177731383982847,0.0060567217537027315,0.007413005048755394,-0.00014325523588922806,20480,0.006193613607689028,0.007615003053179677,0.0003294856687817551,7934,0.0063040005162632645,0.007687837671975907,0.00012691515481915474,18629
0.5,0,3,1,Ucal,context_0,0.009541085167907625,0.006528438917705345,0.006607556035592621,0.007801829222375985,0.007786204474982231,0.00011888259909843486,0.00646340544399668,0.006232772736313814,0.007555717287307229,-7.621726679230879e-05,10020,0.006549788784653138,0.007909425099319523,0.0004459348985685103,3784,0.006682131623021955,0.008028805166707877,0.00019796260736990284,9071
0.5,0,3,1,Ucal,context_1,0.008896969391928576,0.007578929891074261,0.007564328263562077,0.007353226939605155,0.00736121365956981,-2.489583452720194e-05,0.005973365961844382,0.005891031378712754,0.0072374540112131805,-0.00021157316136998384,10460,0.006065278358488198,0.007479875512611884,8.322551666972148e-05,4150,0.006023563000292278,0.007424935796374576,0.00013245311204198267,9558
0.5,0,3,1,Ucal,pooled,0.008980268525857918,0.006996918020760181,0.007027037565696172,0.007571363053764174,0.007569143736251082,4.501747179225987e-05,0.006211651214788153,0.006058231007773429,0.007393166805474039,-0.0001453492324799299,20480,0.006296358198746344,0.007684742620766876,0.00025621421103637343,7934,0.006344239149134455,0.007718977293947896,0.00016435158389337373,18629
0.5,0,3,2,Ucal,context_0,0.010976860527619873,0.005034912428545335,0.004512364770542389,0.007738630147381111,0.007734345867513498,8.161758692538152e-05,0.006357924926802109,0.006310761691686398,0.0076580918562494426,9.358338788597883e-05,10020,0.006477257384511053,0.007852392154776523,-2.68305389970604e-05,3784,0.006360242377567049,0.007780138056228544,0.0001136394569358914,9071
0.5,0,3,2,Ucal,context_1,0.00930170350589392,0.007729663212441902,0.00765146029963804,0.007287181567537822,0.007287326033880912,0.0001017732138183487,0.005901693962378756,0.00589264987738194,0.007261130825719256,-5.5271852583433886e-05,10460,0.0058195769140519295,0.007256280481899494,0.0003855013631912599,4150,0.0059472460527347955,0.00732910773041931,0.00015044653194610182,9558
0.5,0,3,2,Ucal,pooled,0.004937664190418702,0.001884916022261641,0.0020796317519247666,0.007506701714295368,0.007506033979828105,9.197239403269251e-05,0.006123539578329784,0.006097214349028946,0.007455347111164201,1.7556736747792456e-05,20480,0.006133247559403243,0.007540586830546668,0.00018884596643292816,7934,0.006148345932629228,0.007548727467679257,0.00013252410039220097,18629
0.5,0,3,3,Ucal,context_0,0.0058127133731794315,0.004143381257914397,0.004119135673259513,0.007821277216555235,0.007806556528993149,4.67589315169496e-05,0.006476546754276818,0.006463627219423206,0.007766452189355981,-9.815955419323878e-05,10020,0.006433262480875717,0.007831862267916757,0.00013314106897401758,3784,0.006508874108458601,0.007877422397702246,0.00017080404436873464,9071
0.5,0,3,3,Ucal,context_1,0.006634217538424628,0.007028151068775128,0.007127654887816909,0.0073080566517438154,0.007308065900568809,7.294241547984068e-05,0.005917796088386918,0.005814736527364067,0.007186932516398699,-0.0001516652352267424,10460,0.006040232969694827,0.0074130390162287976,0.00028156157179051137,4150,0.005977420481656555,0.007395028993561899,0.00022816594840530374,9558
0.5,0,3,3,Ucal,pooled,0.0039439558795760195,0.004629045009279247,0.004681463080420135,0.007557613874286197,0.007551956334983451,6.0210506467848815e-05,0.006189492652854138,0.006132211367912532,0.007470467043890494,-0.00012548716276796767,20480,0.006227682386169302,0.007612790362887133,0.00021077468211851583,7934,0.0062362006549735,0.007629920322616442,0.000200234774884679,18629
0.5,0,3,4,Ucal,context_0,0.012473718001258632,0.006705230235342469,0.006650363025732531,0.007824768533232962,0.007829174241520836,-1.300289689517412e-05,0.006483706292233181,0.006387178953030628,0.007695494560739063,-0.00014671440238129356,10020,0.006613122653728056,0.007976418814822946,7.838454199895798e-05,3784,0.006536345739583303,0.007904305578636158,9.65747920250685e-05,9071
0.5,0,3,4,Ucal,context_1,0.009883314279734965,0.008340921685609626,0.008347545739918243,0.00732538466953947,0.00731755719739898,-1.6927814992186014e-05,0.005940589377115851,0.0058582592841031214,0.007208665668738233,-0.0002301811053636653,10460,0.0059248734077057205,0.0073695791980352655,2.7140118630535633e-05,4150,0.006037512796865295,0.007433929705647797,0.0001973165345319172,9558
0.5,0,3,4,Ucal,pooled,0.01019192590485091,0.0074782729730135345,0.00745524808213147,0.007568213695791806,0.007567869833243756,-1.5019295096151597e-05,0.006204683916862655,0.006117037364310818,0.007446850507500357,-0.00018934436884592286,20480,0.006253123363207172,0.007659002075515047,5.158036289901435e-05,7934,0.006280409013698998,0.007662969350496013,0.00014826246043885666,18629
0.5,0,4,0,Ecal,context_0,0.0050482903674720905,0.00366739484802908,0.00416413692439388,0.009230806269260252,0.009219414369511788,6.707832061313989e-05,0.007585813847358168,0.007817953518965423,0.009334667884883687,0.0005848511038151446,10420,0.007520036318118983,0.009253442711243003,-0.00044910282709046073,4035,0.007357690643156105,0.009106486769451295,-0.0002838116656136462,9440
0.5,0,4,0,Ecal,context_1,0.004854981113473468,0.0030696805215239273,0.003393173195476443,0.009334542566154545,0.009324298277938896,0.00034851222298435156,0.007730593059690017,0.0076310227289944,0.009158634961145063,0.0009511254950024735,10060,0.0077516117143125885,0.009414881092245895,-0.00031710419661508523,3847,0.007830529977691415,0.009493058758527234,-3.152501928863232e-05,9214
0.5,0,4,0,Ecal,pooled,0.004863211280172049,0.0028472985386988566,0.0034170296780574954,0.009281820539306469,0.009270934492498932,0.00020547872168351561,0.007657011741018298,0.007726131070376141,0.009248198587383172,0.0007647690908925142,20480,0.007633062269547148,0.009332236602605362,-0.00038467771526113194,7882,0.007591246000098763,0.009297431033809915,-0.000159196614727044,18654
0.5,0,4,1,Ecal,context_0,0.009398739818487692,0.007025671694089204,0.006746830743320623,0.009198673526675786,0.00919354296344494,-3.243096548534632e-05,0.007575323526381348,0.007786708404515618,0.009304829710314003,0.0006107558837721765,10420,0.007383782722175934,0.009116684952046828,-0.0005883184562828461,4035,0.0074238655512552645,0.009116541796285705,-0.000504782760389528,9440
0.5,0,4,1,Ecal,context_1,0.008957450422566963,0.007272604243521961,0.007354170637051037,0.00928259300689537,0.009293265351121734,5.647703147430506e-05,0.007690667004652499,0.007564632616063235,0.009064522171166224,0.000583749521471871,10060,0.007766553096440293,0.009423335887175048,-0.0004893447753513575,3847,0.007796589747663172,0.009461923888922641,-0.00029131814526947504,9214
0.5,0,4,1,Ecal,pooled,0.007953891150897932,0.006621171803161517,0.006600833717891686,0.009239942505367232,0.009242527690985396,1.129120989546233e-05,0.007632045845615381,0.007677622348273872,0.009186788018720905,0.0005974900632281788,20480,0.007570603025372456,0.009266353329037219,-0.0005400119667442219,7882,0.007607969804804234,0.009287140627719003,-0.0003993435535858308,18654
0.5,0,4,2,Ecal,context_0,0.00660219336338359,0.004322444346352964,0.0047573143557101145,0.00918854948024683,0.009187322174587906,0.000131084394862797,0.007548653639636296,0.007735441171076156,0.009261263880019313,0.0008384651227384062,10420,0.007410987308698959,0.00918262591920193,-0.0002817508437967359,4035,0.007401318636217739,0.009110818285669172,-0.0004732712191703208,9440
0.5,0,4,2,Ecal,context_1,0.004675179160491283,0.003285553191404572,0.0033728337572988573,0.009229886994796868,0.009217753566215488,0.00014428973841134056,0.007617713831557488,0.0075625388177619065,0.009073279105949865,0.0006391701764366025,10060,0.0075972394154448,0.009319851404210407,-0.00029363230254267727,3847,0.007686503251740802,0.009363312464602268,-0.00021318921915150166,9214
0.5,0,4,2,Ecal,pooled,0.005668634620841124,0.0036804214836077464,0.003898947686089686,0.00920887797850086,0.009202270406998718,0.00013757837027937594,0.00758261528455313,0.007650509644008707,0.009168923702912935,0.000740569265326485,20480,0.00750189213674403,0.009249602123316065,-0.0002875498759961316,7882,0.0075421833862675675,0.009235535845693272,-0.00034480571321055887,18654
0.5,0,4,3,Ecal,context_0,0.0071077026612285064,0.0053908450540650745,0.005250950271169089,0.0091748122237042,0.009161233461926462,0.00010981980939618861,0.00754408035337688,0.0076068536087069765,0.009137893109896307,0.0010026943528463424,10420,0.007583244574225082,0.009336638673528326,-0.0007265646523037807,4035,0.007458050167819454,0.009146393520403131,-0.0005182460210901701,9440
0.5,0,4,3,Ecal,context_1,0.007541640847509876,0.006268524575471884,0.006026489765754409,0.009333793521432746,0.009321372138926847,0.00022447260886084006,0.007736615572864428,0.007597238900025133,0.00913000103759382,0.0006996633185010782,10060,0.007875773053464253,0.009563322430309504,-0.0004776536349293347,3847,0.007830688776781922,0.009460465398464513,-1.1990732663568407e-06,9214
0.5,0,4,3,Ecal,pooled,0.005213289679939173,0.0044503868636006205,0.0045815484857913225,0.00925299425928319,0.00923989533158583,0.00016620247437028693,0.007638763159438042,0.007602130758641579,0.009134016437661785,0.0008538421943740104,20480,0.007726020146368331,0.009447277142487625,-0.0006050776332934415,7882,0.007642112146107231,0.009301526911871855,-0.0002628546531664746,18654
0.5,0,4,4,Ecal,context_0,0.008579919482979275,0.006366895275263363,0.006668062566523421,0.009215267854338821,0.00920764993716988,8.625791964108885e-05,0.007565528985333508,0.007690202674315438,0.009240766611145076,0.0007361905138060136,10420,0.007532059361574227,0.00924731308445473,-0.00042853640690168924,4035,0.0074422186137950526,0.00917342468172877,-0.000411104635824844,9440
0.5,0,4,4,Ecal,context_1,0.008716251271553788,0.007986921576492617,0.00803726664654163,0.009318533603953275,0.009339183876456493,5.871198797823004e-05,0.007743870757546301,0.00751557595302049,0.009049601871154602,0.0007522509701801816,10060,0.008008645057740198,0.009611289052701595,-0.0003596159206107278,3847,0.00788257913617488,0.009489927463365022,-0.0005238465855631105,9214
0.5,0,4,4,Ecal,pooled,0.005260963431322785,0.004701942940653513,0.00525840589762815,0.009266050723932912,0.009272260846799926,7.271169099601147e-05,0.007653231897434324,0.007604424118835595,0.009146864399997411,0.0007440795856382465,20480,0.0077646684929051695,0.009424960324983236,-0.0003948981030750807,7882,0.007659731310975696,0.009329758799344104,-0.0004667926558145721,18654
0.5,0,4,0,Ucal,context_0,0.006102506764721475,0.002917707552004924,0.0028201958588081302,0.009209297805416336,0.009204288753408691,-4.4830506548619113e-05,0.007557283266271899,0.007776184352883451,0.009307556197321178,0.0005173837269107577,10420,0.007447224186994182,0.009197299509474262,-0.0005430367208620282,4035,0.007362700539830504,0.009105967369026276,-0.0004524587097151552,9440
0.5,0,4,0,Ucal,context_1,0.005783887888443915,0.0023425436308531443,0.0027748295088845,0.009336148534939324,0.009332951069770092,0.0003055289558813979,0.007726131426232903,0.007612783734355248,0.009148341623324925,0.0009022496522183921,10060,0.007730281908643193,0.00940117964883339,-0.00046892111580155565,3847,0.007848153444298544,0.009514047692274942,-2.2634792695315615e-05,9214
0.5,0,4,0,Ucal,pooled,0.005405491690642486,0.0014711400728172988,0.0017758416890391326,0.009271679031324559,0.009267489090449495,0.00012746533169462625,0.007640317516451803,0.007695920181868132,0.009229348257164816,0.0007064340788929258,20480,0.007585377327717823,0.009296808123546144,-0.0005068628141546395,7882,0.007602486272744009,0.009307535509822523,-0.00024015048780989083,18654
0.5,0,4,1,Ucal,context_0,0.009554221962462299,0.007064561410116748,0.006755035641327824,0.009211651464503475,0.009208507707510744,-4.741750668471616e-05,0.007588206981485123,0.007796246275992174,0.009323074524813723,0.0005762051991160223,10420,0.007422483240656989,0.009129942834372672,-0.0006265094953841879,4035,0.007429406753251866,0.009123586425747647,-0.00048825568677383967,9440
0.5,0,4,1,Ucal,context_1,0.008543394404407658,0.007405019428828408,0.007400082447356874,0.009288506500086533,0.009300907949571965,1.3882053823373313e-05,0.0076988419949438665,0.007597271129711129,0.009091748462452517,0.0005213074093577165,10060,0.00777745750532511,0.009430497072415327,-0.000607827799852278,3847,0.007776915473976284,0.009444046778667966,-0.0002805591519054374,9214
0.5,0,4,1,Ucal,pooled,0.008359349693774882,0.006968620415449181,0.006918257669722513,0.009249446370018956,0.009253895717038864,-1.7272297851392682e-05,0.007642613824818873,0.007698507507848262,0.009209444632853092,0.0005492388043421669,20480,0.007595736982877016,0.009276635571463524,-0.0006173914437841806,7882,0.007601056016292221,0.009281875355296688,-0.00038566557890006145,18654
0.5,0,4,2,Ucal,context_0,0.008739827764049525,0.005059197644181231,0.005374360513602182,0.009176831917955553,0.009176018612169991,6.057194263198232e-05,0.007535822284030824,0.007716743557958822,0.009244884035629158,0.0007351509597502834,10420,0.007417951476248962,0.009179981612592307,-0.00035917337388354165,4035,0.0073865012072374,0.009100368773462092,-0.000504623079214687,9440
0.5,0,4,2,Ucal,context_1,0.00706382224629617,0.0033276179196218996,0.003407052867277708,0.009202631828425109,0.009191713993081349,6.381831948801821e-05,0.007593166600780851,0.007515860046028617,0.00903210349743871,0.0005415218036110785,10060,0.007571062401870582,0.009278878530565856,-0.0002205603508351839,3847,0.007686800070936623,0.009356983244377757,-0.00033901349140243414,9214
0.5,0,4,2,Ucal,pooled,0.007931466022682835,0.00415531594809917,0.004383236462459907,0.009189519507924215,0.009183728354941878,6.216840935157578e-05,0.007564022427547444,0.007618067379735294,0.009140363907982873,0.0006400382004358107,20480,0.0074926809523801945,0.009228250636119869,-0.0002915199483992696,7882,0.007534831524066211,0.009227121520058905,-0.0004228214955274297,18654
0.5,0,4,3,Ucal,context_0,0.00802624422836579,0.005037206580520689,0.004900375063164799,0.009166815806414872,0.009149824819294385,7.200627072283003e-05,0.007535423675162644,0.007603698122295445,0.009139322068086635,0.0009297422649993091,10420,0.007543843129679764,0.009282322467969503,-0.0007687307146402097,4035,0.007456462632990994,0.009147792011288526,-0.000515412725508213,9440
0.5,0,4,3,Ucal,context_1,0.008395764318456766,0.005880596391511982,0.005288736118178089,0.00935203818310696,0.009340847292356715,0.00018237747377984473,0.007752798857944533,0.007618834234581553,0.009151803870866155,0.000651951777798755,10060,0.00786343889714279,0.009557670761724826,-0.0004167252464482838,3847,0.007852869606830563,0.009484802308481345,-8.017617650370498e-05,9214
0.5,0,4,3,Ucal,pooled,0.005705031246964731,0.00449511671785824,0.004586891947092775,0.009257902384845572,0.009243657147370899,0.00012628338034256027,0.007642321999160859,0.00761113314620161,0.009145453266131653,0.0007932885393529432,20480,0.0076998295439693176,0.009416712836667387,-0.0005969259650672157,7882,0.007652264812521271,0.009314255658674322,-0.00030043097561395244,18654
0.5,0,4,4,Ucal,context_0,0.009246062456786202,0.0058532629557311,0.006156217973751376,0.009211246427161248,0.00920694129617528,4.73517869201807e-06,0.007557093244662567,0.0076965927484225405,0.009248577782570521,0.0006803663279467947,10420,0.00751240285577384,0.009233294715216243,-0.00043457506831546107,4035,0.007422214101652725,0.009160615329103351,-0.0005532584366214982,9440
0.5,0,4,4,Ucal,context_1,0.007330544714169104,0.007178035325004341,0.0071401115524427974,0.009302962480313627,0.00932033590067117,-2.877429355841226e-05,0.007725386426821438,0.007508137071168209,0.009042272234261944,0.0006895877065407353,10060,0.00802598237189529,0.009629371036451735,-0.0004490130792306806,3847,0.007837079059464413,0.009451307407578295,-0.0006376372317520532,9214
0.5,0,4,4,Ucal,pooled,0.003475996085542203,0.003913975828353806,0.004412915045835787,0.00925634951685276,0.00926264196615715,-1.174373291046193e-05,0.007639854574097127,0.007604021258521243,0.009147238240774413,0.0006848959699709666,20480,0.007763067712221343,0.009426609306410474,-0.00044162188739575156,7882,0.007627133460571826,0.009304200448169939,-0.0005949366942784583,18654
0.5,1,0,0,Ecal,context_0,0.02316759576440846,0.020840108581442647,0.021613118406182456,0.008461539618148724,0.008452575406106937,-6.922429616301303e-05,0.006218013003939063,0.006096473054810334,0.008236652310372263,-0.0005263766852044638,10180,0.0062994676021238165,0.008680731335804426,0.000340289776193819,3792,0.006318142517076884,0.008618806421407348,0.00026521638093630336,9272
0.5,1,0,0,Ecal,context_1,0.021938420310347043,0.01634100230527817,0.01719113066335164,0.014837158053585757,0.01483707080597011,-0.000811536939028839,0.0130979998976895,0.012844561249090052,0.014566891884857346,-0.0003968099956807581,10300,0.01316446035543649,0.014921450326024786,-0.001213212142564887,3988,0.01334889568021831,0.015098987745008069,-0.0010971388650861213,9348
0.5,1,0,0,Ecal,pooled,0.007565485933937604,0.006488332070191222,0.006475992187913643,0.011676004578472737,0.01166352768240531,-0.00044348414315056986,0.009686770901137983,0.009490286941581872,0.011420317721368178,-0.00046121375053189697,20480,0.009818438180557101,0.01187970143002021,-0.00045602971635241743,7780,0.009847867574490743,0.01187212194305179,-0.00041874155890352614,18620
0.5,1,0,1,Ecal,context_0,0.023288197333808085,0.02175040750619401,0.02242659421642039,0.008433054324604285,0.008420135212978188,-2.7227490490314944e-05,0.0061820508210868996,0.006032055180907718,0.008168309393992065,-0.0003251811017397579,10180,0.0062366951805173975,0.008606779182086997,0.00026846085557171817,3792,0.0063243873402913445,0.0086526767074837,0.00017897586954550252,9272
0.5,1,0,1,Ecal,context_1,0.01870339324598121,0.014138570115572971,0.01509901071995669,0.014776858669206121,0.014744119139671172,-0.0009403617826115008,0.013053911317985918,0.012550448047774799,0.01430162597846328,-0.0005523606431354018,10300,0.013303077267809821,0.015017757661294259,-0.0011012683105967947,3988,0.013502349259286391,0.015197717840601477,-0.001299231755118825,9348
0.5,1,0,1,Ecal,pooled,0.008307597829491073,0.005974028042224814,0.005956587107435471,0.011631479228380074,0.011600654472984914,-0.00048761234818178994,0.009646711544310134,0.009310348468443409,0.01125293638715874,-0.0004394364375002624,20480,0.009858897206754182,0.01189302367759838,-0.0004336573853897252,7780,0.009928017201664368,0.01193855450084487,-0.0005631446930410782,18620
0.5,1,0,2,Ecal,context_0,0.020492162267425267,0.020564037581525783,0.02133100211522024,0.008473969285546034,0.008468596111767944,1.473599848356864e-05,0.00626531422264506,0.006064423265517461,0.00820398416941023,-0.00028226111845382304,10180,0.0064477760615888275,0.008657871099470875,0.0002438389373951069,3792,0.006411256268620491,0.008695182918404046,0.0002471208459889714,9272
0.5,1,0,2,Ecal,context_1,0.013516951890534364,0.012241761934166836,0.012815461574106679,0.01468972123531705,0.014698145309234455,-0.000554999447479544,0.012958331500824852,0.012595132464922748,0.014313406859845538,-0.00028331885566410507,10300,0.013370944660646446,0.015124554167169839,-0.0014410035576346287,3988,0.013182491619398145,0.014918853064064125,-0.0004763650555668935,9348
0.5,1,0,2,Ecal,pooled,0.00686863233056379,0.006859930448244957,0.0069045702654880765,0.01160783261926591,0.011601621342915652,-0.00027251372422940344,0.009639805613153966,0.009348910802327737,0.01127659421391627,-0.0002827930858984473,20480,0.009996567369177745,0.011972669566563865,-0.0006198052618566393,7780,0.009810692791663966,0.011819719358878291,-0.000116098606628871,18620
0.5,1,0,3,Ecal,context_0,0.02750593451493435,0.023711068227749408,0.024357870938317226,0.008461690047026052,0.008455872809907962,-5.8224005296100666e-05,0.0062283565923494655,0.006085565572051964,0.008239336561389662,-0.00040506685266091923,10180,0.006215376697897219,0.008525987376807943,0.0004708341839585752,3792,0.006390439459734224,0.008679522554494293,0.00010621425317241983,9272
0.5,1,0,3,Ecal,context_1,0.01838351845981371,0.01682944646276697,0.017752325927732772,0.014565320485601118,0.014557342057626058,-0.0008425693008604237,0.012806673213161174,0.012626805404038394,0.014378963259582236,-0.0004567394389327869,10300,0.013030389259843046,0.014732395427308765,-0.0012103661445484178,3988,0.012909418061235342,0.014699379595620841,-0.0011107842950010892,9348
0.5,1,0,3,Ecal,pooled,0.01388449795686254,0.009666339916265684,0.009666355060734051,0.011539023857737661,0.011524482831953684,-0.0004536759124197854,0.009545018103644378,0.009375349276615453,0.01132713709807831,-0.0004310545303269464,20480,0.009708727610113151,0.011707369806807593,-0.0003909430538416675,7780,0.00966323279844703,0.011701736497590478,-0.0005047686914208112,18620
0.5,1,0,4,Ecal,context_0,0.02264925787848919,0.023663313348781616,0.024300814929057158,0.008470043636973616,0.008454089610680036,1.166982829796429e-05,0.006251828536657946,0.006020809885677983,0.00816617146508781,-0.0002511302869188762,10180,0.006333274304088724,0.008631712390029585,0.0004279238696481231,3792,0.0064721615302816,0.008737555586737344,0.00012996899224399904,9272
0.5,1,0,4,Ecal,context_1,0.020524041218323415,0.01829230735619382,0.01939879173401738,0.014593851273665068,0.014587010457412479,-0.0009681575190522411,0.01282740276889082,0.012414150072749958,0.014173628885696813,-0.0006273639646982683,10300,0.013387978111030376,0.015107537930935352,-0.0012628717629151155,3988,0.01304359107717049,0.014837722498192147,-0.0012179278662196326,9348
0.5,1,0,4,Ecal,pooled,0.009381514777802122,0.008108917767060965,0.008168314807193149,0.011557550405336226,0.011538517575589418,-0.0004823403931604285,0.009567107388045665,0.009236210468043283,0.011187500148304252,-0.0004403493729114416,20480,0.009949490085847503,0.01195119725598488,-0.00043877188647812313,7780,0.009771287384433981,0.011800088362692203,-0.0005467302469030487,18620
0.5,1,0,0,Ucal,context_0,0.023140805049348307,0.021440201709018933,0.022176780629335972,0.008438717098951812,0.008428317878275337,-6.05808246917311e-05,0.006192318315586808,0.006074367419309724,0.00822014553210065,-0.0004965012680834309,10180,0.006244279047324939,0.008634111804062185,0.000375643117109683,3792,0.006300569505119782,0.008598782007144899,0.0002396250560693282,9272
0.5,1,0,0,Ucal,context_1,0.02003172217792367,0.016088742778453517,0.01679068325204614,0.014813220732866979,0.014812020550736438,-0.0006312483356296915,0.013074639685408484,0.012906390720056098,0.014623229407685023,-0.00025125056071188844,10300,0.013075623241857575,0.014834862694076759,-0.0009860630617023948,3988,0.013259603519384799,0.01501332797592106,-0.0008985756734640338,9348
0.5,1,0,0,Ucal,pooled,0.007539321212197011,0.006623055100762856,0.006591026519287934,0.011652619997655286,0.011638871468429113,-0.0003483004767508103,0.009662253211002874,0.009510394762946817,0.011440446504684587,-0.0003731574064659071,20480,0.009746001495627788,0.011812594393956544,-0.0003223625694073564,7780,0.009794288622485483,0.011819145901673338,-0.0003317981673290535,18620
0.5,1,0,1,Ucal,context_0,0.022147691584898044,0.020925868853198627,0.02157808137581206,0.008437663575608536,0.00842071515168076,-4.363722004274599e-05,0.0061917089164959666,0.006020242697056127,0.00815451015995711,-0.0003671971268673777,10180,0.0062397072005246764,0.008600201449741463,0.0003336258586260337,3792,0.00636033667974669,0.008682072349618401,0.0001573181571318375,9272
0.5,1,0,1,Ucal,context_1,0.01574961535125251,0.014486205191448807,0.01536454212475123,0.014802018351196877,0.014769136081646185,-0.0009044895995453058,0.013077298557534901,0.012506806833796132,0.014262645956593932,-0.0004956578101637294,10300,0.013435971142244017,0.01513793558466896,-0.001011186051429992,3988,0.013552873919825167,0.015253012974359445,-0.0013094384635284153,9348
0.5,1,0,1,Ucal,pooled,0.007566920048509976,0.005765597502658405,0.005752780123289093,0.01164644961391498,0.01161352450610673,-0.0004776625366366561,0.009663291611794522,0.009282528371295484,0.011226472987367231,-0.0004318038181736483,20480,0.009928486197899577,0.011951420438185019,-0.0003557198865286489,7780,0.00997128394721466,0.011980952744896559,-0.0005790535340567792,18620
0.5,1,0,2,Ucal,context_0,0.019407612932054407,0.02022102252833441,0.020985927569616845,0.008459642406563867,0.008451763084573845,-9.95022570578126e-07,0.006241293697286352,0.0060451965881529865,0.008187405430614145,-0.0002918345718287766,10180,0.006454045784105605,0.008668145495059188,0.00016670533208341538,3792,0.00636958453613008,0.008673267158892807,0.00024974126588935686,9272
0.5,1,0,2,Ucal,context_1,0.012186481987002685,0.012261849803503713,0.012827751047046641,0.014702211006195107,0.014699145124364103,-0.0005621993602177056,0.012967250620693165,0.012600885699638754,0.014325378645964202,-0.00033400718466315455,10300,0.013541023430966566,0.015281823900142167,-0.001367132525999424,3988,0.013126145862401564,0.014870148221569245,-0.00047023379999887603,9348
0.5,1,0,2,Ucal,pooled,0.005940655269688984,0.006511339212310862,0.006533927812282451,0.011607026182606615,0.01159375698153867,-0.00028394352352253,0.009632392627355537,0.009342247264339677,0.011274374381693519,-0.00031304443082262877,20480,0.010086805020054386,0.012058293243063163,-0.0006195344337307702,7780,0.009761654099931683,0.011784354386277306,-0.00011171560392391925,18620
0.5,1,0,3,Ucal,context_0,0.026481373481793934,0.02338547164146526,0.024025468163643093,0.008479369896340102,0.008468791930092501,-9.315921805607967e-05,0.00625578282348718,0.006102735885146325,0.00825281086454876,-0.00042068403733853976,10180,0.006267069545201172,0.0085503510931381,0.00037773501006139733,3792,0.006419201566322648,0.008699086273106478,7.385671672325283e-05,9272
0.5,1,0,3,Ucal,context_1,0.01777834008380897,0.017202898863788008,0.018016960886337932,0.014585098164271932,0.014562173777294076,-0.0007836991058305388,0.012826428649530009,0.012586230500556022,0.014340370683117037,-0.00039908427835523504,10300,0.013051363624120458,0.014763912224019186,-0.0011451342955807087,3988,0.012995127863882315,0.01477846386662788,-0.0010532893054745216,9348
0.5,1,0,3,Ucal,pooled,0.012835799228319,0.009611515526835543,0.009629928284568058,0.011557761392518361,0.011533334558323761,-0.0004413162314399772,0.009568576866668671,0.009363477805982257,0.01131442542173886,-0.00040982087730299097,20480,0.00974467427357265,0.01173540016639694,-0.0004028823152471784,7780,0.009720584972852603,0.011751181962915181,-0.0004920165923801195,18620
0.5,1,0,4,Ucal,context_0,0.020687859630560797,0.023615342568318456,0.024262887459127063,0.008475229504120423,0.008459216142391503,1.631171406187262e-05,0.006258390660520635,0.006022986998755946,0.008169580078951388,-0.00027938694830376414,10180,0.006392742106337336,0.008681804965395591,0.00039603810694524506,3792,0.006461901078362265,0.008726327109714183,0.00018566998639453372,9272
0.5,1,0,4,Ucal,context_1,0.019477969412198835,0.017731129726916855,0.018731419780962492,0.014649624750211932,0.01464495685755821,-0.0008805437073556627,0.01289031420993392,0.01247513130994387,0.014234637601051855,-0.0006077199215883191,10300,0.013342877929804169,0.015059112531041686,-0.000966307732819345,3988,0.013154708706623578,0.014932180416279512,-0.0011445636110628166,9348
0.5,1,0,4,Ucal,pooled,0.008634055759791337,0.008515259564377087,0.008593893302812693,0.011588241578280383,0.01157020878722632,-0.00043586564815282163,0.009602079760647178,0.00926796192088659,0.011219877563210901,-0.0004445153479537112,20480,0.00995535671610414,0.011950789871796185,-0.00030229546747393045,7780,0.009821963683571007,0.01184191876974494,-0.00048216157477793195,18620
0.5,1,1,0,Ecal,context_0,0.025053483533360055,0.0237775376833006,0.023932014914260415,0.007000169271557123,0.006992146792699314,5.501533121753507e-05,0.005285586401506909,0.005043622880854975,0.00670157859064604,-0.00025316602697863036,10740,0.00538605600770576,0.007148947635037358,0.0002037341495238236,4255,0.005505298002136909,0.007260623833020049,0.0003259189150197572,9882
0.5,1,1,0,Ecal,context_1,0.023706219988303925,0.02057044594530279,0.01965267254704587,0.009073030549251846,0.009052244457330034,-0.0007007846190070196,0.0074928412910625995,0.007265111261087582,0.008891830434573306,-0.0003593181045745065,9740,0.007583982590856038,0.009119538321065126,-0.0008300975404116022,3793,0.007703910115528853,0.00925209549553538,-0.0010204103590233755,8871
0.5,1,1,0,Ecal,pooled,0.009774784511024887,0.007062387219175901,0.007480862697198104,0.0079823901227547,0.007971900271874274,-0.00030311884709576035,0.006331489376181846,0.006100131514813256,0.007743231567201292,-0.0003036504623196379,20480,0.00642193268885499,0.008077681540616798,-0.00028350784847879445,8048,0.00654533895867186,0.008202678177294219,-0.00031095449137050733,18753
0.5,1,1,1,Ecal,context_0,0.019309434524836397,0.020121434758594917,0.020229462521963025,0.007044604341043056,0.0070407728291622795,5.479777438390359e-06,0.00534683960741244,0.0052002165313928045,0.00683985528530938,-0.0004572510636052606,10740,0.0053503170863371755,0.0071305135705756716,0.000381281901015238,4255,0.0055046958271681695,0.007230139767770276,0.00034657380668240217,9882
0.5,1,1,1,Ecal,context_1,0.01429193176696651,0.017025360068829275,0.01596089475326189,0.008963168781934159,0.008970834500456985,-0.0005332101787424017,0.007387279507824964,0.007266502187719274,0.008867953846948719,-0.00042734127778567573,9740,0.0075150655811878925,0.009055418220800198,-0.000543131804618677,3793,0.007465250257634885,0.009028267569572453,-0.0006452077402765916,8871
0.5,1,1,1,Ecal,pooled,0.0071373219314706865,0.006303004058681522,0.005929652803428087,0.007953711968498572,0.007958683018537789,-0.0002497772978830805,0.006313697658825104,0.006182912932399631,0.007804390441089026,-0.0004430263900758291,20480,0.006370557026815403,0.008037715774638996,-5.439170552917551e-05,8048,0.0064321249506508246,0.008080733898298038,-0.00012258281375556693,18753
0.5,1,1,2,Ecal,context_0,0.0245033503988051,0.022944608826589167,0.02305882154217004,0.007038263313790449,0.007036477458424057,5.505072484470887e-05,0.0053303925642539975,0.0051979778865196185,0.00682474374644297,-0.0002408054169940327,10740,0.005401009253798585,0.007170394080533448,0.00023590063043682892,4255,0.0054438978895783256,0.007213428638706504,0.00029872393017294337,9882
0.5,1,1,2,Ecal,context_1,0.016550814803501488,0.017122718058303035,0.016038855427030478,0.00905985187720864,0.009043904326802393,-0.0005290951159791188,0.007497415800725715,0.007427666327501102,0.008988305497337257,-0.00017687141268037918,9740,0.007711532186631348,0.00927455485921801,-0.0007634983276970432,3793,0.007482447524033987,0.009046605718848336,-0.0008155980455342576,8871
0.5,1,1,2,Ecal,pooled,0.010289297162562815,0.007161066271303073,0.0075751321003256124,0.00799618869977681,0.007991181447584457,-0.00022174552349642256,0.006357231856779798,0.0062583863540567105,0.007853703290081171,-0.00021039930361439475,20480,0.006489952281163728,0.008162079199016369,-0.00023511331690434612,8048,0.006408222200742201,0.008080602631024437,-0.00022839974318591014,18753
0.5,1,1,3,Ecal,context_0,0.02621466190558261,0.023024830071538577,0.023088092817894767,0.007037912745149057,0.007025617763009122,4.360729673262716e-05,0.005329158500183739,0.00519580203914942,0.006822548599959675,-0.00036417249923145306,10740,0.005512859183774011,0.007283572556060268,0.0002978421730174301,4255,0.005394995575961109,0.007166199369709547,0.00037732371143232206,9882
0.5,1,1,3,Ecal,context_1,0.015027975980528333,0.017782907011006592,0.016815281993059213,0.008980454488727533,0.00895809184806152,-0.0005787522931944215,0.007398461065175458,0.0073216480725049,0.008911318182630907,-0.0003234272857160294,9740,0.007517961824974283,0.009130276213357404,-0.0007048234610673214,3793,0.007431703333994566,0.008992303639878477,-0.0008051842211729617,8871
0.5,1,1,3,Ecal,pooled,0.008839243759574199,0.0076733095352332185,0.008078682400889981,0.007958381965832463,0.007944675262443222,-0.00025129645430321384,0.006309693063032969,0.006206824517903442,0.007815938040155856,-0.0003447946486630826,20480,0.00645785847776912,0.008153918849813752,-0.00017471134960725458,8048,0.006358448597958379,0.008030027609493506,-0.00018205494105749142,18753
0.5,1,1,4,Ecal,context_0,0.018046234771314246,0.020930243978933283,0.020976813613174047,0.007106325229707912,0.007091793525102025,-5.3285365823084135e-05,0.005397597260965758,0.005224674501329716,0.006851400617517451,-0.00044327120936616174,10740,0.005488509847645754,0.007268677801977226,0.0002564820722533449,4255,0.005546388738618836,0.00731347764216689,0.0002371808870242593,9882
0.5,1,1,4,Ecal,context_1,0.01333579641533174,0.018204414699412245,0.01716519696806236,0.008969710832859535,0.008963831626015741,-0.0005954967812867628,0.0074104821425675545,0.00749105473987957,0.009061352499364827,-0.0005308406027817995,9740,0.007525322901371315,0.009092017405561075,-0.0004393116117010888,3793,0.007272913875634662,0.008816796994282318,-0.000733267216060385,8871
0.5,1,1,4,Ecal,pooled,0.006567581458726543,0.005459758752886219,0.005762216754771998,0.007989286483763642,0.007982108520360794,-0.00031021107704002655,0.00635139842607239,0.006302533071811922,0.007902422655075726,-0.0004849179814300442,20480,0.006448454170804434,0.008128012682244813,-7.144355439168085e-05,8048,0.006363111635780218,0.008024614312172539,-0.00022188406911416542,18753
0.5,1,1,0,Ucal,context_0,0.02317035427244259,0.023592398747302314,0.02372783215460355,0.007001709211695764,0.006995263788787918,3.204576716946507e-05,0.005287400326322176,0.005044703645843257,0.0067040719527203165,-0.00030130002980625166,10740,0.005374035258480861,0.007136639660403798,0.00020997429531413434,4255,0.005513865688800257,0.007267090217781945,0.00031772153849749885,9882
0.5,1,1,0,Ucal,context_1,0.023708409144697733,0.019748210129123117,0.01886028627971096,0.009087012836522733,0.00906755289497955,-0.0007368862914768495,0.007509287801990045,0.0072710612150065955,0.008893867090371441,-0.0004038056243953029,9740,0.007642908895920079,0.009179453076461426,-0.0008703905847458861,3793,0.007713718209829315,0.009259554121318823,-0.0010455125921199346,8871
0.5,1,1,0,Ucal,pooled,0.00860914061776078,0.006499592689058765,0.006927578950340478,0.007989825842279369,0.007980815346127101,-0.00033231103243105167,0.006340236920405696,0.006103527997584024,0.007745507726193068,-0.0003500502491078805,20480,0.006443349088849518,0.00809941193762877,-0.0002991986656783678,8048,0.006554493413113635,0.008209613936028393,-0.0003271486141557968,18753
0.5,1,1,1,Ucal,context_0,0.022675215461736745,0.021490229267254995,0.0216060439735587,0.0070433781979808915,0.007035893916375886,-3.87301747367261e-05,0.005345112184745378,0.005196651265552368,0.006836087558309251,-0.0004690912744685924,10740,0.0054103477948841,0.007187398600957841,0.00033171079728914343,4255,0.005478373948658822,0.007206654321782399,0.0002694920348514311,9882
0.5,1,1,1,Ucal,context_1,0.01613659277852055,0.017191900813790836,0.01613691227762623,0.008981884409688227,0.008981746779226226,-0.0005996113363204471,0.007409667800992216,0.0072993081514350685,0.008896784218848354,-0.0004991746796352418,9740,0.007592316620658829,0.009126284992628143,-0.0006916281125600816,3793,0.0074527425404456215,0.009013579195810341,-0.000670542843911132,8871
0.5,1,1,1,Ucal,pooled,0.007859560323938771,0.006225747248821056,0.0058634958027072625,0.007961935190580268,0.007961314174391623,-0.0003045025049353616,0.006323397416157449,0.006196645311865723,0.00781612591151486,-0.0004833985189179657,20480,0.0064387036293974634,0.008101190360849175,-0.0001505859826634051,8048,0.006412337782591564,0.008061409857296817,-0.00017518611848417906,18753
0.5,1,1,2,Ucal,context_0,0.02375684254046794,0.023481269067978802,0.023575198972851295,0.0070551918908057345,0.007054130913199374,4.5799891758555454e-05,0.005350497633886044,0.005206414709974156,0.006832824231019621,-0.0002414055435711889,10740,0.005379261033550412,0.007156076615257134,0.0002062246544871011,4255,0.005494705520674324,0.007253427487199395,0.00028886597251462636,9882
0.5,1,1,2,Ucal,context_1,0.01913232048098296,0.018262061428209877,0.01720973359908114,0.009070791819378145,0.009051750491488434,-0.0005822181880408909,0.007509316974617986,0.007409022639274169,0.008966759959498976,-0.00026124959344950787,9740,0.007685762878449429,0.009251266946045512,-0.0008652795984213566,3793,0.007543992604537513,0.00910784831354721,-0.0008135993380518216,8871
0.5,1,1,2,Ucal,pooled,0.009605053333543962,0.007117614585320357,0.007547172401829049,0.008010279575070795,0.00800417069310833,-0.0002517851225141291,0.00637344952808791,0.006253944066975237,0.007847694055013222,-0.000250843094636366,20480,0.006466308933364275,0.008143533986614031,-0.00029877231759065483,8048,0.00646410912121559,0.00813065071284497,-0.00023264897282931644,18753
0.5,1,1,3,Ucal,context_0,0.026203755497176566,0.023305553719877508,0.023349247765002974,0.007040898429812695,0.00702890065525709,3.241114541495896e-05,0.005330596454152533,0.005196391253817126,0.006821139267933238,-0.0003539610692270419,10740,0.005510679360142046,0.007287881071580799,0.0002804225168413057,4255,0.005398913706390633,0.007173392080679127,0.00034554099765498974,9882
0.5,1,1,3,Ucal,context_1,0.016894130181434805,0.018069806712591667,0.01711762763774452,0.008988107697025079,0.008962564505010451,-0.0006006010138782044,0.0074052414814450235,0.00728529575921488,0.00887769634347888,-0.00029859851311425656,9740,0.0075597072262272745,0.009164983272753094,-0.0007310909764915351,3793,0.007470891663449591,0.009033707688548425,-0.0008763935884750356,8871
0.5,1,1,3,Ucal,pooled,0.008942339321341114,0.0077773672419817795,0.008196111424011917,0.00796357934651552,0.0079485239900519,-0.0002675403026678657,0.006313662531254561,0.00618984486136469,0.00779920889272887,-0.00032763141607574655,20480,0.006476380490368347,0.008172554114454372,-0.00019630097722075508,8048,0.006379051095452117,0.008053403799199287,-0.00023248820906177314,18753
0.5,1,1,4,Ucal,context_0,0.015991172689827717,0.019598087495591304,0.019632232187255228,0.0071013067112003165,0.007088500924789987,-8.158138009921749e-05,0.005390787021487109,0.005231937718208276,0.006858944862175237,-0.0004902774138546079,10740,0.005388535870858561,0.007189920597127502,0.0002310650451623175,4255,0.005564397643136486,0.007326556071037311,0.0002279799296604528,9882
0.5,1,1,4,Ucal,context_1,0.013703039284408374,0.01828581561795495,0.01722952246070963,0.009026832997002885,0.009019191667462168,-0.0006328023356727895,0.007468595358792016,0.007541276532697665,0.009110377796708551,-0.0005811051289633191,9740,0.0075946480405069796,0.009167917901123394,-0.0005486183066874734,3793,0.007334897640881309,0.00887478008408864,-0.0007255585993737866,8871
0.5,1,1,4,Ucal,pooled,0.005433379908580445,0.0053808424996311605,0.005717598309470802,0.008013713193870326,0.008006710291666306,-0.00034277624248940186,0.0063753520262243004,0.0063302267833023505,0.007929694705063639,-0.0005334737978955672,20480,0.006428270396141421,0.008122145221140476,-0.0001363975484716608,8048,0.006401922598076726,0.008058934635521839,-0.00022308604863969852,18753
0.5,1,2,0,Ecal,context_0,0.022651638762538288,0.02081238307817268,0.021513017249648353,0.010313142490160597,0.010307657964097753,0.00021182172179522434,0.008144291052647672,0.008213604336395066,0.010304017492243469,0.00017317105047919107,10140,0.00802263741349738,0.010261927266636228,0.00015525529086440502,3992,0.008120904020267937,0.010345120378734834,0.0002783373887942992,9287
0.5,1,2,0,Ecal,context_1,0.023346088054945237,0.022078872033993693,0.021075581911043032,0.009803876588540041,0.009779470456523656,3.211055028183968e-05,0.007510895354242278,0.0068942990247700614,0.009207921563159058,-0.00018685837663580417,10340,0.007898012978867407,0.01020702408379986,0.00024506535469776106,4200,0.008014416187838925,0.010277634192944592,0.0001773165850302302,9433
0.5,1,2,0,Ecal,pooled,0.00914148146980642,0.006390050076631019,0.00638424765210923,0.010055532947209263,0.010040985169746377,0.00012091574790320943,0.007823891088985608,0.007547509760115645,0.009750617496797532,-8.601619265391492e-06,20480,0.00795874305003963,0.010233778662154691,0.00020130048960709246,8192,0.008067244847014578,0.010311114118555382,0.00022743304894886848,18720
0.5,1,2,1,Ecal,context_0,0.023205084578271442,0.021154735976992925,0.021355745577318848,0.010361256789319498,0.010360727809752161,0.0002197130526398466,0.008190197671852957,0.008056272141988109,0.010206214270942074,-4.408042730958269e-05,10140,0.00833666443503751,0.010534508513598861,0.0004707489812182998,3992,0.008273465632894933,0.010456067842730057,0.0003998283169665429,9287
0.5,1,2,1,Ecal,context_1,0.025806194992486525,0.023119184033149227,0.022118262947356464,0.009952658827362152,0.009936259470967003,-8.548705130834153e-05,0.007700374694851499,0.007187681683704862,0.009465595295818701,-0.00024235102760549672,10340,0.00785373826688599,0.010079704313137058,-0.0002013643001694055,4200,0.008194079638423148,0.01042998797778139,0.00013805349360091883,9433
0.5,1,2,1,Ecal,pooled,0.011371322768873756,0.007831128716746454,0.0077681237997284675,0.010154569607052376,0.010146421041049106,6.532914624319919e-05,0.007942423232545565,0.007617735748499399,0.009832288479790919,-0.0001441838456230471,20480,0.00808907045234264,0.010301332531916785,0.0001261596523818298,8192,0.00823346306420624,0.010442926209927665,0.00026792009534218754,18720
0.5,1,2,2,Ecal,context_0,0.025274719507199315,0.020433322916475666,0.020626715640390935,0.01032415993777803,0.010323022291319884,0.00012610385223769466,0.008190631308273957,0.008179099136629165,0.010279177017962281,-4.69867415593926e-05,10140,0.008125028355543563,0.010287285406146672,0.0005532044922944181,3992,0.008231422005784233,0.010389124935861813,0.0001315041823761705,9287
0.5,1,2,2,Ecal,context_1,0.01244826888436761,0.017496635254425408,0.016384820164276285,0.009776161934305201,0.00978213134040747,5.600044233964172e-06,0.0075356606033535525,0.007045590848710597,0.009302769319212418,-7.550788383995772e-05,10340,0.007894975974978435,0.01006336381640895,8.124980809433119e-05,4200,0.00791286792893223,0.010167196783793554,6.082393568639827e-05,9433
0.5,1,2,2,Ecal,pooled,0.007959109493361295,0.003430702183065964,0.00416849699908267,0.010046957959865004,0.010049935746767425,6.514761934451794e-05,0.007859317738282042,0.007606810284232779,0.009786205552870797,-6.138657608971698e-05,20480,0.008007081578398356,0.010172481856720594,0.0003112355379926157,8192,0.00807090274259273,0.010277295434875707,9.58884362744279e-05,18720
0.5,1,2,3,Ecal,context_0,0.024263593301706486,0.02048008632372346,0.020825501432928828,0.010279776197793333,0.010268038177176099,0.0003348488733347395,0.008095706364893833,0.008008746342840043,0.010196022924159321,0.0002179966207145469,10140,0.008227078510048932,0.0103734234960753,0.0008529469805708032,3992,0.0081341834856181,0.010330967990612033,0.0002397303417833652,9287
0.5,1,2,3,Ecal,context_1,0.015072367663560678,0.019573039579316706,0.018509872733200095,0.009679937181126029,0.009659277612093911,5.9132463802723646e-05,0.007408095420377179,0.006938833182919014,0.009267574063407905,-0.00010116787814684717,10340,0.007916843554093724,0.010058756990925065,0.00018067545479252226,4200,0.007695960296207555,0.009963281974516196,0.00018072951390358318,9433
0.5,1,2,3,Ecal,pooled,0.009446693059877172,0.005711350347965188,0.005655413193324366,0.009976350709386739,0.009960685430938315,0.00019537914245798782,0.007747881897201021,0.007468565577528352,0.009727265052080724,5.6855950879253216e-05,20480,0.008068022502357053,0.010212095453884018,0.0005082765205770556,8192,0.007913363007748994,0.010145691164232118,0.00020999984982877204,18720
0.5,1,2,4,Ecal,context_0,0.022235575103920012,0.021056804378726902,0.021281612131595927,0.01024273521115571,0.010250166154824523,0.00023296522972774046,0.008075159292020207,0.0080630680917224,0.010196855133886153,-9.279819370726862e-06,10140,0.008341392520852461,0.01050237421687545,0.0006135639796156682,3992,0.007973921187306242,0.01018122396669357,0.00033386052296622984,9287
0.5,1,2,4,Ecal,context_1,0.021380112466849698,0.019901181942791026,0.019024648004819032,0.009855061475205722,0.009839256744834626,-0.00012200100901616866,0.007626760120570463,0.007139741988200514,0.009391490770846144,-0.00019134989285722693,10340,0.008054209810105108,0.010300615675015641,-0.0002076011301860923,4200,0.007970285912223147,0.010164824376072504,-7.87104316964883e-06,9433
0.5,1,2,4,Ecal,pooled,0.0056984933869080965,0.005156839062225508,0.005117683358854391,0.010046632441238233,0.010042705056226108,5.340737942794865e-05,0.00784833887217794,0.0075968966117216045,0.009790240509187243,-0.00010120387014467269,20480,0.00819415529122125,0.01039893355820709,0.00019255647703175782,8192,0.007972089373745406,0.010172960219987988,0.0001616621328294914,18720
0.5,1,2,0,Ucal,context_0,0.02060419559109854,0.020517309109961177,0.020906760121758922,0.01033798662607731,0.010337207697442747,0.0001309928372314623,0.008166692841762593,0.008213630394323103,0.01030628091408375,5.8814893518914365e-05,10140,0.008082254084278801,0.010318406679894298,4.7799709340732895e-05,3992,0.008151739976134484,0.010381020874465083,0.00024556065415673716,9287
0.5,1,2,0,Ucal,context_1,0.023783479772592816,0.021411164583323504,0.020380583817426096,0.009830729407097838,0.009805454685479541,3.41433540831339e-05,0.007547653453036939,0.00697868760005072,0.00927561188867177,-0.00019065724538073548,10340,0.007866358101545345,0.010192755835707343,0.0002279211500925677,4200,0.008029424617686808,0.010278031870827894,0.00019428026230075156,9433
0.5,1,2,0,Ucal,pooled,0.008973126432772243,0.0061296829915448384,0.006243802436112424,0.010081393164932076,0.010068734741207418,8.200202318025372e-05,0.007853554943680214,0.007590129003074253,0.009785913837777115,-6.71393016091315e-05,20480,0.007971565225943777,0.010253986081067978,0.00014014712769494508,8192,0.00809010531928422,0.010329124759544698,0.0002197204866152034,18720
0.5,1,2,1,Ucal,context_0,0.02269874740229357,0.020788854126235923,0.02096053844170564,0.01034494321864701,0.010341424613053403,0.00017587703055884247,0.008175697643568323,0.008058802251514834,0.010205748628953994,-7.745740270238422e-05,10140,0.008362020862350364,0.010527781564780821,0.00037812281825499446,3992,0.008223239044025357,0.010418329937901993,0.00036554495010076123,9287
0.5,1,2,1,Ucal,context_1,0.027338545520901703,0.02331959171568854,0.022362942122190088,0.009999771504976489,0.009982952460921329,-0.00018662525100751368,0.007744073358723016,0.007250878242577644,0.009524071428430429,-0.00026814674623526735,10340,0.007913933853574452,0.01012528659724575,-0.00041173089606066546,4200,0.008209060470200502,0.010465325984352656,2.9619396930280273e-06,9433
0.5,1,2,1,Ucal,pooled,0.009911923370248805,0.007486592896117826,0.007678207889063491,0.010170339878593343,0.010160438184682033,-7.492888330215944e-06,0.007957362714031765,0.00765089530559635,0.009861581526736529,-0.00017373317477904494,20480,0.008132288753358807,0.01032142428162075,-2.6831478635358508e-05,8192,0.008216094466734231,0.010442011225624702,0.00018283952610630892,18720
0.5,1,2,2,Ucal,context_0,0.026279029756437144,0.021317824647094693,0.021490875684363565,0.010362007594835791,0.010363542950196765,7.697669928780109e-05,0.008218881546893634,0.008175709309456852,0.010287651062959804,-0.00011377023051711464,10140,0.008148728289411876,0.01032013250669716,0.0004528020200635006,3992,0.008296174353125586,0.010461193616702051,0.00012369568148713918,9287
0.5,1,2,2,Ucal,context_1,0.013482450038453418,0.016751864382753695,0.01563830070766643,0.009777443871906575,0.009779337033911968,-3.697658156190503e-05,0.007541473624157214,0.006985591943564913,0.009249843694311314,-9.36622027041142e-05,10340,0.007971710899756068,0.010119826429831197,5.0885879567691255e-05,4200,0.007959243158749517,0.01020332949610371,-1.3960893459907963e-05,9433
0.5,1,2,2,Ucal,pooled,0.008980989481177898,0.004657361845906867,0.005362400562553863,0.010066309035378878,0.01006858742410376,1.933401694035838e-05,0.007876218225409834,0.007574839506560238,0.00976367995984333,-0.00010361803288105875,20480,0.008057972303504357,0.010217436520022716,0.0002467414988132077,8192,0.008126394868267175,0.01033125599653089,5.4330592198918264e-05,18720
0.5,1,2,3,Ucal,context_0,0.02292849439797076,0.020378223016588343,0.020696115697538046,0.010284097145172824,0.010271357631475929,0.0003313090596711525,0.008092327055105855,0.008007945412773587,0.010201936680226563,0.00024119359487024755,10140,0.00821007702514559,0.01039070019070717,0.000760612921613849,3992,0.008133844442082334,0.010327980827393345,0.0002451660421419108,9287
0.5,1,2,3,Ucal,context_1,0.01753296416412002,0.020063504178173083,0.019077520214603017,0.009717928084143635,0.00970099593707543,-1.4023680353509774e-05,0.007454869162288336,0.006922080409235719,0.009252730265695005,-0.00017300143773078458,10340,0.00792462680754917,0.01005186598930907,0.00022533034728396505,4200,0.00782972907922553,0.010079171192493474,5.366879237029252e-05,9433
0.5,1,2,3,Ucal,pooled,0.008673401603371782,0.0065075054527569945,0.006352505990669192,0.009997703431042745,0.009983391815064739,0.00015662426526257662,0.00776987225124625,0.007459710835792066,0.00972269867601483,3.2073641887109264e-05,20480,0.008063728036631801,0.010216981483935683,0.0004861760548919847,8192,0.007980600840702621,0.010202605758696205,0.00014867065981842385,18720
0.5,1,2,4,Ucal,context_0,0.02127207355719319,0.021075057462212814,0.021302575089990197,0.010277015674686732,0.010279091069200446,0.00014376813866590331,0.008113688631628665,0.008055920419843474,0.010192307679510043,-1.7589811213623138e-05,10140,0.008486944967451579,0.01062427654702362,0.0003985403710323011,3992,0.008016319230842272,0.010220234547166843,0.0002104332469001812,9287
0.5,1,2,4,Ucal,context_1,0.02305341877149813,0.01983008806707734,0.01895145132885573,0.009863325313616209,0.009849844807668042,-0.00017411148770217112,0.007639362452640997,0.007135005611241786,0.009384621279056335,-0.00025436707972269684,10340,0.008025795921594614,0.010273246086927385,-0.0002569194231182337,4200,0.008020156385691209,0.01020554226150576,-4.9269321875848714e-05,9433
0.5,1,2,4,Ucal,pooled,0.005903017165295104,0.004928975661226,0.004957931013884951,0.01006775252846071,0.010062372009422857,-1.7029639079746746e-05,0.007873753168072128,0.007590966361203755,0.009784520698030975,-0.00013713458447455195,20480,0.008250516013276865,0.010444304875587562,6.248920703910699e-05,8192,0.008018252771530841,0.010212831110700977,7.956923347794348e-05,18720
0.5,1,3,0,Ecal,context_0,0.020913070795040217,0.021057497433273356,0.021330101085714252,0.02984305679167575,0.02975940327979035,0.0005770313145358705,0.02051506617437295,0.02083509349582081,0.02972396234862628,0.002700643234713349,10020,0.020878906407045008,0.030478003388519935,-0.0014878829102372517,3784,0.02000978062687668,0.02970974055277125,-0.000907364674179468,9071
0.5,1,3,0,Ecal,context_1,0.013977396383726155,0.015185179658756865,0.015080707556886865,0.026467489011089657,0.026463870786960213,0.0005724363311698543,0.016325188782812153,0.01641743357451793,0.02645226215224056,0.002393205303798499,10460,0.016387537953903877,0.026677865031433393,-0.0011876685872494457,4150,0.01619716727399513,0.026392809419034314,-0.0006559386470950056,9558
0.5,1,3,0,Ecal,pooled,0.006582013466689253,0.00679972644289052,0.0067388754379354,0.028108883330773923,0.028076235805424957,0.0005746706751635967,0.018362547057836135,0.0185788082039835,0.028052967033480057,0.0025436217133574246,20480,0.01852962747075364,0.02849028292193194,-0.0013308512187324125,7934,0.01805363921151129,0.028007919318337966,-0.0007783652664349143,18629
0.5,1,3,1,Ecal,context_0,0.016879949703258894,0.020553569215438,0.0209161035188034,0.029875861504021013,0.0299501391499203,0.0007759823590679898,0.020563813965502983,0.02098109817611957,0.029916640658067734,0.0046461560538488475,10020,0.019306712278832405,0.029051587053486757,-0.0025912827032423297,3784,0.020627278301517015,0.03017466509759102,-0.002094418856445398,9071
0.5,1,3,1,Ecal,context_1,0.027367241467297347,0.021712733012594677,0.02232342675379647,0.02655808844072162,0.02650844264737905,0.00036987425399976866,0.016360739819571073,0.01687727294360104,0.02670742941295595,0.00207962160110901,10460,0.01625284470079175,0.026624413901527626,-0.0002973128289702427,4150,0.015842307957840668,0.026365856045668674,-0.0012115372187389967,9558
0.5,1,3,1,Ecal,pooled,0.008314131086224214,0.00939739319334298,0.008640977995155267,0.028171379659882253,0.028192319549501285,0.0005673472659980587,0.01840451511213729,0.01888510149974536,0.028277561086589742,0.0033353186331623874,20480,0.017709340152683082,0.027782017028199334,-0.0013913866888449057,7934,0.018172248694728752,0.028220475558792705,-0.0016414378755447707,18629
0.5,1,3,2,Ecal,context_0,0.029521309692056255,0.02265435685917514,0.022752069656648728,0.02969328371081959,0.029688610397309245,0.0003905525741681375,0.020281058170104938,0.021041001175379683,0.029994706017623503,0.0036951630642105956,10020,0.01986996538791388,0.029541160665461957,-0.002181366191346033,3784,0.01961309941968691,0.029423785539665157,-0.0021868982583221953,9071
0.5,1,3,2,Ecal,context_1,0.01812502261484608,0.019932756249166194,0.01967515670397616,0.026564764108853514,0.026561775014099516,0.001313713413886097,0.016320281548752952,0.01657051940895546,0.026632104253033122,0.003218286820147792,10460,0.015869346838220055,0.026358928140883996,3.6906738238162307e-06,4150,0.016242220346722538,0.026580441170891055,-0.000201796468750319,9558
0.5,1,3,2,Ecal,pooled,0.013188582794951222,0.009433156181119715,0.008654255560365687,0.0280860294595959,0.028091603653736308,0.0008648197589629773,0.018246237912365532,0.01875773753881731,0.02827728343668525,0.0034516022481511756,20480,0.017777380691514917,0.02787664529150197,-0.0010384387914903644,7934,0.01788359906113876,0.027964947948987028,-0.0011684000617078847,18629
0.5,1,3,3,Ecal,context_0,0.019853143100245524,0.020037118917447017,0.020215352714177626,0.029879398355329195,0.029817012944289147,0.00027827507094607326,0.020531254769674417,0.0211588988407792,0.03004704559816256,0.00312529602859489,10020,0.01982427830463295,0.02971569975936452,-0.0013334760363617358,3784,0.020132864884462972,0.029762499459280254,-0.0021942509797196075,9071
0.5,1,3,3,Ecal,context_1,0.022296942117099493,0.020217687832152418,0.02074738643124426,0.026717363589083096,0.02671304055931476,0.000467009719699197,0.01656185349823154,0.01677344516970317,0.026622737194404777,0.0019696990175824434,10460,0.016828864108636436,0.026943167802710815,-0.0011079405423208891,4150,0.016214359993651763,0.026722877776337767,-0.0004936605532109725,9558
0.5,1,3,3,Ecal,pooled,0.010048457547096863,0.008925371011793852,0.008567834454523148,0.0282549259315757,0.028231683298447736,0.0003752361276615356,0.018492003660514043,0.018919062639633923,0.028298106833352675,0.0025350838833219313,20480,0.018257481113634018,0.028265484531218205,-0.0012155062480746783,7934,0.018122393589902152,0.028202957667151623,-0.001321727317871439,18629
0.5,1,3,4,Ecal,context_0,0.0231962256118084,0.022388169799039015,0.02290456053094535,0.029789740258273082,0.02979756325261892,0.000603472326948343,0.02046879967802861,0.021056672280836485,0.029877435353360588,0.0037576608515963584,10020,0.01981934322138764,0.0295021927109282,-0.002311007644445586,3784,0.02009034744032543,0.029812822064730612,-0.0016649188984092234,9071
0.5,1,3,4,Ecal,context_1,0.014366743370536903,0.016603681525375055,0.016811468373853455,0.02634746889244106,0.026338726438780505,0.0006680499337791153,0.01606037858312531,0.016417341112349732,0.026389010534862173,0.0020246279709055363,10460,0.015672587009079485,0.025994597658282145,-0.0011763438887624855,4150,0.015838104778626745,0.02645522051851709,-1.5730345023429203e-05,9558
0.5,1,3,4,Ecal,pooled,0.010721605802086972,0.00969179975420555,0.008947966300990364,0.028021298314319078,0.02803098937211356,0.0006366486040115853,0.01820400531921597,0.018687170131306628,0.02809574963063142,0.0028725278471029014,20480,0.01765031898631342,0.027667491492314497,-0.0017175044195798352,7934,0.0179086449678086,0.02809013402035309,-0.0008187680479469644,18629
0.5,1,3,0,Ucal,context_0,0.020038614724896778,0.022244066248043513,0.022536361022592682,0.029721300543196844,0.029653145771639144,-0.001166042125290209,0.020419885081671627,0.020753048363693818,0.029709555289883283,0.0016843950182586136,10020,0.02045212441712744,0.029995808771655877,-0.0035455243378468095,3784,0.020038417797885146,0.029619762488044484,-0.0033220799916825606,9071
0.5,1,3,0,Ucal,context_1,0.011747191938303404,0.014395345068557894,0.014597031771519822,0.02650691536632177,0.02649652628625565,-0.0005233702128823971,0.016565409799185648,0.016606256076407193,0.02645004514571307,0.0015730054441832333,10460,0.016375915970967478,0.026533879455184588,-0.0022573010991495776,4150,0.016602985372251983,0.026557444926772318,-0.0020647257469792474,9558
0.5,1,3,0,Ucal,pooled,0.007160398572571001,0.006786183424627359,0.006685127684211744,0.028069933475732677,0.028040927030569256,-0.0008358740922338137,0.018439676365664546,0.018635106599776918,0.028044785948671345,0.0016275036635306605,20480,0.01832000126971581,0.028184993714514984,-0.002871699477676213,7934,0.018275796984948234,0.02804857609850992,-0.002676967968982777,18629
0.5,1,3,1,Ucal,context_0,0.01667646484801102,0.02089829270027498,0.021376867090638546,0.02992163964169344,0.029975511515295566,-0.001436526262206458,0.020688169305604662,0.020869362966609215,0.02983949452534875,0.0029728875809652126,10020,0.019656344607322778,0.029288418528323118,-0.004804239845608241,3784,0.020918448676680957,0.030276529153188,-0.004902395351500669,9071
0.5,1,3,1,Ucal,context_1,0.019928776370084535,0.017367268128660067,0.018731495529313656,0.026631832882192577,0.02658579251223716,-0.0005081441655424563,0.01673753700228035,0.01725585263838589,0.026862345047178344,0.0011077005043981978,10460,0.016406427036566907,0.026457530530197657,-0.001230888005839773,4150,0.016314072344825528,0.026455247562567945,-0.001962668993994578,9558
0.5,1,3,1,Ucal,pooled,0.005377584179954488,0.006451195858044418,0.0065928172017281315,0.02823152528326356,0.028244239016663196,-0.0009595766945305956,0.018658560617665076,0.019023790797018592,0.02831893868835351,0.0020202578533826455,20480,0.017956425535147726,0.027807679280501003,-0.002935143534158891,7934,0.018556076623437404,0.028315940316259208,-0.003394106955717577,18629
0.5,1,3,2,Ucal,context_0,0.02541521614221315,0.02180901420399252,0.02191096531244674,0.029519550351726268,0.029509785577333646,-0.0014977227273534556,0.020150473357224072,0.020792284980044512,0.029815734426424507,0.0019872468935247666,10020,0.019674557397027854,0.029206257973510025,-0.004122132876490186,3784,0.019640046009932893,0.029323070793870896,-0.004252504735606835,9071
0.5,1,3,2,Ucal,context_1,0.017054908593008414,0.018015848216640117,0.01878910194570675,0.026714741166086874,0.026707513300706108,0.0001737090502487966,0.016658729266126212,0.016706026544755264,0.026727226289873098,0.0024269893222326417,10460,0.016269016640193493,0.02659068993706514,-0.0013021541692047234,4150,0.016776178299727475,0.02675493976470963,-0.0016514091004332405,9558
0.5,1,3,2,Ucal,pooled,0.010359257184052704,0.008767475192054017,0.008810954908522246,0.028078599978694514,0.02807854690479829,-0.0006390367761791846,0.01835661515953997,0.018705260408114554,0.02823830302465069,0.0022118419034995894,20480,0.017893237238108945,0.027838145123592423,-0.002647099900030056,7934,0.018170678487567583,0.028005437191598988,-0.002917957949360165,18629
0.5,1,3,3,Ucal,context_0,0.01818882496904349,0.0176693129849175,0.018053190960509457,0.0298148768625955,0.02973241906865455,-0.0015987536474003819,0.020558296998993295,0.020910569108249302,0.029842312830142926,0.001417214356124877,10020,0.02053207603635672,0.0301129687972972,-0.0035635658754449313,3784,0.020180108661199403,0.029660220454731264,-0.004110621128869075,9071
0.5,1,3,3,Ucal,context_1,0.021285972810580114,0.01862832922972189,0.018952081639796562,0.026633045336473725,0.0266279401506781,-0.00043759585007684826,0.01669188193099506,0.016943311935244395,0.026628627963825445,0.0011417193181570584,10460,0.017060603018266608,0.02691652989838306,-0.001930138975022787,4150,0.016256628702639237,0.026514793064657163,-0.0015179037273734602,9558
0.5,1,3,3,Ucal,pooled,0.009153207646655172,0.0062280427273841595,0.007015397405551078,0.028180233997061606,0.028146830715039622,-0.0010022172520660034,0.018571954304790517,0.018884323501333712,0.02820094839158429,0.0012765074177877977,20480,0.018716269000173966,0.028441022562044657,-0.0027091769623176437,7934,0.018167084803562487,0.028046392820702155,-0.0027803729715071617,18629
0.5,1,3,4,Ucal,context_0,0.01925733704184179,0.019941375890540652,0.020195782909980052,0.0296454750215482,0.029658743369061925,-0.0011920334353147308,0.020376587201825908,0.020700133415664027,0.029636919865029875,0.002217385642780753,10020,0.02044896916614306,0.029833390393752057,-0.004024660249238727,3784,0.019988997474603545,0.029576535643298204,-0.003776502545515188,9071
0.5,1,3,4,Ucal,context_1,0.01459663038680731,0.016069390194629947,0.017074767871694943,0.02641526304596789,0.02639825458184974,-0.00022662889241040226,0.016357167308949098,0.016732706253845993,0.026513384056071565,0.0011398199749807782,10460,0.015819382632532752,0.025947669730325376,-0.0017451260490230767,4150,0.016179689703122183,0.02651090716547323,-0.0010627130055061492,9558
0.5,1,3,4,Ucal,pooled,0.009275389066713926,0.008695861293985642,0.0086086005429347,0.027985977051056845,0.027993474193561955,-0.000696063854443787,0.018311639388739014,0.01867380098829017,0.028041598353227927,0.0016670273964336957,20480,0.018027393149697032,0.027800904793396534,-0.0028323150348582194,7934,0.01803455205725324,0.02800365051843637,-0.0023841357827578532,18629
0.5,1,4,0,Ecal,context_0,0.02510603402286181,0.02422218495550098,0.024747090439395873,0.009854777998875687,0.009856616102734942,0.00012057341820751182,0.007466391998776384,0.007399241384583563,0.009682523278735583,-4.574457709025055e-06,10420,0.007585048160366852,0.010079907417924016,0.00022652223798569842,4035,0.0074897957898644825,0.009948686577053643,0.00021342695414451723,9440
0.5,1,4,0,Ecal,context_1,0.019696240655879684,0.01708004131096964,0.01642965249887931,0.01092830641663372,0.010913187860667512,-0.00019611666172937478,0.008656447437673177,0.008510872062340111,0.010750414532993247,7.74769136537733e-05,10060,0.009026985964102344,0.011257552072257655,-0.0004898822290930836,3847,0.00866068301013656,0.010985066164000539,-0.000372178657681869,9214
0.5,1,4,0,Ecal,pooled,0.009778508498213535,0.007038974125491497,0.007088655273929005,0.010382705737240998,0.010375615706485021,-3.516486957155818e-05,0.008051624085783632,0.007945286531958118,0.01020708314288754,3.5730073341255776e-05,20480,0.008288820645899768,0.01065468526431091,-0.0001231362224116721,7882,0.008068146537564007,0.01046059831255963,-7.58284391956952e-05,18654
0.5,1,4,1,Ecal,context_0,0.01796593264730298,0.019129365828533987,0.019449918200254893,0.009748392265756658,0.00973867855207034,0.00014888661835427613,0.007371886563141443,0.007243788408583849,0.00957303517860617,0.00012646948743518622,10420,0.007468799262537241,0.009899816774478116,-7.712247018625007e-05,4035,0.007471859023780009,0.009877229443237273,0.0002702354717904986,9440
0.5,1,4,1,Ecal,context_1,0.012314720811703268,0.014350818308254795,0.013899377387648685,0.010875924720768267,0.010856777795199685,-0.00035227578826005997,0.008611756698802616,0.008557095664514461,0.010771997511804856,-7.52938381779502e-05,10060,0.008647286671344293,0.011033210962839388,-0.00040762488129140805,3847,0.008656602173142859,0.010923724541576202,-0.0006315801573651639,9214
0.5,1,4,1,Ecal,pooled,0.004851312762231455,0.004145426031656455,0.00425885171502186,0.010302877502533997,0.010287901129505945,-9.756939669017821e-05,0.007981615961784925,0.007888899296995077,0.010161978590323884,2.736113510763971e-05,20480,0.00804398843554926,0.01045299711482648,-0.00023843213467769167,7882,0.008057053801212693,0.010394137657888011,-0.0001752094304846314,18654
0.5,1,4,2,Ecal,context_0,0.01987837075617128,0.022573770396230187,0.02283071213309022,0.009704793534793317,0.00969729364812376,0.00010373216558136335,0.007293819650293618,0.007169307303577376,0.009530571698763715,0.0001007747512861314,10420,0.007517768381696651,0.009937409043013172,4.3035247807461383e-05,4035,0.007335534218256757,0.00979767361485278,0.000132940674074373,9440
0.5,1,4,2,Ecal,context_1,0.01650764877196525,0.015127679150175162,0.014797770641968137,0.010820729246164694,0.010829224556746129,-0.00032433709120426637,0.00854158174420722,0.00861596262923055,0.010844643793614335,-0.0002638446474466362,10060,0.008511418067567653,0.010830601609384564,-0.0004976112313214171,3847,0.008472965286718369,0.010790497063762887,-0.0003180388892475788,9214
0.5,1,4,2,Ecal,pooled,0.008264083205865736,0.007559567109682563,0.007479613488006557,0.010253575855335635,0.010253310490933379,-0.00010677892183867546,0.007907430067457486,0.007879920222330838,0.010176058284417876,-7.833028539607766e-05,20480,0.008002743050758532,0.010373353194602966,-0.00022084029205663347,7882,0.007897359556779608,0.010288071130573683,-8.981721680417658e-05,18654
0.5,1,4,3,Ecal,context_0,0.02203509557627773,0.022689658003827037,0.023006236075291134,0.00975052676608959,0.009746514911694718,0.0002872135071580843,0.007360927268884551,0.007423204737366847,0.00971172821894936,0.0001484563195230636,10420,0.007301819922755642,0.009816757537732698,0.0003729037986664376,4035,0.0073174491883808025,0.009765043683210486,0.00040374841912002384,9440
0.5,1,4,3,Ecal,context_1,0.016351866900376457,0.015064794011709817,0.014455937282445418,0.01090144983710638,0.010879242618745615,-0.00022385598059101896,0.008644054895682986,0.008536919517068574,0.010722247200703737,0.00012011945980858377,10060,0.008855833330881389,0.011150181011747036,-0.0007938738473675795,3847,0.008672606042704123,0.010993256836603665,-0.0003614220970367076,9214
0.5,1,4,3,Ecal,pooled,0.008783081418125926,0.007268444023655122,0.007486599788623147,0.010316514777085404,0.010302923150607414,3.588549911301416e-05,0.007991929350286768,0.007970273618411738,0.010208106195338473,0.00013453694409690798,20480,0.008060293607234169,0.010467566990223583,-0.00019657014250241086,7882,0.007986818506260885,0.010371710135197446,2.5798320703162915e-05,18654
0.5,1,4,4,Ecal,context_0,0.024010737736865823,0.024203826421816517,0.024692679118534695,0.009829427245578535,0.009827027326452667,4.937612432320015e-05,0.007447879689430487,0.007436279260380025,0.009737979087810123,-5.207381527620634e-05,10420,0.007340349550583992,0.009790014168403378,0.00035309370196294016,4035,0.007506646700124493,0.009947215547522242,3.153798288776208e-05,9440
0.5,1,4,4,Ecal,context_1,0.015502812211186781,0.016873917783479568,0.016478818602441266,0.01083795509404692,0.010828936738101674,-0.00023308827766412208,0.008554380635275471,0.00824995317661146,0.01054037833511348,6.869112994988443e-05,10060,0.008968515519642476,0.011198676847282946,-0.0005953060697898761,3847,0.008713851368290459,0.011012246998775744,-0.00041134408342591175,9214
0.5,1,4,4,Ecal,pooled,0.008941251059596537,0.006664123710570755,0.006759329697351758,0.010325389734612852,0.01031917618783885,-8.953104426512887e-05,0.007992022287033046,0.007835964787591364,0.0101321263743273,7.247246685437858e-06,20480,0.00813501517897374,0.010477545927557107,-0.00010979565631326943,7882,0.008102936172220623,0.0104732796512989,-0.00018722021154850846,18654
0.5,1,4,0,Ucal,context_0,0.022652681378521704,0.023163619006558844,0.023649500934224084,0.009854129336926452,0.00985886298482386,5.061791987193631e-05,0.0074688132453985005,0.007416501887957789,0.009688385723746603,-6.293477043652488e-05,10420,0.0075533468086997225,0.01004013789946368,9.187389686796006e-05,4035,0.0074904225056328004,0.009957572546618856,0.00015832461116803905,9440
0.5,1,4,0,Ucal,context_1,0.0226740795711638,0.017732132167344556,0.01712072599218749,0.010977225006613295,0.010968339677312568,-0.00024431228417281094,0.008705154577550743,0.008585336915111803,0.010813554811156466,5.542613365955903e-05,10060,0.00905240939124888,0.011281293953191765,-0.000628359956666343,3847,0.008690988788082436,0.011028968975444243,-0.000411225360720567,9214
0.5,1,4,0,Ucal,pooled,0.010958396161233393,0.0073023420334359015,0.007411535268284524,0.010406432701288148,0.010403850071075638,-9.441954073123285e-05,0.008076807288717626,0.00799064643742895,0.010241081086019222,-4.794599772139918e-06,20480,0.008285000418832508,0.010645914014496913,-0.0002596535878499369,7882,0.008083432998100418,0.010486780582171397,-0.00012300022216430877,18654
0.5,1,4,1,Ucal,context_0,0.016180799238457638,0.01811133470696958,0.018467089257585827,0.009741868132970028,0.009732717384785384,8.907876059110505e-05,0.007370020221855681,0.0072598138059026445,0.009585216251892823,9.401809967582377e-05,10420,0.007418068331265833,0.00985585128434944,-5.359442666856182e-05,4035,0.007471130045241345,0.009866062050873476,0.0001446103704777562,9440
0.5,1,4,1,Ucal,context_1,0.015636931111557985,0.014924087061498852,0.014593290778204808,0.010868292918349145,0.010849009747505176,-0.00047446217075822303,0.008600031966858709,0.0085140603211214,0.010743611995973226,-0.0001391591037629139,10060,0.008789858450347614,0.01113923731616359,-0.0005676990289222676,3847,0.008614641503882312,0.010891297800127911,-0.0008016237358348163,9214
0.5,1,4,1,Ucal,pooled,0.005115910579212195,0.004106446159523738,0.00430597950347231,0.010295808652426183,0.010281052402801062,-0.00018805306418615832,0.007974901571953838,0.007875913412499358,0.010154232911338568,-2.052109302894678e-05,20480,0.00808760354924447,0.010482238757628944,-0.0003045155640537441,7882,0.008035958745783741,0.010372469373358216,-0.0003227746973663546,18654
0.5,1,4,2,Ucal,context_0,0.02357640030802982,0.023796715043104502,0.024075014814556935,0.009692831435826414,0.009686273365580766,1.929831285934664e-05,0.007269226412009585,0.0071801882451704045,0.009550809490683465,3.432470969069256e-05,10420,0.007473151928651732,0.009909336554905564,-5.319854879320185e-06,4035,0.007280342750866913,0.00975705500710874,1.3234674283382246e-05,9440
0.5,1,4,2,Ucal,context_1,0.015844490797976063,0.014692898976774008,0.014385637053801362,0.010813270519280882,0.010827260739148765,-0.0003817734620270651,0.008538750268041682,0.008612622842414834,0.010837805864346078,-0.0002920488132604548,10060,0.008529076450035917,0.010844899015867304,-0.0005435895901981936,3847,0.008462133931995913,0.010773276987945538,-0.00041217538535219745,9214
0.5,1,4,2,Ucal,pooled,0.009483416020004416,0.008040836346679786,0.008027820172083634,0.010243828374071921,0.010246738843026765,-0.00017793625637556757,0.007893538583936549,0.007883815786590276,0.010182996185949377,-0.00012599353449331828,20480,0.007988521331565327,0.010365960354362531,-0.0002680353676643628,7882,0.007864079426267503,0.010259010047927345,-0.00019689335667417277,18654
0.5,1,4,3,Ucal,context_0,0.02378575002743704,0.0232453529391603,0.02353624665547205,0.009751246185488236,0.009748531177949323,0.00017452347422648883,0.007368209502685267,0.00743333540692382,0.00971798531154386,8.56715881921737e-05,10420,0.007315627382110338,0.009815054063920666,0.00022997899994235647,4035,0.007318798160985491,0.009760686176698567,0.00024889567827458603,9440
0.5,1,4,3,Ucal,context_1,0.014674449311333784,0.013593950725048048,0.013070708043627975,0.010869766797358313,0.010855854814348267,-0.00031536823850509995,0.00861915330313171,0.008543225901412443,0.010720115113857264,7.03944171043798e-05,10060,0.008794279110092357,0.01108462025892219,-0.0008457815436796923,3847,0.008628934145536551,0.01094345408511437,-0.0005150939092696657,9214
0.5,1,4,3,Ucal,pooled,0.00727716484059204,0.007655615130224569,0.007979908484054238,0.010301299679342414,0.010292460659500756,-6.638996566774003e-05,0.007983384583724109,0.007978525757243915,0.010210242431234917,7.816727465979057e-05,20480,0.008037318982915568,0.010434696432884236,-0.00029507185153113016,7882,0.00796592976609182,0.010344905299039257,-0.00012847110952603238,18654
0.5,1,4,4,Ucal,context_0,0.024298396101706393,0.023650378289229383,0.024124085263365104,0.009835363374584044,0.009820784711073227,-1.1382406789105566e-05,0.007460519202797201,0.007430455618807885,0.009732909454965665,-5.950896594952256e-05,10420,0.007444947741953414,0.009887271833460654,0.0002465883355306131,4035,0.007500359604245652,0.009926265833361205,-6.852575412051657e-05,9440
0.5,1,4,4,Ucal,context_1,0.01664228810549464,0.01734367182995246,0.016925928275230925,0.010844440451766139,0.010830502499814142,-0.00021215046915358974,0.00856248110566274,0.008302839271813097,0.010586890819325472,0.00011887840267500393,10060,0.008969620469602202,0.011217585832247579,-0.00046735229699339595,3847,0.0086759748885423,0.01096984299394554,-0.00046702229668733376,9214
0.5,1,4,4,Ucal,pooled,0.00800615705927473,0.006585518069501131,0.006579356909390088,0.010331595957141624,0.01031676913269108,-0.00011011386777960323,0.008002429640864117,0.00785898001086025,0.010152394441560375,2.8116860630689188e-05,20480,0.008189101000423965,0.010536563631650618,-0.00010186759105145523,7882,0.008081045742849131,0.010441732755073655,-0.0002653600600715541,18654
