prevalence,kappa,trial,repeat,model,group,amount_ks,amount_lag1_acf_error,amount_scaled_w1,gap_conditioned_mark_tv,gap_ks,gap_lag1_acf_error,gap_repeat_mi_error,gap_scaled_w1,gap_zero_rate_error,length_scaled_w1,mark_sparse_tv,short_gap_repeat_curve_l1,transition_conditioned_mark_tv
0.05,0,0,0,Ugap,context_0,0.028917813257718805,0.00347651327272222,0.05899018980189485,0.01665300514124949,0.021059332139614834,0.022246391405347024,1.013008544833077e-05,0.05155054531008467,0.0,0.012005443162906044,0.011254235727528929,0.0038392775935035582,0.04518118463918226
0.05,0,0,0,Ugap,context_1,0.021765488008030125,0.028565686741837577,0.047966953156691576,0.08106567734845421,0.032445842120838654,0.021627544031489407,0.0007052154805755138,0.051981019997479186,0.0,0.08430261832829809,0.051356893882968185,0.015327277014464624,0.17562540074710545
0.05,0,0,0,Ugap,pooled,0.02806089115215238,0.0021261015602441775,0.05837753867559123,0.014619393366095385,0.020910280721720256,0.022234729256393665,1.3082980200284635e-05,0.05148687647007527,0.0,0.011237280152187418,0.007831577003920303,0.004198318184089761,0.045809163498379026
0.05,0,0,1,Ugap,context_0,0.032956061595144914,0.004034025413722306,0.06192878302582314,0.018602698714051003,0.01965273677021609,0.026790262174222867,8.336678670432411e-05,0.051444865488648156,0.0,0.012005443162906044,0.014949473759692685,0.007181505669960916,0.04970923296086007
0.05,0,0,1,Ugap,context_1,0.03598965158591127,0.01659081682746564,0.07431676666433573,0.0859269884080505,0.0412889756297348,0.016740058278873315,0.002574672979682727,0.059885658407381345,0.0,0.08430261832829809,0.043021748848472416,0.030257992368186503,0.1763504166707874
0.05,0,0,1,Ugap,pooled,0.03157091304755294,0.003347892276284555,0.06139755055176629,0.01816957419755493,0.019516081760395987,0.026353476898903924,7.216707500540547e-05,0.051449312416414,0.0,0.011237280152187418,0.01228051151798166,0.006611495242271216,0.049010380978996945
0.05,0,0,2,Ugap,context_0,0.03308069620585863,0.004886866961028129,0.06316743882126814,0.015650536478148507,0.02014034124068398,0.02585857060704161,9.212179514374129e-06,0.051367392518041524,0.0,0.012005443162906044,0.008920330026370028,0.002822144860403906,0.04674716980141394
0.05,0,0,2,Ugap,context_1,0.04443783070718428,0.017621576003896147,0.06925652590002822,0.07735551384867977,0.03388056235039389,0.08975866201846786,0.0008134548190064789,0.052588450343582054,0.0,0.08430261832829809,0.04955356986605349,0.017961603489152607,0.18138055687755175
0.05,0,0,2,Ugap,pooled,0.031791681219080214,0.0036392361804989844,0.06318220079597343,0.015809714468773012,0.020349012437022307,0.0286461462208384,1.261127273955359e-06,0.05130950733518098,0.0,0.011237280152187418,0.009685631757676665,0.002625128932921046,0.045094060760043256
0.05,0,0,3,Ugap,context_0,0.03057884214825901,0.002661175527347428,0.059760200632198654,0.022695968983015277,0.02473953126867029,0.03276557549184589,5.829772701525818e-05,0.05227343936432854,0.0,0.012005443162906044,0.017084305061520786,0.00613955368521976,0.04820925964800074
0.05,0,0,3,Ugap,context_1,0.028268849681935278,0.027568208567867424,0.058794757702467976,0.06674585116414328,0.045190315825750796,0.037821900638234984,0.0011760368453538673,0.06212767751529028,0.0,0.08430261832829809,0.04459206198904076,0.020276707628744204,0.16349773721529134
0.05,0,0,3,Ugap,pooled,0.029481015868526472,0.0012907161763525152,0.05963582204821391,0.019781297654765002,0.024183130787723384,0.0330347743595719,4.330738935540233e-05,0.05190369052579652,0.0,0.011237280152187418,0.015433385867345273,0.005540669084930339,0.04561597972172277
0.05,0,0,4,Ugap,context_0,0.03206742020230874,0.0017867504123928377,0.06074509858566158,0.021978084957392476,0.021321707327297407,0.03611112407552078,5.791363959943064e-05,0.051626219706043225,0.0,0.012005443162906044,0.017171043672883336,0.005477497288526088,0.04871440488292388
0.05,0,0,4,Ugap,context_1,0.042739048876111255,0.015713660983455627,0.06612570844123244,0.07919413778381233,0.036029521023209006,0.002317061658174288,0.00035509652928965947,0.05711160803910832,0.0,0.08430261832829809,0.057706311163562,0.01702144686560666,0.17436991792801723
0.05,0,0,4,Ugap,pooled,0.03220370629663688,0.0010039568145596416,0.06098367496025222,0.01864297351232844,0.021957222384752145,0.03458330277369186,5.693477889519833e-05,0.051471614313905734,0.0,0.011237280152187418,0.014388885476759886,0.005143485964410317,0.0455881335890451
0.05,0,0,0,Ucal,context_0,0.02891408094413861,0.003483206680516601,0.05898832538566311,0.01677192713780232,0.020970024497113327,0.022176126592914014,5.396522815471648e-06,0.05155249096316052,0.0,0.012005443162906044,0.01137754964181831,0.0037725858878624283,0.045098354643112126
0.05,0,0,0,Ucal,context_1,0.02171310215969123,0.028802535973625837,0.04786421746098977,0.07963126199383196,0.03292408219735707,0.018878800743434884,0.0006652968705220939,0.05229958740908163,0.0,0.08430261832829809,0.04952287279172564,0.014190714344956216,0.17500479120667364
0.05,0,0,0,Ucal,pooled,0.028042229065369573,0.0021225794538937102,0.05837247538711214,0.014763590865443876,0.020824956489638335,0.02205517798972577,7.085235428949763e-06,0.05149440978264866,0.0,0.011237280152187418,0.00795420617331206,0.003977718013023085,0.045784114943622084
0.05,0,0,1,Ucal,context_0,0.03291327810101691,0.004045052145301031,0.06193749552324519,0.01858560903344139,0.01963040985959072,0.026705243461539713,8.38188968196513e-05,0.051441984401857786,0.0,0.012005443162906044,0.01484251502437282,0.00709317012386668,0.04982231156744514
0.05,0,0,1,Ucal,context_1,0.03644815685872191,0.016478147784894134,0.0743281561756349,0.08656567959873307,0.041767215706253205,0.01812822082730177,0.002519789311914391,0.06060048170747504,0.0,0.08430261832829809,0.04124114640433122,0.028535052463899847,0.1766341835557513
0.05,0,0,1,Ucal,pooled,0.03157091304755294,0.003363957726724171,0.06140031959947838,0.018290236014017948,0.019452088586334626,0.02633543258417441,7.619952427551113e-05,0.05144640708392152,0.0,0.011237280152187418,0.01217832054348853,0.006485921681342075,0.04904881577529845
0.05,0,0,2,Ucal,context_0,0.033059304458794625,0.004909611151473186,0.06316879537005776,0.015585227559266484,0.02011801433005861,0.025771658090631644,1.172413403328714e-05,0.051362791281832694,0.0,0.012005443162906044,0.009177030991137838,0.0030308597067497324,0.04683821483671962
0.05,0,0,2,Ucal,context_1,0.04443783070718428,0.017694192621083744,0.06928807593803261,0.0774005170227813,0.03388056235039389,0.08975866201846786,0.0007334716520351024,0.052588450343582054,0.0,0.08430261832829809,0.05184609623010668,0.016494810661228546,0.18228195513661835
0.05,0,0,2,Ucal,pooled,0.03177124302418155,0.0036568815685535947,0.06318314173444925,0.016075762947021035,0.020327681379001816,0.028562822885477193,4.5700286062479775e-06,0.051305677344317055,0.0,0.011237280152187418,0.01017614843524373,0.0029328582778328487,0.04518678610092559
0.05,0,0,3,Ucal,context_0,0.03057884214825901,0.002643885952403695,0.05974998904223289,0.022962189637787424,0.02471720435804492,0.032931745756863307,6.464687804903015e-05,0.052277255160777567,0.0,0.012005443162906044,0.017283308349590677,0.006552094944555335,0.048192227941075194
0.05,0,0,3,Ucal,context_1,0.028268849681935278,0.02769220109313033,0.05882375595193764,0.06739309548230044,0.045190315825750796,0.037821900638234984,0.0010132514938121892,0.06212767751529028,0.0,0.08430261832829809,0.04464341503861722,0.018788181193536924,0.16449344165865898
0.05,0,0,3,Ucal,pooled,0.029481015868526472,0.0012686339641386059,0.05962583473663709,0.020073720378263746,0.024161799729702893,0.033193275638965916,5.1771892417997074e-05,0.051906737434544804,0.0,0.011237280152187418,0.015801273375520546,0.0059944139182582885,0.045675371550222964
0.05,0,0,4,Ucal,context_0,0.03209341376596253,0.0017941430300581376,0.06074732383424923,0.022072713009607732,0.021299380416672037,0.03603312799438682,3.5330683701008435e-05,0.05163850387608006,0.0,0.012005443162906044,0.017320785902331187,0.0045103034670076056,0.04876934416128319
0.05,0,0,4,Ucal,context_1,0.042739048876111255,0.01576194938664624,0.06610628923355615,0.0799844089326278,0.036029521023209006,0.0015997227827864308,0.00033169979652038174,0.05658229384459437,0.0,0.08430261832829809,0.05862332170918328,0.01651341516062083,0.1735388691752919
0.05,0,0,4,Ucal,pooled,0.03220370629663688,0.0010084551115932395,0.06098457120422378,0.01857558189254126,0.021935891326731682,0.03448547595129291,3.415684414718572e-05,0.05148697480536463,0.0,0.011237280152187418,0.014286694502266772,0.004194745312748328,0.04554710060511484
0.05,0,0,0,Egap,context_0,0.03601539039618734,0.004406615146057798,0.06645440092783762,0.01855966773761604,0.02020523629100668,0.021042347241657072,7.350405024548055e-06,0.05134458676981971,0.0,0.012005443162906044,0.013527348425408016,0.005355776540130424,0.046214952334371236
0.05,0,0,0,Egap,context_1,0.02991312268943552,0.029190649515577177,0.051305092086699304,0.09242571772112931,0.03098477498367366,0.020124498027485768,0.000988719046499768,0.050934736155341845,0.0,0.08430261832829809,0.06283295208714576,0.015972293836526083,0.17553101902195584
0.05,0,0,0,Egap,pooled,0.03512986857710537,0.0029940829897370158,0.06568976945765059,0.01809951879012962,0.02028292780989782,0.021024360210373766,1.335293426812424e-05,0.05122675784267536,0.0,0.011237280152187418,0.012504216332720208,0.005842392888028292,0.0459244400111782
0.05,0,0,1,Egap,context_0,0.03964761521915161,0.0031515424131091595,0.06959417781868713,0.017760448161455177,0.02228525459827646,0.026040700041843196,5.8912913552411556e-05,0.052141779060307133,0.0,0.012005443162906044,0.012232587881000057,0.007150818627193233,0.048495076340531955
0.05,0,0,1,Egap,context_1,0.03423974621609788,0.0181626241668525,0.07072954986107861,0.0879786829384095,0.03889777524714273,0.0005105566836398345,0.003622656884652791,0.05882126101238539,0.0,0.08430261832829809,0.04770124528563226,0.03190421621536289,0.17716289896598944
0.05,0,0,1,Egap,pooled,0.038350734790996155,0.0024268572728873656,0.06880281688567472,0.018495328416000184,0.02305703739179532,0.024898456268901956,5.312763806861035e-05,0.05223307823966318,0.0,0.011237280152187418,0.01167858708274582,0.007269309947991566,0.04833941131503488
0.05,0,0,2,Egap,context_0,0.04037532703291341,0.005690682586538534,0.07075359242893144,0.016607253367330627,0.020901989284279998,0.023601524798950738,1.818901858574259e-05,0.05186550642144294,0.0,0.012005443162906044,0.01044363106516405,0.003694207905372141,0.04746436397533734
0.05,0,0,2,Egap,context_1,0.0456030572220433,0.019263445145468232,0.07418913109117184,0.07810616133070852,0.02920105187843462,0.08264147413056488,0.0006683627155278926,0.055156640197613856,0.0,0.08430261832829809,0.04901301446933856,0.011048810777846543,0.1814447581275781
0.05,0,0,2,Egap,pooled,0.03909996038295077,0.0043488428044648935,0.07074569143175409,0.01631357883219649,0.021237512560382754,0.02622763800058793,8.82210431219719e-06,0.051861601725323184,0.0,0.011237280152187418,0.011618243616482631,0.003569449915478126,0.045017122903414544
0.05,0,0,3,Egap,context_0,0.03770442246283656,0.0036320123817320917,0.06711364847924227,0.020533772680689684,0.02016058246975594,0.029760770407327525,8.596631726334297e-05,0.05134180854320602,0.0,0.012005443162906044,0.014673940368175382,0.006718330335492074,0.04845616604299868
0.05,0,0,3,Egap,context_1,0.031138423665642647,0.027145424646693644,0.06459546930699991,0.07395871741647728,0.04614679597878762,0.026268053485160786,0.000733454908341203,0.061210405931439456,0.0,0.08430261832829809,0.04687012917041989,0.01774616877129761,0.17035057912162113
0.05,0,0,3,Egap,pooled,0.037064489672227474,0.0022447412530790453,0.06687792472544236,0.019442041411635084,0.019920299823549703,0.029615337203648714,7.192837388042095e-05,0.05132185850696067,0.0,0.011237280152187418,0.01511332886853643,0.006159079218604533,0.045905818056434504
0.05,0,0,4,Egap,context_0,0.04015012232804366,0.002119509043419413,0.06841031851385258,0.02045900323584284,0.02085271669914257,0.03733713768835578,5.633176666161664e-05,0.05126542213446661,0.0,0.012005443162906044,0.016231868480571805,0.006869706015099194,0.047899446582918954
0.05,0,0,4,Egap,context_1,0.052537956645517817,0.011909360067722858,0.07491499187420772,0.08415357871089328,0.030928272729202486,0.0009864262872432833,0.0009145838995746198,0.05879564810991408,0.0,0.08430261832829809,0.05816481643637265,0.02250315742571212,0.17263942464157972
0.05,0,0,4,Egap,pooled,0.04022249371373793,0.00149508958094818,0.0686759514042423,0.019776036619476516,0.02062422473822545,0.035612368018974924,7.283456534496114e-05,0.051239265722722464,0.0,0.011237280152187418,0.01638027092250579,0.006224586481211449,0.04615936620174216
0.05,0,0,0,Ecal,context_0,0.03597260690205939,0.004418770032813109,0.06645785954712234,0.018348710857959877,0.020249890112257418,0.021128417418011525,5.2773676665775866e-06,0.05133132267126202,0.0,0.012005443162906044,0.013505956678344028,0.0055899755742903024,0.046004784136990724
0.05,0,0,0,Ecal,context_1,0.029454617416624883,0.028851979441806355,0.0512236970374735,0.09209611691201981,0.03098477498367366,0.021446998880607263,0.0010471220594319892,0.051083900953085196,0.0,0.08430261832829809,0.060998930995903165,0.01736058358121196,0.17601900371169904
0.05,0,0,0,Ecal,pooled,0.03510574204999062,0.0030210471432176363,0.06568860040433198,0.01798330773704452,0.020325589925938803,0.02116464589500966,1.1138075903869291e-05,0.05121323843553493,0.0,0.011237280152187418,0.01244290174802432,0.006082785135097319,0.045669798717001005
0.05,0,0,1,Ecal,context_0,0.03964761521915161,0.0031691457326586815,0.06958047994412304,0.017948507228867993,0.02228525459827646,0.025973455820210545,5.577491227604499e-05,0.05214275693852747,0.0,0.012005443162906044,0.012425113604575877,0.007332016636112524,0.048315200320000064
0.05,0,0,1,Ecal,context_1,0.03423974621609788,0.01778138273381484,0.07063288634477756,0.08735880652091997,0.03889777524714273,0.0005105566836398345,0.0037748410834752507,0.05882126101238539,0.0,0.08430261832829809,0.047775033019437134,0.03192110799061789,0.17807981800653594
0.05,0,0,1,Ecal,pooled,0.03837431685417303,0.0024590297175312937,0.06878629515304668,0.01865191957255848,0.02305703739179532,0.024834201295644134,5.763739685019846e-05,0.052233849136754586,0.0,0.011237280152187418,0.011893054815218511,0.007442712999797533,0.04820759796332014
0.05,0,0,2,Ecal,context_0,0.04046089402116937,0.005682418555866298,0.07075242802940636,0.016880316862643727,0.020901989284279998,0.023930729928742206,1.7476161028324945e-05,0.0518696294480962,0.0,0.012005443162906044,0.010600036789705393,0.0033573116199121277,0.047475510905534465
0.05,0,0,2,Ecal,context_1,0.0457281980054246,0.01934745429976347,0.07422015124907966,0.0781116362495124,0.02920105187843462,0.08264147413056488,0.0007909908897236772,0.055156640197613856,0.0,0.08430261832829809,0.05137726296967174,0.012967972880032815,0.1824190618431863
0.05,0,0,2,Ecal,pooled,0.03918171316254532,0.0043366902047327315,0.07074571036422984,0.016381187520860714,0.021237512560382754,0.026542140944898554,7.165785727284021e-06,0.051865821071371006,0.0,0.011237280152187418,0.011679558201178511,0.003135441705940583,0.04509861802951742
0.05,0,0,3,Ecal,context_0,0.03770442246283656,0.0036191781202862734,0.06709313227247742,0.020540924051130414,0.02016058246975594,0.029889239512479848,8.597308919675218e-05,0.05135424613410473,0.0,0.012005443162906044,0.01454558988579148,0.0067903456645396956,0.04847001075297546
0.05,0,0,3,Ecal,context_1,0.031094300207403204,0.02704428360912755,0.06458559205997007,0.07437879512292042,0.04662503605530603,0.025341959623435675,0.0007257959117627851,0.062360823971116,0.0,0.08430261832829809,0.04732863444323052,0.017366591807088244,0.16997812577944132
0.05,0,0,3,Ecal,pooled,0.037011290240333394,0.002237030464744897,0.06685780306989733,0.01949211580161642,0.019898968765529212,0.029698568387238458,7.309408877438292e-05,0.051343987061186605,0.0,0.011237280152187418,0.015031576088941916,0.006254146588383032,0.046114544611327746
0.05,0,0,4,Ecal,context_0,0.04015012232804366,0.0021036886889112425,0.06839119747623167,0.020570657294765263,0.02085271669914257,0.03738652933369141,4.2247179292273116e-05,0.051268006447149905,0.0,0.012005443162906044,0.016509961192403607,0.006884477974602812,0.04782664456584379
0.05,0,0,4,Ecal,context_1,0.052537956645517817,0.011805197572035039,0.07486621883052981,0.08415293097762583,0.030928272729202486,0.0009864262872432833,0.0008336605413283473,0.05879564810991408,0.0,0.08430261832829809,0.05816481643637265,0.02341567663141648,0.17245905144764753
0.05,0,0,4,Ecal,pooled,0.040248706688431723,0.0014845674135641053,0.06865541552306706,0.01949914517942831,0.02062422473822545,0.035659186890849306,5.729138371687707e-05,0.051242186433743626,0.0,0.011237280152187418,0.01615545077862085,0.006189516039431093,0.04613012198602316
0.05,0,1,0,Ugap,context_0,0.04686181750339319,0.004222289739922186,0.07542151043563095,0.016095121472175546,0.023954030556572192,0.01774984228571673,0.00012331367944489732,0.05260616936027033,0.0,0.01467000997266243,0.011113591832393771,0.006220193958053418,0.04707090383549026
0.05,0,1,0,Ugap,context_1,0.05763680254158499,0.028896814042036263,0.08126599738755391,0.08669057204945335,0.030651166567822366,0.018140835256050897,0.0032579079016824843,0.05935282697620105,0.0,0.028717506058895774,0.04595137898866454,0.030292351451601397,0.18660439989991684
0.05,0,1,0,Ugap,pooled,0.04708155941878861,0.005311952511549834,0.07565455383121325,0.016080851255419335,0.02406349513328021,0.017763902912083504,0.00015750398933114004,0.05250278164909247,0.0,0.014722275239418995,0.010087525681986271,0.006692013948931384,0.0460010298731997
0.05,0,1,1,Ugap,context_0,0.04565717765708177,0.0005218920527309294,0.07409071232704323,0.018205222500892047,0.02535660543258267,0.02005985521871488,5.404172753662519e-05,0.05289578864196937,0.0,0.01467000997266243,0.013526462591203929,0.006027761823479688,0.04911605551956522
0.05,0,1,1,Ugap,context_1,0.05502688491113732,1.6039905339004096e-05,0.0898993989549295,0.06017755655905006,0.03189771214406823,0.047955306298114564,0.0006277232616999859,0.05800379879404055,0.0,0.028717506058895774,0.03456554688190508,0.018288510005973535,0.16942782032896636
0.05,0,1,1,Ugap,pooled,0.04567426909066785,0.0004887200424866174,0.07474542248270952,0.018240322782897396,0.024676849334756445,0.02139779310965252,4.4300681932919414e-05,0.052518991245511806,0.0,0.014722275239418995,0.013899890664217512,0.005314412441042743,0.04887273771611438
0.05,0,1,2,Ugap,context_0,0.043206203750198346,0.0012772280443133642,0.07510632270983507,0.019293621440227133,0.020241346015855144,0.01487440401825807,6.67280896514976e-05,0.051370303856646385,0.0,0.01467000997266243,0.011648151724290798,0.005365159442350409,0.04884264013024908
0.05,0,1,2,Ugap,context_1,0.030168655055509523,0.011866324706868133,0.06495314653728373,0.07656111311609558,0.03352482878608535,0.0383817220101835,9.389545525460656e-05,0.053270949199606635,0.0,0.028717506058895774,0.056099883720292426,0.01149519134473672,0.17083045502424252
0.05,0,1,2,Ugap,pooled,0.04159312776907964,0.001981276828922925,0.07413140312353982,0.019050201123761528,0.0205737212283289,0.015865117693375716,6.083741018038163e-05,0.05128154322501809,0.0,0.014722275239418995,0.010794900899957906,0.005068439779525301,0.04762655441933049
0.05,0,1,3,Ugap,context_0,0.04495025855116469,0.004383427409048085,0.07084491158755313,0.016913580223349677,0.021496048758923914,0.03434952487257223,3.9639126980755884e-05,0.051515887873659835,0.0,0.01467000997266243,0.012999333335201705,0.005759991509658715,0.044112602900653754
0.05,0,1,3,Ugap,context_1,0.041776551263642,0.002270770248801216,0.06749749026593875,0.08912985848223,0.033603699155681004,0.023459078838265562,0.0014116631280646785,0.05600463313666674,0.0,0.028717506058895774,0.0660757473259993,0.024526139899262996,0.17811107615515048
0.05,0,1,3,Ugap,pooled,0.04432506804487624,0.004089520300289398,0.07069013700854795,0.016928750259506357,0.021652273990006188,0.03383843194952317,4.1767893239457506e-05,0.05152685178303826,0.0,0.014722275239418995,0.013112935445491518,0.006404537469481452,0.04486445773612186
0.05,0,1,4,Ugap,context_0,0.044040189720659595,0.003294252923273296,0.07253793737260406,0.01862221209759144,0.022138115543919756,0.02347174283037151,5.6813151743191376e-05,0.05209615104960225,0.0,0.01467000997266243,0.01149654146666712,0.00519264229476273,0.04910346707951214
0.05,0,1,4,Ugap,context_1,0.031139245388070166,0.017345406147036294,0.06675986981873902,0.07854182304456932,0.0459597699593713,0.036509591084812776,0.0004824080085246091,0.07556697486298253,0.0,0.028717506058895774,0.03751260384833074,0.014539761793246316,0.17333038865836375
0.05,0,1,4,Ugap,pooled,0.04288635373413996,0.003783168291840373,0.07184327627881569,0.018973161266257057,0.02264633079929529,0.02411759302715545,6.0896748303196704e-05,0.05235283972999456,0.0,0.014722275239418995,0.011191209694044,0.005087775122808096,0.04698111834937272
0.05,0,1,0,Ucal,context_0,0.04686181750339319,0.004242917263376511,0.0753907283502405,0.016158647601751095,0.023821166675618233,0.017623168161846975,0.00010882571039035706,0.05255021630642978,0.0,0.01467000997266243,0.011389506595956068,0.005994947434964275,0.04711931306718559
0.05,0,1,0,Ucal,context_1,0.057184927259162945,0.028717048765421485,0.08128919305123918,0.0865143166836563,0.030651166567822366,0.018610661458081976,0.003003941973929243,0.05935657135395545,0.0,0.028717506058895774,0.04775888011835277,0.026293953873691836,0.18676740179438184
0.05,0,1,0,Ucal,pooled,0.047101831469711974,0.005324020147222425,0.07562505125640959,0.01638366895493348,0.02383084353961673,0.01766607346040451,0.00014209751421188585,0.05244735324667158,0.0,0.014722275239418995,0.010401161362312183,0.0064841753310826465,0.04573004048974789
0.05,0,1,1,Ucal,context_0,0.045635953444500055,0.0005153629619166313,0.07409076922304013,0.0176045930483388,0.025334461452423684,0.020163019511822144,3.8574911182397966e-05,0.052889944689771755,0.0,0.01467000997266243,0.012826063576007385,0.005888698883590686,0.04871574861937532
0.05,0,1,1,Ucal,context_1,0.05479028796686829,0.0003456813479710283,0.08981402232086458,0.0645012431528335,0.031426458609666724,0.047503466890075896,0.0007053994693348343,0.05781529679895417,0.0,0.028717506058895774,0.03820068023883399,0.023161260014544095,0.1720432205557726
0.05,0,1,1,Ucal,pooled,0.04565399703974449,0.0004658464119111686,0.07473709706788342,0.017758973889658424,0.024676849334756445,0.02147344579012661,2.657255930087031e-05,0.05252252089242955,0.0,0.014722275239418995,0.013122317925332336,0.005013231999528614,0.048498186836024075
0.05,0,1,2,Ucal,context_0,0.043163755325034914,0.0012444386244865296,0.07510531006698905,0.019186000256148604,0.020042050194424177,0.015061991560469154,7.032685734206112e-05,0.051356687247209,0.0,0.01467000997266243,0.01145713381105537,0.005272876179479252,0.048522956818994954
0.05,0,1,2,Ucal,context_1,0.030168655055509523,0.011853141551781023,0.06485847480975485,0.07758980974646527,0.03352482878608535,0.0383817220101835,0.00011019740563244563,0.053270949199606635,0.0,0.028717506058895774,0.05790738484998065,0.012616737049353437,0.17209204895685473
0.05,0,1,2,Ucal,pooled,0.04157285571815622,0.0019490153712468908,0.0741270941563465,0.01890546706614368,0.020383369924422468,0.016044623656820967,6.575854755889099e-05,0.05126711311781311,0.0,0.014722275239418995,0.010713812696264344,0.005061596057254662,0.047536789078462004
0.05,0,1,3,Ucal,context_0,0.045013931188909784,0.004377787225523685,0.07084427058142928,0.01634540506853317,0.021518192739082898,0.03436437999753367,2.3225929399119224e-05,0.051528458945014115,0.0,0.01467000997266243,0.01259607329614914,0.004960816601665519,0.04381013565531333
0.05,0,1,3,Ucal,context_1,0.041776551263642,0.002276484470262758,0.06755431216035046,0.08766700658346309,0.033603699155681004,0.023459078838265562,0.001581553551962744,0.05600463313666674,0.0,0.028717506058895774,0.06426824619631114,0.023017489719205517,0.17896292821907772
0.05,0,1,3,Ucal,pooled,0.044385884197646386,0.004083667185365432,0.07069155792325006,0.016731305857080214,0.021673424134884656,0.03385271161376628,2.830678572271982e-05,0.051541278341466275,0.0,0.014722275239418995,0.01266695032517692,0.005703215658867576,0.04463459549153397
0.05,0,1,4,Ucal,context_0,0.04399774129549616,0.0033227995218061217,0.07253883124485172,0.018609198821865812,0.022115971563760772,0.023579245992539896,5.5356584315972076e-05,0.05207679520732927,0.0,0.01467000997266243,0.011963474143464829,0.005412406719933669,0.0491141806930167
0.05,0,1,4,Ucal,context_1,0.03159112067049222,0.01734127251301787,0.06683021173029005,0.07987343138268199,0.04501726289056829,0.03656390251297312,0.0004913132091182914,0.07479477077727896,0.0,0.028717506058895774,0.0388682296955969,0.010705114662271484,0.17405774931668538
0.05,0,1,4,Ucal,pooled,0.042825537581369866,0.0038096204919697155,0.07184087577536664,0.01908429523064646,0.02262518065441682,0.024221330721452897,6.185420369802478e-05,0.0523213678059468,0.0,0.014722275239418995,0.011839915323592515,0.005404064225092219,0.04680006033816198
0.05,0,1,0,Egap,context_0,0.0469812661309168,0.004260195809609076,0.07557928812430197,0.016210303982124353,0.023466862993074322,0.018243256272733765,0.00011735455526223074,0.05234172319103037,0.0,0.01467000997266243,0.01057829078010709,0.0059897427307955544,0.04635816063925027
0.05,0,1,0,Egap,context_1,0.05869345897098538,0.02846930247791509,0.08178850394996395,0.08269661725230562,0.030637262742917046,0.018860994601357622,0.0044430867889698866,0.05912915897378168,0.0,0.028717506058895774,0.039173249752333814,0.033315339247579435,0.1821128053499877
0.05,0,1,0,Egap,pooled,0.04725683730471386,0.005331032195725812,0.07583162760218025,0.016273406323790512,0.02325978962789743,0.01826879987129873,0.0001605610569285641,0.0522307931535979,0.0,0.014722275239418995,0.009977636484163189,0.006889343747854652,0.04552189993639491
0.05,0,1,1,Egap,context_0,0.045734913038346425,0.0004950320075812582,0.07437778170412607,0.016828563412161924,0.024625854087335863,0.01990629074861948,6.49260772329577e-05,0.05264609457614367,0.0,0.01467000997266243,0.012351197818560576,0.0043703178574480825,0.0482841756599186
0.05,0,1,1,Egap,context_1,0.055319012017756304,0.0010541126318119897,0.0901384113769592,0.06218032649278676,0.03284021921287125,0.050397613695529975,0.0008747851119130998,0.05888531012573107,0.0,0.028717506058895774,0.03491925478974513,0.02475019522474361,0.17144603743094106
0.05,0,1,1,Egap,pooled,0.04570239479032817,0.0004136206997497914,0.07502024185874008,0.017477564805028087,0.023915444119130713,0.021371919619229407,4.95510191796667e-05,0.0522652401261931,0.0,0.014722275239418995,0.013057130083911545,0.0035089644496327592,0.04817786410247033
0.05,0,1,2,Egap,context_0,0.04324797409245201,0.0012313204002718614,0.07534631181578452,0.01870175865964182,0.020152770095219097,0.015812656944453968,6.165445013812655e-05,0.051404419628854336,0.0,0.01467000997266243,0.010747667136227348,0.005617314665862233,0.049090636311452183
0.05,0,1,2,Egap,context_1,0.030717906040137903,0.011968974467039298,0.0650830462401832,0.07827931206150665,0.033996082320486856,0.04185469829699687,0.00018885628764512245,0.0534140469860136,0.0,0.028717506058895774,0.05474425787302627,0.0132515297232936,0.16952040694447157
0.05,0,1,2,Egap,pooled,0.04170373351770129,0.0019435451437175473,0.07437480239150636,0.018990369588177406,0.020552571083450433,0.0169052856880519,5.971857711563181e-05,0.051312031133176124,0.0,0.014722275239418995,0.010450276034260277,0.005877354921640189,0.048123437880798745
0.05,0,1,3,Egap,context_0,0.045322933353344974,0.004260716746674043,0.07112153118409686,0.01688502969416323,0.02118603303669797,0.03598758170076047,2.8021126380841754e-05,0.05144885943552514,0.0,0.01467000997266243,0.012914436484874864,0.005563590273129062,0.045161772087333046
0.05,0,1,3,Egap,context_1,0.0404510655146778,0.0021826440990296674,0.06783463063275692,0.08394462203622484,0.03501745975888553,0.029394845766353594,0.0011638083376866826,0.05708950001771874,0.0,0.028717506058895774,0.05897246693537914,0.017398651708793022,0.1832604181708646
0.05,0,1,3,Egap,pooled,0.044677997661451196,0.003975151307444889,0.07096567593952376,0.01721528432174134,0.021377322106585772,0.035678621872334795,2.737015407477993e-05,0.051466956372680096,0.0,0.014722275239418995,0.01291021493625763,0.00594215424182975,0.04571118933285449
0.05,0,1,4,Egap,context_0,0.04418679864102437,0.0031334278293227223,0.07275093709542518,0.018541482585851046,0.022315376024806655,0.022706497628729894,5.1886322249905536e-05,0.051992229674736976,0.0,0.01467000997266243,0.011837807762107362,0.004902718308328063,0.04964428524632792
0.05,0,1,4,Egap,context_1,0.032369730451955014,0.0174403823020716,0.06745392424349249,0.08165717065410025,0.04501726289056829,0.03503573973272539,0.00045176603362524705,0.07408137488311985,0.0,0.028717506058895774,0.045646358931927644,0.009858220534410907,0.17798348329512637
0.05,0,1,4,Egap,pooled,0.04305963142922198,0.0036318117394885073,0.07206233725505762,0.01903723569482599,0.02279438181344473,0.02331732038060784,5.301474732988368e-05,0.05220917630412965,0.0,0.014722275239418995,0.012145738240944988,0.004529935626384199,0.047768250805844015
0.05,0,1,0,Ecal,context_0,0.04691759349317165,0.004280867606788178,0.0755707193102467,0.016269164327231987,0.023555438913710314,0.018197462442993112,9.992883747568336e-05,0.05237054039819728,0.0,0.01467000997266243,0.010676896378785671,0.00543674179349873,0.046364097151314294
0.05,0,1,0,Ecal,context_1,0.05869345897098538,0.028289881011731098,0.08179388349844251,0.08275632328935123,0.031108516277318556,0.0178982150760255,0.003799183501629486,0.05882050766461275,0.0,0.028717506058895774,0.03917324975233377,0.029291955099388416,0.18208289465923902
0.05,0,1,0,Ecal,pooled,0.04719602115194366,0.005342704408750269,0.07582537763156706,0.01648765801957647,0.023344390207411414,0.018178594367707634,0.0001351677523089808,0.052255393891133366,0.0,0.014722275239418995,0.010002279853171437,0.005970433141674534,0.04542095055778689
0.05,0,1,1,Ecal,context_0,0.045798585676091574,0.0005453473910999099,0.07439046856810613,0.016631260598711162,0.024647998067494847,0.019799236112278615,5.093083747085658e-05,0.052659493302456235,0.0,0.01467000997266243,0.012278512170207558,0.003927727663253589,0.048212794562141975
0.05,0,1,1,Ecal,context_1,0.0544152614529122,0.0010523311123252724,0.09010522994699717,0.06325627876270234,0.03284021921287125,0.05046099183929681,0.0010127092637546057,0.058844123415854245,0.0,0.028717506058895774,0.03446737950732309,0.02646261029719603,0.17175278539537864
0.05,0,1,1,Ecal,pooled,0.045763210943098376,0.0004616510254736943,0.07502942889682818,0.01740253595830042,0.02393659426400918,0.021273218233322927,3.837745111859737e-05,0.052276196263851916,0.0,0.014722275239418995,0.01283413752375419,0.00319274152715866,0.048057640289448485
0.05,0,1,2,Ecal,context_0,0.04324797409245201,0.0012829172895079068,0.07533854380027458,0.018527014677011004,0.02017491407537808,0.015857969835023245,5.042078855262833e-05,0.051400524271234226,0.0,0.01467000997266243,0.010747667136227369,0.005076887468865826,0.04909675813028871
0.05,0,1,2,Ecal,context_1,0.030717906040137903,0.011970990405378806,0.0651088465343693,0.0798213316773263,0.033996082320486856,0.04185469829699687,0.00022804353665308524,0.0534140469860136,0.0,0.028717506058895774,0.05700363428513654,0.012289105381743756,0.17002305299392842
0.05,0,1,2,Ecal,pooled,0.04172400556862471,0.001993542033980368,0.07436582886250971,0.018816259910747018,0.0205737212283289,0.016948948155147206,4.859919399685642e-05,0.05130992941113841,0.0,0.014722275239418995,0.010571908339800599,0.0052138271897182896,0.0479458000113291
0.05,0,1,3,Ecal,context_0,0.04536538177850841,0.0042353239083576496,0.07111714402144441,0.016903475319971255,0.02111960109622102,0.03590016663391532,2.5293707349683563e-05,0.0514387889474437,0.0,0.01467000997266243,0.012702194359057702,0.005722769070873144,0.04459568592215657
0.05,0,1,3,Ecal,context_1,0.0404510655146778,0.0021722408036226612,0.06779839393375077,0.08361814355518454,0.03548871329328704,0.030740751224542368,0.0012831813509496435,0.05757969675900847,0.0,0.028717506058895774,0.05797054899595305,0.020707616814481994,0.18319858455191662
0.05,0,1,3,Ecal,pooled,0.044725289643590016,0.003950964971784801,0.07096052341961159,0.01726042947898667,0.02133502181682878,0.03565971302985767,2.825762295905073e-05,0.05146122889980767,0.0,0.014722275239418995,0.012748038528870447,0.006201591483921247,0.04541470830170855
0.05,0,1,4,Ecal,context_0,0.044250471278769576,0.003169758736853636,0.07275616966612819,0.018608356581675815,0.02233752000496564,0.022826200647154113,3.860083370571841e-05,0.05198474970367664,0.0,0.01467000997266243,0.012110491436135297,0.004348935086631301,0.04976545599403314
0.05,0,1,4,Ecal,context_1,0.031917855169532966,0.017446010159651908,0.06731719842969176,0.08242787568731338,0.044546009356166774,0.03528392887246459,0.0005702973339857347,0.0736251954108439,0.0,0.028717506058895774,0.045646358931927644,0.010067608982659052,0.17863469641882965
0.05,0,1,4,Ecal,pooled,0.04312044758199218,0.003667162414829607,0.07206795408127006,0.019060289643542623,0.022815531958323254,0.023442715042509846,3.938433227475605e-05,0.05219224388482435,0.0,0.014722275239418995,0.01224119871693907,0.0044232599120758,0.047917647399805724
0.05,0,2,0,Ugap,context_0,0.02945556011832029,0.002726034190978195,0.05819260387360824,0.017574828639049748,0.020871972156841,0.02261216119240142,3.353371453427854e-05,0.051327343311031205,0.0,0.02251637809188664,0.012926398204312206,0.005707719104366217,0.05168636997532022
0.05,0,2,0,Ugap,context_1,0.04834807810679905,0.011561798062492629,0.06556264344351392,0.07239802817815372,0.03939414519788507,0.05401976279859669,0.0009808042725497177,0.05732646854430019,0.0,0.03391238670694861,0.04687313855973469,0.03758056821270973,0.1753061477295128
0.05,0,2,0,Ugap,pooled,0.030011361625683686,0.0031042440028255453,0.05848121564910528,0.017140909912592473,0.0206554939664243,0.024004921690763736,3.7099743055640846e-05,0.051217797609870025,0.0,0.021296401696702435,0.011629455591246514,0.004138615640347996,0.04779158131559389
0.05,0,2,1,Ugap,context_0,0.03479791723900055,0.00256088196200374,0.06465476782732621,0.018613574162946712,0.021864998902361377,0.02297279479981891,5.570215349490589e-05,0.05147147907833343,0.0,0.02251637809188664,0.011657098363526536,0.004595905374424593,0.04773825281879343
0.05,0,2,1,Ugap,context_1,0.028823111596113494,0.01967729240551485,0.06006461998005971,0.10179146205517675,0.04428530463786052,0.04830365044908,0.0030749496995476563,0.05883742660547614,0.0,0.03391238670694861,0.07274458003481066,0.042153969612453386,0.1735278636374712
0.05,0,2,1,Ugap,pooled,0.03366553834245606,0.0033503630072255477,0.0643389544191859,0.016945441274061415,0.021837127997484385,0.024080039438440143,4.109780981116022e-05,0.051322961123714324,0.0,0.021296401696702435,0.009950327143475816,0.003914469681943667,0.04540885118667603
0.05,0,2,2,Ugap,context_0,0.03386546997635642,0.006849399978241496,0.06244719451158229,0.016986207660796324,0.023816695633707308,0.019715269915151587,3.854456585577706e-05,0.051806732130795057,0.0,0.02251637809188664,0.011259879970710459,0.008454156896869867,0.04580819218188921
0.05,0,2,2,Ugap,context_1,0.03788576553054319,0.019722597677363746,0.07151390079413815,0.08049852153153317,0.030057048853740623,0.009284700065487358,0.0011883477252216698,0.05218651664718439,0.0,0.03391238670694861,0.05662106249955947,0.03937305997760586,0.1675183102908757
0.05,0,2,2,Ugap,pooled,0.033577405498835755,0.007454632084120946,0.0627231029642395,0.015301959386954668,0.023657433125567673,0.018440026161853598,5.325190136922322e-05,0.051650894393669704,0.0,0.021296401696702435,0.006572562596583099,0.009701648406097831,0.04555959392236988
0.05,0,2,3,Ugap,context_0,0.0337727974721983,0.007530375716450298,0.06438566867150373,0.016197972598784204,0.02073956859077164,0.02605173528166596,1.3258551660696495e-06,0.05126523498945165,0.0,0.02251637809188664,0.008477241665143548,0.0026361727213895596,0.04569672346438247
0.05,0,2,3,Ugap,context_1,0.038808837689399654,0.006997508995310649,0.06477048625311288,0.07962877652916621,0.05342267968628161,0.08395298106759808,0.00030609164271367734,0.07733874484257557,0.0,0.03391238670694861,0.05270945973037769,0.009626416906504953,0.1731766172966162
0.05,0,2,3,Ugap,pooled,0.033897886124061805,0.006941494487350313,0.0643811737466067,0.015990208155182095,0.020465588497146747,0.02875697800004602,8.303413010059141e-07,0.05135641531731565,0.0,0.021296401696702435,0.00783969549665934,0.002643059878131504,0.04525814782003111
0.05,0,2,4,Ugap,context_0,0.03251905306542957,0.002860280229264481,0.06190512291748176,0.026333561340937166,0.02311382525007466,0.02252692941842488,4.361779367790722e-05,0.052232938294728366,0.0,0.02251637809188664,0.020648792821823456,0.006202030992695607,0.05055673278839914
0.05,0,2,4,Ugap,context_1,0.02795793004895974,0.005799424083553609,0.06286176864533959,0.0856021849061981,0.02971244158026331,0.01738301223852176,0.0018179024516832855,0.0526587266830873,0.0,0.03391238670694861,0.05960612660619005,0.04383906644316658,0.17109574939994276
0.05,0,2,4,Ugap,pooled,0.03171125901024163,0.0029578434407450185,0.06181482208881567,0.02362683429298885,0.022485172148372257,0.0222923272366001,4.950048434061098e-05,0.05205529133734095,0.0,0.021296401696702435,0.018544827040768715,0.007806972969471282,0.04859510437492878
0.05,0,2,0,Ucal,context_0,0.029476713394962828,0.002721499694941238,0.05819825428442032,0.01737395977135932,0.020871972156841,0.022740417935644325,4.396778529789841e-05,0.05132182455553322,0.0,0.02251637809188664,0.012799478544456932,0.005743735456512394,0.0516672306060751
0.05,0,2,0,Ucal,context_1,0.048809758623881226,0.011574860239846111,0.06560144397024749,0.07248956493863229,0.04035753633468661,0.05511710997264324,0.0011894588400994158,0.05796978746640094,0.0,0.03391238670694861,0.048217968668121905,0.03760060131332383,0.1734281506055273
0.05,0,2,0,Ucal,pooled,0.030031588162900524,0.00310034736426625,0.05848891661116033,0.01669311549763736,0.0206554939664243,0.024177954734918183,5.7134941545343453e-05,0.05121244822611526,0.0,0.021296401696702435,0.011447416756295093,0.004935993203270387,0.04761668365636612
0.05,0,2,1,Ucal,context_0,0.03479791723900055,0.0025295583552937652,0.06465114111312208,0.01859763692505399,0.02184293164134976,0.023085565549742587,5.3967936171062526e-05,0.05146451969928408,0.0,0.02251637809188664,0.011593638533598852,0.004856034972415789,0.04777539224884304
0.05,0,2,1,Ucal,context_1,0.028823111596113494,0.01958191593699362,0.06002549759625776,0.1010190660827208,0.043803609069459744,0.04769351983893977,0.0023679526487847807,0.058595056823621386,0.0,0.03391238670694861,0.07182121900064631,0.03932843936787212,0.17301638502289707
0.05,0,2,1,Ucal,pooled,0.03366553834245606,0.0033167882255941963,0.06433272044819345,0.016897566497735807,0.02181602738978683,0.02416129678181074,4.168853453597127e-05,0.05132002364225616,0.0,0.021296401696702435,0.010011006755126308,0.004253005873249363,0.04551431662289874
0.05,0,2,2,Ucal,context_0,0.03386546997635642,0.00683420112542621,0.06246109258429558,0.016891203994599868,0.023772561111684187,0.019753331424485238,4.386685074372047e-05,0.05179599914463978,0.0,0.02251637809188664,0.010963734097714742,0.008442791272601856,0.045725060234733494
0.05,0,2,2,Ucal,context_1,0.03834744604762537,0.019674904276817888,0.0716616255394254,0.08363495887579245,0.030057048853740623,0.009284700065487358,0.000984861430337719,0.05218651664718439,0.0,0.03391238670694861,0.060314506636216944,0.03649255560899185,0.1691596377909251
0.05,0,2,2,Ucal,pooled,0.033577405498835755,0.0074383380898047175,0.06274370811671899,0.01532484393735143,0.023615231910172674,0.018476357340788827,5.784499197278585e-05,0.05164157694360323,0.0,0.021296401696702435,0.006693921819884087,0.009601903150527141,0.045482845296980316
0.05,0,2,3,Ucal,context_0,0.033730490918913225,0.007541117300579572,0.06438070137708575,0.016319833023542722,0.020761635851783145,0.026090232206319036,5.047496478244781e-06,0.05125700512889588,0.0,0.02251637809188664,0.008583008048356341,0.0024269802643696915,0.045678792120684535
0.05,0,2,3,Ucal,context_1,0.038808837689399654,0.007113947687617517,0.0647429381657388,0.07976586646812989,0.05342267968628161,0.08395298106759808,0.00038163875501094017,0.07733874484257557,0.0,0.03391238670694861,0.051826310139072705,0.011065180772513958,0.17321011084626464
0.05,0,2,3,Ucal,pooled,0.03385743304962813,0.006946993240673324,0.06437522253993734,0.01611599385967803,0.020486689104844302,0.028795344509898527,1.4138502536373076e-06,0.05133966274892337,0.0,0.021296401696702435,0.007920601645526649,0.002457761945408559,0.04512633610926725
0.05,0,2,4,Ucal,context_0,0.03249789978878703,0.002865223912164749,0.06190232654107106,0.026082853221667226,0.02306969072805154,0.022447900669255477,5.245535242956234e-05,0.05223903975351786,0.0,0.02251637809188664,0.02033149367218517,0.006351474309210668,0.0505312144085091
0.05,0,2,4,Ucal,context_1,0.02795793004895974,0.0059190590546575345,0.0626238217264044,0.08163469376961421,0.02923074601186254,0.016557484539150638,0.0017238836847020453,0.05267377377566357,0.0,0.03391238670694861,0.056836043503697,0.03964947552763207,0.16707411744458953
0.05,0,2,4,Ucal,pooled,0.03169103247302485,0.0029676227522400615,0.0618022673669979,0.023493061414526818,0.022485172148372257,0.02218012689974244,5.9923103027466904e-05,0.052064206631522704,0.0,0.021296401696702435,0.018362788205817243,0.0077346047312952275,0.04878139269455058
0.05,0,2,0,Egap,context_0,0.02943908444645088,0.002875689203731659,0.058161030008108565,0.018023795436627542,0.02073956859077164,0.022762172158028296,3.269547332455941e-05,0.051292808776914896,0.0,0.02251637809188664,0.013222544077307927,0.006292721470223891,0.05259991297748969
0.05,0,2,0,Egap,context_1,0.04899793199944582,0.011309606709986642,0.06549149243012863,0.07277430403690599,0.04035753633468661,0.05833063590545659,0.0015234525357292485,0.05858796582528089,0.0,0.03391238670694861,0.050566582696392144,0.04072279725849115,0.17492373861555444
0.05,0,2,0,Egap,pooled,0.029997195765874896,0.0032373479662444575,0.0584574466029296,0.017526453584493572,0.0205288903202393,0.024335003151893533,4.2797360447302096e-05,0.05118804895983322,0.0,0.021296401696702435,0.01211489248445044,0.004943048727271081,0.04801272129236325
0.05,0,2,1,Egap,context_0,0.03431838796010739,0.002424617377623603,0.06461061294483599,0.01727829545398336,0.02175466259730352,0.020891940772140655,5.713459187227252e-05,0.051470578436073854,0.0,0.02251637809188664,0.010045319649389926,0.005003320042751311,0.04774123272865023
0.05,0,2,1,Egap,context_1,0.029496191063515247,0.019722082372305882,0.060263140730033464,0.10372962757345594,0.04428530463786052,0.046892092013053,0.002850329648822346,0.05859119125511715,0.0,0.03391238670694861,0.07643802417146808,0.039520917964323526,0.17369644891463173
0.05,0,2,1,Egap,pooled,0.03342241146318514,0.0032232881680127655,0.06430059198351554,0.01656823999622902,0.021710524351299387,0.022026495409228963,3.981442088599196e-05,0.051318737902413716,0.0,0.021296401696702435,0.00848612350869822,0.004548681960125176,0.045964834681108846
0.05,0,2,2,Egap,context_0,0.03357019150070045,0.0070852745836179455,0.06232162583270385,0.01712211238829352,0.023551888501568585,0.017512740810708166,2.707376069085776e-05,0.05178674491196615,0.0,0.02251637809188664,0.010862779452884342,0.010022139197345034,0.04619229933739447
0.05,0,2,2,Egap,context_1,0.03765246983188497,0.019643635762622354,0.07116695561660676,0.08135233601862239,0.031020439990542166,0.00951430780592899,0.0015186202169979197,0.05189176055637467,0.0,0.03391238670694861,0.05338929887998422,0.04128645907960217,0.1681816603470852
0.05,0,2,2,Egap,pooled,0.033269347808009664,0.007675329630890654,0.0625989519635182,0.015206474975504267,0.023425326440895178,0.016321979530984798,3.746723017023423e-05,0.051649549012048074,0.0,0.021296401696702435,0.00627331135004269,0.011045162268752257,0.04501606108230624
0.05,0,2,3,Egap,context_0,0.03364748172513715,0.007667950873637553,0.06424447265644725,0.017268953392855984,0.020496828719644422,0.027559099367685136,1.3154022551674127e-05,0.051341213412146966,0.0,0.02251637809188664,0.009033631940923825,0.00396052247242086,0.046959749561030835
0.05,0,2,3,Egap,context_1,0.03927051820648183,0.007287373629536095,0.06478546020013415,0.07810947322936337,0.05101420184427776,0.08217514915888263,0.0003943987948703438,0.07454302802405391,0.0,0.03391238670694861,0.055856294009431005,0.014235908013171126,0.16726653634719707
0.05,0,2,3,Egap,pooled,0.0337300053845081,0.0070607853955927235,0.06424066543851407,0.016959456535570912,0.020264330739659053,0.030094884553683574,1.4765712192317976e-05,0.05147700181843272,0.0,0.021296401696702435,0.008314387800691485,0.004088849276887282,0.04619006018210563
0.05,0,2,4,Egap,context_0,0.03235715298614661,0.002625761652907107,0.06186848376569342,0.026028511226359793,0.02324622881614405,0.02358627899463732,4.018235214483737e-05,0.05224064505854716,0.0,0.02251637809188664,0.020128641382604857,0.0045711864169924584,0.050601781117989804
0.05,0,2,4,Egap,context_1,0.028273901860738297,0.005178782767242967,0.06288187986273963,0.09482795500661965,0.03019413714866408,0.00870382087378943,0.001335236349173817,0.05379536411146291,0.0,0.03391238670694861,0.07103016285749911,0.04284966792724193,0.17282503763394233
0.05,0,2,4,Egap,pooled,0.03156520107221639,0.0027072908506429808,0.061777866803559504,0.02414460551727508,0.022696178225347252,0.022938011279796236,4.8287398210761505e-05,0.052118240045997154,0.0,0.021296401696702435,0.019063434976819053,0.006183862077970018,0.04917751340967727
0.05,0,2,0,Ecal,context_0,0.0294769239440828,0.002876264555578941,0.05815982439447199,0.017943543889392503,0.020761635851783145,0.02312537253320339,1.4982792504326188e-05,0.05129553380820898,0.0,0.02251637809188664,0.013412923567090899,0.00622200988541921,0.05226123855026299
0.05,0,2,0,Ecal,context_1,0.049459612516528,0.011637963809504066,0.06545649942007907,0.07148107864967296,0.04035753633468661,0.05840269411884791,0.0019153382042920593,0.05802709714727049,0.0,0.03391238670694861,0.048258180110981236,0.03772281909077605,0.17317607359615023
0.05,0,2,0,Ecal,pooled,0.03005372905879189,0.003251570611268701,0.05845178677969649,0.01727709198222085,0.020549990927936745,0.0246843137354697,2.6788329267438905e-05,0.05119330879012747,0.0,0.021296401696702435,0.012013759798366276,0.004525357374280433,0.047692463790243014
0.05,0,2,1,Ecal,context_0,0.03438184779003506,0.002400589996393017,0.06461123000761104,0.01782023697619018,0.02175466259730352,0.020828072585874866,4.955057574006406e-05,0.05147198622338122,0.0,0.02251637809188664,0.010658764672023925,0.004463348577170136,0.04783589383155895
0.05,0,2,1,Ecal,context_1,0.029496191063515247,0.01936541238623466,0.060320982661834985,0.10202620178754396,0.04476700020626129,0.04717517912227309,0.0029406495895870437,0.058900755413536836,0.0,0.03391238670694861,0.07499844296209046,0.03980578088749253,0.17409638760000357
0.05,0,2,1,Ecal,pooled,0.03340615204702507,0.003183761246045828,0.06430029734247701,0.01663314444348788,0.021710524351299387,0.021978091174030906,3.615118697411707e-05,0.051319172225627284,0.0,0.021296401696702435,0.0091665437424832,0.004193308482753542,0.04593758559203535
0.05,0,2,2,Ecal,context_0,0.03357019150070045,0.007098797323151708,0.06233175441603445,0.017083718376915386,0.023573955762580145,0.017697554211590652,2.8009084748348864e-05,0.05179057882972115,0.0,0.02251637809188664,0.010799319622956688,0.009779162809519916,0.046184602724645925
0.05,0,2,2,Ecal,context_1,0.037296806552801265,0.01985219664962233,0.07120464534307083,0.08025860676098767,0.031020439990542166,0.01279499985254584,0.0013992191338920664,0.051595696720101676,0.0,0.03391238670694861,0.05477434043123076,0.03843621317566387,0.1676453021168937
0.05,0,2,2,Ecal,pooled,0.033269347808009664,0.007697809767601683,0.06260766024989493,0.015023206932980883,0.023446427048592677,0.016364528030775316,4.005422287058839e-05,0.0516540149841209,0.0,0.021296401696702435,0.006234590848469787,0.010721929408825279,0.04490307085852254
0.05,0,2,3,Ecal,context_0,0.03366863500177969,0.007638111459944486,0.06423339785319788,0.017188453248659766,0.020496828719644422,0.027578883229748413,1.9508542319750736e-05,0.05133944777000018,0.0,0.02251637809188664,0.008949018834353646,0.004305642860742549,0.04688639873585737
0.05,0,2,3,Ecal,context_1,0.03973219872356401,0.00724725625709657,0.06473014915244907,0.07903388090571783,0.05101420184427776,0.08217514915888263,0.0005087929293691872,0.07454302802405391,0.0,0.03391238670694861,0.05539461349234883,0.016320341778137258,0.16846361009393712
0.05,0,2,3,Ecal,pooled,0.03375023192172494,0.007034140447733146,0.06422622411227284,0.016840757385362084,0.020243230131961498,0.03011379106330596,1.9309310649474095e-05,0.051474576091919036,0.0,0.021296401696702435,0.0081524283488812,0.004519097175135106,0.04605974895469192
0.05,0,2,4,Ecal,context_0,0.03235715298614661,0.0026485673226807256,0.06186541890102159,0.025978434027329366,0.02329036333816717,0.023482052483994723,3.2750996931207464e-05,0.05226382454055071,0.0,0.02251637809188664,0.02006518155267718,0.00453100265297255,0.050391152123856114
0.05,0,2,4,Ecal,context_1,0.028273901860738297,0.004986830445635014,0.06285793706963876,0.08556505294908628,0.03019413714866408,0.008161519771946513,0.0008477315092860131,0.053859683116819386,0.0,0.03391238670694861,0.06087319148169114,0.04320059629263136,0.17236259021181594
0.05,0,2,4,Ecal,pooled,0.03156520107221639,0.002720792270560073,0.06177160902004406,0.0239814121786803,0.022780580656137306,0.022814247379263672,4.077564987942106e-05,0.05214361753999808,0.0,0.021296401696702435,0.018901622679084427,0.006323289008228846,0.04895378824069652
0.05,0,3,0,Ugap,context_0,0.038034848108472186,0.003104095820410748,0.06754031345268384,0.018497929318493516,0.022570734072634213,0.023568578624991773,1.7118388968491525e-05,0.05264335672191204,0.0,0.010450840029970097,0.009303076442397213,0.006092714221557639,0.047218582926138564
0.05,0,3,0,Ugap,context_1,0.04474889661316742,0.02061712055874603,0.06869774209172302,0.07014585028799043,0.02854732388673424,0.04201704894831035,0.0005728608729730696,0.05207974875987637,0.0,0.07050846752958784,0.05119934366460777,0.012065758941798663,0.1655281605151833
0.05,0,3,0,Ugap,pooled,0.03780018567768528,0.00403355980752586,0.06756403413883957,0.01624004493236845,0.022707572194299863,0.02454547327716057,2.1749006362168873e-05,0.05232717982358965,0.0,0.008043213960478746,0.008502813942624123,0.006022911079991724,0.04565318957746332
0.05,0,3,1,Ugap,context_0,0.03807483257548816,0.00928513669943248,0.06946057385657126,0.025855246583299612,0.024084835283496586,0.017253552749817228,9.615037510061987e-06,0.051907160940699755,0.0,0.010450840029970097,0.020985595221135116,0.0107691683618008,0.05037768454292518
0.05,0,3,1,Ugap,context_1,0.04016412120351814,0.00906343563302993,0.0755010124132387,0.0704982679926551,0.03786484721634052,0.025875549460046526,0.000848591427875867,0.05306366471363768,0.0,0.07050846752958784,0.042672867050058204,0.028017157893236208,0.15774730105811513
0.05,0,3,1,Ugap,pooled,0.03778491224139735,0.009231579515417924,0.06971442463863102,0.020040953715573517,0.024649060019358515,0.01770224182949473,1.785712261871377e-05,0.05184932330695797,0.0,0.008043213960478746,0.014178468568519802,0.011617965525036463,0.04644097211504115
0.05,0,3,2,Ugap,context_0,0.03595532902101645,0.001700421751881424,0.06596064650760275,0.020563825992452565,0.02169054114335431,0.019866935107068107,2.2151975265915157e-05,0.051336322256156315,0.0,0.010450840029970097,0.016309961723565233,0.0035291466200715466,0.0489620878993007
0.05,0,3,2,Ugap,context_1,0.03659097828340465,0.008601875479728988,0.0708876756560224,0.08179125426761416,0.061568224817278076,0.016482864830410643,4.355030177595346e-05,0.09376499142978191,0.0,0.07050846752958784,0.06315705915423511,0.017582692395578185,0.15874796393584223
0.05,0,3,2,Ugap,pooled,0.03532103873069198,0.002053574141792055,0.06603688017391263,0.021267330920454474,0.020340969528731018,0.019894197378794692,2.0574815821535364e-05,0.05122797057101874,0.0,0.008043213960478746,0.016749877109582607,0.0030219656648440944,0.046372630567110225
0.05,0,3,3,Ugap,context_0,0.03766701243074638,0.0018407404541784535,0.06699824220678487,0.018723321370134435,0.020089402137965617,0.020571246500883766,6.928238929453399e-05,0.05126193615219048,0.0,0.010450840029970097,0.013749112739493313,0.005894203226222756,0.04998515968515535
0.05,0,3,3,Ugap,context_1,0.030375123506482107,0.00688791393781549,0.058023595389600016,0.09658480062722864,0.04097647693240431,0.0002987022901850961,0.0007955703528034457,0.06004975758780573,0.0,0.07050846752958784,0.07124862485221252,0.016897135932681513,0.16835750886417863
0.05,0,3,3,Ugap,pooled,0.03691990287209623,0.0014034745843452745,0.06645272928612338,0.01866278156901205,0.020212058256887766,0.01959073269087941,8.358028950260546e-05,0.05124009781415809,0.0,0.008043213960478746,0.01410925446854289,0.00647810815940196,0.04918490850167006
0.05,0,3,4,Ugap,context_0,0.03785318752626732,0.00066685692789344,0.06885609048895915,0.020879964590473057,0.023607585443124135,0.027104161140611066,5.207070431255677e-05,0.05286513167877814,0.0,0.010450840029970097,0.01824995002811068,0.008858856510128188,0.047313799768077806
0.05,0,3,4,Ugap,context_1,0.041267834896347944,0.004289019641593703,0.07428169891225093,0.07702285698481176,0.036933338614167054,0.05242783745172769,0.0003283773696267228,0.05276540694577596,0.0,0.07050846752958784,0.05813998771005442,0.0174543059180409,0.1727408860504747
0.05,0,3,4,Ugap,pooled,0.03745523834688225,0.00035090078604734496,0.0690182629290616,0.018900824748411874,0.02333509577580295,0.02847009937718413,5.618281809095273e-05,0.05267702687487777,0.0,0.008043213960478746,0.014854211101107361,0.009329562554728483,0.04532495893435044
0.05,0,3,0,Ucal,context_0,0.038056394724576115,0.003097612639457897,0.06755043553572922,0.018588417378243426,0.022593220131277958,0.02355774596910147,7.483743102588655e-06,0.05264642617513287,0.0,0.010450840029970097,0.009496995987332665,0.006099609922766604,0.04731587330616958
0.05,0,3,0,Ucal,context_1,0.04474889661316742,0.020758987851674314,0.06865569371809503,0.07054073424291711,0.028550319744326404,0.04327539418047144,0.0005582051660826702,0.052200861343942,0.0,0.07050846752958784,0.05119934366460777,0.012418723568114028,0.16532854057776242
0.05,0,3,0,Ucal,pooled,0.03782055601033285,0.0040350599450783885,0.06757204606076667,0.01623070032267666,0.022707572194299863,0.024601957240176386,1.1226314616528092e-05,0.05232071103290948,0.0,0.008043213960478746,0.008299110616148752,0.006088756892890648,0.04562148223554219
0.05,0,3,1,Ucal,context_0,0.03811792580769602,0.009270957617997757,0.06947643976494085,0.0260149341136718,0.024084835283496586,0.017176714774207083,9.326183374266277e-06,0.05190653329920468,0.0,0.010450840029970097,0.021136421533862734,0.010695945120071677,0.05042485351473639
0.05,0,3,1,Ucal,context_1,0.04016412120351814,0.008718043706130857,0.07571625589550765,0.06735621252378644,0.0382538009308485,0.02605198693183905,0.0012196479940167653,0.05321567545691498,0.0,0.07050846752958784,0.04040501721152715,0.025360379397264286,0.15983738860946375
0.05,0,3,1,Ucal,pooled,0.03782565290669243,0.009199153157106453,0.06974150240568748,0.020033865576803887,0.024670317167074407,0.01763965856333953,1.905114600535946e-05,0.05185284064747575,0.0,0.008043213960478746,0.014287940628016827,0.011392186174807983,0.046600932634310505
0.05,0,3,2,Ucal,context_0,0.03595532902101645,0.0017050097428442425,0.06596559288665474,0.020426040894814042,0.021645569026067013,0.01969820635915058,3.782515171805023e-05,0.051328780310042635,0.0,0.010450840029970097,0.016159135410837664,0.004077694764561796,0.048957213669800055
0.05,0,3,2,Ucal,context_1,0.036481853652523266,0.008993142740692468,0.07097698140057321,0.08065681963478653,0.06195717853178605,0.01761276048487806,7.42251874866701e-05,0.09407347167611932,0.0,0.07050846752958784,0.06091825318408582,0.018625904843290172,0.15828685023967085
0.05,0,3,2,Ucal,pooled,0.03532103873069198,0.002079721599810412,0.06604448563462752,0.02105288263977243,0.02029845523329918,0.019801924387945757,3.8480786694729946e-05,0.051235813846007845,0.0,0.008043213960478746,0.016436703461301418,0.0035190095795677415,0.04622386781552217
0.05,0,3,3,Ucal,context_0,0.037701196289141925,0.0018460086701488927,0.0669939947338607,0.018746575521824915,0.020089402137965617,0.020358790909001515,6.032054876784729e-05,0.05126087822784658,0.0,0.010450840029970097,0.013662926275077527,0.00562486578633017,0.05001151377470852
0.05,0,3,3,Ucal,context_1,0.030375123506482107,0.007287216109511063,0.057887624346851796,0.09842735238825615,0.04331019921945215,0.0024125629828642,0.0005277941759934545,0.06324440315441308,0.0,0.07050846752958784,0.07449084511119786,0.015847642486519032,0.16776290877545882
0.05,0,3,3,Ucal,pooled,0.03695163298821874,0.0013880421026287212,0.06644123679447055,0.01885499452815642,0.020233315404603602,0.01956076534039626,7.274153475019885e-05,0.051248488849890854,0.0,0.008043213960478746,0.014475920456198482,0.006225558230292989,0.04906834466357073
0.05,0,3,4,Ucal,context_0,0.03785318752626732,0.000663343138818889,0.06884552198958485,0.020699469168242144,0.023607585443124135,0.02708831264429576,4.947273807553667e-05,0.0528782500588242,0.0,0.010450840029970097,0.018056030483175202,0.00912956743568917,0.04738266895226802
0.05,0,3,4,Ucal,context_1,0.04164096922470615,0.0044339092727858475,0.0743592315377926,0.07796277033960669,0.036933338614167054,0.051901466887471076,0.0003804735599957235,0.05265451151245696,0.0,0.07050846752958784,0.05739371905333801,0.017773448990511382,0.17255423033655984
0.05,0,3,4,Ucal,pooled,0.03745523834688225,0.0003393433568797394,0.06901373165316996,0.018991110301046575,0.02333509577580295,0.02843337469677347,5.3676389888564473e-05,0.052671197575279695,0.0,0.008043213960478746,0.014854211101107382,0.009603307396899715,0.045105700106232875
0.05,0,3,0,Egap,context_0,0.03805308681403341,0.0031709040553830744,0.06752740521758559,0.018847894019287305,0.022593220131277958,0.02344483850875176,1.7085191111987512e-05,0.052725739957657405,0.0,0.010450840029970097,0.00902421098575442,0.004841566898426505,0.04673774432213114
0.05,0,3,0,Egap,context_1,0.04462903228818989,0.021091112650812406,0.06876064089382244,0.07166106744084427,0.02816136602981843,0.04743036225605571,0.0009843590891809371,0.05171380840972826,0.0,0.07050846752958784,0.053811283963115256,0.017469683749292184,0.16439823601445464
0.05,0,3,0,Egap,pooled,0.037760950970005924,0.004123087656384197,0.06755585073599575,0.016914966364980365,0.022686315046583916,0.024710119742099634,1.9001464735257076e-05,0.052409117376859694,0.0,0.008043213960478746,0.007535491428966464,0.004529780249701403,0.04509875005371368
0.05,0,3,1,Egap,context_0,0.0380469588507546,0.00941942432942841,0.06941928586307362,0.025418086490460932,0.023949918931634784,0.016528879251644132,1.0114021515058756e-05,0.05188215536687895,0.0,0.010450840029970097,0.020770129060095704,0.01019679675629712,0.05028039850177345
0.05,0,3,1,Egap,context_1,0.03966654650661098,0.008993410637797395,0.07550009176460777,0.07156457238055595,0.03553112492929268,0.027028982472351665,0.0008737526982072076,0.05241140943666603,0.0,0.07050846752958784,0.04202885895886607,0.018836860959327753,0.16206242931348105
0.05,0,3,1,Egap,pooled,0.03775859143367738,0.009354197327377656,0.0696739426509261,0.01925698197278649,0.024372717099051533,0.017084527591422746,2.061961655002863e-05,0.051782016572129136,0.0,0.008043213960478746,0.014188412381956074,0.010549907954704075,0.046608595871087545
0.05,0,3,2,Egap,context_0,0.03608025553551947,0.0018651406620274907,0.06601517986836054,0.02001858060509703,0.021735513260641576,0.01935816741626116,1.882428615869518e-05,0.05131312207977904,0.0,0.010450840029970097,0.015818940362559493,0.00374037711890279,0.04908778047604868
0.05,0,3,2,Egap,context_1,0.03635900089092767,0.009003269948521034,0.07117107330407756,0.08006287474605342,0.061568224817278076,0.020160629191831758,0.00010105302092372264,0.09415948010858373,0.0,0.07050846752958784,0.06203765616916047,0.015561683457279953,0.15804066628478117
0.05,0,3,2,Egap,pooled,0.03545785658744077,0.0022320968725371157,0.06610682215372864,0.0211164762882661,0.020362226676446937,0.019631262204110378,1.8624710857498858e-05,0.05125356027434145,0.0,0.008043213960478746,0.01611077813894088,0.0034918329606193517,0.046972507203568374
0.05,0,3,3,Egap,context_0,0.037796316830778054,0.0018427530742709682,0.06700185257026006,0.01897019031453927,0.019999457903391082,0.019711241142837968,6.49349718134323e-05,0.05127139075050225,0.0,0.010450840029970097,0.013155294287307091,0.005582958846131526,0.050109536056775386
0.05,0,3,3,Egap,context_1,0.030161450288290745,0.007288288651982922,0.058079514014220575,0.09735258079047542,0.04681078265002392,0.001454457263841788,0.0006378515011208964,0.06519911647326604,0.0,0.07050846752958784,0.07373472395250627,0.020325038608180936,0.16818133354057418
0.05,0,3,3,Egap,pooled,0.037087941204979935,0.0013846019709719817,0.06645781083231247,0.01848604495548192,0.020127029666024088,0.018753233763996346,7.726989497150558e-05,0.05128078561595546,0.0,0.008043213960478746,0.013355552160584212,0.006015354824987714,0.0490540109427679
0.05,0,3,4,Egap,context_0,0.03782872052570868,0.000783557026881905,0.0688579753966812,0.020168529188248626,0.023854932088204217,0.026343718661908516,4.194897816871111e-05,0.05302793761023127,0.0,0.010450840029970097,0.017151072606809727,0.007108618419210003,0.04706254494618404
0.05,0,3,4,Egap,context_1,0.04164096922470615,0.004441734794935379,0.07419594683997126,0.07388915696021671,0.03654438489965908,0.0566957170248745,0.00016234760058641108,0.05265980712656733,0.0,0.07050846752958784,0.05478177875483053,0.017990895180440027,0.17194911384511147
0.05,0,3,4,Egap,pooled,0.037432598465483136,0.0004525617777643587,0.0690186224487147,0.019161078300194,0.023540144646675643,0.02796205228316133,3.809784407280228e-05,0.052853120300076356,0.0,0.008043213960478746,0.01532272875200062,0.007631546072730331,0.04600752632172881
0.05,0,3,0,Ecal,context_0,0.03809618004624127,0.003202904592094543,0.06748757686304997,0.018861821758811056,0.022638192248565225,0.02318662633177608,1.3655877853145648e-05,0.052732030540594124,0.0,0.010450840029970097,0.008870036602195035,0.004961223352647669,0.04675951628483086
0.05,0,3,0,Ecal,context_1,0.04462903228818989,0.02041901095529923,0.06860437426951173,0.07180780781549458,0.028939273458834378,0.0485106952955085,0.0009105408065978615,0.052171160313347065,0.0,0.07050846752958784,0.05493068694818987,0.018213050672674327,0.16605170517727608
0.05,0,3,0,Ecal,pooled,0.03780169163530095,0.004116422239114936,0.06751135906397314,0.01678068993274646,0.02266505789886797,0.024523333967010535,1.0797873823497554e-05,0.05237821618696644,0.0,0.008043213960478746,0.007941014921202978,0.004383100610089844,0.0450063993410993
0.05,0,3,1,Ecal,context_0,0.0380469588507546,0.009383647718236356,0.0694252260444874,0.025579491059195582,0.02399489104892205,0.01650997806841706,4.5683839419233805e-06,0.05190124989478726,0.0,0.010450840029970097,0.020899408756719345,0.010064727809158493,0.05010844292780536
0.05,0,3,1,Ecal,context_1,0.03966654650661098,0.008913036013930186,0.07551350219864834,0.071826796075956,0.03553112492929268,0.026451982586042783,0.0008181142387517781,0.05242423621117623,0.0,0.07050846752958784,0.04202885895886604,0.017917219339234642,0.16215176208384366
0.05,0,3,1,Ecal,pooled,0.03775859143367738,0.00931620640341046,0.06968057433361012,0.019320236383878607,0.024415231394483372,0.0170356003359938,1.1803262079863137e-05,0.05179724875756028,0.0,0.008043213960478746,0.014188412381956103,0.010397198508538581,0.04635416973419066
0.05,0,3,2,Ecal,context_0,0.036037162303311554,0.0018402467815766112,0.06601950798510299,0.01963289447871263,0.02169054114335431,0.019646610202064443,3.628797678686494e-05,0.05130951386707803,0.0,0.010450840029970097,0.015517287737104335,0.004422395257105126,0.048487954053223876
0.05,0,3,2,Ecal,context_1,0.03635900089092767,0.009062308683255934,0.0711233601182528,0.0828691169512092,0.061568224817278076,0.019894059506616463,7.183649272176577e-05,0.0944180896124828,0.0,0.07050846752958784,0.06576899945274256,0.01614006729089694,0.1587245580054122
0.05,0,3,2,Ecal,pooled,0.03541711592214569,0.0022120103445827867,0.0661112279460366,0.020975111329175383,0.020319712381015098,0.01988845254788965,3.543555107622724e-05,0.051259022986621286,0.0,0.008043213960478746,0.016049667140998286,0.004250200779031197,0.04663180561775905
0.05,0,3,3,Ecal,context_0,0.037774770214674125,0.0018365849334269764,0.06697937061932054,0.01862868400171309,0.019999457903391082,0.019700559135201384,5.37967540991257e-05,0.051271654014469904,0.0,0.010450840029970097,0.01261654166373719,0.005177118567087566,0.04998306672803555
0.05,0,3,3,Ecal,context_1,0.030161450288290745,0.007653508997918171,0.058043083574841295,0.09972225905944923,0.0456439215065,0.0018030501472237753,0.0007062102141906612,0.06397045788724826,0.0,0.07050846752958784,0.07485412693758091,0.021079897770584825,0.1701815921496555
0.05,0,3,3,Ecal,pooled,0.03706757087233242,0.0013598796875501902,0.0664338905140924,0.018405245337466652,0.020127029666024088,0.018713808633191012,7.05466298807502e-05,0.0512746613264724,0.0,0.008043213960478746,0.013029626838223719,0.005921495200565004,0.048899833127222105
0.05,0,3,4,Ecal,context_0,0.03791490699012445,0.0008067051461899287,0.06885957029758398,0.0203677111219553,0.02387741814684785,0.026431427624195952,4.404771316615018e-05,0.053064305144764796,0.0,0.010450840029970097,0.01732344553564125,0.007169753346431945,0.0473057757058598
0.05,0,3,4,Ecal,context_1,0.04164096922470615,0.0044351686100146896,0.07422364137958458,0.07495077434555904,0.036933338614167054,0.05621199902369467,0.00021613956370960174,0.05275546735998888,0.0,0.07050846752958784,0.054408644426472315,0.017406752869277523,0.17300303784535448
0.05,0,3,4,Ecal,pooled,0.037514079796073296,0.00047491404037043264,0.06902130449406124,0.019548258080330373,0.02356140179439159,0.028026207378923904,4.3301342024646815e-05,0.05288166953704907,0.0,0.008043213960478746,0.015465321080533355,0.007726807446082559,0.046263268756269266
0.05,0,4,0,Ugap,context_0,0.031218730094412006,0.0034348081310955655,0.06322846938242299,0.015069317595608932,0.02208846065376535,0.029420415942109535,0.0001381249113104384,0.051458216403387866,0.0,0.012319053217736756,0.008752276241393435,0.006469118224755857,0.046954147047889555
0.05,0,4,0,Ugap,context_1,0.049407856565909375,0.02225153867534358,0.06780424973804557,0.07767323614020502,0.044272955759986334,0.005923334329855048,0.0009487409176256218,0.058313813252340724,0.0,0.08003605886365853,0.04435666344969486,0.017377474549112423,0.17115766324337925
0.05,0,4,0,Ugap,pooled,0.03152064080311695,0.004263926287929023,0.0634002906651644,0.01479776430127364,0.021854587969448502,0.028315825819284365,0.00010943267486999948,0.051378339702305924,0.0,0.00936835264205375,0.00740481630027356,0.005773007030948941,0.04591315548109887
0.05,0,4,1,Ugap,context_0,0.030153199370397843,0.00248192927303305,0.06233118514492494,0.015922144859071393,0.023916970453218722,0.020018021339296366,8.829949651894604e-05,0.052414404276973255,0.0,0.012319053217736756,0.008134773904805975,0.006361858721489302,0.051032979657831955
0.05,0,4,1,Ugap,context_1,0.0308564779801818,0.04502442896648957,0.06477119063173625,0.09914045594403562,0.03133891315487665,0.0050019422920594,0.0010146461370281927,0.05535637641584784,0.0,0.08003605886365853,0.065816822698487,0.02626202698237583,0.1838993853179672
0.05,0,4,1,Ugap,pooled,0.029872452250808756,0.00033745999617079865,0.06234635825146467,0.0159151127896315,0.02392821843668569,0.01937066100016341,5.9481857384970646e-05,0.05235221060308959,0.0,0.00936835264205375,0.008259709721530981,0.006519440883786952,0.04764656627903661
0.05,0,4,2,Ugap,context_0,0.031907026987713416,0.007140286100553267,0.06504767847032493,0.019158068808849363,0.02456081325141546,0.021196334590879357,0.00011408127295566651,0.053256861019150045,0.0,0.012319053217736756,0.013616422101567417,0.006634612082673359,0.04721998328864067
0.05,0,4,2,Ugap,context_1,0.041794723945764556,0.019970965386802063,0.07595951969425499,0.08133840481993443,0.03892047534223177,0.008282898494589283,0.0006724123041081448,0.07025889263709692,0.0,0.08003605886365853,0.04351917851156222,0.011874887613623085,0.18065298130196514
0.05,0,4,2,Ugap,pooled,0.03226365114675456,0.00589510886241008,0.06552728329610266,0.016869356938740268,0.02365738081333163,0.020668066374896932,9.52929140454993e-05,0.05250852059763031,0.0,0.00936835264205375,0.010228865126197702,0.0059509520544137155,0.04603327983598801
0.05,0,4,3,Ugap,context_0,0.030986398634104073,0.0006871656752382026,0.06437273665373226,0.017655241110209424,0.023638022309904416,0.03508361614011596,3.478483744777855e-05,0.05315307045547189,0.0,0.012319053217736756,0.010664762160875339,0.0037446828434561535,0.0467248256788124
0.05,0,4,3,Ugap,context_1,0.0367372541758381,0.01644371706638144,0.06140684903963771,0.06606857094717902,0.04034552597545204,0.029282879062208778,0.00042671060969186195,0.05859578794912863,0.0,0.08003605886365853,0.03376951780112231,0.022226498550479964,0.16722831925451817
0.05,0,4,3,Ugap,pooled,0.030953018502553498,8.400589456171979e-05,0.06419527871535674,0.01636422712054682,0.02377238945062843,0.032250526169575675,3.786569192875945e-05,0.053199954878524344,0.0,0.00936835264205375,0.008823204597366015,0.004132874936563167,0.045550612868060926
0.05,0,4,4,Ugap,context_0,0.03134948140408067,0.007349522260797355,0.06638352586632047,0.0174932532987785,0.02108569748414235,0.02110722656693942,7.002829051921538e-05,0.0514675824947731,0.0,0.012319053217736756,0.009088579141710207,0.006180847868332838,0.04675479659613244
0.05,0,4,4,Ugap,context_1,0.029472083545847565,0.013358387163265002,0.05180306766447454,0.07569529218759602,0.031989214514043095,0.02698705618906784,0.0011508892989551271,0.057033670821492986,0.0,0.08003605886365853,0.05208025396685915,0.03285075645929776,0.17069165210967166
0.05,0,4,4,Ugap,pooled,0.030325354373769875,0.007612264269055527,0.06567766120065108,0.016762525826893117,0.02098254440980918,0.021369751997796504,5.6383846676216244e-05,0.05144136594317359,0.0,0.00936835264205375,0.008467401336462099,0.005830532698284124,0.04536365864408938
0.05,0,4,0,Ucal,context_0,0.031176023340338865,0.0033986291423799895,0.06322099237669093,0.015366770194264249,0.02213302790574856,0.029452214682782557,0.00011371270790596418,0.051485889056457484,0.0,0.012319053217736756,0.008880396503612883,0.005671321382163546,0.04701823450996066
0.05,0,4,0,Ucal,context_1,0.049407856565909375,0.022246051361318908,0.06776829290482389,0.07950577262188173,0.04380566604036017,0.005582334132775327,0.0008181465903835444,0.05801707063006659,0.0,0.08003605886365853,0.04570014755179968,0.016956272538772882,0.17107148365659908
0.05,0,4,0,Ucal,pooled,0.031500259260641816,0.0042290228619829276,0.06339050245153223,0.015176999018063457,0.021897126679674805,0.02832911370897724,9.149728552685998e-05,0.05140788355071284,0.0,0.00936835264205375,0.007445579385223858,0.005387522028346798,0.04624863852358469
0.05,0,4,1,Ucal,context_0,0.030174552747434413,0.0024907403717549003,0.062314843941018785,0.015864602255245417,0.023872403201235515,0.01985916152821303,6.898475512053629e-05,0.05240017355585574,0.0,0.012319053217736756,0.008455018758131875,0.006664155671507539,0.05095282424450372
0.05,0,4,1,Ucal,context_1,0.0308564779801818,0.04503950750481239,0.06473733318703835,0.09914045594403562,0.03133891315487665,0.0050019422920594,0.0010442150370554904,0.05535637641584784,0.0,0.08003605886365853,0.065816822698487,0.02677638047854801,0.1838993853179672
0.05,0,4,1,Ucal,pooled,0.029913215335759025,0.000344858939224034,0.062329515916972084,0.015822177203207312,0.023885679726459386,0.01921891593190872,4.451082037311443e-05,0.052337736267827964,0.0,0.00936835264205375,0.008565432858657997,0.006264414678796557,0.04762117505814682
0.05,0,4,2,Ucal,context_0,0.0319202127247038,0.007134127657004881,0.06505592053301863,0.01874708907371409,0.024605380503398666,0.02141518735722968,0.0001226984336443765,0.05327872982623875,0.0,0.012319053217736756,0.013377071733735205,0.0069320674791672225,0.047367342017592226
0.05,0,4,2,Ucal,context_1,0.041794723945764556,0.019970965386802063,0.07595951969425499,0.08133840481993443,0.03892047534223177,0.008282898494589283,0.0006724123041081448,0.07025889263709692,0.0,0.08003605886365853,0.04351917851156222,0.011874887613623085,0.18065298130196514
0.05,0,4,2,Ucal,pooled,0.03228403268922969,0.005889222928599294,0.06553531999579475,0.016787459916712398,0.023699919523557933,0.020876618839956007,0.00010271664084460881,0.0525250894593367,0.0,0.00936835264205375,0.010266475174095738,0.006238654240186478,0.04622934698063168
0.05,0,4,3,Ucal,context_0,0.031007752011140643,0.0006826037817798242,0.0643871398193496,0.017872372765267673,0.02359345505792121,0.035512030286307866,3.0446500468286062e-05,0.053135253852124996,0.0,0.012319053217736756,0.010872171774063123,0.0033633111148071745,0.04671681857935772
0.05,0,4,3,Ucal,context_1,0.0367372541758381,0.016275012599365736,0.06127159759570104,0.06597252358997989,0.04034552597545204,0.025841245466046048,0.00048008372900576555,0.05824310698793571,0.0,0.08003605886365853,0.03421734583515725,0.02344223041702048,0.1668624909680723
0.05,0,4,3,Ucal,pooled,0.030973400045028632,8.081631762076817e-05,0.06420338627388686,0.016643776084662047,0.023729850740402125,0.032793835628715226,3.50142251884273e-05,0.05317217646479721,0.0,0.00936835264205375,0.009251216989343808,0.004081805782725527,0.04542938450032905
0.05,0,4,4,Ucal,context_0,0.031328128027044044,0.007369653735496933,0.06638814729309869,0.017240631296497506,0.02108569748414235,0.021141928940589708,7.066617632673727e-05,0.05146885900957118,0.0,0.012319053217736756,0.009173992649856539,0.0061643990081932925,0.046675275152755755
0.05,0,4,4,Ucal,context_1,0.029472083545847565,0.013406172511147653,0.05177922722199971,0.07614248956551949,0.031989214514043095,0.02698705618906784,0.0010920372770204245,0.057033670821492986,0.0,0.08003605886365853,0.05252808200089409,0.03191553131763557,0.17076473085282157
0.05,0,4,4,Ucal,pooled,0.03030497283129474,0.007633544313033725,0.06568091324590414,0.01668585932305233,0.02098254440980918,0.021402898292346442,6.103573263499204e-05,0.05144279078871586,0.0,0.00936835264205375,0.008490884129134891,0.005855106738119405,0.04552221340767113
0.05,0,4,0,Egap,context_0,0.03166070872762433,0.0034441623866952355,0.06337621730166329,0.015188247400213477,0.022021609775790485,0.029810547614816774,0.00015598218671767072,0.05141190815125652,0.0,0.012319053217736756,0.008431975585844782,0.006663971685731025,0.04744032484288976
0.05,0,4,0,Egap,context_1,0.05074506401430225,0.02187535273553906,0.06799834556393798,0.07907671824595364,0.044272955759986334,0.009875383363970522,0.0008514311666974112,0.05977768029215618,0.0,0.08003605886365853,0.04201917035751656,0.018531263055009208,0.17478624633532205
0.05,0,4,0,Egap,pooled,0.03193703530481806,0.004255271963151966,0.06354584703371226,0.0143157061458887,0.021790779904109048,0.028888863597469047,0.0001264604095922702,0.05134389019806254,0.0,0.00936835264205375,0.007955715296671762,0.0059704857400884005,0.046211804690709686
0.05,0,4,1,Egap,context_0,0.030793902985570276,0.0025920130960553982,0.062453365018709045,0.016571496521203582,0.02298105816157059,0.020150519826487648,8.323463543426077e-05,0.052051445832995556,0.0,0.012319053217736756,0.008249869545276418,0.007610954050140886,0.05150840870120345
0.05,0,4,1,Egap,context_1,0.031158766106271704,0.04543765248689297,0.06459342040767968,0.09937922352322409,0.030871623435250482,0.004125316391778169,0.0005388264149793517,0.054814355456777916,0.0,0.08003605886365853,0.06760813483462672,0.021444923225623316,0.18408421124352814
0.05,0,4,1,Egap,pooled,0.030540201888814678,0.00042291784140783216,0.06245812085684374,0.017098417143673317,0.02297109745659376,0.01946243257736252,6.658707065614782e-05,0.05199668924016941,0.0,0.00936835264205375,0.00985980132579534,0.007648090157301131,0.048260908162604026
0.05,0,4,2,Egap,context_0,0.0323618863604731,0.007264910309755511,0.06522202272934527,0.019048073875590696,0.024181991609557862,0.020823743415459423,8.165188335361294e-05,0.05303497761666085,0.0,0.012319053217736756,0.01335385089701825,0.004641684283573598,0.04748383030218674
0.05,0,4,2,Egap,context_1,0.041682977093072074,0.019355295079305224,0.07614960281504836,0.08201099621499579,0.0384531856226056,0.007778376067017825,0.0007555390716091925,0.07124389776299879,0.0,0.08003605886365853,0.0448706205139089,0.014200198064348284,0.18049697657582037
0.05,0,4,2,Egap,pooled,0.032622743183396696,0.006043151919469798,0.0657038517660298,0.015915346043023828,0.02335960984174751,0.020287833941339914,7.153582505136475e-05,0.05233541988693808,0.0,0.00936835264205375,0.009591977721357739,0.004075970222055982,0.0465077613390324
0.05,0,4,3,Egap,context_0,0.031383523085057985,0.000630392245700275,0.0646040323464099,0.017439359609862395,0.02337061879800495,0.035785149899604546,2.95729466118403e-05,0.052910241511374086,0.0,0.012319053217736756,0.009655234848519403,0.0034195745962601067,0.046331392451106575
0.05,0,4,3,Egap,context_1,0.035650328294207834,0.016266708726736193,0.06181866433778881,0.06335573618594453,0.043616554012835214,0.0251388661679586,0.000658603880894738,0.06501297604795551,0.0,0.08003605886365853,0.030901759553389203,0.02036623725627596,0.16740862459428757
0.05,0,4,3,Egap,pooled,0.03143039109409729,0.0001326217687810092,0.06443588110365675,0.01655187254127591,0.02379365880574158,0.03313488975524155,3.3333663178771854e-05,0.05308335915101074,0.0,0.00936835264205375,0.00854710341686623,0.0036723999257412964,0.04544978037849583
0.05,0,4,4,Egap,context_0,0.031467237497583345,0.007169038475015163,0.06658278363977942,0.018274044864885455,0.020840577598234544,0.019820313681211274,8.005613767822273e-05,0.05153805274547847,0.0,0.012319053217736756,0.009315231494920672,0.006344369493198892,0.04723893993258756
0.05,0,4,4,Egap,context_1,0.029544489229738582,0.013838610774136869,0.05183292992473816,0.07192223512266223,0.031054635074790757,0.029568897510300396,0.0012315837419322913,0.05625683306127958,0.0,0.08003605886365853,0.05438843732786488,0.03749649461892127,0.16610612956317708
0.05,0,4,4,Egap,pooled,0.030652952303106773,0.007459591612960097,0.06586343840095026,0.016766510896493975,0.02072731214845136,0.02025925658782156,6.683646600189551e-05,0.051507890038835207,0.0,0.00936835264205375,0.009047663851971094,0.00667890214235616,0.0456807451834575
0.05,0,4,0,Ecal,context_0,0.03166070872762433,0.003444806904650298,0.06336437714758253,0.015087041341922942,0.022021609775790485,0.02985491262278364,0.0001415125747326579,0.051419281898607984,0.0,0.012319053217736756,0.008346562077698435,0.006032383449671141,0.0471493779212163
0.05,0,4,0,Ecal,context_1,0.05105267608773708,0.021798327085682072,0.06796552971049157,0.07999093918649824,0.044272955759986334,0.009875383363970522,0.0007235781124490886,0.05977768029215618,0.0,0.08003605886365853,0.0442583105276912,0.01716570204171459,0.17550986668981455
0.05,0,4,0,Ecal,pooled,0.03193703530481806,0.004252161364726147,0.06353041528876496,0.014192751491649775,0.021790779904109048,0.028930757139850424,0.0001145869243430564,0.05135447273782417,0.0,0.00936835264205375,0.00769075524449499,0.005432591387269749,0.046156851490966516
0.05,0,4,1,Ecal,context_0,0.030793902985570276,0.0026269785888483233,0.06245399240190145,0.016640566761820717,0.02293649090958738,0.02033823796475849,8.113236242647607e-05,0.052045631451861814,0.0,0.012319053217736756,0.008271222922313004,0.0072745653859078085,0.05163940932773744
0.05,0,4,1,Ecal,context_1,0.031158766106271704,0.04543765248689297,0.06459342040767968,0.09937922352322409,0.030871623435250482,0.004125316391778169,0.0005388264149793517,0.054814355456777916,0.0,0.08003605886365853,0.06760813483462672,0.021444923225623316,0.18408421124352814
0.05,0,4,1,Ecal,pooled,0.030540201888814678,0.00045627801555637244,0.062458989205893364,0.017218796098790252,0.022928558746367456,0.019641881493060287,6.4567237899705e-05,0.051990999686596144,0.0,0.00936835264205375,0.009880182868270474,0.007327533078208176,0.04832188554043187
0.05,0,4,2,Ecal,context_0,0.03234053298343653,0.007246086263183054,0.06522922891401121,0.01921999760244245,0.024137424357574655,0.020868124456296225,6.9964197624983e-05,0.05299843564272976,0.0,0.012319053217736756,0.013353850897018208,0.0045065994656549365,0.04736155189956919
0.05,0,4,2,Ecal,context_1,0.04185547298704773,0.019330019957864937,0.07616933009780516,0.08395648100952748,0.03892047534223177,0.007644926849438613,0.0007967861822435925,0.07210070497049348,0.0,0.08003605886365853,0.04442279247987398,0.0112958593951555,0.18084844467178285
0.05,0,4,2,Ecal,pooled,0.03260236164092156,0.006026273540721805,0.06571190780710887,0.01606026796898579,0.023274532421294902,0.02032769613872233,6.009210592195272e-05,0.052292277652159165,0.0,0.00936835264205375,0.009734648518683681,0.003865441296535517,0.04616960665478354
0.05,0,4,3,Ecal,context_0,0.031383523085057985,0.0006433232905419407,0.06460363224128823,0.01776798457402678,0.02339290242399661,0.03574967752522493,1.8424720400734575e-05,0.05296332222129522,0.0,0.012319053217736756,0.010146362520360674,0.0028503708782483795,0.046094221946695754
0.05,0,4,3,Ecal,context_1,0.0352025002601729,0.016283075891863088,0.06175705403210678,0.06309977014798292,0.043616554012835214,0.024231539784252562,0.0008256391196468462,0.0646683549003136,0.0,0.08003605886365853,0.02923726944716074,0.02137630548297151,0.16740650727554468
0.05,0,4,3,Ecal,pooled,0.03143039109409729,0.0001207540020501227,0.06443450390831774,0.016725666646951687,0.02381492816085473,0.033135364993226044,2.44295435797671e-05,0.05313159961775477,0.0,0.00936835264205375,0.008832445011518142,0.0036913792648752344,0.04522743232330591
0.05,0,4,4,Ecal,context_0,0.031509944251656485,0.007190711192415038,0.06659370697109414,0.01826445635610733,0.020818293972242996,0.019895270414496513,6.248670775282162e-05,0.05156386765529212,0.0,0.012319053217736756,0.009443351757140136,0.006176860575879874,0.04729932469727036
0.05,0,4,4,Ecal,context_1,0.029544489229738582,0.01383251945320656,0.05188641204479464,0.07108067583953159,0.031054635074790757,0.02947995555306457,0.0012872708513876857,0.05617401816143188,0.0,0.08003605886365853,0.055731921429969696,0.03744792473590471,0.16517395632000725
0.05,0,4,4,Ecal,pooled,0.03069371538805704,0.007480148239791143,0.06587663460511373,0.016706493645533508,0.02070604279333821,0.020326737072150283,5.224371386246219e-05,0.051533018975512504,0.0,0.00936835264205375,0.009190334649297034,0.006517947048981306,0.045783178969531865
0.05,1,0,0,Ugap,context_0,0.0355171896975679,0.003478310532602532,0.06546447678869591,0.01790156233206532,0.021699660253831632,0.014351339350933481,1.938544670753589e-06,0.05120710636142347,0.0,0.012005443162906044,0.013522947063104914,0.002557560241228452,0.049298854448224995
0.05,1,0,0,Ugap,context_1,0.04030703730142077,0.01547152117881205,0.05433876850171198,0.07878382992978432,0.029935144152547347,0.017689311996398394,0.0014792231191231436,0.05375621819926945,0.0,0.08430261832829809,0.05026029110810183,0.024851702399983272,0.15772801103571393
0.05,1,0,0,Ugap,pooled,0.03499587117005687,0.002795981922366406,0.06496792981715449,0.015611491346348724,0.021455324240545415,0.01447441186639549,3.172675989564829e-05,0.05112867203597761,0.0,0.011237280152187418,0.0111088533928998,0.0030588759702469244,0.047134617922079756
0.05,1,0,1,Ugap,context_0,0.03880458464389158,0.0038780637497962873,0.068380921007134,0.017204334393513186,0.026638329427491447,0.019545677894970276,3.0018041100854148e-05,0.0541523666181247,0.0,0.012005443162906044,0.009685687100354872,0.003633945858394947,0.04918321924539948
0.05,1,0,1,Ugap,context_1,0.034731817448687544,0.032835053427642244,0.06582454719606323,0.08693932197271825,0.04389725704967079,0.011742332821451026,0.012667252883245966,0.06417290899047291,0.0,0.08430261832829809,0.06251685828813261,0.04127869694753681,0.1706520829001148
0.05,1,0,1,Ugap,pooled,0.03825192131111871,0.0023799339978676096,0.06784695050432195,0.01568332297144551,0.027426751915559433,0.018162523304691175,5.3974697081656756e-05,0.054420704227097494,0.0,0.011237280152187418,0.009994934099300381,0.0037451098466973675,0.047201624162519364
0.05,1,0,2,Ugap,context_0,0.03975453024639397,0.0047513027470393945,0.06948371940348476,0.017429390075587064,0.024490524082003695,0.018375485800496194,0.00011631988254724891,0.05318540568280789,0.0,0.012005443162906044,0.013359682321756518,0.008874778897287678,0.04719408885085968
0.05,1,0,2,Ugap,context_1,0.036790816537013125,0.0068245484621631824,0.07665235815982796,0.06596457700259079,0.02524589406545271,0.08406257767388772,0.00971340976695953,0.05400072823775464,0.0,0.08430261832829809,0.03588149460440106,0.015344368252333472,0.15792491039884843
0.05,1,0,2,Ugap,pooled,0.039219996748319885,0.004061870343206124,0.06968030485605793,0.015204810081508164,0.02420703072518704,0.021177389899924293,0.00022746088574467256,0.05307654162410689,0.0,0.011237280152187418,0.010403364120827981,0.007637978988808107,0.04538929648465177
0.05,1,0,3,Ugap,context_0,0.036672378293002184,0.0029914158752596923,0.06579976637128185,0.015652990962931906,0.02057353712026566,0.02366319789668378,0.0001530772894628312,0.05121924629829567,0.0,0.012005443162906044,0.009932812570744336,0.010027029630776976,0.046362797501021215
0.05,1,0,3,Ugap,context_1,0.04292202639018873,0.009641747575264922,0.06488060088433395,0.08239792270850958,0.04770682010306511,0.005968615600615235,0.016135535411064668,0.06901779454948102,0.0,0.08430261832829809,0.0556144920256747,0.03504931861039173,0.16975367784681816
0.05,1,0,3,Ugap,pooled,0.03671844722288187,0.002496300320496192,0.06575546320064507,0.014355625844444334,0.021603373075968935,0.02233241317967688,0.00030124201837650926,0.051448109638337396,0.0,0.011237280152187418,0.007553786820312789,0.010189498330523298,0.04636855834773776
0.05,1,0,4,Ugap,context_0,0.039128160885512575,0.002253552124698454,0.06709798307345458,0.016012978163511778,0.02101905935395121,0.026157196121792542,6.0602782151240083e-05,0.051077264889017086,0.0,0.012005443162906044,0.010350678233900026,0.007033973450268671,0.045648677121226014
0.05,1,0,4,Ugap,context_1,0.06109916985356807,0.0001539440090212764,0.07845766569836991,0.08862467351109306,0.03863661620796825,0.026226428078367336,0.00138758898496677,0.06342378541202598,0.0,0.08430261832829809,0.06298465874980513,0.020205193824112375,0.1695829382235017
0.05,1,0,4,Ugap,pooled,0.03967852567139796,0.002231147683200987,0.06758735654576069,0.014494412223994106,0.021775290110852552,0.02375466319224348,3.7045104723119806e-05,0.05126258082290256,0.0,0.011237280152187418,0.008747844430905857,0.007163871716702032,0.0457545953680378
0.05,1,0,0,Ucal,context_0,0.03555997319169585,0.003467104488582304,0.06544263883314724,0.01765997437293057,0.021721987164456946,0.014252852007148709,4.371873210193744e-06,0.05120653769050984,0.0,0.012005443162906044,0.013276330195799522,0.0023714537929713873,0.049357202214489186
0.05,1,0,0,Ucal,context_1,0.04076554257423141,0.015613025567537166,0.05449116310017942,0.08058008420768173,0.029935144152547347,0.020762547183461544,0.0022829468759289345,0.053817036997362074,0.0,0.08430261832829809,0.051718889849200464,0.034864623537013154,0.1590816683487549
0.05,1,0,0,Ucal,pooled,0.03500654052124985,0.00277874205874178,0.06494961437906199,0.01556472455820025,0.021455324240545415,0.01451276856822356,5.203684575630753e-05,0.051122498153352354,0.0,0.011237280152187418,0.011004289541949024,0.003195546633172708,0.04744149264266618
0.05,1,0,1,Ucal,context_0,0.03889015163214754,0.003886456744894675,0.06837070273811348,0.016972858026523627,0.026660656338116873,0.019087016143639085,2.1453559838454674e-05,0.05417149321630017,0.0,0.012005443162906044,0.009711131093165327,0.0034865518089726407,0.048985005522081015
0.05,1,0,1,Ucal,context_1,0.03502002568111501,0.03278543732231584,0.06592608273898667,0.0852501464831478,0.043419016973152376,0.009998706587565992,0.010822657033319166,0.06410860976941796,0.0,0.08430261832829809,0.06205835301532196,0.03935208114567758,0.1712090394126415
0.05,1,0,1,Ucal,pooled,0.038333674090713254,0.002389885775501705,0.06784600588144604,0.015231712544959223,0.027426751915559433,0.017797281571553136,3.8986554100734015e-05,0.0544382342532295,0.0,0.011237280152187418,0.009971986911959644,0.00379658467557829,0.04725404639382086
0.05,1,0,2,Ucal,context_0,0.03975453024639397,0.0047812153771036895,0.06947420734986094,0.01720223550491144,0.02451285099262912,0.018684815569993435,0.00011702174955916536,0.05320114479504346,0.0,0.012005443162906044,0.01308158960992472,0.008863306951325898,0.0470587171707016
0.05,1,0,2,Ucal,context_1,0.037790910005301125,0.0065869043341880915,0.07659465920899475,0.06655265584809354,0.024957201883491726,0.0848188917234042,0.009611174610137538,0.05396822580066201,0.0,0.08430261832829809,0.03792580499921652,0.01835710507422074,0.15687352133944377
0.05,1,0,2,Ucal,pooled,0.039219996748319885,0.004100081951297125,0.06966838552607531,0.015324265930543823,0.02420703072518704,0.02150565811644284,0.00023834630565228556,0.053095996807427694,0.0,0.011237280152187418,0.01044424051062522,0.00774507122506157,0.04503793629629292
0.05,1,0,3,Ucal,context_0,0.03669128183101272,0.0030359634627299733,0.06580383176524339,0.015596216104964937,0.02052888329901492,0.023777750623466654,0.00016658474955819042,0.051209325583427244,0.0,0.012005443162906044,0.009906196954827235,0.009743751393880238,0.04616808835939609
0.05,1,0,3,Ucal,context_1,0.042925124786476025,0.009541473725817085,0.06486657841916181,0.08010667483219934,0.05057626056217558,0.005167940292319026,0.014688002580172804,0.07272865054349395,0.0,0.08430261832829809,0.05102943929756829,0.041615932236843706,0.1712211525874962
0.05,1,0,3,Ucal,pooled,0.03670216411473709,0.0025450014878043315,0.06576185097968906,0.014108576885374955,0.021667366250030407,0.02248581451442494,0.00033724758239210605,0.051473404977168236,0.0,0.011237280152187418,0.007857760837589083,0.010148567222967947,0.04620956938129732
0.05,1,0,4,Ucal,context_0,0.039128160885512575,0.002286125247249525,0.0671019058286064,0.015922395138199437,0.021041386264576634,0.026167463529143592,5.835978317115213e-05,0.051080806803890114,0.0,0.012005443162906044,0.010158152510324184,0.007335067710149797,0.04559857099945111
0.05,1,0,4,Ucal,context_1,0.06030213609751594,0.00033449363179895164,0.07856083997913153,0.08588139890113032,0.037201895978413016,0.023394011429703654,0.0053186446393521936,0.061871486239623796,0.0,0.08430261832829809,0.06313946380875182,0.02017064393793863,0.16692786165361342
0.05,1,0,4,Ucal,pooled,0.03971940206119523,0.0022696375085953704,0.06759308866903815,0.014236326296128466,0.0216899658787707,0.023896738390630223,5.285400244403821e-05,0.05124083346951893,0.0,0.011237280152187418,0.008277765948237408,0.007433423677781892,0.04565947846591315
0.05,1,0,0,Egap,context_0,0.035045883579272685,0.004579883807476401,0.06496492816869934,0.01857850693138752,0.02284744277844719,0.014563393350548792,2.5870036606376833e-05,0.05157051878021426,0.0,0.012005443162906044,0.012972328596150788,0.00482415657908863,0.04944785130502474
0.05,1,0,0,Egap,context_1,0.038260661309080464,0.012673738299293975,0.05430091298945271,0.07270546151192275,0.029456904076028936,0.0037196546064883623,0.004217148612181004,0.05411984542395249,0.0,0.08430261832829809,0.043402048303883375,0.023628757217573345,0.16108689804302878
0.05,1,0,0,Egap,pooled,0.03486459458828628,0.003962899880567073,0.06450687971566274,0.017068791119632085,0.022350719241756578,0.014085395632501427,7.365748312368296e-05,0.051462187173464444,0.0,0.011237280152187418,0.011952706368938519,0.004879843870580754,0.04799709941481987
0.05,1,0,1,Egap,context_0,0.0388394086093668,0.0026044354408671817,0.06807803720439981,0.018244413425100484,0.025861575712873064,0.017096607002369257,2.585568393466208e-05,0.053429841561752255,0.0,0.012005443162906044,0.010839671599910217,0.003457125642516016,0.04921642217996442
0.05,1,0,1,Egap,context_1,0.034761481724252946,0.03569742924458494,0.06694335459437387,0.08528182288116984,0.04007133643752349,0.01216070106516974,0.015024719469814526,0.06194300737054634,0.0,0.08430261832829809,0.060464285503217696,0.035078488700690635,0.16961292152911572
0.05,1,0,1,Egap,pooled,0.038132961171127355,0.0010333820101443663,0.06763280352789133,0.017520802659598964,0.026296964975545012,0.015789807428859312,3.8778854390604e-05,0.053652526617298434,0.0,0.011237280152187418,0.013163709111988636,0.004403743732796754,0.0477267398443505
0.05,1,0,2,Egap,context_0,0.03990147118541798,0.006209756064317663,0.0690693890037465,0.014050749211354338,0.02522859956643919,0.015542484285038474,7.137992314407902e-05,0.05337563408455707,0.0,0.012005443162906044,0.009333596202206623,0.0072931186555623365,0.04633219274263135
0.05,1,0,2,Egap,context_1,0.03706267212236875,0.005058993925699903,0.07753052547493199,0.06475344061434901,0.02973960264867585,0.07622503664944133,0.01599242241803729,0.05723014083621698,0.0,0.08430261832829809,0.03389370125297422,0.01938971516667235,0.15966782290652068
0.05,1,0,2,Egap,pooled,0.039349237194366615,0.005540367634847148,0.06932003487314117,0.013207418972396924,0.024914830388961695,0.018184052009759838,0.0001380529724813776,0.0534272526474524,0.0,0.011237280152187418,0.008208248538596016,0.005840003945570752,0.045461503079954516
0.05,1,0,3,Egap,context_0,0.03649147878103509,0.00397024148659274,0.06539727254375347,0.01596938906870545,0.02005720602768553,0.019566999740447233,0.00014894509133694375,0.05133418648415547,0.0,0.012005443162906044,0.009843556976985707,0.009019316635953303,0.047011277921781974
0.05,1,0,3,Egap,context_1,0.04251487416695456,0.00702968129642308,0.06571697370990472,0.08324473242820357,0.053445701021286054,0.006028540581848443,0.02971704953658262,0.08302412286270518,0.0,0.08430261832829809,0.05566584507525115,0.0496638890890999,0.1677172206980818
0.05,1,0,3,Egap,pooled,0.03663874938368972,0.003545784142478833,0.06540403723400838,0.014966048378112384,0.0207010572911005,0.01844930376224943,0.00024465184586824505,0.05172061699948185,0.0,0.011237280152187418,0.008442624198939118,0.0073147020138129605,0.0466411320136983
0.05,1,0,4,Egap,context_0,0.03916317215174636,0.0029024593220905027,0.06675605344044226,0.014894712636556916,0.02184713328082466,0.02564125145543386,5.4545604829087964e-05,0.051134624115780195,0.0,0.012005443162906044,0.009224459598885328,0.006400219328088272,0.044312715544225806
0.05,1,0,4,Egap,context_1,0.06224477319194089,0.0058616741416638585,0.08042184546700251,0.08777723476519522,0.03262140492699659,0.02998813513232733,0.0033292008917359533,0.059482029472316345,0.0,0.08430261832829809,0.06440607673545624,0.015260919733344275,0.16573727872934527
0.05,1,0,4,Egap,pooled,0.03999034260950707,0.003110231709543369,0.06729689432506462,0.013668540337758866,0.021885820150053803,0.023119945505557765,3.392473852478067e-05,0.05126050724846309,0.0,0.011237280152187418,0.0082849282891479,0.006612454928508496,0.04534671556120456
0.05,1,0,0,Ecal,context_0,0.03511005882046464,0.0045720130808384355,0.06496940577146104,0.018836014057264074,0.022691154404069547,0.014737620629532044,3.351986215324585e-05,0.05152352613279111,0.0,0.012005443162906044,0.013614081008070223,0.004766189248729525,0.0496933910584956
0.05,1,0,0,Ecal,context_1,0.03963617712751238,0.012847192543185712,0.05458837690158551,0.0757214851602051,0.02897866399951052,0.005536550899790119,0.00883255940343948,0.054101836483056685,0.0,0.08430261832829809,0.0454987445470377,0.03364866649981522,0.16031803487165092
0.05,1,0,0,Ecal,pooled,0.03484415639338767,0.0039468632343607184,0.06452380853479982,0.017210716669331744,0.022222732893633745,0.014326433758158272,8.20703483595908e-05,0.051431081384077856,0.0,0.011237280152187418,0.01201402095363436,0.004912390196855785,0.04815086236275424
0.05,1,0,1,Ecal,context_0,0.03876005666310789,0.0026040217859732836,0.06806239192685723,0.01789922674020868,0.025816921891622324,0.017167700570066086,2.0744495437085458e-05,0.05340793148924848,0.0,0.012005443162906044,0.010400217297817767,0.0036340502258845916,0.04917066628943362
0.05,1,0,1,Ecal,context_1,0.034302976451442306,0.03546981066047866,0.0666863078201358,0.0826737190144208,0.0405495765140419,0.012082120811350641,0.021482893455927382,0.0625578258085406,0.0,0.08430261832829809,0.060464285503217724,0.05063715409940567,0.17123227839068542
0.05,1,0,1,Ecal,pooled,0.03811252297622869,0.001042845218730237,0.0676062381704896,0.017103983795806122,0.026318296033565503,0.01586519082354508,1.5301164403850025e-05,0.053642661851586844,0.0,0.011237280152187418,0.012857136188509272,0.004599772144218017,0.04803804484120048
0.05,1,0,2,Ecal,context_0,0.03990147118541798,0.006228815482303886,0.06906589973974153,0.014337142719798147,0.025340234119566096,0.015503880454257907,6.709473280440723e-05,0.05343650529743784,0.0,0.012005443162906044,0.009825606384678234,0.007021890354555169,0.046242848113424245
0.05,1,0,2,Ecal,context_1,0.03752117739517939,0.004555211602265876,0.07759591774977904,0.06750695851897831,0.03021784272519426,0.07541803082288098,0.022289805228105572,0.057702918318850584,0.0,0.08430261832829809,0.03625307264804038,0.022628125624426378,0.1642126698083306
0.05,1,0,2,Ecal,pooled,0.03929058091873261,0.005588547498975567,0.06932333386614631,0.013204045849938135,0.02508547885312551,0.018110198685269085,0.00010729395152622419,0.053510105207013894,0.0,0.011237280152187418,0.008187810343697376,0.0054757003360549495,0.045410085214208105
0.05,1,0,3,Ecal,context_0,0.036470087033971144,0.004008618291448893,0.06537936731955632,0.016188073999374712,0.02005720602768553,0.019619695452224722,0.00015413113685242415,0.051320792929564846,0.0,0.012005443162906044,0.009544072518089947,0.009270354977805952,0.04703628548525006
0.05,1,0,3,Ecal,context_1,0.04204707370528204,0.007040371997810362,0.06555087400815691,0.08197828761913489,0.05296746094476764,0.00682736135004075,0.03536695457375473,0.08240268502841708,0.0,0.08430261832829809,0.053805258104730504,0.06066866932485893,0.17653728478780983
0.05,1,0,3,Ecal,pooled,0.03664939993020422,0.003581730247593221,0.06538269472214041,0.01496855095485742,0.02065839517505952,0.018460823455833053,0.00023213617282906787,0.05169540210143434,0.0,0.011237280152187418,0.008585691563229515,0.0077398470922497,0.046763448346859346
0.05,1,0,4,Ecal,context_0,0.03916317215174636,0.0028979380669097955,0.06673932800238988,0.014558397605630187,0.02184713328082466,0.025592372687210124,6.409679804599141e-05,0.051139310119332225,0.0,0.012005443162906044,0.008897863252420951,0.006755556267336401,0.04428852940125102
0.05,1,0,4,Ecal,context_1,0.06367887165128629,0.0052807510933290756,0.08026521163039176,0.0926403026399464,0.03262140492699659,0.03036746926205605,0.0134596908259072,0.06020847537427822,0.0,0.08430261832829809,0.07060556606237035,0.021254518236675398,0.16908043045289717
0.05,1,0,4,Ecal,pooled,0.03996990441460846,0.0030798328281555374,0.0672770049003619,0.01333256231879783,0.021907151208074294,0.023054747559298622,4.006810185517434e-05,0.05127294201701044,0.0,0.011237280152187418,0.007823762352372421,0.007347278926826635,0.04536716896025214
0.05,1,1,0,Ugap,context_0,0.03589514698802149,0.003147570130695524,0.06642020597784534,0.020032554704613192,0.02616934682883587,0.012196071206680162,4.251006556446694e-06,0.0538782736302566,0.0,0.01467000997266243,0.014748941129491069,0.004145439428705174,0.04774111057568003
0.05,1,1,0,Ugap,context_1,0.0586797743484918,0.042066938329477124,0.07832990054189344,0.08567426951327253,0.028981600194899634,0.01180731342371577,0.0276495863045092,0.057784855126951584,0.0,0.028717506058895774,0.04656062742976269,0.04119286091027826,0.16569428365572333
0.05,1,1,0,Ugap,pooled,0.03667399418479905,0.0049671102023187905,0.06687447753791792,0.019524344744935817,0.025884623321013156,0.01216725280191841,0.00013800390740520202,0.05380078322867099,0.0,0.014722275239418995,0.013986317362819328,0.0054146827308448175,0.04675753329662036
0.05,1,1,1,Ugap,context_0,0.034647357251467614,9.989243631147255e-05,0.06568023764634004,0.01458956037334755,0.027121537975672516,0.010652552343670685,2.4389221787229464e-05,0.053887295385095305,0.0,0.01467000997266243,0.011717352885646876,0.0065508739183699075,0.047376658848913664
0.05,1,1,1,Ugap,context_1,0.05790512292890731,0.015846259347523872,0.08673839190534767,0.0806037637258795,0.03262243363692068,0.01982427152391525,0.015518733802927995,0.058033204493478006,0.0,0.028717506058895774,0.0464218020238878,0.02132142477043819,0.1716084072043151
0.05,1,1,1,Ugap,pooled,0.03536523410003073,0.0007057444103649841,0.06663524885223357,0.015442534242446428,0.026244175783947554,0.011093589296956655,9.016548628237907e-05,0.05355924377070581,0.0,0.014722275239418995,0.011056932200027562,0.007576689039467484,0.04665665457441889
0.05,1,1,2,Ugap,context_0,0.033310676935693506,0.0013173986069957067,0.06636074349988164,0.015510353079504892,0.02298061368594073,0.0046497432742040185,5.747004186257667e-05,0.05204432956398781,0.0,0.01467000997266243,0.009175513965665674,0.0050804770144666596,0.04647720891241248
0.05,1,1,2,Ugap,context_1,0.026793133689770626,0.007227882150666748,0.06463988267636446,0.07836223860053537,0.03337791580434242,0.014932736392218121,0.01392949816787492,0.05552510217727451,0.0,0.028717506058895774,0.04225992379700999,0.019945511050114773,0.1701125519289099
0.05,1,1,2,Ugap,pooled,0.032242207167384906,0.0010654526858472574,0.06594815857532357,0.014367655944169121,0.023198554921444625,0.005047586215629105,4.455500246983591e-06,0.051961799509649874,0.0,0.014722275239418995,0.010369440062376863,0.005191493588972888,0.04644955364280787
0.05,1,1,3,Ugap,context_0,0.03477504102464135,0.0035432867535226593,0.06226181383342861,0.016519881048493616,0.023175260501504535,0.021150964121460253,5.3424815189483186e-05,0.05240100718139962,0.0,0.01467000997266243,0.011919630672828429,0.006684504148362731,0.047439914425955736
0.05,1,1,3,Ugap,context_1,0.04327139835297086,0.016700352179732134,0.06305714014929732,0.0707715300367052,0.03505892514820493,0.027619964248017687,0.010961509370864084,0.06416514858262574,0.0,0.028717506058895774,0.03651068590890462,0.019217348868576,0.16356250291078211
0.05,1,1,3,Ugap,pooled,0.034552078271145426,0.004217295740643937,0.06227240822371847,0.017287827105799118,0.02361991216073761,0.021449324676109077,7.381389214695076e-05,0.05268565544036669,0.0,0.014722275239418995,0.0134144621461013,0.007145633936988527,0.048128264426429535
0.05,1,1,4,Ugap,context_0,0.033745565437008906,0.002704485693802981,0.06497107570880849,0.016028286207317492,0.024353540455798295,0.011394554910784144,4.805837879000291e-06,0.05274224495794451,0.0,0.01467000997266243,0.009464009151968131,0.0039162598280121025,0.04802156760327393
0.05,1,1,4,Ugap,context_1,0.0337018888680855,0.03328598204155957,0.06689957415962158,0.08596017978576073,0.045278482539010685,0.013355996499236827,0.019762145264756954,0.07968561854077712,0.0,0.028717506058895774,0.059060229473023834,0.03247451514845307,0.1776339817384328
0.05,1,1,4,Ugap,pooled,0.0335310397039324,0.004038318245104316,0.06482933568589186,0.015481555621690669,0.025007142109180924,0.011525202262680626,4.057575676956406e-05,0.053305703788497125,0.0,0.014722275239418995,0.009728763606248043,0.003957633479255102,0.04596365144871041
0.05,1,1,0,Ucal,context_0,0.0359163712006032,0.003165994283864495,0.06642628370850376,0.020025572263266924,0.02616934682883587,0.012292128924264803,6.573253295814234e-06,0.05386819363825899,0.0,0.01467000997266243,0.014770165342072757,0.004494970056252366,0.04786477595514318
0.05,1,1,0,Ucal,context_1,0.059583524913335906,0.04154796014147694,0.07889750129112089,0.08882069239170738,0.028510346660498127,0.012676606528350065,0.019320475118295155,0.058437499723790615,0.0,0.028717506058895774,0.04791625327702885,0.044769094248304775,0.16635993848710193
0.05,1,1,0,Ucal,pooled,0.036670009366877754,0.004961648600180103,0.06691366325413917,0.01963751064949138,0.025863473176134688,0.012300673057691294,0.00012174538149951181,0.05379878743667696,0.0,0.014722275239418995,0.01429039812667025,0.005547065177250249,0.046669446462646216
0.05,1,1,1,Ucal,context_0,0.0346261330388859,4.6972309681160764e-05,0.06567693938897308,0.014696929777848308,0.02703296205503658,0.010784506763669197,1.7877678518084348e-05,0.053835544325246086,0.0,0.01467000997266243,0.011887146586300574,0.005785652263591215,0.04727756615515396
0.05,1,1,1,Ucal,context_1,0.05790512292890731,0.014955877175349918,0.08729273247682223,0.0731592220721625,0.03167992656811767,0.017490970668782385,0.008449052706044527,0.058235190606589604,0.0,0.028717506058895774,0.042607581065978936,0.030460777733034083,0.1688898378440908
0.05,1,1,1,Ucal,pooled,0.035392473159175264,0.0007150836763566183,0.06665548434520908,0.01598783734714389,0.02620187549419062,0.011107360180492229,6.105183387063347e-05,0.053540500518924415,0.0,0.014722275239418995,0.011624549625882562,0.006437141559438869,0.046779106955173365
0.05,1,1,2,Ucal,context_0,0.033289452723111734,0.0013416966515396743,0.0663484572992531,0.015685748533695816,0.023069189606576668,0.004298568809773404,5.396328905911716e-05,0.05208798601344989,0.0,0.01467000997266243,0.009408980304064504,0.004599671674859956,0.04648500564815852
0.05,1,1,2,Ucal,context_1,0.026987885094183282,0.007087338178981778,0.06449125954628752,0.07450788588579015,0.03290666226994091,0.017620683862499598,0.008401811741410026,0.05480877612129943,0.0,0.028717506058895774,0.03909679682005566,0.02870337554782662,0.16766745059340632
0.05,1,1,2,Ucal,pooled,0.03224754257424456,0.0010906076181954477,0.06592878609816781,0.01481616765574373,0.023177404776566157,0.004827085068851211,3.598728089456533e-05,0.05198117606918587,0.0,0.014722275239418995,0.010979671447298273,0.005625290856144716,0.04640281648180367
0.05,1,1,3,Ucal,context_0,0.034859937874968216,0.0035309525877248423,0.062275629310534715,0.016907544094182547,0.02315311652134555,0.021233449896732037,5.808795592537815e-05,0.05239253842138276,0.0,0.01467000997266243,0.01207109873423649,0.006837072277303631,0.04780844818666787
0.05,1,1,3,Ucal,context_1,0.04417514891781497,0.017210461932670538,0.06290551342944807,0.0743278178308208,0.034587671613803425,0.025825629788780613,0.005454182229138141,0.06363776448629535,0.0,0.028717506058895774,0.04260678939360325,0.03251585010218699,0.16244419996763626
0.05,1,1,3,Ucal,pooled,0.03461099737389589,0.004227928036212715,0.062285381414469994,0.01781435712784365,0.023556461726102096,0.02144560208773899,0.00010755050011604763,0.05266608978455639,0.0,0.014722275239418995,0.014002351622879652,0.007461322452989257,0.04830943102031076
0.05,1,1,4,Ucal,context_0,0.033812218213796985,0.0026766025926693994,0.06497980799816282,0.015998607944236683,0.024419972396275358,0.011895770237377937,1.1637709753163465e-05,0.05279622882054387,0.0,0.01467000997266243,0.009336663876477833,0.003540175762185972,0.04791806166640397
0.05,1,1,4,Ucal,context_1,0.03425113985271388,0.03319880661622982,0.06671638595619041,0.08967488738699708,0.04480722900460918,0.013143328181193598,0.016546732200406422,0.0785695716206856,0.0,0.028717506058895774,0.0658600731516585,0.03533638188891429,0.1797518593862196
0.05,1,1,4,Ucal,pooled,0.03355298967694642,0.004003681348108449,0.06482962357325588,0.015550122389522712,0.025112892833573375,0.011988790798677554,4.8134025216223664e-06,0.053342520915640575,0.0,0.014722275239418995,0.009726693749028341,0.0038349056836238056,0.04567815793252774
0.05,1,1,0,Egap,context_0,0.03586466153319734,0.0032315655902015526,0.06649142421033742,0.020687323221443392,0.025704323245496985,0.011155831120587267,7.979220294066639e-06,0.053665382122091126,0.0,0.01467000997266243,0.016297071296183074,0.0033425323763480556,0.047678055800407036
0.05,1,1,0,Egap,context_1,0.05963221276443907,0.04200253612201389,0.07845299467604644,0.08416622546720745,0.028981600194899634,0.010498784688166535,0.021318970503048124,0.05782854977935854,0.0,0.028717506058895774,0.04634574492779751,0.034044505379669104,0.16892058226830106
0.05,1,1,0,Egap,pooled,0.03678251216551909,0.005042568421069973,0.06695391574279373,0.020677532649630712,0.025419320133686307,0.01111318116072528,0.00013342968528021822,0.05360542066317787,0.0,0.014722275239418995,0.015790529895001258,0.004428376518703432,0.04706147496680177
0.05,1,1,1,Egap,context_0,0.034886992676161854,0.00022141764962262136,0.06570331722117588,0.014920716401249654,0.026257922749471807,0.01059898759205187,9.520975213425968e-06,0.053247994569980556,0.0,0.01467000997266243,0.011908370798882288,0.005037231981683388,0.04698355962428563
0.05,1,1,1,Egap,context_1,0.05699453005281642,0.016200059965790384,0.08703532010075388,0.07716756563993354,0.032151180102519175,0.02195753410182627,0.013575535410682932,0.05808325765354238,0.0,0.028717506058895774,0.044982089260721066,0.01984761417170544,0.16538011473158443
0.05,1,1,1,Egap,pooled,0.03560778216031285,0.0006061332615411995,0.06666808519376906,0.015682929240179954,0.02539816998880784,0.011147769968436236,9.684316744968747e-05,0.052987094136069335,0.0,0.014722275239418995,0.011100919723114042,0.006123218100802478,0.046217815500633454
0.05,1,1,2,Egap,context_0,0.033531451106333654,0.0013825766432390557,0.06642924574498879,0.01562724276959552,0.02253773408276083,0.00670108538602221,4.23654330840631e-05,0.05194133428624727,0.0,0.01467000997266243,0.01056477044853821,0.0043500187281704135,0.0471270263089417
0.05,1,1,2,Egap,context_1,0.027168556039914537,0.006834524418947266,0.06458874671391694,0.0828193748806127,0.03432042287314544,0.00895364415702625,0.0174992920927355,0.05612562139107717,0.0,0.028717506058895774,0.0481544335660492,0.019932966278139983,0.16670929279181382
0.05,1,1,2,Egap,pooled,0.0324393731418301,0.0011423756159032923,0.06599341729593226,0.013733547437607506,0.022733251734117776,0.006766758065960471,1.956911384627994e-05,0.05182611669299163,0.0,0.014722275239418995,0.010036885637548721,0.004538521403713019,0.04651102677610912
0.05,1,1,3,Egap,context_0,0.035057711875702724,0.0035038349920098488,0.062245413493727544,0.016581114121823653,0.022798812838801585,0.021441570149915934,7.841406755640157e-05,0.05210195475125775,0.0,0.01467000997266243,0.011321223048802231,0.006708102245803933,0.046891555437427776
0.05,1,1,3,Egap,context_1,0.04332008620407402,0.017726266586992702,0.06306713622204187,0.07220468455801043,0.032189323338985096,0.028086082486748126,0.014919089006338315,0.0590719711669778,0.0,0.028717506058895774,0.04297734861343955,0.02209673374464155,0.1622533284783275
0.05,1,1,3,Egap,pooled,0.03480360637677404,0.00422546967360967,0.06226586465502211,0.01750019887147501,0.023060585362940644,0.021730961870142895,0.0001026247654197089,0.05228396939049549,0.0,0.014722275239418995,0.013331111020389173,0.006942916498672808,0.047467931849079534
0.05,1,1,4,Egap,context_0,0.034038023901007686,0.002653797439719316,0.06493073829098675,0.015633574476598265,0.02433139647563931,0.012130462557909713,1.929023799856984e-06,0.05281059481259483,0.0,0.01467000997266243,0.008759764857464557,0.004079599525801741,0.04770174159121
0.05,1,1,4,Egap,context_1,0.03232008128439569,0.03250751814030703,0.06652086280152789,0.09232369451582881,0.04470522660773742,0.01296228423775067,0.020016811532331216,0.08066024247669216,0.0,0.028717506058895774,0.06506659123913862,0.038441617032182275,0.18451177904445212
0.05,1,1,4,Egap,pooled,0.033761906540991315,0.003952015512484895,0.06477612326867667,0.015162639455925766,0.025049442398937916,0.012213243306102767,5.2524454325346415e-05,0.05338537126893595,0.0,0.014722275239418995,0.009321252730560498,0.004239946411511618,0.045633216800850945
0.05,1,1,0,Ecal,context_0,0.03586466153319734,0.003243191790990808,0.06650074052445747,0.020360048259764566,0.025660035285179017,0.011175088402356037,1.127554542468685e-05,0.0536540856777936,0.0,0.01467000997266243,0.015999932320039108,0.0032856877706623697,0.04764857011450514
0.05,1,1,0,Ecal,context_1,0.05963221276443907,0.04157534413410477,0.07869310587419588,0.08394382010665051,0.028981600194899634,0.010533637395655271,0.023827416430630424,0.05783305400709394,0.0,0.028717506058895774,0.046074540591106695,0.04688508720562186,0.1689326572762723
0.05,1,1,0,Ecal,pooled,0.03682305626736587,0.0050363466914950085,0.06697245470613925,0.020404763447777502,0.02537701984392937,0.011133165528738012,0.0001341904642319083,0.05359553326342184,0.0,0.014722275239418995,0.015587809385767308,0.005363287050678535,0.04684582172598422
0.05,1,1,1,Ecal,context_0,0.034886992676161854,0.00021921592357632442,0.06568938360298458,0.014594358870506105,0.026235778769312823,0.010820890326938198,1.413795430199431e-06,0.053268191214332496,0.0,0.01467000997266243,0.011314092846594292,0.004519341657371263,0.04662963204324469
0.05,1,1,1,Ecal,context_1,0.056507651541784776,0.0167026273086731,0.08709427307961022,0.07274824100688439,0.03120867303371616,0.017145506084126183,0.020569264709903265,0.05703155349673254,0.0,0.028717506058895774,0.040493476534802494,0.035336799823964704,0.16587919423141637
0.05,1,1,1,Ecal,pooled,0.03560778216031285,0.00063124248872605,0.06665615044957506,0.01574895360193677,0.025440470278564886,0.011119753327629017,0.00010006904638374791,0.05302680666900605,0.0,0.014722275239418995,0.011163496310633545,0.005203809610166703,0.04596496642801551
0.05,1,1,2,Ecal,context_0,0.03344655425600679,0.0013755713969504637,0.0664086961317318,0.015414975058131586,0.022515590102601846,0.007021271558963579,5.0435372227151595e-05,0.05193892459728938,0.0,0.01467000997266243,0.010437425173047892,0.0045876232568808645,0.04717542441751158
0.05,1,1,2,Ecal,context_1,0.02762043132233659,0.0070185057824239845,0.06471996314484595,0.08018683968008203,0.03337791580434242,0.015080953133421698,0.02029074242190576,0.05520880689585689,0.0,0.028717506058895774,0.04540212800403618,0.03155547390720867,0.16923396891202389
0.05,1,1,2,Ecal,pooled,0.032345423215692226,0.0011299798269594813,0.0659824128853119,0.013485019068920594,0.022669801299482373,0.007328517954044017,9.9103178985377e-06,0.0518293477813712,0.0,0.014722275239418995,0.009751007067401517,0.005855575502049535,0.046604741591698993
0.05,1,1,3,Ecal,context_0,0.03503648766312101,0.0034993555811515618,0.06223063040405036,0.01666044451051851,0.02286524477927865,0.021521420271746278,9.02673573606291e-05,0.05209206509648047,0.0,0.01467000997266243,0.011224738158501956,0.007041791090459828,0.046920687727389006
0.05,1,1,3,Ecal,context_1,0.044154621984074605,0.017181335887833347,0.0626671089864769,0.06978935320782637,0.03175018394883392,0.022742642516683897,0.014069192045482418,0.05937178383770602,0.0,0.028717506058895774,0.037144023809433595,0.033890036736676864,0.16279564806736113
0.05,1,1,3,Ecal,pooled,0.03478333432585068,0.004196982567813143,0.06223720272515572,0.017387074714056427,0.02310288565269758,0.021564229358818437,0.00013149294426913509,0.052278621702528554,0.0,0.014722275239418995,0.013036626058776828,0.007486611620000692,0.0477265942409396
0.05,1,1,4,Ecal,context_0,0.03402489970688838,0.002646466811069032,0.06492528632883031,0.016012795830349917,0.024353540455798295,0.012312831512654596,5.804983608459832e-06,0.05283020145985803,0.0,0.01467000997266243,0.00920547332168056,0.004203910116539322,0.04785202073532444
0.05,1,1,4,Ecal,context_1,0.032786432861686976,0.03290123769408457,0.06635166111683036,0.09051293375241949,0.045176480142138924,0.011624351248829629,0.022484963499401163,0.08006103785163275,0.0,0.028717506058895774,0.06328080455175422,0.04302427311373901,0.1829392157966837
0.05,1,1,4,Ecal,pooled,0.033761906540991315,0.003962651690317004,0.06476772224500901,0.015277966090956226,0.025049442398937916,0.01232056824513747,3.259340764353701e-05,0.053397942293472,0.0,0.014722275239418995,0.009706421698104921,0.004551476032428487,0.045380055831937
0.05,1,2,0,Ugap,context_0,0.03459984904814978,0.0029112976215491344,0.06542169874829311,0.016219777574429037,0.022284262849310565,0.013348865426524956,1.4726585270504608e-05,0.050815655781812984,0.0,0.02251637809188664,0.008612307706200044,0.002004579047332235,0.04864697286296198
0.05,1,2,0,Ugap,context_1,0.06732834133691261,0.030824874294213822,0.0776162448246858,0.06784913704037748,0.036060510018764744,0.023065531823656255,0.02666787868970734,0.05531642516918095,0.0,0.03391238670694861,0.0380389272187906,0.04485579261526425,0.1687790027374411
0.05,1,2,0,Ugap,pooled,0.03585447074688386,0.004214257675310347,0.06594579637541939,0.015098138501453232,0.022536181976275438,0.01375364184511664,8.22536167977058e-05,0.050816892018151524,0.0,0.021296401696702435,0.009130700756286136,0.0037338751659980983,0.04742028649905767
0.05,1,2,1,Ugap,context_0,0.038499855274713224,0.0031903369201741936,0.07156311314785307,0.01603160180073365,0.020901025198416967,0.017269158648836908,1.0602863032217486e-05,0.05076137289148582,0.0,0.02251637809188664,0.010914116856260623,0.004590899721856061,0.046815917327795505
0.05,1,2,1,Ugap,context_1,0.04049870046553989,0.00560457856272157,0.07035941608873124,0.06402653150559766,0.03484658687876364,0.039879436491363246,0.014486173583890094,0.06038706535264855,0.0,0.03391238670694861,0.03940848505353379,0.02975011703741285,0.15778367862381776
0.05,1,2,1,Ugap,pooled,0.038045108610356204,0.0032458723623964517,0.07145661118488623,0.01641574472298544,0.02096135785475306,0.018213083093774868,9.068963223419569e-05,0.05068457416315024,0.0,0.021296401696702435,0.01255863547639161,0.004802737962801183,0.0459319014438102
0.05,1,2,2,Ugap,context_0,0.03745350581575774,0.005837061790303418,0.0686469484492962,0.017152900372662566,0.02380690385910844,0.011566719204806813,6.549698795340584e-05,0.05109176949358448,0.0,0.02251637809188664,0.011664351333597084,0.007149855733679311,0.04710883627074269
0.05,1,2,2,Ugap,context_1,0.05450227766625265,0.03631891640727353,0.08532752265214176,0.07637808492491777,0.03430703753452361,0.01660627664771247,0.00565992358049254,0.05334523366572279,0.0,0.03391238670694861,0.03753703525884904,0.020051676822921836,0.16020147876814103
0.05,1,2,2,Ugap,pooled,0.03800479393963019,0.007317470665518876,0.06918908868185279,0.020244071443438923,0.024013224515100573,0.01027734831513584,3.12658226427941e-05,0.0511237794046854,0.0,0.021296401696702435,0.015937951796288367,0.006565381628264588,0.047767420142888886
0.05,1,2,3,Ugap,context_0,0.03789108054047363,0.007129735547962747,0.07102555998931247,0.016889678338090415,0.019978158333592927,0.018028981170991415,1.782215314375101e-05,0.05063492504200488,0.0,0.02251637809188664,0.011370611736258031,0.005506580769132864,0.049016249196939546
0.05,1,2,3,Ugap,context_1,0.059713588220728,0.010223644474175786,0.07599315812976756,0.07997734261768215,0.03975636014226998,0.08325842344499829,0.0042345047939699315,0.06196621512722503,0.0,0.03391238670694861,0.04789517939907693,0.010442418744860562,0.1632968462719502
0.05,1,2,3,Ugap,pooled,0.038370314927272,0.007402295205083078,0.07124765344589913,0.018219552492841927,0.019505415923625535,0.020926579426576164,2.366142055612412e-05,0.050668821370984475,0.0,0.021296401696702435,0.013157214257891996,0.005539638812871765,0.04844541437522145
0.05,1,2,4,Ugap,context_0,0.03579663463391869,0.003115827592235856,0.06755490389142899,0.018399242411489856,0.025583242630529968,0.015216523375075633,1.7857495813783885e-05,0.05151535946707094,0.0,0.02251637809188664,0.011618333750456365,0.0037024792352504158,0.046197691734734654
0.05,1,2,4,Ugap,context_1,0.044820910597367564,0.013029199340293961,0.06757197132191392,0.08441114391257647,0.031058422252071418,0.006631049847941356,0.02276631707977806,0.053512627776605565,0.0,0.03391238670694861,0.05232421561976521,0.025296198968186155,0.17472577089300445
0.05,1,2,4,Ugap,pooled,0.03620020900118359,0.0022869185229310706,0.06753961680796537,0.017632968667354275,0.02470040630783102,0.014217617345855707,0.00010051898678399172,0.05146393024665529,0.0,0.021296401696702435,0.010687850306809098,0.004575022289963123,0.045949201362307394
0.05,1,2,0,Ucal,context_0,0.03459984904814978,0.0029104765119714435,0.06542044003785236,0.016158185026185587,0.022328397371333686,0.01334261573413853,1.3762866862017269e-05,0.05081958775683845,0.0,0.02251637809188664,0.008633460982842633,0.0021451304919911816,0.04881969848408617
0.05,1,2,0,Ucal,context_1,0.06649123846968652,0.030402143452458695,0.07793521935966725,0.06569280873299042,0.03461542331356243,0.025637586410711483,0.019012165813823152,0.054286294972614765,0.0,0.03391238670694861,0.040347329804201484,0.05887018628116621,0.17388455289029145
0.05,1,2,0,Ucal,pooled,0.03585447074688386,0.00419612517167425,0.06595410867607994,0.015150001368274978,0.02249398076088044,0.013855051302306562,6.632509853758337e-05,0.05082169720645377,0.0,0.021296401696702435,0.009273759906229988,0.004389916234460818,0.04760945141232316
0.05,1,2,1,Ucal,context_0,0.03852100855135576,0.003187128724853512,0.07155398723051978,0.015928877740946746,0.020901025198416967,0.017253194859768756,1.2094044252331437e-05,0.05075666892249959,0.0,0.02251637809188664,0.01089296357961807,0.004630997174221434,0.046793038617050337
0.05,1,2,1,Ucal,context_1,0.04025465860542787,0.0059346902969191866,0.07028661530143528,0.061033054164015575,0.03532828244716441,0.03693547271916156,0.01636594693904562,0.06157153571735554,0.0,0.03391238670694861,0.04167933384891798,0.02393829432494519,0.15812409682637352
0.05,1,2,1,Ucal,pooled,0.038094352107274965,0.0032574337476231046,0.07144835366412323,0.01613534393275437,0.02096135785475306,0.018081864842455914,8.45564086623769e-05,0.05067952366341665,0.0,0.021296401696702435,0.012457502790307485,0.00474697998902244,0.04584914783564625
0.05,1,2,2,Ucal,context_0,0.037432352539115143,0.005835847077904218,0.06864845364157468,0.017237272409700688,0.023784836598096853,0.011589195314515452,7.369946213677474e-05,0.05108161423628016,0.0,0.02251637809188664,0.011727811163524733,0.007584224327163983,0.047099725826931615
0.05,1,2,2,Ucal,context_1,0.0547369021913272,0.036151812077971676,0.08537068694070533,0.07360486322574913,0.03478873310292438,0.01702650834289174,0.0006156951182772485,0.05364444614524389,0.0,0.03391238670694861,0.036709754152091476,0.015076164628618716,0.16027687414898334
0.05,1,2,2,Ucal,pooled,0.03800479393963019,0.007308879254176839,0.0691937235305547,0.0203383951443071,0.023992123907403073,0.010278615897457918,6.727523454614802e-05,0.05111802762037047,0.0,0.021296401696702435,0.015811109296621627,0.007503932882472906,0.04792832914425287
0.05,1,2,3,Ucal,context_0,0.037882215528299346,0.00710654952584415,0.07102796827516718,0.017168020166558613,0.019867822028535098,0.017913679949680517,1.6309529974386204e-05,0.05063718876616874,0.0,0.02251637809188664,0.011455224842828234,0.00562156537829826,0.04900294760307352
0.05,1,2,3,Ucal,context_1,0.059666212670232775,0.009998014033966307,0.0764077358201865,0.07933834555366716,0.03927466457386921,0.083100974573492,0.003129632994374326,0.06178302698107342,0.0,0.03391238670694861,0.04286406926166821,0.02728074213229957,0.1726228434433588
0.05,1,2,3,Ucal,pooled,0.0384512210761393,0.007370928563550173,0.07127094882782734,0.01835544233850242,0.01948431531592798,0.020807493294590723,4.880562353134013e-05,0.050674516271073757,0.0,0.021296401696702435,0.01307630810902467,0.0057739788757949495,0.04857614117353384
0.05,1,2,4,Ucal,context_0,0.035923554293773974,0.0030929235045940293,0.06756101441375843,0.018364692421584665,0.025627377152553116,0.015148993690569199,2.3339514807063503e-05,0.0515368440930824,0.0,0.02251637809188664,0.011512567367243603,0.0044822502251698785,0.046228384934202275
0.05,1,2,4,Ucal,context_1,0.04518651118704295,0.01358294393052142,0.06754698371053885,0.08435841370674212,0.0329852045256745,0.007059787928265365,0.017490233927972665,0.053119541142086425,0.0,0.03391238670694861,0.04863077148310778,0.02281563813296918,0.17565681827912066
0.05,1,2,4,Ucal,pooled,0.03632156822448457,0.0022415257003808343,0.06753820034044292,0.017696736120847798,0.02467930570013352,0.014127203839422772,7.222542975110816e-05,0.05145278523787193,0.0,0.021296401696702435,0.010868016070033522,0.004873079205556732,0.04624105075081043
0.05,1,2,0,Egap,context_0,0.03417767773936031,0.002952503736878014,0.06504188923475651,0.01617776365192522,0.021931186673125547,0.014539715375021661,1.5349038196388355e-05,0.050833694870942525,0.0,0.02251637809188664,0.009205266868513869,0.002041997126218787,0.04798952048194265
0.05,1,2,0,Egap,context_1,0.06664769333644394,0.03199755689242137,0.07713411458738859,0.07404887313240566,0.037505596723967055,0.028875635971191832,0.02880262257549148,0.058832606926471985,0.0,0.03391238670694861,0.04579366930918241,0.0436013707760372,0.1746127433491996
0.05,1,2,0,Egap,pooled,0.03533472304459251,0.0043015347306211,0.06555632289330822,0.014970318614088837,0.022325175899300442,0.01515720569917789,9.835681659576927e-05,0.05082999982765022,0.0,0.021296401696702435,0.009784433107188333,0.004020126628046088,0.046981829491881386
0.05,1,2,1,Egap,context_0,0.038347415273070895,0.002947971468910098,0.07115049543199409,0.016917506393447995,0.020989294242463208,0.017004718056757323,5.354888237337743e-06,0.050700869656452645,0.0,0.02251637809188664,0.011506408602252088,0.00528209266800471,0.047887060993634226
0.05,1,2,1,Egap,context_1,0.04049870046553989,0.00614961367200487,0.06984397817690637,0.060361282767185276,0.033401500173561326,0.036928644979008024,0.019560834948863272,0.058645002953197176,0.0,0.03391238670694861,0.03849344362823687,0.029871946678981284,0.15259043899670025
0.05,1,2,1,Egap,pooled,0.037911881546421444,0.003039354637794512,0.07104487464182135,0.017902808184262146,0.02104576028554317,0.01782956961410026,0.0001088722257901022,0.05066041754702957,0.0,0.021296401696702435,0.014255034439180695,0.005641517791114176,0.04692960015209051
0.05,1,2,2,Egap,context_0,0.03736873906523508,0.005935388810803548,0.06824923897555801,0.017215066692325056,0.02400550920821251,0.012075520646103358,6.919178135124528e-05,0.05117359730412177,0.0,0.02251637809188664,0.011552874110354567,0.007450700827725688,0.047116796251095085
0.05,1,2,2,Egap,context_1,0.05449418915763151,0.03667693674809408,0.08443638664859585,0.0712454728137439,0.029971777418916677,0.015566455653519301,0.0029542156803212677,0.0534410454431356,0.0,0.03391238670694861,0.03458328523559456,0.020324170512185578,0.16339150385974952
0.05,1,2,2,Egap,pooled,0.03795743325076334,0.007426352611482267,0.06876181180267958,0.020990725490762325,0.024055425730495572,0.010808372707890243,6.012035904659789e-06,0.05117196737950918,0.0,0.021296401696702435,0.016370927891781677,0.006449020583297547,0.047895541179913424
0.05,1,2,3,Egap,context_0,0.03736241364939574,0.007276798971725577,0.0705646722973756,0.01702485971301934,0.020331234509777918,0.01816585969566606,1.6188319177165642e-05,0.05065012816311713,0.0,0.02251637809188664,0.011519812208004477,0.004215977423368986,0.04917804956272053
0.05,1,2,3,Egap,context_1,0.060542198153901904,0.010248675547548108,0.07633894347124663,0.08220256595601029,0.04301679771804585,0.08161201983221861,1.1982271358540464e-05,0.06590250127957462,0.0,0.03391238670694861,0.044233049345795666,0.016973999242773114,0.16618227267135652
0.05,1,2,3,Egap,pooled,0.03817419034151437,0.007543765683181556,0.07082805759161119,0.018294366077793164,0.01980506532201065,0.02103274450279366,2.5930696556483897e-06,0.050694068209795905,0.0,0.021296401696702435,0.013701783056814786,0.004677184468232593,0.048332550181460175
0.05,1,2,4,Egap,context_0,0.03572194578857024,0.0029009170191471767,0.0672763039385392,0.018623758968347094,0.025914251545703426,0.016312330611231746,1.6682339426748224e-05,0.05161556119626405,0.0,0.02251637809188664,0.01175509393964403,0.003970446730056543,0.04609705637098507
0.05,1,2,4,Egap,context_1,0.04616082982552047,0.012915941917162953,0.06743031614198493,0.08250777570618313,0.03202181338887296,0.009696605804724368,0.013494202570285468,0.053107100975496035,0.0,0.03391238670694861,0.04880328781698431,0.02422298554465951,0.17132294275207444
0.05,1,2,4,Egap,pooled,0.03616249294325957,0.002085776487647284,0.06725418840913676,0.01814471522424157,0.024869211169411043,0.015120588060449983,0.000103125447384358,0.051504604459263664,0.0,0.021296401696702435,0.010852945471473061,0.004922962326395932,0.04595403416838999
0.05,1,2,0,Ecal,context_0,0.03417767773936031,0.0029752211120479322,0.06503757761182657,0.016098237332501448,0.021997388456160255,0.014599430987591186,1.3804094631808918e-05,0.05083343369790987,0.0,0.02251637809188664,0.009027690228500054,0.0021004857554525716,0.04805301346125392
0.05,1,2,0,Ecal,context_1,0.06710937385352612,0.03153787865510306,0.07719809978940634,0.06996362163939672,0.0384689878607686,0.02977284321195814,0.02011920044689775,0.0600274375955271,0.0,0.03391238670694861,0.03615349585920358,0.046246887839623774,0.17039009296839627
0.05,1,2,0,Ecal,pooled,0.03535494958180929,0.004304355792340767,0.06555206257638796,0.01485983634353241,0.02240957833009044,0.015255940408934354,8.394202733600915e-05,0.050828697627138805,0.0,0.021296401696702435,0.009440581974502232,0.003653782677138519,0.047117785710702326
0.05,1,2,1,Ecal,context_0,0.0383262619964283,0.002953096777744383,0.07117429768736842,0.017032587205881758,0.020967226981451703,0.016991327865945427,9.045689273223844e-06,0.05070863087422837,0.0,0.02251637809188664,0.011561202588091927,0.005286126644315869,0.048271453486307334
0.05,1,2,1,Ecal,context_1,0.04049644723813829,0.006763835091912834,0.06984746925988382,0.0621525202138131,0.033401500173561326,0.03697878214660394,0.013608122825780486,0.0589209438706718,0.0,0.03391238670694861,0.03895512414531904,0.02627099220732346,0.15240950216364774
0.05,1,2,1,Ecal,pooled,0.03793210808363828,0.003072812402507342,0.07106194543137079,0.01781598371410909,0.021024659677845614,0.01781962742197246,9.00547918116011e-05,0.0506606109165894,0.0,0.021296401696702435,0.013992089455361874,0.0059280494500627366,0.04705029969477966
0.05,1,2,2,Ecal,context_0,0.03734758578859254,0.005956623630251895,0.06824969219060048,0.01717643555075341,0.02400550920821251,0.012066041026345675,8.139303382629059e-05,0.05116475772208183,0.0,0.02251637809188664,0.011561224537227941,0.007714504680478813,0.04686615751231063
0.05,1,2,2,Ecal,context_1,0.054241249938036244,0.03641863463508858,0.08448046016350069,0.07824410156059548,0.03189855969251976,0.011834737907276974,0.0011901435625528423,0.05327610027215997,0.0,0.03391238670694861,0.03870085609930745,0.02224469907737877,0.16597429957508192
0.05,1,2,2,Ecal,pooled,0.03791698017632972,0.007434659289210636,0.06876476727401298,0.021053057150945874,0.02413982816128557,0.01096809784583562,3.951168074051522e-05,0.05118180040444031,0.0,0.021296401696702435,0.01663387287560044,0.007513890536387569,0.047836335811297336
0.05,1,2,3,Ecal,context_0,0.03736241364939574,0.007264634012650947,0.0705718171380763,0.01707233729224775,0.020353301770789506,0.018132222246533658,1.4401906316725431e-05,0.050651487541781226,0.0,0.02251637809188664,0.011540965484646995,0.0037438257455072958,0.049023316950853005
0.05,1,2,3,Ecal,context_1,0.060542198153901904,0.010421113653109345,0.07606591647965583,0.08350425495316634,0.04205340658124431,0.08396908113932694,0.008803941832115664,0.06441140961378011,0.0,0.03391238670694861,0.048489164807176306,0.023279297316892447,0.16963617970825615
0.05,1,2,3,Ecal,pooled,0.03817419034151437,0.007539660432215088,0.07082070932047647,0.018416972797125994,0.01988946775280065,0.021101271624251933,2.6731011350897543e-05,0.0506939836954981,0.0,0.021296401696702435,0.013730806794970787,0.004413170683818898,0.04796381648862242
0.05,1,2,4,Ecal,context_0,0.03576425234185532,0.0029019282186766755,0.06728577815639344,0.01849849872973198,0.025892184284691866,0.016245342791325862,2.216444186239002e-05,0.051612947573205045,0.0,0.02251637809188664,0.011458948066648302,0.004366420941877734,0.04623615315188145
0.05,1,2,4,Ecal,context_1,0.04569914930843829,0.012676625040357182,0.0676442273508807,0.08220973676232521,0.03202181338887296,0.01476437796905862,0.010748335681698931,0.053275909701565864,0.0,0.03391238670694861,0.04793579526736739,0.023614369929326078,0.1712269109593492
0.05,1,2,4,Ecal,pooled,0.036202946017693194,0.0020969662549997267,0.06727407707335498,0.017754542835598762,0.024869211169411043,0.014822824189827541,9.352329396628359e-05,0.05149736145519741,0.0,0.021296401696702435,0.010327055503835503,0.005102965593492411,0.04599713978606699
0.05,1,3,0,Ugap,context_0,0.04023274965343576,0.0038896902662735743,0.06536080581651607,0.01577580216093202,0.03014026905914402,0.013070939932169054,2.2233647427469846e-05,0.05805292165693595,0.0,0.010450840029970097,0.009536500048966678,0.004210696658996771,0.047827338332631204
0.05,1,3,0,Ugap,context_1,0.05437437079400893,0.03502459370472655,0.07203048006347765,0.06561115583144597,0.02406044320412555,0.012901972442015824,0.012590331037206332,0.052225813248857215,0.0,0.07050846752958784,0.035883232442467904,0.023553485169953325,0.14987336296928758
0.05,1,3,0,Ugap,pooled,0.04047076412807127,0.0054920990749882295,0.06557082195426012,0.014970403652716773,0.02962921717663558,0.013139586885869817,6.617092642969028e-05,0.057283257104367866,0.0,0.008043213960478746,0.008567937021170743,0.004780193191859611,0.046668125412378934
0.05,1,3,1,Ugap,context_0,0.039667994553789,0.009855211580916266,0.06699525088982412,0.018198218612732197,0.020882121111326146,0.009242094655598915,7.02771551783232e-06,0.05118684578977572,0.0,0.010450840029970097,0.0120663272108713,0.0023794952822951128,0.048663987486215414
0.05,1,3,1,Ugap,context_1,0.05183723479959731,0.028420270918625506,0.07413261218759933,0.07512064689474635,0.030806505174709276,0.01270662110237547,0.026317172447327564,0.05455428656285833,0.0,0.07050846752958784,0.054192869963783905,0.03117819097282405,0.15090301224851607
0.05,1,3,1,Ugap,pooled,0.03993184689948032,0.010756917564424024,0.0672753058707231,0.019702062930890614,0.021008791686159434,0.009461274692571589,0.00010074161758996409,0.05125868815869431,0.0,0.008043213960478746,0.01379152074634412,0.0029226155195427182,0.04946874544477689
0.05,1,3,2,Ugap,context_0,0.03700936092423357,0.0019551560118715172,0.06466196105386221,0.019786062785286853,0.025210327213880168,0.011338867036529282,7.617846229085234e-05,0.0528624794369083,0.0,0.010450840029970097,0.013756702758105671,0.007749570383215176,0.0499745126203038
0.05,1,3,2,Ugap,context_1,0.05133933324243505,0.0215756930354072,0.07103040187494308,0.0828213721225206,0.06611360088880494,0.005556563861814148,0.02176804375043457,0.10306074545763508,0.0,0.07050846752958784,0.05825527599146053,0.029789620175072667,0.15822760282697626
0.05,1,3,2,Ugap,pooled,0.0374806883230987,0.0029276442606645924,0.06496373044198354,0.019239190504576374,0.027161471842269524,0.010628074765322085,0.0001341670789215591,0.05413931194226721,0.0,0.008043213960478746,0.01384668623404617,0.007321430952860266,0.047836676192779884
0.05,1,3,3,Ugap,context_0,0.03828053247187452,0.001840041333477348,0.06424042835352686,0.014598439001263038,0.025518025550001378,0.010904345598894263,1.5386907715770053e-05,0.05263385891074942,0.0,0.010450840029970097,0.00910460042975434,0.004509545588235369,0.045562897363172386
0.05,1,3,3,Ugap,context_1,0.04895250627104747,0.024761178031322315,0.06771092008128969,0.06907053259897476,0.026509785283331963,0.002295233962990653,0.01842553053189474,0.05382105752288845,0.0,0.07050846752958784,0.048652168390932324,0.0237723508664448,0.14956108611202534
0.05,1,3,3,Ugap,pooled,0.03852612601136379,0.0005098231429501836,0.06411715796050876,0.01614568121578468,0.025399208598165246,0.010519435886607753,5.490417157479489e-06,0.05240341624987383,0.0,0.008043213960478746,0.009252400777355806,0.0051274471357412085,0.045601917553745264
0.05,1,3,4,Ugap,context_0,0.03881328534147327,0.0013451420304670242,0.0657246195766768,0.015018453198909947,0.02427622221142567,0.01745583128800829,5.674902679755596e-06,0.05201251439472704,0.0,0.010450840029970097,0.011164903439941063,0.002139889811814953,0.04836969723507627
0.05,1,3,4,Ugap,context_1,0.05432982441067096,0.01141012322472409,0.07577845279420048,0.07391879300319511,0.031086795579942175,0.03643783379845611,0.00714502433296145,0.05336585298813992,0.0,0.07050846752958784,0.05035609090077085,0.02526377503480785,0.15182799383337442
0.05,1,3,4,Ugap,pooled,0.039204447649967666,0.001784967701999654,0.0662166097856072,0.01515376899020035,0.023453849447656383,0.018550248817323756,7.862239638641759e-05,0.051809370047847976,0.0,0.008043213960478746,0.011245586881536157,0.0034494791851537214,0.0459344657035543
0.05,1,3,0,Ucal,context_0,0.04023274965343576,0.003878523329628409,0.06536207954480382,0.01573966686174607,0.03020772723507492,0.01304525735130703,2.1739263553931124e-05,0.058099009030414775,0.0,0.010450840029970097,0.009493406816758795,0.004163263369207498,0.047835439668514265
0.05,1,3,0,Ucal,context_1,0.05474750512236714,0.03503904480791005,0.07217440444089143,0.059507225714185596,0.024031754059387036,0.008723922610690882,0.007113708236424182,0.05218772046318665,0.0,0.07050846752958784,0.031037062217382595,0.027789252613960418,0.14827088319346413
0.05,1,3,0,Ucal,pooled,0.04047076412807127,0.005482039943412132,0.06557460228254613,0.015079954298463772,0.029671731472067475,0.012905214603746024,8.987856021247628e-05,0.057287850213045464,0.0,0.008043213960478746,0.00852472101484466,0.005306036865860373,0.04659274788054404
0.05,1,3,1,Ucal,context_0,0.03962490132158103,0.009857748505943066,0.06698778674474842,0.018102798718487998,0.02097206534590068,0.009341858803027375,1.643694763313623e-06,0.05120842635836311,0.0,0.010450840029970097,0.0122817933719107,0.002551765378439017,0.048582733635422676
0.05,1,3,1,Ucal,context_1,0.0519959954949318,0.028033475859751245,0.07419367690550369,0.07070298896956606,0.030806505174709276,0.010273289381645928,0.023132654557827065,0.05516973242012127,0.0,0.07050846752958784,0.05094219803248807,0.030486607067075795,0.14601002940010113
0.05,1,3,1,Ucal,pooled,0.03997258756477534,0.010738171809505346,0.06727792884477943,0.019972388535303334,0.021157591720170843,0.009427969782595538,0.00010340357820789927,0.051292612871818535,0.0,0.008043213960478746,0.014137816401352171,0.0029490930598595434,0.04921758604769843
0.05,1,3,2,Ucal,context_0,0.03700936092423357,0.0019257660428332025,0.06464545534298542,0.019671192212123174,0.025277785389811125,0.01116873390491277,6.307434316373675e-05,0.052837397956018606,0.0,0.010450840029970097,0.01379979599031353,0.0072127933347937,0.04988915524186764
0.05,1,3,2,Ucal,context_1,0.05133933324243505,0.02147084329353767,0.07149534357355133,0.07836811026694879,0.06339092488724912,0.003805000115442686,0.017956255668288353,0.1025709926790484,0.0,0.07050846752958784,0.05574629667330969,0.03565328756849968,0.15392181386801237
0.05,1,3,2,Ucal,pooled,0.03750105865574627,0.002894819977486018,0.06497139620348892,0.019071198454644892,0.027097700399121738,0.0105645558410426,0.00013504109247098467,0.054097166789288664,0.0,0.008043213960478746,0.013879723962752662,0.0075426134825133245,0.047984460637132256
0.05,1,3,3,Ucal,context_0,0.0383020790879785,0.0018041753364797172,0.06422114395913062,0.014799889618957788,0.02558548372593228,0.010944511873036161,1.588116710168067e-05,0.0526999946693645,0.0,0.010450840029970097,0.009039960581442484,0.004581632926649845,0.04550482259175167
0.05,1,3,3,Ucal,context_1,0.049325640599405675,0.02394556480646047,0.0674878983929402,0.07581529244975656,0.026898738997839938,1.369001826866112e-05,0.02081015950972448,0.05407011590120983,0.0,0.07050846752958784,0.053953841728661175,0.02899014850076094,0.15236413737067922
0.05,1,3,3,Ucal,pooled,0.03850575567871628,0.0005177327348056414,0.06408771534821069,0.0166522451510638,0.025399208598165246,0.010452964870479031,2.9836097654738995e-05,0.05241862644197517,0.0,0.008043213960478746,0.009353538746017482,0.0052004116392725865,0.04550555703267297
0.05,1,3,4,Ucal,context_0,0.03885637857368113,0.0013614298505164877,0.06572535876611021,0.014701705386158382,0.02420876403549474,0.0175193569605204,4.180019984806376e-06,0.05199096178967632,0.0,0.010450840029970097,0.010888269018461771,0.001867254264292453,0.04828759119275682
0.05,1,3,4,Ucal,context_1,0.05444810112869516,0.011910821106110754,0.07558980584610368,0.06929809517881351,0.03030888815092623,0.03613159014822126,0.0018100306110101078,0.052744286592786745,0.0,0.07050846752958784,0.04258064576379768,0.0209062307868918,0.14687987062374244
0.05,1,3,4,Ucal,pooled,0.039212284140532516,0.0018299215842627738,0.06620996050046836,0.01495251409691697,0.023496363743088222,0.018591031170717448,8.370513370805624e-05,0.05181602520416805,0.0,0.008043213960478746,0.01114373521829854,0.0031943277687141933,0.0461953727109946
0.05,1,3,0,Egap,context_0,0.04026735346976795,0.003962577905260705,0.06523787656662627,0.01632286363458918,0.030055533210826046,0.013690714625601258,7.790506370339748e-06,0.05784855375997552,0.0,0.010450840029970097,0.009296902660506885,0.0030375551598873685,0.04750133592860085
0.05,1,3,0,Egap,context_1,0.05432366076014621,0.03530935238813149,0.07179591976889776,0.06802797778071419,0.02406044320412555,0.0127944640897866,0.02441196008482377,0.05238437597213177,0.0,0.07050846752958784,0.03950087505159722,0.030042692722903167,0.15178495489983312
0.05,1,3,0,Egap,pooled,0.040430726855326116,0.005575131046991559,0.06543212085634002,0.015438261509372544,0.029501838107337697,0.01371450046872806,3.4933466338533774e-06,0.05713293103050349,0.0,0.008043213960478746,0.008565844592794806,0.0031888425396994495,0.04647365155590847
0.05,1,3,1,Egap,context_0,0.03967101375187582,0.009905089406016487,0.06688238164404764,0.019307837677046157,0.020882121111326146,0.010032970104099176,1.1245911243746318e-05,0.051175861550684765,0.0,0.010450840029970097,0.012320961108375012,0.003239078320067433,0.04975445589571804
0.05,1,3,1,Egap,context_1,0.053249691350530544,0.02780836328283959,0.07375220431671216,0.08000652660931235,0.032840794034282764,0.018568658371142716,0.03048179937157565,0.05625568074001741,0.0,0.07050846752958784,0.0578729895759595,0.03543942908394347,0.15219450557030867
0.05,1,3,1,Egap,pooled,0.039947073914590625,0.010770717765288606,0.06714327715015812,0.020777038939611015,0.021136334572455007,0.010544599998510942,0.0001064501736715549,0.05127759923709485,0.0,0.008043213960478746,0.014423001058417644,0.004206580366840116,0.04978548534299656
0.05,1,3,2,Egap,context_0,0.036997704089822725,0.0019982481513643505,0.06447400111420322,0.02000631896669068,0.02564826571667239,0.00994959121972512,6.5387625485599e-05,0.05319417152342083,0.0,0.010450840029970097,0.014166088464080531,0.007984059901680739,0.04909898255331787
0.05,1,3,2,Egap,context_1,0.05144000620100598,0.02231565685567873,0.07102687884457064,0.08255780138375045,0.06416883231626506,0.003775976563997377,0.023589838433086707,0.10285932243355124,0.0,0.07050846752958784,0.05900154464817696,0.03032179454742886,0.15804070454744545
0.05,1,3,2,Egap,pooled,0.037397652876024146,0.0030095358961804257,0.0647860492739827,0.020315923253471892,0.0273929743198435,0.009413543498742766,0.00014417045631253582,0.0545071842588012,0.0,0.008043213960478746,0.014862162279287544,0.007746785071713674,0.04775232296960426
0.05,1,3,3,Egap,context_0,0.0384967852777508,0.0018447645056663769,0.06416756695870907,0.01416087249448514,0.02538310919813952,0.01194651895966603,2.0841060900147026e-05,0.05272425096256058,0.0,0.010450840029970097,0.008463780500599904,0.005293993422668618,0.04646015241806077
0.05,1,3,3,Egap,context_1,0.04925401150921652,0.024777402990339415,0.06743036132216225,0.07550438899809411,0.027676646426855883,0.0027937943366586754,0.016644301929793104,0.05378277111223559,0.0,0.07050846752958784,0.05346331787439976,0.020086332678407752,0.14597012225553915
0.05,1,3,3,Egap,pooled,0.03871309177264365,0.0005136041004135188,0.06403320815795079,0.015631991248230313,0.025165379973290103,0.011537787771464358,1.884252281647656e-05,0.052457334543530555,0.0,0.008043213960478746,0.00837778408609585,0.005045153331617509,0.046412463390273606
0.05,1,3,4,Egap,context_0,0.03876656843672499,0.0013494373942866673,0.06557670410582345,0.016301175157492808,0.02479340156022941,0.01795671318380726,2.1670351517475773e-05,0.05226311079134546,0.0,0.010450840029970097,0.011988951306635721,0.002476446136742249,0.048662097837271524
0.05,1,3,4,Egap,context_1,0.05409555899640827,0.011427384593166806,0.07591181104837035,0.07413699128718118,0.02914202700740231,0.0346647774531621,0.007495474563137247,0.052739135810520636,0.0,0.07050846752958784,0.0480951051275969,0.01723826530721492,0.15477516906776195
0.05,1,3,4,Egap,pooled,0.03921886750754283,0.0017907736214916588,0.066088396343778,0.015620831578449752,0.024049049583702103,0.01892775580482478,0.00014508833678243682,0.052065722115218066,0.0,0.008043213960478746,0.011495739436947875,0.003534928063142834,0.04609434096291337
0.05,1,3,0,Ecal,context_0,0.04024580685366397,0.003954053134452528,0.06524941876295104,0.016435433406041495,0.03001056109353878,0.014088388167495774,7.0645345237748774e-06,0.057813613723028484,0.0,0.010450840029970097,0.009508747495139637,0.0030564517541708373,0.047578067197468495
0.05,1,3,0,Ecal,context_1,0.055069929416862624,0.03506349725430376,0.07208953987790007,0.06440923668343829,0.02462493386263536,0.01109230961429128,0.030373487624807086,0.05266361963241274,0.0,0.07050846752958784,0.034866090022917545,0.03393578372255798,0.15257404017473872
0.05,1,3,0,Ecal,pooled,0.04046113731914747,0.005553956987008438,0.06545786885568732,0.015103545702899946,0.02926784566546503,0.014030666139020737,9.727411463650868e-06,0.056885695149826894,0.0,0.008043213960478746,0.008160530368220086,0.003216045312496762,0.0462512687348262
0.05,1,3,1,Ecal,context_0,0.03967101375187582,0.00992524218269188,0.06686105158463931,0.019223425008567982,0.020814662935395134,0.010489277780176748,7.66673994965296e-06,0.051161437319918915,0.0,0.010450840029970097,0.012407147572790798,0.004008181733823145,0.04981234079636958
0.05,1,3,1,Ecal,context_1,0.05362282567888875,0.027615206239185473,0.07389101968697001,0.08001291050305558,0.03245184031977479,0.018569434696451115,0.031240899895513347,0.05637688733674991,0.0,0.07050846752958784,0.058619258232675955,0.042876415091304736,0.153842323650141
0.05,1,3,1,Ecal,pooled,0.03994814706299127,0.01077868455007761,0.06713034901139016,0.020864564554464653,0.02111507742473906,0.010976688031968648,0.00011424645147898411,0.051263594744737295,0.0,0.008043213960478746,0.014728556048130611,0.005088072656637603,0.04994519446516549
0.05,1,3,2,Ecal,context_0,0.03697615747371885,0.002001040633490599,0.06449642968661004,0.019762198584808183,0.025715723892603348,0.009687089684138922,6.427930818901385e-05,0.053208485425311765,0.0,0.010450840029970097,0.014036808767456884,0.007850907004162341,0.04909166101834645
0.05,1,3,2,Ecal,context_1,0.05181314052936419,0.02193133781467269,0.07128287100984539,0.07755384994482731,0.06494673974528102,0.0010314964457337067,0.02335009667281203,0.1041876925327382,0.0,0.07050846752958784,0.05367470307080541,0.03129732196460862,0.15821770903172888
0.05,1,3,2,Ecal,pooled,0.03737728254337658,0.002991237443348952,0.06482067220602891,0.01980261484842196,0.02749926005842307,0.00933310213929199,0.00015132017469129217,0.05456164821205391,0.0,0.008043213960478746,0.014549648457156963,0.007935855241630117,0.047648249456992905
0.05,1,3,3,Ecal,context_0,0.0384967852777508,0.0018303747359509877,0.06417081986052749,0.014468144017900902,0.025405595256783153,0.011983540814614696,2.1367791439097798e-05,0.05271497519776906,0.0,0.010450840029970097,0.0086577000455354,0.00562496817993037,0.04646262857170797
0.05,1,3,3,Ecal,context_1,0.049100527272285796,0.02471879706341535,0.06730511920286986,0.0760169806868361,0.02718679832191353,0.0024449473192597465,0.020491858157208998,0.05371709407896573,0.0,0.07050846752958784,0.05105659912177317,0.02109357739210459,0.1494032203371797
0.05,1,3,3,Ecal,pooled,0.038733462105291216,0.0005021929778944202,0.0640377795140423,0.015973243226737873,0.025207894268721942,0.011553885976124292,6.094150526178219e-06,0.05245473649445004,0.0,0.008043213960478746,0.00872407974110391,0.0057467670056602325,0.046520801096619956
0.05,1,3,4,Ecal,context_0,0.03876656843672499,0.0013376435550314352,0.06558800377977228,0.01602487658245098,0.02479340156022941,0.017953919268961394,1.447916578547955e-05,0.05226246766280686,0.0,0.010450840029970097,0.011773485145596344,0.00221940835752774,0.048709983911003035
0.05,1,3,4,Ecal,context_1,0.05409555899640827,0.011278183285786343,0.07573249137579013,0.07661419733383623,0.02719725843486244,0.031684200794257905,0.011868497806501982,0.052420395572832214,0.0,0.07050846752958784,0.051826448411178984,0.02502299376985691,0.1560179684124657
0.05,1,3,4,Ecal,pooled,0.0392392378401904,0.001772028898154698,0.06608893205353168,0.015190410552625586,0.02421910676542946,0.018757372974220143,0.00010544198690167015,0.05210421628945297,0.0,0.008043213960478746,0.011356226669480274,0.0032080159997512885,0.04602105261428541
0.05,1,4,0,Ugap,context_0,0.037482065264762665,0.0024242509200519025,0.06534879329321577,0.0174383351353445,0.020720352572251022,0.017811620373822085,9.231171601780107e-05,0.050718841096410415,0.0,0.012319053217736756,0.010874812121882821,0.009531645650816843,0.046877194667813794
0.05,1,4,0,Ugap,context_1,0.0659264399722415,0.035272592230351785,0.07527516824556774,0.0714624097357586,0.030289646421512408,0.00351042267369045,0.015841685618585524,0.055167292690693155,0.0,0.08003605886365853,0.03566377826644765,0.02078388595272001,0.1701890963146015
0.05,1,4,0,Ugap,pooled,0.03832221823835735,0.003960303796522157,0.06565307379100757,0.01861393255062876,0.020635470691425017,0.0171245585307849,4.336909221250122e-05,0.050738625434273536,0.0,0.00936835264205375,0.012595208815729935,0.008974367541770526,0.04593065086040437
0.05,1,4,1,Ugap,context_0,0.03696575437803734,0.0033321257467195456,0.06452591565235455,0.015978133110778937,0.021733172127164524,0.013117807520056632,3.1277205181198216e-05,0.05096990466438847,0.0,0.012319053217736756,0.007445912013999008,0.0025701266060620346,0.04776645530513253
0.05,1,4,1,Ugap,context_1,0.04911150884422539,0.06252469875647845,0.07377700403748436,0.07044286108962869,0.03647177960518289,0.004225362393081092,0.021476072351432833,0.054476414685126096,0.0,0.08003605886365853,0.04576224159030678,0.032324836563680424,0.163071337840351
0.05,1,4,1,Ugap,pooled,0.037242323849642045,0.00028065757635224514,0.0648401825511325,0.016011066708848304,0.021340651290879697,0.012320562247895378,8.544093778265903e-05,0.05091672196875698,0.0,0.00936835264205375,0.00719184838725266,0.0025697277019975377,0.04744664051089165
0.05,1,4,2,Ugap,context_0,0.03851520881635029,0.006418982115467411,0.06768433991455045,0.014073608425842262,0.024705485311612763,0.009859033827513963,2.9598449326023583e-05,0.05170456591045003,0.0,0.012319053217736756,0.008786288106477306,0.005694927522036424,0.046858434308271635
0.05,1,4,2,Ugap,context_1,0.05969697324626793,0.007015746821879026,0.08259570956111183,0.07883854568778435,0.04421195188013958,0.014922219845073373,0.025427815072979455,0.08519147385128002,0.0,0.08003605886365853,0.04726460348949442,0.05148760531105919,0.16034360451669238
0.05,1,4,2,Ugap,pooled,0.03936761513058035,0.0058495540241101,0.06830246156277894,0.015349015771296971,0.02351975244792992,0.008814914946276856,5.826734073176342e-05,0.05123380922851263,0.0,0.00936835264205375,0.011451993137238822,0.008477546908852636,0.04697800480250926
0.05,1,4,3,Ugap,context_0,0.03745006679311336,0.0007708861341601558,0.06726677694371051,0.022668179629614524,0.023293025946578005,0.029160275807074948,5.647480597920952e-06,0.05174882666458818,0.0,0.012319053217736756,0.017227829670421118,0.00478483010353022,0.04925027791092118
0.05,1,4,3,Ugap,context_1,0.05234841278839052,0.0344726869200578,0.0661197461751108,0.07656395718654074,0.04191332568751373,0.05249101711022201,0.02017340489140451,0.0681730712807543,0.0,0.08003605886365853,0.03518456696385315,0.02182395092249928,0.16754886477894496
0.05,1,4,3,Ugap,pooled,0.038017195651941726,0.0008885279770305129,0.06723252090660256,0.02300640606589419,0.02384172275268126,0.025579733107422092,0.00012314573670690757,0.05206261896676811,0.0,0.00936835264205375,0.018029988092918017,0.005442637271745228,0.048747626688094826
0.05,1,4,4,Ugap,context_0,0.03789523162382935,0.006951893814062607,0.06889704507571741,0.01692766762801728,0.021609406707828765,0.015591905903785369,9.31842380253329e-06,0.051045689065777985,0.0,0.012319053217736756,0.01172739062222522,0.00385838495442117,0.047408215525082044
0.05,1,4,4,Ugap,context_1,0.03811077654927848,0.02926802500352762,0.057560216809124105,0.07925630876915463,0.032062419169859205,0.00257891182301688,0.025715672241119647,0.0581053494045617,0.0,0.08003605886365853,0.03719769155884786,0.040690128848003784,0.17437489640040355
0.05,1,4,4,Ugap,pooled,0.03693196013842659,0.008025367234215132,0.06836068060991624,0.01788599002239275,0.021457918303598666,0.014984417189595742,2.264436369476012e-05,0.05109502895808252,0.0,0.00936835264205375,0.013233006899238038,0.005661838881385179,0.04809553058960859
0.05,1,4,0,Ucal,context_0,0.037524772018835806,0.0024453508941093154,0.06534527522490183,0.01728242921525617,0.020698068946259363,0.017376922659951805,9.32805040239027e-05,0.05072614171419803,0.0,0.012319053217736756,0.010191504056712312,0.009816404526083351,0.04642239161495652
0.05,1,4,0,Ucal,context_1,0.06589337545715195,0.035267127075907775,0.07539247925563135,0.07124754772678316,0.030289646421512408,0.005981237833982564,0.016291768815408156,0.05538154163652765,0.0,0.08003605886365853,0.0423811987769716,0.02501156051926908,0.168677974940398
0.05,1,4,0,Ucal,pooled,0.038383362865782755,0.003979127684974701,0.06565085497231882,0.018807275847796668,0.020614201336311866,0.016827988637735908,7.297627005010314e-05,0.05074647472228825,0.0,0.00936835264205375,0.012126433338801835,0.009482614228298056,0.045652803654320465
0.05,1,4,1,Ucal,context_0,0.03696575437803734,0.003333849291117381,0.06453295170145623,0.01599322304612968,0.021733172127164524,0.013174545671330862,3.459081588945285e-05,0.05096542819009945,0.0,0.012319053217736756,0.007814913375612357,0.002738411609647405,0.0476655521591268
0.05,1,4,1,Ucal,context_1,0.04955933687826032,0.06229070594604152,0.07380924444186143,0.0659439196770415,0.03600448988555672,0.0035290963350195076,0.022565502858469484,0.05441416036665503,0.0,0.08003605886365853,0.04415676323728054,0.03582489837400811,0.1615067034940595
0.05,1,4,1,Ucal,pooled,0.037246619550600546,0.00029348092851149126,0.06484430962139197,0.015910816507796275,0.021319381935766546,0.012405519372583593,6.47998483531496e-05,0.050912134221369566,0.0,0.00936835264205375,0.0069387070391269,0.001745784258046772,0.04763107183586796
0.05,1,4,2,Ucal,context_0,0.03853656219338686,0.006392937147420015,0.06770415354133805,0.014071055581538911,0.02479461981557926,0.009965953410613848,3.637891683214118e-05,0.05172903671811486,0.0,0.012319053217736756,0.00876493472944075,0.005834605477359617,0.04696080540676498
0.05,1,4,2,Ucal,context_1,0.059249145212233,0.006894927874021659,0.08246352161281943,0.07875823987075554,0.04327737244088724,0.014463785939353754,0.025345815819785816,0.08370028120197004,0.0,0.08003605886365853,0.04612034710119195,0.04911808280412761,0.15851561311117057
0.05,1,4,2,Ucal,pooled,0.03938799667305548,0.005831020356575613,0.06831596058894059,0.015527571934901781,0.023626099223495706,0.008932293409920952,3.6896059894114645e-05,0.051264886087794954,0.0,0.00936835264205375,0.011533519307139367,0.008374051404835107,0.047054639370903935
0.05,1,4,3,Ucal,context_0,0.03747142017014993,0.0007597078291797408,0.0672881157960423,0.022890815674027985,0.023248458694594798,0.02943859180544131,2.453948689618479e-06,0.05172117349135858,0.0,0.012319053217736756,0.017355949932640585,0.0041530014628279365,0.049250765895999575
0.05,1,4,3,Ucal,context_1,0.05253256532497402,0.034419995007722554,0.06624451619016462,0.0755174970623164,0.04051145652863522,0.05381815334989779,0.021257986329886028,0.06612383668500169,0.0,0.08003605886365853,0.03353010829525359,0.019430635479928474,0.16513404224720582
0.05,1,4,3,Ucal,pooled,0.038017195651941726,0.0008971879270407474,0.06725744685520758,0.023160580667173566,0.02373537597711539,0.025796413081267705,0.0001019382498050332,0.0520027931608599,0.0,0.00936835264205375,0.018104163261629235,0.004543220055196887,0.048677327115567985
0.05,1,4,4,Ucal,context_0,0.03791658500086592,0.006923083583963157,0.06889688753538668,0.016946945482573406,0.021631690333820397,0.015619908548182806,1.9514604631290283e-05,0.051046512178237496,0.0,0.012319053217736756,0.011940924392591007,0.003574718549201817,0.04727838865696187
0.05,1,4,4,Ucal,context_1,0.038203693440835226,0.028490913864354775,0.057389093599283465,0.07826403507885693,0.033464288328737705,0.0019034142401632148,0.028547926702004837,0.05903162338660711,0.0,0.08003605886365853,0.037510739662729616,0.04147173117896693,0.1739137038874642
0.05,1,4,4,Ucal,pooled,0.036952341680901724,0.00796235732034631,0.06835065478561543,0.017776921885347585,0.021457918303598666,0.014810841318760606,6.828388957958245e-08,0.051097903309207764,0.0,0.00936835264205375,0.013212625356762901,0.004779020166376798,0.04758829811027284
0.05,1,4,0,Egap,context_0,0.03746060862625994,0.0023956178779319585,0.06544202658215789,0.016236283792301083,0.02078720345022589,0.018973342393224096,0.00010834040041490925,0.05070887201195886,0.0,0.012319053217736756,0.010778913540203761,0.010761173149900109,0.046266943724401294
0.05,1,4,0,Egap,context_1,0.06638682131370026,0.03578920657670922,0.07570358934360776,0.0669597537997049,0.03201239598838486,0.0028386861835739408,0.01723531388780882,0.05569587280687961,0.0,0.08003605886365853,0.03663979791865044,0.023118086157461068,0.1670137513534531
0.05,1,4,0,Egap,pooled,0.0385010634575888,0.003954398141085237,0.06576249178586215,0.017856266808166883,0.02067800940165132,0.018201611330460693,5.409101565024936e-05,0.05071971009741229,0.0,0.00936835264205375,0.012393954542781653,0.010026365346220967,0.04507927083115958
0.05,1,4,1,Egap,context_0,0.03727964995051203,0.003323678880906472,0.06471628893767613,0.01659026533043651,0.022513099036871265,0.012274589692162552,3.387782996230982e-05,0.051107782752475836,0.0,0.012319053217736756,0.008398523794540844,0.0022627013316916223,0.048557154771746686
0.05,1,4,1,Egap,context_1,0.04934296044985226,0.06292106309818614,0.07391791515020414,0.0674409374896367,0.03460262072667822,0.004702450007765091,0.02303430947593354,0.05435213525888026,0.0,0.08003605886365853,0.04019328058441025,0.034559197483466,0.1571948814143504
0.05,1,4,1,Egap,pooled,0.037623479942682,0.0002592183433962009,0.06502363581443218,0.016964915959277065,0.021970019502723703,0.0119094744120187,0.00010694615997533605,0.051043714006094365,0.0,0.00936835264205375,0.008258425109483698,0.00313348845555943,0.048299099096694005
0.05,1,4,2,Egap,context_0,0.03841889076060939,0.006528330437801704,0.06789096218215357,0.014491891707351346,0.024705485311612763,0.009790428305574236,4.693419606036614e-06,0.051728662178329006,0.0,0.012319053217736756,0.0074046864806918055,0.006831295563872489,0.04628319762335531
0.05,1,4,2,Egap,context_1,0.059984970776853025,0.006798154974761612,0.0826650679514533,0.07725148000939375,0.04281008272126107,0.012090253199337042,0.023017195943484732,0.0842161183329542,0.0,0.08003605886365853,0.04575120140475996,0.046976627115506035,0.16066051877138107
0.05,1,4,2,Egap,pooled,0.03930914094136578,0.005966298219591726,0.06850628735902574,0.014222100496241499,0.023477213737703617,0.008885143730857553,0.00010242949324607681,0.051250077273458435,0.0,0.00936835264205375,0.009234051571983579,0.008941213097344566,0.04651850676186016
0.05,1,4,3,Egap,context_0,0.03762533747170388,0.0008460510522020065,0.06742848376645325,0.022415318877767522,0.02358271308446902,0.028592471377711925,1.829771545324845e-05,0.05184625722395019,0.0,0.012319053217736756,0.01737076706402573,0.006241568606728812,0.04996274325862289
0.05,1,4,3,Egap,context_1,0.0525049928818824,0.034710992830779025,0.06618934174686902,0.07422738046629652,0.03910104682657817,0.041092981297037215,0.030365101401459885,0.06504754313955223,0.0,0.08003605886365853,0.028396422015968134,0.03395204158848771,0.16853934230443193
0.05,1,4,3,Egap,pooled,0.03814692197102798,0.0008265594458494959,0.06739273795448676,0.022796581691442802,0.024054416303812776,0.025533201771285485,0.00015899613876916045,0.052124394419270394,0.0,0.00936835264205375,0.01839729797066534,0.006894805367363742,0.04958711515219048
0.05,1,4,4,Egap,context_0,0.038009538237282314,0.006974269445717768,0.06912269163919486,0.016824591773326705,0.0217431084637785,0.013985219294102708,3.108428566221693e-05,0.051016278252905896,0.0,0.012319053217736756,0.011535200928525544,0.004256821494049198,0.04705689170975266
0.05,1,4,4,Egap,context_1,0.03853265734520077,0.02849984745627266,0.05762677485789558,0.07519777664534606,0.031127839730606868,0.0029674740289842294,0.030698672452579852,0.05720469067254663,0.0,0.08003605886365853,0.03390637126866245,0.04403723149691229,0.16988043459528215
0.05,1,4,4,Egap,pooled,0.03707325268512407,0.008011723353155722,0.06857740270049616,0.017491568457576694,0.02150045701382497,0.013468899531144538,1.4191840522480379e-05,0.05103937322153994,0.0,0.00936835264205375,0.012571134137807983,0.004845651374806695,0.047431505330366136
0.05,1,4,0,Ecal,context_0,0.03743925524922337,0.00242092434512153,0.06544863840682932,0.015997387759140995,0.02076491982423423,0.01897711324823914,0.0001144528192606466,0.05071507425520865,0.0,0.012319053217736756,0.010362331073004931,0.011126030032040974,0.0464728289828978
0.05,1,4,0,Ecal,context_1,0.06683464934773518,0.03585972854120144,0.0759383499931836,0.06834571706248727,0.03201239598838486,0.0001856997589875925,0.020258079599165132,0.05580965480188883,0.0,0.08003605886365853,0.04014205860679693,0.029232966097402776,0.16709838884526432
0.05,1,4,0,Ecal,pooled,0.038521445000063936,0.0039819926338429,0.06577805841135101,0.017783809915084,0.02065674004653817,0.018080140294423203,0.00010419773688484296,0.05072975886267064,0.0,0.00936835264205375,0.0121060517963267,0.010422215813336355,0.0451317409421588
0.05,1,4,1,Ecal,context_0,0.03721558981940232,0.003329776099818144,0.06471181196439571,0.01639215758817629,0.02257994991484613,0.012592362279725614,3.439757436434538e-05,0.05112725686889101,0.0,0.012319053217736756,0.008690944127771974,0.0023433949478075386,0.04846383842370222
0.05,1,4,1,Ecal,context_1,0.04958982348200391,0.06299363526099482,0.07405741876418066,0.07077640343982862,0.035069910446304385,0.0019346003101776144,0.027951793781967285,0.05474529370007011,0.0,0.08003605886365853,0.04001820677908862,0.04100808036710737,0.15693603649137292
0.05,1,4,1,Ecal,pooled,0.0375623353152566,0.0002614790589002484,0.06501643163176703,0.01664813269562447,0.022012558212950006,0.012091216335634605,8.002495522626283e-05,0.05105942209941516,0.0,0.00936835264205375,0.007874300027637247,0.0022222000446029794,0.04822710589446648
0.05,1,4,2,Ecal,context_0,0.038339807932573355,0.006552139361201294,0.06790251755372842,0.014311558895584763,0.02479461981557926,0.009960714494109416,8.7146282561074e-06,0.05176084788514308,0.0,0.012319053217736756,0.007329982212360389,0.00645434159271589,0.04602367209320181
0.05,1,4,2,Ecal,context_1,0.059984970776853025,0.006493174817441098,0.08273702774322553,0.07423052389456256,0.04327737244088724,0.01017178287179743,0.03080460618595616,0.08511886712068756,0.0,0.08003605886365853,0.03903378089423597,0.05330753611312155,0.16153920297119892
0.05,1,4,2,Ecal,pooled,0.03920723322899011,0.006002359518326259,0.0685236381339903,0.01476167179761761,0.023541021803043072,0.009146549092047068,7.012231918340816e-05,0.05126208321573907,0.0,0.00936835264205375,0.009825116303762468,0.008447594551083543,0.0462858568790756
0.05,1,4,3,Ecal,context_0,0.03762533747170388,0.0008040568509319537,0.06743323666464537,0.022064672057101036,0.02360499671046068,0.028289937910686264,7.113721538717119e-07,0.051859952008121796,0.0,0.012319053217736756,0.016971589145982204,0.0053848539344416085,0.049850388041924425
0.05,1,4,3,Ecal,context_1,0.053117302868100104,0.034626809734410305,0.06633346209404226,0.07809172365901333,0.04004416680900905,0.046607909581346585,0.034420735200215054,0.06568978809226052,0.0,0.08003605886365853,0.0330329076547883,0.03567145861916657,0.1709720776914542
0.05,1,4,3,Ecal,pooled,0.03813053174202802,0.0008630063745406854,0.06740350301240534,0.02258339253894587,0.024054416303812776,0.024992110559146852,0.00012680848252581982,0.05214660774445894,0.0,0.00936835264205375,0.018173101003438892,0.005680535493474335,0.04928030149602114
0.05,1,4,4,Ecal,context_0,0.038009538237282314,0.006942892584847438,0.06913114494089988,0.016699813293921513,0.021720824837786867,0.014314224799199762,4.185756320627471e-05,0.05100242297954091,0.0,0.012319053217736756,0.011086780010757413,0.004551928386685082,0.04676627618426488
0.05,1,4,4,Ecal,context_1,0.03853265734520077,0.029024191357319006,0.05752234053946365,0.07412350543702372,0.032062419169859205,0.000390230864251509,0.03396678828100046,0.05811411541516474,0.0,0.08003605886365853,0.029428090928313166,0.04768503164240063,0.1734971161888656
0.05,1,4,4,Ecal,pooled,0.037052871142648935,0.008004273045081169,0.06858288689115294,0.017485028979314678,0.021457918303598666,0.013631788119526839,3.524908931516876e-05,0.051041710898543806,0.0,0.00936835264205375,0.012408523911201827,0.004723419152780132,0.047234162652777634
0.1,0,0,0,Ugap,context_0,0.029126008145192006,0.0011301219293287303,0.05894165248239448,0.016635877686526395,0.0213802273726572,0.02008565786637201,4.698466580880812e-06,0.05152598398728535,0.0,0.012401496040440562,0.008997087377740867,0.003073794945074641,0.04854703004547531
0.1,0,0,0,Ugap,context_1,0.0262438217337313,0.011589670727538753,0.057113108684138644,0.05176565493962859,0.031945678000758704,0.03502364648789451,0.00015094766513966374,0.05446231473428115,0.0,0.06598451856814701,0.03694719861815403,0.008749244837236166,0.12872106614474468
0.1,0,0,0,Ugap,pooled,0.028131715051082973,0.002087049163157888,0.058368592412190355,0.015053366024973595,0.0211449223599455,0.021460537823795367,2.900980254270404e-06,0.051481597570784084,0.0,0.011237280152187418,0.008216590717417663,0.0033721027367885907,0.04526141157307898
0.1,0,0,1,Ugap,context_0,0.03296541728272845,0.002004811211366431,0.06150357004945944,0.017357597710215698,0.020012917741140113,0.028836119114605333,3.907081046435805e-05,0.05148596940668868,0.0,0.012401496040440562,0.011415014541435672,0.006129615961588628,0.048475815660558155
0.1,0,0,1,Ugap,context_1,0.029424088826048744,0.01579167698333095,0.06324178182517966,0.061067205393061416,0.032061993542744194,0.020284718513084374,0.0004358940427255817,0.05299735493986763,0.0,0.06598451856814701,0.041902895615626726,0.019582155121664117,0.13917558876158762
0.1,0,0,1,Ugap,pooled,0.031844919754742906,0.0033442778697078063,0.061492077604163316,0.01801250271176939,0.019630417240491582,0.028031484241585816,2.7268947736819576e-05,0.05133445596472899,0.0,0.011237280152187418,0.012627960831258321,0.005415322898704078,0.04854301518549137
0.1,0,0,2,Ugap,context_0,0.03350747540367377,0.004359245194021283,0.0636348092936135,0.015109714838703816,0.021169613805626708,0.02838666983356071,1.9419168021221812e-05,0.05153974407517164,0.0,0.012401496040440562,0.010090824072700772,0.003757284756273719,0.048407508697286286
0.1,0,0,2,Ugap,context_1,0.025205031135027478,0.0018047649845200813,0.060331799314497885,0.04515648409672933,0.022376426885856837,0.03868086319007259,6.59815271960982e-05,0.052197001392508095,0.0,0.06598451856814701,0.02320171262678883,0.017001793305499644,0.1351337670892455
0.1,0,0,2,Ugap,pooled,0.032047900941978624,0.0037443362783712167,0.06325040333094759,0.0151308345988869,0.020391674553063288,0.029401871905190516,1.7818192254217603e-05,0.05131399893558419,0.0,0.011237280152187418,0.008946162306929531,0.0037066739320208483,0.04528439014012855
0.1,0,0,3,Ugap,context_0,0.03081527778593851,0.005169461604813804,0.059713144916985525,0.021372942427933705,0.0242987526436359,0.032555095398636755,2.327679278948025e-05,0.05227234360456812,0.0,0.012401496040440562,0.015940537521890376,0.004723875640527593,0.04604263224894776
0.1,0,0,3,Ugap,context_1,0.02865769177535593,0.0367011675210013,0.06056230411040648,0.044560970205748646,0.0303278249490182,0.02234760150514606,0.00028573450096184324,0.05172283128466271,0.0,0.06598451856814701,0.020539454818721242,0.011380374258951359,0.1271617836645629
0.1,0,0,3,Ugap,pooled,0.02975581585917586,0.0011622410700368232,0.059736952471509466,0.020509300951317408,0.024033813381580005,0.03159987445936312,3.402852489819833e-05,0.0518608256159349,0.0,0.011237280152187418,0.016414419222479347,0.005052532207062805,0.04561765094811507
0.1,0,0,4,Ugap,context_0,0.03259567591453416,0.0037290834564071853,0.06117206404117757,0.021369586426510257,0.02136832512327691,0.0358609998182582,3.7214361552602784e-05,0.051728413967213165,0.0,0.012401496040440562,0.015325636461130639,0.00603195673694813,0.05129404648500948
0.1,0,0,4,Ugap,context_1,0.03277832853397883,0.02377940657130257,0.06351948749410832,0.060576482555906495,0.029543408146799705,0.01853539504913912,6.996645114485219e-05,0.051157232551700856,0.0,0.06598451856814701,0.0468315375983069,0.015962508744802217,0.13933089341211188
0.1,0,0,4,Ugap,pooled,0.03250350592434348,0.0009927106523890843,0.061067228186221616,0.01858876786004933,0.021914560268711192,0.03427210999895823,4.4591663020316405e-05,0.05157074292639375,0.0,0.011237280152187418,0.014354556851127109,0.004121531910634867,0.04561672967776777
0.1,0,0,0,Ucal,context_0,0.029170870004853355,0.001122980977018258,0.058954134865167485,0.016601908293815363,0.0213802273726572,0.020084109791042623,2.063060194178049e-07,0.051525409582299474,0.0,0.012401496040440562,0.008950504323276858,0.003133914105207625,0.04838315711336091
0.1,0,0,0,Ucal,context_1,0.02646078853781031,0.011546270338526047,0.05709871337931164,0.051151573373130955,0.03171927999306118,0.03569439564781908,0.0001468694454151311,0.05451192063342535,0.0,0.06598451856814701,0.03651326500999605,0.008367798386445906,0.12917247457630454
0.1,0,0,0,Ucal,pooled,0.028165953762954776,0.002076438770208049,0.058381852552148054,0.01506343918626252,0.0211449223599455,0.02151925861668548,8.919338477042862e-07,0.051482229990702164,0.0,0.011237280152187418,0.007950894183735513,0.0033420346280871914,0.04525437425843713
0.1,0,0,1,Ucal,context_0,0.03296541728272845,0.0019958468675774785,0.06149624649417321,0.017471027477138117,0.020012917741140113,0.02892707427211931,3.580042536348901e-05,0.05148619253441716,0.0,0.012401496040440562,0.011333399055466084,0.00615684555359675,0.04848415090807129
0.1,0,0,1,Ucal,context_1,0.029424088826048744,0.015794685759844967,0.06323813728589536,0.06083275972366731,0.032061993542744194,0.020284718513084374,0.00043369339197893376,0.05299735493986763,0.0,0.06598451856814701,0.041902895615626705,0.01934770945227,0.13897047423076148
0.1,0,0,1,Ucal,pooled,0.031844919754742906,0.003336297984109517,0.06148454039466977,0.01804040274786359,0.019609086182471105,0.02811384172052371,2.8873546003121194e-05,0.05133527960562366,0.0,0.011237280152187418,0.012648399026156956,0.00546195530438472,0.04841537474564386
0.1,0,0,2,Ucal,context_0,0.03350747540367377,0.004367170436256373,0.0636267140352649,0.015205898857074514,0.02114606389158391,0.028322447690495536,2.1560125023225527e-05,0.05153283919341955,0.0,0.012401496040440562,0.01013595144470826,0.0038344414149600768,0.048399094926318144
0.1,0,0,2,Ucal,context_1,0.025205031135027478,0.001730814762185377,0.06030714529872597,0.04533202492501875,0.022376426885856837,0.03868086319007259,5.826054201873998e-05,0.052197001392508095,0.0,0.06598451856814701,0.02276777901863089,0.018274533079531193,0.1346588576313125
0.1,0,0,2,Ucal,pooled,0.032047900941978624,0.003758383140594717,0.06323934084636172,0.015217788794461713,0.020370343495042798,0.02934352014182416,2.0519646902512174e-05,0.05131002430204666,0.0,0.011237280152187418,0.00904835328142268,0.003854455646400782,0.045259686270715166
0.1,0,0,3,Ucal,context_0,0.03081527778593851,0.005189735757016765,0.059695004683300475,0.0213715035412646,0.024322302557678754,0.03272406059995146,2.3989524022222726e-05,0.05227477482191765,0.0,0.012401496040440562,0.016053355951909144,0.004792200568581702,0.04587400807167873
0.1,0,0,3,Ucal,context_1,0.02844072497127692,0.03665846762700285,0.060520906976077565,0.04268486690687219,0.0303278249490182,0.02234760150514606,0.00030264709152830486,0.05172283128466271,0.0,0.06598451856814701,0.019355049473393265,0.011936887718634454,0.12728383919667277
0.1,0,0,3,Ucal,pooled,0.02975581585917586,0.001183769152330775,0.05971722164956342,0.020367924721962947,0.024055144439600495,0.03175298657429103,3.604080728828211e-05,0.05186212954338186,0.0,0.011237280152187418,0.016353104637783465,0.005061770425000977,0.045541708370162234
0.1,0,0,4,Ucal,context_0,0.03261823960053789,0.003700778445502367,0.06116404385383945,0.02134169885566018,0.021344775209234057,0.03587901934298972,2.99675150995738e-05,0.051730258057751055,0.0,0.012401496040440562,0.015212818031111908,0.005980998528380018,0.05123918864300095
0.1,0,0,4,Ucal,context_1,0.032995295338057784,0.023921637926184902,0.0634583222007082,0.06065867456754195,0.029090612131404653,0.017566694311930378,0.00013586495661318073,0.05115084711992336,0.0,0.06598451856814701,0.04676363671845619,0.017490492063872726,0.14196787680500397
0.1,0,0,4,Ucal,pooled,0.032577668214121225,0.0009535638152751811,0.06105144977563208,0.018703672121488935,0.02189322921069073,0.034200302478462855,4.277816728439813e-05,0.05157017704425046,0.0,0.011237280152187418,0.014453337827553538,0.004248974565755683,0.04557015763239525
0.1,0,0,0,Egap,context_0,0.03599348482674153,0.0020749682469414846,0.06623193245410347,0.016210406852903043,0.02040277864752149,0.020611715539666856,7.0793509747395374e-06,0.05150718673621071,0.0,0.012401496040440562,0.00931214156162882,0.005084677068814276,0.04860591380075062
0.1,0,0,0,Egap,context_1,0.03174183872034436,0.012104487650197709,0.06171365684507327,0.054707554162071105,0.022535845734954152,0.020472067935017046,0.00019802414539233021,0.049682064318880975,0.0,0.06598451856814701,0.03722172662942218,0.00966120860189702,0.133223289599984
0.1,0,0,0,Egap,pooled,0.03500429006200423,0.0029937445935925835,0.06548605155401584,0.017616405158342778,0.020389583100000164,0.02060707766886319,8.433538576406853e-06,0.051260481532967826,0.0,0.011237280152187418,0.012779033633636557,0.005500473895467779,0.045906903049924015
0.1,0,0,1,Egap,context_0,0.03937350410779217,0.0010234409616198422,0.06880786413362526,0.019131605033367298,0.02161983760934716,0.025312003006587952,6.195612587523672e-05,0.05221350519325952,0.0,0.012401496040440562,0.013628312540598753,0.008597290238543985,0.048761178625384934
0.1,0,0,1,Egap,context_1,0.030830242727557966,0.014620645534007352,0.06802633974408748,0.06395125884818906,0.03432597361971956,0.01431707998596217,0.0007853271705746482,0.05555426371814317,0.0,0.06598451856814701,0.0445703787006291,0.01917381021226109,0.14258213338215078
0.1,0,0,1,Egap,pooled,0.03826119699901598,0.002341048284123553,0.0686135907152396,0.018730997449092148,0.022822395753570035,0.024271805847721192,5.378263591994934e-05,0.05228970342214648,0.0,0.011237280152187418,0.01246532427238007,0.007759910593552528,0.04844137759181689
0.1,0,0,2,Egap,context_0,0.04045960325728465,0.00523461062793998,0.07105623827906693,0.016507975200845276,0.020968066632719773,0.02623492167500717,9.302710090597596e-06,0.0519337093145871,0.0,0.012401496040440562,0.010857019752427147,0.0031420490303995753,0.049410464314621656
0.1,0,0,2,Egap,context_1,0.034005838948981404,0.003114807233091245,0.06620526721691947,0.04793600782528458,0.026904387039807465,0.03490802458770116,8.32442824865179e-05,0.054566239591559006,0.0,0.06598451856814701,0.024169178888339925,0.010089390269051403,0.13394524590367585
0.1,0,0,2,Egap,pooled,0.038855518740074146,0.004420418947027933,0.07056518535916566,0.0156776390766824,0.02151481631464891,0.027077479676308705,2.3268543875195594e-06,0.05194946297170357,0.0,0.011237280152187418,0.011018217208437394,0.002590752281093772,0.04506971694452015
0.1,0,0,3,Egap,context_0,0.03774598607314611,0.006165842227117251,0.06664881564436828,0.01911036911113405,0.0201201796790077,0.03115179046503337,5.683917492709911e-05,0.05148687793257225,0.0,0.012401496040440562,0.012861429902770083,0.006214661120989763,0.047654691233509905
0.1,0,0,3,Egap,context_1,0.03696284672865646,0.034885701265094986,0.06721972450908308,0.043729102819044845,0.03576137713375904,0.018175846453759262,1.3514441338312663e-05,0.05403077028236327,0.0,0.06598451856814701,0.018316813280730156,0.010758639013903655,0.1291318587963173
0.1,0,0,3,Egap,pooled,0.03676474845110522,0.0022400362415437598,0.06662117400700253,0.01976462308852521,0.019920299823549703,0.02993846829298734,5.225068761747359e-05,0.05133577350723886,0.0,0.011237280152187418,0.015869542079785616,0.0059854564468352365,0.045943535425653284
0.1,0,0,4,Egap,context_0,0.04030686085891927,0.003980896392957426,0.06873493776955505,0.019753496579001675,0.020897326842420627,0.037153254002488104,3.0251092442050182e-05,0.05143869228918911,0.0,0.012401496040440562,0.015734973060862807,0.00709982098570835,0.04988207635480415
0.1,0,0,4,Egap,context_1,0.04112493919898247,0.021113597407128308,0.06876039241239439,0.06345052166081044,0.027505826077521917,0.02012835301015309,0.0002825988406800897,0.050261715277441256,0.0,0.06598451856814701,0.048762367516706956,0.019295611877348216,0.13686927550931938
0.1,0,0,4,Egap,pooled,0.04031507736550616,0.0014927609371448516,0.06844596603088896,0.019900896465733273,0.02062422473822545,0.035593500794249874,4.855964363710715e-05,0.05122931213671579,0.0,0.011237280152187418,0.017075169549059094,0.004977778247359927,0.04638986937570139
0.1,0,0,0,Ecal,context_0,0.03601604851274526,0.002097180049807681,0.06623979392681634,0.01639928202825855,0.02040277864752149,0.02070413817093608,5.27353831521497e-06,0.05149503578931501,0.0,0.012401496040440562,0.009537778421666254,0.00545436435838092,0.04864970325008322
0.1,0,0,0,Ecal,context_1,0.03174183872034436,0.01209840675760652,0.06172630763646573,0.05494275709398957,0.022535845734954152,0.020472067935017046,0.00017510108162205687,0.049682064318880975,0.0,0.06598451856814701,0.037438693433501154,0.008987230652161976,0.1328016411990352
0.1,0,0,0,Ecal,pooled,0.03502472825690284,0.003013284341542885,0.06549639641386955,0.01791184782006813,0.020389583100000164,0.020690740865485835,7.146485254458173e-06,0.05125121655054569,0.0,0.011237280152187418,0.012942539192825593,0.005772998541539447,0.0460496925150331
0.1,0,0,1,Ecal,context_0,0.03939606779379595,0.001011837121576021,0.06881841922382459,0.01931778620355554,0.0216433875233899,0.02513559319424373,5.24100963481916e-05,0.052204517518433004,0.0,0.012401496040440562,0.013628312540598708,0.008564199295348811,0.04882756054884161
0.1,0,0,1,Ecal,context_1,0.031047209531636977,0.014752687894242321,0.0680698832769805,0.06431014739940001,0.03432597361971956,0.014305961074762022,0.0007111121568561311,0.05554545236184354,0.0,0.06598451856814701,0.04522127911286602,0.02081845208110358,0.14241601254294067
0.1,0,0,1,Ecal,pooled,0.03826119699901598,0.0023435345094928303,0.06862524974800142,0.018840651072190507,0.022843726811590526,0.024110907444769653,5.0773298219478026e-05,0.052279999076469644,0.0,0.011237280152187418,0.012587953441771863,0.007800504150706707,0.048467620334226406
0.1,0,0,2,Ecal,context_0,0.04048216694328838,0.005232274830935854,0.07107888094886798,0.016621890864075162,0.02103871637484822,0.02629083351947055,8.31017401969667e-06,0.051945115731831075,0.0,0.012401496040440562,0.010924710810438349,0.003260437929250213,0.049368358940282145
0.1,0,0,2,Ecal,context_1,0.03378887214490245,0.003068233962421601,0.06618854663748151,0.05120875095641506,0.026904387039807465,0.03490802458770116,5.1258134549632384e-05,0.054566239591559006,0.0,0.06598451856814701,0.02655581373320864,0.012264557130582813,0.1343377400445152
0.1,0,0,2,Ecal,pooled,0.03889120292150838,0.004423187907387152,0.07058444571032736,0.01590090868611798,0.021578809488710382,0.027127972236185946,1.9975419824993005e-06,0.05196080643070058,0.0,0.011237280152187418,0.011263475547220937,0.002598712382082062,0.044960397121018986
0.1,0,0,3,Ecal,context_0,0.03775404141680461,0.006174257367518153,0.06665649383233392,0.019059506502778687,0.020096629764964957,0.03129497902581678,6.6281870212406e-05,0.051492059478334955,0.0,0.012401496040440562,0.012883993588773837,0.006286844912888617,0.04775307986427695
0.1,0,0,3,Ecal,context_1,0.03696284672865646,0.03479029328199315,0.067208358777548,0.04351876504730466,0.036214173149154094,0.018209173753178237,5.069916161745875e-06,0.054154046077772106,0.0,0.06598451856814701,0.01809984647665116,0.012065219056188917,0.12924572709828253
0.1,0,0,3,Ecal,pooled,0.03677237144437301,0.002256143061438373,0.06663045255858877,0.01995929807554379,0.019920299823549703,0.030073598483839628,6.774533102397659e-05,0.051339520629303206,0.0,0.011237280152187418,0.016033047638974625,0.0062080987438536865,0.046263884604728335
0.1,0,0,4,Ecal,context_0,0.04030686085891927,0.003967590607227301,0.06872816062253546,0.019801977257292252,0.020873776928377774,0.036887864391785555,1.9500449776636982e-05,0.05143797774813698,0.0,0.012401496040440562,0.015599590944840319,0.006888226443899375,0.04984203609588357
0.1,0,0,4,Ecal,context_1,0.040981639097578904,0.021162606770621713,0.06878939412830894,0.0625001590333318,0.027505826077521917,0.02012835301015309,0.00031598304934844193,0.050261715277441256,0.0,0.06598451856814701,0.04746056669223307,0.022184139800714868,0.13672769141656252
0.1,0,0,4,Ecal,pooled,0.040294639170607494,0.0014762037477000904,0.06843976340715371,0.019941467955281587,0.02060289368020496,0.03535282727571924,3.9704526019682156e-05,0.0512287716366965,0.0,0.011237280152187418,0.0169321021847687,0.004791914642508986,0.04608001831375311
0.1,0,1,0,Ugap,context_0,0.04730986918462021,0.004327098086886389,0.07563090235482353,0.016735708464299344,0.023216128276977277,0.018701279411314817,0.00013960340839737795,0.05242663623704689,0.0,0.01499754060090898,0.009359911462219615,0.006790843546170641,0.04822238915798462
0.1,0,1,0,Ugap,context_1,0.05340272468508045,0.01621045629818279,0.07573377737000742,0.050065234729343065,0.02574780089172346,0.006549092851025368,0.0013440798492227843,0.05215933736511507,0.0,0.02268018442236983,0.034531490370923075,0.019672024121020842,0.13083669632628714
0.1,0,1,0,Ugap,pooled,0.04706117138075955,0.005421397936172855,0.07562390821082372,0.016681135319164698,0.023323240062532946,0.017567890902269748,0.00015527409762164704,0.052242960776149656,0.0,0.014722275239418995,0.010360617260465365,0.007107745387371965,0.04583314528030207
0.1,0,1,1,Ugap,context_0,0.045207275490969756,0.002365365933858112,0.07400743616115647,0.01844509431121467,0.025310905299600894,0.02217539124602906,9.247633802305494e-05,0.053129773989771624,0.0,0.01499754060090898,0.011044735357998608,0.00621598277744021,0.050304619006423294
0.1,0,1,1,Ugap,context_1,0.0535986807065128,0.01903049936051676,0.08234204575324665,0.04553938422314339,0.024175563803429223,0.0169092647404121,0.0005677317567404646,0.05060535330894085,0.0,0.02268018442236983,0.030716021259923496,0.012667671297743106,0.13625958347821907
0.1,0,1,1,Ugap,pooled,0.04574080986794399,0.0003968814140016397,0.07473248524474725,0.017836370457783603,0.02450764817572848,0.02173698803154467,9.528588905551667e-05,0.05256920736275465,0.0,0.014722275239418995,0.013486557458166131,0.004617405454266147,0.048902333533557524
0.1,0,1,2,Ugap,context_0,0.04313929292490598,0.0035532032685716055,0.07515068409524701,0.017145744814235277,0.019482314328461925,0.015653407716413797,6.089609124624543e-05,0.051401870770592974,0.0,0.01499754060090898,0.007907816339426173,0.005711710908188537,0.04996010741354153
0.1,0,1,2,Ugap,context_1,0.0315244391312034,0.014789704466445156,0.06432334478439987,0.04909219529769234,0.03448246682404016,0.013023324791763533,0.00018939173241527493,0.05318279531960737,0.0,0.02268018442236983,0.02915055731163311,0.01169320809151505,0.128696312802913
0.1,0,1,2,Ugap,pooled,0.04162361446718227,0.001914909654542717,0.07411421851715327,0.01866500872792783,0.02002381746148818,0.015400763853166008,6.061592012943399e-05,0.051235176435556015,0.0,0.014722275239418995,0.00996374681209887,0.005363101164051913,0.047710463460295185
0.1,0,1,3,Ugap,context_0,0.04485844770170183,0.008156034513264847,0.07085294221476378,0.01723481799434503,0.02157147563479661,0.03399134018231366,3.227170383590108e-05,0.051717866676028575,0.0,0.01499754060090898,0.012744361982788676,0.006276067233232156,0.045828568745411635
0.1,0,1,3,Ugap,context_1,0.04362574464990143,0.035087184595377754,0.07010068154936676,0.0603239563752022,0.030002833414688457,0.029606085682212332,0.0004684008739590345,0.05308264764142922,0.0,0.02268018442236983,0.04454550116972242,0.017684050127196423,0.14222322454268743
0.1,0,1,3,Ugap,pooled,0.04445420603783656,0.0041184902456824785,0.07070280956079258,0.01607602953209905,0.02175802471439864,0.033578869733861275,2.535049535245474e-05,0.0516567481404376,0.0,0.014722275239418995,0.012298803422680863,0.005660564618060115,0.04415963817221601
0.1,0,1,4,Ugap,context_0,0.044450089981125374,0.0032976489689985258,0.07351248944691953,0.01715655102807938,0.022805066548119424,0.025609613938247247,3.67286299554058e-05,0.052566672570476994,0.0,0.01499754060090898,0.010218968478568343,0.003498358789005279,0.04901059596583455
0.1,0,1,4,Ugap,context_1,0.035831103156378385,0.009627448012900088,0.05860753628009142,0.07075853050445186,0.024243415044046868,0.019580896388841904,0.0008993023933783004,0.051119015819626454,0.0,0.02268018442236983,0.05627390022377791,0.02165043769426211,0.13869881343545234
0.1,0,1,4,Ugap,pooled,0.0429771513802607,0.0038150671411706716,0.0718310590348869,0.019624347853772223,0.022857832248080245,0.025054777058392846,3.2347289693565964e-05,0.052354163240979086,0.0,0.014722275239418995,0.011900731476362697,0.0038697981276715433,0.047599873111339994
0.1,0,1,0,Ucal,context_0,0.04727905723881792,0.004320816451122715,0.07563266833250042,0.016816183170382488,0.02316957767647454,0.018559732032556328,0.0001571706721576737,0.052407355006817764,0.0,0.01499754060090898,0.009159130647941847,0.0070877595997890005,0.0483131539785195
0.1,0,1,0,Ucal,context_1,0.05351948134174156,0.01625513526676657,0.07573927193091569,0.050065234729343065,0.02574780089172346,0.006549092851025368,0.0013219254956654495,0.05215933736511507,0.0,0.02268018442236983,0.03453149037092307,0.020317886121282807,0.1308597890019677
0.1,0,1,0,Ucal,pooled,0.04702062727891282,0.005419767385156259,0.07562606927295376,0.01670457310599254,0.02328093977277601,0.01743970056038563,0.00017156900398598526,0.05222670387129665,0.0,0.014722275239418995,0.010370385869903907,0.0074491642930644975,0.04582739210638999
0.1,0,1,1,Ucal,context_0,0.04513127156933594,0.0023920865411063297,0.07399044124426583,0.018547273769995605,0.02521780409859542,0.02236718355472532,6.267667211859115e-05,0.05308131516911246,0.0,0.01499754060090898,0.011111662296091205,0.0057100032618487215,0.0503307126602992
0.1,0,1,1,Ucal,context_1,0.05337665583972773,0.018989136602858274,0.08234926828791894,0.04632413178653461,0.024175563803429223,0.01653736384795937,0.0006734129986867493,0.05058975520286283,0.0,0.02268018442236983,0.03049399639313842,0.014074847543700164,0.13725226795728898
0.1,0,1,1,Ucal,pooled,0.04567999371517384,0.0004247609956362378,0.07472169683943457,0.018245012271647577,0.024444197741093077,0.0218765859866836,6.657322123818821e-05,0.05254094342486096,0.0,0.014722275239418995,0.013463112499060964,0.004100317511960922,0.04897344888834339
0.1,0,1,2,Ucal,context_0,0.04312825812229787,0.0035613775608508273,0.07515042953540932,0.01718478210891072,0.019482314328461925,0.01574046112957697,7.001797493701655e-05,0.05140329815728013,0.0,0.01499754060090898,0.007679435520596849,0.005554480404439166,0.050093456119435456
0.1,0,1,2,Ucal,context_1,0.03219051373155868,0.014877479004400906,0.06434852166906413,0.05087743583347012,0.03448246682404016,0.013023324791763533,0.0002629249200660637,0.05318279531960737,0.0,0.02268018442236983,0.031370805979483926,0.012324897318938223,0.13104217543039715
0.1,0,1,2,Ucal,pooled,0.04168547450390325,0.0019134321392605387,0.07411698948493288,0.01869441811741583,0.020044967606366648,0.01548005452560991,6.936754314377722e-05,0.051237785121650586,0.0,0.014722275239418995,0.009770349245128651,0.005701893492060409,0.047782048634838654
0.1,0,1,3,Ucal,context_0,0.04485844770170183,0.008169232208456055,0.07085218236168199,0.01713990261752027,0.02159475093504798,0.03410518217717558,1.7292979526340488e-05,0.05171834101692669,0.0,0.01499754060090898,0.012766670962152872,0.005680697796660122,0.04569724530735574
0.1,0,1,3,Ucal,context_1,0.04362574464990143,0.03503309911098966,0.0701092631306076,0.06045724820145583,0.029539548726247422,0.030888523960683548,0.0006158307408635103,0.052753037992566455,0.0,0.02268018442236983,0.04454550116972242,0.020047419453746017,0.14247493745338705
0.1,0,1,3,Ucal,pooled,0.04449475013968335,0.004136613905235806,0.07070323592543871,0.01601142851546183,0.021779174859277106,0.03380012077888221,1.3455585857638334e-05,0.051645093652216124,0.0,0.014722275239418995,0.012258259320834096,0.005038264926951231,0.04387973910562263
0.1,0,1,4,Ucal,context_0,0.044450089981125374,0.0032923751936350196,0.07350751223720767,0.01698094309224812,0.02285161714862216,0.025494489964204642,3.831463824053398e-05,0.0525827737388695,0.0,0.01499754060090898,0.009772788891284464,0.003733780480450635,0.04879852192917906
0.1,0,1,4,Ucal,context_1,0.035831103156378385,0.009660007494928242,0.058531910490182956,0.0697892088381089,0.024243415044046868,0.019580896388841904,0.0008344073913480826,0.051119015819626454,0.0,0.02268018442236983,0.05605187535699283,0.021575508305482417,0.13814325555101836
0.1,0,1,4,Ucal,pooled,0.0429771513802607,0.0038138280594273138,0.07182285159052604,0.01939299504173127,0.022900132537837237,0.024950191787032797,3.9709973840868916e-05,0.05236923737905433,0.0,0.014722275239418995,0.011535834559741647,0.004334341750641853,0.04738347741313949
0.1,0,1,0,Egap,context_0,0.04739408906414061,0.004338818908196991,0.07579504661893097,0.017365780125742265,0.022936824673960743,0.020575134196488015,0.00010823867261230936,0.052315566708326766,0.0,0.01499754060090898,0.009064389125082221,0.006735056360070201,0.04874909524339955
0.1,0,1,0,Egap,context_1,0.053001366586173826,0.01594471258744211,0.07600900714119202,0.05128904778057822,0.025604856209338944,0.004258201358495389,0.001880746295043285,0.05178391338202834,0.0,0.02268018442236983,0.03351857815127809,0.021352032748651516,0.1329555202686881
0.1,0,1,0,Egap,pooled,0.04718969596374478,0.005408250332532906,0.07579699675991919,0.01708306248579738,0.023005987889355595,0.019052464277495185,0.00013682340915228703,0.052095070085426354,0.0,0.014722275239418995,0.009860375496707681,0.006233237078472898,0.04666596824543054
0.1,0,1,1,Egap,context_0,0.045289107639660875,0.002313195981872965,0.07423828392965516,0.01788291762553371,0.024566095691556877,0.022301773921215046,6.876205214004542e-05,0.05272753583845122,0.0,0.01499754060090898,0.010721034190686344,0.005349994386413749,0.05054056244962969
0.1,0,1,1,Egap,context_1,0.05308286364025239,0.018989385624833037,0.08257235150428467,0.04653374304587078,0.02495237866699551,0.015335460328462322,0.00011854234053234323,0.05101721663118605,0.0,0.02268018442236983,0.030943691067105893,0.008475912657928726,0.13462006147479053
0.1,0,1,1,Egap,pooled,0.045874458511742267,0.00035359603256905495,0.07496599068898967,0.01822945429672699,0.023788543249859795,0.02171118139739682,7.093694833602935e-05,0.052217189134448574,0.0,0.014722275239418995,0.013847740069923807,0.00420624736281952,0.048549240585366006
0.1,0,1,2,Egap,context_0,0.04308191931439037,0.0034937985584281256,0.07538024160323799,0.017665780332504398,0.019528864928964662,0.015375817386728247,6.341702109639825e-05,0.051408807813680034,0.0,0.01499754060090898,0.007628458143591345,0.006826807445409335,0.05038922374388477
0.1,0,1,2,Egap,context_1,0.03175500232492118,0.014567404643908596,0.06448252682607845,0.0506248671534388,0.035872320889363304,0.018637413502643335,1.65154120575099e-05,0.05388859838343579,0.0,0.02268018442236983,0.03048599703036419,0.009570893964168055,0.13159173221315673
0.1,0,1,2,Egap,pooled,0.04160319258414047,0.001883655692681838,0.07433400847803935,0.018785226041283014,0.020108418041002052,0.01564242089092714,6.508220786736389e-05,0.05123503763919282,0.0,0.014722275239418995,0.00992504022269465,0.006348586001905185,0.04821953098352308
0.1,0,1,3,Egap,context_0,0.045117370287602765,0.008056118519731708,0.07111920938980063,0.016604276423339993,0.02115252023027192,0.035534686283980585,3.516469963901661e-05,0.05157636389495073,0.0,0.01499754060090898,0.01240972729232577,0.006421343253490366,0.04613410245057744
0.1,0,1,3,Egap,context_1,0.04361950401227621,0.03546719213447104,0.07040866899976783,0.06179762314533758,0.026759840595601103,0.02564113901072619,0.0001189751157280386,0.05168534525519602,0.0,0.02268018442236983,0.04782430381148642,0.016513639416638533,0.1418550089340328
0.1,0,1,3,Egap,pooled,0.04486870183242714,0.003990934965154268,0.07097103892785184,0.01710232160254535,0.021419622396342763,0.03461833079136485,2.484052346907531e-05,0.05146151036988863,0.0,0.014722275239418995,0.013190773663310125,0.005343387625372433,0.045442831804165716
0.1,0,1,4,Egap,context_0,0.04453756342564974,0.0032466491331639095,0.07366713682191078,0.01658612988873165,0.022479212344600152,0.024375471336386234,4.278145132075801e-05,0.05229074324720681,0.0,0.01499754060090898,0.009995878684926369,0.004319672733720928,0.049176045255835896
0.1,0,1,4,Egap,context_1,0.036305533448569516,0.009462856420428998,0.05871436147715551,0.06584027791598507,0.02414823182894288,0.01852608486915938,0.00048619974323521663,0.051376886897548116,0.0,0.02268018442236983,0.051833402888076294,0.01589465557005044,0.13368591320610876
0.1,0,1,4,Egap,pooled,0.043038431481453476,0.003753714966761504,0.07200001489651037,0.018687959739133616,0.022561730219781362,0.023833187779442253,3.9134279111784054e-05,0.05211430293577033,0.0,0.014722275239418995,0.011515562508818217,0.004132493659105434,0.04722824304233974
0.1,0,1,0,Ecal,context_0,0.047392132447203694,0.0043355190990065524,0.07579227174948185,0.01729354234991101,0.023076476475469065,0.02043282234719483,8.350391339057028e-05,0.05236139350208572,0.0,0.01499754060090898,0.009220551980631545,0.005871425429658958,0.04849938884033234
0.1,0,1,0,Ecal,context_1,0.053223391452958846,0.01614195506927859,0.07598215373689746,0.05117520319682138,0.025373213865118427,0.004390948624165225,0.0014256755477183546,0.05174686123162545,0.0,0.02268018442236983,0.03329655328449301,0.02010626293633092,0.13349010786844132
0.1,0,1,0,Ecal,pooled,0.04716942391282142,0.005423059072634771,0.07579198613056752,0.017302039592166862,0.023090588468869577,0.01893591869690317,0.0001045493288884306,0.052137384774104185,0.0,0.014722275239418995,0.010553782853224282,0.005307269435985008,0.046647895089621826
0.1,0,1,1,Ecal,context_0,0.04531141661902505,0.0023118030624156628,0.07424484123109865,0.017890753163672467,0.024612646292059615,0.022226603434840217,3.198835731252429e-05,0.052725383070750524,0.0,0.01499754060090898,0.010832579087507349,0.004290773830985324,0.050087387709962815
0.1,0,1,1,Ecal,context_1,0.05308286364025239,0.01894809614751889,0.08250290878083177,0.0468414128278316,0.02495237866699551,0.01556110700794236,0.00018827973071294378,0.051041199466339206,0.0,0.02268018442236983,0.031609765667461126,0.008872048534831785,0.1350497251742739
0.1,0,1,1,Ecal,pooled,0.045874458511742267,0.000355614708878998,0.07496485790642315,0.01858943825144616,0.023809693394738263,0.02166180822911283,3.8289233447975305e-05,0.05221798920128568,0.0,0.014722275239418995,0.01395217552686466,0.0033619331811860853,0.048584613900946
0.1,0,1,2,Ecal,context_0,0.04311516782755548,0.003479101915548348,0.07538988642537485,0.017326805083514,0.019505589628713293,0.015439571502407115,6.053352124155435e-05,0.05140786825318417,0.0,0.01499754060090898,0.007304291451413865,0.006559556770455507,0.05015301159136388
0.1,0,1,2,Ecal,context_1,0.03175500232492118,0.014607951923830718,0.0644987538353284,0.05111651508594517,0.03564067854514279,0.018676848200016832,4.709530396076545e-06,0.05383771157733729,0.0,0.02268018442236983,0.03106388007446098,0.00879236765212261,0.13185945439018695
0.1,0,1,2,Ecal,pooled,0.04163775204778869,0.0018666430606805722,0.07434480289889452,0.018550875051266843,0.0201507183307591,0.01570388847371454,5.9864869896440005e-05,0.05123869286986541,0.0,0.014722275239418995,0.009858324291301575,0.005991464313595128,0.047885737266921
0.1,0,1,3,Ecal,context_0,0.04513208255632689,0.008067272923511639,0.0711343450433597,0.016041048219557263,0.021036143729015022,0.03558750602915338,2.0001641698850375e-05,0.051550554751818724,0.0,0.01499754060090898,0.011861981239039907,0.007134587432944617,0.04596880316332788
0.1,0,1,3,Ecal,context_1,0.04361950401227621,0.03528265381231365,0.07049188808906555,0.06192423425114465,0.02652819825138064,0.025793688517747923,0.00044521324795041776,0.05162542642820047,0.0,0.02268018442236983,0.048712403278626734,0.02072927750709024,0.14232920212355857
0.1,0,1,3,Ecal,pooled,0.04490924593427392,0.004019697920882605,0.07099325437833962,0.016651127000568356,0.021313871671950257,0.03468004482679836,1.7156749029568672e-05,0.051432428315295195,0.0,0.014722275239418995,0.012542068033761577,0.006169616918373536,0.045417815422794196
0.1,0,1,4,Ecal,context_0,0.04451525444628557,0.003269210815498682,0.07366679921804378,0.016797118348221382,0.022479212344600152,0.02486213804373251,2.4333407131730143e-05,0.052294932354412516,0.0,0.01499754060090898,0.010107746203401855,0.0039748797722109356,0.04909809809903307
0.1,0,1,4,Ecal,context_1,0.036305533448569516,0.00945165084878027,0.05864445750296994,0.06449659860412486,0.02437987417316334,0.01845702951164835,0.00044412228566403976,0.05144865842744672,0.0,0.02268018442236983,0.05048630452359994,0.016703913966502334,0.133607901236087
0.1,0,1,4,Ecal,pooled,0.04305870353237684,0.0037727911815880304,0.07199113364283695,0.018739952793758615,0.022561730219781362,0.02426938501574935,2.5802563871199632e-05,0.05212228556584852,0.0,0.014722275239418995,0.011410044629079984,0.003853236492748804,0.04718421611041132
0.1,0,2,0,Ugap,context_0,0.030010458040444332,0.002249824484942674,0.058496979467932364,0.016154580907006985,0.020852869937505458,0.02265733300995139,5.2396041938878305e-05,0.05136960165734645,0.0,0.02266768473296648,0.009673866696494013,0.004859805881264993,0.04972191482952828
0.1,0,2,0,Ugap,context_1,0.033033017223073835,0.0070915883876324646,0.05825157765687304,0.053775439797666566,0.029175138324111727,0.023604164630503757,0.0002490156981322381,0.051237324438272336,0.0,0.03744360746657839,0.029734399084549203,0.014373824677713106,0.13516955023875502
0.1,0,2,0,Ugap,pooled,0.030038300557856445,0.0026879385350618446,0.05844952836314856,0.01734800833617402,0.020634393358726744,0.02273218441392054,5.12251303817181e-05,0.0511924298957949,0.0,0.021296401696702435,0.011791267888981173,0.00450849609589398,0.0475525639415425
0.1,0,2,1,Ugap,context_0,0.03464032786425586,0.0024245380212301847,0.06463373570668249,0.01875058015692502,0.022151089522075118,0.023417257162127406,7.428826765015306e-05,0.05171107217582442,0.0,0.02266768473296648,0.010413134430827444,0.00581909997944737,0.049342092543302934
0.1,0,2,1,Ugap,context_1,0.027535401837535556,0.015736505238482038,0.06271435027396119,0.05532446154468093,0.027060476669976408,0.03221032655988394,0.001859429337001047,0.0514556071907318,0.0,0.03744360746657839,0.045949236568651165,0.02299042080295647,0.13632550931618267
0.1,0,2,1,Ugap,pooled,0.033424180146719495,0.0036721163402586576,0.06429597485270996,0.01693541903332781,0.02177382617439183,0.024204673109358962,7.514627340914992e-05,0.05136816986218769,0.0,0.021296401696702435,0.009026360628979798,0.004977154438593193,0.0467839216594489
0.1,0,2,2,Ugap,context_0,0.033882514281480924,0.006879456421517152,0.06282868936128715,0.016992734126703966,0.023465861279249434,0.019988621044371435,2.9335700992859912e-05,0.05195676679386238,0.0,0.02266768473296648,0.009458972165512974,0.010375207748639348,0.046781807117087765
0.1,0,2,2,Ugap,context_1,0.03680315832351522,0.008985923369700029,0.06357579553719597,0.052363476803059,0.0343103222943032,0.013903749110647193,0.00046298811841355805,0.05287913935093423,0.0,0.03744360746657839,0.024803042787443472,0.025420740672770156,0.13152696441481299
0.1,0,2,2,Ugap,pooled,0.03364075705383679,0.007079471247551419,0.06270178805854754,0.015956345945878466,0.02378403677175267,0.016842259950319252,4.139810212044079e-05,0.051660758848173845,0.0,0.021296401696702435,0.006646690784356962,0.010982249760135869,0.045839395468512754
0.1,0,2,3,Ugap,context_0,0.03317278018847425,0.009230750826282129,0.06416955186523345,0.016073293756625712,0.020876052430087055,0.02751126250148138,3.026036855411187e-06,0.0513700498498947,0.0,0.02266768473296648,0.009546674080092396,0.004300518915703069,0.04632262942380724
0.1,0,2,3,Ugap,context_1,0.03900684490810008,0.019170950746757606,0.06630360896010222,0.055758563047207235,0.03520357414768849,0.05427078250000485,0.00019810027907124635,0.05874565059974867,0.0,0.03744360746657839,0.03680010881564676,0.016806572089276148,0.12932769686953588
0.1,0,2,3,Ugap,pooled,0.03367160579831824,0.00671085421503531,0.06431344224009926,0.016220644087040072,0.020549990927936745,0.029942907815796768,1.7597868508511258e-06,0.05133433487115036,0.0,0.021296401696702435,0.008944262088418888,0.0044596049287912755,0.045776063401069406
0.1,0,2,4,Ugap,context_0,0.03254878354128643,0.003639115920913976,0.06216094182122169,0.02349199558302813,0.022406096940472797,0.02077488753926661,5.073983134468033e-05,0.05207480681192343,0.0,0.02266768473296648,0.01730365050953446,0.008812381807106159,0.05110534024645314
0.1,0,2,4,Ugap,context_1,0.03143189613192082,0.0027961686019799706,0.05786327459882613,0.05195401399625854,0.02342025882485027,0.023613047252849836,0.0003911449514255426,0.0506527537258393,0.0,0.03744360746657839,0.03594805905584878,0.025889127120336454,0.13493186719603728
0.1,0,2,4,Ugap,pooled,0.03182035847501885,0.00306355684777921,0.061701657141865526,0.022805040415151624,0.02204813407445938,0.021007085024143668,6.118434268270528e-05,0.051833672411660224,0.0,0.021296401696702435,0.01771298218200277,0.010006907377957038,0.048980687289027616
0.1,0,2,0,Ucal,context_0,0.029988235324383994,0.002305350332964431,0.0584973032116811,0.016018366377038216,0.020876052430087055,0.023123508910077112,5.568299830284496e-05,0.05137284739709149,0.0,0.02266768473296648,0.009496084968011142,0.005108245457676303,0.04989270312932586
0.1,0,2,0,Ucal,context_1,0.03348336624356468,0.007160488730785518,0.05831411522751555,0.05463024762269294,0.029175138324111727,0.023515490283270005,0.00025215509478345463,0.05125620090872396,0.0,0.03744360746657839,0.031336656548917374,0.01465493928888218,0.13569946782044898
0.1,0,2,0,Ucal,pooled,0.030038300557856445,0.0027446316537225145,0.058452928507351,0.0172113285773862,0.0206554939664243,0.023148672571985773,5.4802835483873445e-05,0.05119621711728196,0.0,0.021296401696702435,0.011528322905162373,0.0048829954531256,0.04786480606331025
0.1,0,2,1,Ucal,context_0,0.03468477329637659,0.0024142287295510815,0.06464094360143013,0.01902716289991491,0.022151089522075118,0.023410347655104802,7.705165591447981e-05,0.05172279449343427,0.0,0.02266768473296648,0.010768697887793173,0.006070933402200796,0.049246236474410246
0.1,0,2,1,Ucal,context_1,0.027535401837535556,0.015824474302183394,0.06267695740995607,0.055432521478079005,0.027295439075991468,0.03248414101098378,0.001495002585544387,0.05153101339961581,0.0,0.03744360746657839,0.0441478404866876,0.020583680070014206,0.1361011087750348
0.1,0,2,1,Ucal,pooled,0.03346463322115317,0.003670670614642102,0.06429923665671719,0.0169551076502662,0.02177382617439183,0.024223887584321258,8.003781787305458e-05,0.051373049226928987,0.0,0.021296401696702435,0.009087040240630307,0.005315220789296254,0.046491515106487455
0.1,0,2,2,Ucal,context_0,0.033793623417239516,0.006861745248828495,0.06280018714943092,0.016950503224962474,0.023535408756994225,0.02027406033296089,2.4285341742133048e-05,0.05199116651724727,0.0,0.02266768473296648,0.009677944271433231,0.010541912742278555,0.04692151512708485
0.1,0,2,2,Ucal,context_1,0.03680315832351522,0.008921855400344007,0.06359569160698465,0.051846919134622645,0.0343103222943032,0.012666251373873547,0.0006441716957046311,0.052904479217033354,0.0,0.03744360746657839,0.025028217297688955,0.02642588502642846,0.13064299040032537
0.1,0,2,2,Ucal,pooled,0.033580077442186274,0.007057753456911076,0.06268272063630219,0.015669371497865268,0.02380513737945017,0.017213612139413303,3.746147030285387e-05,0.05168614915946264,0.0,0.021296401696702435,0.006484878486622329,0.011097582834508051,0.0457185962460385
0.1,0,2,3,Ucal,context_0,0.03318990312926279,0.009204044863425171,0.06417671187136784,0.01605577913660821,0.020876052430087055,0.027510525626621637,2.51394841982623e-06,0.05137004070343299,0.0,0.02266768473296648,0.009435560499790621,0.004184258795580188,0.046182535139291964
0.1,0,2,3,Ucal,context_1,0.03900684490810008,0.019165840976709453,0.06631526144784015,0.05480306153345741,0.03520357414768849,0.05427078250000485,0.00010538968935677533,0.05874565059974867,0.0,0.03744360746657839,0.03680010881564679,0.016410957787126125,0.12924417748856934
0.1,0,2,3,Ucal,pooled,0.03367160579831824,0.0066869022043097815,0.06432097123500607,0.016212444471889312,0.020549990927936745,0.029942239845062044,2.56783741966385e-06,0.05133450406129621,0.0,0.021296401696702435,0.008883582476768445,0.004528547985871494,0.045474203666318755
0.1,0,2,4,Ucal,context_0,0.032504338109165754,0.0036070121671274435,0.06214736982934877,0.02330435097487683,0.022406096940472797,0.02039536876709709,6.493233850446672e-05,0.052070839102085584,0.0,0.02266768473296648,0.01714809149711197,0.008776134286763734,0.050994710539575605
0.1,0,2,4,Ucal,context_1,0.03165707064216622,0.002822139914298778,0.05785369966075257,0.05096722961192525,0.023890183636880336,0.02355474567523673,0.0003659050374580265,0.05071085556179725,0.0,0.03744360746657839,0.03437183748413073,0.02498846492068442,0.1331026342853225
0.1,0,2,4,Ucal,pooled,0.03177990540058517,0.003031864224893286,0.061688328943043144,0.022808363652684543,0.02204813407445938,0.02065687466026199,7.103721117032095e-05,0.05183746833083221,0.0,0.021296401696702435,0.017611849495918666,0.009826348889357763,0.04894464444286987
0.1,0,2,0,Egap,context_0,0.02967135546656169,0.0025935059215225517,0.05844316183457738,0.01610218292539454,0.02082968744492386,0.024032221134185364,2.3605191688411185e-05,0.05138611176371115,0.0,0.02266768473296648,0.00878495805407969,0.004982430062265274,0.049844509652120915
0.1,0,2,0,Egap,context_1,0.03375334838121624,0.007682217360600634,0.05854097977414092,0.05230093138698726,0.030349950354186916,0.024696100676698904,0.00033823652075983944,0.051439553704869724,0.0,0.03744360746657839,0.025576884177993767,0.015351756002870386,0.13463992051467127
0.1,0,2,0,Egap,pooled,0.029854494025327638,0.003053311417478606,0.05843088958158909,0.018103557205211774,0.0206132927510293,0.02408232956118514,3.100920019223879e-05,0.05121458878381072,0.0,0.021296401696702435,0.011572922791308048,0.00416691260973563,0.04811337133824632
0.1,0,2,1,Egap,context_0,0.034319401266648564,0.002222883140580153,0.06449658718250116,0.01904208378185531,0.022081542044330327,0.022031968514466413,4.0495075471845446e-05,0.05153248013625349,0.0,0.02266768473296648,0.010745698904208284,0.005423346563179139,0.04845347998791082
0.1,0,2,1,Egap,context_1,0.027747256327563363,0.015352485593218777,0.06289529508393171,0.0560390739616258,0.026825514263961348,0.03009640820993205,0.0018219710764099434,0.051576555463639526,0.0,0.03744360746657839,0.04261960551048374,0.023342915917464787,0.13377852586735603
0.1,0,2,1,Egap,pooled,0.03311459126474081,0.0034535984033474583,0.0641820526371832,0.016699889290464287,0.02173162495899683,0.022750721276735206,4.177113577301828e-05,0.05125109065748556,0.0,0.021296401696702435,0.009336501030630655,0.0054481372481427585,0.046143450464272
0.1,0,2,2,Egap,context_0,0.033491960857734815,0.0072816298742780314,0.06267375623705217,0.017348982235866582,0.02279356899438295,0.01993018628793994,2.6719706705441372e-05,0.05187628117713474,0.0,0.02266768473296648,0.011244650319087399,0.00898339346357169,0.04670198114358462
0.1,0,2,2,Egap,context_1,0.03635280930302437,0.009370143184228175,0.0635407151401924,0.05185159994689205,0.03572009673039342,0.012376768599477048,0.0005284956921124907,0.05313033160183463,0.0,0.03744360746657839,0.02705478788989791,0.024850417194300558,0.1312740916974637
0.1,0,2,2,Egap,pooled,0.033309222495444046,0.007480309147560622,0.06257549648164024,0.014846928243075834,0.023425326440895178,0.01691527223385149,3.3103465904333056e-05,0.051622356412243234,0.0,0.021296401696702435,0.006391638755704215,0.009569448354954525,0.045191124700504064
0.1,0,2,3,Egap,context_0,0.03334057327288126,0.009514860416938865,0.06403038486644565,0.016551333932124667,0.02082968744492386,0.02763642581367072,1.1097121828809416e-05,0.051382851801960304,0.0,0.02266768473296648,0.01060590294239699,0.0034063355547749646,0.045941804482321526
0.1,0,2,3,Egap,context_1,0.03881346007893566,0.018932064272985952,0.06626645390230576,0.0552483410878039,0.03379379971159824,0.053651390085101044,4.058896312975443e-05,0.057219834099419456,0.0,0.03744360746657839,0.03747563234638311,0.015332490185104488,0.1306938278911035
0.1,0,2,3,Egap,pooled,0.03372141942484669,0.0069910765544350766,0.06417492323275657,0.016826294918935742,0.020465588497146747,0.030005974428950602,4.5191428037733385e-06,0.05134534763659194,0.0,0.021296401696702435,0.009716038259113166,0.0035835225812994825,0.045890323026906946
0.1,0,2,4,Egap,context_0,0.03219543752109433,0.0033279546509683905,0.062092398722626105,0.02204275760838756,0.02247564441821759,0.02310181512166097,3.434811845357897e-05,0.05220134303923008,0.0,0.02266768473296648,0.015877953173302747,0.006707096998800387,0.05113533304847002
0.1,0,2,4,Egap,context_1,0.03089049340951,0.0024150127124050818,0.05781121933458287,0.05317581197521294,0.023185296418835266,0.02665744884355535,0.0005239513195994732,0.050705283486930194,0.0,0.03744360746657839,0.03466785551443227,0.02533449692606976,0.1312916319075365
0.1,0,2,4,Egap,pooled,0.03146504596245403,0.002812165807088489,0.061647160041983666,0.021733640814376943,0.02212495498583536,0.023397201159900488,3.6318009383541606e-05,0.051919234043323714,0.0,0.021296401696702435,0.016640975709510872,0.00796871047552008,0.048536383092679936
0.1,0,2,0,Ecal,context_0,0.02967135546656169,0.0026148155337073014,0.05842421814011597,0.016231645160636368,0.02082968744492386,0.02402180914820133,1.5562879177574544e-05,0.05137967400818635,0.0,0.02266768473296648,0.008896071634381515,0.006043595857518398,0.05009387524837681
0.1,0,2,0,Ecal,context_1,0.03375334838121624,0.007719218485718738,0.05855105864772602,0.0539854824236476,0.02988002554215685,0.02476926022190014,0.00023115774572617933,0.051346410090501456,0.0,0.03744360746657839,0.02734361368466078,0.015048231389890889,0.1360943341184156
0.1,0,2,0,Ecal,pooled,0.02989494709976126,0.0030760365962597506,0.05841115606128611,0.018303113535655963,0.0206132927510293,0.02407900060048622,2.3608609440677498e-05,0.051207761202924224,0.0,0.021296401696702435,0.011916773923994107,0.004460217366917257,0.04852108576255862
0.1,0,2,1,Ecal,context_0,0.034386069414829634,0.0022351987779513226,0.06451210308334987,0.01909692470814021,0.02212790702949352,0.022055863669547135,3.318785717138298e-05,0.051533022966296846,0.0,0.02266768473296648,0.010767921620268657,0.005413205694683555,0.048195354334004264
0.1,0,2,1,Ecal,context_1,0.027522081817317967,0.015206909040778068,0.06288502975376666,0.05663103997877786,0.026825514263961348,0.030092055652998426,0.002099850282806835,0.05162397882951172,0.0,0.03744360746657839,0.04374547806171092,0.024626962492962597,0.13504887795910475
0.1,0,2,1,Ecal,pooled,0.03321572395082495,0.003450727554962856,0.0641943566438898,0.016645965732812795,0.02177382617439183,0.022771890990112453,3.613940242584517e-05,0.05125376643090601,0.0,0.021296401696702435,0.009296047956196991,0.00568699066966809,0.045965182022736036
0.1,0,2,2,Ecal,context_0,0.033491960857734815,0.007238164177677437,0.06266913225590853,0.01693783166803137,0.02279356899438295,0.019523122302662482,2.8818734001259953e-05,0.05184478133537185,0.0,0.02266768473296648,0.011096754590927183,0.009292578480437574,0.046571377044918656
0.1,0,2,2,Ecal,context_1,0.03635280930302437,0.009297831719120957,0.0635542764066969,0.0505699581623074,0.03595505913640845,0.014277091490066188,0.0005686076843150411,0.052916134445784656,0.0,0.03744360746657839,0.026604438869407006,0.02539961395093461,0.1299441452605929
0.1,0,2,2,Ecal,pooled,0.033329449032660885,0.007434191021491462,0.06256991677555894,0.014645520823777515,0.023425326440895178,0.01637514467521367,4.2178559499948896e-05,0.05161070714593776,0.0,0.021296401696702435,0.006736573824818691,0.00987297154771681,0.04539009463079298
0.1,0,2,3,Ecal,context_0,0.03338501870500199,0.009516097556414096,0.06402148099576266,0.01671427210222955,0.020852869937505458,0.027555546930730687,1.5588072178003104e-05,0.05137873622822488,0.0,0.02266768473296648,0.010672571090578023,0.0032976958835101463,0.04610553369913905
0.1,0,2,3,Ecal,context_1,0.03881346007893566,0.018967272214098545,0.06629943798333238,0.05596211016886409,0.0340287621176133,0.05283971212035611,1.9008106347980218e-05,0.05748351609199502,0.0,0.03744360746657839,0.03747563234638307,0.014375381852732185,0.1307977846241961
0.1,0,2,3,Ecal,pooled,0.03374164596206353,0.006988741903339794,0.06416765558377634,0.016847471452140873,0.020486689104844302,0.02986427449088437,6.1797456729115125e-06,0.05134187538447831,0.0,0.021296401696702435,0.009716038259113133,0.0038306971400561976,0.04575122632527298
0.1,0,2,4,Ecal,context_0,0.03218446873823144,0.0033764338347420544,0.06211638526212536,0.022558120582866187,0.02247564441821759,0.02339835075064685,3.8435260600424934e-05,0.05219272191038775,0.0,0.02266768473296648,0.016522411939053086,0.005950683294345777,0.051139370889642134
0.1,0,2,4,Ecal,context_1,0.031115667919755452,0.0025476383524612733,0.05778434253269801,0.053549989790364884,0.023063045796946846,0.02731896560529916,0.0004634663054407913,0.05074542225639096,0.0,0.03744360746657839,0.03527253552511247,0.025735035615803762,0.1324676158383976
0.1,0,2,4,Ecal,pooled,0.031444819425237136,0.0028452108145270317,0.06166408830697908,0.021815789262999062,0.02214605559353286,0.023725366748490115,4.0044058177051485e-05,0.05191941370259636,0.0,0.021296401696702435,0.016924147230546492,0.0073005413924320745,0.048525158342703476
0.1,0,3,0,Ugap,context_0,0.038003626684984027,0.0017788092159519554,0.06718891915566665,0.018972486222055742,0.023794668529192653,0.021394687969382667,1.0088548169404334e-05,0.053422493531205734,0.0,0.008489707210843992,0.008787704825801008,0.005613556930691999,0.05168560555396265
0.1,0,3,0,Ugap,context_1,0.04204326695735078,0.023592065315710543,0.07283799742332803,0.048663305193109706,0.03135441547302917,0.046532116986823316,4.8862246777323505e-05,0.052339384259356275,0.0,0.031172173496063233,0.03262391885560084,0.002907939561414631,0.12789849075276993
0.1,0,3,0,Ugap,pooled,0.03768538399533661,0.003909638804936891,0.06747924262264803,0.015495334424662912,0.022813857932879378,0.023821911876670668,1.0064867488993458e-05,0.052539341119406884,0.0,0.008043213960478746,0.007050577296824658,0.005042748224095606,0.04535490283491732
0.1,0,3,1,Ugap,context_0,0.03843278849400583,0.01059343271084615,0.06999134194113904,0.019718503487062493,0.023822307510055596,0.020364932484891032,4.727282868790237e-06,0.05187428149793681,0.0,0.008489707210843992,0.013256541314856415,0.012473911085980508,0.05039757972039441
0.1,0,3,1,Ugap,context_1,0.03223990170758384,0.0032006186795064465,0.06740386013748756,0.05525974592079953,0.03246259227417314,0.003572102137627986,0.00017973290709031458,0.0538253182900884,0.0,0.031172173496063233,0.036166768458733164,0.012460967604987813,0.1276756889946567
0.1,0,3,1,Ugap,pooled,0.03757786621776976,0.00923095461718527,0.06968682088151629,0.019303857895879392,0.02450025998534705,0.018778846079973696,1.4404684205320093e-05,0.051822085185088566,0.0,0.008043213960478746,0.013602515680388966,0.01179482315908318,0.04613069343544189
0.1,0,3,2,Ugap,context_0,0.036577094069110805,0.00040720668877520437,0.06683869890054875,0.01950101062065854,0.021545226030729586,0.019367336642118774,7.5736121381487945e-06,0.05142398467829519,0.0,0.008489707210843992,0.015117958703049455,0.0027603891102731676,0.050594208107377095
0.1,0,3,2,Ugap,context_1,0.02929760506000334,0.0169211286724191,0.05948807805712891,0.0611214670968839,0.03756704956720469,0.008512351781376451,0.00028412354106671867,0.06323870377266809,0.0,0.031172173496063233,0.04729186557942752,0.020504982768411544,0.12796928615904363
0.1,0,3,2,Ugap,pooled,0.03550335418223566,0.0020064212740854024,0.06595661291915664,0.021776631365823522,0.02014965519928774,0.01838745722449596,2.1365167847729174e-05,0.05123307693152357,0.0,0.008043213960478746,0.01666134062883727,0.0027633440735694726,0.0458177924432065
0.1,0,3,3,Ugap,context_0,0.036972359541131206,0.002267585524366483,0.06630641567334328,0.018128366396609034,0.020267279934921056,0.021231123265678803,7.104596552053347e-05,0.051400199211821804,0.0,0.008489707210843992,0.011810517792696377,0.006476301834136621,0.05070184339690325
0.1,0,3,3,Ugap,context_1,0.037488648734263885,0.007161486930678685,0.06842235203247436,0.0702456221135636,0.033785052049355,0.0009836079263406128,9.254120340691816e-05,0.058729106096561554,0.0,0.031172173496063233,0.0514367521841447,0.00587033525378044,0.13621187318339986
0.1,0,3,3,Ugap,pooled,0.0366565870580462,0.001348422048206165,0.06638293168325989,0.018590452063227944,0.020360858290899175,0.019358102429294533,6.333368376998274e-05,0.05122288498977293,0.0,0.008043213960478746,0.013691904002155971,0.005841558997285726,0.04859019953596887
0.1,0,3,4,Ugap,context_0,0.03751771495325473,0.001710364815806499,0.06873098159857466,0.019393536425558994,0.02363512270976942,0.025364296389135593,6.395805284792821e-05,0.05299469726225719,0.0,0.008489707210843992,0.01635553406499425,0.009895232055753996,0.04952187127064704
0.1,0,3,4,Ugap,context_1,0.04121141868189998,0.013194837101196915,0.07182219577622766,0.05883328476541379,0.03143368430496374,0.0628724741151973,9.693248510746238e-05,0.05398134654586892,0.0,0.031172173496063233,0.03778771099255829,0.010444997116587574,0.1305012190346798
0.1,0,3,4,Ugap,pooled,0.03710554438860547,0.00025846371033884163,0.06899371937079914,0.019892135887911423,0.023717724434689558,0.028959720169259504,5.3810427453606854e-05,0.05291369973887952,0.0,0.008043213960478746,0.014935692431697506,0.009204224544898634,0.045081556802159424
0.1,0,3,0,Ucal,context_0,0.03798108182070409,0.0017868962681358504,0.06719679697919378,0.018976809207088788,0.02377114243875844,0.021354047821194308,2.247167930536265e-06,0.05341539033651661,0.0,0.008489707210843992,0.008760540681117628,0.0061371761278813134,0.051602262371125356
0.1,0,3,0,Ucal,context_1,0.04204326695735078,0.023503546982321447,0.0728425514264629,0.048025758610409794,0.03179523539808976,0.04698611563381984,6.573924867461149e-05,0.05263327037239243,0.0,0.031172173496063233,0.03325749858104961,0.0035601925434765713,0.1282741230630659
0.1,0,3,0,Ucal,pooled,0.037665013662689095,0.0039080970932789,0.06749064186995886,0.0155208889858986,0.022771343637447594,0.02383081444169942,2.65295606650388e-06,0.05251772785573921,0.0,0.008043213960478746,0.007295021288595076,0.005494621016788817,0.04532180966976176
0.1,0,3,1,Ucal,context_0,0.038455333358285826,0.010621443908144977,0.06999040622940521,0.019579469159866195,0.023916411871792775,0.019992251723831775,7.139900926806438e-06,0.05189313720429098,0.0,0.008489707210843992,0.01341435536481584,0.012628133777855887,0.05036182982000845
0.1,0,3,1,Ucal,context_1,0.03202870846576761,0.0032651788263845473,0.06733791200760882,0.05663226212638058,0.03246259227417314,0.0038593554492172,0.00010929969041724799,0.053637432193346324,0.0,0.031172173496063233,0.0370115414259982,0.01200834678630782,0.1276355212947421
0.1,0,3,1,Ucal,pooled,0.03756564367064302,0.009250839252505071,0.06967802725805816,0.01944618167406216,0.02458528857621073,0.018467954424231395,1.6854916570243272e-05,0.05183738783196063,0.0,0.008043213960478746,0.013627934750527272,0.01162671457610875,0.04618685218918084
0.1,0,3,2,Ucal,context_0,0.036599638933390743,0.000459754874456603,0.06682688133333198,0.019434159638271914,0.021545226030729586,0.01917796896352171,1.1419910786216716e-05,0.05142519886012762,0.0,0.008489707210843992,0.015072868974489655,0.0028900363079669643,0.050648958225016055
0.1,0,3,2,Ucal,context_1,0.029508798301819572,0.01689736522692315,0.059440108643246434,0.0611214670968839,0.03756704956720469,0.008512351781376451,0.00033966140827740223,0.06323870377266809,0.0,0.031172173496063233,0.04729186557942752,0.02124774861878768,0.12796928615904363
0.1,0,3,2,Ucal,pooled,0.035518167875095874,0.0020514615569911404,0.0659435178751034,0.021693650118375585,0.02014965519928774,0.018217231757747504,2.7130295773247304e-05,0.05123325644015264,0.0,0.008043213960478746,0.016620599963542232,0.003138434926405676,0.0457839196461391
0.1,0,3,3,Ucal,context_0,0.036972359541131206,0.002241668450773952,0.06628783496129137,0.018223305338408973,0.020267279934921056,0.020973896773062287,6.165639424661766e-05,0.05140257628360931,0.0,0.008489707210843992,0.012153277692161422,0.006167757594070014,0.050816602314874906
0.1,0,3,3,Ucal,context_1,0.037488648734263885,0.007164512036977458,0.06841561488878116,0.07053944076398817,0.03334423212429438,0.0012035135390613266,0.00012296478329142303,0.05858909465780744,0.0,0.031172173496063233,0.05312629811867483,0.005164809502775757,0.13528978094286334
0.1,0,3,3,Ucal,pooled,0.0366565870580462,0.001324674122458013,0.0663656845382171,0.01861962150544491,0.020360858290899175,0.019104834145586072,5.358220292766267e-05,0.05121421452432842,0.0,0.008043213960478746,0.013814125998041184,0.005472725766509708,0.04870573273183807
0.1,0,3,4,Ucal,context_0,0.03751771495325473,0.0017192612639666245,0.06876171059806496,0.01961077525699531,0.02363512270976942,0.02541967569697859,5.071112059389191e-05,0.05299880655808918,0.0,0.008489707210843992,0.01660352757207339,0.009360040635531839,0.04953053177454646
0.1,0,3,4,Ucal,context_1,0.04121141868189998,0.013291645123412245,0.07178389455304215,0.055610412740370506,0.03143368430496374,0.062073194990494504,7.921614591043294e-05,0.053725596223537064,0.0,0.031172173496063233,0.03335265291441682,0.008938817654453864,0.12902428062560564
0.1,0,3,4,Ucal,pooled,0.037125914721252984,0.00025760365387420686,0.0690136918001107,0.020266119778859573,0.023717724434689558,0.02893628273824557,4.929103518018464e-05,0.05290085736707806,0.0,0.008043213960478746,0.015424580415238259,0.008815480805402029,0.045095317045521194
0.1,0,3,0,Egap,context_0,0.03806630791619192,0.00187275346790196,0.06725507040643396,0.01989406359972537,0.02395935116223269,0.021915461277050005,1.0134248937435357e-05,0.053491180956985705,0.0,0.008489707210843992,0.009384945330525597,0.0048447570516520905,0.05148887211156426
0.1,0,3,0,Egap,context_1,0.04242919987388305,0.023696109397151943,0.0728581331136809,0.052430331397832486,0.03289728521074131,0.05129363140131303,2.065023407065179e-05,0.05386344150381022,0.0,0.031172173496063233,0.036725255454914736,0.0040880323513718935,0.1266557706113817
0.1,0,3,0,Egap,pooled,0.03778078472845314,0.004006038915817671,0.06753668882283351,0.0163331138207549,0.0227288293420157,0.024747773855407246,7.5842400677786316e-06,0.05248599927290397,0.0,0.008043213960478746,0.007484681960593714,0.003996858256741715,0.044862648767762914
0.1,0,3,1,Egap,context_0,0.03845346569236374,0.010703950137637358,0.06993353716867794,0.018865747509637956,0.02375172923875274,0.01871533645890114,5.161094548361843e-06,0.05186996472572872,0.0,0.008489707210843992,0.012851154548310624,0.011395722002756618,0.05081752453588354
0.1,0,3,1,Egap,context_1,0.032230822044127694,0.002891591898046139,0.06723777859397788,0.057278881985613546,0.03290341219923376,0.006878723231917086,0.0002626403189816166,0.05380658566679578,0.0,0.031172173496063233,0.03848989411871204,0.012495286528627983,0.13346545926105058
0.1,0,3,1,Egap,pooled,0.03761486290337973,0.009362462884545822,0.06961251164886166,0.01904902392197957,0.02445774568991521,0.017600121181356898,1.3365164072397804e-05,0.05182051982279914,0.0,0.008043213960478746,0.014121717810013529,0.010774251085903264,0.04637729679084243
0.1,0,3,2,Egap,context_0,0.036596467895112506,0.0005103397838932976,0.06686695508758925,0.01950119606671979,0.021568752121163853,0.01881582118295995,3.582803583813824e-06,0.051423062608095774,0.0,0.008489707210843992,0.014779785738850729,0.0026524202600357845,0.05086648513169575
0.1,0,3,2,Egap,context_1,0.029306266492304778,0.016968124460024464,0.05952537482955381,0.06158564216274351,0.038007869492265256,0.006980685998474984,0.00041647336037923686,0.06301316243583939,0.0,0.031172173496063233,0.04761340438945738,0.020352740508461902,0.1282033250895041
0.1,0,3,2,Egap,pooled,0.03552038181773093,0.0021044655315543143,0.0659854739581356,0.021593224348956188,0.020212058256887766,0.01773369958612632,4.245580385344789e-06,0.0512368402344251,0.0,0.008043213960478746,0.016457637302361963,0.002851963150634016,0.04653702669749835
0.1,0,3,3,Egap,context_0,0.03717019409257444,0.0023116599588690117,0.06629592370264388,0.017948396278194265,0.02010259730188102,0.0201452121485744,6.271147977836408e-05,0.051378730004062206,0.0,0.008489707210843992,0.012241254035434756,0.006177286378191723,0.05019557167675246
0.1,0,3,3,Egap,context_1,0.03791242482463636,0.0073327022607684025,0.0682843785011302,0.0708623659258797,0.03554833174959743,0.00458935835041939,0.00012005166968640424,0.059383981793423836,0.0,0.031172173496063233,0.0558718102622862,0.009169620385275638,0.13505073985629956
0.1,0,3,3,Egap,pooled,0.036912625297474966,0.0013715003122031669,0.06635195741330754,0.01811908231827738,0.02019080110917182,0.01803665878297006,6.234002462820738e-05,0.051235936408333425,0.0,0.008043213960478746,0.01336860594468055,0.0059004102853997984,0.049211477773424744
0.1,0,3,4,Egap,context_0,0.037592524851605524,0.0018411583184791505,0.06862735830203279,0.019539493187112178,0.02344691398629506,0.025500704498865504,3.543691339630425e-05,0.05292922614711862,0.0,0.008489707210843992,0.016017361100795546,0.008827598884087077,0.04971167126988091
0.1,0,3,4,Egap,context_1,0.04161425623188031,0.013254066327565902,0.07172711503779587,0.05809224435574245,0.031213274342433456,0.06640170720183429,0.00013185440481500892,0.053384784642702486,0.0,0.031172173496063233,0.03356769118459113,0.00996081829351278,0.12758477837724286
0.1,0,3,4,Egap,pooled,0.037230326003542036,0.00037161963677735286,0.06888688950086867,0.020797876919293374,0.02347637320352791,0.029407374701542824,3.2481468581110765e-05,0.052829546363745025,0.0,0.008043213960478746,0.01615788545633675,0.008509752894158784,0.04621471577671711
0.1,0,3,0,Ecal,context_0,0.03808885278047186,0.0018881095380370702,0.06726019928136516,0.01989391146273268,0.02395935116223269,0.02193586955015958,4.8199698861952104e-06,0.053503641171589046,0.0,0.008489707210843992,0.009339855601965782,0.004849455192192149,0.051700519021848385
0.1,0,3,0,Ecal,context_1,0.04242919987388305,0.023949449308949926,0.07282800630578315,0.05264007206794905,0.03289728521074131,0.05129363140131303,6.302003773163959e-05,0.05386344150381022,0.0,0.031172173496063233,0.03609167572946593,0.005356521926233998,0.12681542517068736
0.1,0,3,0,Ecal,pooled,0.03782152539374822,0.004043965250132073,0.06753837517296891,0.016083075918589616,0.0227288293420157,0.024766601167607524,1.562203878056835e-06,0.05249457566968333,0.0,0.008043213960478746,0.0075254226258888056,0.004098649644999114,0.04458103406887211
0.1,0,3,1,Ecal,context_0,0.038455333358285826,0.010661570311393658,0.06993147811944532,0.01880014115521545,0.023775255329187006,0.01901151396636798,2.9690275774769145e-06,0.05187377945276545,0.0,0.008489707210843992,0.012941334005430256,0.011583026261347114,0.0505304144067368
0.1,0,3,1,Ecal,context_1,0.032230822044127694,0.002862425257389508,0.06715137119169073,0.0568181513553143,0.03290341219923376,0.006878723231917086,0.00020761048877588012,0.05380658566679578,0.0,0.031172173496063233,0.03790651562315971,0.012251130042828228,0.1322777511476817
0.1,0,3,1,Ecal,pooled,0.037628308785070064,0.009326730482590214,0.06960379133837227,0.018812434503536413,0.02447900283763116,0.01786787101248867,5.541346867561007e-06,0.051823766802089506,0.0,0.008043213960478746,0.013897644150890698,0.010879953422948715,0.046158222865596385
0.1,0,3,2,Ecal,context_0,0.036596467895112506,0.0005159644970796031,0.06685674725982098,0.019525408180666188,0.021639330392466738,0.018753510637211215,1.5689243266874247e-07,0.05142855569642404,0.0,0.008489707210843992,0.014802330603130645,0.003226177173015884,0.05062946519023136
0.1,0,3,2,Ecal,context_1,0.029306266492304778,0.016971198813173344,0.059570081201684215,0.05981536482132824,0.038007869492265256,0.007214313047486917,0.0004380293018962617,0.06305683588186899,0.0,0.031172173496063233,0.04592385845492728,0.021232090227037106,0.12801825997257976
0.1,0,3,2,Ecal,pooled,0.035500011485083416,0.0021100931476265303,0.06598058592263345,0.021319436815742852,0.0202134266424355,0.017701676281627457,1.2439252589166157e-05,0.05123537923121006,0.0,0.008043213960478746,0.016227980069239176,0.003379238319199852,0.04624587223062956
0.1,0,3,3,Ecal,context_0,0.03719273895685432,0.0022923675212427677,0.0663018104568727,0.017988713338907617,0.020126123392315343,0.020305433961819636,5.7267186079111815e-05,0.05137790987740206,0.0,0.008489707210843992,0.012534337271073684,0.00585146295848143,0.050453657020168685
0.1,0,3,3,Ecal,context_1,0.03770123158282007,0.007124250607830184,0.06824223184114832,0.07070691044400428,0.0348871018620065,0.004478982517646668,2.6176741275111214e-05,0.05917560246956364,0.0,0.031172173496063233,0.05547731035274557,0.009916545836724421,0.13547157291041886
0.1,0,3,3,Ecal,pooled,0.036912625297474966,0.0013744017198138712,0.06635907319262684,0.018241230949201038,0.020212058256887766,0.018190638707348092,6.296951336290748e-05,0.05124013991124882,0.0,0.008043213960478746,0.013694531267041097,0.005672563315350169,0.049252604100282336
0.1,0,3,4,Ecal,context_0,0.037660159444445285,0.0018354382509263433,0.06863315713407708,0.019548812904571323,0.02344691398629506,0.025394734743381664,2.802688489556167e-05,0.052932462993078,0.0,0.008489707210843992,0.016039905965075436,0.00877017922640202,0.049755033408419934
0.1,0,3,4,Ecal,context_1,0.04161425623188031,0.01318614079803212,0.07170111044853301,0.05758579926018448,0.031213274342433456,0.06638299741358762,0.00010653629538123928,0.05327280195018946,0.0,0.031172173496063233,0.03399007766822369,0.008066421811389937,0.12726877881743964
0.1,0,3,4,Ecal,pooled,0.03729143700148463,0.00037348738013281236,0.06888908602788192,0.02061443000341671,0.02347637320352791,0.029308502120722627,2.966154686203943e-05,0.05283020858166499,0.0,0.008043213960478746,0.015974552462508965,0.008588677780746668,0.046024927099943734
0.1,0,4,0,Ugap,context_0,0.030873613539528222,0.0029299292765055155,0.06328138551881986,0.01708851429753729,0.02200493770072287,0.03156455975078369,0.00013503602683026918,0.05149899293834514,0.0,0.014988894628592972,0.010518185843023487,0.006396437100203247,0.04901599910601939
0.1,0,4,0,Ugap,context_1,0.04274509166047663,0.017258116786504688,0.06636198148604251,0.04998074492847019,0.03547205063362785,0.0027373705100161294,0.00018186542595599044,0.057929616935147595,0.0,0.0650126944466833,0.027488814492619404,0.011681376174274819,0.12938557413641033
0.1,0,4,0,Ugap,pooled,0.031559198538034794,0.004254005480849938,0.0634191893032262,0.015183327174541855,0.021790779904109048,0.028980769307128326,0.00010794754301181302,0.05145056115253005,0.0,0.00936835264205375,0.0071595773529397775,0.005417109655761124,0.04618389850200598
0.1,0,4,1,Ugap,context_0,0.031139815856199793,0.00320057381458843,0.062477332244984106,0.01927905015362827,0.024491636005927964,0.023663431424937237,7.57997482580511e-05,0.052944382697877,0.0,0.014988894628592972,0.013111374577590635,0.008245957133085206,0.05117125129798115
0.1,0,4,1,Ugap,context_1,0.030386918527743556,0.026762359327376466,0.06047015246097439,0.04869856244606116,0.03246525903191774,0.00872991838720874,6.414406999798704e-05,0.05311824428054627,0.0,0.0650126944466833,0.027283351218745137,0.010886680137448592,0.12824825535921464
0.1,0,4,1,Ugap,pooled,0.030161463509167652,0.0004184499052029743,0.06227181684904662,0.016152799384187726,0.024438682959401326,0.02065953913095364,6.0347924187122755e-05,0.05252939492224795,0.0,0.00936835264205375,0.007989161656624236,0.007395252913940883,0.04812088240460926
0.1,0,4,2,Ugap,context_0,0.03124304955531998,0.00911651464103083,0.064938584653645,0.020712122791529126,0.026450346181306483,0.01936248169176434,0.00012376204729291137,0.05371303967879385,0.0,0.014988894628592972,0.015876675369502186,0.006923573356001906,0.04877633362117637
0.1,0,4,2,Ugap,context_1,0.046078604334511886,0.02527573336973682,0.07145152056207,0.051958792298547836,0.02870507081593726,0.027225619123383824,7.424880209983681e-05,0.054780073859537606,0.0,0.0650126944466833,0.0321768777562337,0.01891800317023898,0.13419121229634182
0.1,0,4,2,Ugap,pooled,0.03237326007358071,0.0059824458848302285,0.06551255406220452,0.016693745232183067,0.02429546146672623,0.020222373470892632,0.00011091332207944474,0.05266283330792833,0.0,0.00936835264205375,0.010965087417834925,0.0062752352272699855,0.04649080417447272
0.1,0,4,3,Ugap,context_0,0.02988307645018351,0.0009823963668281407,0.06375414701413336,0.015661115699007935,0.023355282883558037,0.03351823042315409,4.038829946069743e-05,0.052888624465983775,0.0,0.014988894628592972,0.008352734537929968,0.004535432615202544,0.04677333185496323
0.1,0,4,3,Ugap,context_1,0.045033061944973585,0.013785975468282249,0.0708006825279298,0.04785010840802035,0.030180916429256577,0.009124905429203495,0.00011074599289462035,0.05426245166780952,0.0,0.0650126944466833,0.02074007095496699,0.014765827305921742,0.12878353828847997
0.1,0,4,3,Ugap,pooled,0.031050854551106455,0.00027452986829603514,0.0642933185699982,0.016769415376440718,0.023283194283025832,0.03126791878009323,2.6157929783512674e-05,0.05283109361645183,0.0,0.00936835264205375,0.009522287393603942,0.003899737462424906,0.046360217643201126
0.1,0,4,4,Ugap,context_0,0.030830069469541088,0.007604893224006265,0.0655981975489932,0.01788201051869824,0.02113661731396821,0.020898777873015695,7.269354579592872e-05,0.051506427124726695,0.0,0.014988894628592972,0.011011310113606069,0.0067060718617202135,0.04717343922070222
0.1,0,4,4,Ugap,context_1,0.02977002822044117,0.007599111241155737,0.06760967231152758,0.044397701930977314,0.03390367997411603,0.01724377355680147,0.0003564975717130315,0.0565099666683797,0.0,0.0650126944466833,0.031166049609530753,0.016790191205471407,0.12688092064713682
0.1,0,4,4,Ugap,pooled,0.030282713549632134,0.0075995126132062975,0.06573100579120196,0.015946017722237617,0.02087619763424342,0.02057030012474667,5.6593338665384546e-05,0.051402282401708105,0.0,0.00936835264205375,0.007749460922191436,0.005512261372773102,0.044795151532937096
0.1,0,4,0,Ucal,context_0,0.030896101115142682,0.0029475958328895138,0.06330631250549214,0.01678088261782032,0.02202840581928378,0.03142172672477274,0.00012440338147145673,0.05150723417438113,0.0,0.014988894628592972,0.010180872208806376,0.005831126096549259,0.04896892154697175
0.1,0,4,0,Ucal,context_1,0.04318034737320786,0.01734941409831753,0.06636509731345645,0.050773065129847916,0.035699065389587004,0.002688566899373246,0.00011960204985595271,0.057994213021139066,0.0,0.0650126944466833,0.026878013427752718,0.011045409205229409,0.1291277279056268
0.1,0,4,0,Ucal,pooled,0.031620343165460196,0.004278342304613093,0.06344249621946658,0.01512074034296473,0.0218120492592222,0.028845797988441738,0.00010474833265929396,0.051461455889803345,0.0,0.00936835264205375,0.007200340437890044,0.0055372844079156535,0.04641632177070479
0.1,0,4,1,Ucal,context_0,0.031162303431814253,0.003193896959726477,0.06248351778228782,0.019655633768265453,0.024444699768806033,0.023392273029100186,5.996799603904461e-05,0.0528932999657028,0.0,0.014988894628592972,0.013268787606891957,0.007547966602411087,0.05109916510337455
0.1,0,4,1,Ucal,context_1,0.030386918527743556,0.02674660682348782,0.06047664966747676,0.04869856244606116,0.03246525903191774,0.00872991838720874,7.503122258131106e-05,0.05311824428054627,0.0,0.0650126944466833,0.027283351218745137,0.011084728949698317,0.12824825535921464
0.1,0,4,1,Ucal,pooled,0.030141081966692518,0.0004136380374603584,0.06227714925500475,0.016149733297786677,0.024396144249175022,0.02041390899779162,4.6182694622571836e-05,0.05249019537915587,0.0,0.00936835264205375,0.007504962638648204,0.006745309309422309,0.048004397346573
0.1,0,4,2,Ucal,context_0,0.0312880247065489,0.009079811521841853,0.0649476464448349,0.020952551964315887,0.026286069351379948,0.01918328226346397,0.00012114862919370046,0.05362146076680338,0.0,0.014988894628592972,0.015899162945116643,0.006753896389816403,0.04904463170540128
0.1,0,4,2,Ucal,context_1,0.045774281236527714,0.02527858268703071,0.07146724005911484,0.051800895364567244,0.02870507081593726,0.027225619123383824,0.00011096936155260316,0.054780073859537606,0.0,0.0650126944466833,0.032394505612599316,0.018015047815740794,0.1347252788102905
0.1,0,4,2,Ucal,pooled,0.032434404701006114,0.005947469719706691,0.06552175035419956,0.01704431847259502,0.02414657598093417,0.02005877893667067,0.00010705977929172193,0.052600738970284444,0.0,0.00936835264205375,0.011291192097437069,0.006035310787640447,0.04682937880289218
0.1,0,4,3,Ucal,context_0,0.029860588874568994,0.001002397344316966,0.06376088181642038,0.015770382841705167,0.023331814764997127,0.03364530949127527,3.241161611190112e-05,0.05287347758440689,0.0,0.014988894628592972,0.008375222113544415,0.0038960345233024192,0.046745824207151086
0.1,0,4,3,Ucal,context_1,0.044642015800610946,0.013840093023535371,0.0708015069304895,0.04898050820074776,0.030407931185215675,0.009411273382119459,8.284881849706814e-05,0.054413519903344365,0.0,0.0650126944466833,0.02182821023679504,0.014141288595119643,0.1283781199498055
0.1,0,4,3,Ucal,pooled,0.03113238072100699,0.00026183784613944107,0.06429981768220382,0.01683192322145163,0.02326192492791268,0.03141173338580512,2.0157749033341662e-05,0.05282384524312132,0.0,0.00936835264205375,0.009532819871149302,0.0034738308349241856,0.04602691203208757
0.1,0,4,4,Ucal,context_0,0.03079790664568327,0.007572951061267578,0.06560277482284242,0.017921160332380906,0.02113661731396821,0.020977510579083078,6.841749902615957e-05,0.05151072691344799,0.0,0.014988894628592972,0.011123747991678458,0.006851469344036618,0.04722251097190097
0.1,0,4,4,Ucal,context_1,0.02977002822044117,0.0075949996501067435,0.06761843058111272,0.044746428436649555,0.03413069473007513,0.01776924593954876,0.00033665409730291847,0.05678433728092334,0.0,0.0650126944466833,0.031601305322262,0.016542582873508245,0.1271307611280674
0.1,0,4,4,Ucal,pooled,0.030254360805603786,0.007570278171922989,0.06573587985085763,0.015931669301227653,0.02087619763424342,0.02069138033152111,6.012482786948211e-05,0.05141430948835264,0.0,0.00936835264205375,0.007830987092091974,0.005641137644057529,0.044874934323706844
0.1,0,4,0,Egap,context_0,0.031308671931074394,0.0028084267511726147,0.06341157670927913,0.01749053919280552,0.02191106522647912,0.030210100253340436,0.00011870495603740296,0.05145836833318147,0.0,0.014988894628592972,0.009985424348185175,0.006051270165475128,0.049542428649372826
0.1,0,4,0,Egap,context_1,0.04355172164988441,0.017649217216115256,0.0664095861709097,0.04898843307136838,0.03433697685383219,0.004721119515706931,0.00011262194197299866,0.05663797186938511,0.0,0.0650126944466833,0.029707175560505686,0.01038609974352726,0.12735646206602125
0.1,0,4,0,Egap,pooled,0.03178574441789295,0.004179112524237686,0.06356529042600316,0.014633087903780458,0.02168443312854318,0.02791286180121684,9.046375917855316e-05,0.0513671750061443,0.0,0.00936835264205375,0.007465708327070206,0.004717647896595741,0.046160493103477473
0.1,0,4,1,Egap,context_0,0.031660198074182466,0.0031668691656870055,0.06269389665924563,0.018692182631937993,0.023013144536589092,0.021335667181474144,9.346273479773643e-05,0.052282462687865905,0.0,0.014988894628592972,0.012639333005556695,0.00904427635554697,0.05080698411981938
0.1,0,4,1,Egap,context_1,0.02992567926681078,0.026796823359709093,0.060660529169366574,0.05209911677209516,0.03246525903191774,0.011267673668937717,0.00027228036230412015,0.052791783736322886,0.0,0.0650126944466833,0.0318415801556316,0.008897473244902584,0.13045251894702384
0.1,0,4,1,Egap,pooled,0.03060003135367423,0.0003841694182069303,0.062479741929208125,0.017035654939001107,0.02311998294238582,0.018320044609886732,0.00010199338937151928,0.05201894414681331,0.0,0.00936835264205375,0.009482889146859368,0.00848832382175995,0.048282081110281885
0.1,0,4,2,Egap,context_0,0.03162528956767541,0.00908506403269928,0.0651639204744579,0.020489607373353046,0.025488153320308127,0.019777981807070008,0.00010164002092495888,0.05318824489985516,0.0,0.014988894628592972,0.014471579582111213,0.0062572951299556525,0.04993507027465419
0.1,0,4,2,Egap,context_1,0.04604553057251526,0.02474095317276133,0.0715670191243479,0.05544765343850822,0.030067159351692074,0.02749726406907395,0.00010004273848466941,0.05617267789812795,0.0,0.0650126944466833,0.03708269399763348,0.013668143235793774,0.13669828783419272
0.1,0,4,2,Egap,pooled,0.03268250359911684,0.006006362591736185,0.06573198620533452,0.01629112978905235,0.02325326306618175,0.02062364260646274,9.480144560790132e-05,0.05221032671213831,0.0,0.00936835264205375,0.010384778952359067,0.005052606677836499,0.046777692147562284
0.1,0,4,3,Egap,context_0,0.030107302706289585,0.0009613399511683876,0.06390771393120383,0.015799695895000257,0.022979792986583036,0.03350219446807916,2.8584660718466493e-05,0.05270932929521257,0.0,0.014988894628592972,0.007660914755063726,0.004459819813735086,0.047483653038851895
0.1,0,4,3,Egap,context_1,0.045633978417667254,0.013363880804077825,0.0708672099150041,0.04804610931874216,0.0319970344769297,0.01020157039501135,0.00013922905530638983,0.05582317519804757,0.0,0.0650126944466833,0.02458702632679795,0.012139533870510904,0.12910113497911874
0.1,0,4,3,Egap,pooled,0.031336919671453134,0.00025380864192399617,0.0644396704826828,0.016468266512399018,0.023176847507460074,0.031357129204237374,1.8676158500622697e-05,0.052718009731277944,0.0,0.00936835264205375,0.008435955290338455,0.003256564424587117,0.04524406057181608
0.1,0,4,4,Egap,context_0,0.031190450049159935,0.007431117350315491,0.06575863374984312,0.018512778094004513,0.02101927672116355,0.021391493596993716,6.35429890168763e-05,0.05155865650563919,0.0,0.014988894628592972,0.010851715321581717,0.006755197110934837,0.04814410628286344
0.1,0,4,4,Egap,context_1,0.02928711514910376,0.0076074154764931195,0.06783923243638035,0.04539804581313466,0.03549278326583005,0.01977232930154922,0.0002215772582269015,0.05819500299363831,0.0,0.0650126944466833,0.028989771045874607,0.015256706727380154,0.1266823945572873
0.1,0,4,4,Egap,pooled,0.030637791049437424,0.007443035592883286,0.06589948260581165,0.01650333246909078,0.020791120213790815,0.021259462570001816,4.9985928740629544e-05,0.05150408024361369,0.0,0.00936835264205375,0.008256987496465609,0.005755555362082108,0.04510031851134603
0.1,0,4,0,Ecal,context_0,0.031308671931074394,0.0027985303239765357,0.06340882565068867,0.0172757653050002,0.02191106522647912,0.030256024144467722,0.00011167046848516152,0.05146336264932202,0.0,0.014988894628592972,0.010052887075028601,0.0056807876360577434,0.0492941715428744
0.1,0,4,0,Ecal,context_1,0.043769349506250055,0.017727700412280185,0.06644345436674218,0.04786249509873511,0.03410996209787304,0.0049179397151056375,0.00015938595700678247,0.05653071292701877,0.0,0.0650126944466833,0.026833776054624094,0.011701406517221204,0.1276027431796729
0.1,0,4,0,Ecal,pooled,0.031810329761392864,0.004177827536106485,0.06356614431524027,0.014393423666187823,0.02168443312854318,0.027971214431387573,8.641383503345022e-05,0.05137620037478026,0.0,0.00936835264205375,0.00745502645003788,0.004443196499341487,0.0460782884532336
0.1,0,4,1,Ecal,context_0,0.03168268564979698,0.003132264913593976,0.06269929892821038,0.019071933458676554,0.02306008077371091,0.021156943224229438,8.213506201563709e-05,0.052293863162586766,0.0,0.014988894628592972,0.013021621791002701,0.008096786826042764,0.05070585566286163
0.1,0,4,1,Ecal,context_1,0.030143307123176366,0.026941425504657772,0.06045238180277623,0.05202203829653509,0.03269227378787688,0.012239465036234604,0.0001232887806124867,0.05290696254400915,0.0,0.0650126944466833,0.03249446372472842,0.010158742432173675,0.1312339119694789
0.1,0,4,1,Ecal,pooled,0.030640794438624497,0.0003404710386116646,0.06246565484062732,0.016767748689021825,0.02311998294238582,0.018061654669786043,8.375579523624212e-05,0.05200974512214007,0.0,0.00936835264205375,0.009197547552207483,0.0076777637749101575,0.04798783587801165
0.1,0,4,2,Ecal,context_0,0.03162528956767541,0.009130987376248269,0.06518001150575395,0.020173484878628228,0.025417748964625342,0.01989230072674056,8.598312093458741e-05,0.05317145536640237,0.0,0.014988894628592972,0.014325032652103524,0.005642937147447645,0.049881669038301366
0.1,0,4,2,Ecal,context_1,0.046263158428880846,0.02460960082916716,0.0716857052936363,0.05492849121887742,0.029840144595732976,0.02730449732102365,0.00013470288134442507,0.05611147822064412,0.0,0.0650126944466833,0.036856571787093936,0.013834526704747933,0.1365404376515046
0.1,0,4,2,Ecal,pooled,0.03268250359911684,0.006059343880155739,0.06575663094008019,0.0159803730291159,0.023189455000842296,0.020707349706148195,7.398054072643766e-05,0.05220218166229862,0.0,0.00936835264205375,0.010139792605654022,0.0042861170875839365,0.046630851019455674
0.1,0,4,3,Ecal,context_0,0.030076196228809915,0.0009665075423430714,0.06390105629470215,0.015872402086635425,0.022932856749461217,0.03311319004333184,2.4844947124530355e-05,0.05269427624544826,0.0,0.014988894628592972,0.008155641418582146,0.004095190165769482,0.04711117588630864
0.1,0,4,3,Ecal,context_1,0.045633978417667254,0.013472653320209105,0.07092052735426745,0.0476125663604018,0.0319970344769297,0.010122809226753196,0.00011600246635123533,0.05578569188828385,0.0,0.0650126944466833,0.02404657130468135,0.013143902589971519,0.12935500124942678
0.1,0,4,3,Ecal,pooled,0.03127577504402773,0.00025946599114674775,0.06443680922005693,0.016378150624144855,0.02311303944212062,0.030997258129052366,1.4706364774039226e-05,0.052700821506603095,0.0,0.00936835264205375,0.0087009153425152,0.00296294028828196,0.04494823585550475
0.1,0,4,4,Ecal,context_0,0.031167962473545474,0.007430293779455411,0.06574040772605101,0.01840354341068272,0.02101927672116355,0.021499830618010668,5.7740166376605445e-05,0.05155632171226711,0.0,0.014988894628592972,0.010784252594738301,0.006696388546919112,0.04815887360887404
0.1,0,4,4,Ecal,context_1,0.029289075384682395,0.007807646951401837,0.06776278818330084,0.045709839534948206,0.03549278326583005,0.019525329219527723,0.0002713385312946311,0.05826696898980352,0.0,0.0650126944466833,0.029303561664632063,0.017146583812674136,0.12858486102172806
0.1,0,4,4,Ecal,pooled,0.03061740950696229,0.007461707891851822,0.06587571508745135,0.01651031084474331,0.020791120213790815,0.02133497966914996,4.772299413441806e-05,0.05150363534657886,0.0,0.00936835264205375,0.008338513666366143,0.00571774301288125,0.04499816521811221
0.1,1,0,0,Ugap,context_0,0.037522875151971447,0.0021613262212771046,0.06760194660833549,0.018242117351511506,0.021347780070340563,0.008978464535066885,0.00014172404704232715,0.05086127568699825,0.0,0.012401496040440562,0.010272840765044967,0.0076291166583393345,0.04882927280913638
0.1,1,0,0,Ugap,context_1,0.043537478666109075,0.02259857748538982,0.06787459588517379,0.05422556100631605,0.029460793474835434,0.026721497340400843,0.016075687319403217,0.057156815299972366,0.0,0.06598451856814701,0.03584623138197097,0.02169760057516289,0.12488198967618372
0.1,1,0,0,Ugap,pooled,0.03739468326451517,0.004080376460402416,0.06757556791115704,0.015971455624725062,0.021080074023007156,0.0106009501494789,0.00031417593747765094,0.051074100826387206,0.0,0.011237280152187418,0.009781109710995842,0.006501480472735574,0.04550179206647691
0.1,1,0,1,Ugap,context_0,0.040006876590427065,0.0006731838030142118,0.06996758520389704,0.021179791288707523,0.02080613204735586,0.015050688272938748,9.22389989100736e-05,0.0508120823858891,0.0,0.012401496040440562,0.014726360049632261,0.003914891411635214,0.050984244121047746
0.1,1,0,1,Ugap,context_1,0.04472015149255948,0.0056855376293523975,0.07586052636720772,0.06592320541395781,0.03233466421837061,0.0049363713007080645,0.017074899608555114,0.0552917805029104,0.0,0.06598451856814701,0.04499455476246844,0.03095115649418103,0.13122498463528018
0.1,1,0,1,Ugap,pooled,0.04011689884335856,0.0011585515767522242,0.0705156054320506,0.02068831017267043,0.020158832351140687,0.01315177137389592,0.00016140460548146138,0.05073978969847179,0.0,0.011237280152187418,0.015732283991290088,0.0031493249762561855,0.04909810523444758
0.1,1,0,2,Ugap,context_0,0.041979887892076184,0.0054073162271928875,0.07229772008797691,0.016222063012532154,0.020375431316046577,0.01939324117566743,9.867306784578321e-05,0.05082931403242368,0.0,0.012401496040440562,0.009212126085268257,0.007017082640083501,0.04757476482180163
0.1,1,0,2,Ugap,context_1,0.04547401896672959,0.004031343355137672,0.07543285102999642,0.05365278672968472,0.02424053927308173,0.03432418650299564,0.013420102798775105,0.05204681976062938,0.0,0.06598451856814701,0.03187522881376813,0.022384803139322874,0.12038728230789077
0.1,1,0,2,Ugap,pooled,0.04172374343232532,0.005269860725281187,0.07259121039218917,0.014368642904017596,0.01997085900594231,0.02082586305298903,0.00023231703297865638,0.050827767302477,0.0,0.011237280152187418,0.009526379293731771,0.005702768360542521,0.0451378819976822
0.1,1,0,3,Ugap,context_0,0.038871232563573,0.006204668098928295,0.06772446138595735,0.017067385572991672,0.025886111202065076,0.023874422731919892,0.00017384902870696617,0.05291548639411577,0.0,0.012401496040440562,0.012045140083164083,0.009572163890884323,0.05010658935331267
0.1,1,0,3,Ugap,context_1,0.05181039490813533,0.024491401082965155,0.07520470595965453,0.0600987159133094,0.029930387102560907,0.01157540929984692,0.017240421435724837,0.054551926552402714,0.0,0.06598451856814701,0.04210031960676642,0.04107310324904065,0.12276807605034999
0.1,1,0,3,Ugap,pooled,0.039413028268053596,0.0033098625825967055,0.06844059728944824,0.01491218719739625,0.024711618868654417,0.022715406456993825,0.00043175248600765045,0.05218457855620601,0.0,0.011237280152187418,0.010792718477178841,0.010097398283275893,0.048497197539344936
0.1,1,0,4,Ugap,context_0,0.041522235340472446,0.004837926767339314,0.069945458807237,0.016622704058816388,0.023291900707835045,0.028113427549392417,0.00013047568181320498,0.0519200799335649,0.0,0.012401496040440562,0.012485032184132251,0.0069876994518095,0.04704056062212455
0.1,1,0,4,Ugap,context_1,0.052334086854303685,0.013821562067967193,0.07571765279023462,0.04680228880970678,0.027763600757308188,0.005536384793471183,0.013547086906706016,0.052019611232698035,0.0,0.06598451856814701,0.03119210355040794,0.025573912783736386,0.12047367241565239
0.1,1,0,4,Ugap,pooled,0.042438829317172744,0.002984226298050352,0.07038918943186458,0.014715992643289093,0.023087375939398802,0.02598827299835757,0.00011463306486360434,0.05183327653673058,0.0,0.011237280152187418,0.010232763469247778,0.0065755661942111035,0.0447796145854111
0.1,1,0,0,Ucal,context_0,0.037545438837975176,0.0021929287444707626,0.06761250967264062,0.018161288412162975,0.021347780070340563,0.008929169626395936,0.00014441621015521427,0.05085876080512731,0.0,0.012401496040440562,0.010205149707033713,0.007699306957437095,0.04870242674288199
0.1,1,0,0,Ucal,context_1,0.043971412274266986,0.022499769978059213,0.06777936916070754,0.05683410113134702,0.029913589490230486,0.03063041252661565,0.013712363963493027,0.05794642115480836,0.0,0.06598451856814701,0.03742716178785191,0.026550805502258388,0.1294688538962932
0.1,1,0,0,Ucal,pooled,0.03739468326451517,0.004098995254902587,0.06757710959849773,0.01609606851338531,0.021101405081027647,0.010903733279189406,0.000349295931404355,0.05108585001022067,0.0,0.011237280152187418,0.009515413177313695,0.006870762190774932,0.045836176050658116
0.1,1,0,1,Ucal,context_0,0.040006876590427065,0.0006801466174454116,0.0699690170453708,0.021212402465626046,0.02080613204735586,0.015074595125811538,9.800424129752098e-05,0.05081464020972121,0.0,0.012401496040440562,0.014861742165654772,0.004079617992928079,0.05093063497841856
0.1,1,0,1,Ucal,context_1,0.04415845501229215,0.005967773802143472,0.07576283916969875,0.06793596682363319,0.03233466421837061,0.0016187311193863324,0.014228075200747745,0.05547636661644112,0.0,0.06598451856814701,0.046296355586942325,0.030227927825040735,0.13017050183995596
0.1,1,0,1,Ucal,pooled,0.04013733703825717,0.0011908516950992676,0.0705080025759123,0.02107026565282219,0.020137501293120197,0.013486252527516326,0.00020559610126274618,0.05074138022432357,0.0,0.011237280152187418,0.016202362473958495,0.0032474290691678906,0.049019869602788556
0.1,1,0,2,Ucal,context_0,0.04193476052006867,0.005431350976504981,0.07230956225324782,0.016441905931083665,0.020469630972217878,0.01946526852626279,0.00012332585630698374,0.05084506076129195,0.0,0.012401496040440562,0.009392635573298221,0.007437298241109145,0.04768015931022264
0.1,1,0,2,Ucal,context_1,0.045257052162650635,0.0038304430475264127,0.07553102259746154,0.054083485871223975,0.023224547840497878,0.03394159415302582,0.014483001687925795,0.05199879525296607,0.0,0.06598451856814701,0.03296006283416304,0.028485791959319023,0.1214045210395489
0.1,1,0,2,Ucal,pooled,0.04170330523742671,0.005271058085211283,0.07261139770077799,0.014462176378010378,0.01992819688990133,0.020851706576944934,0.00028933023998234213,0.05081562741693688,0.0,0.011237280152187418,0.009717777919788905,0.006204122874285709,0.04512302595995167
0.1,1,0,3,Ucal,context_0,0.03884866887756927,0.006193108441361194,0.06772859838576888,0.01716559515504681,0.025862561288022223,0.02379592007812098,0.00018039550147287687,0.05288657832606768,0.0,0.012401496040440562,0.012203085885190324,0.009789153547144387,0.05003732570124614
0.1,1,0,3,Ucal,context_1,0.05181039490813533,0.024901165149326072,0.07512273629763949,0.06156184021886922,0.029930387102560907,0.011394866573497947,0.01792423015124346,0.05443220003646341,0.0,0.06598451856814701,0.043402120431240296,0.04187676442296522,0.123674118942857
0.1,1,0,3,Ucal,pooled,0.039413028268053596,0.003260764039247601,0.06843662948597874,0.01499285362299896,0.024668956752613436,0.022626202172957438,0.00045658644751235197,0.0521715836338826,0.0,0.011237280152187418,0.01111972959555684,0.010392770287266614,0.04857451222295865
0.1,1,0,4,Ucal,context_0,0.041544799026476176,0.004846659207853425,0.06995042126103158,0.016578561615159925,0.02333900053592064,0.027975405134483128,0.0001231055072499881,0.05194782207607161,0.0,0.012401496040440562,0.012507595870135968,0.006930924497340801,0.04680915494960486
0.1,1,0,4,Ucal,context_1,0.05251882880725944,0.013390808641713561,0.0758975040166956,0.04934443198880125,0.027310804741913136,0.005102997011170937,0.010710936563341558,0.051873759308435324,0.0,0.06598451856814701,0.0336345532234373,0.02595432824866275,0.12027336344872477
0.1,1,0,4,Ucal,pooled,0.04245926751207135,0.0030334931674236894,0.07041149997654214,0.0146046611913594,0.023023382765337358,0.025817238566279516,0.00015999566078028857,0.051820476006086365,0.0,0.011237280152187418,0.009969393609799797,0.006947493879690522,0.04490735241611849
0.1,1,0,0,Egap,context_0,0.03447579999400696,0.0006683751890957709,0.0645606240205872,0.01762414507647147,0.0222028132733606,0.008789711687001975,8.221176040455476e-05,0.05143176372593338,0.0,0.012401496040440562,0.010016283647257075,0.0054043206764962815,0.04910582389084162
0.1,1,0,0,Egap,context_1,0.04021678052364924,0.021749481949078928,0.065907479161794,0.05373497842511371,0.024505497837386647,0.020054079212290563,0.02166588555936868,0.05298813601473119,0.0,0.06598451856814701,0.03812005845768174,0.019798173829480115,0.12571502889940966
0.1,1,0,0,Egap,pooled,0.03447254655513371,0.002653277351620519,0.06459151833539829,0.01566306363825044,0.021455324240545415,0.009834875417133376,0.00018453947978703308,0.051186419558685095,0.0,0.011237280152187418,0.010032805601092747,0.003889898783760866,0.04619127594413517
0.1,1,0,1,Egap,context_0,0.03799831216734795,0.002180692170563418,0.06686997825341477,0.019668503570007285,0.024528782185345377,0.019119953215466723,9.356707186727214e-05,0.05270114817126115,0.0,0.012401496040440562,0.01223223722582741,0.005654858190962914,0.05004353375962963
0.1,1,0,1,Egap,context_1,0.04033363545690527,0.005709300168421649,0.07243952729026042,0.07039847622337972,0.034661820220965645,0.00017656692687412212,0.014647273047681625,0.05788392626715155,0.0,0.06598451856814701,0.04750721996056895,0.0280642626650794,0.12873444928874422
0.1,1,0,1,Egap,pooled,0.038090321873849586,0.002540744237722283,0.06740450512943891,0.017764107050180937,0.025464294577675517,0.017295845938791632,0.0002692040773876539,0.05302666689816094,0.0,0.011237280152187418,0.011781943698240463,0.00654450300212339,0.04779731185142105
0.1,1,0,2,Egap,context_0,0.03902359059976124,0.003910494487174191,0.06908821196178132,0.015400492720282844,0.023313379182893335,0.019662017910698604,0.00015105181934018405,0.05242010972574465,0.0,0.012401496040440562,0.010438621385020285,0.00935942836705248,0.04819096226724805
0.1,1,0,2,Egap,context_1,0.04214293957115528,0.004298370401115315,0.07288856337169382,0.06108244432665724,0.02970261570517596,0.032272555280701096,0.022911346524211444,0.05876904551185428,0.0,0.06598451856814701,0.041277899825647585,0.0277797366635969,0.1214855999633189
0.1,1,0,2,Egap,pooled,0.038652575660332755,0.003931309226990022,0.06943997159966549,0.013587498787394646,0.023908395912900393,0.020881003519840374,0.00033311782627692965,0.05279107764907809,0.0,0.011237280152187418,0.00958796000821614,0.006924150921465352,0.045841349682512994
0.1,1,0,3,Egap,context_0,0.03575218243431666,0.005480711397806236,0.06466883276126545,0.015792774724251356,0.020611013055807814,0.022744651025965817,0.00024125006603144727,0.051030104495607395,0.0,0.012401496040440562,0.008215969357025281,0.00995686350738377,0.04855235115562305
0.1,1,0,3,Egap,context_1,0.048633592853573104,0.026689008530390707,0.07288604697318019,0.07112080204035853,0.04026979289600452,0.01253030433876108,0.01805804087848638,0.06191880865542156,0.0,0.06598451856814701,0.05515978356320807,0.03450551513414413,0.12983243587271084
0.1,1,0,3,Egap,pooled,0.036565851241540936,0.002408821308626941,0.06545276362210231,0.01565611681770028,0.020183528180081234,0.021776663364101834,0.000609967666544883,0.051257589215290375,0.0,0.011237280152187418,0.008038042162593977,0.009100920328130296,0.048326641834794085
0.1,1,0,4,Egap,context_0,0.038281583596310564,0.004190611960048923,0.06663414514144687,0.01696510892221501,0.021947484168410192,0.02677248774480151,4.8729861032738775e-05,0.0512413764592156,0.0,0.012401496040440562,0.010946855786359917,0.005997307154461867,0.047522493121921715
0.1,1,0,4,Egap,context_1,0.05083200684757988,0.014559834344682363,0.07383925511019364,0.05017558289445481,0.02551198118751935,0.005000195678507638,0.013055976963970081,0.05339113896496711,0.0,0.06598451856814701,0.03520916340045274,0.023828080997636763,0.12395089016469168
0.1,1,0,4,Egap,pooled,0.03933245731891899,0.00230253961881701,0.06720385485255852,0.016564100696774563,0.022265904445323614,0.024713304093469807,5.025972960036058e-05,0.05137212535390266,0.0,0.011237280152187418,0.010361126073048803,0.006021258625969199,0.0450746271444798
0.1,1,0,0,Ecal,context_0,0.03447579999400696,0.0006497691107199639,0.06457776987205298,0.017651904815701492,0.022179263359317858,0.00880629150231299,8.526131973870122e-05,0.051425135848936,0.0,0.012401496040440562,0.009834838862731225,0.005562418286014052,0.04909196171133294
0.1,1,0,0,Ecal,context_1,0.04048784349716228,0.02233788118422282,0.06617738036485869,0.05333892192351228,0.02427909982968912,0.02094055380150482,0.024964330823627673,0.05284090672682376,0.0,0.06598451856814701,0.03529949000465505,0.026447993266490964,0.12630339769861051
0.1,1,0,0,Ecal,pooled,0.03449298475003232,0.0026925147582129447,0.06463562411297319,0.015754446172085705,0.021476655298565905,0.009927171277958974,0.00014916125444541274,0.05119044942541332,0.0,0.011237280152187418,0.009514395856657545,0.004481903010560829,0.04619737755612376
0.1,1,0,1,Ecal,context_0,0.03802087585335168,0.002196631877038718,0.0668862384473042,0.019733660743999112,0.02455233209938812,0.01924638648467117,0.00010327829841981137,0.05269667516919246,0.0,0.012401496040440562,0.012412746713857366,0.005960349139779094,0.05017811793804688
0.1,1,0,1,Ecal,context_1,0.04095921337322728,0.005349523609945176,0.07266174893399392,0.07027738472147482,0.03398262619787307,2.1351594762047954e-05,0.01727509061635893,0.0574653414730127,0.0,0.06598451856814701,0.04708308547918269,0.034213757573909175,0.13080401668213154
0.1,1,0,1,Ecal,pooled,0.038131198263646804,0.002521840806604501,0.06743965390688078,0.01774476561185196,0.025400301403614045,0.01742428512961805,0.00027080902791275143,0.05300114026814453,0.0,0.011237280152187418,0.011843258282936328,0.007215089113825476,0.04788960387602573
0.1,1,0,2,Ecal,context_0,0.03904615428576497,0.003937503205239923,0.06908338101331615,0.01531910741951406,0.02336047901097904,0.01965971319876883,0.0001733582349251389,0.05243547141003312,0.0,0.012401496040440562,0.010641694559053996,0.009800044965530472,0.04807194576840838
0.1,1,0,2,Ecal,context_1,0.04236854124932021,0.004403670014720043,0.07298635338333587,0.0569332168959347,0.030232532833785797,0.03323312466245555,0.02829777400246814,0.05912816196247058,0.0,0.06598451856814701,0.038023397764462986,0.035804197907880884,0.12228646457513194
0.1,1,0,2,Ecal,pooled,0.038652575660332755,0.003966740019183067,0.06944278891200471,0.013719784695548607,0.024015051203002735,0.020969337675989824,0.00031088265160417444,0.05282543139401487,0.0,0.011237280152187418,0.009369829846660615,0.007743653234596592,0.04600736375606639
0.1,1,0,3,Ecal,context_0,0.03573733198075718,0.005467017737057082,0.06466775475096977,0.01574038590100564,0.02056391322772219,0.022688396751337464,0.00026463834104524205,0.05103166742580958,0.0,0.012401496040440562,0.008283258878906864,0.010408467140768958,0.04882089412805629
0.1,1,0,3,Ecal,context_1,0.048416626049494094,0.02646030057647027,0.07285565626703837,0.06940701468511314,0.04004339488830699,0.013274570051403548,0.021242485725516853,0.06165001394762857,0.0,0.06598451856814701,0.05320708232649731,0.04662523271791762,0.12957615672190703
0.1,1,0,3,Ecal,pooled,0.036565851241540936,0.0024202775210339254,0.06544650059585032,0.015682731079244807,0.020119535006019817,0.02179553836350734,0.0006087544982717975,0.051256831312361556,0.0,0.011237280152187418,0.008508120645262388,0.010076713738463194,0.04847050250148118
0.1,1,0,4,Ecal,context_0,0.038281583596310564,0.004197315146333322,0.06664122351581475,0.017017807316183707,0.021947484168410192,0.026915241268731432,8.54944522113043e-05,0.05124117694210841,0.0,0.012401496040440562,0.011127365274389836,0.006867784070166439,0.047531035276959774
0.1,1,0,4,Ecal,context_1,0.05039807323942197,0.014538509093096091,0.07371355110916963,0.04948827108087343,0.026191175210611928,0.0035482544236645763,0.01927536177686351,0.053626791632555834,0.0,0.06598451856814701,0.03533922705763157,0.03183566418340517,0.12589198896511017
0.1,1,0,4,Ecal,pooled,0.03933245731891899,0.002309141460446833,0.06719950292796255,0.016573959196674815,0.022308566561364485,0.024705028795463102,0.00010648361681412071,0.05138599663059781,0.0,0.011237280152187418,0.010483755242440522,0.007087147329515184,0.04511829102663568
0.1,1,1,0,Ugap,context_0,0.03588805162325143,0.002503441798286333,0.06598984568492544,0.01892056408567657,0.025628173474387395,0.01267085814993045,3.282350798871031e-06,0.053452016774755265,0.0,0.01499754060090898,0.01367701640665974,0.0045158969515672175,0.048328474434604383
0.1,1,1,0,Ugap,context_1,0.05065500030522396,0.02419978585825698,0.07401508661915808,0.06938208780835538,0.03448918400421053,0.002687772117973816,0.02417245932027108,0.06081586769524811,0.0,0.02268018442236983,0.04366361397367266,0.031839998752192226,0.13343230726416858
0.1,1,1,0,Ugap,pooled,0.03681731607909494,0.004537641536217871,0.0667196603065702,0.018538796794747226,0.02607497462491959,0.011718851122971427,0.000277915008531453,0.05391372641137595,0.0,0.014722275239418995,0.01327731634901754,0.0063152010928997845,0.04608555376505812
0.1,1,1,1,Ugap,context_0,0.034219272557366676,0.002472330862966569,0.0649067319730002,0.01944851837259971,0.026000578278409403,0.013387935783702481,1.1263421793684144e-05,0.053099999274872724,0.0,0.01499754060090898,0.015683754954217474,0.0035903864782220116,0.05019463325379654
0.1,1,1,1,Ugap,context_1,0.05392597378342173,0.02719820303308689,0.08099149577509034,0.0608299964390733,0.027612397456261012,0.014239735211568919,0.018188965845176472,0.0529908625875742,0.0,0.02268018442236983,0.04408221892565266,0.02789349391730854,0.12929259333096374
0.1,1,1,1,Ugap,pooled,0.03561035450480171,0.000290044031658656,0.06639040143576803,0.018576603342784572,0.025482770568321822,0.013449027569563662,0.0002863939642168672,0.05304017157507455,0.0,0.014722275239418995,0.012100956718800968,0.006069411601671126,0.04691736758195746
0.1,1,1,2,Ugap,context_0,0.0326545109504075,0.004280391802304324,0.06599649053972348,0.015845306527481732,0.022020501935424486,0.005003764437247871,3.76807798671474e-05,0.05172844683497442,0.0,0.01499754060090898,0.01038335435451838,0.005052014257060112,0.04923091699683852
0.1,1,1,2,Ugap,context_1,0.033616102297439665,0.02526204074341607,0.06357144500638985,0.06605538203856988,0.03417790833093565,0.0012871147412062828,0.020103491750475815,0.05691378712280079,0.0,0.02268018442236983,0.04321465682960629,0.022299158255295715,0.1326081343871848
0.1,1,1,2,Ugap,pooled,0.03216186898893686,0.001568188839622396,0.06578009531380721,0.016270144653855713,0.02281785231363176,0.004634730440097934,9.970061109957707e-05,0.05189316464178853,0.0,0.014722275239418995,0.012429431337332677,0.006240526407968087,0.04741260274139353
0.1,1,1,3,Ugap,context_0,0.03374741712495649,0.006907916773582678,0.06149697777936356,0.017666204928469768,0.02151912510497278,0.021702083521118104,6.540862191760225e-05,0.05144063352767705,0.0,0.01499754060090898,0.011942672566305247,0.007192757953164987,0.04885633890657475
0.1,1,1,3,Ugap,context_1,0.0406045101428516,0.0273657671429547,0.06774363679969425,0.04551390246817661,0.03194111821778478,0.027873732484229544,0.01565645286489084,0.05737355440875323,0.0,0.02268018442236983,0.021322386574141806,0.021228696429414343,0.12618007622739022
0.1,1,1,3,Ugap,pooled,0.034241553985073114,0.0037569935558957428,0.06208336847245365,0.01869187219372381,0.02245665419242049,0.022238016646070474,7.867706690938003e-05,0.05174081940298065,0.0,0.014722275239418995,0.013091810599065088,0.006881361156750004,0.04814095365094433
0.1,1,1,4,Ugap,context_0,0.0338182113154481,0.002169491009175467,0.06526117904715499,0.017087777774556813,0.024522730373235213,0.012558924201521826,4.101225430222109e-05,0.05260252906650151,0.0,0.01499754060090898,0.010391147763689287,0.006671584195111215,0.04948574198280683
0.1,1,1,4,Ugap,context_1,0.037163904787386015,0.0186159439548196,0.05830957094619392,0.05528752826712083,0.033495844312255496,0.017496287462167512,0.013964913502374901,0.05954241286424292,0.0,0.02268018442236983,0.027878857196283455,0.025650929382364053,0.12835968416656585
0.1,1,1,4,Ugap,pooled,0.03359481741883774,0.0036695525873651786,0.06449936465587851,0.01715841156255379,0.024393787907704634,0.01300089361500352,2.5560372117019482e-05,0.0529431427288889,0.0,0.014722275239418995,0.009143464384640448,0.006946831392252231,0.047242463102653696
0.1,1,1,0,Ucal,context_0,0.0359103606026156,0.002502387829729696,0.06599721641582576,0.018935084520178884,0.02555834757363329,0.012485221639412264,6.757671975837201e-06,0.05343602060920934,0.0,0.01499754060090898,0.01364878994208132,0.00477001342633028,0.04821589520416468
0.1,1,1,0,Ucal,context_1,0.050751730188415056,0.02400691014634624,0.07405182145217316,0.06832778710859062,0.03333097228310794,0.0005470005368786168,0.02368067456544424,0.05964463677207238,0.0,0.02268018442236983,0.04018692638611934,0.04344584906826981,0.13632196203004568
0.1,1,1,0,Ucal,pooled,0.036837588130018306,0.004519109244243248,0.06673043671822715,0.018617007780442417,0.025905773465891735,0.01134766401211193,0.00022483646556007743,0.05382981259667448,0.0,0.014722275239418995,0.013262498409542255,0.00741169742693947,0.046116860424983315
0.1,1,1,1,Ucal,context_0,0.034219272557366676,0.0024823810209810603,0.0649089025464554,0.019365590165569962,0.02607040417916351,0.013274055857058,9.506065921729067e-06,0.05312948104147846,0.0,0.01499754060090898,0.015683754954217453,0.003654274400752708,0.050190934901639714
0.1,1,1,1,Ucal,context_1,0.05403107179433764,0.02730245402880675,0.08104907540878654,0.061310912930612034,0.02784403980048153,0.013271507062001933,0.015083173170048328,0.053275580143219765,0.0,0.02268018442236983,0.045402539281409846,0.032821717695412644,0.12975192549127332
0.1,1,1,1,Ucal,pooled,0.03563062655572513,0.00029102419842396907,0.0663973891061942,0.01829120306530779,0.025588521292714272,0.013255972412931694,0.0002701745020494443,0.05309370417979214,0.0,0.014722275239418995,0.012100956718800937,0.005436390276001049,0.04678474998921974
0.1,1,1,2,Ucal,context_0,0.03267681992977167,0.004291854766551085,0.06600039522864835,0.015836046341786123,0.022020501935424486,0.005041851431959274,4.930598246627281e-05,0.05172415813331716,0.0,0.01499754060090898,0.010249500478333217,0.00544298657062873,0.04914038374894754
0.1,1,1,2,Ucal,context_1,0.03383812716422474,0.025481255838216168,0.06370665281577902,0.06377657854210818,0.03417790833093565,0.002217227137451358,0.018433140158299458,0.05738036947726711,0.0,0.02268018442236983,0.042290588596516875,0.02396601727031664,0.13185506448170353
0.1,1,1,2,Ucal,pooled,0.03216186898893686,0.00155848452050544,0.06579277808945509,0.015778001669745533,0.022860152603388806,0.004750934183160249,3.078686492259024e-05,0.051919716769172654,0.0,0.014722275239418995,0.012105078522558405,0.007495036498372816,0.04736796061816739
0.1,1,1,3,Ucal,context_0,0.03372510814559232,0.006902519987445541,0.06148800728792584,0.01745821746883393,0.02154240040522415,0.021499320508215652,7.351208131800254e-05,0.05145700715953737,0.0,0.01499754060090898,0.01165265583457076,0.007569181495985423,0.048854394589231215
0.1,1,1,3,Ucal,context_1,0.04048015125490145,0.027471312043116192,0.06764029754146957,0.0485718605856711,0.03124619118512323,0.029937189170175196,0.014792747700121414,0.05671376999630976,0.0,0.02268018442236983,0.025429179996101267,0.029488008775347647,0.13026022800437284
0.1,1,1,3,Ucal,pooled,0.03420100988322633,0.0037404459637960857,0.062061806149050366,0.018820198484336758,0.02237205361290656,0.02224334588665311,0.0001047275528958131,0.051731070545548985,0.0,0.014722275239418995,0.013193170853682006,0.007556229116746842,0.04843354284496436
0.1,1,1,4,Ucal,context_0,0.03384052029481238,0.002177175537850782,0.06524057614141991,0.017187799614488387,0.02447617977273242,0.012783049076253994,5.4330130982313e-05,0.052541408349967844,0.0,0.01499754060090898,0.010569619598602817,0.00689526748761321,0.04951888564146325
0.1,1,1,4,Ucal,context_1,0.037372795948623416,0.018494023934551643,0.0584245769238816,0.05564462905488942,0.033495844312255496,0.016332753771006916,0.013623588681436122,0.05942165744804557,0.0,0.02268018442236983,0.03017595080652862,0.03636842802160573,0.13083740432548407
0.1,1,1,4,Ucal,pooled,0.03357454536791438,0.003664933632649724,0.06449423299372668,0.017276597274100743,0.024245736893555192,0.013095110688260997,8.05059345467497e-05,0.052866154788181526,0.0,0.014722275239418995,0.009133347813884935,0.007821715832750634,0.04750289996533649
0.1,1,1,0,Egap,context_0,0.03594953261164535,0.002356759904531283,0.06606849702973397,0.01939733988884796,0.025255768670365386,0.010961562929483915,1.1234622280439953e-05,0.05332640868660902,0.0,0.01499754060090898,0.014167813952672022,0.0037532903929243236,0.04815274835289789
0.1,1,1,0,Egap,context_1,0.05135687347232021,0.023518175084607584,0.07385102586403099,0.07215340580924057,0.033794256971548975,0.0012244986970195576,0.02853744458660295,0.06047309074682371,0.0,0.02268018442236983,0.04937549939284265,0.03752501063080174,0.13618161216458982
0.1,1,1,0,Egap,pooled,0.03693519554092528,0.004341274535106894,0.06677312173533584,0.01945532779391754,0.025757722451742238,0.010033361014009617,0.0003161474844424624,0.053782152926942606,0.0,0.014722275239418995,0.014488881215606857,0.0066941977613945835,0.04620573208582188
0.1,1,1,1,Egap,context_0,0.034308508474823474,0.002776542819549137,0.0649486024711083,0.019285779608600957,0.026466084283436775,0.011910448573618254,2.5240481554002995e-06,0.05339250507101864,0.0,0.01499754060090898,0.015438350170561032,0.0036865923668660825,0.04976549297255951
0.1,1,1,1,Egap,context_1,0.054168195622884885,0.02744086678599153,0.08097807758459685,0.06416080264966043,0.027612397456261012,0.007485577286158257,0.017376224252380293,0.05447004871553515,0.0,0.02268018442236983,0.04429488283599986,0.02621378418875647,0.13165218565616724
0.1,1,1,1,Egap,pooled,0.03573127025954359,3.333283618761097e-05,0.06642817583167811,0.01862367203272181,0.026117274914676636,0.011483532121824708,0.0002641035016065132,0.053447109074759115,0.0,0.014722275239418995,0.012682327572015772,0.005587991978591869,0.046528594500929915
0.1,1,1,2,Egap,context_0,0.032923173795109395,0.004439336832428516,0.06613758794155775,0.015983266798552293,0.021717923032156694,0.005242083592564908,3.80843192594187e-05,0.051635964089386664,0.0,0.01499754060090898,0.00983202490179361,0.005827092331741311,0.04961752714004587
0.1,1,1,2,Egap,context_1,0.03295626833470966,0.024997507037790773,0.06351060287454378,0.059920394239800674,0.034409550675156164,0.004682071619063297,0.020003797666665823,0.05765534331757509,0.0,0.02268018442236983,0.03940920110534175,0.024017555212481754,0.1278686212521299
0.1,1,1,2,Egap,pooled,0.03239047018649449,0.0017377885587149613,0.06591048780453139,0.01490809254973869,0.022606350864846858,0.005150105968622323,0.00013284310518212614,0.05181187026091309,0.0,0.014722275239418995,0.01027388225109072,0.006487528110723629,0.04740564830632589
0.1,1,1,3,Egap,context_0,0.033685581508195284,0.006705079967371962,0.06145803580478915,0.0171543712433328,0.021785341729931296,0.021150819567748086,8.121268679940825e-05,0.05159800071135144,0.0,0.01499754060090898,0.011625671470875537,0.0063934004680509535,0.048670055081919586
0.1,1,1,3,Egap,context_1,0.04130207159667959,0.027319883267353687,0.0677584798337954,0.04562625467023517,0.03650222252961688,0.023216626762448914,0.023953737429920977,0.06407919197965335,0.0,0.02268018442236983,0.01891985455456481,0.03391735613988911,0.12856516610008925
0.1,1,1,3,Egap,pooled,0.03422575676362383,0.003577597252561949,0.062052757896669815,0.018235396121436924,0.022978022860666858,0.021342258492600463,8.654295510690004e-06,0.05216371110674037,0.0,0.014722275239418995,0.012822142184226771,0.006485507062122904,0.04799371956732417
0.1,1,1,4,Egap,context_0,0.03393276559460495,0.0020039485597073566,0.06519686540199975,0.016696419893071964,0.024656332265392877,0.01172854023654582,3.7600263454370454e-05,0.05270311690385693,0.0,0.01499754060090898,0.00985416152576057,0.0055532832918171885,0.04940118590309386
0.1,1,1,4,Egap,context_1,0.037178031321646765,0.017889141155071266,0.058212184359955184,0.05641309385622973,0.03326420196803492,0.014928364846859069,0.016336102162310545,0.05870546592396032,0.0,0.02268018442236983,0.029208538508478505,0.029549649535185754,0.1278669545345172
0.1,1,1,4,Egap,pooled,0.0339139095575286,0.0034495465398069886,0.06443783505126914,0.016864269666093154,0.02473219022576051,0.012003254087154969,2.1571469645298956e-05,0.05302053245769005,0.0,0.014722275239418995,0.008578999238802534,0.005726192383028508,0.04623538300370967
0.1,1,1,0,Ecal,context_0,0.03594953261164535,0.00236381367180462,0.06606833387393513,0.019592731042236706,0.025325594571119492,0.01104029361919466,4.769690202200577e-06,0.053368685126896194,0.0,0.01499754060090898,0.014480139663770741,0.003975149605611384,0.048335447828039176
0.1,1,1,0,Ecal,context_1,0.05113484860553519,0.02351498988408668,0.07395654047577452,0.07092846060869598,0.034720826348431044,0.0011095125920378701,0.03107787708114735,0.06113110427766856,0.0,0.02268018442236983,0.044046902590000755,0.048791848231419674,0.14025011155409547
0.1,1,1,0,Ecal,pooled,0.036955467591848645,0.0043473328599680896,0.06678273449325645,0.019340366009881108,0.025863473176134688,0.010094685195954328,0.00033534070406893027,0.0538590725070817,0.0,0.014722275239418995,0.014346976859143159,0.008167754482507698,0.04615829863771662
0.1,1,1,1,Ecal,context_0,0.034330817454187645,0.0028104548703421508,0.064957503090821,0.019540844000590175,0.026419533682934038,0.01200592372091562,7.573086784185392e-07,0.05335083720255028,0.0,0.01499754060090898,0.015683748943567177,0.003781818969099699,0.049934423912259385
0.1,1,1,1,Ecal,context_1,0.0540006912357166,0.026965355228116408,0.0811448814137211,0.05986304732670167,0.028075682144702047,0.010270250393072874,0.022772903521056168,0.05407511262295971,0.0,0.02268018442236983,0.042442973620711255,0.03227079961624183,0.1309276950978226
0.1,1,1,1,Ecal,pooled,0.03583767984419728,3.9186509590001355e-05,0.0664494513238899,0.018450234571353034,0.026032674335162653,0.011827234681631951,0.0003240318236074581,0.05336907549759399,0.0,0.014722275239418995,0.012641783470168975,0.005419783469761386,0.046702650086607546
0.1,1,1,2,Ecal,context_0,0.032969511400886886,0.004420925369930255,0.06611259044672269,0.015877265601435403,0.021717923032156694,0.005340929092889385,4.549342888882958e-05,0.051647341697393837,0.0,0.01499754060090898,0.009564317149423254,0.006147587480107838,0.04940067199054901
0.1,1,1,2,Ecal,context_1,0.03346190181502706,0.025180537454021545,0.06368286196904928,0.05808540641055729,0.035336120052038233,0.005725710220386815,0.023155506601233153,0.05866947158298117,0.0,0.02268018442236983,0.037184016660460076,0.03192564773727877,0.12941151816104876
0.1,1,1,2,Ecal,pooled,0.03234992608464765,0.0017042728943076917,0.06590151735114906,0.014723530737562279,0.02271210158923931,0.00533285234240552,0.00010189913333280738,0.0518714296565692,0.0,0.014722275239418995,0.009990073538163217,0.008184815974893409,0.04735483764081284
0.1,1,1,3,Ecal,context_0,0.03370789048755951,0.006750563943126232,0.06144928546699697,0.017369254624488246,0.021668965228674453,0.021132707465084777,7.331189790687283e-05,0.05156598763046626,0.0,0.01499754060090898,0.01193799718197423,0.006329958675998695,0.048787048290515306
0.1,1,1,3,Ecal,context_1,0.041524096463464666,0.027484952898374142,0.06801772154567245,0.04716338756044234,0.03627058018539642,0.023500686874219148,0.02685954123397436,0.06386859121451177,0.0,0.02268018442236983,0.019621897920869172,0.04619623481199244,0.1343626791123361
0.1,1,1,3,Ecal,pooled,0.034286572916393976,0.003601132589546048,0.06206854461529442,0.018584999623960177,0.022872272136274407,0.021352973274885917,4.5692369302091466e-05,0.05212172087936457,0.0,0.014722275239418995,0.013247855253618003,0.007322446704826604,0.048133782293066286
0.1,1,1,4,Ecal,context_0,0.03397738355333341,0.001988512925592291,0.0652058372924167,0.01663890042492707,0.024702882865895615,0.011768588220257184,4.067252981881941e-05,0.05271635715470459,0.0,0.01499754060090898,0.009742616628939601,0.005967402152755494,0.049435302056814755
0.1,1,1,4,Ecal,context_1,0.03695600645486169,0.018079338329400754,0.0583335000866865,0.05610033442221815,0.035348983066019635,0.015698858272350194,0.022855821676109965,0.06124629953444137,0.0,0.02268018442236983,0.03119099051627316,0.04086366323870513,0.13174553939137823
0.1,1,1,4,Ecal,pooled,0.0339747257102988,0.0034521366868192323,0.0644516117568481,0.017227836356464934,0.02492254152966694,0.012114450635574828,2.0611239810055734e-05,0.05315657205630266,0.0,0.014722275239418995,0.008537468073099325,0.006953667334104442,0.04662001710111671
0.1,1,2,0,Ugap,context_0,0.034746150371581186,0.002276554343604276,0.0655357602760958,0.01665495584532865,0.022087687107662346,0.015434128592173885,0.00010666846470869912,0.05070781888299135,0.0,0.02266768473296648,0.009309093706996025,0.004715399495029019,0.04730376001937077
0.1,1,2,0,Ugap,context_1,0.05303865190808427,0.018543324174286033,0.07306622639726117,0.05083525772983142,0.029914343429736256,0.012421815395324151,0.028479199807297184,0.05252543302348556,0.0,0.03744360746657839,0.03030380837214764,0.041225684630994186,0.12618247689135278
0.1,1,2,0,Ugap,pooled,0.036332722725260724,0.003789925272623917,0.06625625525919945,0.01557184221286852,0.022325175899300442,0.015136395669054198,6.643753190909568e-07,0.050781614721274015,0.0,0.021296401696702435,0.010574929889093806,0.0032450185006068864,0.047258861625189115
0.1,1,2,1,Ugap,context_0,0.03896195706210842,0.0034480824968641,0.07135176629595073,0.018986800277692076,0.021047682393405487,0.019288777263386625,1.3036361021155911e-05,0.05071848962880798,0.0,0.02266768473296648,0.013445236578984228,0.005952381228711683,0.049672716070221265
0.1,1,2,1,Ugap,context_1,0.041465899007721796,0.007047605777235812,0.07536851628912776,0.05126217211160136,0.026683528115669486,0.01815466567714559,0.02477515313641046,0.05394657808775804,0.0,0.03744360746657839,0.026491736538515692,0.035090588161054106,0.12348683707198516
0.1,1,2,1,Ugap,pooled,0.038723509604295436,0.0037568450613340524,0.07172724205763042,0.018725922992489607,0.021109062108635612,0.019195242300278692,0.0002043487803933073,0.05067883388638236,0.0,0.021296401696702435,0.014644463034334207,0.0070586259779190745,0.04719291526165171
0.1,1,2,2,Ugap,context_0,0.03709666628233843,0.005621694603615132,0.06891938933336991,0.019617803786867807,0.023909382593989476,0.012858880889197635,0.00015349465512644572,0.05117089016386977,0.0,0.02266768473296648,0.012400558017679674,0.010002738600137912,0.04861312657077939
0.1,1,2,2,Ugap,context_1,0.0536637722521654,0.018664249185370355,0.0768304124039431,0.0586624382189765,0.03168659370077084,0.013261921320975548,0.014420539889297188,0.05578363903961948,0.0,0.03744360746657839,0.03475817560832718,0.020333536979584416,0.12268954916276648
0.1,1,2,2,Ugap,pooled,0.038498026671239916,0.006865020207999032,0.0695738610959244,0.02242131403993876,0.024151790507695975,0.010395584755222273,0.0001757683506395098,0.0511675361221447,0.0,0.021296401696702435,0.01758790787289189,0.008467869400313908,0.04692945802667799
0.1,1,2,3,Ugap,context_0,0.03738794083761393,0.008639806726588966,0.07059522742296942,0.018295161769553946,0.021382490902594836,0.01667626978207626,6.036483390787844e-05,0.05068153519232229,0.0,0.02266768473296648,0.013047468926620561,0.006923280516860468,0.050024132750672225
0.1,1,2,3,Ugap,context_1,0.059294573455409116,0.007968920081865147,0.08169163717867864,0.055075537892233316,0.03239630515860348,0.05494114161865386,0.01224622535532191,0.05959234560927544,0.0,0.03744360746657839,0.030628437115422152,0.013655213995093889,0.13049438388669493
0.1,1,2,3,Ugap,pooled,0.038961322668552456,0.007233485881581927,0.07159579390596793,0.020062774076877014,0.020121574437473172,0.02017450719731248,0.00011023447438037685,0.05062821884023562,0.0,0.021296401696702435,0.015388992407796176,0.006676251662594606,0.050887942458969056
0.1,1,2,4,Ugap,context_0,0.03557587138442925,0.00399126971524906,0.06786566447654914,0.018316788478995583,0.02555533956728326,0.013009808578984566,4.0121617703578206e-05,0.051404619998510606,0.0,0.02266768473296648,0.008905007242970405,0.005298226101703274,0.04730953391078765
0.1,1,2,4,Ugap,context_1,0.04758406047553854,0.012066309923437256,0.06852508513283899,0.05831990219238123,0.02148201084839957,0.02301744056071682,0.02452707721148388,0.05151316059918247,0.0,0.03744360746657839,0.03304987582317652,0.03259901204417623,0.12541540567963566
0.1,1,2,4,Ugap,pooled,0.03657593550603144,0.002504316432542877,0.06790003864463172,0.01924604832695451,0.02465820509243602,0.013872479359608642,0.0002008857129092564,0.051263224252133414,0.0,0.021296401696702435,0.012236895167909743,0.006169660824240249,0.04665513135103431
0.1,1,2,0,Ucal,context_0,0.03472392765552079,0.00229717613773645,0.06554506029789758,0.016891867501084783,0.022110869600243943,0.015276639211968243,9.555723151420962e-05,0.05070699241497637,0.0,0.02266768473296648,0.009731325312142845,0.004752776895904052,0.04741358080368172
0.1,1,2,0,Ucal,context_1,0.05258830288759336,0.018591658295956055,0.07300660282079792,0.04870493650607066,0.029914343429736256,0.011233960720105948,0.023068518971368926,0.05261605097156756,0.0,0.03744360746657839,0.027354589036092843,0.0351651479716702,0.12547497869939317
0.1,1,2,0,Ucal,pooled,0.036312496188043886,0.0038130252844953165,0.0662578364386239,0.015193922846275836,0.02238847772239294,0.014884874329548353,1.9760929086331484e-05,0.05078410161363542,0.0,0.021296401696702435,0.010190625681974094,0.004356644956813371,0.04696126722226685
0.1,1,2,1,Ucal,context_0,0.03900640249422915,0.0034847322543775988,0.07136010982283411,0.019054519888418515,0.021070864885987084,0.01911608156842312,1.2616058155382652e-06,0.05072016920200081,0.0,0.02266768473296648,0.01360079559140673,0.005381832224191717,0.04953579112675113
0.1,1,2,1,Ucal,context_1,0.041364100105907076,0.0074503899065140565,0.0754901811145606,0.049465427300255285,0.02644856570965448,0.017207474853090057,0.02186042588597377,0.05320714450182924,0.0,0.03744360746657839,0.024135085488493885,0.03705464615435809,0.11883837364262402
0.1,1,2,1,Ucal,pooled,0.03879251438999248,0.003828978707609498,0.07174781979761119,0.018703518477556837,0.021087961500938168,0.018946903983506486,0.00024658980440305173,0.05068351506955915,0.0,0.021296401696702435,0.01472536918320148,0.007022254746094882,0.04720698394205566
0.1,1,2,2,Ucal,context_0,0.03709666628233843,0.0056239050310325405,0.06892148449412158,0.019781856776818006,0.02400211256431589,0.01292743036766901,0.0001566253404452388,0.05119213179649461,0.0,0.02266768473296648,0.01244500344980038,0.010236931404342522,0.04892778495357814
0.1,1,2,2,Ucal,context_1,0.0539337543898169,0.01867147715706219,0.07689662010521925,0.05846353385758832,0.03168659370077084,0.012826156225989205,0.012037794692215317,0.05569223794182036,0.0,0.03744360746657839,0.03558545530892995,0.01812822988195765,0.12495606884328918
0.1,1,2,2,Ucal,pooled,0.038498026671239916,0.006867686884250146,0.0695765522938669,0.022720727336665983,0.024236192938486,0.010499090462969804,0.00021220164797031713,0.05118394232814898,0.0,0.021296401696702435,0.017871079393927517,0.009406883087657277,0.04724707421590831
0.1,1,2,3,Ucal,context_0,0.03738794083761393,0.00866647609414077,0.07059921827132815,0.018116216120485903,0.021382490902594836,0.016773174237324162,4.80219847470005e-05,0.05067953277744918,0.0,0.02266768473296648,0.01289190991419809,0.006506225594829405,0.04990654258035989
0.1,1,2,3,Ucal,context_1,0.0586095130203485,0.007638191548504373,0.08170587558266025,0.0564975766410475,0.0316914179405583,0.05401252187122742,0.011760780695527578,0.05910901583697152,0.0,0.03744360746657839,0.029546768043815775,0.02170570595534425,0.12868190847488215
0.1,1,2,3,Ucal,pooled,0.038900643056901996,0.0072879453057712595,0.07160329149892683,0.019823673425815917,0.020100473829775672,0.02017440096810086,9.134641275470711e-05,0.050628609810869474,0.0,0.021296401696702435,0.015065367812326948,0.006955063985930314,0.050732170915738936
0.1,1,2,4,Ucal,context_0,0.03557342552801768,0.003996589871041554,0.06786393188531581,0.01842621588701188,0.02553215707470166,0.013003178274014995,4.124715514920171e-05,0.05140203001284193,0.0,0.02266768473296648,0.008905007242970409,0.005230600573523296,0.04735470370544012
0.1,1,2,4,Ucal,context_1,0.047807494464783606,0.012000218923827181,0.06847607966993327,0.05698483326530582,0.021455696813194924,0.020192088163771202,0.022010204897147348,0.05147115577883627,0.0,0.03744360746657839,0.03631305062496644,0.03337683576339404,0.12649496139183727
0.1,1,2,4,Ucal,pooled,0.036571796951709035,0.002514360880366778,0.06789131505799893,0.019670473586248752,0.02472150691552852,0.013611855873558135,0.00015433297960949386,0.05126236825271115,0.0,0.021296401696702435,0.012793935952591049,0.006356545056239579,0.04675979120540838
0.1,1,2,0,Egap,context_0,0.029933244269502834,0.0014847183058827687,0.058281039671580624,0.017090856902556427,0.0215320144763822,0.015575805189005254,2.3299069241542142e-05,0.05090047738793389,0.0,0.02266768473296648,0.012342650346386104,0.003328919839824132,0.046370285749897905
0.1,1,2,0,Egap,context_1,0.047616828300652836,0.01855322861652509,0.06571465176429762,0.041220464032074966,0.030864170458811513,0.013939646022162314,0.027095167983398227,0.053360839537907684,0.0,0.03744360746657839,0.025049103549693287,0.03634595360094925,0.12338481019520263
0.1,1,2,0,Egap,pooled,0.031235787800214243,0.0030645830834091234,0.05892687341700294,0.014180192960376222,0.022326963408735467,0.015410763797956709,0.00013031752735314164,0.050999923009411544,0.0,0.021296401696702435,0.00976828880150282,0.004617786521711689,0.04439866646680261
0.1,1,2,1,Egap,context_0,0.03404946314127594,0.004396704296873797,0.06428911706080984,0.019769766075337536,0.02183588714118001,0.016236660283683202,1.4397542681036262e-05,0.050849687641592485,0.0,0.02266768473296648,0.014061237191676986,0.006789801310268337,0.05032896779126405
0.1,1,2,1,Egap,context_1,0.03876600570885136,0.008474809573788766,0.06727624370502218,0.054389287944449576,0.02621360330363942,0.023721806275806237,0.026152994421108272,0.05359990881972503,0.0,0.03744360746657839,0.030933013906014765,0.037244630412561236,0.12396769793583075
0.1,1,2,1,Egap,pooled,0.034335505830328295,0.004733765574300841,0.06455086308513283,0.018013878852444737,0.02193198580883815,0.01686693850492829,0.0001533221336625576,0.05091502378565121,0.0,0.021296401696702435,0.01267484800438267,0.006980260621439538,0.047508085087897514
0.1,1,2,2,Egap,context_0,0.03269299117543678,0.004904382446024716,0.062187322207132065,0.018798414936775584,0.02600345990269265,0.007300463604273541,0.00012572166850999722,0.05252259335603184,0.0,0.02266768473296648,0.013518929753671189,0.00966465102232878,0.04833666884637487
0.1,1,2,2,Egap,context_1,0.04835699564441093,0.018077361690841773,0.06802600561040535,0.05546468603037658,0.032557588266045434,0.007394671777888884,0.017455057052524398,0.053409147459231594,0.0,0.03744360746657839,0.03519838357670847,0.024031617961771095,0.1211028918944704
0.1,1,2,2,Egap,pooled,0.03413519610378207,0.006159682619944453,0.06272145095119075,0.0209122383307971,0.026527255708804154,0.00591328603194749,2.9434738210251665e-05,0.05234597123522942,0.0,0.021296401696702435,0.016244852220137412,0.008383809869025052,0.04713787931642958
0.1,1,2,3,Egap,context_0,0.03291692923804668,0.00772905694567647,0.06367033308526303,0.017800502487090846,0.02161640709227386,0.0168440071560714,3.7075627918355136e-05,0.05107536612404277,0.0,0.02266768473296648,0.010515158226768902,0.005487242216564879,0.049588513780038354
0.1,1,2,3,Egap,context_1,0.05478904065560736,0.010035565405654766,0.07425841363385237,0.05262071622651051,0.02511247057213728,0.060417670327093984,0.013655273266134013,0.053402379406373685,0.0,0.03744360746657839,0.02800089770607101,0.014747102911907667,0.12682061043443368
0.1,1,2,3,Egap,pooled,0.03481233248468074,0.006213098138825275,0.06455368973868458,0.01900083769104247,0.020842290245305706,0.020723508085446013,4.750072314156466e-05,0.05086768459124661,0.0,0.021296401696702435,0.011740648612374996,0.00615799025613686,0.05002110864487139
0.1,1,2,4,Egap,context_0,0.03191676900556245,0.00456984613521474,0.06195018058845287,0.01871803068995499,0.02590619837182151,0.013924126588374136,4.343814597719932e-05,0.05320362082706476,0.0,0.02266768473296648,0.01112899184660547,0.0040460246181693495,0.047589106448671925
0.1,1,2,4,Egap,context_1,0.044498677736265146,0.008842182768382747,0.06490538000482735,0.052994114286154574,0.02812685294664563,0.019740662600509787,0.023324422427755676,0.05321092493587242,0.0,0.03744360746657839,0.028244613799535193,0.028165373232686336,0.12627268191480873
0.1,1,2,4,Egap,pooled,0.032786550321576735,0.0033150117009629523,0.06213722469511573,0.017630111247251626,0.025927536700403653,0.01442418707197532,0.00011175421870152557,0.05312482777769362,0.0,0.021296401696702435,0.010480753868801394,0.004272951652318102,0.0459629018247765
0.1,1,2,0,Ecal,context_0,0.029933244269502834,0.001488205993961482,0.05826870517022541,0.017289167381117226,0.0215320144763822,0.015685805041397965,1.9115824800854998e-05,0.05090058246509817,0.0,0.02266768473296648,0.012609322939110356,0.0032476318357092223,0.04621185288141921
0.1,1,2,0,Ecal,context_1,0.047616828300652836,0.0184695489699547,0.06562878493233025,0.04211326541644727,0.030241514600781005,0.013126713583168595,0.03126155330768961,0.053275681952551196,0.0,0.03744360746657839,0.02549945257018421,0.04103393113517998,0.12243594421061521
0.1,1,2,0,Ecal,pooled,0.03125601433743108,0.00306060592277581,0.05890682908435042,0.014262765740430132,0.022284762193340468,0.015436336885897212,0.00018696889353721387,0.05099244139026164,0.0,0.021296401696702435,0.01003123378532163,0.004451957684845915,0.04453803480785733
0.1,1,2,1,Ecal,context_0,0.03404946314127594,0.004397654588650972,0.06428854088281753,0.019701958257750785,0.02183588714118001,0.016103236881724742,1.2841007581928013e-05,0.05084492742259464,0.0,0.02266768473296648,0.014127905339858027,0.006660536340131765,0.05031462351753028
0.1,1,2,1,Ecal,context_1,0.03796861693914738,0.008326428691671068,0.06709506083541095,0.05396213778212146,0.02621360330363942,0.024632121653351616,0.02579385590187988,0.053477200394463235,0.0,0.03744360746657839,0.030911667350935958,0.0380940427941277,0.12395160527709516
0.1,1,2,1,Ecal,pooled,0.03429505275589462,0.004721800466549938,0.06453399860733473,0.01822422812757273,0.02193198580883815,0.016823380462504228,0.0001529251510019548,0.05090693051866946,0.0,0.021296401696702435,0.01277598069046684,0.007514542881363032,0.047672089009260295
0.1,1,2,2,Ecal,context_0,0.03269299117543678,0.004907247216299908,0.0621801055568484,0.018790045687066805,0.025980277410111052,0.007331920890490187,0.00012770832720476803,0.052521990369859425,0.0,0.02266768473296648,0.013407816173369409,0.009972501738388399,0.04841787994181802
0.1,1,2,2,Ecal,context_1,0.04835699564441093,0.018404768418492055,0.06799822875340876,0.05837598391395484,0.03185270104800031,0.009318333163379128,0.021277105593883357,0.05353717300044154,0.0,0.03744360746657839,0.03636210167134031,0.027111376207524494,0.12195509337648182
0.1,1,2,2,Ecal,pooled,0.03413519610378207,0.006191822380777236,0.06271509634079948,0.020854957177883635,0.026463953885711655,0.005759521787683422,2.4146750531710195e-05,0.05230090516668428,0.0,0.021296401696702435,0.016285305294571062,0.00877258043501312,0.04730072972247141
0.1,1,2,3,Ecal,context_0,0.03289470652198628,0.0077476736165797205,0.06368191975749801,0.018113680105819718,0.02161640709227386,0.01670183439598602,3.964731835850858e-05,0.05107190302094957,0.0,0.02266768473296648,0.010937990967738747,0.005707931541351563,0.0495942144889276
0.1,1,2,3,Ecal,context_1,0.05461821067709233,0.00977886833813648,0.0743001708450185,0.05207367046881568,0.0255823953841674,0.05903751250618154,0.015924142362559665,0.0537536024367291,0.0,0.03744360746657839,0.026800470441249682,0.02517355207383956,0.12562128815540957
0.1,1,2,3,Ecal,pooled,0.03480664671740519,0.006252344055170668,0.06456631502229923,0.01903040470495962,0.020736787206818208,0.02046022632946881,3.567715459710293e-05,0.05085791124575759,0.0,0.021296401696702435,0.012003593596193782,0.006747829976100167,0.050018048969255026
0.1,1,2,4,Ecal,context_0,0.03193899172162279,0.004574647691991421,0.06195477448704937,0.01873289047874505,0.02590619837182151,0.013924126588374136,4.3584266375862714e-05,0.05320362082706476,0.0,0.02266768473296648,0.01132899629114867,0.003979591858070296,0.047692060009859434
0.1,1,2,4,Ecal,context_1,0.0447238522465106,0.009040160085911627,0.0648440363793859,0.05394059958676892,0.02742196572860056,0.022829048586717263,0.025194821595592845,0.05268978119211806,0.0,0.03744360746657839,0.030008164338094088,0.03053134235016798,0.12501105081457492
0.1,1,2,4,Ecal,pooled,0.03282700339601041,0.0033026831349492426,0.06213308614710934,0.017731619604155157,0.025864234877311154,0.014709453437372136,0.00011799490151710376,0.05306639882373954,0.0,0.021296401696702435,0.010905511150354803,0.004728756958508469,0.04585057572057767
0.1,1,3,0,Ugap,context_0,0.04140108897129369,0.0023796242211242113,0.06707866864711724,0.01572656670879483,0.03092585300912587,0.01443657769153639,6.048003348976949e-05,0.058323609801280714,0.0,0.008489707210843992,0.006087833300624826,0.005905196554593325,0.049604152231383904
0.1,1,3,0,Ugap,context_1,0.05690123903003291,0.03156930078297898,0.07771003994202927,0.06400710397228271,0.02581200339344064,0.035796543262569605,0.021655668978260913,0.051901377142687305,0.0,0.031172173496063233,0.04267623957305883,0.0318237710560947,0.12354175998296348
0.1,1,3,0,Ugap,pooled,0.0418420153058599,0.005219730038358917,0.0678605900733599,0.014656291179305513,0.02948058095962175,0.016519923365657052,7.093764429047088e-05,0.05689345897733952,0.0,0.008043213960478746,0.007539115383841999,0.005407587535336634,0.04652559719826254
0.1,1,3,1,Ugap,context_0,0.04116023143925368,0.011401541603698868,0.06887000618717373,0.019279616094343095,0.02149189074497493,0.011807580652378913,1.6280894844087853e-05,0.05116697225097654,0.0,0.008489707210843992,0.012714302576883881,0.004129357577299941,0.04850433775434693
0.1,1,3,1,Ugap,context_1,0.04897864579180533,0.006224228451677636,0.07339906742147422,0.05249312184456787,0.02913086229193712,0.01154854498033804,0.021935040152197216,0.052717140911991166,0.0,0.031172173496063233,0.0352875791148313,0.03603321489613865,0.12447904362487765
0.1,1,3,1,Ugap,pooled,0.041609032007771496,0.010883123204309344,0.06929937568266112,0.017866690957924265,0.02159417915701567,0.011779526877986723,9.24140982363382e-05,0.051246076481278935,0.0,0.008043213960478746,0.011773262986133003,0.0030043443039798395,0.046122276181173386
0.1,1,3,2,Ugap,context_0,0.038733406779896784,0.0008019227873368194,0.06683393221882206,0.021873383425024803,0.025196563569584884,0.016189110213089233,5.6830960260893814e-05,0.05314657287075989,0.0,0.008489707210843992,0.01580661066535112,0.007649010548208762,0.05107682518704255
0.1,1,3,2,Ugap,context_1,0.04812724858270229,0.02616732116188255,0.06734944772232385,0.06291594111716602,0.049788613754454425,0.005266924027215236,0.017766256159947355,0.07759873582303053,0.0,0.031172173496063233,0.05259250025195054,0.026917317769924978,0.11915626831567261
0.1,1,3,2,Ugap,pooled,0.03874965391134744,0.003250397236341627,0.06683994600669967,0.01903293811261584,0.027097700399121738,0.015177658336894093,0.00013792853092987022,0.054370534370526837,0.0,0.008043213960478746,0.013154037580222381,0.009397309818683426,0.04833155879926547
0.1,1,3,3,Ugap,context_0,0.03991119709117391,0.0022850493128339397,0.06547118483971878,0.018469899099416334,0.025444273937935913,0.013723686925991574,0.000179526829451269,0.05243968615720397,0.0,0.008489707210843992,0.012010637004176712,0.006502888806425491,0.0496709538243954
0.1,1,3,3,Ugap,context_1,0.053079145928809746,0.01648206959348412,0.07654340615251183,0.06554844878823124,0.0285757600731254,0.004772755555755778,0.02329390693340075,0.05373227149272986,0.0,0.031172173496063233,0.04630830732542662,0.02998978144236345,0.12822624555068457
0.1,1,3,3,Ugap,pooled,0.040934753604091434,0.00047613408317592754,0.06628599937029882,0.019207093776404574,0.02467646557582398,0.012157703206558151,0.0003023348784244751,0.05185705050591584,0.0,0.008043213960478746,0.012841041052316846,0.007658449257442491,0.048291103043958505
0.1,1,3,4,Ugap,context_0,0.040140506953698196,0.0022513488915522485,0.06734536162815967,0.016188312668432615,0.022340404910887735,0.01740783372934626,8.070240329842448e-05,0.05134491582899995,0.0,0.008489707210843992,0.008204296954339314,0.006338325904962373,0.049297361481082484
0.1,1,3,4,Ugap,context_1,0.05496718976591064,0.004851598930618914,0.07883898364343082,0.06247292819969195,0.026365474687258,0.04924642510666745,0.011453999428477274,0.053498565537433165,0.0,0.031172173496063233,0.04678975884117051,0.01795290747659017,0.11852258088787232
0.1,1,3,4,Ugap,pooled,0.04117999556845814,0.0015522870617008398,0.06840372051424261,0.016979474733213012,0.021762156322425952,0.020400664766797222,0.0003081463568970072,0.05131513617144753,0.0,0.008043213960478746,0.008500131071622466,0.005343257685094801,0.04781941236885665
0.1,1,3,0,Ucal,context_0,0.04140108897129369,0.0023775697867624334,0.06707353596103995,0.01588987348600993,0.03087880082825728,0.014502724180890464,5.619765382149062e-05,0.058266932397694655,0.0,0.008489707210843992,0.005852782859610504,0.005937136424029187,0.04978078169523311
0.1,1,3,0,Ucal,context_1,0.05690123903003291,0.03174021718424882,0.07763330684883178,0.06327351084579691,0.023492313795787312,0.03366492423160576,0.017926385184508453,0.05194956773080943,0.0,0.031172173496063233,0.04330981929850762,0.03557382731040249,0.12271770814417315
0.1,1,3,0,Ucal,pooled,0.04186238563850736,0.005234389599145773,0.06785201140722708,0.0146981839576108,0.029714409584496893,0.016357144714027716,0.00011129435862095244,0.05708248072263535,0.0,0.008043213960478746,0.00708583678777631,0.005936084511586866,0.04649458860388896
0.1,1,3,1,Ucal,context_0,0.04116023143925368,0.01139701674508226,0.06887034636001708,0.019401121681503104,0.02153894292584352,0.011730984122420227,1.9481391609421877e-05,0.05117434735262441,0.0,0.008489707210843992,0.012872116626843256,0.00419581899199461,0.048465811213710484
0.1,1,3,1,Ucal,context_1,0.048345066066356523,0.00622569916149214,0.07328361861101225,0.05280036686554386,0.028690042366876528,0.010539613185593766,0.021703945314544712,0.052574880911693676,0.0,0.031172173496063233,0.03803309125844272,0.04012720884158554,0.12508241958954727
0.1,1,3,1,Ucal,pooled,0.04158866167512393,0.010878955587617641,0.06928757965582966,0.01765891044529738,0.02159417915701567,0.011613352983491046,6.660307832551202e-05,0.05124233118805633,0.0,0.008043213960478746,0.01175289265348544,0.002962879244886273,0.04624746307697126
0.1,1,3,2,Ucal,context_0,0.03875595164417678,0.0008045100906873396,0.06684755927618338,0.02195503460894101,0.025196563569584884,0.016208181521091533,5.993698266867301e-05,0.053139765826546295,0.0,0.008489707210843992,0.015851700393910963,0.00749809987295214,0.05111633361213374
0.1,1,3,2,Ucal,context_1,0.047493668857253535,0.026318958263693543,0.06734534098280484,0.06305708421526945,0.050890663567105976,0.0016196899119925723,0.016683388316972234,0.08011217106102393,0.0,0.031172173496063233,0.05026937459197163,0.02720808096182692,0.11952216714483112
0.1,1,3,2,Ucal,pooled,0.03874808887223291,0.0032670137921518416,0.06685309333421914,0.018943690257312577,0.027225243285417255,0.014845325945607349,0.0001789466600265197,0.05448430624707811,0.0,0.008043213960478746,0.012991074919042118,0.009757924319875733,0.04852330311989465
0.1,1,3,3,Ucal,context_0,0.03993374195545385,0.0023028081497204144,0.06546285603459565,0.018333273140826684,0.025444273937935913,0.014243416458378219,0.00017374854482618844,0.05243705578005092,0.0,0.008489707210843992,0.011897912682777123,0.006733323447375353,0.04982739304880439
0.1,1,3,3,Ucal,context_1,0.053079145928809746,0.01642768920535266,0.07656426357846369,0.06218944978403996,0.02901657999818602,0.006231801095995998,0.022624476456286693,0.05393595122519843,0.0,0.031172173496063233,0.043562795181815175,0.029041385352151977,0.1279754987660679
0.1,1,3,3,Ucal,pooled,0.040894012938796354,0.0004971360819766954,0.06627824465469083,0.018765574531570354,0.024591436984960302,0.012506888748514272,0.0003034238244970216,0.051829887141966235,0.0,0.008043213960478746,0.012392893734071096,0.007628989662434125,0.048384922802237114
0.1,1,3,4,Ucal,context_0,0.04014684903025456,0.00221485521885588,0.0673522177258255,0.016199487480824035,0.022363931001322,0.017437833909809103,7.601396272650213e-05,0.05133901406080716,0.0,0.008489707210843992,0.008001393175820036,0.00626009171966779,0.049102485236956726
0.1,1,3,4,Ucal,context_1,0.05475599652409435,0.004749533554807133,0.07884038960079097,0.06182735573948261,0.02680629461231862,0.04640427098649265,0.013125144501546324,0.053399977004774404,0.0,0.031172173496063233,0.04708651408245007,0.021065690805919003,0.12020081735151329
0.1,1,3,4,Ucal,pooled,0.04116487976558081,0.0015289003887181086,0.06841053870839724,0.01670674434605432,0.02184718491328963,0.020164403942800613,0.0002801793024156743,0.05131279106690105,0.0,0.008043213960478746,0.008724204730745321,0.005281794157539371,0.04763705023376191
0.1,1,3,0,Egap,context_0,0.04008855565227176,0.002824315901177852,0.0648409550101751,0.015096782209085608,0.02927902667872545,0.013047124139388355,4.844924535820863e-05,0.056759915946440115,0.0,0.008489707210843992,0.007507237686069173,0.00551791977169056,0.04830602791492958
0.1,1,3,0,Egap,context_1,0.054790601779317216,0.031420528803088474,0.07560354779824566,0.07022458821951905,0.023933133720847932,0.027719468710898462,0.01941486148638575,0.05203422064485334,0.0,0.031172173496063233,0.04852192387950142,0.030358089457309823,0.12458111421067537
0.1,1,3,0,Egap,pooled,0.04057008769893966,0.005616652984833222,0.06555723110810692,0.014688009211155331,0.028141380653518844,0.014474418686357071,2.4575129790829764e-05,0.05584027024471807,0.0,0.008043213960478746,0.007623668455887142,0.006569692454227983,0.046481305813401874
0.1,1,3,1,Egap,context_0,0.03989178773107793,0.011425539064436017,0.06686573186404708,0.020591311835389113,0.02052495007291344,0.011372182337595751,1.007376277997827e-05,0.05091291711379843,0.0,0.008489707210843992,0.012950051399520733,0.005463100909855405,0.05183378853447844
0.1,1,3,1,Egap,context_1,0.04679268645925372,0.007336039800566838,0.07114433193078354,0.0508587158319684,0.02979209217952805,0.013690396315498884,0.026393355475898224,0.05215773470008617,0.0,0.031172173496063233,0.035825545801775445,0.04036600419581411,0.12391243255733392
0.1,1,3,1,Egap,pooled,0.04006534899328962,0.011004730755831877,0.06725967485144034,0.019973776578750966,0.020566384961348327,0.011593985908863264,0.00012915146545728132,0.050945233425031614,0.0,0.008043213960478746,0.013638557504716682,0.005214417990529803,0.04994151665933777
0.1,1,3,2,Egap,context_0,0.037353076990494505,0.000884497094732144,0.06487192622744295,0.021360355979327512,0.025445848848214214,0.011351041240297746,9.434356694650926e-05,0.05309423866713421,0.0,0.008489707210843992,0.015409741907144496,0.007540735953088137,0.04972509866029481
0.1,1,3,2,Egap,context_1,0.0441495060352779,0.025268455115303665,0.06571156548069938,0.06067113242417305,0.05287435322987871,0.006549656020835751,0.022708937129399115,0.08186509365367477,0.0,0.031172173496063233,0.04899174587087801,0.035219509092159935,0.12253857741058716
0.1,1,3,2,Egap,pooled,0.03734556446697124,0.0032453341863680285,0.06492553678371453,0.01809643186447388,0.027777929126031164,0.009668008733952252,0.00012520160636437724,0.05459954305975967,0.0,0.008043213960478746,0.01302363167966485,0.008124441706669615,0.046516282048866535
0.1,1,3,3,Egap,context_0,0.037638773234607625,0.0024349212366634237,0.06358835785866897,0.018046258705412023,0.024785543405775767,0.01045313574687061,8.293352922941007e-05,0.052497691181173776,0.0,0.008489707210843992,0.012659179781613957,0.006292617528918831,0.050020469176084534
0.1,1,3,3,Egap,context_1,0.052003306994214515,0.017062797144267026,0.07414205111776827,0.06649682001526644,0.024866360757053063,0.0003681577030862082,0.024911917807802914,0.053898296223883396,0.0,0.031172173496063233,0.043140408698182656,0.029725812695270575,0.12528428832102972
0.1,1,3,3,Egap,pooled,0.03871417696076146,0.0005519234987644414,0.06425376366778615,0.018140543504614148,0.024378865507801106,0.00962801973724424,4.599280231057292e-05,0.05204884303544241,0.0,0.008043213960478746,0.012914763840201867,0.005657967398534072,0.04847345333524306
0.1,1,3,4,Egap,context_0,0.03833782256401347,0.002409142694406359,0.06498634809316026,0.017674315100921798,0.024348462809352017,0.014687924825790705,3.6420352387707346e-05,0.051837114702143514,0.0,0.008489707210843992,0.010493484095817405,0.0039791306820882045,0.050970117833379326
0.1,1,3,4,Egap,context_1,0.053529742778395895,0.0037173791512871406,0.07753599873452625,0.05959333666089719,0.026206319916634135,0.0526753753524586,0.014141253173121274,0.05329775628609558,0.0,0.031172173496063233,0.043973187875235985,0.02414176470774614,0.12139468260613365
0.1,1,3,4,Egap,pooled,0.03952060627926751,0.0017976397052558754,0.06615281295592956,0.016948252234719657,0.02353887803852006,0.01833426597059931,0.00016170505511943663,0.05180971540687678,0.0,0.008043213960478746,0.009933905742010085,0.0027058982651720553,0.04799166264465435
0.1,1,3,0,Ecal,context_0,0.04006601078799188,0.0027830123006531518,0.0648475516674435,0.015203567863453027,0.029302552769159718,0.012910690654998641,4.280273005403067e-05,0.056793277182057456,0.0,0.008489707210843992,0.0077326863288683404,0.005317825549398629,0.04808997052280631
0.1,1,3,0,Ecal,context_1,0.054790601779317216,0.03164803861704808,0.07563273474075687,0.07356406597035851,0.023933133720847932,0.02433847812772756,0.019312277663394176,0.05206930769215165,0.0,0.031172173496063233,0.052534595474010355,0.03445840216934369,0.12617753019781675
0.1,1,3,0,Ecal,pooled,0.040529347033644636,0.0056021338258663705,0.0655622599387391,0.014696547487456598,0.028183894948950683,0.01403416311816258,6.595232503001959e-05,0.05587814238307893,0.0,0.008043213960478746,0.007761805964937096,0.007253600931931038,0.046439436984991374
0.1,1,3,1,Ecal,context_0,0.039863342081173314,0.011441117902940888,0.0668608673049509,0.020724810821370704,0.02052495007291344,0.011372182337595751,9.808396071542464e-06,0.05091291711379843,0.0,0.008489707210843992,0.012995141128080579,0.005518322393282091,0.05195853732455611
0.1,1,3,1,Ecal,context_1,0.04679268645925372,0.0075032599236675886,0.07121758120881874,0.05180819878873105,0.02979209217952805,0.012194999404564491,0.0269797191125678,0.05206117517425377,0.0,0.031172173496063233,0.037399511532993895,0.04713225888711882,0.12629299337851427
0.1,1,3,1,Ecal,pooled,0.04008426897443795,0.011035148420902176,0.06726290814821087,0.01982052265827066,0.02054512781363238,0.011451448112629437,0.00014690264763279328,0.05094248931446781,0.0,0.008043213960478746,0.013698266310028923,0.0053960553101897405,0.0497935612065236
0.1,1,3,2,Ecal,context_0,0.03733053212621462,0.0009096640369072688,0.06488220971135077,0.021354888181736136,0.02546937493864848,0.011121574611620152,8.335816457003803e-05,0.0531171848302794,0.0,0.008489707210843992,0.01561264568566376,0.007086915564075896,0.04956876806439083
0.1,1,3,2,Ecal,context_1,0.044232936404984824,0.025373087814520814,0.06581738499826495,0.05957117524384552,0.05331517315493933,0.006390663655756995,0.022584150028779032,0.08256139181311024,0.0,0.031172173496063233,0.0472166379368846,0.03601466984490146,0.12035068522462114
0.1,1,3,2,Ecal,pooled,0.03738630513226626,0.003277858376148291,0.06494459265657289,0.018397626548035284,0.02784170056917895,0.00948024677881397,5.666320288719986e-05,0.0546597162498068,0.0,0.008043213960478746,0.013205204764728687,0.008248908245855634,0.04674155792683382
0.1,1,3,3,Ecal,context_0,0.037661318098887564,0.0024226172766929096,0.06358896335620448,0.018141610636183542,0.024762017315341445,0.010466923147771465,7.61013963753533e-05,0.05248689805092333,0.0,0.008489707210843992,0.012907173288693079,0.00605188852262136,0.05007685477654609
0.1,1,3,3,Ecal,context_1,0.052003306994214515,0.016933359356812342,0.0740757565414009,0.06885291144214789,0.024866360757053063,0.0009695331659380774,0.02678424985992091,0.053866121154594326,0.0,0.031172173496063233,0.04577075886963722,0.03252043656343168,0.12517396911545906
0.1,1,3,3,Ecal,pooled,0.03871417696076146,0.0005530748429822111,0.06424743130185795,0.018188126176381176,0.02431509406465332,0.009519916242670082,2.7336282278651175e-06,0.05203359809567126,0.0,0.008043213960478746,0.013057356168734617,0.005946547906855734,0.048596971575133825
0.1,1,3,4,Ecal,context_0,0.03833782256401347,0.002423618106744029,0.0649883239233079,0.017514636327781958,0.024277884538049133,0.014605603964044533,2.6316702878207104e-05,0.051830908567002974,0.0,0.008489707210843992,0.010290580317298133,0.0036235522470593035,0.050772988335566996
0.1,1,3,4,Ecal,context_1,0.05392734569327817,0.0036326979256385856,0.07755564722109523,0.06016785065903869,0.0264267298791645,0.05129982650883079,0.013717995916862458,0.0533001676563387,0.0,0.031172173496063233,0.04445732416516678,0.025313221380903528,0.1210685910055333
0.1,1,3,4,Ecal,pooled,0.03952060627926751,0.001819718637946091,0.06615482206146164,0.016999917503036827,0.023517620890804114,0.01812950458249188,0.000123032564101443,0.051807080844787,0.0,0.008043213960478746,0.009852424411419983,0.00266417520023328,0.04790070652806722
0.1,1,4,0,Ugap,context_0,0.03673106132527609,0.0016288800446624156,0.06519969102934371,0.01833622077236093,0.020831345208803975,0.021192287865467896,0.00013471011813710038,0.05088781831596934,0.0,0.014988894628592972,0.010680673091376583,0.011383842781624198,0.05025483047135979
0.1,1,4,0,Ugap,context_1,0.060037191646949595,0.025544989622541415,0.07626335741782263,0.07129385935231862,0.02585282055732796,0.007883223436114556,0.02284618010569618,0.05401028166301771,0.0,0.0650126944466833,0.05109352645407422,0.024773413021569272,0.13191871157725915
0.1,1,4,0,Ugap,pooled,0.038688781491237334,0.003868100242294628,0.06597067139845349,0.019230755919161225,0.021163706041569696,0.019998086838352996,2.6592310180323896e-05,0.05097000643399336,0.0,0.00936835264205375,0.010603749793892012,0.009846176226971643,0.04673592154274512
0.1,1,4,1,Ugap,context_0,0.037621629028777914,0.003965061515089708,0.06484123910725915,0.01709098893885656,0.02264061343375645,0.014605495037412902,8.171491699501755e-05,0.051265866680231996,0.0,0.014988894628592972,0.009826726556913773,0.004405844466678508,0.048585672920072535
0.1,1,4,1,Ugap,context_1,0.0404747773985672,0.03661831916662944,0.06881449606823098,0.05841535202992093,0.032959891209674186,0.012531175531371438,0.022981597533568682,0.05480019683689379,0.0,0.0650126944466833,0.03686075640347096,0.03242932093338276,0.1313857829940321
0.1,1,4,1,Ugap,pooled,0.03780654051252447,0.00015739694759202782,0.065200284349595,0.013997644927937054,0.02219142549540576,0.012058163011403847,6.181941787821842e-05,0.051082105814378345,0.0,0.00936835264205375,0.009040659214180752,0.002218204357658647,0.04702319015075331
0.1,1,4,2,Ugap,context_0,0.03728497443716061,0.008343535931541033,0.06721228273156322,0.015615997682344274,0.027408994163778955,0.007822670380347937,3.9990008984686694e-05,0.05272510174329152,0.0,0.014988894628592972,0.011503656286777674,0.005169048994648275,0.04501253815245181
0.1,1,4,2,Ugap,context_1,0.06362952492926127,0.01618796901458231,0.08281559384274481,0.05623930271651698,0.03544534034469593,0.013242441420910203,0.026457484807166323,0.06761780912558531,0.0,0.0650126944466833,0.036978120295347694,0.04481889196432985,0.12213022039084917
0.1,1,4,2,Ugap,pooled,0.03962103193012928,0.006128986062928489,0.0685620437515822,0.014416708697674354,0.024655536633077013,0.008525048868350538,0.00026253445252133554,0.05163514144420596,0.0,0.00936835264205375,0.010584160950440286,0.009437998902372449,0.043240564385084515
0.1,1,4,3,Ugap,context_0,0.03621254793459672,0.0017098509673386293,0.06620259124772329,0.019289351596071085,0.023610233714270068,0.02927249491674569,1.6972236432481204e-05,0.05193835818187154,0.0,0.014988894628592972,0.0136090015738375,0.004783601676467427,0.04770782855591254
0.1,1,4,3,Ugap,context_1,0.06159315991782577,0.02501524981324727,0.08513548723317392,0.05012480167230573,0.03408505267261419,7.019222796296465e-05,0.022044732815793458,0.06196693460323585,0.0,0.0650126944466833,0.03404489884836855,0.021719020334083194,0.12421570494475305
0.1,1,4,3,Ugap,pooled,0.03829650153215919,0.000663755089303451,0.06765299785951066,0.020117990691280646,0.024458534050962655,0.026696417173138642,0.00019049733239270058,0.052457096471414,0.0,0.00936835264205375,0.013892138434670341,0.005062586273686076,0.04635816382814364
0.1,1,4,4,Ugap,context_0,0.037433929273444855,0.007377883488327628,0.06770913270318415,0.01811317343409403,0.022955664224071637,0.016414110284010103,5.701176695549991e-05,0.05100001273799771,0.0,0.014988894628592972,0.01164242830144422,0.003968417471813332,0.04797935933255439
0.1,1,4,4,Ugap,context_1,0.04603906596581997,0.01581260270867897,0.07918002673000503,0.0543366293674582,0.038593658644474726,0.017364205679342118,0.01816180039202543,0.06381785552577109,0.0,0.0650126944466833,0.032588429911081754,0.022196428714061134,0.12341675227551742
0.1,1,4,4,Ugap,pooled,0.037685537359990195,0.008185915211656647,0.06854526951202945,0.01790723456698963,0.02167061185473021,0.016501053288724532,0.00010843754983803303,0.050951419212394065,0.0,0.00936835264205375,0.012284883106379041,0.003950427240722343,0.0473243435456242
0.1,1,4,0,Ucal,context_0,0.03676732957101986,0.001649273297877538,0.06520678658840214,0.018303415479048648,0.021042558275852385,0.02146566886207496,0.0001502398133197241,0.050922112222562106,0.0,0.014988894628592972,0.010935188497021934,0.011512271946469716,0.050110881027586034
0.1,1,4,0,Ucal,context_1,0.060037191646949595,0.02549551834369872,0.0762369043693738,0.06975740310157137,0.02417629214427708,0.005847373808369388,0.02364187034234652,0.0532710821029441,0.0,0.0650126944466833,0.04723237675227332,0.026750010933833453,0.13104778748900445
0.1,1,4,0,Ucal,pooled,0.038648018406287066,0.0038824284090520963,0.0659753261280601,0.01908529952744319,0.021142436686456545,0.020049876211144818,6.229722254833675e-05,0.050970018089976275,0.0,0.00936835264205375,0.010246949418706634,0.010036666753585857,0.046208977141744344
0.1,1,4,1,Ucal,context_0,0.037644116604392375,0.003971244765300268,0.06482531374395502,0.01708622327205473,0.02261714531519543,0.014974055410740317,0.00011183183694684696,0.05125380616312015,0.0,0.014988894628592972,0.009641933041609025,0.005088604277112396,0.04867136562022104
0.1,1,4,1,Ucal,context_1,0.04056478140662334,0.03642216565094125,0.06871683839348544,0.055993894579176556,0.03273287645371503,0.014641166101528436,0.023470473648407944,0.054570131216261863,0.0,0.0650126944466833,0.03511973355254604,0.03241772753505445,0.13107530640034634
0.1,1,4,1,Ucal,pooled,0.03779786876025992,0.00018118814563613,0.06517363282292539,0.01427079021475616,0.022170156140292607,0.012190839701955267,5.7681287680594155e-05,0.05107436057380938,0.0,0.00936835264205375,0.008901985567217724,0.002425559773456807,0.047188877689529514
0.1,1,4,2,Ucal,context_0,0.03735243716400405,0.008361407061336309,0.0672077113303971,0.016315376683621662,0.027197781096730544,0.00767515803738146,4.7805295965082676e-05,0.05266433212187582,0.0,0.014988894628592972,0.012268233857669734,0.005328031312710076,0.04527338969137921
0.1,1,4,2,Ucal,context_1,0.06351063177558552,0.01602157728726162,0.08283630215459363,0.05729129394466109,0.03521832558873672,0.013632081807429544,0.024438031610493828,0.06716208364626586,0.0,0.0650126944466833,0.03741337600807895,0.04522761337696425,0.1247540920288203
0.1,1,4,2,Ucal,pooled,0.03968625977096368,0.006160785746216313,0.06855877375252784,0.014499721351918418,0.02446411243705865,0.008421920190054347,0.00013376439075468878,0.05160027166668672,0.0,0.00936835264205375,0.010421108610639187,0.009185703646384564,0.043246558169822626
0.1,1,4,3,Ucal,context_0,0.036280010661440154,0.0016553549264706068,0.06616472613462926,0.01968401801576486,0.023610233714270068,0.028999394282478747,2.3108165605594867e-05,0.05196636682233886,0.0,0.014988894628592972,0.014521968849333811,0.0046035135968469625,0.047431165998311146
0.1,1,4,3,Ucal,context_1,0.06159315991782577,0.025070473549005226,0.08493414420286456,0.04906292140602561,0.03385803791665498,0.0003917960593176756,0.021045819283822903,0.06093577519496837,0.0,0.0650126944466833,0.03420067501615805,0.023110676788323598,0.12454023905101543
0.1,1,4,3,Ucal,pooled,0.03830057356854921,0.0007164025226613303,0.06760456015347405,0.020285334677173233,0.02441599534073635,0.026386909757361826,8.968095903681955e-05,0.05244705365132514,0.0,0.00936835264205375,0.014503584708924398,0.003972195041257643,0.04635194364335666
0.1,1,4,4,Ucal,context_0,0.037411441697830394,0.007359669286668826,0.06770838059749419,0.018223939240581747,0.022885259868388796,0.016335447301159378,0.00010551762178097974,0.05099457514784614,0.0,0.014988894628592972,0.011708034015583919,0.005438895060326067,0.04807867141257726
0.1,1,4,4,Ucal,context_1,0.0460149870436769,0.015940040318302102,0.07922689710991418,0.05651149000486885,0.03791261437659732,0.016744624866434923,0.01788225996522204,0.06286572738938964,0.0,0.0650126944466833,0.03866224070497301,0.021266968015705934,0.12509063817510288
0.1,1,4,4,Ucal,pooled,0.0377466819874156,0.008182014835293459,0.06854765844800417,0.018275985591656902,0.021649342499617058,0.016368162013676024,0.0002468596243715175,0.050941390529233174,0.0,0.00936835264205375,0.012366409276279586,0.0036775885573358874,0.047633553513424035
0.1,1,4,0,Egap,context_0,0.036920889374695565,0.0015919238766216057,0.0652615463436696,0.017664726759020394,0.021273469914506266,0.022583604751167302,0.00011451213173670563,0.05094521723020137,0.0,0.014988894628592972,0.010824607631653296,0.010916023116570608,0.04912924590431843
0.1,1,4,0,Egap,context_1,0.06001767270544345,0.025907358164519896,0.07606102451925015,0.06982359643109326,0.02553838068003189,0.00500628238465578,0.0240299509258525,0.0537721217829428,0.0,0.0650126944466833,0.04832609088847748,0.03070943766248203,0.1296444901519116
0.1,1,4,0,Egap,pooled,0.03861952806073621,0.003864518585667104,0.06601737714108769,0.019336174112797602,0.021312591527361757,0.02099148062311121,2.7466754281400656e-05,0.05101293621138065,0.0,0.00936835264205375,0.011733796832818484,0.00886065792878924,0.046180565422693776
0.1,1,4,1,Egap,context_0,0.03786882104884309,0.0039986489401389,0.0648852944665151,0.01708505954671407,0.023070466987368587,0.014196756478727049,9.795709607008957e-05,0.05141851199127747,0.0,0.014988894628592972,0.009654945156888493,0.004124530247829006,0.0475281235839184
0.1,1,4,1,Egap,context_1,0.040589485935865866,0.036828383491984015,0.06839469634364229,0.06131878176650115,0.034069329165418466,0.014065129213354607,0.024060724040024364,0.05496722502299798,0.0,0.0650126944466833,0.03709448321586514,0.03315015024224879,0.1318675418602077
0.1,1,4,1,Egap,pooled,0.03803167932988305,0.00017353285256826653,0.06519408700553626,0.014492868697629478,0.022659351307895204,0.011547967401415268,6.338444297701411e-05,0.051206538379735746,0.0,0.00936835264205375,0.008352114732375916,0.0019962206331200875,0.04641660426257095
0.1,1,4,2,Egap,context_0,0.037334518960512986,0.008410759516622745,0.06739178381240725,0.01706795076787396,0.026916163673999294,0.007475409710613265,3.801221667731674e-05,0.05252331428036053,0.0,0.014988894628592972,0.012821936427330916,0.005894593920408871,0.04537508994847838
0.1,1,4,2,Egap,context_1,0.06385817737295901,0.016158172024111524,0.08273808196770947,0.05539823372981746,0.032267133761267996,0.0180012614830153,0.024527032558615283,0.06272430834950726,0.0,0.0650126944466833,0.03512758839724047,0.04259186685316451,0.12422944253129803
0.1,1,4,2,Egap,pooled,0.039733001194984297,0.006196729614475038,0.06871619820610098,0.015310109229100635,0.024527920502398104,0.00861097113586895,0.0001053778797020094,0.051630645967562325,0.0,0.00936835264205375,0.01123635317154883,0.00915329273543202,0.04339520011187612
0.1,1,4,3,Egap,context_0,0.03627013910908061,0.0016646326837810481,0.0662713226875569,0.019268872562349822,0.02410306420404973,0.029963014875752148,1.7826046393805005e-05,0.05215663602793636,0.0,0.014988894628592972,0.01350514927440077,0.005348324227231517,0.0473628611281731
0.1,1,4,3,Egap,context_1,0.06137984179925715,0.025600632734407075,0.08530993350305811,0.05473302949283383,0.03279852474458572,0.0033217238582369246,0.021724885216524964,0.05931496720978129,0.0,0.0650126944466833,0.033739394048085306,0.023192307609648757,0.13205721557746722
0.1,1,4,3,Egap,pooled,0.03834624646955603,0.0007538866347910698,0.06771921213639984,0.01961481793105771,0.024628688891867867,0.0269817293236414,0.00018238774142824692,0.052562724741385396,0.0,0.00936835264205375,0.013980119705594986,0.005270969786753824,0.046183290515765175
0.1,1,4,4,Egap,context_0,0.037493703422405655,0.007448839078117132,0.06784996872207148,0.017736379135491247,0.0226036424456576,0.015814788515738504,5.936041400988882e-05,0.05101247783991157,0.0,0.014988894628592972,0.010913816795191163,0.004624673811592953,0.04750661402619378
0.1,1,4,4,Egap,context_1,0.04645695760594348,0.01572759217063323,0.07943123294525696,0.05488899881152651,0.03927470291235213,0.01623430585152842,0.020872114296067806,0.06396020703477942,0.0,0.0650126944466833,0.03170384927706928,0.026532036693443752,0.1258790554385477
0.1,1,4,4,Egap,pooled,0.03778940341027898,0.008242327279561245,0.06868080767803816,0.018008104757636673,0.021266494107580303,0.01585828004287275,9.670457362626842e-05,0.050967373605391234,0.0,0.00936835264205375,0.011877608307025217,0.004614167550266618,0.04681928012125433
0.1,1,4,0,Ecal,context_0,0.03687591422346659,0.0016012223840766488,0.06526052331888427,0.017663350620309225,0.02130070758002267,0.022609575121561698,0.00015727789745722187,0.05097498056775517,0.0,0.014988894628592972,0.011206896417099339,0.011538398805553228,0.04936770646086923
0.1,1,4,0,Ecal,context_1,0.05958241699271222,0.026181364355727446,0.076191263983465,0.06945116254383424,0.025311365924072682,0.0063349992737920385,0.025723387061225907,0.05364848169778499,0.0,0.0650126944466833,0.04723795160664939,0.032178144336612834,0.13084294751055098
0.1,1,4,0,Ecal,pooled,0.038639645328807204,0.003899017169527048,0.06602709711858719,0.019338991847695813,0.021440207658040666,0.021133154172550767,8.682420057063052e-05,0.051042189253125494,0.0,0.00936835264205375,0.011754178375293618,0.010049703101434845,0.046393191046544255
0.1,1,4,1,Ecal,context_0,0.037956230303575256,0.00398214128864231,0.06487131148825055,0.017080833590812132,0.023093935105929497,0.01408723797926821,0.00011606534832875369,0.051435533831413076,0.0,0.014988894628592972,0.009444437771467697,0.004522328286218784,0.04761319707074852
0.1,1,4,1,Ecal,context_1,0.04080711379223145,0.03655382473765943,0.06859660468411367,0.06296573473992179,0.033615299653500186,0.013453275460708639,0.028762282526253888,0.0547508685120602,0.0,0.0650126944466833,0.03880179279531401,0.037994800281489,0.1329741484340355
0.1,1,4,1,Ecal,pooled,0.03814619844533307,0.00018267211652884998,0.06519980775250735,0.01455511948569988,0.02274442872834781,0.011504713361746285,3.399140629323574e-05,0.051234125640657276,0.0,0.00936835264205375,0.008433640902276452,0.0028473144835607484,0.046507584461156846
0.1,1,4,2,Ecal,context_0,0.037357006536127446,0.008410536205277987,0.06736998747240794,0.01710513251186835,0.02693963179256026,0.007668400594303987,6.637928743777907e-05,0.05254255679835219,0.0,0.014988894628592972,0.012889399154174343,0.006516597443570029,0.04555282770877331
0.1,1,4,2,Ecal,context_1,0.063703040714649,0.01626500634923168,0.08276740026935558,0.0576518153448136,0.0329481780291454,0.016952869328735146,0.028580453523018932,0.06314878152459302,0.0,0.0650126944466833,0.037000433615231906,0.049391326933612006,0.1259703136781158
0.1,1,4,2,Ecal,pooled,0.03973111178202149,0.006185921575645278,0.0686934707575298,0.015022281552880533,0.02446411243705865,0.008682248331152928,4.513541062037534e-05,0.051613832172552304,0.0,0.00936835264205375,0.01103253774679749,0.009908444055979161,0.04358767642806299
0.1,1,4,3,Ecal,context_0,0.03633760183592405,0.0015754030022509437,0.06624345418857475,0.01900433127452095,0.02426734103397621,0.03071262436326691,2.0889614167223544e-05,0.05223696966394235,0.0,0.014988894628592972,0.013487441613133075,0.0050024258286739415,0.04724079559657749
0.1,1,4,3,Ecal,context_1,0.06159746965562274,0.02551858714283906,0.08508094547771684,0.053113986771412616,0.03279852474458572,0.0037773590488435344,0.026025297284085147,0.05926364189032701,0.0,0.0650126944466833,0.034887271856730975,0.030008353093278664,0.13127985611066367
0.1,1,4,3,Ecal,pooled,0.03839655423195265,0.0008281698321951094,0.067672425072685,0.019700016390021856,0.024777574377659928,0.027619243133257754,0.00012723972312734914,0.052641100801157685,0.0,0.00936835264205375,0.01410240896044582,0.004394890192294985,0.04625606528065629
0.1,1,4,4,Ecal,context_0,0.037471215846791195,0.00745956357057086,0.06785543363226025,0.018116260913086428,0.022580174327096636,0.015812480158785197,9.02245354218095e-05,0.05100369318317003,0.0,0.014988894628592972,0.011588444063625358,0.005867339464608622,0.04807679268168035
0.1,1,4,4,Ecal,context_1,0.04647964629008727,0.016005604687564318,0.07930586130947406,0.055256099587249786,0.039047688156393034,0.015430477170851123,0.022243567194249268,0.06355451889931082,0.0,0.0650126944466833,0.029967011042521363,0.028003115230900252,0.12449324495049889
0.1,1,4,4,Ecal,pooled,0.03774365549905595,0.008278732422813085,0.06868235561688067,0.018107568528593205,0.021287763462693454,0.015778966495845634,0.0001862264968864949,0.05096040887624567,0.0,0.00936835264205375,0.012422626576985394,0.0033747140427150407,0.04673359867216995
0.25,0,0,0,Ugap,context_0,0.02805101410845784,0.0013203102876755996,0.057964379516067165,0.017082630660517857,0.021422508748963412,0.014680506685268588,4.254893611578089e-06,0.0517018222293954,0.0,0.009540255200126618,0.0076295644642128384,0.0029559238023149485,0.05410587895604179
0.25,0,0,0,Ugap,context_1,0.03083609546257604,0.0055916564441957336,0.06069782131563882,0.027175283708022472,0.02540400163638168,0.0381443785256273,3.4600386349103616e-05,0.0514877903338874,0.0,0.0325186865383472,0.014811693306137092,0.0053260547722666085,0.0821942071035631
0.25,0,0,0,Ugap,pooled,0.02826791771142806,0.0023421410689972036,0.05861409120053946,0.014526366756134841,0.021038267069843117,0.020466952324187382,2.658912528629185e-06,0.051443373063254035,0.0,0.011237280152187418,0.0078780859553478,0.003333477973371652,0.04409790303660913
0.25,0,0,1,Ugap,context_0,0.0340949981777115,0.002597124674325869,0.06265332339345249,0.024086812364925585,0.019941786612167473,0.026000856892596166,2.545807171480147e-05,0.051517898845945265,0.0,0.009540255200126618,0.01681355268137498,0.00355947021034751,0.05482271510171605
0.25,0,0,1,Ugap,context_1,0.028695907607291127,0.004162823179979902,0.058901139031810164,0.03091183857189976,0.025773177050516516,0.033519081698568653,0.0002942759389603388,0.0520525241359161,0.0,0.0325186865383472,0.01903226322098504,0.014554458812277835,0.08813461897553637
0.25,0,0,1,Ugap,pooled,0.03177234565082987,0.003033101768455472,0.06165338783607685,0.017920117695915304,0.01923877800612983,0.027770194317170524,3.346154342177008e-05,0.05142436714297919,0.0,0.011237280152187418,0.012444017077170657,0.005005424826830625,0.048384102565713676
0.25,0,0,2,Ugap,context_0,0.03364290249396085,0.0033239256222162977,0.0639134455275556,0.016431414857609506,0.019848061973616327,0.023018845221148956,3.1534787209631885e-05,0.0513629953889075,0.0,0.009540255200126618,0.008440481232749236,0.0029939026118286916,0.0529122890298726
0.25,0,0,2,Ugap,context_1,0.029418020632426434,0.006157756366936185,0.061865344925099666,0.03399930778610517,0.025872479872332294,0.045389483644769524,4.915372033087548e-05,0.051785609794662985,0.0,0.0325186865383472,0.02452060752782225,0.005827396973179465,0.09356933433981418
0.25,0,0,2,Ugap,pooled,0.03205732594649563,0.003962817539286795,0.06336499041670766,0.015424237041623365,0.019858398102551356,0.028535504482993204,1.2249280796599823e-05,0.05128635428348169,0.0,0.011237280152187418,0.01001264287605472,0.0036198864736749757,0.04490378328429175
0.25,0,0,3,Ugap,context_0,0.02906592475700409,0.0006549049864798258,0.059190041440376505,0.0243358989432036,0.023756373665004715,0.033334299919129354,6.489777287697932e-05,0.05221095328636979,0.0,0.009540255200126618,0.01899083120778954,0.005991915992515483,0.052378283871108884
0.25,0,0,3,Ugap,context_1,0.034224683251865895,0.008486688317560073,0.06173727122830955,0.039284427359908274,0.025857507636921462,0.028898637449014372,1.4768698516488647e-06,0.05171009299523264,0.0,0.0325186865383472,0.027356888179597375,0.004758946770457408,0.09256169844201087
0.25,0,0,3,Ugap,pooled,0.029894293885625534,0.0016010201284822445,0.05973238859566021,0.019784328116765507,0.023905827033457172,0.032079838361744537,3.507892386048607e-05,0.05189493344728544,0.0,0.011237280152187418,0.01633266644288486,0.005267307257209891,0.046715703431423346
0.25,0,0,4,Ugap,context_0,0.03401890226486892,0.0007673821553137888,0.06252612790653543,0.019431179723544547,0.02201817335416606,0.03699786955233038,5.330224427757767e-05,0.051835951310940195,0.0,0.009540255200126618,0.011589324259530607,0.004544575027347876,0.05434990128047565
0.25,0,0,4,Ugap,context_1,0.030108648628280776,0.0032044287832259577,0.05722502277029921,0.037853805024769274,0.02176670273039305,0.028859954385664188,4.0039482398318517e-05,0.05118122637513646,0.0,0.0325186865383472,0.028037081885698454,0.008714896665914006,0.08924919123547134
0.25,0,0,4,Ugap,pooled,0.03300561275968106,0.0013081360722170883,0.06114239539680595,0.018886759435189984,0.021807904978608822,0.03485123090310342,5.790566311343842e-05,0.051365666817414335,0.0,0.011237280152187418,0.014797649374732423,0.0052371584052303905,0.04609796724588821
0.25,0,0,0,Ucal,context_0,0.02805101410845784,0.0013361616633862164,0.05796015040715087,0.01666669058993619,0.021422508748963412,0.014697910403402153,2.6051140017115468e-06,0.051717089788438655,0.0,0.009540255200126618,0.007723928285898264,0.0030596324975865428,0.053852667798488255
0.25,0,0,0,Ucal,context_1,0.03083609546257604,0.005600370499531963,0.0606351868994208,0.02762964497490014,0.025233962527386633,0.03795612388612063,3.6406517691993986e-05,0.05144715213695256,0.0,0.0325186865383472,0.014893133162802913,0.0060924089017680445,0.08268945948115786
0.25,0,0,0,Ucal,pooled,0.02825480437469491,0.002356222803700251,0.05859338119702329,0.01468162629138283,0.020995604953802163,0.02043343645969993,3.277109874126144e-06,0.05144181676909442,0.0,0.011237280152187418,0.008180964444430616,0.0037049637100081247,0.04406912157816951
0.25,0,0,1,Ucal,context_0,0.0340949981777115,0.0025897298730393334,0.0626593049465935,0.023890761338337254,0.019941786612167473,0.02575424624872112,2.35311473558831e-05,0.05151904834595664,0.0,0.009540255200126618,0.016595265688551155,0.00391534051432171,0.05477365154108453
0.25,0,0,1,Ucal,context_1,0.028695907607291127,0.004176079037329061,0.058886393873938965,0.031461129662344454,0.025773177050516516,0.033397235417234716,0.00034051706949389223,0.05205654351844477,0.0,0.0325186865383472,0.019695726859521746,0.015630723328871738,0.08862861949516727
0.25,0,0,1,Ucal,pooled,0.03177234565082987,0.00303101253895664,0.06165249435998098,0.017975724701953754,0.01930277118019119,0.02755475936486025,3.40819849075039e-05,0.05142831702252342,0.0,0.011237280152187418,0.012382702492474806,0.004928139338534432,0.04839362402447245
0.25,0,0,2,Ucal,context_0,0.03367018836806379,0.003323119192516861,0.06390905852529644,0.01657901189402415,0.019848061973616327,0.022867961837015616,2.8464916918076192e-05,0.051357345499527876,0.0,0.009540255200126618,0.008576910603264126,0.0028205479259460742,0.05284447045871407
0.25,0,0,2,Ucal,context_1,0.029336580775760568,0.006227647147115486,0.06183577623346291,0.033672137978105074,0.025957499426829844,0.0456387537823984,5.128544468851196e-05,0.05175497326205109,0.0,0.0325186865383472,0.024113408244493005,0.00465629681628701,0.09287780871152518
0.25,0,0,2,Ucal,pooled,0.03211864053119151,0.003979659317223172,0.06335595798892184,0.015325283681994659,0.019709080696407977,0.02848392001152643,1.2280718637502626e-05,0.05127198121297421,0.0,0.011237280152187418,0.00991045190156159,0.0033109774525625153,0.045026286684919585
0.25,0,0,3,Ucal,context_0,0.02906592475700409,0.0006411982035224672,0.05918943933524586,0.02436205436236935,0.023784849090712323,0.03274019695760645,5.984614117714403e-05,0.05220950546799867,0.0,0.009540255200126618,0.01905828839713327,0.006111679023962369,0.0523905162141143
0.25,0,0,3,Ucal,context_1,0.034224683251865895,0.008473329753835093,0.06172571065629288,0.039193375838999824,0.025857507636921462,0.028899346209193016,3.117257961811272e-06,0.05171171037564665,0.0,0.0325186865383472,0.02776408746292663,0.004669151852799821,0.09208553207982594
0.25,0,0,3,Ucal,pooled,0.029873855690726925,0.001607892634174492,0.05972744265767873,0.019839143209528,0.023927158091477663,0.03163498157711471,3.546579119847689e-05,0.051892681496399244,0.0,0.011237280152187418,0.016598362976566992,0.005334303152968736,0.046923786630429745
0.25,0,0,4,Ucal,context_0,0.03404618813897192,0.0007618478365227434,0.06253250398417107,0.01972827206550843,0.022075124205581276,0.036998425632686086,5.059576367965066e-05,0.05184127029567154,0.0,0.009540255200126618,0.011998612371075223,0.00424500053811406,0.05428764145733433
0.25,0,0,4,Ucal,context_1,0.030108648628280776,0.0032138256738382235,0.057238942999003575,0.03810017179467571,0.02176670273039305,0.028859954385664188,2.790806209981302e-05,0.05118122637513646,0.0,0.0325186865383472,0.028281401455696038,0.00851819704256995,0.08923678399146644
0.25,0,0,4,Ucal,pooled,0.03302605095457972,0.001306307961248123,0.061148373470547884,0.0193687362016903,0.021850567094649775,0.034851793378971166,5.426113841993849e-05,0.05136927840145901,0.0,0.011237280152187418,0.015247289662502219,0.004882987357244082,0.04621607599034069
0.25,0,0,0,Egap,context_0,0.0346178347401761,0.0020169779277393724,0.06448168733883432,0.01776485383912737,0.020996907015225386,0.014878742644471879,2.638808149695421e-05,0.05151092121527444,0.0,0.009540255200126618,0.010066373841797937,0.004201802556077378,0.053258931273493994
0.25,0,0,0,Egap,context_1,0.03948733333918697,0.006293665907322122,0.0686368357229664,0.02695560789716571,0.0211526426379004,0.03758036927467567,8.837625405500819e-05,0.0511820359225068,0.0,0.0325186865383472,0.01593180755690235,0.009827531452865601,0.08148419378826463
0.25,0,0,0,Egap,pooled,0.0351631219736348,0.0030457962113381214,0.06546693373785449,0.01682515588352163,0.020346920983959182,0.020453227234639146,2.5703271010703727e-05,0.05128838100508554,0.0,0.011237280152187418,0.012411146125461306,0.005531546377407385,0.04459300078686112
0.25,0,0,1,Egap,context_0,0.04015684545568787,0.001990826189780027,0.06925010885483662,0.024148013920273884,0.021011250369661894,0.022909228426137615,3.720582662807886e-05,0.05205856892130306,0.0,0.009540255200126618,0.017297378259149572,0.003982346208365848,0.05469039072214608
0.25,0,0,1,Egap,context_1,0.03464340978507563,0.003105776777081733,0.06681049768510834,0.03070715449253407,0.031554506756348855,0.025316944682192907,0.0003377050535018867,0.055747909239887455,0.0,0.0325186865383472,0.019880705244188494,0.01631767698734492,0.09038567019171113
0.25,0,0,1,Egap,pooled,0.0381810583084195,0.0023034593396742747,0.0685738701409477,0.017754782163252505,0.023632975958348235,0.023407828428871624,2.9728200879081297e-05,0.05256892889255437,0.0,0.011237280152187418,0.011610614521034315,0.005979408403395545,0.04741176195344116
0.25,0,0,2,Egap,context_0,0.04079423870787513,0.003929666816933157,0.07109720473379896,0.018403262757102485,0.021463467090013066,0.02225668581148446,2.787886479341374e-05,0.05202350061379029,0.0,0.009540255200126618,0.009965046500527746,0.00282013909068508,0.0537514911392165
0.25,0,0,2,Egap,context_1,0.0386655624085247,0.006001646187436005,0.06916599967366809,0.03752613139331684,0.02408706922788406,0.03379427692702153,4.4667536615471755e-05,0.05204124061990703,0.0,0.0325186865383472,0.02703135184779138,0.005825763395709673,0.09282708101722512
0.25,0,0,2,Egap,pooled,0.03902728266650429,0.004394365417159939,0.07059277432321058,0.016787576526182266,0.020874884574034636,0.02503542521527312,1.0231761536981347e-05,0.05183336346700801,0.0,0.011237280152187418,0.012363553850201306,0.003145504297074964,0.045146277912863034
0.25,0,0,3,Egap,context_0,0.035540932231243605,0.00025556974727327443,0.06547993132946955,0.02180531509724432,0.020018914527861975,0.03102400542097368,0.00011461301865172133,0.05137910127587806,0.0,0.009540255200126618,0.016539440555103063,0.0074575550483658905,0.0525932510479306
0.25,0,0,3,Egap,context_1,0.0424915471098255,0.010044943002454704,0.06989621045080179,0.03933271525492722,0.02350750436309669,0.0257065795384685,6.345491959232515e-06,0.05195210689296208,0.0,0.0325186865383472,0.02826130040436864,0.00642982605077539,0.09290016359607782
0.25,0,0,3,Egap,pooled,0.03673559833506296,0.0022763323561979854,0.06655627300353224,0.01861996862233118,0.01985630664948823,0.029563417006543427,5.430754337229244e-05,0.051328931706773405,0.0,0.011237280152187418,0.014388172393386488,0.006111088022571999,0.04581416807344079
0.25,0,0,4,Egap,context_0,0.04093367194528019,0.0007599394340519867,0.06955352617349563,0.019240339492824044,0.02053147219059903,0.034423105834458276,4.063683814904051e-05,0.051325839294204485,0.0,0.009540255200126618,0.01285929123318938,0.006891474933045301,0.054133026901553874
0.25,0,0,4,Egap,context_1,0.039081032575512875,0.0036611018500210357,0.06498747257078744,0.03835649061883678,0.022025930877164535,0.03308859868830899,5.8823937663069235e-05,0.05195312066875292,0.0,0.0325186865383472,0.029656744410312304,0.00886996474415614,0.0885884652448954
0.25,0,0,4,Egap,pooled,0.03991614121596071,0.001434402657620106,0.06838091591049225,0.019269950421424088,0.020709548970307412,0.03398938432414382,5.792099885722904e-05,0.05123411187336839,0.0,0.011237280152187418,0.016318956337809873,0.006619726330791749,0.04574879064660415
0.25,0,0,0,Ecal,context_0,0.0346178347401761,0.0020048591625316096,0.06450603610288963,0.017685925848192664,0.021025382440932994,0.015142362240855828,1.4243084841694846e-05,0.05151588471178684,0.0,0.009540255200126618,0.010175517338209872,0.00410706457257375,0.05319661963166689
0.25,0,0,0,Ecal,context_1,0.039324453625855293,0.00632166292354486,0.06858977490893409,0.028138323725205902,0.02106762308340282,0.03767207667887862,9.03489284441064e-05,0.05118278964703327,0.0,0.0325186865383472,0.017071965550224277,0.01205100230871799,0.08219292760700628
0.25,0,0,0,Ecal,pooled,0.0351631219736348,0.0030437348747645422,0.06547340914367043,0.01737244711345351,0.020304258867918312,0.02067290860765321,2.0681124736616714e-05,0.051296083370380545,0.0,0.011237280152187418,0.01301517120518588,0.006086082405298466,0.04475877831698761
0.25,0,0,1,Ecal,context_0,0.04015684545568787,0.0019982638472483796,0.06926677540497694,0.023925829460781554,0.02092582409253907,0.022864841906321973,2.3363447636813386e-05,0.05203097757657905,0.0,0.009540255200126618,0.017242806510943655,0.003149420947736543,0.0547622941225564
0.25,0,0,1,Ecal,context_1,0.03464340978507563,0.003045787481864288,0.06681218128043591,0.030074409208428163,0.031554506756348855,0.025249416164006805,0.00035017334962584006,0.05578116686198576,0.0,0.0325186865383472,0.019310626247527506,0.015514862923330763,0.08987714947143331
0.25,0,0,1,Ecal,pooled,0.03817211936125603,0.002294289719221687,0.06858901401012153,0.01753460829846897,0.023568982784286763,0.023358576705712952,3.3090627059124186e-05,0.05254092025898143,0.0,0.011237280152187418,0.011679902538504277,0.005682609872332203,0.04751308587538784
0.25,0,0,2,Ecal,context_0,0.040739666959669185,0.003962923843761742,0.07112481455126693,0.018069358471425098,0.021378040812890242,0.022540259031159568,2.597891114983397e-05,0.051972845491583874,0.0,0.009540255200126618,0.009528472514880069,0.0026732455350022273,0.0536114066131512
0.25,0,0,2,Ecal,context_1,0.0386655624085247,0.005876951722700201,0.06919519269217496,0.03584416030976401,0.024172088782381612,0.03479123887083757,1.070334128898989e-05,0.052067505144929395,0.0,0.0325186865383472,0.02510136642325382,0.005748187067803486,0.09183737550234491
0.25,0,0,2,Ecal,pooled,0.03898640627670702,0.004387990742586337,0.0706207900606628,0.016341882254297703,0.020789560341952673,0.025499616014976814,1.1046682963524943e-05,0.05179579388061566,0.0,0.011237280152187418,0.011682968199245181,0.0030199622739100467,0.04473558086950518
0.25,0,0,3,Ecal,context_0,0.035513646357140605,0.00024601066776788874,0.06548571330417731,0.021967521725021342,0.020018914527861975,0.03087673183968577,0.00010680544873712548,0.051377304621721055,0.0,0.009540255200126618,0.016976014540750674,0.007190225484362682,0.05288269645461887
0.25,0,0,3,Ecal,context_1,0.0424915471098255,0.010102761887500027,0.06991305124563217,0.040102439810976206,0.02350750436309669,0.025396452054400553,4.210305665527871e-06,0.051986755239848595,0.0,0.0325186865383472,0.028179860547702825,0.007431166146609065,0.09295745238266476
0.25,0,0,3,Ecal,pooled,0.03671516014016435,0.0022973248561587844,0.06656515077913447,0.01873732150260929,0.01985630664948823,0.029374964681147378,5.001759764592284e-05,0.05132771696122131,0.0,0.011237280152187418,0.01455167795257552,0.005718881203193603,0.04599751497236782
0.25,0,0,4,Ecal,context_0,0.04087910019707419,0.0007489722699601572,0.06956168394984212,0.01878053501967013,0.020502996764891424,0.0341725567223433,2.5375799711079794e-05,0.051326290091671105,0.0,0.009540255200126618,0.01225900200292392,0.005875826912673371,0.05376630664814801
0.25,0,0,4,Ecal,context_1,0.03899959271884701,0.0037163392637454386,0.06499217215224515,0.03737625335263807,0.02185589176816949,0.03245605189115221,4.7252092324670926e-05,0.05184820553075169,0.0,0.0325186865383472,0.028190826990326965,0.009554279223656767,0.08890622282537178
0.25,0,0,4,Ecal,pooled,0.03997745580065659,0.0014400404974190656,0.06838885510477687,0.01883463467234665,0.020709548970307412,0.033646545229934724,4.487096468137124e-05,0.051224158400493686,0.0,0.011237280152187418,0.016073697999026366,0.005709035427890876,0.045564769236064846
0.25,0,1,0,Ugap,context_0,0.04644657129559926,0.002527109893455202,0.07458196450248704,0.01848272251807532,0.023447724694533045,0.014069818306118365,0.0002149845595863339,0.05252962648383917,0.0,0.021184808967247067,0.012963069836262822,0.009084859647261138,0.05338400047501252
0.25,0,1,0,Ugap,context_1,0.049991243839072386,0.01462422482244355,0.07963158862881653,0.03400163089340481,0.029751889278603394,0.028840040715205337,0.00030231745142863696,0.053713741051100335,0.0,0.015478671400638062,0.02105221201114773,0.008785661528832313,0.08962009537696153
0.25,0,1,0,Ugap,pooled,0.046873660746130086,0.005436215573202371,0.07575841107969263,0.01664620318873699,0.024042344988401743,0.017585643454558528,0.00013788003067115523,0.05262803569424387,0.0,0.014722275239418995,0.010867302546444527,0.0063353852454811985,0.04602457397384504
0.25,0,1,1,Ugap,context_0,0.04674169017249452,0.0013882240030687605,0.07382792037830824,0.021068697351049152,0.023753297226340342,0.01872148812361725,6.084401698603903e-05,0.05210343467395377,0.0,0.021184808967247067,0.013882510813198298,0.006870125309181378,0.05341570381539004
0.25,0,1,1,Ugap,context_1,0.045175323313638605,0.003794499692687818,0.07830292583996282,0.0322563739320806,0.031081322939863654,0.031999281935679386,0.00019871481155058586,0.05534087277321221,0.0,0.015478671400638062,0.018079065838753253,0.010768184413314558,0.09214709021899328
0.25,0,1,1,Ugap,pooled,0.046008583950245374,0.00014480770234920012,0.07487889488209219,0.01800262929488681,0.02452879832060706,0.02189836277173686,7.635245317309043e-05,0.05248420473715202,0.0,0.014722275239418995,0.013888168184664963,0.004206586707839442,0.04811564437170703
0.25,0,1,2,Ugap,context_0,0.04311042853691094,0.004597878394996539,0.07488621743849937,0.018756180363927313,0.02018292512716116,0.012102059806804427,6.704630924492026e-05,0.05138430960966173,0.0,0.021184808967247067,0.010370313610841144,0.006212480619149836,0.05185029277777527
0.25,0,1,2,Ugap,context_1,0.039259626841341655,0.0070850775046307594,0.07247447151405978,0.035401752884136085,0.023814335664370606,0.02933944549238625,5.268154825369543e-05,0.05147597382679315,0.0,0.015478671400638062,0.020842811170534943,0.009023507105190441,0.09215168911774595
0.25,0,1,2,Ugap,pooled,0.041564713275113685,0.00181826964694704,0.07430471187878893,0.017434115222325238,0.01955851427416133,0.01618890134467499,6.114777962772859e-05,0.05119372618341583,0.0,0.014722275239418995,0.008540195314106267,0.005085920271870248,0.04695734871683155
0.25,0,1,3,Ugap,context_0,0.045431607020855524,0.010732955445560275,0.0714931030793651,0.020078612301852036,0.021505543977444586,0.03028654311760208,5.386955749599224e-05,0.05164684136167094,0.0,0.021184808967247067,0.01233885996639527,0.005868419603022354,0.052653991443758014
0.25,0,1,3,Ugap,context_1,0.04281848067535027,0.01611970026438937,0.06965695041907535,0.03256080567683928,0.021461812308911754,0.038953973349314275,2.8459578079799463e-05,0.05188814251717492,0.0,0.015478671400638062,0.02320926904465003,0.010320367596120768,0.09704712990633811
0.25,0,1,3,Ugap,pooled,0.04458334403079689,0.004324491513252662,0.07099013521074266,0.016918361109557866,0.021250421237314798,0.03234644319449283,2.3621418425524843e-05,0.05149879128270889,0.0,0.014722275239418995,0.012663042955514672,0.0058078799135347445,0.044506613570589486
0.25,0,1,4,Ugap,context_0,0.04545912932888452,0.004738722019907651,0.07315223860366186,0.021023759760142216,0.024621802287469685,0.018864203662409595,2.7736464834947423e-05,0.05331282688192338,0.0,0.021184808967247067,0.013707445237290505,0.00481018241226859,0.054695157892241844
0.25,0,1,4,Ugap,context_1,0.040542615184068764,0.0015157968070616695,0.06921878647159063,0.03894191229996692,0.02343555172373213,0.04071243763512303,3.289642106936322e-06,0.05158522370223921,0.0,0.015478671400638062,0.030533101329751906,0.008149811152723835,0.09258249901736279
0.25,0,1,4,Ugap,pooled,0.04291652594537243,0.0039306964669805315,0.07197657126095634,0.019695700121566812,0.022202177756846964,0.02407863140999976,2.2120154596225075e-05,0.051995008908639964,0.0,0.014722275239418995,0.012610253258681427,0.003172686731881229,0.047650623061276653
0.25,0,1,0,Ucal,context_0,0.0465530845831319,0.002561572481041334,0.0745628583726714,0.018267887012031903,0.023392166052386254,0.013938658628617609,0.00018320923977694275,0.052494742416094635,0.0,0.021184808967247067,0.012616901651781793,0.009054728579176042,0.053473887608514986
0.25,0,1,0,Ucal,context_1,0.049991243839072386,0.014670643255089835,0.07965998876355616,0.03447161064146414,0.02984051818935407,0.02889838070011584,0.00033265473812505017,0.05375454468324843,0.0,0.015478671400638062,0.022156245981423704,0.009059212929955665,0.08955173650849055
0.25,0,1,0,Ucal,pooled,0.046954748949823655,0.005473579181232515,0.0757500385491655,0.01645581179954893,0.024021194843523164,0.01750045396289167,0.00012632428640669126,0.05260184107179232,0.0,0.014722275239418995,0.010634541376848685,0.006243610908086809,0.04564536537024972
0.25,0,1,1,Ucal,context_0,0.04679494681626084,0.0013925757154033419,0.07382630641483603,0.020577423542542727,0.023781076547413793,0.01861132540557499,4.013463473957143e-05,0.05211370165093837,0.0,0.021184808967247067,0.013616227594366787,0.006865007834000297,0.05291159764481214
0.25,0,1,1,Ucal,context_1,0.045175323313638605,0.00351427147950948,0.07827846334813886,0.03126403963156331,0.030992694029112977,0.03207399678810814,0.00022512242427627483,0.055228619618012675,0.0,0.015478671400638062,0.01595592358822249,0.01218953380331235,0.09170545758929839
0.25,0,1,1,Ucal,pooled,0.04604912805209216,0.00021463767299815856,0.07487173496512936,0.0176973642142944,0.02452879832060706,0.021830956572453278,5.911987909350063e-05,0.052481972723401785,0.0,0.014722275239418995,0.01362463152266084,0.0035619100464889188,0.04792259140538536
0.25,0,1,2,Ucal,context_0,0.04319031350256042,0.004561191386373167,0.07486678286410599,0.018887872096607056,0.020127366485014397,0.012278448837350867,5.300943271308374e-05,0.05138724836093515,0.0,0.021184808967247067,0.010556711864023226,0.00546121062196203,0.05136827771548758
0.25,0,1,2,Ucal,context_1,0.039344552531362875,0.007121356834687613,0.07252936606958096,0.03602984301346193,0.023814335664370606,0.02872520113231955,8.902171593818948e-05,0.05149039523039825,0.0,0.015478671400638062,0.02211669652085339,0.009296224832156582,0.09190572613700705
0.25,0,1,2,Ucal,pooled,0.041584985326037105,0.0017814205757146478,0.07430473445831581,0.01746643724235499,0.019600814563918267,0.01617941773136196,5.866441857035822e-05,0.05119994871762819,0.0,0.014722275239418995,0.008925364281650717,0.00521847400386586,0.04689311260390122
0.25,0,1,3,Ucal,context_0,0.04549524152871032,0.010747867761741093,0.07149191658867775,0.02025777081025139,0.021505543977444586,0.030270692615763442,2.620633170804093e-05,0.05164107217230742,0.0,0.021184808967247067,0.01316433794477304,0.005023583393836752,0.05266504220327612
0.25,0,1,3,Ucal,context_1,0.04273355498532905,0.016082119135496706,0.06968402474860456,0.0330503432001292,0.021364395117980883,0.03859654073274846,7.625529357933208e-05,0.05177873426863324,0.0,0.015478671400638062,0.024568080084989723,0.011511972588922448,0.09695210887200978
0.25,0,1,3,Ucal,pooled,0.044563071979873525,0.0043430732575449865,0.07099622265782944,0.017379519939117797,0.02118697080267934,0.03224768229172466,1.1021206101032022e-05,0.05147735668448267,0.0,0.014722275239418995,0.013453652941526947,0.004911581936190758,0.04453142625712991
0.25,0,1,4,Ucal,context_0,0.04551238597265084,0.004753027383413918,0.07316402356220164,0.02114324689490135,0.024538464324249498,0.01887353992633481,1.0697511426699041e-05,0.05332088229111756,0.0,0.021184808967247067,0.013467790340342099,0.003946791308405689,0.05423715287774193
0.25,0,1,4,Ucal,context_1,0.040372763804026324,0.0016065407425818828,0.06916390100643408,0.03767748437127108,0.02343555172373213,0.0412658759313948,2.6712222363489192e-05,0.05156799235885325,0.0,0.015478671400638062,0.028325033389199904,0.009603714017148423,0.0917168375908838
0.25,0,1,4,Ucal,pooled,0.042977342098142635,0.003963531122979392,0.0719771951918511,0.019847110266019312,0.02211757717733298,0.024213028664929012,1.3074046270623418e-05,0.05199672099383591,0.0,0.014722275239418995,0.012427804800370855,0.0034433591504497963,0.047732867130143526
0.25,0,1,0,Egap,context_0,0.03504281719658331,0.0021473851147140225,0.06486687840595534,0.02164916622462545,0.021735261755117863,0.013512343417679318,0.0001078933304322625,0.05143279516483219,0.0,0.021184808967247067,0.01641220224881688,0.0072779427072133685,0.05436909158560947
0.25,0,1,0,Egap,context_1,0.039639754144502715,0.013993974748535167,0.06836422919279272,0.03543622293653803,0.022661576418548435,0.02202883416882373,0.0002707592980301099,0.05109652206917191,0.0,0.015478671400638062,0.021774699337125034,0.0074199603851489325,0.08897487990217914
0.25,0,1,0,Egap,pooled,0.03546092111527055,0.0049914505740942,0.06566891165809,0.01895712785793415,0.021350568896703392,0.015543518109145879,8.148043448505176e-05,0.05120309068212005,0.0,0.014722275239418995,0.014863662728772145,0.005472381513265854,0.048113431747558555
0.25,0,1,1,Egap,context_0,0.03547878494007084,0.0020048336306415174,0.06434064973623854,0.021366761190755888,0.021235233975796852,0.01659829673554193,2.9420539327671268e-05,0.05146114435298561,0.0,0.021184808967247067,0.015798711217149892,0.006642323103480623,0.05331174432196458
0.25,0,1,1,Egap,context_1,0.03416807667003363,0.003487386915917742,0.0677666526214952,0.03358032961274648,0.025586330473321095,0.024352851288298713,0.000313336913357901,0.05195321631422451,0.0,0.015478671400638062,0.018814540669726276,0.011707241992019992,0.09051015514708821
0.25,0,1,1,Egap,pooled,0.034363341187131524,0.0006883673529224177,0.06514210031347717,0.020780816217281742,0.020864115564498076,0.018450373476945864,3.776144563918325e-05,0.05121217747581922,0.0,0.014722275239418995,0.016506917891634613,0.0035080007160781545,0.047931704555778484
0.25,0,1,2,Egap,context_0,0.03281400243123711,0.005155737677468393,0.06530182478614349,0.0217777341068229,0.02465954569706713,0.010794132404063336,9.511097735994164e-05,0.05269091653303318,0.0,0.021184808967247067,0.014588130179952826,0.00733043529081584,0.05355267264160761
0.25,0,1,2,Egap,context_1,0.02791477977001333,0.006058493829685841,0.06221146691579963,0.04047093898018723,0.022699139866311113,0.0265594831958766,3.942921294845946e-05,0.05175368052028601,0.0,0.015478671400638062,0.02840095213245336,0.009481852861822694,0.09062069643316209
0.25,0,1,2,Egap,pooled,0.03130494982929383,0.0024898678968327623,0.06456531257361095,0.019455901178349187,0.023193600867378594,0.014532479120758973,9.018958651995474e-05,0.05216388704296071,0.0,0.014722275239418995,0.014723382191787409,0.006800626283186985,0.04671078565456498
0.25,0,1,3,Egap,context_0,0.034581166734670654,0.010358489633576592,0.06157966569274961,0.021766267949892292,0.0213581923297681,0.026497807074855897,2.4108977458441708e-05,0.05168794634073255,0.0,0.021184808967247067,0.015902363492000537,0.008170705524165179,0.05191976380017538
0.25,0,1,3,Egap,context_1,0.03143228061975051,0.017176774119200437,0.0597281993131813,0.030626364156019374,0.022959715511493256,0.03705141544132168,8.377904004488838e-06,0.051254389280102654,0.0,0.015478671400638062,0.020726681318962797,0.009594806100730637,0.09355779796423316
0.25,0,1,3,Egap,pooled,0.03355377354720451,0.00381615561989462,0.06111244126279559,0.020526006094332885,0.020984375300918567,0.02901386606828761,2.5155397056961758e-05,0.05139426821531848,0.0,0.014722275239418995,0.0165652570588569,0.007205347309984114,0.04509968483207286
0.25,0,1,4,Egap,context_0,0.03429309972501249,0.0037932042349017245,0.06433178137317835,0.024849283216900154,0.0223025516787006,0.01647446718078728,3.342221020909634e-05,0.05164106998955097,0.0,0.021184808967247067,0.01771656830122545,0.004633459817046659,0.054414384738636266
0.25,0,1,4,Egap,context_1,0.02948144424897381,0.0011963195097856906,0.059698443551007854,0.03581803936629034,0.025826575230712745,0.03860654227266763,0.00010979524955367527,0.05414202867336774,0.0,0.015478671400638062,0.025377680807252945,0.01077050918940185,0.09154094861639037
0.25,0,1,4,Egap,pooled,0.03209639815874177,0.003145855796257915,0.06293766680682007,0.020235464372590627,0.021350568896703392,0.021763224169076528,3.125754404196483e-05,0.051237168812522285,0.0,0.014722275239418995,0.014524143642639773,0.0037325695420264322,0.04678422599376978
0.25,0,1,0,Ecal,context_0,0.035049158843873496,0.002184791260455322,0.06488019781445716,0.022106218261864395,0.021763041076191314,0.012788264262411878,7.918581469996851e-05,0.05142697927117668,0.0,0.021184808967247067,0.017123181034671718,0.006796664076020812,0.05422087206895493
0.25,0,1,0,Ecal,context_1,0.039639754144502715,0.013971506795792111,0.06836522876972002,0.03515700594708759,0.023016092061551197,0.021832067314723827,0.00023261819272929105,0.051123470722780784,0.0,0.015478671400638062,0.021180219506976412,0.006165748503127155,0.0889846414000447
0.25,0,1,0,Ecal,pooled,0.035440649064347185,0.005014473982589161,0.06567750295855158,0.01989673276999552,0.02137171904158186,0.014943114524580997,7.65340373469303e-05,0.05120308536526051,0.0,0.014722275239418995,0.015775905020324762,0.005763851871896779,0.04804740516625998
0.25,0,1,1,Ecal,context_0,0.03547878494007084,0.0020141239497045776,0.06433562831981822,0.022468009483331913,0.0212074546547234,0.016477275864273888,6.847380635046781e-06,0.05145872170150253,0.0,0.021184808967247067,0.016917100736242398,0.006208605071307747,0.05359475851946992
0.25,0,1,1,Ecal,context_1,0.034194894747317295,0.003454657849944034,0.06775038324990083,0.03362767540728595,0.025586330473321095,0.024894254148194794,0.00022924304094283686,0.05199264589588128,0.0,0.015478671400638062,0.017965283769513944,0.011392093658036766,0.09083171140899898
0.25,0,1,1,Ecal,pooled,0.034363341187131524,0.000703191601887407,0.0651357252564328,0.021354042684119532,0.020842965419619608,0.018489220577590615,1.8783165178211677e-05,0.0512038232820681,0.0,0.014722275239418995,0.01705426326656619,0.002845315571262549,0.04837362290466101
0.25,0,1,2,Ecal,context_0,0.03286725907500343,0.0051502662460287275,0.06528620260983752,0.0218042237380783,0.024576207733846944,0.010797185105739696,8.114485740335312e-05,0.05267941688271903,0.0,0.021184808967247067,0.01457240617590664,0.0065966948139044405,0.05346347038016392
0.25,0,1,2,Ecal,context_1,0.02791477977001333,0.0059213694231883135,0.06218794958592849,0.040303287457965305,0.02278776877706179,0.02617190213546418,8.649934714564456e-05,0.05179159408577917,0.0,0.015478671400638062,0.028485877822474574,0.010981739153591345,0.09054905947755694
0.25,0,1,2,Ecal,pooled,0.03132522188021725,0.0025196795604796934,0.064548049723462,0.01936105456538712,0.02316426129646143,0.014443391015749693,8.193777993824552e-05,0.052162709551952485,0.0,0.014722275239418995,0.014611518495685597,0.007010044855769698,0.04641093086913918
0.25,0,1,3,Ecal,context_0,0.034554538412787494,0.010275922404585887,0.06156075158062918,0.021995574998175036,0.021469309614061682,0.026378871770716725,8.28760181463793e-06,0.05173552377725737,0.0,0.021184808967247067,0.015795850204467922,0.008125082211862004,0.05210340209035617
0.25,0,1,3,Ecal,context_1,0.03134735492972929,0.017197908052103646,0.059724441540189625,0.030033050587120465,0.02304834442224396,0.03642884637667612,2.796516583468975e-05,0.05124091278274876,0.0,0.015478671400638062,0.02038697855887786,0.010412008547987697,0.09316138328904251
0.25,0,1,3,Ecal,pooled,0.03355377354720451,0.003748318365577784,0.06109658026924706,0.020225514572663875,0.02119587674970347,0.02877229671843197,1.1337659862927147e-05,0.05144223829167951,0.0,0.014722275239418995,0.01615981604038903,0.0066347650843916976,0.04483151202656193
0.25,0,1,4,Ecal,context_0,0.03426647140312933,0.0037611750574634327,0.06431876218669205,0.025030189589166484,0.022219213715480413,0.016228737892776818,3.051624061897966e-05,0.05163063881085413,0.0,0.021184808967247067,0.01785428007747817,0.004335834042494333,0.05459041061689011
0.25,0,1,4,Ecal,context_1,0.02935173994682272,0.0011380853959041576,0.05968138555511773,0.036956962729139474,0.02573794631996207,0.039112011049673295,0.00015380786019229684,0.05400406078346849,0.0,0.015478671400638062,0.026736491847592688,0.012424397015886941,0.09161565338350236
0.25,0,1,4,Ecal,pooled,0.0320761261078184,0.0031080059402068894,0.06292957546774254,0.02045795323405251,0.02137171904158186,0.021687708109846923,3.048100045408773e-05,0.051238960900759516,0.0,0.014722275239418995,0.014883140780637903,0.003826284404587798,0.04665861747462043
0.25,0,2,0,Ugap,context_0,0.03165969501697774,0.0012856114705109146,0.059484735042531475,0.019021105077311164,0.020511385617918654,0.019297992359776098,3.4037483512153736e-05,0.051431141381214296,0.0,0.03450850011989069,0.012729766971720017,0.007028074947444232,0.05522171152709546
0.25,0,2,0,Ugap,context_1,0.02773982321463586,0.006319021867701522,0.05450723083679309,0.03681490808314499,0.02424024444810885,0.03640114967423547,7.875245453817627e-05,0.0513770140521883,0.0,0.025891493508174424,0.02745157222299049,0.004472849806059762,0.09453900038609508
0.25,0,2,0,Ugap,pooled,0.029688022095019306,0.0024568701168011338,0.058312645104867354,0.017606649548397066,0.0205288903202393,0.023317875959154646,3.8406753330668785e-05,0.05121306545125805,0.0,0.021296401696702435,0.011912627112282116,0.004291356988997066,0.0481622071730419
0.25,0,2,1,Ugap,context_0,0.03367551118514317,0.0015055628515338406,0.06294242372972908,0.023924257557555517,0.02154596350790222,0.024973819208817263,7.249884716599576e-05,0.05185012744550431,0.0,0.03450850011989069,0.01668803048215434,0.0052866325879971175,0.05601949961891442
0.25,0,2,1,Ugap,context_1,0.03444296696118804,0.010323501808330108,0.06846709848492727,0.03927111043368559,0.025389187956651377,0.017540675026616062,1.4511511737750845e-05,0.05201655524186882,0.0,0.025891493508174424,0.025600568592394072,0.009996424194000899,0.09099658749585533
0.25,0,2,1,Ugap,pooled,0.03337393528726729,0.003639378051890905,0.06420419058530308,0.017613489374852676,0.021689423743601832,0.023453260015950425,5.552863190987751e-05,0.05133836625267518,0.0,0.021296401696702435,0.010990888983751076,0.005396601048207969,0.04699951350645322
0.25,0,2,2,Ugap,context_0,0.03450530138524244,0.007828644751380098,0.06386570818640397,0.017901378576048083,0.02373666190338597,0.0184905607227214,5.099398033858687e-05,0.052099526326231965,0.0,0.03450850011989069,0.010458312315664279,0.008430398837044589,0.052534548124514524
0.25,0,2,2,Ugap,context_1,0.03221588653953267,0.004716447562426784,0.05806298330433715,0.03727323612505163,0.028121758369912153,0.013517284746023275,0.0002009096671555543,0.05210163094900195,0.0,0.025891493508174424,0.025929326006716547,0.014308799258906718,0.09556934109320804
0.25,0,2,2,Ugap,pooled,0.033438996738119176,0.007122695346439042,0.06249015465482413,0.016020741293045933,0.024438155610375212,0.017295930938545687,6.049358506867277e-05,0.051767473289751974,0.0,0.021296401696702435,0.006929575145429154,0.009274128334007384,0.04625558823656134
0.25,0,2,3,Ugap,context_0,0.03156012192939023,0.010643018870840222,0.06277263884380815,0.019163255694749994,0.020428601876645414,0.02337478061878924,4.1281139954062594e-05,0.05144085424325086,0.0,0.03450850011989069,0.008198608528806968,0.0048450830342862475,0.050621455518976316
0.25,0,2,3,Ugap,context_1,0.04101051651560661,0.005988427437457937,0.06890462298284437,0.03233595822755396,0.023278429249374066,0.04289938557904005,0.00018986938149489997,0.05215079438065704,0.0,0.025891493508174424,0.01999169406779508,0.014118506732036892,0.09098179719445372
0.25,0,2,3,Ugap,pooled,0.03333717203349662,0.0067547514290762466,0.06414851404151312,0.016430358322536115,0.020486689104844302,0.027973037213381666,6.546244040739075e-07,0.05140505413264624,0.0,0.021296401696702435,0.009793776651525714,0.0038184731906255225,0.04528936685331713
0.25,0,2,4,Ugap,context_0,0.033880169443852526,0.005347494859786074,0.06301434640821316,0.02258816545047572,0.022222249604231803,0.014700333959473247,3.5388372373742905e-05,0.05168066615744337,0.0,0.03450850011989069,0.015048557493654843,0.005904659142596827,0.05158327313808167
0.25,0,2,4,Ugap,context_1,0.02851706556483896,0.003963731860908521,0.05723852921499357,0.03338839736016888,0.03170823734417916,0.03706141522330744,0.0004763455135602928,0.0573225477331054,0.0,0.025891493508174424,0.024664050774382044,0.01804232383021426,0.08858685180679472
0.25,0,2,4,Ugap,pooled,0.031653927338679555,0.003173210555149429,0.06153561935200504,0.023313787445247196,0.022216938936039377,0.02003970255980933,3.601168431203799e-05,0.05184606216771601,0.0,0.021296401696702435,0.017744742936668438,0.008022912490213524,0.049345139728952145
0.25,0,2,0,Ucal,context_0,0.03171260786950958,0.0012719115817768929,0.05948794796766534,0.019271600149715597,0.020511385617918654,0.019072791770389272,5.132205978511818e-05,0.05142166447610674,0.0,0.03450850011989069,0.012905695279842592,0.006123692374953013,0.0554793406303562
0.25,0,2,0,Ucal,context_1,0.028083406791340915,0.006363646888976341,0.0544964628056733,0.03671085919090504,0.02406092049939551,0.03620051581278541,4.928178994828081e-05,0.05136386766577172,0.0,0.025891493508174424,0.026507701768246572,0.004147735477025705,0.09481095025225303
0.25,0,2,0,Ucal,pooled,0.029688022095019306,0.002456751204179073,0.05830981966627352,0.017606775275848675,0.020507789712541746,0.023097770937530848,4.6943857304997095e-05,0.051210058551896594,0.0,0.021296401696702435,0.011872174037848491,0.004263173675123328,0.04827273226136495
0.25,0,2,1,Ucal,context_0,0.03364905475887725,0.0015197546367898837,0.06295133543540815,0.02422268706009761,0.02154596350790222,0.024973819208817263,7.352969613656577e-05,0.05185012744550431,0.0,0.03450850011989069,0.016979051171079725,0.005509605072138367,0.05622730284819622
0.25,0,2,1,Ucal,context_1,0.03444296696118804,0.010318646914682292,0.068459519184331,0.03830874947842588,0.025568511905364744,0.01802834122385026,3.73208606898708e-05,0.052091368029257665,0.0,0.025891493508174424,0.025171089121512794,0.010994484559187029,0.09086903212070081
0.25,0,2,1,Ucal,pooled,0.033333482212833665,0.003649327427226362,0.0642116077840859,0.01763870830018762,0.021689423743601832,0.023568920040747926,5.835441736969148e-05,0.051331699764518075,0.0,0.021296401696702435,0.011132474744268879,0.005293877220702554,0.04681147824474928
0.25,0,2,2,Ucal,context_0,0.03447884495897646,0.007825083444810125,0.06387785207296617,0.018065552768267493,0.023709067322961574,0.01825094489581433,4.4919642947981715e-05,0.052099389149705515,0.0,0.03450850011989069,0.010643507299525849,0.00890779234608808,0.052581095679068
0.25,0,2,2,Ucal,context_1,0.03221588653953267,0.004701457005806796,0.05806598410577476,0.037312048374707994,0.028121758369912153,0.013517284746023275,0.00022255171385319062,0.05210163094900195,0.0,0.025891493508174424,0.026101117795069063,0.01454391026546379,0.09561736705173875
0.25,0,2,2,Ucal,pooled,0.0334321051454865,0.007116463761414228,0.06249969889449183,0.01620646809903318,0.024438155610375212,0.01711355387702329,6.456387442256811e-05,0.0517665357047847,0.0,0.021296401696702435,0.006889122070995486,0.009501890332386336,0.04638910845213796
0.25,0,2,3,Ucal,context_0,0.03156012192939023,0.010609762999910493,0.06276641435264059,0.018844413443709674,0.020428601876645414,0.023297982154213484,4.268753788677652e-05,0.051444122511417084,0.0,0.03450850011989069,0.00817215210254104,0.004734574758063258,0.05072910490760594
0.25,0,2,3,Ucal,context_1,0.041182308303959136,0.006060163928953845,0.0688890334304536,0.03247283391038981,0.022740457403233938,0.04311495067032664,0.00020553377427922313,0.0519689132681859,0.0,0.025891493508174424,0.020421173538676354,0.015283355163846999,0.09107833022523573
0.25,0,2,3,Ucal,pooled,0.03336293718391331,0.006712413999161211,0.064140481337833,0.01640017893138992,0.020486689104844302,0.02796399147174923,4.00632849765066e-06,0.05138981455659015,0.0,0.021296401696702435,0.009793776651525731,0.004324967196129492,0.04538031786723038
0.25,0,2,4,Ucal,context_0,0.033880169443852526,0.0053550785163510575,0.0630057086165842,0.022572153445070648,0.022194655023807353,0.014943516973380117,4.8251757336157826e-05,0.05167386849712684,0.0,0.03450850011989069,0.015233752477516443,0.006258517411758302,0.051565379921311875
0.25,0,2,4,Ucal,context_1,0.02834527377648649,0.003920143718471478,0.05724965148322013,0.03329390296957676,0.03134958944675248,0.03555529010083919,0.0004578037439951421,0.05685079814783241,0.0,0.025891493508174424,0.02423457130350075,0.018681492627064603,0.08894528665285546
0.25,0,2,4,Ucal,pooled,0.031653927338679555,0.003189062165133168,0.06153153810270822,0.02360895209941907,0.022174737720644377,0.01987552293302379,4.881350457960681e-05,0.05180474556613139,0.0,0.021296401696702435,0.018048140994920872,0.00823060942884077,0.049305120011326434
0.25,0,2,0,Egap,context_0,0.031484938795335704,0.0015699239393705496,0.059383860350502804,0.019643783266887455,0.020456196457069864,0.019578186827522798,3.1130471892827245e-05,0.051480668381932895,0.0,0.03450850011989069,0.01380548168444574,0.005858019047396674,0.05495673380831345
0.25,0,2,0,Egap,context_1,0.02785327746480737,0.007384218473369347,0.054495942692202474,0.03536557979926733,0.024688554319892198,0.03510398929709063,8.356094063369755e-05,0.05150587490663615,0.0,0.025891493508174424,0.028773673882022552,0.006671761131378157,0.09309011536346748
0.25,0,2,0,Egap,pooled,0.029476356362744094,0.00292585520492087,0.0582298499321733,0.017890984105545283,0.0205288903202393,0.023243223277648592,3.810658313450443e-05,0.05122616097413212,0.0,0.021296401696702435,0.012903727435906707,0.004233664282410815,0.047617633991417496
0.25,0,2,1,Egap,context_0,0.033244953047430637,0.0012049165563074535,0.06273229088692614,0.024293737851791897,0.021559979674046104,0.024740631734038246,4.7839121993588815e-05,0.051606766579506615,0.0,0.03450850011989069,0.01695740736424822,0.00480276451290916,0.055505300117633494
0.25,0,2,1,Egap,context_1,0.03427743549183804,0.00964707656409012,0.06858342986339792,0.039158006191655235,0.025389187956651377,0.016509323433865436,1.876541490659759e-05,0.0518656111727245,0.0,0.025891493508174424,0.02571322411221016,0.008981933226370148,0.0918525679098632
0.25,0,2,1,Egap,pooled,0.03314966742291536,0.0032487746238641837,0.06406985959262912,0.01749084191724134,0.021837127997484385,0.023001662272233173,4.6098423302318495e-05,0.051288235544627185,0.0,0.021296401696702435,0.010477080069939068,0.0053328352077464565,0.04608660487476832
0.25,0,2,2,Egap,context_0,0.03431465751858814,0.008284409660825701,0.06376127365204505,0.01762929292642327,0.023239959455746695,0.017653590875738367,2.2350874867900145e-05,0.052031033957461864,0.0,0.03450850011989069,0.009849814511547643,0.008029806121200045,0.05259922101195092
0.25,0,2,2,Egap,context_1,0.03172117022718357,0.005115486748594695,0.057930333373854566,0.036495065027527904,0.029018378113478904,0.010305134607144967,0.00011256874064719197,0.05219204534635986,0.0,0.025891493508174424,0.02440203699554944,0.011546376667692065,0.09357325356938469
0.25,0,2,2,Egap,pooled,0.033364753932849156,0.007564343320056557,0.06238131970398613,0.015261819839318914,0.024374853787282713,0.01587891309056469,3.217835302382448e-05,0.051759118092239015,0.0,0.021296401696702435,0.006355950071770781,0.008722461585949916,0.045949615297360795
0.25,0,2,3,Egap,context_0,0.03181257888769229,0.011081556070034379,0.06266568895393736,0.019129521480943202,0.020621763939616344,0.023648248842561212,3.909642116477418e-05,0.05138284551327585,0.0,0.03450850011989069,0.008448309551740528,0.004859045724920679,0.05054739787761181
0.25,0,2,3,Egap,context_1,0.04084164333114776,0.006217813594927386,0.06881923442881653,0.03195245078968715,0.021809727969388515,0.044647394385535194,0.00012185199009448781,0.05121188022745412,0.0,0.025891493508174424,0.019753339977330735,0.01612252035623309,0.09112402857662498
0.25,0,2,3,Egap,pooled,0.03360193376625126,0.007034967594750509,0.06404079981327533,0.016826261939285075,0.0206554939664243,0.028588041257309058,4.019922349118865e-06,0.05123802745280207,0.0,0.021296401696702435,0.009247660146671317,0.003057867064945433,0.04583741759823627
0.25,0,2,4,Egap,context_0,0.03342103520786355,0.004996814379515391,0.06289052951786027,0.022023223173500504,0.022249844184656142,0.01651482570358183,2.5641966727230718e-05,0.051743756453961565,0.0,0.03450850011989069,0.015246876313667071,0.004191029208949924,0.05160806727286035
0.25,0,2,4,Egap,context_1,0.029132286541795005,0.004347058567697855,0.05723022301478249,0.03432347652370102,0.03170823734417916,0.04016182104348939,0.0004641513926925394,0.057558164293772196,0.0,0.025891493508174424,0.02612329659418356,0.0188387748087234,0.08841864917725567
0.25,0,2,4,Egap,pooled,0.03133113365843487,0.0028133697096747656,0.06145736486274885,0.022567982516496627,0.022293759847415384,0.022135500329107882,3.216434748122793e-05,0.052098350787574035,0.0,0.021296401696702435,0.017270555196108525,0.006733829591352897,0.04840649880259893
0.25,0,2,0,Ecal,context_0,0.0315378516478676,0.0015805534429698133,0.05936472223234471,0.019958821453353832,0.020511385617918654,0.019792832701290924,3.0407646532113893e-05,0.051478042276442953,0.0,0.03450850011989069,0.01409650237337111,0.005662005960680215,0.055146960044512416
0.25,0,2,0,Ecal,context_1,0.027932805103446534,0.007390068514765615,0.0544945924927811,0.0363858225962138,0.024688554319892198,0.03512086653398874,9.068286832036171e-05,0.05151287027511646,0.0,0.025891493508174424,0.029985123323319304,0.006567443483334471,0.09288457028045086
0.25,0,2,0,Ecal,pooled,0.029496582899960877,0.002935247125867922,0.05821449354275748,0.018089938751777467,0.0205710915356343,0.023412957384549335,4.1886841899649264e-05,0.05122483611046501,0.0,0.021296401696702435,0.013227352031375955,0.004277543541258349,0.04745264870670312
0.25,0,2,1,Ecal,context_0,0.03316558376863282,0.0012405744377153335,0.06272264864674844,0.024362858342548768,0.021532385093621653,0.02458101648149398,3.9018550700980665e-05,0.05160909984252236,0.0,0.03450850011989069,0.016930950937982303,0.004654304777948124,0.055639933833304664
0.25,0,2,1,Ecal,context_1,0.03430495067321965,0.009433177650786533,0.06856155982216448,0.0391100874333742,0.025209864007938038,0.016687746515971907,1.0619195689910471e-05,0.05187697301200216,0.0,0.025891493508174424,0.025541432323857652,0.008980985940999643,0.09181878848884201
0.25,0,2,1,Ecal,pooled,0.03308898781126485,0.0032241908316002236,0.06405389248535659,0.017552333567511277,0.02181602738978683,0.022923720592662428,4.309621408012549e-05,0.0512859564678336,0.0,0.021296401696702435,0.010327601354255249,0.005579729608554137,0.046229347097287224
0.25,0,2,2,Ecal,context_0,0.03431465751858814,0.00826709846363212,0.06375004239139238,0.017639732618323724,0.02326755403617109,0.017767542069753783,2.4255183985729406e-05,0.05203512834315456,0.0,0.03450850011989069,0.009770673776845717,0.008016512118524185,0.052780862079098205
0.25,0,2,2,Ecal,context_1,0.03172117022718357,0.005077002063821532,0.057954405191209375,0.036642335134817405,0.029108040087835574,0.01036095447032688,0.00010432843472987178,0.05220999174060077,0.0,0.025891493508174424,0.024831516466430774,0.011510788647297933,0.09388140055813687
0.25,0,2,2,Ecal,pooled,0.033364753932849156,0.007542055177259189,0.06237800607577263,0.015231904017059051,0.024395954394980213,0.015978327732112094,3.861434828070502e-05,0.05176450979133171,0.0,0.021296401696702435,0.0064037172213926635,0.008547890716256628,0.04616333007189628
0.25,0,2,3,Ecal,context_0,0.03186549174022418,0.011069117399045326,0.06266476859805122,0.019128592853267797,0.020621763939616344,0.02360287652522715,3.295594298371111e-05,0.05138088610245408,0.0,0.03450850011989069,0.008607048109336164,0.004478964953330102,0.05065412725172919
0.25,0,2,3,Ecal,context_1,0.04075574743697147,0.006287020464086366,0.06879653236877739,0.03171257293277084,0.021809727969388515,0.04445966687778469,0.00014275764731401215,0.05125718377326163,0.0,0.025891493508174424,0.020171408397781844,0.015676077656320862,0.09122464473064855
0.25,0,2,3,Ecal,pooled,0.033682839915118556,0.0070093439398707874,0.06403575271177538,0.016906655855522163,0.0206554939664243,0.028509286630018768,5.418727869179684e-06,0.05124085898777607,0.0,0.021296401696702435,0.009308339758321798,0.002685220371101109,0.04599204283878973
0.25,0,2,4,Ecal,context_0,0.03341279293741106,0.005013357283465381,0.06290234628799835,0.022284830318685847,0.022249844184656142,0.01642156731773227,2.5695833226718217e-05,0.051734648846650404,0.0,0.03450850011989069,0.015314652405924792,0.004180175952912228,0.05169615718724805
0.25,0,2,4,Ecal,context_1,0.029132286541795005,0.0043783474509237275,0.057217346754612125,0.03414483680592925,0.0318875612928925,0.040237731657849635,0.00043641865317219173,0.0576156637691066,0.0,0.025891493508174424,0.02603740070000729,0.01850712127912043,0.08811719549648647
0.25,0,2,4,Ecal,pooled,0.03131310654469743,0.0028190587478871387,0.061465930610544076,0.022788765843543005,0.02223803954373693,0.022083467299174583,4.0036351785062256e-05,0.05207864411092629,0.0,0.021296401696702435,0.017371687882192663,0.006704299003693639,0.04818115500725915
0.25,0,3,0,Ugap,context_0,0.03917878912381145,0.0023341922905709914,0.06799393126189715,0.020042506034447953,0.02624984710744871,0.017056618168183726,3.516276434977572e-05,0.05478005913929667,0.0,0.011580311002647338,0.01086609197792364,0.0054939805604827426,0.05341166260737234
0.25,0,3,0,Ugap,context_1,0.0349766457958639,0.008891786091794363,0.06740000030541068,0.03954556152782178,0.03227728376648897,0.04465529352330319,5.302572892405496e-05,0.0528888588861962,0.0,0.03324614655988978,0.024856935221947596,0.00479425701492922,0.09542000069016986
0.25,0,3,0,Ugap,pooled,0.037769528709963474,0.0039040175923848357,0.06767461528097,0.016520033205901813,0.022856372228311272,0.02371270964636274,4.3646832915847453e-05,0.052501803733575526,0.0,0.008043213960478746,0.007458576130092153,0.0047624852710327755,0.04494244372249061
0.25,0,3,1,Ugap,context_0,0.04085919968296153,0.009738301606697643,0.07166574173088297,0.022621549105942967,0.022665902175079522,0.015108963933468639,9.57565170227117e-07,0.051509399936503844,0.0,0.011580311002647338,0.01558731673211981,0.010864168037204396,0.05386251904524151
0.25,0,3,1,Ugap,context_1,0.029144673334783988,0.007526344831124895,0.06403505386738984,0.03813656553054444,0.0329474685839799,0.027315881546160492,4.877274921987005e-05,0.060209790550889104,0.0,0.03324614655988978,0.027212567968590114,0.009673691695104814,0.0921957057750458
0.25,0,3,1,Ugap,pooled,0.03765167613845344,0.009150112115377694,0.0698017463537342,0.020103019372385175,0.024882888644233603,0.0181634717999766,6.920390761303138e-06,0.0519369785692403,0.0,0.008043213960478746,0.014045285216914167,0.010535465518750021,0.04678214807424673
0.25,0,3,2,Ugap,context_0,0.037388242993851406,0.0019113105520217194,0.066081863851981,0.024163555270211776,0.021968187110018828,0.018785967685147342,1.3809505007222417e-06,0.0515104243117697,0.0,0.011580311002647338,0.017055951815576554,0.0030522553302036,0.056687225456879604
0.25,0,3,2,Ugap,context_1,0.03455689458329142,0.015012703079340758,0.06640849842346476,0.03176247397119074,0.02429401595983388,0.02994215623530337,0.00014730017698747736,0.05351269941894143,0.0,0.03324614655988978,0.02233378501085291,0.008071700622079292,0.08729999730384337
0.25,0,3,2,Ugap,pooled,0.03586619650465522,0.0021434948510456095,0.06612417333134937,0.022867033640521926,0.02027719808558326,0.021484104204140708,1.241636650513387e-05,0.0512532711132385,0.0,0.008043213960478746,0.017890615737844413,0.0031303357664688707,0.04627377470138536
0.25,0,3,3,Ugap,context_0,0.03586273819620017,0.005946291876166242,0.06531388463651085,0.017547581756074623,0.019893649432735805,0.01638053489521911,6.839650645287097e-05,0.051475652781184614,0.0,0.011580311002647338,0.012136073053794025,0.004998788988528341,0.05251720039858348
0.25,0,3,3,Ugap,context_1,0.040756940740297065,0.01378024922121754,0.07134895800596172,0.04070656236362913,0.028750501039116805,0.027147832999610905,2.5911852214093554e-05,0.054575158379799864,0.0,0.03324614655988978,0.027953831668033252,0.010198963909231197,0.09494241759150496
0.25,0,3,3,Ugap,pooled,0.03694626724621547,0.001311889628072998,0.06652329353359916,0.01830973416913609,0.02025457255231955,0.01907472873279381,4.64636785574811e-05,0.0512810432195857,0.0,0.008043213960478746,0.01354199512507208,0.005191195033311278,0.048350429618960716
0.25,0,3,4,Ugap,context_0,0.039423504278575494,0.0003438623044217426,0.07107962591974024,0.022028568335847695,0.02468220533422183,0.0206795572955112,8.052533628610471e-05,0.05377961897219131,0.0,0.011580311002647338,0.017904882698613754,0.009978680038756496,0.051419357799767904
0.25,0,3,4,Ugap,context_1,0.033384153448764164,0.0006533521037201204,0.06266920872290277,0.041112373472112516,0.025340386759070105,0.049373299733501796,2.2596555741052514e-05,0.051653614061892936,0.0,0.03324614655988978,0.029967778502053698,0.009699081372875661,0.08952708353191953
0.25,0,3,4,Ugap,pooled,0.03716049452672676,0.00044302677371442837,0.06905154110758857,0.019990162026302542,0.023540144646675643,0.02743445455364972,3.270572761489765e-05,0.052840454942853284,0.0,0.008043213960478746,0.0161324933204111,0.009431427708678289,0.046073304297378395
0.25,0,3,0,Ucal,context_0,0.03922462484203293,0.002387201526904912,0.06800616107622556,0.020452183323100122,0.02622199660892477,0.017102612641048606,3.122404471201348e-05,0.054766114675087754,0.0,0.011580311002647338,0.011175879455165995,0.005174067293962936,0.05332901997717009
0.25,0,3,0,Ucal,context_1,0.0349766457958639,0.008952191134212846,0.06740531480889696,0.03918734943595038,0.03227728376648897,0.04465529352330319,3.344259522997453e-08,0.0528888588861962,0.0,0.03324614655988978,0.02451290838785452,0.005564815989720892,0.09502486715853642
0.25,0,3,0,Ucal,pooled,0.037789899042610986,0.0039586432669581305,0.0676825110175857,0.016627074107364342,0.022835115080595325,0.02374793660303373,3.2455486218312276e-05,0.05249551234379734,0.0,0.008043213960478746,0.007315983801559432,0.004323835799337919,0.044864971435893165
0.25,0,3,1,Ucal,context_0,0.04085919968296153,0.009763373761689904,0.07166778733451876,0.022889105564614112,0.022749453670651287,0.015330230879993967,3.1854115989995166e-07,0.051513924356304676,0.0,0.011580311002647338,0.015958855211886815,0.0110139681395842,0.05390533407853766
0.25,0,3,1,Ucal,context_1,0.029058666626260776,0.007517127613105188,0.06398394474713334,0.037259967029060245,0.03267809622158424,0.026985760424304783,7.974507977480828e-06,0.05970881848922764,0.0,0.03324614655988978,0.026408983449339396,0.010708448509320016,0.09069691788662325
0.25,0,3,1,Ucal,pooled,0.03765167613845344,0.009165843963229385,0.0697922382787951,0.020221190134436205,0.024840374348801764,0.01824823016439188,6.066473652372904e-06,0.05193116564842834,0.0,0.008043213960478746,0.014248988543389525,0.010905447763304344,0.04683989700703925
0.25,0,3,2,Ucal,context_0,0.03733485841131884,0.0019073319391775027,0.06607465811633874,0.023994664286513593,0.02199603760854274,0.0189068007194675,8.713242255174332e-06,0.05150802636059337,0.0,0.011580311002647338,0.016784345992064926,0.0032676613674026255,0.05692007949654008
0.25,0,3,2,Ucal,context_1,0.03447088787476821,0.014982597739436717,0.06638328540388452,0.032397979173357454,0.024024643597438278,0.03022059989915389,0.0001456269644997425,0.05328071480348034,0.0,0.03324614655988978,0.022900019978889376,0.008744798110857238,0.08729490846420766
0.25,0,3,2,Ucal,pooled,0.03582545583936014,0.002139243299428563,0.0661132649406349,0.022638800332249916,0.020383483824162857,0.0216376692669039,3.05644051639978e-05,0.05124887899326408,0.0,0.008043213960478746,0.01772765307666414,0.003915184839140752,0.0461829245675097
0.25,0,3,3,Ucal,context_0,0.03583604590493389,0.005996763009852715,0.06527823139144281,0.01799419794750223,0.019920922069648586,0.016606341568235122,5.400647851606752e-05,0.05147449337602205,0.0,0.011580311002647338,0.01254538440945121,0.004654925047971847,0.05265699216234059
0.25,0,3,3,Ucal,context_1,0.040780488292009864,0.013761425463486408,0.0714014255965258,0.03981250788534363,0.029019873401512464,0.027416615818119203,9.364969896344215e-06,0.054727974741331946,0.0,0.03324614655988978,0.02692175116575408,0.010624717416068548,0.09454996147519684
0.25,0,3,3,Ucal,pooled,0.036905526580920445,0.0013543598719497698,0.0665086360122061,0.018069984157027392,0.02025457255231955,0.019313794333600684,3.497074820836966e-05,0.051284228609529046,0.0,0.008043213960478746,0.01335866213124429,0.004746589178610278,0.04808467024079361
0.25,0,3,4,Ucal,context_0,0.03943287611171187,0.00032905431144903124,0.0710747607538539,0.022457058362247536,0.02459822231254405,0.02097462655147611,6.419428514174159e-05,0.05370320509876077,0.0,0.011580311002647338,0.018171805611276595,0.009569441696295297,0.051462239798654615
0.25,0,3,4,Ucal,context_1,0.03331545831924476,0.0006792012609853951,0.0626318487038212,0.04076067870693183,0.025250595971604894,0.049334095559907504,7.033089301545608e-05,0.05163739885631778,0.0,0.03324614655988978,0.030225798627623462,0.01131254211023523,0.08965681272824423
0.25,0,3,4,Ucal,pooled,0.03716049452672676,0.00043782046498096406,0.06903820673828852,0.02059072008361133,0.023433858908096017,0.02765069689426093,2.8173660948511243e-05,0.05277772033839765,0.0,0.008043213960478746,0.01672323296718956,0.0095181411392901,0.04632093597947483
0.25,0,3,0,Egap,context_0,0.03945295131168575,0.0025819006402227683,0.06806647483326668,0.020438369590476773,0.02644480059711618,0.017308906098303295,1.994503088836443e-05,0.05486098420065694,0.0,0.011580311002647338,0.011022614816467848,0.006084367968879338,0.05424270061904971
0.25,0,3,0,Egap,context_1,0.03514419784456685,0.009176879151624767,0.06720907108792637,0.03844787690942058,0.03209770219155855,0.0417442558705137,2.674069148299969e-05,0.05340120322722345,0.0,0.03324614655988978,0.02474417759548804,0.006231768524247618,0.09653523493607193
0.25,0,3,0,Egap,pooled,0.038136731271819324,0.004160349460018042,0.06768442006244697,0.016828801339575174,0.022622543603436185,0.023246193522481154,2.0951083409239147e-05,0.052430300888892965,0.0,0.008043213960478746,0.008029839734556975,0.005141775769372861,0.045352848106816675
0.25,0,3,1,Egap,context_0,0.04110064762072124,0.009935461397990992,0.07165293891229413,0.022804192874305455,0.022721603172127347,0.015689690470801196,4.847399786503872e-07,0.05150886058667993,0.0,0.011580311002647338,0.016234091944451964,0.01056944299013909,0.05450986392110623
0.25,0,3,1,Egap,context_1,0.029416094857509956,0.0075602554488782,0.0639875605802046,0.03760197000024288,0.03429433039595797,0.029521312669133132,0.00010199447654726324,0.0615127650888055,0.0,0.03324614655988978,0.02770013457380413,0.007700235842841482,0.08994749608266983
0.25,0,3,1,Egap,pooled,0.03785759340756384,0.009308777677896696,0.06978191473227514,0.019694296590045804,0.025286774450836103,0.0191413791627352,1.5093142183891816e-05,0.05198338265946436,0.0,0.008043213960478746,0.014758246859577825,0.009833616097680232,0.046167920634429385
0.25,0,3,2,Egap,context_0,0.037438570759738776,0.0018804266989165433,0.06612971608410892,0.024203621782329144,0.02182893461739921,0.016749329596334628,1.5662768009236028e-05,0.051523528703522725,0.0,0.011580311002647338,0.017051268904727756,0.002225210766974154,0.057156383775005405
0.25,0,3,2,Egap,context_1,0.0342312989933195,0.014861087364742098,0.06639668069898857,0.03333217952331107,0.02512786627524488,0.02977650854046915,0.0001713266699694795,0.05437790445866074,0.0,0.03324614655988978,0.023481895674316515,0.0076232150207683,0.08862906121862438
0.25,0,3,2,Egap,pooled,0.03582007805763965,0.002131224898669472,0.06615101900943415,0.02273434191467952,0.020128398051571822,0.019926122945408478,2.5188230292605342e-05,0.05123581514898151,0.0,0.008043213960478746,0.017273922184418488,0.003265078884187633,0.04621354783715867
0.25,0,3,3,Egap,context_0,0.035969863539016045,0.005837209437419763,0.06536124852006726,0.019481496630096903,0.020394958406166452,0.015200059383602138,4.17946913308799e-05,0.051483772126610414,0.0,0.011580311002647338,0.01459237701705263,0.003916861070294509,0.0530899758077823
0.25,0,3,3,Egap,context_1,0.04148585353919981,0.013883705466687489,0.07118869863497379,0.04240250959946843,0.028211756314325598,0.027374878006959133,0.0001303416839223998,0.054082228315360206,0.0,0.03324614655988978,0.030663533650573265,0.011723810156754902,0.09539688347739307
0.25,0,3,3,Egap,pooled,0.03696591010687872,0.0012024495094378538,0.06653274618317179,0.019555151024371102,0.020275829700035497,0.01820129117526678,3.5915562020548235e-05,0.05124572216907905,0.0,0.008043213960478746,0.015242676548253526,0.0052613947406865876,0.04892874606841334
0.25,0,3,4,Egap,context_0,0.03977106763742749,0.0004686780189011139,0.07100505203017628,0.023796161217519176,0.02515523228302252,0.022480825871014604,0.00010457682640772267,0.054167186049428745,0.0,0.011580311002647338,0.01926214986630021,0.009386799764404012,0.05181947188840056
0.25,0,3,4,Egap,context_1,0.03388176245578267,0.0008613452281891819,0.06256031356284371,0.04392347324141515,0.025250595971604894,0.052129658628075365,4.4577669954435316e-05,0.051861172497788106,0.0,0.03324614655988978,0.0328059998833214,0.015857850150065828,0.09068543040649028
0.25,0,3,4,Egap,pooled,0.037420412037507955,0.0005868090023114019,0.0689719535023559,0.021320626695247,0.023972810207280593,0.029453246152104914,4.1822358070658146e-05,0.05319360233450856,0.0,0.008043213960478746,0.017212120950730308,0.009653058753985096,0.047137844892259424
0.25,0,3,0,Ecal,context_0,0.03942625902041946,0.002641476396966226,0.06804340419309665,0.02007161692641838,0.0263890996000683,0.01730891840593901,1.1251850631321326e-05,0.054877603682697826,0.0,0.011580311002647338,0.011068008693935224,0.005165902207378033,0.05356952186811699
0.25,0,3,0,Ecal,context_1,0.034972184427520314,0.009151876095394236,0.06714854049511136,0.03919871072663198,0.03209770219155855,0.043337666831676946,4.5715231813216326e-05,0.05326117490020415,0.0,0.03324614655988978,0.025432231263674207,0.007403304736910215,0.09645307404608168
0.25,0,3,0,Ecal,pooled,0.038136731271819324,0.004199537352847217,0.06765212683270458,0.016874483616966043,0.02264380075115202,0.023613672181832177,1.0645792562889034e-05,0.052474423017032444,0.0,0.008043213960478746,0.008233543061032297,0.004393126512490279,0.0449826864999081
0.25,0,3,1,Ecal,context_0,0.04115403220325381,0.0099579177795193,0.07164274974573992,0.022551902774221737,0.022665902175079522,0.01565632297022633,4.799784702867937e-06,0.05150801496330446,0.0,0.011580311002647338,0.01596716903178913,0.01099071963786255,0.05430901922423518
0.25,0,3,1,Ecal,context_1,0.02950210156603328,0.007558712611367292,0.06397722510064144,0.03819188886357428,0.03393516724609713,0.030694064063774992,9.484528469685689e-06,0.06124626263217552,0.0,0.03324614655988978,0.02879594952713927,0.008266390244247412,0.09078018310439116
0.25,0,3,1,Ecal,pooled,0.03787796374021135,0.009324604265230041,0.06977133502319348,0.019941076431844895,0.025265517303120155,0.019378782392920443,4.290668190641057e-06,0.05197252773297919,0.0,0.008043213960478746,0.01457491386575001,0.010303848355713487,0.04606922617646923
0.25,0,3,2,Ecal,context_0,0.037438570759738776,0.0018686677950420876,0.06613909676288032,0.023788506129620652,0.02180108411887527,0.016865583173991075,2.013044728653119e-05,0.05151859002403657,0.0,0.011580311002647338,0.01630388474927184,0.0025128408824265196,0.05708376252875607
0.25,0,3,2,Ecal,context_1,0.03440331241036604,0.014861049253184107,0.0664658163745638,0.03255471064001868,0.02537150540941635,0.029630063687198713,0.00012134466404762831,0.0544686173933537,0.0,0.03324614655988978,0.022835941846841804,0.009041578457943952,0.08866417744583054
0.25,0,3,2,Ecal,pooled,0.03577933739234462,0.002141002456932959,0.06617404952720085,0.022178027559690203,0.020085883756139983,0.019979487671152985,3.319934632072387e-05,0.051239441238010934,0.0,0.008043213960478746,0.016744293535582665,0.00379189212091012,0.046198695377427317
0.25,0,3,3,Ecal,context_0,0.035969863539016045,0.005832778004849962,0.06536353479149447,0.01932027633820228,0.020478509901738218,0.015131320265314066,3.9205062453362565e-05,0.05148693777772637,0.0,0.011580311002647338,0.014573998545688714,0.0037989589019960684,0.053093920909933014
0.25,0,3,3,Ecal,context_1,0.04148585353919981,0.013810748326689827,0.0711796826155518,0.04159728611395571,0.02830154710179078,0.02713721669167922,5.561674733229726e-05,0.05424479667864697,0.0,0.03324614655988978,0.02975997254702179,0.012912084318223287,0.09537151167956248
0.25,0,3,3,Ecal,pooled,0.03691298301360846,0.0012164220757249994,0.06653450439550868,0.019244862274497433,0.020275829700035497,0.018099585334092616,3.137302128869998e-05,0.051245235501649625,0.0,0.008043213960478746,0.01492406777444422,0.005775732254045892,0.04880440014933932
0.25,0,3,4,Ecal,context_0,0.03977106763742749,0.0004797667998939282,0.07103159625601817,0.023964120020415494,0.025183082781546462,0.022523635643850265,9.125721466831926e-05,0.05420037795354672,0.0,0.011580311002647338,0.019509625774346978,0.009695604520550167,0.05195499864695953
0.25,0,3,4,Ecal,context_1,0.03388176245578267,0.0008938986354896828,0.06250640898969993,0.04289447850648966,0.025250595971604894,0.052058948926811094,6.474771018440584e-05,0.05186262062749941,0.0,0.03324614655988978,0.03185992608956551,0.014265847699629916,0.09042860261646239
0.25,0,3,4,Ecal,pooled,0.037420412037507955,0.0006030796605775184,0.06898073853135417,0.021488023022467353,0.02399406735499643,0.029469245625037013,3.625928535203071e-05,0.053210227912302115,0.0,0.008043213960478746,0.01737508361191058,0.009693826852356327,0.04736055582103355
0.25,0,4,0,Ugap,context_0,0.03655795027549519,0.0027905344361078845,0.06738336158643238,0.018449754404529943,0.022241529494738455,0.023813723769555525,9.266059706548062e-05,0.05159823273382093,0.0,0.021357314067722236,0.013490345754200031,0.004421480997615002,0.05198507731391161
0.25,0,4,0,Ugap,context_1,0.042162730303083484,0.009746478806065552,0.06985373128510064,0.03562109271719379,0.03012665927880237,0.048146555078093095,1.9988547131767707e-05,0.05352970227933582,0.0,0.04279501658549577,0.023651106292531966,0.015327961488452075,0.08886128174982054
0.25,0,4,0,Ugap,pooled,0.037521118443336055,0.004463389510321425,0.06791489194163226,0.017154688979153798,0.021897126679674805,0.029692282705312392,9.459150401712276e-05,0.05163936645189557,0.0,0.00936835264205375,0.010694344003474326,0.006450559978931864,0.04708888574196742
0.25,0,4,1,Ugap,context_0,0.03823788330246808,0.003927558202196631,0.06769114668946534,0.022672494097801345,0.021062979111709623,0.020460408981011813,0.00023036585058732356,0.05170627350205738,0.0,0.021357314067722236,0.015901034332627927,0.011751217569827003,0.0564754600535045
0.25,0,4,1,Ugap,context_1,0.02911311517248505,0.012204792468180887,0.0646766139688909,0.04013442939653043,0.027106845499933807,0.01834419578090979,1.0774148022493855e-05,0.053498532169931445,0.0,0.04279501658549577,0.029721639381949057,0.008935774324760157,0.09185855761138398
0.25,0,4,1,Ugap,pooled,0.03566462937694087,3.3967034016269926e-05,0.06694678430861237,0.018093555218187275,0.021909530095656438,0.019970691959967604,0.00012502645919239524,0.05183508055034464,0.0,0.00936835264205375,0.010138155793320003,0.007244551691003605,0.047851935386861534
0.25,0,4,2,Ugap,context_0,0.036398195435574765,0.009627042672847828,0.06799695253974619,0.022550593357292058,0.0255626001930222,0.015786979729892833,4.75111490941176e-05,0.05324279003531406,0.0,0.021357314067722236,0.01754314527188337,0.004100046624826305,0.054955083305072344
0.25,0,4,2,Ugap,context_1,0.04508953011060002,0.004017595259990471,0.07725017182894607,0.03893967515571588,0.020711095292144543,0.03611940397960969,0.000333654126419176,0.05185897909863969,0.0,0.04279501658549577,0.02791262656076183,0.01672875303625982,0.0958160874527436
0.25,0,4,2,Ugap,pooled,0.0375841296329299,0.006271537320669067,0.07013661616287775,0.019532264726600624,0.023444687262200115,0.020814797548628958,0.00010059870281893578,0.05191808087223435,0.0,0.00936835264205375,0.014196598320275231,0.006790826906228819,0.04649269510860742
0.25,0,4,3,Ugap,context_0,0.03821402585082989,0.0034206968489398737,0.06968751840075546,0.019007647084479207,0.02375231587524379,0.03964116492432017,8.066344331813465e-05,0.05238958773291053,0.0,0.021357314067722236,0.011417825221708838,0.005845409140724689,0.05120982989427398
0.25,0,4,3,Ugap,context_1,0.03688813947643743,0.014937132715222954,0.06820798508072394,0.03930565351643267,0.02826695734133078,0.018391211608903238,3.2823613381624756e-05,0.056775065704363525,0.0,0.04279501658549577,0.026020912114180873,0.005104079094327905,0.09582567622778981
0.25,0,4,3,Ugap,pooled,0.037060882581470445,0.0010129658769052463,0.06931629335374238,0.01732665816313685,0.023900279713110484,0.034628498554951884,5.967524820625804e-05,0.05289141470054133,0.0,0.00936835264205375,0.010855730719070259,0.004110080965670682,0.044821011608374935
0.25,0,4,4,Ugap,context_0,0.035910623580235834,0.006266342263977287,0.06930979731786195,0.022613554910031846,0.020361461026573324,0.026908693399886677,9.973822447213096e-05,0.051497241304300403,0.0,0.021357314067722236,0.015292137578908748,0.006628741681115351,0.05314516917718054
0.25,0,4,4,Ugap,context_1,0.037653397390564,0.012673749936228544,0.07513883873899518,0.031213643771881336,0.02731343346635029,0.02083712260623495,0.00019635611304600416,0.05312272965125441,0.0,0.04279501658549577,0.019034426865072673,0.013161826515952784,0.09145331654363294
0.25,0,4,4,Ugap,pooled,0.03559535855996582,0.007821291814954086,0.07026169516174535,0.017029916613314582,0.020238116980848875,0.02541797309485773,3.480082016604281e-05,0.05159580289419593,0.0,0.00936835264205375,0.010085855044251362,0.004898156636302009,0.04437111672117024
0.25,0,4,0,Ucal,context_0,0.036584834886743745,0.002802691892683234,0.06740044755972163,0.01847614584325945,0.02221346877133301,0.02373660505300619,8.855558209347254e-05,0.05158659524952044,0.0,0.021357314067722236,0.013712001780636784,0.004249793677614638,0.051773242351788595
0.25,0,4,0,Ucal,context_1,0.0422864418039669,0.009700214287305019,0.06984447676400721,0.03619011783785953,0.02951149098633382,0.04792331494776475,6.947344123489608e-05,0.053198453172543694,0.0,0.04279501658549577,0.02380852187160892,0.016404661450088988,0.089140054168306
0.25,0,4,0,Ucal,pooled,0.03758226307076146,0.004461497016337589,0.06792645259393269,0.017181798115988994,0.021875857324561654,0.02957726636804707,9.582971306701079e-05,0.05159876107644708,0.0,0.00936835264205375,0.010592436291098652,0.006608551777519421,0.04690437748912934
0.25,0,4,1,Ucal,context_0,0.03821099869121958,0.003915825654310243,0.06768602421923181,0.023144933499971213,0.021091039835115066,0.02058294839286294,0.0002011691259199366,0.05173098944288688,0.0,0.021357314067722236,0.016192825142932174,0.01276689046696743,0.05696375454745338
0.25,0,4,1,Ucal,context_1,0.02911311517248505,0.012187762009908797,0.06466295705672827,0.04015259161184677,0.027106845499933807,0.018333402724774198,1.3903774950915944e-06,0.053497846938864065,0.0,0.04279501658549577,0.029553118990981772,0.009314098255674103,0.09199413773125192
0.25,0,4,1,Ucal,pooled,0.035644247834465737,2.9460125354752436e-05,0.06693986979838455,0.01827106688665802,0.02195206880588274,0.02005857432562043,0.000106053318824135,0.05186039997046726,0.0,0.00936835264205375,0.010280826590645973,0.008591034335144231,0.04824825685247819
0.25,0,4,2,Ucal,context_0,0.036478849269320324,0.009639834680669312,0.0680168080938346,0.022603078477887915,0.02550647874621126,0.01573912214733146,4.291486641773002e-05,0.05318333918077072,0.0,0.021357314067722236,0.017435467351358994,0.0038773187718372654,0.05515604181367872
0.25,0,4,2,Ucal,context_1,0.04508953011060002,0.003990851546634077,0.07724684905405298,0.03838348068489206,0.020711095292144543,0.03611940397960969,0.00035352857713054657,0.05185897909863969,0.0,0.04279501658549577,0.02782836636527821,0.016930446074848518,0.0952562214236107
0.25,0,4,2,Ucal,pooled,0.0376397725590496,0.006287835695612239,0.07015089512662312,0.0193441893608783,0.02335960984174751,0.020775857629502376,9.540572457881211e-05,0.0518916255420224,0.0,0.00936835264205375,0.013846562897917677,0.006826756812336869,0.04648489937228166
0.25,0,4,3,Ucal,context_0,0.03821402585082989,0.0034550222136686165,0.06968776068789925,0.01900392448449418,0.023724255151838347,0.039637414237085736,7.259078197927508e-05,0.05238477591401371,0.0,0.021357314067722236,0.011327128068576197,0.005808524261995445,0.05108250033704872
0.25,0,4,3,Ucal,context_1,0.03688813947643743,0.014940130517822647,0.0681919046178957,0.039222146913918794,0.02826695734133078,0.01827413948744383,2.528887582058418e-05,0.056813585699704405,0.0,0.04279501658549577,0.025599611136762596,0.005857376567733794,0.09556903760166763
0.25,0,4,3,Ucal,pooled,0.037060882581470445,0.0009874396021023384,0.0693133288562497,0.017265259438966292,0.023879010357997277,0.03459818308677963,5.6327219067968306e-05,0.0528925042840857,0.0,0.00936835264205375,0.010957638431445937,0.004134833612429745,0.044508478216399444
0.25,0,4,4,Ucal,context_0,0.035910623580235834,0.0062429578021722726,0.06931786232951477,0.02274157798796731,0.020361461026573324,0.026982568289263806,8.177623362574996e-05,0.051498489958106776,0.0,0.021357314067722236,0.01553409908014543,0.006341390158692525,0.05308373439267478
0.25,0,4,4,Ucal,context_1,0.03782191778153132,0.01269995719437707,0.07517573168217447,0.030803155077807325,0.027489195835627034,0.020644837315782122,0.00023892211526995837,0.05315244872832292,0.0,0.04279501658549577,0.018583610466577485,0.013745245547956203,0.09090355050425947
0.25,0,4,4,Ucal,pooled,0.03559535855996582,0.007810302495025988,0.07027718397002049,0.01702393215990527,0.020259386335962026,0.0254309081614197,3.247692148752228e-05,0.05159508813484216,0.0,0.00936835264205375,0.010009175974912066,0.004845653360656792,0.044406928991581184
0.25,0,4,0,Egap,context_0,0.03661979329314685,0.0028368901172068266,0.06755809505944539,0.017762650563929065,0.02201704370749491,0.02463198131670051,0.0001148913019082788,0.05157282431499299,0.0,0.021357314067722236,0.013517230365448597,0.0048907356981723734,0.051893390758242584
0.25,0,4,0,Egap,context_1,0.04310907457952701,0.009644240613312803,0.06993999681084559,0.03639554108194054,0.030478184017355858,0.045060878069646954,5.0225714821296e-05,0.05370186158599352,0.0,0.04279501658549577,0.023289615442312492,0.014159371761066401,0.08938997097482253
0.25,0,4,0,Egap,pooled,0.03772309611779001,0.004474003046862964,0.06807270379201581,0.017322033499990674,0.021726971838769482,0.02956179296377083,9.390339393144603e-05,0.05168071340368451,0.0,0.00936835264205375,0.012263085311410935,0.006004382164007961,0.04668368112952308
0.25,0,4,1,Egap,context_0,0.03841196584732881,0.0037602934404184687,0.06793793343348538,0.020464233657596476,0.02095073621808774,0.019659449376943763,0.0002539401494362504,0.0517676052600639,0.0,0.021357314067722236,0.014902363803003178,0.014517220952634273,0.056339591575862
0.25,0,4,1,Egap,context_1,0.029948800972547707,0.012487136020168104,0.0647759288532655,0.04124600837888235,0.02816141971559427,0.014988725168935471,3.08128361219183e-05,0.05449513168634645,0.0,0.04279501658549577,0.030071246135233258,0.008206441965429249,0.0919011621759435
0.25,0,4,1,Egap,pooled,0.03575196734832908,0.00016040700096638593,0.06716025448014548,0.01724903844549751,0.022164762357014256,0.01857202565160833,0.0001497189401853228,0.052024393103687415,0.0,0.00936835264205375,0.009813308900919571,0.0090997936696204,0.04783101459625211
0.25,0,4,2,Egap,context_0,0.0366939261593085,0.009726550935011596,0.06826865023701123,0.021090958788409036,0.02550647874621126,0.015651484192156256,4.1403280657688506e-05,0.053117981111886536,0.0,0.021357314067722236,0.016165057402899558,0.004228442354483876,0.05409036547097702
0.25,0,4,2,Egap,context_1,0.04545628113487288,0.004003164887207342,0.07756953020936963,0.037899494920191554,0.02051686061175928,0.03994675006799889,0.0002781105423955892,0.05160400420797049,0.0,0.04279501658549577,0.02696150916341805,0.01621133919009666,0.0952698035253184
0.25,0,4,2,Egap,pooled,0.038087787468370216,0.006349866888074643,0.07041724279269015,0.01842022554597309,0.0235174313210737,0.021637993995367796,8.795926261147367e-05,0.05195037268558723,0.0,0.00936835264205375,0.013116376569093138,0.006337885300380763,0.046256441495622316
0.25,0,4,3,Egap,context_0,0.03840607673633328,0.00348327997656037,0.06989311218175683,0.01797482277785452,0.02442577323697459,0.03895301334404978,8.891684244187734e-05,0.05260876633175413,0.0,0.021357314067722236,0.011224052408069346,0.006602403149516442,0.050684540536296334
0.25,0,4,3,Egap,context_1,0.03709250697947175,0.014700250267402713,0.06840204567425731,0.03742027491957897,0.02833828604457414,0.02217171132174099,1.539950499777681e-06,0.05650740130259778,0.0,0.04279501658549577,0.025070379180620776,0.004543793294385991,0.09471775654413209
0.25,0,4,3,Egap,pooled,0.03735688879086985,0.0009068938447262108,0.06951548039652511,0.017391404622911246,0.024368205525599818,0.034994151539345084,7.870700213826235e-05,0.05305039913111536,0.0,0.00936835264205375,0.010722300335896412,0.005229712753935263,0.04520460573469603
0.25,0,4,4,Egap,context_0,0.035930799742838804,0.0062042246166345485,0.06954882752197929,0.022706095620344955,0.020389521749978767,0.02808833218837399,8.887905883409339e-05,0.05151462892057787,0.0,0.021357314067722236,0.013854060743741164,0.006052050920502618,0.05305825994094508
0.25,0,4,4,Egap,context_1,0.038262408653181146,0.012880380369099175,0.07549566803548093,0.03241265614644375,0.02704978991243523,0.018425283475277762,0.00020794590920586003,0.052839723867200185,0.0,0.04279501658549577,0.022632385917539972,0.013233128388409062,0.09371647172671344
0.25,0,4,4,Egap,pooled,0.03579611272340966,0.007826267342714957,0.07052857357600889,0.01718062455748992,0.020259386335962026,0.025734479142241237,4.085218349008475e-05,0.05156847443517394,0.0,0.00936835264205375,0.009182215911093312,0.0050906564363561654,0.04486318220658396
0.25,0,4,0,Ecal,context_0,0.03661979329314685,0.002809244761338221,0.06756244584346083,0.01773073070734079,0.02201704370749491,0.02471677063751941,9.325704897258744e-05,0.05156693385462717,0.0,0.021357314067722236,0.01346346114295155,0.004601046951939683,0.05159639795074412
0.25,0,4,0,Ecal,context_1,0.043024814384043375,0.009538208045262394,0.06996310042531627,0.036909414344987866,0.030214540463440798,0.04470290115410144,6.522963020868687e-05,0.053591911980036766,0.0,0.04279501658549577,0.02354239602876346,0.015417434316660986,0.0892636060124376
0.25,0,4,0,Ecal,pooled,0.03772309611779001,0.004427650949178663,0.06808102823682022,0.017541056414666377,0.021726971838769482,0.029539173194125815,7.93564527369754e-05,0.05166389993953595,0.0,0.00936835264205375,0.012670716160913599,0.005486446155601846,0.04665678158261636
0.25,0,4,1,Ecal,context_0,0.03833131201358325,0.0037825635057095637,0.0679219319481076,0.020489313117229128,0.02103491838830418,0.019676822499086047,0.00023996760200857065,0.05177358515794018,0.0,0.021357314067722236,0.014875479191754653,0.014650000194147058,0.05616626923385244
0.25,0,4,1,Ecal,context_1,0.030033061168031394,0.012489135182982291,0.06480399480661778,0.0402072157854164,0.02816141971559427,0.014892826542005563,2.3939247255773313e-05,0.05451369202796796,0.0,0.04279501658549577,0.029188316179321314,0.009742756354219485,0.09162784553202903
0.25,0,4,1,Ecal,pooled,0.03575196734832908,0.00014443635518648375,0.06715495774607659,0.01678494623408533,0.022186031712127408,0.018559460273363207,0.00012025593054490355,0.05202808690864611,0.0,0.00936835264205375,0.008976407872237345,0.00890295895701369,0.04779602129353463
0.25,0,4,2,Ecal,context_0,0.03666704154805994,0.009696297194055993,0.06826303217138915,0.020948769648264285,0.02550647874621126,0.015713697510207583,4.563837476121979e-05,0.053135944429209964,0.0,0.021357314067722236,0.01611128818040254,0.004390053177380803,0.05428164012693029
0.25,0,4,2,Ecal,context_1,0.04543855240010053,0.004060102342741151,0.07752554461394784,0.039543287534514686,0.02016533587320582,0.03964552745466948,0.0002658020791972012,0.05167561142326753,0.0,0.04279501658549577,0.028309672291156517,0.015451909826799736,0.09571917634237578
0.25,0,4,2,Ecal,pooled,0.03810816901084535,0.006313204123674471,0.07040618279026765,0.018950220725091352,0.023465956617313266,0.021618443180324742,9.024573280250149e-05,0.0519369036735192,0.0,0.00936835264205375,0.01366667821592174,0.0066398586370097195,0.04634005115365802
0.25,0,4,3,Ecal,context_0,0.03841334222213555,0.0035145916136604706,0.06989790949108625,0.01841481977252135,0.02411710527951466,0.038149029245979085,8.749566641279265e-05,0.052488663025096395,0.0,0.021357314067722236,0.011304706241814925,0.006868856312512632,0.0507406401047106
0.25,0,4,3,Ecal,context_1,0.03709250697947175,0.01475710578959452,0.06844504596385917,0.03658136770348467,0.028354838525969206,0.02193949922943081,2.943395613144446e-06,0.05669398077186911,0.0,0.04279501658549577,0.023308026051499075,0.005650925855215501,0.09421889408522172
0.25,0,4,3,Ecal,pooled,0.03741803341829525,0.0008973127091065349,0.06953137374594791,0.01760908168899778,0.024112973264242,0.034336433032253214,7.628109368312624e-05,0.052958078965822775,0.0,0.00936835264205375,0.01074713828002511,0.005802339446673772,0.04519839752045316
0.25,0,4,4,Ecal,context_0,0.035930799742838804,0.006235395269499192,0.06954530749690749,0.022672631204738367,0.020445643196789653,0.02776521866080707,8.04722308950522e-05,0.05150274225440612,0.0,0.021357314067722236,0.014088909209173819,0.005871880173332627,0.053189949108025346
0.25,0,4,4,Ecal,context_1,0.038178148457697514,0.012880463951658545,0.07552024210724312,0.032582033223482125,0.02704978991243523,0.019222756855690484,0.0002858075957283781,0.05286634049717514,0.0,0.04279501658549577,0.021537490429405594,0.015330933391538936,0.09371305328843492
0.25,0,4,4,Ecal,pooled,0.035836875808359925,0.007849644311385183,0.0705296502648722,0.016885515932292497,0.02030192504618833,0.025677985894749414,4.595587376866406e-05,0.05155833105160981,0.0,0.00936835264205375,0.009243705287459526,0.005206467297665286,0.04469078456611023
0.25,1,0,0,Ugap,context_0,0.03655738376891349,0.0033526316042167287,0.06651808772814406,0.016053765855082835,0.021744411557885132,0.00905172701263808,0.00038867824263735806,0.05131869786690608,0.0,0.009540255200126618,0.010485251195399276,0.011850347437319933,0.05224834467338577
0.25,1,0,0,Ugap,context_1,0.043791105355400206,0.007880242555115581,0.0704021824687131,0.041337057293666525,0.02783823293178206,0.009354641210000764,0.025496241203263034,0.052295819111907095,0.0,0.0325186865383472,0.02792511282817739,0.02897049363053052,0.0917784925590273
0.25,1,0,0,Ugap,pooled,0.037386666618340725,0.004461466145661415,0.06747664849456471,0.01639588038772202,0.022253282214133363,0.009239238463975105,0.0006069315925667194,0.05136283671830051,0.0,0.011237280152187418,0.009823365193576301,0.00620658854145609,0.0457070269860391
0.25,1,0,1,Ugap,context_0,0.04175095132834217,0.0005630602689933517,0.07086652825881719,0.020023462510536317,0.022446014115837853,0.017435817128802517,0.00027918810965830293,0.05137722294939915,0.0,0.009540255200126618,0.012644878080832955,0.008099533848556804,0.056461651604666076
0.25,1,0,1,Ugap,context_1,0.03984648945198305,0.002673065261111467,0.06972842596493417,0.04051048420557233,0.02538607508795232,0.008964376174732475,0.015769600512691495,0.05143633561147283,0.0,0.0325186865383472,0.0313496618710892,0.018160588080514562,0.09303677755301726
0.25,1,0,1,Ugap,pooled,0.0410237638065345,0.001110260116817542,0.07054304233189114,0.01947950835451192,0.020649446685611667,0.015421937562022245,0.0009285684778909137,0.050870494571008666,0.0,0.011237280152187418,0.013023617494678168,0.006739255513496299,0.0496034170517162
0.25,1,0,2,Ugap,context_0,0.043135496719116206,0.00468128555298932,0.07303763160686928,0.02011154456227724,0.019866461295605764,0.020167608921687688,0.00046681922333560635,0.0508160963149542,0.0,0.009540255200126618,0.01548054181268774,0.013595931525396034,0.056443946563084386
0.25,1,0,2,Ugap,context_1,0.04283344714241172,0.005951744454684304,0.07164773430514022,0.039359328490205785,0.02762910993380463,0.02984172838701185,0.019328507534551218,0.051480935973117474,0.0,0.0325186865383472,0.02914266426960454,0.025675282924545795,0.09678372034119076
0.25,1,0,2,Ugap,pooled,0.042216484167867385,0.0049681386600322385,0.07268301225105407,0.0179740983101699,0.01957315944046753,0.022741866843931535,0.0012446776326601634,0.050749632096880055,0.0,0.011237280152187418,0.013554233468041417,0.008058117670274347,0.047640829945359946
0.25,1,0,3,Ugap,context_0,0.037352099583993215,0.0011842883670192326,0.06725422065565222,0.01982270969904665,0.026171478392190195,0.024767756177255393,0.0005075651732106235,0.05305377361340889,0.0,0.009540255200126618,0.014215486546561724,0.01298831721710689,0.055807871088646925
0.25,1,0,3,Ugap,context_1,0.046063516825169404,0.011133133356353285,0.07208545375529153,0.02614696197448355,0.020938473896254278,0.008698317062320576,0.021341019570542838,0.05114927383642344,0.0,0.0325186865383472,0.019288550090352397,0.032240585596509184,0.08923889355921785
0.25,1,0,3,Ugap,pooled,0.039143027829134924,0.0036281568027255713,0.06839191600826452,0.017692869683292815,0.0239437007799172,0.02084670078859424,0.0012415576351387809,0.05179430730202138,0.0,0.011237280152187418,0.01082837712908267,0.011508074578300284,0.048038588856126704
0.25,1,0,4,Ugap,context_0,0.04324209613537977,0.002646506268541909,0.07166787983910919,0.017476146873669673,0.023937019337371426,0.02973864691200344,0.00040722733710657575,0.0521432827904201,0.0,0.009540255200126618,0.012074671413191,0.01236473312444705,0.0529604728201775
0.25,1,0,4,Ugap,context_1,0.04385188949370794,0.004536068727014374,0.06680924119347768,0.03654100875643942,0.023404040976682777,0.0015441237249581435,0.02177633249504285,0.05114190929013252,0.0,0.0325186865383472,0.026561325777826876,0.029178902013180883,0.09101625809595186
0.25,1,0,4,Ugap,pooled,0.04245692153502145,0.003086365044360606,0.07043154670716313,0.015327650549181341,0.022618092662948286,0.02277828393782777,0.0008095431211759437,0.051311555390610976,0.0,0.011237280152187418,0.009779098606665284,0.01126389493373179,0.04631104777663759
0.25,1,0,0,Ucal,context_0,0.03650281202070754,0.003325447843195761,0.06652313481657786,0.015696546702448393,0.021687460706469916,0.009186991476734588,0.00044185708733092584,0.05128088256190099,0.0,0.009540255200126618,0.010048677209751673,0.012663316051388906,0.05208366582768594
0.25,1,0,0,Ucal,context_1,0.04395907326887449,0.00783537966111762,0.07036022336740695,0.04219817001764838,0.027668193822787013,0.008822756779980706,0.0274386012602426,0.05225410237827533,0.0,0.0325186865383472,0.02895799494295124,0.030802239175099784,0.09227199183771309
0.25,1,0,0,Ucal,pooled,0.037375094767111594,0.004429837764373687,0.06747012470115857,0.016791879409125236,0.02216795798205151,0.009209093641480509,0.0006236646853561116,0.05132650745507319,0.0,0.011237280152187418,0.010105214821599172,0.006900527678149845,0.04593608630035886
0.25,1,0,1,Ucal,context_0,0.04177823720244511,0.0005639919484463188,0.07086108575934301,0.019977433250768294,0.022389063264422637,0.01742183181442611,0.0002823506262440113,0.05137533493756471,0.0,0.009540255200126618,0.012754021577244864,0.008493376544000201,0.05625318260696292
0.25,1,0,1,Ucal,context_1,0.03976504959531718,0.0026419317703595246,0.06976504540439891,0.03989263843718908,0.02623627063292777,0.008383009420797533,0.018040567728447074,0.05178769128352295,0.0,0.0325186865383472,0.029850096015728488,0.021047826475694975,0.09296667762589074
0.25,1,0,1,Ucal,pooled,0.041044202001433105,0.0011036328063714948,0.07054398959626941,0.019347513197972073,0.02056412245352976,0.015276264628023298,0.0008147609578744025,0.05084042819057772,0.0,0.011237280152187418,0.013197208837353692,0.007211519359308651,0.049602156606590384
0.25,1,0,2,Ucal,context_0,0.043135496719116206,0.00469154620900455,0.07304113569993695,0.020307777293165914,0.019894936721313372,0.020293639145362488,0.0005268891038488865,0.0508170738288489,0.0,0.009540255200126618,0.015589685309099665,0.014554354653102935,0.05668184620306552
0.25,1,0,2,Ucal,context_1,0.04267056742908004,0.006008727419065661,0.07169918213059338,0.037179566727996306,0.02754409037930708,0.02968553235475141,0.020585940315191648,0.051521883051248246,0.0,0.0325186865383472,0.026446941564968657,0.027194957338284427,0.09581841028919466
0.25,1,0,2,Ucal,pooled,0.04225736055766466,0.004989933999222042,0.07269803732094574,0.018099824691928383,0.019487835208385623,0.022799026736086775,0.0013425443944440705,0.05074811151326379,0.0,0.011237280152187418,0.013758615417027711,0.008885476421118303,0.047641461458014796
0.25,1,0,3,Ucal,context_0,0.037352099583993215,0.001161295616607439,0.06725192304558003,0.020006723666890856,0.026143002966482587,0.02473980395345214,0.0005481296677766938,0.053036553085063394,0.0,0.009540255200126618,0.014515631161694449,0.01363675429845581,0.055993745901068495
0.25,1,0,3,Ucal,context_1,0.04580840273885989,0.010996208861581154,0.07199546587981484,0.02866725775947967,0.02136357166874195,0.008888117291539432,0.023267353219630832,0.0510939868239788,0.0,0.0325186865383472,0.02215954962347011,0.03729564666203463,0.08963764205263652
0.25,1,0,3,Ucal,pooled,0.039204342413830806,0.0035770570150197483,0.06836577513486296,0.017891558393020843,0.024114349244081013,0.02086928578258479,0.0012362819961598773,0.0518580773397211,0.0,0.011237280152187418,0.011028798513883852,0.011666411679793218,0.047867633541328794
0.25,1,0,4,Ucal,context_0,0.04326938200948277,0.002657971264493275,0.07168858056659862,0.017400623238106035,0.02399397018878667,0.029797386041439486,0.00041883916327214825,0.052145614043428316,0.0,0.009540255200126618,0.01215652903549996,0.012769091753178172,0.05291203065223655
0.25,1,0,4,Ucal,context_1,0.043662670260008474,0.004297078930341311,0.06685749623854793,0.03616801325320432,0.023404040976682777,0.002565966847498033,0.023346224485391524,0.05112630441422477,0.0,0.0325186865383472,0.026672734028091647,0.03330299897091192,0.09047904120171534
0.25,1,0,4,Ucal,pooled,0.04249800514988561,0.003034440114416819,0.07045771559387826,0.015221484996191283,0.022618092662948286,0.023078144321118488,0.0007797014081662133,0.051313782311153265,0.0,0.011237280152187418,0.00963996590342659,0.012000077803055632,0.04642961715417248
0.25,1,0,0,Egap,context_0,0.0366259613455206,0.0033704800952577916,0.06670619028133651,0.01589793616586698,0.022313920072037433,0.010354867139112087,0.0004187438066380481,0.05151714968933199,0.0,0.009540255200126618,0.010641888796754274,0.012087705686536094,0.05224860941453676
0.25,1,0,0,Egap,context_1,0.044304229667682216,0.007858719922850567,0.07078341424271352,0.04025367733726519,0.025627724514846184,0.007636435993892771,0.028277455845857974,0.05140799021896651,0.0,0.0325186865383472,0.02866939820735298,0.03152018869592969,0.09051219953560415
0.25,1,0,0,Egap,pooled,0.03809320060861365,0.00446939057577197,0.06771205378796341,0.016868179729036606,0.022295944330174344,0.009772445440799235,0.000503993007148644,0.051403147869252666,0.0,0.011237280152187418,0.010074496320645212,0.005525057053697298,0.04658314307699709
0.25,1,0,1,Egap,context_0,0.04173486735165555,0.0004570721172793698,0.0710910731463247,0.02049575667395494,0.0238982608269262,0.01767519868136573,0.00035208395685394026,0.051935235835668156,0.0,0.009540255200126618,0.012904492110607428,0.009174797634359105,0.05651332322710032
0.25,1,0,1,Egap,context_1,0.040208203992043,0.002476052933950105,0.06980796736744163,0.03880694709122469,0.025045996869962228,0.00762818925367395,0.017422098768858515,0.05131121530470522,0.0,0.0325186865383472,0.029425577203193228,0.021086105734828414,0.09248415033589323
0.25,1,0,1,Egap,pooled,0.041051338937347415,0.000982237150145307,0.0707206955674629,0.017976285779576877,0.021417364774348857,0.015269880774247943,0.00101893602630501,0.051156238852001476,0.0,0.011237280152187418,0.011732841444653112,0.007699655927046895,0.04919278670640325
0.25,1,0,2,Egap,context_0,0.042965360042384826,0.00466429903664753,0.07325358630744531,0.020073975890033437,0.02131870800669411,0.02158962136901081,0.0005364677320269435,0.05110811896572345,0.0,0.009540255200126618,0.01447223694988898,0.015138962575923686,0.05621099070315746
0.25,1,0,2,Egap,context_1,0.042715245756075715,0.006163989170558173,0.07191306819446312,0.036245667732349086,0.029159461914760237,0.03220714328880275,0.019944687908632103,0.05162729682730741,0.0,0.0325186865383472,0.026047697967059392,0.024316916098176267,0.09390433108014176
0.25,1,0,2,Egap,pooled,0.042322985647914646,0.0050098270841615585,0.07290923809541243,0.018301762482835684,0.020831691863675755,0.0244142790209316,0.001380312662317416,0.05098174132138014,0.0,0.011237280152187418,0.014896957006692541,0.008877378434335595,0.04764821891540916
0.25,1,0,3,Egap,context_0,0.0379819753778195,0.0011533887216704237,0.06745711441765274,0.019708414532044097,0.02662708520351198,0.026320472856708285,0.0005033117289095041,0.0533669765349506,0.0,0.009540255200126618,0.014201416413857295,0.012963248793453497,0.055300782717056296
0.25,1,0,3,Egap,context_1,0.046723947192341964,0.010990743983132548,0.07250942370313512,0.027138888895903955,0.023452875213461344,0.006309243609018952,0.02351362068043321,0.05112426049273716,0.0,0.0325186865383472,0.02081198300197297,0.03034888568069124,0.08633571447177316
0.25,1,0,3,Egap,pooled,0.03975735961618537,0.0035706375531358147,0.06862849485194994,0.01683721978225524,0.025159571087084442,0.02138806667886753,0.0010908751692704256,0.052374006171727765,0.0,0.011237280152187418,0.010792861068946686,0.009464647697861298,0.04739775217680123
0.25,1,0,4,Egap,context_0,0.04309365656455111,0.002595779593198827,0.07180782072779827,0.018276067199388263,0.024975836041510324,0.029533662321990825,0.0004079701854552936,0.05314334167343519,0.0,0.009540255200126618,0.010929520847920768,0.011699430218922752,0.05289100190020835
0.25,1,0,4,Egap,context_1,0.043741580343795716,0.004481245589039653,0.06727209827246036,0.03622902023472302,0.02433925607615567,0.0023397598920307516,0.022634385194979054,0.05089873264477808,0.0,0.0325186865383472,0.02721405220882227,0.030800318822314814,0.08831118515310246
0.25,1,0,4,Egap,pooled,0.0427526112819232,0.0030345017943083884,0.07065331915299722,0.016263462692992857,0.02346788395058086,0.0228240721702494,0.0008191699119818631,0.052057135908807256,0.0,0.011237280152187418,0.011518892272984929,0.009250190097262818,0.04623682353050434
0.25,1,0,0,Ecal,context_0,0.03665324721962354,0.0033281267264901153,0.06672331341010553,0.015818717912689805,0.022313920072037433,0.010325368783914962,0.0004641511484802822,0.05152474787477731,0.0,0.009540255200126618,0.010778318167269135,0.012641210496055145,0.05220216991321464
0.25,1,0,0,Ecal,context_1,0.04454854923767976,0.007569268356816518,0.07081933603949277,0.03990697256461859,0.02579776362384123,0.008234390681067821,0.02963103294341385,0.05155875394493791,0.0,0.0325186865383472,0.02863574977197762,0.03222230868814392,0.09053462064996011
0.25,1,0,0,Ecal,pooled,0.03811363880351226,0.004365086049770054,0.06773383307149738,0.017441205645644314,0.022402599620276797,0.009900841098328256,0.0005281869927862577,0.05144443197217088,0.0,0.011237280152187418,0.010654148544419447,0.006015229951015266,0.046565390469520546
0.25,1,0,1,Ecal,context_0,0.0416802956034496,0.00042975062512322034,0.07107110320983855,0.020683279471922715,0.023841309975510983,0.017685639730080777,0.0003790849931666557,0.051903422320617836,0.0,0.009540255200126618,0.012959063858813381,0.009839941059205552,0.05654234561133932
0.25,1,0,1,Ecal,context_1,0.040126764135377135,0.0024109058926561804,0.06998611269747884,0.03889345628562409,0.025216035978957274,0.007529029012518618,0.019470215540405317,0.05136495844227616,0.0,0.0325186865383472,0.028774058349866388,0.023605033150603874,0.09241044855628143
0.25,1,0,1,Ecal,pooled,0.04106921023135668,0.0009458991434558802,0.0707487250140381,0.0183841241314351,0.021417364774348857,0.015254571564388517,0.0009682781191904452,0.05111758272831118,0.0,0.011237280152187418,0.011916785198740745,0.0080707807016862,0.04968991223223079
0.25,1,0,2,Ecal,context_0,0.04299264591648777,0.004644894973551117,0.07323895008101115,0.01991324980656624,0.021404134283816934,0.021799643066841387,0.0005869306666894877,0.05112216510392771,0.0,0.009540255200126618,0.014444951075786028,0.015893343913945035,0.05622728537146005
0.25,1,0,2,Ecal,context_1,0.042808681566496753,0.005873967958081546,0.0720571811226693,0.03623267047732093,0.029584559687247908,0.031417357535453216,0.02261805638573161,0.0517554282774462,0.0,0.0325186865383472,0.02596625811039352,0.027046080581967297,0.09486208828925456
0.25,1,0,2,Ecal,pooled,0.042261671063218764,0.00492212371714408,0.07293475847045701,0.017835934612042047,0.02100234032783957,0.024379044628260793,0.0013198103803142864,0.05099855695787704,0.0,0.011237280152187418,0.014365563939328287,0.009122732718142693,0.04747405155839488
0.25,1,0,3,Ecal,context_0,0.03794408214676959,0.0012135110303783743,0.06744627534231357,0.019456301425540917,0.02662708520351198,0.02638718216278864,0.0005374439942516414,0.05339099874661214,0.0,0.009540255200126618,0.013888343780676105,0.013667895385185641,0.054655379327367394
0.25,1,0,3,Ecal,context_1,0.046393717681562974,0.010964614207234408,0.07253521842593702,0.02694637801596629,0.02336785565896382,0.005440131595917969,0.024428167316544007,0.051089245002650364,0.0,0.0325186865383472,0.020310465762502082,0.036987103242735485,0.08804390463840375
0.25,1,0,3,Ecal,pooled,0.039716483226388155,0.0036086291369872864,0.06863251695113413,0.016545866087369247,0.02498892262292063,0.02121811633764803,0.0011078537237172344,0.0523227171987801,0.0,0.011237280152187418,0.010625945511690943,0.01044544660362266,0.047195657742222945
0.25,1,0,4,Ecal,context_0,0.04309365656455111,0.0025704990311480524,0.07179060451185101,0.01829994141836247,0.024975836041510324,0.029682426086247063,0.00044390689580938716,0.053126852150075156,0.0,0.009540255200126618,0.011396798272894788,0.012345051470664174,0.05330253025842505
0.25,1,0,4,Ecal,context_1,0.043741580343795716,0.004338385289307011,0.06720496011103168,0.03556210774470673,0.02442427563065319,0.002594279544292269,0.025764772636780606,0.05094594210461763,0.0,0.0325186865383472,0.02688829278215887,0.0338138997344777,0.08968219475686741
0.25,1,0,4,Ecal,pooled,0.042759715714386526,0.002979917935143196,0.07062753233921981,0.01624115439008903,0.02359587029870369,0.02299814084574514,0.0006982881976790277,0.0520781955472987,0.0,0.011237280152187418,0.011089690180113783,0.01028076924541297,0.04658504420837248
0.25,1,1,0,Ugap,context_0,0.03514172967425977,0.002287467145191328,0.06568241125042792,0.019916472687886634,0.022868240688916686,0.013104310112056941,0.00013671686089906194,0.05209816302066395,0.0,0.021184808967247067,0.013609956626383745,0.006568538633841315,0.054109683932713454
0.25,1,1,0,Ugap,context_1,0.04116280323076188,0.013937969261746713,0.07007382276316888,0.03637505487439275,0.03246014622438431,0.016726306756494336,0.020250325848104267,0.05816899958560235,0.0,0.015478671400638062,0.026583170989520857,0.03037661580572057,0.0916565579157101
0.25,1,1,0,Ugap,pooled,0.03586228467435887,0.005089782086837618,0.06663541260355121,0.019450106091238054,0.02448871375903272,0.013974568943735083,0.0002645521834115736,0.05301434551274224,0.0,0.014722275239418995,0.01366275545905405,0.009020359101961705,0.046564419608403025
0.25,1,1,1,Ugap,context_0,0.034961308748666375,0.0009007678314169689,0.06561043672700677,0.019579902470078972,0.02117758010971893,0.01374217534910381,0.0002551908892250818,0.05125562225884436,0.0,0.021184808967247067,0.01317902810331721,0.009760054962801691,0.05597745712351827
0.25,1,1,1,Ugap,context_1,0.03699272560987643,0.0038264459399650346,0.06899127991220493,0.03394571250187543,0.03219425949213228,0.010205985362442743,0.019109540098079913,0.05719022253537185,0.0,0.015478671400638062,0.02220515455611171,0.02344953654767485,0.08981572595901648
0.25,1,1,1,Ugap,pooled,0.03483417595810123,0.00024275735521202203,0.06640614067794577,0.01679703464061562,0.023177404776566157,0.01292365551227341,0.0002808042537278,0.05191927303276449,0.0,0.014722275239418995,0.01072091088479031,0.007646570269010817,0.04782705942030795
0.25,1,1,2,Ugap,context_0,0.03262169495961681,0.004487249607705049,0.06674753980265667,0.020942952797630473,0.020814600867115854,0.004539985675499056,0.00020524114695662015,0.050923164974983184,0.0,0.021184808967247067,0.013285963110715865,0.008842332211947194,0.05389927246144981
0.25,1,1,2,Ugap,context_1,0.030907039024944627,0.007545286866963883,0.06432741776541136,0.044361172787176176,0.022213262561668667,0.010344295221464295,0.02307854703371129,0.05110265843959022,0.0,0.015478671400638062,0.03415995547750958,0.026263460458705704,0.09203826054629825
0.25,1,1,2,Ugap,pooled,0.03169793155981171,0.0015863050613107454,0.06613347953064275,0.016776673029800602,0.019751081306250362,0.005845807280779311,9.274548675318288e-05,0.05081635391638645,0.0,0.014722275239418995,0.011626477679910225,0.0067403682826249625,0.045129988660470834
0.25,1,1,3,Ugap,context_0,0.03450654138037257,0.010376463715139997,0.062226321327722246,0.019984060372386925,0.021802921679484888,0.021518756119063745,0.00026812322147545115,0.051585282490772245,0.0,0.021184808967247067,0.014241121982615162,0.00862445650674373,0.053029156086512944
0.25,1,1,3,Ugap,context_1,0.035888734326551985,0.017439332075880106,0.061495468009097144,0.03484083153578749,0.02201602715007256,0.028166019534784953,0.01833286596017014,0.05280441655904516,0.0,0.015478671400638062,0.02235822996421232,0.02329376176143658,0.08982299318489118
0.25,1,1,3,Ugap,pooled,0.03402446120353869,0.0037924299703536377,0.061971294790491786,0.017928315414896867,0.021229945789467963,0.023109343553865763,0.0003057892568615918,0.05166369359321931,0.0,0.014722275239418995,0.01305223330347591,0.0060473654338462175,0.04477847700058219
0.25,1,1,4,Ugap,context_0,0.034209905468529866,0.00416812746545677,0.0660206692666748,0.01891483266438901,0.024012784624606043,0.012040771302633826,0.00014915867197454104,0.05222936049385604,0.0,0.021184808967247067,0.013232961769174208,0.007498672806810316,0.05302942638502692
0.25,1,1,4,Ugap,context_1,0.033213809869116484,0.001640747066114067,0.06238669502603494,0.043330029188584085,0.0243221336964341,0.029097029758148735,0.018799759021186344,0.05110756978438315,0.0,0.015478671400638062,0.03276597038912892,0.02057564249336573,0.08380719261043727
0.25,1,1,4,Ugap,pooled,0.03316200109652084,0.003558307307671581,0.06471201854779114,0.018488099394659726,0.021320858692934208,0.015987802978145282,9.286426723817062e-05,0.05127292858481694,0.0,0.014722275239418995,0.011403680902034505,0.002724199623755789,0.046726158888756135
0.25,1,1,0,Ucal,context_0,0.03516835799614293,0.002287508985392552,0.06569323093533877,0.019527012904714994,0.022812682046769894,0.013261157902723211,0.0001691475898395389,0.05206353372850524,0.0,0.021184808967247067,0.013370301729435378,0.007820393263188927,0.05362375706052078
0.25,1,1,0,Ucal,context_1,0.04078675253146963,0.014011156729860638,0.06995461221209795,0.03563157682813098,0.03273969070176691,0.016240922209304287,0.02227259819716053,0.05847074447210133,0.0,0.015478671400638062,0.025557659666540177,0.03735894340705222,0.0936562020720688
0.25,1,1,0,Ucal,pooled,0.03581375500233874,0.0051083876291611015,0.06661707162060722,0.018810387617008015,0.02438296303464027,0.01397975306396905,0.00023583053002917097,0.05301370884354489,0.0,0.014722275239418995,0.012870037076975515,0.010702013173893707,0.04626822963585472
0.25,1,1,1,Ucal,context_0,0.034961308748666375,0.0009636078392448939,0.06560055480452803,0.019313323722612925,0.021094242146498687,0.013687927770528616,0.00033641456758640425,0.0512461051033871,0.0,0.021184808967247067,0.01259326242205236,0.011294467885644463,0.05580038084211927
0.25,1,1,1,Ucal,context_1,0.037214612383804746,0.003912520021479062,0.06905670388878658,0.03219754679917907,0.0327260329566364,0.012366585002853064,0.020821132060800898,0.057672679333428074,0.0,0.015478671400638062,0.02036589120483387,0.028955063854163604,0.08996274351587082
0.25,1,1,1,Ucal,pooled,0.03481390390717787,0.00021538271147145377,0.06641538517777132,0.016573773088673877,0.023198554921444625,0.01340765758961357,0.00042343334540445934,0.051965154540877335,0.0,0.014722275239418995,0.010278369185715393,0.008172991345955321,0.04751140414251104
0.25,1,1,2,Ucal,context_0,0.03264832328149997,0.004494374791380616,0.06671781465230817,0.020880924337550833,0.02084238018818925,0.0047970278389391635,0.0002539405573134231,0.05093488281536549,0.0,0.021184808967247067,0.013631091666842463,0.010111295802631634,0.053958327091372944
0.25,1,1,2,Ucal,context_1,0.031076890404987068,0.00761025309624142,0.06429199454638752,0.044046965562182315,0.02281121658728591,0.01129800168987738,0.024293824685518786,0.05120023123988914,0.0,0.015478671400638062,0.034163082296707364,0.027775078652361136,0.09182797419432649
0.25,1,1,2,Ucal,pooled,0.031718203610735074,0.0015770640474765585,0.06610926114286597,0.017332152072675876,0.019835681885764345,0.006266573007456158,2.296973192441286e-05,0.05082998815259866,0.0,0.014722275239418995,0.012618318624030792,0.00820231645134038,0.04574842729212234
0.25,1,1,3,Ucal,context_0,0.03445328473660625,0.010413711956351629,0.062239825066356114,0.01998484881439917,0.02191403896377847,0.021463864921345957,0.000300972362314713,0.05161021376291626,0.0,0.021184808967247067,0.014028095407549923,0.009638082016092418,0.052821952051466704
0.25,1,1,3,Ucal,context_1,0.035803808636530765,0.017625770268189508,0.06155354557689374,0.0350649810631898,0.021927398239321882,0.024697881195016563,0.019237762083239074,0.05265160814526301,0.0,0.015478671400638062,0.02142690739972968,0.026463362639628393,0.0907535466651472
0.25,1,1,3,Ucal,pooled,0.034085277356308896,0.00377442274116361,0.06199438630358863,0.017560718745607114,0.02125109593434643,0.022229881005298047,0.0003865056277848108,0.05165866735206661,0.0,0.014722275239418995,0.012585976132237846,0.0072927310664231745,0.04454995049710487
0.25,1,1,4,Ucal,context_0,0.03419115660431693,0.0041554910756145865,0.06599902926042031,0.018727077973323077,0.024068343266752834,0.012062175261213795,0.00017463237416660837,0.05224770878894857,0.0,0.021184808967247067,0.013100973731723187,0.008270589727324995,0.05288445385393746
0.25,1,1,4,Ucal,context_1,0.03328815986690209,0.001809645818283866,0.06240692115328814,0.042347542127811,0.0251197938931903,0.028065579592190137,0.02246993987920791,0.0511719114004903,0.0,0.015478671400638062,0.031237307968746762,0.02506949594937203,0.08539200050148704
0.25,1,1,4,Ucal,pooled,0.03326336135113783,0.0035893954985977937,0.06469629481444113,0.018166494121648852,0.02123625811342028,0.015766770241938427,0.00018271559864203347,0.05127109507667947,0.0,0.014722275239418995,0.011403680902034537,0.005242024344395862,0.04690513260089791
0.25,1,1,0,Egap,context_0,0.03483216930147365,0.0021058328287177717,0.06561191745957266,0.021332862205476345,0.02437220203315904,0.010884646404685464,0.00015712976365942714,0.05286474596166362,0.0,0.021184808967247067,0.014541399806394116,0.00758389425280408,0.0548428007819049
0.25,1,1,0,Egap,context_1,0.040876106992709604,0.01371287721782579,0.06979363327303832,0.03557634697697719,0.031232999219005242,0.014274225124774914,0.023058366117225414,0.05594117974484419,0.0,0.015478671400638062,0.0215544346673539,0.03330766067204821,0.09399087521206839
0.25,1,1,0,Egap,pooled,0.03593372803760203,0.004897053651165168,0.06653209031708136,0.01872670072021472,0.02550392071320029,0.011661322155784415,0.0003357738054440597,0.053363082581608025,0.0,0.014722275239418995,0.012953233676735357,0.010895626464925375,0.04667687404810362
0.25,1,1,1,Egap,context_0,0.03492823147545404,0.0008751363410666501,0.06546486491444484,0.020860729184812805,0.0216498285679666,0.01411484142853299,0.0002719367051365819,0.051434868116648776,0.0,0.021184808967247067,0.014169763511565996,0.010046496917993747,0.056340937041179706
0.25,1,1,1,Egap,context_1,0.037298524258727705,0.0037010700372164316,0.06908488846868932,0.03470009201789684,0.03228288840288296,0.006920654553628655,0.020708423105499363,0.05692033379516369,0.0,0.015478671400638062,0.022838682275150506,0.024521815801643757,0.08968301584188411
0.25,1,1,1,Egap,pooled,0.034662576185109706,0.00023271398942665308,0.06631016984116743,0.01688791512597386,0.023536957239500556,0.012397501865102148,0.00017733761621973806,0.05210736924356073,0.0,0.014722275239418995,0.011202158802703673,0.008430482942794745,0.04717018112239862
0.25,1,1,2,Egap,context_0,0.03249300207713757,0.004645163311832788,0.06667185480151336,0.021117308884912325,0.02056458697745532,0.005630792484170061,0.00018057160777361705,0.05101557177750113,0.0,0.021184808967247067,0.014258170045682184,0.00856374915634927,0.05363617549603322
0.25,1,1,2,Egap,context_1,0.030353293218270627,0.007387899366013797,0.0641211532278671,0.04478297667103976,0.021038638372272156,0.008617201156299659,0.025665495572122804,0.050977560195026105,0.0,0.015478671400638062,0.034669509617636984,0.029915524346393874,0.09191187903798005
0.25,1,1,2,Egap,pooled,0.031524836800728984,0.0017446320919584006,0.06603375517724111,0.01779838002685433,0.02011063376918476,0.006282296865841197,0.000378741345020802,0.05083049455521118,0.0,0.014722275239418995,0.013086065346394397,0.006659756834950806,0.04545317892098271
0.25,1,1,3,Egap,context_0,0.034474354023891374,0.010394623285027531,0.06211019831080093,0.02023972490192783,0.022164052853438976,0.02007495394776844,0.00032232643205998886,0.05167003409261882,0.0,0.021184808967247067,0.014506977698728265,0.009858423652362516,0.053272698320104034
0.25,1,1,3,Egap,context_1,0.03568169194000986,0.01747277284937752,0.06159151943606862,0.03350277615859386,0.023699976454335636,0.023675921246993525,0.01924723836456929,0.053876480889013686,0.0,0.015478671400638062,0.020649588684542912,0.026203540786836656,0.09001462003712958
0.25,1,1,3,Egap,pooled,0.034146776585430694,0.003795151061838806,0.06189869580851589,0.01831259666365249,0.02188560028070119,0.020936702435755544,0.0004296581720548646,0.05193243450097495,0.0,0.014722275239418995,0.013314919146328034,0.006620087498505903,0.04572065063334954
0.25,1,1,4,Egap,context_0,0.034277789944542225,0.003873604135392372,0.06593998043675578,0.018957794923649095,0.02390166734031246,0.011709167692180833,0.00016452271578859773,0.05235015579286826,0.0,0.021184808967247067,0.012514723147575322,0.00770450969440916,0.05283894008091045
0.25,1,1,4,Egap,context_1,0.0332326668299443,0.0017119226960243057,0.0622194931095808,0.0421315854678336,0.023347215678176547,0.02230784425470811,0.019788966924773874,0.05073502286743615,0.0,0.015478671400638062,0.029158688208636728,0.02359368366836049,0.08635885605273709
0.25,1,1,4,Egap,pooled,0.033223806660064414,0.0033524489204288426,0.06461363586978527,0.01766568378119315,0.021595810576354624,0.014157016963091684,9.829689651735633e-05,0.05149342434880811,0.0,0.014722275239418995,0.010457799632362184,0.004241780943474882,0.04607794669253498
0.25,1,1,0,Ecal,context_0,0.03477891265770733,0.0020462914632026694,0.06562557240737756,0.020800379458300773,0.024233305427792118,0.011434919091146578,0.00017254884213133712,0.052760348393455926,0.0,0.021184808967247067,0.014195289022077676,0.008378652365786526,0.0545552963768601
0.25,1,1,0,Ecal,context_1,0.04096525869092993,0.013657193196522456,0.06975897401458599,0.03712900197809934,0.030967112486753157,0.015300993975954719,0.027630929437027357,0.055802079911899935,0.0,0.015478671400638062,0.023632360764501925,0.04140565284253554,0.09796999735890208
0.25,1,1,0,Ecal,pooled,0.035893183935755246,0.004838639864798329,0.06653433387307142,0.018149985518498314,0.02529241926441539,0.012327827238855033,0.0005288209187969319,0.05324336687950577,0.0,0.014722275239418995,0.01248612568634539,0.011762489103234432,0.046422782456660844
0.25,1,1,1,Ecal,context_0,0.0349548597973372,0.0009613689199016496,0.06546648941711361,0.020461508103224592,0.02170538721011339,0.01408055649517248,0.0003261768708225331,0.051431330205309746,0.0,0.021184808967247067,0.013823595327084968,0.010810310997984629,0.0558874990168549
0.25,1,1,1,Ecal,context_1,0.03744670133914296,0.003801241188132835,0.06909484513815559,0.03602962671894484,0.03334643533189119,0.005655056857157559,0.022257844194778317,0.0583311937483442,0.0,0.015478671400638062,0.024846868565275536,0.03197211995217154,0.09115534825695065
0.25,1,1,1,Ecal,pooled,0.034743664388803275,0.00019042669747719367,0.06631059521811145,0.016105688849050077,0.023875359557556375,0.012077297145327348,0.00020982973437290442,0.052270242227710144,0.0,0.014722275239418995,0.01079557582386129,0.009070880344912205,0.046730012031530675
0.25,1,1,2,Ecal,context_0,0.03246637375525452,0.004696780864758101,0.06667866373089502,0.021355025927839725,0.0207034835828223,0.005787396821619009,0.00021823868837121934,0.051025718303290314,0.0,0.021184808967247067,0.014604338230163171,0.009482337386386005,0.05398969956096332
0.25,1,1,2,Ecal,context_1,0.030405413986059504,0.007281045277297857,0.06407400414293847,0.043388644993235276,0.02316573223028867,0.007257110104394601,0.03122015402779489,0.05121283496925463,0.0,0.015478671400638062,0.03271621874714863,0.037877992271066814,0.09287958606678362
0.25,1,1,2,Ecal,pooled,0.03151606303702936,0.0018100640995031491,0.06603147480897326,0.017803939004031835,0.02055478681163314,0.006073956866070998,0.0005766833099497357,0.05089634909394191,0.0,0.014722275239418995,0.012900851108230343,0.00815678599445393,0.04637493468555034
0.25,1,1,3,Ecal,context_0,0.034474354023891374,0.010369117440837662,0.0621311033279767,0.020324774554162435,0.022247390816659163,0.020150093617017098,0.000376569746990435,0.05163837599353394,0.0,0.021184808967247067,0.014640119308144047,0.010947959639383572,0.053143786124048104
0.25,1,1,3,Ecal,context_1,0.035692822562615134,0.017412262240901356,0.06167193914064049,0.03507435347475205,0.023522718632834283,0.022378433246075774,0.023325045857201465,0.05395718350581027,0.0,0.015478671400638062,0.020783935192670216,0.031175674718796113,0.09351709024127972
0.25,1,1,3,Ecal,pooled,0.034085960432660545,0.0037877951242529986,0.061931649263203374,0.018596947111682624,0.02175869941143027,0.020692009440879205,0.0003282565559316105,0.05190081940121952,0.0,0.014722275239418995,0.013553095888525369,0.008270007222479453,0.04594015309302141
0.25,1,1,4,Ecal,context_0,0.034277789944542225,0.0038781508397629054,0.06596546687929855,0.018963912511600133,0.023858591438915944,0.01168811505292594,0.00019926008376478996,0.05231722340338665,0.0,0.021184808967247067,0.012541351469458454,0.008608588829242732,0.052713245794821804
0.25,1,1,4,Ecal,context_1,0.03333043062063096,0.0016155494962409034,0.06219246060017525,0.0429152970096921,0.023169957856675194,0.022852381885023115,0.024806070119741633,0.050717200632048175,0.0,0.015478671400638062,0.03145168183921001,0.03360906940401076,0.08665892798123753
0.25,1,1,4,Ecal,pooled,0.03328462281283462,0.0033322932117578466,0.06462402782814215,0.018086397158537448,0.021701561300747074,0.014262385266987934,0.00023868666253558726,0.05152672899641942,0.0,0.014722275239418995,0.010914172207056014,0.006369951947421316,0.04608673325275689
0.25,1,2,0,Ugap,context_0,0.03345906098739332,0.0027283633275902233,0.06084169575076823,0.019172892303451546,0.02109956523457711,0.015942082497343815,0.00026629498899518244,0.05100240325134478,0.0,0.03450850011989069,0.011721977947620112,0.008715947736488875,0.053310822754611596
0.25,1,2,0,Ugap,context_1,0.0312609115741167,0.008855983902649047,0.05567247774756259,0.031970513626803115,0.026185510255771094,0.01146131127314623,0.022789487720928286,0.05106269394727255,0.0,0.025891493508174424,0.019630534105807784,0.02840258135830244,0.09101443528072352
0.25,1,2,0,Ugap,pooled,0.03227690473425571,0.004180663371259558,0.05961309064072216,0.017847380638492037,0.019944527953918073,0.014795557449734917,7.801485216642201e-05,0.05084391852453101,0.0,0.021296401696702435,0.013170630297435816,0.007801519203538982,0.046418623084359595
0.25,1,2,1,Ugap,context_0,0.03436827749591581,0.0016564359874865601,0.06391041775215767,0.017306936789261426,0.021583081623309686,0.022553481696835617,0.00023895503940347907,0.050838295713031834,0.0,0.03450850011989069,0.011963227946136403,0.009327284086830404,0.054954724934450486
0.25,1,2,1,Ugap,context_1,0.0391497683746731,0.010345904053260788,0.06939509674833515,0.04316550301478974,0.025378552486561012,0.008465229727270623,0.020475394421846205,0.05137507203469052,0.0,0.025891493508174424,0.03360616523123308,0.031086380198081336,0.0936728760968353
0.25,1,2,1,Ugap,pooled,0.035319934552966004,0.003728630386656528,0.06514882479333584,0.0198898853663513,0.02174208033956071,0.01919848036993782,3.353163196582673e-05,0.050787234254666504,0.0,0.021296401696702435,0.015312800735358217,0.010144306793976699,0.04672500425393608
0.25,1,2,2,Ugap,context_0,0.03574502819353803,0.007482254591315001,0.06491634361369489,0.019949470559050102,0.024260746540730738,0.010783172455534867,0.0003913529115867451,0.051948209928824166,0.0,0.03450850011989069,0.014686419585051316,0.012570877146676184,0.05335154053158027
0.25,1,2,2,Ugap,context_1,0.03548220150291692,0.006261760468439153,0.058586710739026715,0.03246920217582107,0.02904760860843647,0.0056945619849761014,0.017963057544288452,0.05224996117070159,0.0,0.025891493508174424,0.019754678390358847,0.02443727395137628,0.08984697026857157
0.25,1,2,2,Ugap,pooled,0.035251435316698165,0.007234417658388907,0.06342597573687495,0.02111496800084475,0.02420618886207898,0.009561845896976034,0.0006121036792554636,0.05148126212906659,0.0,0.021296401696702435,0.01636451707640967,0.00596038434118041,0.047054494837418984
0.25,1,2,3,Ugap,context_0,0.03253394300204643,0.011111869020833328,0.06348905683802442,0.019952527282549756,0.021114471496176568,0.016993683780944194,0.0002549734998390199,0.05101843603275468,0.0,0.03450850011989069,0.013802235251739124,0.009703584669665363,0.05333940953121216
0.25,1,2,3,Ugap,context_1,0.04632438753896023,0.0064083707422496845,0.07060167302402957,0.037158128821582176,0.020691966633932024,0.03004328980180007,0.013180957341251298,0.05051170024174614,0.0,0.025891493508174424,0.02837765905430583,0.016637844682296583,0.08535071915708745
0.25,1,2,3,Ugap,pooled,0.03560942753702451,0.007007660984998303,0.06510624338281332,0.020982210986134613,0.02061018356063321,0.019913569869268538,0.000516693137290138,0.05080176578367251,0.0,0.021296401696702435,0.01509975873041715,0.007549989234733487,0.04823264389797286
0.25,1,2,4,Ugap,context_0,0.03495770633822909,0.0050853500293586255,0.0642365176348789,0.01912291169415576,0.022876644864786355,0.015467003248885322,0.00015197462442886412,0.051544036936362884,0.0,0.03450850011989069,0.012440767429743206,0.007597615486755359,0.05042903548162899
0.25,1,2,4,Ugap,context_1,0.03376238825384548,0.003964094078724615,0.05806728101712132,0.03416180370006061,0.03518343304241345,0.023209135759950233,0.01876115166879387,0.05790062269391953,0.0,0.025891493508174424,0.025602230815025762,0.025850683210773683,0.0884464519213886
0.25,1,2,4,Ugap,pooled,0.03319088486047905,0.002954402997372007,0.06269134549094531,0.01744451458448441,0.023986280792233472,0.017254221620387783,1.312634506603523e-05,0.05216086210646159,0.0,0.021296401696702435,0.012169763453939712,0.005567854247429135,0.04408953960452554
0.25,1,2,0,Ucal,context_0,0.03342117097241959,0.002719078866653372,0.0608495789507899,0.0192653287228001,0.021071970654152714,0.016058122133594838,0.00031152772156677316,0.051003466869759366,0.0,0.03450850011989069,0.011827803652683908,0.009401884219242377,0.05349135723874827
0.25,1,2,0,Ucal,context_1,0.0312609115741167,0.008719887370436294,0.05567383922321382,0.03257924982732388,0.025737200383987746,0.011210389261894549,0.02679533359804468,0.0510520287396984,0.0,0.025891493508174424,0.020388054292422266,0.032805425757739134,0.09149101105658224
0.25,1,2,0,Ucal,pooled,0.03221622512260519,0.004141982168103869,0.0596166750463797,0.018232152230008354,0.019927428077575526,0.014825853925250862,0.00016641633032173433,0.050842534379412704,0.0,0.021296401696702435,0.013312216057953578,0.008400854419973222,0.04647873686576659
0.25,1,2,1,Ucal,context_0,0.034341821069649836,0.0016410555221540546,0.06390135510029894,0.01736039634212073,0.021583081623309686,0.022268646112847693,0.0002699601236430373,0.05083892860421063,0.0,0.03450850011989069,0.011804489388540751,0.009942260676462814,0.0551786706627836
0.25,1,2,1,Ucal,context_1,0.039160419551900194,0.010138416262760602,0.06926640299293964,0.043774787149464776,0.025288890512204343,0.009800152136089868,0.023706567304069996,0.051259874635869236,0.0,0.025891493508174424,0.03540997900893451,0.0362929232706023,0.09388260632092524
0.25,1,2,1,Ucal,pooled,0.03526873688936066,0.0036666328348667057,0.06511838324806048,0.019615162060384595,0.021678778516468156,0.01927969802051624,4.339195213524591e-05,0.05077436180467615,0.0,0.021296401696702435,0.014867816916587997,0.01086490985301389,0.046821876870681865
0.25,1,2,2,Ucal,context_0,0.035797941046069925,0.007492010589624338,0.06492557494818077,0.019676740115156407,0.024122773638608708,0.010697969218526074,0.0004108178156776248,0.05189628951689933,0.0,0.03450850011989069,0.01428957319106218,0.012855325361952784,0.05336061765498536
0.25,1,2,2,Ucal,context_1,0.03539630560874063,0.00622120274096832,0.05854124672915007,0.03206388512987095,0.029103066835737157,0.005919621105949097,0.02130746895017753,0.052291132005850935,0.0,0.025891493508174424,0.02037380235240338,0.027149927274010333,0.08996046741564728
0.25,1,2,2,Ucal,pooled,0.03521098224226449,0.007232699071951146,0.06342233729091237,0.020428112616987414,0.02403738400049893,0.009551896466544946,0.0005147361127494799,0.051431995290872536,0.0,0.021296401696702435,0.015980212869289908,0.0059975077994949,0.046728752393028226
0.25,1,2,3,Ucal,context_0,0.03253394300204643,0.011073398058252089,0.06350529868318248,0.020172199582846335,0.021086876915752117,0.017036463466071503,0.0003054726187373888,0.05101634197078963,0.0,0.03450850011989069,0.014013886661866622,0.010517740254770721,0.05333758995851
0.25,1,2,3,Ucal,context_1,0.046261918190237616,0.006412983323263676,0.07068943224974168,0.036657488327895525,0.020781628608288694,0.030705774398529145,0.015960347614344617,0.05051997475175207,0.0,0.025891493508174424,0.02852977617114483,0.02126579954756657,0.08567620392183664
0.25,1,2,3,Ucal,pooled,0.03561942279890973,0.006978649853053247,0.06514213402707993,0.021105589613097827,0.020504680522145713,0.02010028696626931,0.0004990891294206993,0.05078006639154175,0.0,0.021296401696702435,0.015341824966492737,0.008052823522195553,0.04859810480559236
0.25,1,2,4,Ucal,context_0,0.03495770633822909,0.00508400540446987,0.0642464380367654,0.01914787652026297,0.022876644864786355,0.014932634596477104,0.00018597675883867226,0.051548233496402716,0.0,0.03450850011989069,0.012334941724679405,0.008436071374458561,0.05072672171524904
0.25,1,2,4,Ucal,context_1,0.03341880467714042,0.003906177951238062,0.058073038474866875,0.03622879838966071,0.03496529891597705,0.02144791723289899,0.02161732780776325,0.05742312423992932,0.0,0.025891493508174424,0.02677039338851596,0.0289779096401743,0.09011943958889244
0.25,1,2,4,Ucal,pooled,0.03323479999951884,0.0029675129061618646,0.06269907570851548,0.017266366437419724,0.023965180184535972,0.016429496981847286,6.925888615372244e-05,0.05211682118930098,0.0,0.021296401696702435,0.012028177693421908,0.006396191549924117,0.04402372533948115
0.25,1,2,0,Egap,context_0,0.033274104336294685,0.0028913653099504255,0.06061728049595279,0.018880277101829972,0.02052007904566462,0.015992521126683285,0.0003158167825386923,0.05093667518497176,0.0,0.03450850011989069,0.012067294457493733,0.009888850954043791,0.05441393658417992
0.25,1,2,0,Egap,context_1,0.03143493980746459,0.0085613731432136,0.05549380649429249,0.030916487827341476,0.026364834204484433,0.014657315479207678,0.022305875416620408,0.051061776216337465,0.0,0.025891493508174424,0.018441751336761597,0.026586868069749133,0.08807044704214347
0.25,1,2,0,Egap,pooled,0.03224142063639068,0.0042361669833391015,0.05939397519078812,0.0181592878649637,0.02007513233145808,0.015573565478071136,0.00013994076651790283,0.05075961274744209,0.0,0.021296401696702435,0.014217432505774293,0.004905250965934166,0.046166601166707136
0.25,1,2,1,Egap,context_0,0.03403973918695885,0.001652008941848563,0.0636821916473821,0.01695914700027946,0.021665865364582926,0.02107827158430818,0.00021477964353152712,0.05082615282800203,0.0,0.03450850011989069,0.011145842540753938,0.009649579772474437,0.053989514698846296
0.25,1,2,1,Egap,context_1,0.0390565198437649,0.010365188142558011,0.06899236240876865,0.0424649957323685,0.024698820617131773,0.007843871197863977,0.02089087927830109,0.051153803412057684,0.0,0.025891493508174424,0.03398439643552114,0.03034806027488317,0.09312971463089056
0.25,1,2,1,Egap,pooled,0.03493602127777934,0.003730060761294717,0.06488668099662291,0.020042072360896366,0.02174208033956071,0.01790064762516458,7.582686441096227e-05,0.050754671747981504,0.0,0.021296401696702435,0.015191441512057287,0.011308986707513635,0.046427295716954094
0.25,1,2,2,Egap,context_0,0.03554001158449588,0.007378321039197295,0.06470830459558001,0.020084689346781627,0.024867827310067647,0.01007559290255336,0.00035263484558335735,0.05211959452633251,0.0,0.03450850011989069,0.014051465354668745,0.011686442242611662,0.053307673355301656
0.25,1,2,2,Egap,context_1,0.03580323066136737,0.005927071599391008,0.0583965203805682,0.03138787334305929,0.028027123143457067,0.002759037818281615,0.01626755250821968,0.052645525725580185,0.0,0.025891493508174424,0.023163789071460415,0.022391549214388275,0.08636366920157776
0.25,1,2,2,Egap,pooled,0.034902386958408194,0.007076876650471261,0.06322276775263339,0.021382888434120922,0.02420618886207898,0.008335893297089697,0.0005660153934980688,0.051497095442629065,0.0,0.021296401696702435,0.01634583725916743,0.005520829899131426,0.04695496951334299
0.25,1,2,3,Egap,context_0,0.03243269349882821,0.011026646798336318,0.06326148056792756,0.018536612236051953,0.020810931111508113,0.01577288417238791,0.00029742361612290465,0.0509737021614089,0.0,0.03450850011989069,0.011655049000656356,0.009659783484300022,0.052655491049632054
0.25,1,2,3,Egap,context_1,0.04627325152636291,0.0064562602275395455,0.07054743346459494,0.036659495454647265,0.020243656762148565,0.030575653268595737,0.01234163808330696,0.050540955757690124,0.0,0.025891493508174424,0.02746919178288663,0.015491440218846075,0.08538744173462427
0.25,1,2,3,Egap,pooled,0.03554131873971117,0.006932367105106512,0.06493713131980569,0.01945416061682881,0.020138434154550522,0.019129636529709337,0.0006448654214556374,0.0507367622865378,0.0,0.021296401696702435,0.014190575654518131,0.006749798290622453,0.04753871286369766
0.25,1,2,4,Egap,context_0,0.034775304742027446,0.004955019079952196,0.06398362314537719,0.018316669349663285,0.023014617766908385,0.012416960792834997,0.00022351693837963267,0.051722017753344375,0.0,0.03450850011989069,0.011294461531794635,0.008741508106903292,0.050432460801086966
0.25,1,2,4,Egap,context_1,0.03363225565035888,0.004424512298176223,0.057983559313977175,0.03852824761345783,0.0345169890441937,0.027686546395863598,0.016356207072076995,0.05762725154999259,0.0,0.025891493508174424,0.03092777625395375,0.022668118077440746,0.08969008548613254
0.25,1,2,4,Egap,pooled,0.03314588627798948,0.002746906039850983,0.06248531482028145,0.0165089441879232,0.02428168929999852,0.015936525441912874,0.00039161533800791473,0.052350445789124136,0.0,0.021296401696702435,0.010486056468554971,0.005593165441150081,0.043851257623999086
0.25,1,2,0,Ecal,context_0,0.03324764791002871,0.002862763116277137,0.060629990984398016,0.01868716591054557,0.020547673626089016,0.01581423395978121,0.000387103195812893,0.05093460011390609,0.0,0.03450850011989069,0.01214035983471183,0.010878094936472613,0.054326686116670596
0.25,1,2,0,Ecal,context_1,0.03152083570164077,0.008586890579232623,0.05548556075728312,0.0308741950222637,0.026095848281414424,0.014489651501896211,0.023712149563447735,0.05107084522250211,0.0,0.025891493508174424,0.019365908262839633,0.028804971798237117,0.08845134664402915
0.25,1,2,0,Ecal,pooled,0.032200967561957006,0.004220118924422775,0.05940554269464842,0.018138178628975217,0.020054031723760524,0.015397228209603292,0.00026570362820517966,0.05076333130942153,0.0,0.021296401696702435,0.014444902142095989,0.005541803835405777,0.04588209831250022
0.25,1,2,1,Ecal,context_0,0.034013282760692876,0.0016073880920913712,0.06368818386987722,0.016738146906248346,0.021638270784158586,0.021391778580870505,0.00026905727920905134,0.050819536375769726,0.0,0.03450850011989069,0.010987103983158275,0.009689829579964086,0.054716407953303146
0.25,1,2,1,Ecal,context_1,0.0389589106768618,0.010267899764768607,0.06903649716344142,0.03985943372139291,0.024788482591488442,0.009477242085726395,0.022221939125213058,0.05114147646848935,0.0,0.025891493508174424,0.033028968136660064,0.035685742174245305,0.09435466518380803
0.25,1,2,1,Ecal,pooled,0.0349967008894298,0.0036728194367865955,0.06489748432859192,0.019339769530884225,0.02169987912416571,0.018520964929303357,3.388331849968167e-05,0.05075103374866826,0.0,0.021296401696702435,0.014625098469986086,0.01153446169297749,0.04640948727069721
0.25,1,2,2,Ecal,context_0,0.03554001158449588,0.007356055560260798,0.06472144727972715,0.019952846113393694,0.024867827310067647,0.010021936446436591,0.00038936490102252017,0.05211634957880647,0.0,0.03450850011989069,0.013760444665743391,0.012342913684763398,0.05363344813502046
0.25,1,2,2,Ecal,context_1,0.035739889185445683,0.005692680446266174,0.05832174484281311,0.030455240791539703,0.028296109066527075,0.0024955074032264046,0.019406186985918644,0.052706840252579164,0.0,0.025891493508174424,0.020895507115845556,0.026519269109752264,0.08815038539142281
0.25,1,2,2,Ecal,pooled,0.03494284003284187,0.007005292381466765,0.06321504890113414,0.020899878705250077,0.02420618886207898,0.008231760158737972,0.0005118471092922811,0.05148205587193911,0.0,0.021296401696702435,0.015981759589264528,0.005936472153429082,0.04682407364367518
0.25,1,2,3,Ecal,context_0,0.03251206277762603,0.011037648297541159,0.06327396391137398,0.018974877389742333,0.020838525691932508,0.015856319264275248,0.0003592129011517997,0.050973124762615195,0.0,0.03450850011989069,0.012145621668845004,0.01065274521766708,0.0528766387115378
0.25,1,2,3,Ecal,context_1,0.04644504331471544,0.0062277228716927134,0.07056656471319066,0.03689895495456283,0.020333318736505235,0.027973883237204733,0.01471641623208983,0.050647875416673774,0.0,0.025891493508174424,0.028157839825550385,0.02147570552954837,0.0866776894408909
0.25,1,2,3,Ecal,pooled,0.035657391385059134,0.006994107368940652,0.06495203113702731,0.019891900596285057,0.02018063536994552,0.0185902197746102,0.0006835989796632313,0.050722716661701306,0.0,0.021296401696702435,0.0143513768533945,0.008046691180301047,0.04790405929852905
0.25,1,2,4,Ecal,context_0,0.034881130447091235,0.004921281369744986,0.06400052038959451,0.01803990623439731,0.022931834025635145,0.011826674935318457,0.0002682860592301828,0.05167404384671513,0.0,0.03450850011989069,0.011294461531794621,0.009539648135712987,0.05029052975804643
0.25,1,2,4,Ecal,context_1,0.03354067365954372,0.004218974973533256,0.057959217570415895,0.037021128113828426,0.03379969324934029,0.025671229192916922,0.019748842209439815,0.05710407996182963,0.0,0.025891493508174424,0.02955344194713365,0.02627342690969897,0.08951020288126638
0.25,1,2,4,Ecal,pooled,0.03320656588963994,0.002768845574406027,0.06249409007811128,0.016477660331854688,0.02402848200762847,0.01501006433308602,0.0003273349350551829,0.05224327026965855,0.0,0.021296401696702435,0.010699750684022409,0.005866078544632241,0.04346058190841647
0.25,1,3,0,Ugap,context_0,0.04276892559345197,0.0036255965557025465,0.06810229642360563,0.020681246391863983,0.03261486418461518,0.013042118151305085,0.0003026692321815462,0.060270566883857415,0.0,0.011580311002647338,0.01205210076763311,0.010612734125606286,0.055050840490441254
0.25,1,3,0,Ugap,context_1,0.04068662663554051,0.008924300399860561,0.06591462548166933,0.03980125251215655,0.03167722246686869,0.02573309069107707,0.014694329512780782,0.05213019179833782,0.0,0.03324614655988978,0.024882514598390523,0.02263970018617746,0.090901584871419
0.25,1,3,0,Ugap,pooled,0.041389277876463904,0.004909778738143563,0.06735144393141043,0.018244604734287788,0.02875783793728054,0.01611696906068974,0.00036999208466356216,0.056588507436058165,0.0,0.008043213960478746,0.010579493871978016,0.006284409579664741,0.04637637922826386
0.25,1,3,1,Ugap,context_0,0.04351617148581477,0.011049927145402785,0.07086765728079684,0.02063498300194202,0.02563267267325453,0.009487681895978956,0.00010358611642917633,0.05305420534859208,0.0,0.011580311002647338,0.010098808457079717,0.005741784728419254,0.05385776270873475
0.25,1,3,1,Ugap,context_1,0.036464838527322185,0.00844233952528652,0.06332650119562863,0.03758132818404713,0.02392111256594953,0.017101962669269333,0.01911545833581693,0.05216790385608991,0.0,0.03324614655988978,0.027709848425226686,0.028188074484263175,0.09230028426776184
0.25,1,3,1,Ugap,pooled,0.041576153650166814,0.010418604588932434,0.0690913404909843,0.016154090051240588,0.022508236508800183,0.011232239029714722,0.00042841844906631003,0.051518792751479005,0.0,0.008043213960478746,0.008961215003933235,0.004461590313571349,0.0472961299389293
0.25,1,3,2,Ugap,context_0,0.038721598160730564,0.0005387715643288918,0.06669566531142733,0.020537568246738348,0.02799996504778801,0.012775196305312375,0.0004890880995945934,0.0542872680304042,0.0,0.011580311002647338,0.012550360377942967,0.01454931929598045,0.055706116209766274
0.25,1,3,2,Ugap,context_1,0.041637918328124746,0.014865494165401578,0.066285891468995,0.041421365119563416,0.04050799841504221,0.00685678456673075,0.021764566057548465,0.06858667537754473,0.0,0.03324614655988978,0.034390725904617545,0.031257824524766845,0.08604157445301168
0.25,1,3,2,Ugap,pooled,0.03866462520841285,0.003159989108099381,0.06656152093815722,0.017984320052784785,0.030116215374782318,0.011410339784759457,0.0006522981016669396,0.056641078908897614,0.0,0.008043213960478746,0.011886028218584633,0.012224533601031188,0.046794186977220535
0.25,1,3,3,Ugap,context_0,0.03829608597742562,0.005325575483523376,0.06468020077632641,0.02174238086629088,0.026237100022636684,0.008052582467540051,0.0004345795857051923,0.05295997445224174,0.0,0.011580311002647338,0.015157501861472088,0.011317464115227893,0.05519218337477885
0.25,1,3,3,Ugap,context_1,0.0475944135454579,0.014966424034074128,0.07200499251893316,0.04365065402769683,0.023093078600622152,0.009452878519392582,0.018704452981693015,0.0510766458840625,0.0,0.03324614655988978,0.032040535854432985,0.023754895689447025,0.09117773594220648
0.25,1,3,3,Ugap,pooled,0.04029938198094818,0.0006078002026711641,0.06597099621624143,0.017057961742219487,0.025016579939278694,0.008295044814264504,0.0006243587022609041,0.05226991565253113,0.0,0.008043213960478746,0.009723254878109495,0.008951208105752284,0.048238960783738905
0.25,1,3,4,Ugap,context_0,0.042411217931573764,0.000709995713207195,0.07022730152799547,0.017880175820041578,0.022902031109694077,0.02257321025101637,0.00045457532358715623,0.05145362996931988,0.0,0.011580311002647338,0.011775267998058529,0.01320547230891222,0.05500476263117224
0.25,1,3,4,Ugap,context_1,0.03936045679570038,0.00020799539641615846,0.06196184605091089,0.034120394296872865,0.025461552869820436,0.026009226018130577,0.01613359079426696,0.05287446656574137,0.0,0.03324614655988978,0.016974479827471294,0.022678007592444885,0.08905038113712581
0.25,1,3,4,Ugap,pooled,0.040898376033011,0.0006383714042386994,0.06822949002240576,0.01612090749432952,0.022633699378778682,0.023242983444913656,0.0010250415035572419,0.051400327224751234,0.0,0.008043213960478746,0.010584474963635015,0.007119091870735918,0.04568061080253884
0.25,1,3,0,Ucal,context_0,0.042742233302185684,0.0036131594913044636,0.06809078328078236,0.02075630811239107,0.03269841568018694,0.012958863888756278,0.00026252977065513276,0.06034074164722529,0.0,0.011580311002647338,0.011891947020035412,0.009938605442276614,0.05486356585440566
0.25,1,3,0,Ucal,context_1,0.04051461321849403,0.008973545417848424,0.06591404018099464,0.04086379298338099,0.030958896167147032,0.024728994209764626,0.014939913289501144,0.052203913292640576,0.0,0.03324614655988978,0.025446648573195396,0.02507738500167715,0.09037987316178347
0.25,1,3,0,Ucal,pooled,0.04140964820911147,0.004912212575586953,0.067339414493129,0.018004192257763976,0.029097952300735197,0.01580694192376289,0.00026170599969466135,0.05685408276882958,0.0,0.008043213960478746,0.01047624001610995,0.00650652861857014,0.04642100467332538
0.25,1,3,1,Ucal,context_0,0.043489479194548486,0.01108455080958918,0.07086842134989865,0.02051206970729342,0.02554912117768271,0.009331896805585008,8.600350966483992e-05,0.053001691226246456,0.0,0.011580311002647338,0.010221222391700719,0.005452364716628806,0.05388579955852251
0.25,1,3,1,Ucal,context_1,0.03663685194436872,0.008425211244297367,0.0632750214905333,0.03850200906323779,0.024190484928345135,0.015586837022718875,0.020634298528185976,0.05221031723629319,0.0,0.03324614655988978,0.029257969178645468,0.028017736932740803,0.09149825266226368
0.25,1,3,1,Ucal,pooled,0.04156809299744474,0.010440397150135988,0.06907931912722057,0.016544975354980913,0.022380693622504666,0.010771293312531821,0.0005650106740280308,0.05148360864297404,0.0,0.008043213960478746,0.009470473320121561,0.00442894820214426,0.04722939169149738
0.25,1,3,2,Ucal,context_0,0.03869490586946428,0.0005551525495729187,0.06670307348505111,0.020734906756109006,0.02802781554631195,0.012637864772084895,0.0004395097285386771,0.05430662015620757,0.0,0.011580311002647338,0.012855023103582473,0.013882862987445286,0.055846498802741916
0.25,1,3,2,Ucal,context_1,0.04139166333234856,0.014815463388332614,0.06627379229309274,0.03816215088004639,0.041046743139833475,0.005889124011449615,0.023334856163963094,0.06922834036308637,0.0,0.03324614655988978,0.03052042402107063,0.033415391838505185,0.08667248012962724
0.25,1,3,2,Ucal,pooled,0.03856277354517512,0.0031355417619969277,0.06656508395242461,0.017476059921003626,0.030286272556509675,0.011077869966922893,0.000437156770101043,0.056759648640993705,0.0,0.008043213960478746,0.011811809568120295,0.013086494232183504,0.04634550708653104
0.25,1,3,3,Ucal,context_0,0.038322778268691904,0.005321117667149836,0.06467144540397392,0.02195139848447592,0.026376352515256274,0.007903437105682101,0.00040411251424199825,0.05304754525488117,0.0,0.011580311002647338,0.015424424774134863,0.011116506169948626,0.0554126202429815
0.25,1,3,3,Ucal,context_1,0.04802623898456493,0.014985759859863695,0.07201891396164578,0.042313208359712536,0.02363182332541336,0.009157250412424878,0.017998108443826072,0.05130692192156307,0.0,0.03324614655988978,0.0305729099445781,0.02260785325970986,0.09165388433261812
0.25,1,3,3,Ucal,pooled,0.04033406555140723,0.0005972738909190626,0.06598046068164988,0.017190410709285658,0.02529292285958562,0.008108249688364766,0.0005961864346077598,0.05241882895320177,0.0,0.008043213960478746,0.009897744141114377,0.00990195259785287,0.04846747502217869
0.25,1,3,4,Ucal,context_0,0.042411217931573764,0.0007165797230322122,0.07021324434388201,0.017851987316545838,0.022874180611170192,0.02260194938220149,0.0004193631106531024,0.0514579387294167,0.0,0.011580311002647338,0.011775267998058529,0.012747089601542052,0.05475810421232292
0.25,1,3,4,Ucal,context_1,0.039321372269349175,0.0003059266514354262,0.06190749453984608,0.03304910685599646,0.025730925232216095,0.026078762606091932,0.01754726877800003,0.05310051145259412,0.0,0.03324614655988978,0.014713173463167235,0.025720987581678394,0.08961138352155615
0.25,1,3,4,Ucal,pooled,0.040878005700363484,0.0006661163436137687,0.06821174508785288,0.015938368305099614,0.02267621367421052,0.023281396486946077,0.0008470077043935629,0.05144439102919483,0.0,0.008043213960478746,0.010401141969807265,0.006654370848591182,0.04542374663012925
0.25,1,3,0,Egap,context_0,0.040957507747873045,0.004497992283431285,0.06556577505241028,0.020600677104457156,0.027482108006617656,0.015491831909569181,0.00022719634751932065,0.05502391133233598,0.0,0.011580311002647338,0.01378307654450426,0.010033971977497759,0.05413997285096406
0.25,1,3,0,Egap,context_1,0.03945052715368397,0.009508697165848456,0.0637430204392484,0.040366709919767645,0.03086910537968185,0.024036942182064314,0.0139939512071863,0.051490141227470546,0.0,0.03324614655988978,0.027345496859285286,0.01944775194976988,0.08990545038279107
0.25,1,3,0,Egap,pooled,0.03975713061953989,0.005714915538239353,0.0648506145450053,0.01653759990027181,0.02433618739537169,0.017563641589863344,0.0003723808254202845,0.05278458641266207,0.0,0.008043213960478746,0.008370477094845931,0.004910240567192097,0.04621043565097953
0.25,1,3,1,Egap,context_0,0.04164285235174037,0.011851461734702091,0.06822133013039217,0.019321720136485403,0.020829437403753426,0.010112471639995624,0.00015964635238950673,0.05090945069571942,0.0,0.011580311002647338,0.01207219099620398,0.008361281668510872,0.053474706151598876
0.25,1,3,1,Egap,context_1,0.03420956063022279,0.010058924864790597,0.0613676300372731,0.040866582857168245,0.026884208552301336,0.01201276135859905,0.023028531496896654,0.05349495911463651,0.0,0.03324614655988978,0.03125567438391885,0.02918286870830647,0.09183752538731725
0.25,1,3,1,Egap,pooled,0.03966142032915854,0.011416269770482261,0.066594802488329,0.016886246034261972,0.02120409939282586,0.01050779968863548,0.000453227062423997,0.05085973087840426,0.0,0.008043213960478746,0.010096237248943568,0.003957848257263686,0.04696949634431085
0.25,1,3,2,Egap,context_0,0.03661492398842181,2.9430549052605946e-05,0.06440740612726029,0.018022662017273403,0.020940839397849076,0.012752683936812101,0.00027400502442031117,0.0510137000950315,0.0,0.011580311002647338,0.010421322150325795,0.012943003993893042,0.054805356754215585
0.25,1,3,2,Egap,context_1,0.04148044326547695,0.015535061499515633,0.06444171400109004,0.04221143218608173,0.032875781480499744,0.009344751515723837,0.02292721517061455,0.05842694684987983,0.0,0.03324614655988978,0.034358824094838855,0.032696693297401394,0.08980642793910797
0.25,1,3,2,Egap,pooled,0.03721238111536562,0.0037598197123932782,0.06440950800351862,0.01803629722713045,0.023632785321426875,0.011993719376232753,3.123938493825029e-08,0.05171565233167554,0.0,0.008043213960478746,0.012323610871173351,0.015030978249845206,0.04726861669652833
0.25,1,3,3,Egap,context_0,0.03632372688576224,0.004656501539788519,0.06220173691268068,0.019252932227501834,0.020750551813423723,0.011875167890963545,0.0004259778786923395,0.05094828206269956,0.0,0.011580311002647338,0.011073208588523403,0.010633060243670816,0.053210489981120865
0.25,1,3,3,Egap,context_1,0.04702140871034183,0.014540916909276846,0.07027231973919526,0.05114482515510007,0.0213007032106185,0.011350292124069544,0.021966454980936752,0.050876920741653904,0.0,0.03324614655988978,0.03967439317014652,0.02654927486652022,0.09369949993944382
0.25,1,3,3,Egap,pooled,0.03879457310323381,0.0002054735948984342,0.06361395836533039,0.017493646514889848,0.020042407373753512,0.011658550522218578,0.0003910142440904877,0.0507240387409823,0.0,0.008043213960478746,0.010653195062844565,0.006257061234232886,0.04818771193148236
0.25,1,3,4,Egap,context_0,0.04025771765649638,0.0014876620207810306,0.06714488795412213,0.01812546756167685,0.02412219010934491,0.02029642340243372,0.00032249160126287006,0.0523455743831895,0.0,0.011580311002647338,0.013397779384114435,0.010546185195242657,0.05634138293659063
0.25,1,3,4,Egap,context_1,0.0371366505667613,0.0018633827348333905,0.06045877553770081,0.032282884026530644,0.022898607640437052,0.02940840042703996,0.019346825584142205,0.052111463352318324,0.0,0.03324614655988978,0.017693745781937276,0.02335182183790846,0.08885753128922327
0.25,1,3,4,Egap,pooled,0.039096752131421275,0.0016203163871521616,0.0654307178781319,0.016182957902010933,0.023679301644484396,0.022306294711909397,0.0004594634654028172,0.05182152854780742,0.0,0.008043213960478746,0.011542774888402899,0.004770120565754429,0.046284332355893486
0.25,1,3,0,Ecal,context_0,0.04098420003913933,0.004474515122374745,0.06555690842028003,0.020670194256028052,0.027315005015474125,0.01540124596081896,0.0001623944102053139,0.054910834897524484,0.0,0.011580311002647338,0.013889845709569398,0.008708576999877312,0.0538226279544382
0.25,1,3,0,Ecal,context_1,0.03945276648391843,0.009694898578949028,0.06378269367061644,0.0390166608417569,0.030958896167147032,0.0235437958889948,0.0169000311039674,0.05149704460877069,0.0,0.03324614655988978,0.026357409685444762,0.02458527181661477,0.09003995828726026
0.25,1,3,0,Ecal,pooled,0.03975713061953989,0.005741718764614114,0.06485455095276306,0.01668334598063734,0.02418738736136017,0.01737802094520524,8.65407113649283e-06,0.05268117888861233,0.0,0.008043213960478746,0.00876737468825614,0.005150738370124407,0.046445647734508114
0.25,1,3,1,Ecal,context_0,0.04164285235174037,0.011856489709821512,0.06820832746403753,0.01946480106166793,0.020829437403753426,0.009940447399557378,0.00012360442596506512,0.05090491209817482,0.0,0.011580311002647338,0.011858652666073721,0.00754541309229451,0.053714493163439785
0.25,1,3,1,Ecal,context_1,0.034263734697468795,0.009924731272618843,0.06137632816288059,0.04173454036395336,0.027692325639488202,0.012241038314068975,0.023500763960577008,0.054034058531603216,0.0,0.03324614655988978,0.03295625764514581,0.029867089251926184,0.09148657490424777
0.25,1,3,1,Ecal,pooled,0.03972253132710113,0.011387890038417267,0.06658766325925308,0.016990204314161237,0.021225356540541807,0.010438748476000445,0.0006049395333415936,0.05087304436207147,0.0,0.008043213960478746,0.010136977914238628,0.004171204309148623,0.047333992494581714
0.25,1,3,2,Ecal,context_0,0.03656153940588924,8.054299849011981e-06,0.06439472833570513,0.01810960800558133,0.020912988899325247,0.012732097738996417,0.00021836863883346945,0.051003764447493743,0.0,0.011580311002647338,0.010528091315390927,0.012365633657850397,0.054743118141755955
0.25,1,3,2,Ecal,context_1,0.041251482556579344,0.015566320398369023,0.06442740974392305,0.04211493098351956,0.03314515384289535,0.008977705826129917,0.023043916919426907,0.05869442579776719,0.0,0.03324614655988978,0.03336415726729777,0.03265164670981258,0.08979198409355982
0.25,1,3,2,Ecal,pooled,0.0371716404500706,0.0037509309563243725,0.06439676263027262,0.0178103739037215,0.023717813912290553,0.011886043101246802,0.000192080049642121,0.051738063476813506,0.0,0.008043213960478746,0.012364351536468447,0.015669834843068997,0.04752770341692247
0.25,1,3,3,Ecal,context_0,0.03637711146829481,0.004646781617960741,0.06220187196337859,0.019475844733528622,0.02083410330899549,0.011819343526727893,0.00036196598055592867,0.05095985888817279,0.0,0.011580311002647338,0.011242335911435053,0.009642551336582216,0.05330160562250863
0.25,1,3,3,Ecal,context_1,0.04693540200181856,0.014507117900004737,0.07016981302095535,0.05062103078302028,0.0213007032106185,0.01088917484273988,0.02208314814637763,0.05088191848502745,0.0,0.03324614655988978,0.038175985115630195,0.026836501967443922,0.09357711154929575
0.25,1,3,3,Ecal,pooled,0.03879457310323381,0.00020587447409530272,0.06359300540624989,0.017756216360599274,0.02006366452146946,0.01151076790910073,0.00020100443171217237,0.05072990816776923,0.0,0.008043213960478746,0.010225418077246421,0.006664997514721303,0.048095012103204944
0.25,1,3,4,Ecal,context_0,0.04025771765649638,0.001465707038382849,0.06714157408926753,0.01783769910875321,0.02412219010934491,0.020411371005022175,0.0002795097673671514,0.05233513948706265,0.0,0.011580311002647338,0.013160483847726789,0.0097005712671848,0.05594275963783389
0.25,1,3,4,Ecal,context_1,0.0371366505667613,0.00202695435077911,0.06043456899834784,0.03203745871807289,0.02280881685297187,0.02861214673417503,0.0201095867170884,0.05203015754946891,0.0,0.03324614655988978,0.018402882873972015,0.028074393298913702,0.08879313967303988
0.25,1,3,4,Ecal,pooled,0.039096752131421275,0.0016416038887162934,0.06542628062725496,0.01604523970204781,0.0236367873490525,0.022214857578741365,0.00028251519511628825,0.0517973428893349,0.0,0.008043213960478746,0.011237219898689935,0.005138611926688786,0.04644038155051714
0.25,1,4,0,Ugap,context_0,0.03661734436232422,0.0027001829833785147,0.06558633656677915,0.01804158146432015,0.020450007282268867,0.01657853095863293,0.00027099721535294797,0.05078674017940115,0.0,0.021357314067722236,0.010246398354087412,0.010220833464410765,0.052152608620938665
0.25,1,4,0,Ugap,context_1,0.04496348075458173,0.00926037824389735,0.06681601336128644,0.038764143930086474,0.025119644283256803,0.033431079318964496,0.015420902417117383,0.05147693965230046,0.0,0.04279501658549577,0.02454494623907298,0.01732509799085759,0.08970310623703016
0.25,1,4,0,Ugap,pooled,0.03814220129497026,0.0042857027007472326,0.06574137019410928,0.019024901133326545,0.02027389165450144,0.020656122057085446,0.00037299853814990076,0.050689883738941316,0.0,0.00936835264205375,0.00999443969634189,0.007365156891449346,0.04530285108391377
0.25,1,4,1,Ugap,context_0,0.03909670636704793,0.0037749213259109186,0.06541072276925775,0.017230429903903062,0.02094123810836168,0.012742169752695723,0.0002683248005083548,0.05085934858796461,0.0,0.021357314067722236,0.010247225043935946,0.007831541097155085,0.052965042886950635
0.25,1,4,1,Ugap,context_1,0.03405251601917825,0.011358030854749391,0.06233964625760451,0.03722766506638481,0.0273631969275423,0.004160570282573189,0.021688431181922,0.052385821921548156,0.0,0.04279501658549577,0.01969633210011476,0.027715097640888878,0.08498520500480572
0.25,1,4,1,Ugap,pooled,0.037386660146984,0.0001099709121792755,0.06463403372390905,0.01612208112722089,0.02012829804942995,0.010722277762499927,0.00018788658678463126,0.050787908718941364,0.0,0.00936835264205375,0.010067625202117621,0.002684169966757653,0.04615256378613804
0.25,1,4,2,Ugap,context_0,0.03700717349595967,0.009494147288942625,0.06652018809778897,0.019777161834784552,0.023966106602984982,0.00772611843886338,0.00015234604997301773,0.05155981300921174,0.0,0.021357314067722236,0.011922565109259993,0.00802110325846565,0.050658000661344654
0.25,1,4,2,Ugap,context_1,0.047517392668096625,0.003650217151500681,0.07406847154145994,0.03652532470762349,0.024624236028483626,0.014805262043182527,0.023785483995266962,0.05372210055976103,0.0,0.04279501658549577,0.026648041754092716,0.03780329418914324,0.0935062409506581
0.25,1,4,2,Ugap,pooled,0.03910769156734184,0.0062866385504756215,0.06817114477932885,0.014672427111926034,0.022115975010461836,0.009552265077782673,0.0004575347122951611,0.05094782381271624,0.0,0.00936835264205375,0.009299135726029584,0.01020095091008961,0.04637002051082448
0.25,1,4,3,Ugap,context_0,0.03870129388737792,0.002954693557644424,0.06717601479334663,0.02121218073858318,0.022132308651998223,0.029803111889481995,0.00019805132742942632,0.05125843425459429,0.0,0.021357314067722236,0.014930233176367852,0.008249428617371157,0.05394585216317773
0.25,1,4,3,Ugap,context_1,0.04052389385358407,0.014262546668798514,0.06630978966847335,0.03531409283151081,0.02843172620792661,0.01010903723409673,0.01831466489857085,0.053534592027867506,0.0,0.04279501658549577,0.0204074297036184,0.023955120217611068,0.0918369497163473
0.25,1,4,3,Ugap,pooled,0.038164575699928205,0.0012080409666966902,0.0669036479127775,0.023200883594659872,0.022501753380552603,0.02508838050692297,1.892033567553117e-06,0.051522050304411655,0.0,0.00936835264205375,0.015002539378970121,0.005948971880649199,0.0476318575873112
0.25,1,4,4,Ugap,context_0,0.03652024647167712,0.007077314422407042,0.06736110921837109,0.018319307595337616,0.020565310146668625,0.016222932853385982,0.00018598342150597533,0.0516502876213573,0.0,0.021357314067722236,0.008896625098959662,0.007492279965540025,0.05146134798078935
0.25,1,4,4,Ugap,context_1,0.04137224303562692,0.013448966740427337,0.07220312558472759,0.03586464276235662,0.029676497238836586,0.006390500029148552,0.014792158469502506,0.05591408645633018,0.0,0.04279501658549577,0.023310071674742028,0.023571244469320178,0.08958888921871808
0.25,1,4,4,Ugap,pooled,0.0369505384551741,0.008634530066652189,0.06803198034240107,0.01682893151740128,0.02209473202717971,0.013838340095336174,0.0004457201339839543,0.05224565765711239,0.0,0.00936835264205375,0.007959775162530002,0.00892648943229744,0.0448692473675496
0.25,1,4,0,Ucal,context_0,0.03661734436232422,0.002693405986340832,0.06559032799064926,0.018503050529876,0.020421946558863313,0.01639998578305288,0.0002899845363868842,0.050791849846787106,0.0,0.021357314067722236,0.01061151934347036,0.010321025499912012,0.052310028850406275
0.25,1,4,0,Ucal,context_1,0.04487922055909804,0.009399997377298772,0.06685192260635248,0.03865318415354876,0.02468023836006497,0.03331004547105221,0.01622133193210787,0.05136665045188903,0.0,0.04279501658549577,0.02471249252373408,0.01938887973746653,0.09136228440103335
0.25,1,4,0,Ucal,pooled,0.03814220129497026,0.0043141451177197915,0.06575191914813684,0.019269031349372245,0.02025262229938829,0.020489526590879187,0.00045230286879009707,0.050688453571506885,0.0,0.00936835264205375,0.010055584323767323,0.007911641117784895,0.045459194404076114
0.25,1,4,1,Ucal,context_0,0.03909670636704793,0.0037683543628585755,0.0654153299059983,0.017729472249981615,0.020857055938145297,0.01276250292999638,0.0002880525954291587,0.05085333290738726,0.0,0.021357314067722236,0.010401233059525925,0.008526169320801302,0.05350537585516682
0.25,1,4,1,Ucal,context_1,0.03396825582369456,0.011444239624613682,0.0623702488683647,0.03728543565156944,0.027451078112180616,0.00498467763406682,0.023427175799590992,0.052458565146802805,0.0,0.04279501658549577,0.018848957024378,0.030724169228136488,0.08621805961273099
0.25,1,4,1,Ucal,pooled,0.03740704168945913,8.414091054802166e-05,0.06464773813003502,0.016179450247617227,0.020234644824995707,0.010934976558407902,0.00016642859639770698,0.05079750700429687,0.0,0.00936835264205375,0.010210295999443621,0.0033939260110411444,0.045886942176572056
0.25,1,4,2,Ucal,context_0,0.03695449715614496,0.009541294437953105,0.06654195843650304,0.019468056421037272,0.023966106602984982,0.007751794161676054,0.00019372333891398523,0.05155390980293575,0.0,0.021357314067722236,0.011465526718035107,0.009270640023292108,0.05075389089504606
0.25,1,4,2,Ucal,context_1,0.047687374218523204,0.003698384017302412,0.07414498657131613,0.03532869481140795,0.024887879582398797,0.013573120146996437,0.02551215637396697,0.053791789386586984,0.0,0.04279501658549577,0.025164867492319193,0.039269886965241245,0.09469859780966268
0.25,1,4,2,Ucal,pooled,0.039128073109816974,0.006310190643718241,0.06820489314224548,0.01461975754088913,0.022094705655348684,0.009265600091527437,0.00037506665967465026,0.050941487116515624,0.0,0.00936835264205375,0.00894718791572578,0.010625081863306145,0.04642214855242884
0.25,1,4,3,Ucal,context_0,0.03872817849862642,0.002986892389960724,0.06719934316090294,0.020769677896589987,0.022132308651998223,0.029816836450700976,0.0002375369689381116,0.05125215196727048,0.0,0.021357314067722236,0.014479668612160167,0.008759815771891801,0.053767119060541574
0.25,1,4,3,Ucal,context_1,0.04070722066040505,0.014217868032427413,0.06624675573684144,0.035745330897951726,0.02843172620792661,0.008982763150219869,0.019735341832253867,0.05292337891355448,0.0,0.04279501658549577,0.020828730681036668,0.028263291207882485,0.0934054816801204
0.25,1,4,3,Ucal,pooled,0.038207733523287934,0.001172827653687989,0.06691088699203936,0.02310246436253743,0.022289059829421087,0.024807009323758983,0.0001024427794075293,0.05142412532625998,0.0,0.00936835264205375,0.014745986928842929,0.007017919613001263,0.04774100491192798
0.25,1,4,4,Ucal,context_0,0.03657401569417412,0.0070563388991912905,0.06739014822398467,0.018678067645690858,0.020396945806235967,0.01622093740050018,0.00024031174025419865,0.05159304349746201,0.0,0.021357314067722236,0.009154207643348523,0.008718562554097604,0.051755290188234576
0.25,1,4,4,Ucal,context_1,0.041295386048070204,0.01333679936830703,0.07226487536809785,0.0370698791681256,0.02950073486955984,0.006835047275522033,0.016006049978971565,0.055664244587398055,0.0,0.04279501658549577,0.02432119402054584,0.02561789504388645,0.09035835349896673
0.25,1,4,4,Ucal,pooled,0.0369736363858269,0.00859093610032383,0.0680682100340335,0.016871184997175527,0.021903307831161345,0.013943663102631773,0.0005991633190438068,0.05215417175419924,0.0,0.00936835264205375,0.008077010666157701,0.008935518551088897,0.044994978933105646
0.25,1,4,0,Egap,context_0,0.03658362566633222,0.002831022433782202,0.06562843626449086,0.01909209171174885,0.020365825112052427,0.017075741157214483,0.00030296634514329025,0.05077885960858902,0.0,0.021357314067722236,0.011091119036986787,0.010926596203591061,0.05271886852392752
0.25,1,4,0,Egap,context_1,0.04506956093132353,0.009541276664555818,0.06687651913039021,0.040924630356632546,0.023977188882958023,0.027224884772659774,0.019448583744916786,0.05139002949087139,0.0,0.04279501658549577,0.02715603819276003,0.023596463236650794,0.09351751334231559
0.25,1,4,0,Egap,pooled,0.03824918573355246,0.004452623695645089,0.06578957184159934,0.01859583425522289,0.020167544878935684,0.019545357642455213,0.0001648374136548874,0.050673592111684915,0.0,0.00936835264205375,0.010341171067702045,0.008822547749603775,0.045466483055044665
0.25,1,4,1,Egap,context_0,0.03941910091983414,0.003732201596231297,0.06554038160923734,0.016553439430370954,0.019762687725332795,0.013570259714261554,0.0002780580660954749,0.05080433122271301,0.0,0.021357314067722236,0.008957937893355042,0.008174483424195782,0.0522601450516336
0.25,1,4,1,Egap,context_1,0.033589815523747735,0.011241441351617084,0.062371868969358576,0.039313412975002564,0.02674802863507375,0.0008673407030486968,0.024674201092880703,0.0522545027125194,0.0,0.04279501658549577,0.021629543475338568,0.03049777250160437,0.08675087290578783
0.25,1,4,1,Egap,pooled,0.03743309147082269,0.00010744689721785619,0.06473516882438894,0.01613943472649693,0.020340991600561464,0.010550712177584048,0.0002864476335740704,0.050804831602901966,0.0,0.00936835264205375,0.010177850603634683,0.0022746278204392686,0.04640941979225354
0.25,1,4,2,Egap,context_0,0.037164757491153555,0.009737454272995636,0.06663475197065387,0.0204044158581813,0.024134470943417696,0.007474571455860363,0.0001617687206971201,0.05164891354431687,0.0,0.021357314067722236,0.012049688513601402,0.008250722732008192,0.051201760616614876
0.25,1,4,2,Egap,context_1,0.047972689955600334,0.0036556074339426023,0.07418988770312135,0.03608570972043927,0.023661749106977825,0.01693501468733971,0.0257889077053666,0.05350061109833669,0.0,0.04279501658549577,0.026564755664915236,0.039352598157803266,0.09455454932153437
0.25,1,4,2,Egap,pooled,0.039235453835816336,0.006473480883164869,0.06829869877220555,0.016103251359946447,0.022583900822951197,0.009884869080953165,0.0005027767716871568,0.05102981456491586,0.0,0.00936835264205375,0.010466959723004066,0.009391099235944405,0.04690274618553762
0.25,1,4,3,Egap,context_0,0.038920158240797365,0.002902561023958661,0.06743283957108716,0.02074785133845597,0.022076187205187225,0.034119480009855055,0.00017447191697033673,0.05125694371917892,0.0,0.021357314067722236,0.015689476118343572,0.008522972901583823,0.052841102919073034
0.25,1,4,3,Egap,context_1,0.04087028605605786,0.014512371429964446,0.06649993800827601,0.03423623009132114,0.02992570634677888,0.005754721416722855,0.017657794784089492,0.054524799512781996,0.0,0.04279501658549577,0.02242967439522607,0.02211454050044271,0.0912368192799685
0.25,1,4,3,Egap,pooled,0.03828907589332092,0.0013085239545071767,0.0671531296801411,0.021791555926016636,0.022842063062363027,0.027348574638230566,0.00011469350641215778,0.05165160490482653,0.0,0.00936835264205375,0.01486222308278533,0.006499847247319047,0.04766800618646855
0.25,1,4,4,Egap,context_0,0.0366655903538215,0.007030296297590508,0.06755326519454634,0.01883080992315544,0.02017246001899231,0.01586173884394508,0.00023886685698594826,0.05140857402367938,0.0,0.021357314067722236,0.01084003432238072,0.008530327914909182,0.05203340468367698
0.25,1,4,4,Egap,context_1,0.041088485868639835,0.013220832172850003,0.0722208199587842,0.03585182134861328,0.03105175907232305,0.006649269555838819,0.016827265603395453,0.05655369653736597,0.0,0.04279501658549577,0.024095688410667615,0.025029323925174794,0.09031706960372156
0.25,1,4,4,Egap,pooled,0.037059320406785334,0.008542692839846187,0.06815307545433338,0.016960624969922934,0.021882038476048193,0.013631982859887537,0.0005400263845423744,0.052059050829897806,0.0,0.00936835264205375,0.009681076445801485,0.00813951441364157,0.04552889480110265
0.25,1,4,0,Ecal,context_0,0.03661051027758072,0.0028464925283475002,0.06567400495845406,0.01926856941850827,0.02030970366524154,0.01696070826987303,0.0003773805202297851,0.05078736753984101,0.0,0.021357314067722236,0.01092981136949566,0.011878734091317386,0.052586591892310935
0.25,1,4,0,Ecal,context_1,0.045238081322290846,0.00943922452437829,0.06694647188160194,0.039595473345064566,0.023977188882958023,0.026356576049774927,0.021899194687441226,0.05135708677855801,0.0,0.04279501658549577,0.02589213526050525,0.027612614094246646,0.09367958096857439
0.25,1,4,0,Ecal,pooled,0.03835109344592813,0.004439951905602803,0.06583874828384385,0.01863626561905325,0.02012500616870938,0.019246686361773985,0.00036090401227949036,0.05067866712186005,0.0,0.00936835264205375,0.009790869420873361,0.009184433282440372,0.045566414713853746
0.25,1,4,1,Ecal,context_0,0.039445985531082695,0.0037460606472050966,0.065535761927589,0.016893182809489964,0.01970656627852191,0.012860043576186947,0.00038532347097832396,0.05079941567475553,0.0,0.021357314067722236,0.009880557714216335,0.009904860271022985,0.052859711152585906
0.25,1,4,1,Ecal,context_1,0.033589815523747735,0.011200287280857348,0.06239704731049199,0.03956406068378726,0.027099553373627128,0.0006275117753375831,0.02640919561439293,0.05237921402871847,0.0,0.04279501658549577,0.021461023084371266,0.032879662685358135,0.0883195626090921
0.25,1,4,1,Ecal,pooled,0.037473854555772956,0.00012765490077762962,0.06473721902297329,0.016456987844981945,0.02042606902101407,0.009954659347418862,8.370478741131365e-05,0.050810750599186875,0.0,0.00936835264205375,0.01027663409082923,0.0028235165673834903,0.046422125979977684
0.25,1,4,2,Ecal,context_0,0.037137872879905,0.00971360577329334,0.06663923445028075,0.020543021110599163,0.023994167326390425,0.007405929342764128,0.00023990779532870841,0.051592785045448564,0.0,0.021357314067722236,0.012702218835467093,0.009826652656465559,0.05139055037534711
0.25,1,4,2,Ecal,context_1,0.047888429760116646,0.0037453669634381105,0.07423584674087033,0.03643577274501911,0.023398105553062765,0.01783210566584645,0.028692774237557978,0.0533447614541845,0.0,0.04279501658549577,0.026817536251366167,0.042230318163834296,0.09512605068632454
0.25,1,4,2,Ecal,pooled,0.03925583537829147,0.006432734534172093,0.0683023773858171,0.015941895934620982,0.02249882340249859,0.010040299774717598,0.0003839655889437219,0.05102907138991684,0.0,0.00936835264205375,0.010126526601835186,0.009333773781872761,0.046918762697028424
0.25,1,4,3,Ecal,context_0,0.038947042852045866,0.002929513331465727,0.06741339823517592,0.020771242166529893,0.022076187205187225,0.0338338118372596,0.0002729435978749946,0.05123642119836828,0.0,0.021357314067722236,0.01593143761958028,0.009973279151327836,0.0530469813902844
0.25,1,4,3,Ecal,context_1,0.040954546251541546,0.014479686629739703,0.06658440226558338,0.03278235825402941,0.029398419238948675,0.00463258522163007,0.019907551000391016,0.054145561864340205,0.0,0.04279501658549577,0.020019637983132398,0.026643571641890886,0.09178611218691073
0.25,1,4,3,Ecal,pooled,0.038405909396832916,0.00127989514193407,0.06715532796479803,0.021904739122685826,0.022693177576570966,0.026858515525279902,0.00032471093629421986,0.051578904379992116,0.0,0.00936835264205375,0.014974198184528019,0.007540687990357054,0.047463362143313356
0.25,1,4,4,Ecal,context_0,0.03663870574257294,0.007051680447572122,0.06754315001992935,0.01882069567387357,0.020116338572181425,0.016077007434427013,0.00032848758740853254,0.0513640594764117,0.0,0.021357314067722236,0.010517418987398466,0.009737042587420634,0.052080339924364574
0.25,1,4,4,Ecal,context_1,0.04128067704284705,0.013239692277315647,0.07221802289110922,0.03805055169463163,0.030875996703046305,0.005380618585496086,0.019044176907793586,0.05664330404135206,0.0,0.04279501658549577,0.027044795252595483,0.028301450709078944,0.09145499833121096
0.25,1,4,4,Ecal,pooled,0.03712029849662807,0.008563365519663465,0.06815247468396153,0.017114460058860435,0.021648075569803527,0.013491039590275866,0.0006680509585357021,0.052015695225409254,0.0,0.00936835264205375,0.010292522720055545,0.008541562358939792,0.04526168723685534
0.5,0,0,0,Ugap,context_0,0.02962451934768584,0.0010135270619788849,0.05986224906209244,0.023355886159204604,0.023430400047011288,0.010827642631830253,1.6444040989629653e-05,0.051675652095395125,0.0,0.017184905281574,0.013270713926796431,0.005080447158606537,0.06471899777372978
0.5,0,0,0,Ugap,context_1,0.028174375460625678,0.0032167220761135993,0.05731236355403728,0.01984421525263331,0.02142607024678489,0.032567188774503444,2.89427494237158e-06,0.05163473751977736,0.0,0.012927080879661,0.010956597888547937,0.012152853153814095,0.0609848100417379
0.5,0,0,0,Ugap,pooled,0.028172092182891406,0.002112055358160691,0.05853715788227975,0.01381205408695516,0.021232847480739225,0.02165903925251672,1.838781655605148e-05,0.051514765888024894,0.0,0.011237280152187418,0.007201687396459452,0.005739786185849919,0.04386429494542493
0.5,0,0,1,Ugap,context_0,0.03407864209211309,0.0006674877566248709,0.05968978104015483,0.028817557138112897,0.01943968278096636,0.010794862704225028,5.008471564416225e-05,0.05222775395316883,0.0,0.017184905281574,0.021020240427631846,0.0057725338394008395,0.0687104758639111
0.5,0,0,1,Ugap,context_1,0.030862126574531246,0.006861780328269776,0.06333884368712533,0.024135283295075215,0.019957120484753024,0.0412242790463455,0.00012999072001018875,0.0512705896662981,0.0,0.012927080879661,0.018475131127576816,0.008578463781416457,0.06579322586637627
0.5,0,0,1,Ugap,pooled,0.031738243054942494,0.0031360551254718833,0.06151470114074002,0.017037179990900566,0.018990485499877252,0.025894867334878904,3.3713708495006255e-05,0.05141668718317873,0.0,0.011237280152187418,0.012420965779159276,0.004716213291296528,0.048532105411217094
0.5,0,0,2,Ugap,context_0,0.033861339651978795,0.0024712610605482606,0.06459169753888566,0.02047264413458125,0.02222652396971725,0.019899301222303892,6.932613330561934e-05,0.05167482344787235,0.0,0.017184905281574,0.011506022587203513,0.005619549895803662,0.06355627428377443
0.5,0,0,2,Ugap,context_1,0.031881298757567955,0.01002251245701624,0.06243861814054588,0.024022080777695496,0.027330455315835944,0.038135812308233416,1.4847661453977164e-05,0.05252974489965925,0.0,0.012927080879661,0.01671872383389297,0.006309310257609619,0.06550738326208974
0.5,0,0,2,Ugap,pooled,0.03193140508661746,0.0038060298092661895,0.06346557666088082,0.016857216034215416,0.02062631619128852,0.02909849670525634,2.229416426438412e-06,0.051329722338171145,0.0,0.011237280152187418,0.011484192908755802,0.0014416965564001975,0.04545069091299442
0.5,0,0,3,Ugap,context_0,0.030602072965907612,0.0034339864533088427,0.06212540548922292,0.027350862508337775,0.028221456536572986,0.038633777565238225,0.00015527375448655173,0.05408796739467844,0.0,0.017184905281574,0.02136247977039061,0.008837322507302927,0.06651840788509848
0.5,0,0,3,Ugap,context_1,0.030785922161788326,0.00078418189575516,0.05746831511927049,0.026810149859805912,0.023700220439935582,0.029013412005067116,9.602433381475877e-05,0.05190700298068488,0.0,0.012927080879661,0.020888250128541758,0.010595794639078369,0.06586290483836481
0.5,0,0,3,Ugap,pooled,0.029782559100897887,0.0013000198907526439,0.059761194374092386,0.019922060630853878,0.024353779251887198,0.033725176929366815,5.958974964586608e-05,0.051980464883224275,0.0,0.011237280152187418,0.015576453231635649,0.005850019241615604,0.045673323886298044
0.5,0,0,4,Ugap,context_0,0.031092518780402034,0.0002964741492481025,0.05997521987578883,0.031487893202636105,0.02352593773715239,0.04469040836170818,0.00014751541318965157,0.05307146440784293,0.0,0.017184905281574,0.02230567716033942,0.0070608045352146456,0.06752829616276651
0.5,0,0,4,Ugap,context_1,0.03571910702137654,0.0018421622808950616,0.06314446824308678,0.02565697707280525,0.021110286945027534,0.02446873507572818,4.554331147451355e-05,0.05141953392683097,0.0,0.012927080879661,0.019084615353716576,0.007451669471103313,0.06351958562031884
0.5,0,0,4,Ugap,pooled,0.032911291107291296,0.0010165060322697625,0.061195536845178734,0.01963177758699255,0.022085208732875033,0.03448057057538208,8.084499365431958e-05,0.051430851947707405,0.0,0.011237280152187418,0.016187446627839032,0.0064305018683166616,0.045768421464267475
0.5,0,0,0,Ucal,context_0,0.02962451934768584,0.0010026407956123453,0.0598657170463084,0.02375446185430258,0.023430400047011288,0.010815859252874316,1.1624007897552928e-05,0.05167990234327018,0.0,0.017184905281574,0.013682881101802623,0.004941122613524325,0.06456078706501375
0.5,0,0,0,Ucal,context_1,0.028174375460625678,0.003244259097210058,0.05730539659351172,0.01978794201378172,0.02142607024678489,0.03258657683894202,1.1714576248784113e-05,0.05164269052125927,0.0,0.012927080879661,0.010875514616027062,0.011323757782035959,0.060939425006810724
0.5,0,0,0,Ucal,pooled,0.028151653987992797,0.002120414896610641,0.05853331364831783,0.013988703139175333,0.021232847480739225,0.021662755026742905,1.4096011003456943e-05,0.051521078608307305,0.0,0.011237280152187418,0.007528698514837465,0.005429340543254457,0.0439516653778876
0.5,0,0,1,Ucal,context_0,0.03407864209211309,0.0006795028004466556,0.05969767794332883,0.028643669010838282,0.019396660925864007,0.010913227325306765,5.564387892063226e-05,0.05223081242123813,0.0,0.017184905281574,0.021185107297634335,0.005687729237568362,0.06875965686987374
0.5,0,0,1,Ucal,context_1,0.03078104330201037,0.00683472671019147,0.06331170246097931,0.02441915266868449,0.019856782051340116,0.040663496193878115,0.00013121907139481006,0.051267380724505325,0.0,0.012927080879661,0.018677839308879014,0.007981146191018638,0.06606574367097577
0.5,0,0,1,Ucal,pooled,0.031717804860043886,0.0031165585235946834,0.061504659304078335,0.01726301673533575,0.018926492325815808,0.02567558277470021,3.234854522700045e-05,0.051413265128554306,0.0,0.011237280152187418,0.012441403974057942,0.004573951129959093,0.04868275022168039
0.5,0,0,2,Ucal,context_0,0.033861339651978795,0.0024683215653228483,0.0646110999478909,0.020440506847832003,0.02222652396971725,0.019881166868796304,7.239851261149112e-05,0.05167495227331237,0.0,0.017184905281574,0.01198334907945207,0.005579553763137617,0.0632869271021061
0.5,0,0,2,Ucal,context_1,0.03184075712130752,0.010010389605691257,0.062426043767245774,0.023714566922989906,0.027288146972630656,0.03793191527028027,9.41131622437917e-06,0.052524557847750376,0.0,0.012927080879661,0.016353849107548963,0.006142512650898547,0.06595153898668436
0.5,0,0,2,Ucal,pooled,0.03195184328151607,0.0038012754296796103,0.06346846182959315,0.016772789595402994,0.020604985133268028,0.028987965668486174,1.9479339355578775e-07,0.051330055099439435,0.0,0.011237280152187418,0.011382001934262658,0.0016405766212168643,0.0454154127749657
0.5,0,0,3,Ucal,context_0,0.030643289683408237,0.0033994258044537113,0.06216185366295505,0.027367184387944932,0.02826447839167534,0.038579249978662966,0.00015222649448964236,0.05407499616879643,0.0,0.017184905281574,0.02111517946538687,0.008095918624702698,0.06627457815249013
0.5,0,0,3,Ucal,context_1,0.030785922161788326,0.000776656786439459,0.057475021490660534,0.026732195474234242,0.023657912096730294,0.028988056436242207,9.162521912614102e-05,0.05193677400517269,0.0,0.012927080879661,0.020883611212687322,0.010233126649096102,0.06575148696985365
0.5,0,0,3,Ucal,pooled,0.029782559100897887,0.0012867630897542013,0.05978197475648181,0.019784767066620496,0.024353779251887198,0.033684927841533915,6.954245352859892e-05,0.05196767131960267,0.0,0.011237280152187418,0.015453824062243871,0.006286612036958155,0.0457694875711805
0.5,0,0,4,Ucal,context_0,0.031092518780402034,0.0003146497595188695,0.05996536759804325,0.031357641020657204,0.02348291588204998,0.04477952539980315,0.00012876014633486963,0.053103030183423126,0.0,0.017184905281574,0.02201716013783509,0.006601996905945256,0.06731179638253747
0.5,0,0,4,Ucal,context_1,0.03566006304257019,0.0018279805158405045,0.06315365373003157,0.025520218753475456,0.021194903631438083,0.024814946472041674,4.887185885759808e-05,0.05143087367775429,0.0,0.012927080879661,0.018962990444935258,0.007544929393569426,0.06337339991728293
0.5,0,0,4,Ucal,pooled,0.03289085291239269,0.0010181106947404726,0.061193061678536075,0.019564338850877383,0.022127870848915987,0.0346965175878446,7.670935130551224e-05,0.05143238293040414,0.0,0.011237280152187418,0.016126132043143157,0.0058986390793812436,0.045644283743642565
0.5,0,0,0,Egap,context_0,0.029231995720156445,0.0012618572496383169,0.05986879946503934,0.025092966630522445,0.02300018149598737,0.008400934411636918,1.1680384379543473e-05,0.05159537218070822,0.0,0.017184905281574,0.015867367129335397,0.0043628148652160685,0.06518175189687313
0.5,0,0,0,Egap,context_1,0.028160349109047966,0.003327786462951495,0.0572237422299371,0.020744283603721336,0.021595303619606043,0.03561520577758283,1.408208689318986e-05,0.05172122597528288,0.0,0.012927080879661,0.01257900686890132,0.009215486391544155,0.061974831046257534
0.5,0,0,0,Egap,pooled,0.027949495598844465,0.0022915122653517413,0.058487854659023654,0.014389321849887364,0.020998205842513995,0.021951589170440045,1.6796715492223662e-05,0.05150802434142187,0.0,0.011237280152187418,0.008062029709435392,0.004286301474263425,0.043678637624411085
0.5,0,0,1,Egap,context_0,0.03358495075201656,0.0007493647454706498,0.05965978629683746,0.027249372237725132,0.01948755346457598,0.01146596531965019,4.7445546321040264e-05,0.052179476649264735,0.0,0.017184905281574,0.02011519166036012,0.005020700674769796,0.06909123750307408
0.5,0,0,1,Egap,context_1,0.030739423399229526,0.006665468886099246,0.06328068724266314,0.0232579828087967,0.020210970543984713,0.04086364395834101,0.00016329848512778672,0.05129434466012749,0.0,0.012927080879661,0.016650757495857052,0.00894088702458611,0.06550994927198853
0.5,0,0,1,Egap,pooled,0.031658571617021014,0.0029956878379602536,0.06147414647988128,0.01700235867127699,0.019182465022061543,0.026065751922765293,5.08919329512492e-05,0.05138761959743449,0.0,0.011237280152187418,0.012000502008702316,0.005247082429440797,0.048865095681588665
0.5,0,0,2,Egap,context_0,0.03394225009757712,0.0024026938614951916,0.06457969142459798,0.021205525693910383,0.022097458404410047,0.018597739271547203,8.059157463265805e-05,0.05165297551130754,0.0,0.017184905281574,0.012189432666955186,0.005973028857646697,0.06440392763349749
0.5,0,0,2,Egap,context_1,0.031577159466577465,0.010288177452044883,0.062457740629458434,0.02410967745132223,0.026991988570193692,0.03877508159223038,3.543161853337707e-05,0.052234754479540374,0.0,0.012927080879661,0.016940420170129346,0.007341511554681879,0.06495220801328447
0.5,0,0,2,Egap,pooled,0.031802201751790604,0.003972484289831446,0.06347385490703457,0.01655779629950828,0.020455667727124704,0.028754674459721394,8.846182356654208e-07,0.05131032437351193,0.0,0.011237280152187418,0.01174988944243793,0.0027154105179406523,0.04500666536522537
0.5,0,0,3,Egap,context_0,0.03074425030962752,0.00356957270028714,0.062242337533219616,0.027776183905177224,0.02830750024677775,0.036481788316467006,0.00010056572271986599,0.05419525803133094,0.0,0.017184905281574,0.021547241506253173,0.008753965158333599,0.06648786368540502
0.5,0,0,3,Egap,context_1,0.03071379383347439,0.0006749369935789399,0.05734722239954622,0.027416719062206125,0.02298097860544579,0.029086798241889547,9.527160359824063e-05,0.05203436172723424,0.0,0.012927080879661,0.021699082853750593,0.010169981456050843,0.06540365029234298
0.5,0,0,3,Egap,pooled,0.029794745528873068,0.0014249787661555074,0.0597570499846922,0.019624843542123533,0.024009510073078166,0.03270417613262423,5.6075908734005384e-05,0.05189725485161581,0.0,0.011237280152187418,0.015494700452041118,0.0057483327035881444,0.04533888642761064
0.5,0,0,4,Egap,context_0,0.03090180532258574,0.0003212634341656132,0.06012745750088286,0.029717198274426673,0.02352593773715239,0.04592278003747455,0.0001029016200730203,0.05291494713189899,0.0,0.017184905281574,0.020202216179587812,0.005611766262524907,0.06735876623971672
0.5,0,0,4,Egap,context_1,0.03572758207773641,0.0018645489489216213,0.06308801716264936,0.026016889246838613,0.021110286945027534,0.024974053428893472,2.0860134464879647e-05,0.051403367804424484,0.0,0.012927080879661,0.01938829253048404,0.006228221445494228,0.06499693691687322
0.5,0,0,4,Egap,pooled,0.03276035442089753,0.00104059242972155,0.0612237648852287,0.0190448522947209,0.0219998845007931,0.03536629707094775,5.854220331269434e-05,0.051407449795725625,0.0,0.011237280152187418,0.015270865623498612,0.005057253311102169,0.04644611095691565
0.5,0,0,0,Ecal,context_0,0.029177645103943828,0.0012724340835410517,0.05990385245237255,0.024664714027801432,0.02300018149598737,0.007926086953147837,8.175780983168891e-06,0.051569274873624664,0.0,0.017184905281574,0.015321210563537722,0.0042115644610300875,0.06499227965866386
0.5,0,0,0,Ecal,context_1,0.028200890745308405,0.0033196921235796343,0.05723363399242907,0.020835005711070727,0.021552995276400755,0.03557438568535444,8.264661767507516e-06,0.051699866801635956,0.0,0.012927080879661,0.012497322255436347,0.01016979860570787,0.06168544443327829
0.5,0,0,0,Ecal,pooled,0.02802826652927859,0.0022927129853027254,0.05851119961911769,0.014427495739464282,0.02082755737835018,0.021689037432649383,1.3898138005616586e-05,0.05147807626921845,0.0,0.011237280152187418,0.00791896234514505,0.004892367177062837,0.04380705932494045
0.5,0,0,1,Ecal,context_0,0.03364337875768014,0.000734506159005985,0.05971489583835212,0.027326674137546678,0.01935848789926886,0.011133625652439125,5.27129738203781e-05,0.05216526848405239,0.0,0.017184905281574,0.019826674637855812,0.004654093627208373,0.06876663255751178
0.5,0,0,1,Ecal,context_1,0.030698881762969088,0.006661558056843156,0.06325890864379737,0.023187005936800113,0.020253278887189988,0.04132995555049819,0.00015571464318449882,0.051304070281297354,0.0,0.012927080879661,0.016448049314554857,0.008222262504278311,0.06561974604448916
0.5,0,0,1,Ecal,pooled,0.031658571617021014,0.0030006910183124616,0.06149058645926172,0.01662345535577683,0.01920379608008202,0.026127894907224683,4.825942904483952e-05,0.05138313965275522,0.0,0.011237280152187418,0.011509985331135265,0.005297000513121425,0.04859802831117017
0.5,0,0,2,Ecal,context_0,0.033983466815077745,0.002393181739455721,0.0645579138128854,0.02100770837587308,0.021968392839102874,0.018652392847217883,5.051385296409624e-05,0.05164144493183345,0.0,0.017184905281574,0.012360006977442734,0.00464989529094637,0.06411892539297402
0.5,0,0,2,Ecal,context_1,0.0316177011028379,0.010308467963146337,0.062442211508518884,0.02432124447237455,0.02694968022698843,0.03850824876588367,3.12942681422183e-05,0.05222555355845174,0.0,0.012927080879661,0.017345836532733742,0.007188277720216163,0.06550728501467647
0.5,0,0,2,Ecal,pooled,0.03177289160917929,0.0039873714560933055,0.06345566482056121,0.01655029312797451,0.020455667727124704,0.028647419517388542,1.9478002808977164e-06,0.05131193473408945,0.0,0.011237280152187418,0.011954271391424208,0.0023580839084625244,0.04504690430994916
0.5,0,0,3,Ecal,context_0,0.030785467027128144,0.0035279133903755033,0.06222742296857057,0.027747351911817424,0.028135412826368167,0.03696755465282084,0.00012598497550838012,0.054095580417707935,0.0,0.017184905281574,0.021670891658755007,0.008401619462671059,0.06645996682571431
0.5,0,0,3,Ecal,context_1,0.03071379383347439,0.0006815325978789778,0.057351901751381065,0.02677620203795316,0.022938670262240557,0.02903939703783824,7.881124317670694e-05,0.052043716006516895,0.0,0.012927080879661,0.02076662521976049,0.009735153398362926,0.06534231047981266
0.5,0,0,3,Ecal,pooled,0.029794745528873068,0.0014006268977546784,0.05975107928436698,0.019472119135282406,0.02392418584099626,0.032918410154669384,6.992182815905709e-05,0.05186579273548936,0.0,0.011237280152187418,0.015290318503054855,0.006108618915789926,0.04532352742563616
0.5,0,0,4,Ecal,context_0,0.030943022040086365,0.00028918531203027615,0.06014496671685679,0.030074377788032146,0.023698025157561975,0.046866949401471125,7.364365649949645e-05,0.052940418072183845,0.0,0.017184905281574,0.020779250224596434,0.004410786779678761,0.06747795864409767
0.5,0,0,4,Ecal,context_1,0.03576812371399685,0.001828325495940036,0.06306917877295107,0.025701600069341454,0.021110286945027534,0.025006385197126627,1.8024339343694965e-05,0.0514145435745648,0.0,0.012927080879661,0.019145042712921403,0.006663054852057236,0.064759912324946
0.5,0,0,4,Ecal,pooled,0.032801230810694804,0.0010062804534070042,0.06122130431297715,0.018891208282313984,0.0219998845007931,0.035850764709342633,4.953720899853896e-05,0.05140402899412175,0.0,0.011237280152187418,0.015005169089816448,0.0047598632675239306,0.046327897906345825
0.5,0,1,0,Ugap,context_0,0.0363514807186921,0.00541356970258648,0.0654135586855871,0.02157785134701169,0.022843960192925394,0.010842913592220726,9.443922936768227e-05,0.05241742700230741,0.0,0.03094431757941527,0.015000581640213975,0.007638440065491241,0.062869078010949
0.5,0,1,0,Ugap,context_1,0.03691459930938412,0.004511442813111032,0.06598483882293793,0.023188563719042734,0.021070972061788207,0.025502055775996665,0.00022398065034152876,0.051486683807728716,0.0,0.010079068346431328,0.012970228790771667,0.009958914947831205,0.06858706362758123
0.5,0,1,0,Ugap,pooled,0.03592180162331954,0.0050397054481210925,0.06563048023498112,0.01885084227094308,0.02139286918646044,0.01799013500242251,0.00015236223054888843,0.05124059889818501,0.0,0.014722275239418995,0.014924478881542292,0.007196178117469371,0.046650704863148144
0.5,0,1,1,Ugap,context_0,0.03825667096861329,0.006671811833020242,0.06575506387148533,0.024315864770420734,0.020254340829493622,0.016951302395857362,2.370777967589669e-05,0.05136933768396926,0.0,0.03094431757941527,0.015064836099383512,0.003699484949932531,0.06666633353098617
0.5,0,1,1,Ugap,context_1,0.03176104429823634,0.00606859762743357,0.0642630085237841,0.02378939173603534,0.021537732334950266,0.021452408446209797,3.372559809523991e-05,0.05150288742407441,0.0,0.010079068346431328,0.01587104518624645,0.002853176242073876,0.06693875834615667
0.5,0,1,1,Ugap,pooled,0.034860487120400685,0.0006309340994901133,0.06504834385106793,0.02099856374461578,0.020842965419619608,0.01924512737935541,3.483255917984061e-05,0.051188086784577355,0.0,0.014722275239418995,0.016426487071728297,0.002413983323111374,0.04785596192434942
0.5,0,1,2,Ugap,context_0,0.03466759697271454,0.007484606525297338,0.0640506923773429,0.025768490318997056,0.025559021614197652,0.0063849601519010285,0.0002166025883701228,0.052917827113973255,0.0,0.03094431757941527,0.01829836067186761,0.011549139424339763,0.06502848960056183
0.5,0,1,2,Ugap,context_1,0.029614545806659676,0.002782903821501874,0.06505548440448553,0.025906596393697717,0.02165994157120632,0.02519787177081534,0.00013895669162290524,0.05144419226489312,0.0,0.010079068346431328,0.01674480105579064,0.00920896453726813,0.06514119611764595
0.5,0,1,2,Ugap,pooled,0.031389830156675735,0.0025878463991221854,0.06453417274433085,0.02005612020386611,0.022580246665902304,0.015390009260516993,0.00013041361594240354,0.05191213001721491,0.0,0.014722275239418995,0.015203238264433004,0.007316504074270172,0.04795640408303747
0.5,0,1,3,Ugap,context_0,0.03239289776507043,0.013084514638282096,0.05947807439225915,0.022143846716757412,0.020781719179929103,0.023735327768901332,4.311626366760972e-05,0.05156560665465475,0.0,0.03094431757941527,0.01089998136007905,0.008026380902494742,0.06101471978240583
0.5,0,1,3,Ugap,context_1,0.036783063669592275,0.0062741073200130735,0.06312721787317947,0.03005332025084353,0.020547754428184045,0.0366476805461599,4.431269900802786e-05,0.05145096232219128,0.0,0.010079068346431328,0.025431080073388304,0.01001205259647326,0.06836100689871105
0.5,0,1,3,Ugap,pooled,0.03393710734922334,0.003962007745418603,0.061091994739775946,0.01903713767404983,0.020398812377171227,0.030006409217128396,1.3443789648402683e-05,0.051207926981121775,0.0,0.014722275239418995,0.015687659090528123,0.006797709250368098,0.043757981771334116
0.5,0,1,4,Ugap,context_0,0.03317806682386781,0.009057889715730759,0.06354753156453552,0.02024885560847697,0.022522378008578425,0.015842303772511418,2.718560650647546e-05,0.051535948219082035,0.0,0.03094431757941527,0.010331390909356645,0.0064878456608803425,0.06460165794698962
0.5,0,1,4,Ugap,context_1,0.032268002688292385,0.004161763548062222,0.06244807699620862,0.026793608599426786,0.02086820903553943,0.024190878109206074,8.10032930090586e-06,0.051309014876340577,0.0,0.010079068346431328,0.019960573709130347,0.006524074671897814,0.06803009201019783
0.5,0,1,4,Ugap,pooled,0.0324487941605176,0.002782881011797013,0.06293417897875404,0.02338188183386309,0.021223668027432474,0.019935701158502656,9.917771961810929e-06,0.05121871362878365,0.0,0.014722275239418995,0.017363468091230093,0.003104494820030037,0.0476071103046348
0.5,0,1,0,Ucal,context_0,0.03646566591235445,0.005350103191647139,0.06543462021301014,0.022010140183760882,0.022884157965968766,0.010877862570664185,8.699683494330969e-05,0.05241500537822592,0.0,0.03094431757941527,0.01568856591175393,0.007090871997720704,0.06307976821361004
0.5,0,1,0,Ucal,context_1,0.03691459930938412,0.004488335734090519,0.06599895609229497,0.02304084005169727,0.0208477976286513,0.025261781423373084,0.00019199329341642815,0.05142963798977467,0.0,0.010079068346431328,0.012970228790771688,0.009138956810477643,0.06849158268555601
0.5,0,1,0,Ucal,pooled,0.03592180162331954,0.004995281776986698,0.06565032009035617,0.018738580649493596,0.02137171904158186,0.017892159590513948,0.00014458462241629115,0.05125409774056726,0.0,0.014722275239418995,0.015042048920902308,0.00697153353079763,0.04697020582994189
0.5,0,1,1,Ucal,context_0,0.038218136808080005,0.006693125627542192,0.0657636402884341,0.023998914236735166,0.020334736375580365,0.017305604334461308,1.0265579796256142e-05,0.05135334443898842,0.0,0.03094431757941527,0.014880581148730872,0.0031746229365354197,0.06696736919569869
0.5,0,1,1,Ucal,context_1,0.031675493780655706,0.00611581969190511,0.06425395183566024,0.024377350900781292,0.02149309744832295,0.020451171090003134,3.977263236268016e-05,0.05149182530069563,0.0,0.010079068346431328,0.016812100879633397,0.003948544524976827,0.0671523791154749
0.5,0,1,1,Ucal,pooled,0.0348601391590837,0.0006201509216300243,0.06504888706963444,0.021608712904701934,0.020864115564498076,0.01896118878687053,3.268298881904902e-05,0.05119625957699301,0.0,0.014722275239418995,0.016831928090196152,0.002483809920635136,0.04774299250904152
0.5,0,1,2,Ucal,context_0,0.03470613113324783,0.00753623514201639,0.06408111825587762,0.0254377442921378,0.025719812706371137,0.006061344113364633,0.00018718994974096278,0.052983813955842694,0.0,0.03094431757941527,0.017720348263867904,0.010472022765613712,0.06499745414844127
0.5,0,1,2,Ucal,context_1,0.029571770547869303,0.0027324884842705897,0.06501717109916988,0.026804987506707793,0.021793846231088487,0.025182982535678522,9.67917159024121e-05,0.05149552481649948,0.0,0.010079068346431328,0.017822094146067134,0.008460633184817826,0.06517421819459952
0.5,0,1,2,Ucal,pooled,0.031470918360369304,0.0026403454843186855,0.06453256370626936,0.020372843786390756,0.022749447824930213,0.015209535372494198,0.00011806331050233485,0.05196590719598424,0.0,0.014722275239418995,0.015182966213509612,0.007419206440515879,0.04753258716150784
0.5,0,1,3,Ucal,context_0,0.03239289776507043,0.013059880446004129,0.05949819773419745,0.022085079318884256,0.020711742436604008,0.023922515342283318,2.1310915670681827e-05,0.05155982664564742,0.0,0.03094431757941527,0.011283042428820288,0.007978230602199645,0.06062705705700403
0.5,0,1,3,Ucal,context_1,0.03665473789322132,0.0062219795216918285,0.06314551734151365,0.029794909602666647,0.020413849768301878,0.036687428785582774,4.616348287218031e-05,0.05144627065846368,0.0,0.010079068346431328,0.02521720377943673,0.010382532387369452,0.06811877593317406
0.5,0,1,3,Ucal,pooled,0.03390290906374016,0.003973301610713236,0.061110717628466975,0.018974999315731905,0.02037766223229276,0.03012198894008057,1.103019948317486e-05,0.051205122679186664,0.0,0.014722275239418995,0.015490838359917103,0.006979879725238802,0.04334021439689955
0.5,0,1,4,Ucal,context_0,0.03310099850280113,0.009017060033488358,0.06354313733232367,0.01982024478647406,0.022441982462491683,0.015932628446563055,2.8200358956318372e-05,0.05153162550991852,0.0,0.03094431757941527,0.01021267189804783,0.006540117304828427,0.06434128375924875
0.5,0,1,4,Ucal,context_1,0.03218245217071175,0.004126617303302075,0.06244350474548201,0.026549465992799743,0.020912843922166857,0.024329626768319013,9.077555817631905e-06,0.05131380874884313,0.0,0.010079068346431328,0.019532821121227176,0.005324556152190452,0.06794060145276022
0.5,0,1,4,Ucal,pooled,0.03248933826236433,0.002778144606594932,0.06293002187022433,0.022767726183626432,0.021244818172310942,0.02004761819366334,1.3503617449252029e-05,0.05122272092207457,0.0,0.014722275239418995,0.01686049711011435,0.003365714946028179,0.047281116037705566
0.5,0,1,0,Egap,context_0,0.03647528711700754,0.005382066915806083,0.065496088600251,0.02151988116251641,0.022706404985139428,0.009234691114475516,4.575967822890298e-05,0.05208449692743581,0.0,0.03094431757941527,0.014802111987033635,0.005972336690985043,0.0626764747819031
0.5,0,1,0,Egap,context_1,0.03688389776276002,0.004492246101791765,0.06618303752518466,0.022260125446513564,0.02133878138155254,0.024226914754802875,0.00021609653823446805,0.05152146715982745,0.0,0.010079068346431328,0.014164280272296898,0.010057204288014779,0.06805214007190144
0.5,0,1,0,Egap,pooled,0.03586791122244115,0.005014274596625359,0.065766172742189,0.01940040372404255,0.021287118462067878,0.01653511430968843,0.00012287260386162195,0.05118313845540167,0.0,0.014722275239418995,0.015492096307397289,0.006070577583784737,0.04662684854323821
0.5,0,1,1,Egap,context_0,0.03810053621364501,0.00654457861775181,0.06584836657600836,0.024981543270287652,0.020415131921667107,0.01422686608694776,3.028894681648023e-05,0.05136022261270462,0.0,0.03094431757941527,0.0158355193100498,0.004728086938958515,0.06719768879568933
0.5,0,1,1,Egap,context_1,0.031666030882424145,0.005975071040067728,0.06447655826017169,0.023896020935482574,0.02189481142796934,0.021604038791996988,1.0914346594273461e-05,0.05159930248971404,0.0,0.010079068346431328,0.015949431071972126,0.003615754296446743,0.06681114733712305
0.5,0,1,1,Egap,pooled,0.03477026940980804,0.0006063549899793404,0.0652008329419082,0.022026358725470884,0.021096767158161445,0.017871191533783873,3.3164184319721456e-05,0.051199332225781866,0.0,0.014722275239418995,0.017541449872514846,0.002780667476227036,0.047707102394195566
0.5,0,1,2,Egap,context_0,0.034698236425903306,0.007441430723334191,0.06418315856917126,0.026455337881809666,0.025880603798544677,0.006998761622012434,0.00013222875416677641,0.05325999220829247,0.0,0.03094431757941527,0.019069711643196752,0.010500611296033493,0.06522981233185432
0.5,0,1,2,Egap,context_1,0.029775469251506648,0.002748704976302198,0.06518810888323263,0.025245165122401412,0.022374099757244525,0.024091233825215108,6.485413440394759e-05,0.05163151654037921,0.0,0.010079068346431328,0.017479892075744644,0.007565362110812432,0.0656225248430855
0.5,0,1,2,Egap,pooled,0.03146765009324659,0.002582808377242088,0.06466336670170618,0.019939521985456198,0.02310900028786461,0.015191122534006299,8.643492899936109e-05,0.052194652538290476,0.0,0.014722275239418995,0.015503488736314849,0.006325435972058505,0.047801826014679645
0.5,0,1,3,Egap,context_0,0.03250250590816517,0.013147471659149404,0.059580082807928675,0.021247128120240457,0.021194115713124573,0.023637316730235974,6.34558531870732e-05,0.05171150783729072,0.0,0.03094431757941527,0.011552949785007604,0.008426764833985608,0.06125941943134815
0.5,0,1,3,Egap,context_1,0.036727194751771386,0.006431378781132765,0.0633463608399045,0.02877369768101419,0.021083373067712685,0.03643848250698299,3.6421429850813766e-05,0.05148044970791086,0.0,0.010079068346431328,0.02333509239266282,0.008505193714626233,0.06954264025492925
0.5,0,1,3,Egap,pooled,0.0339362954394839,0.003915642585652338,0.06124693781190694,0.018885345635508758,0.02048341295668521,0.029859771635237967,2.0750867637253428e-05,0.051264653327147636,0.0,0.014722275239418995,0.01518085781744332,0.006730675800220306,0.04455141151980892
0.5,0,1,4,Egap,context_0,0.03375242511018228,0.009185773989940884,0.06356282573639602,0.019358975423470617,0.022522378008578425,0.017792430942261253,4.1106547009032263e-05,0.05156415787763863,0.0,0.03094431757941527,0.010675081824447555,0.006219185367344633,0.06447228138516721
0.5,0,1,4,Egap,context_1,0.03246901869205676,0.004150341715529226,0.06264832037821208,0.02650658161612231,0.02118065324193119,0.027397186417199113,5.709244982817787e-07,0.051560930878483395,0.0,0.010079068346431328,0.019717145001742962,0.005835616106914386,0.06790900413951366
0.5,0,1,4,Egap,pooled,0.03268206325234824,0.002853487874036672,0.06303598402774663,0.022517911609049802,0.02137171904158186,0.02248706586011237,1.666259363297898e-05,0.051254504255569905,0.0,0.014722275239418995,0.016836394767221926,0.003177602998546726,0.04748742660511996
0.5,0,1,0,Ecal,context_0,0.03651382127754088,0.005336008451651504,0.06551084885101784,0.022006480346277762,0.022706404985139428,0.009208182687790403,5.589027955565397e-05,0.052101306199459345,0.0,0.03094431757941527,0.015407913294963023,0.006258356564334022,0.06279845768130074
0.5,0,1,0,Ecal,context_1,0.036926673021550394,0.00444480525193989,0.06616998524691105,0.022613693899790427,0.021294146494925226,0.02406575095708076,0.0001899528520112761,0.05150784940977329,0.0,0.010079068346431328,0.014249830789877564,0.009679161704009748,0.06799407555145434
0.5,0,1,0,Ecal,pooled,0.03584763917151779,0.004967390720347941,0.0657682770956716,0.019427679263215,0.021287118462067878,0.016444205399782946,0.00012573800570630806,0.051187898842051195,0.0,0.014722275239418995,0.015573184511090825,0.0060376151771257824,0.04683668698873836
0.5,0,1,1,Ecal,context_0,0.03818925110773702,0.006638762338125048,0.06583891915864734,0.025382241149049817,0.020415131921667107,0.013867132116789804,3.7780500375116024e-05,0.051351802796358155,0.0,0.03094431757941527,0.016267810927930115,0.005021042153380691,0.0679050922843796
0.5,0,1,1,Ecal,context_1,0.031666030882424145,0.006024273654579325,0.06446498176722973,0.024107008014071948,0.021850176541342026,0.021646369460128476,5.963302690580334e-06,0.05154966345781922,0.0,0.010079068346431328,0.01599220633076245,0.00342352805372827,0.06682869112503331
0.5,0,1,1,Ecal,pooled,0.034831085562578246,0.0006328954638774773,0.06519005872540065,0.02246153769756783,0.021075617013282977,0.0176933732488751,2.855927561318532e-05,0.05120635201388083,0.0,0.014722275239418995,0.017987434992829496,0.002322868890683804,0.04759166571755227
0.5,0,1,2,Ecal,context_0,0.034698236425903306,0.007474550179743933,0.06417656623256246,0.02617173791468801,0.025719812706371137,0.006839424455869825,0.00010342763741499927,0.053194090501749385,0.0,0.03094431757941527,0.018992643322130156,0.01022584820741134,0.06487624523081385
0.5,0,1,2,Ecal,context_1,0.02981824451029702,0.002750697153679287,0.06520387500108843,0.02549052647709763,0.022195560210734988,0.023659251781777108,5.4302279680360844e-05,0.0515886544609908,0.0,0.010079068346431328,0.01760821785211556,0.007342046548911649,0.06570337043909999
0.5,0,1,2,Ecal,pooled,0.031447378042323115,0.002598791088541018,0.06466741042912551,0.020095245404576308,0.022939799128836647,0.014905073594542101,7.632983578075871e-05,0.05213756219024102,0.0,0.014722275239418995,0.015750583639364563,0.00616048145722777,0.047821351270931206
0.5,0,1,3,Ecal,context_0,0.03250250590816517,0.013079264387836426,0.059599179350192974,0.021567075778770387,0.02099312684790766,0.023740541449071728,3.957748929991564e-05,0.05168745732782624,0.0,0.03094431757941527,0.012285098835140566,0.007694120128388667,0.06118747980764658
0.5,0,1,3,Ecal,context_1,0.03673784637254868,0.006429415738022612,0.06334050691249703,0.028856644740003136,0.021038738181085315,0.036477515742321595,3.032064024337868e-05,0.051480330549782696,0.0,0.010079068346431328,0.023506193427824115,0.008147953527975798,0.06930615686809789
0.5,0,1,3,Ecal,pooled,0.03392067571906848,0.0038807496252414916,0.0612509168095499,0.019255294371634944,0.020462262811806742,0.02993157910679624,1.4413561685790773e-05,0.0512476235617368,0.0,0.014722275239418995,0.015267845799759774,0.006214235829826825,0.044196070132428864
0.5,0,1,4,Ecal,context_0,0.03367535678911571,0.009166724891684764,0.06353539010112287,0.019441361738027626,0.02236158691640494,0.0176460701157391,3.35490738646689e-07,0.05155073456007251,0.0,0.03094431757941527,0.010906286787647448,0.00472150859539147,0.06447286019037857
0.5,0,1,4,Ecal,context_1,0.032426243433266444,0.004164076394234967,0.06265470329823641,0.026538375025540763,0.02118065324193119,0.02762721947032447,4.3967287447044365e-06,0.05156002799986053,0.0,0.010079068346431328,0.019845470778113945,0.005915882726988178,0.06772772791936948
0.5,0,1,4,Ecal,pooled,0.0326415191505014,0.002837013469057941,0.06302369781746237,0.022529131150028088,0.02137171904158186,0.02251660666309578,5.076670934370389e-06,0.05125416304924628,0.0,0.014722275239418995,0.016633674257987997,0.002883291610050712,0.04757530503287875
0.5,0,2,0,Ugap,context_0,0.03219897933040283,0.001513450891688012,0.06056732214178773,0.021355404283567435,0.020317780255576012,0.017584871301109972,7.694351128461859e-05,0.05129243505014476,0.0,0.0205065218330238,0.011741387409212345,0.008990255360506851,0.06452318647907608
0.5,0,2,0,Ugap,context_1,0.028729742705020378,0.0038672345530677225,0.05640611188258297,0.024239797642430203,0.022364657136582644,0.027604358120065856,5.4276976333212594e-05,0.051757285617949476,0.0,0.02518277286098999,0.015480181112637825,0.00411676985722601,0.06612418208251672
0.5,0,2,0,Ugap,pooled,0.029707840692545617,0.002688343799758554,0.058464119483590184,0.016355669951671765,0.020444487889449303,0.0226049981166596,3.919308644265515e-05,0.05133063937428793,0.0,0.021296401696702435,0.01068637494546916,0.00361004479994108,0.0476892435574842
0.5,0,2,1,Ugap,context_0,0.034435351149966764,0.012979383323885043,0.0653127819544492,0.023229741610453627,0.02612985424252967,0.023867160086345512,2.6410280494417447e-05,0.05282000238644825,0.0,0.0205065218330238,0.01715968593924521,0.007056538203646622,0.06766668433812911
0.5,0,2,1,Ugap,context_1,0.03287442563478593,0.006008053295256866,0.06384457957372178,0.023813264202654158,0.02334449115665571,0.023372824239747195,0.00017916587203280335,0.05208197031942876,0.0,0.02518277286098999,0.017586052085454024,0.006672047426600787,0.06312457908597621
0.5,0,2,1,Ugap,pooled,0.033438313469948744,0.0033906332098441504,0.06427681354973956,0.017825361003112,0.02181602738978683,0.02380972841396177,8.264072961007014e-05,0.051313124553991014,0.0,0.021296401696702435,0.01175636119215843,0.005045645324469535,0.04653762814252008
0.5,0,2,2,Ugap,context_0,0.034642593821782974,0.014114864146098704,0.06234203053530829,0.018498558316250465,0.024015225616946634,0.011435532607432103,4.682372897803395e-05,0.0518107283587355,0.0,0.0205065218330238,0.00938828414591894,0.005888883892067522,0.06333145987700611
0.5,0,2,2,Ugap,context_1,0.03273338275551252,0.0006834349635695819,0.0630335445833261,0.020801400839032563,0.025096462123993968,0.020133587576946152,1.0203561099051143e-05,0.05186657501735355,0.0,0.02518277286098999,0.009177340228315407,0.019028262517099666,0.0626604048298011
0.5,0,2,2,Ugap,pooled,0.03344691446545367,0.0072802693207761225,0.06269083657461766,0.016520874831339186,0.023446427048592677,0.015797852531142673,3.69018706878031e-05,0.051560084117171806,0.0,0.021296401696702435,0.00787066711602637,0.012516247584027545,0.04776475008866037
0.5,0,2,3,Ugap,context_0,0.031289871103245714,0.004346839638403794,0.06079536885043249,0.02035222871715483,0.02066092982263068,0.021141065564376116,9.641555961787524e-06,0.051500675492517675,0.0,0.0205065218330238,0.011624483769446185,0.004423008610142163,0.06260925754267191
0.5,0,2,3,Ugap,context_1,0.03692666233687408,0.008846909094764002,0.06778519078550826,0.02137311931176857,0.021719997506460476,0.038494906671922804,9.0270829260748e-06,0.05188221313570854,0.0,0.02518277286098999,0.012399230733783115,0.009502201161807769,0.061891815695661774
0.5,0,2,3,Ugap,pooled,0.033399480939016735,0.006629800486535537,0.0641967015728134,0.016086282315843695,0.020634393358726744,0.029819813735523212,5.246424002778617e-06,0.05152624904326814,0.0,0.021296401696702435,0.008406291066955882,0.0031541432658744647,0.045844382483006194
0.5,0,2,4,Ugap,context_0,0.03487142688188949,0.0042772347408817435,0.06461003721386104,0.024001528695166145,0.023691738892766934,0.017427883669408797,0.00011437680757510988,0.05210173014567516,0.0,0.0205065218330238,0.010697972262845077,0.007312296932649585,0.06688930877714098
0.5,0,2,4,Ugap,context_1,0.02944880533552907,0.0012408687295192634,0.05869268308360269,0.03100434989621786,0.02261365488193623,0.027898260539700084,0.00020264414926791816,0.05241621989526957,0.0,0.02518277286098999,0.02477972298595691,0.012041234519816119,0.06526786371461839
0.5,0,2,4,Ugap,pooled,0.03167412133931691,0.0027601330739605258,0.06161768118403381,0.02233616396854479,0.022216938936039377,0.022709694559482727,3.6789854714115635e-05,0.05191554832542917,0.0,0.021296401696702435,0.01630440660841199,0.0055009899608868765,0.047937464537965956
0.5,0,2,0,Ucal,context_0,0.03219897933040283,0.001534440104290308,0.06056645988536801,0.021588917500762136,0.020317780255576012,0.017643189823110667,8.771362582136522e-05,0.05128576752510964,0.0,0.0205065218330238,0.012232526442487027,0.009110542549167109,0.0651076260467677
0.5,0,2,0,Ucal,context_1,0.028729742705020378,0.0038795282495722684,0.05642039216569464,0.02371764282095538,0.022322943542122164,0.027699436017685083,7.68758041501183e-05,0.05176055615622503,0.0,0.02518277286098999,0.015400203506367595,0.004757186910546237,0.06606894341302404
0.5,0,2,0,Ucal,pooled,0.029728067229762456,0.002705008331424211,0.05847075917698721,0.016450329471765553,0.020444487889449303,0.022681738292941664,5.173363480897057e-05,0.05132812053004244,0.0,0.021296401696702435,0.010888640317637468,0.0039360404589825464,0.04762011115966523
0.5,0,2,1,Ucal,context_0,0.03451720765551253,0.013026794283022223,0.06532783312150388,0.023477629482853347,0.026044453499543208,0.02389863253743557,2.3223053502543275e-05,0.0527936332235145,0.0,0.0205065218330238,0.017650824972519907,0.006557780714964664,0.06819242035005837
0.5,0,2,1,Ucal,context_1,0.032901219730178954,0.0059679553436231365,0.0638439259914468,0.02379134856492581,0.023386204751116135,0.02326333483452689,0.000140387033878744,0.052112476699188254,0.0,0.02518277286098999,0.017586052085454024,0.005832126484580502,0.06289208393963731
0.5,0,2,1,Ucal,pooled,0.033498993081599204,0.003434277378201213,0.06428201396372567,0.017592685388989438,0.02181602738978683,0.02377272694492276,7.153817605750941e-05,0.05130207819152574,0.0,0.021296401696702435,0.011756361192158404,0.004755793824003465,0.04615241721514189
0.5,0,2,2,Ucal,context_0,0.034642593821782974,0.014094661703501675,0.062328464128879636,0.018232498985488118,0.023972525245453402,0.011865828187690108,3.349358736481347e-05,0.05179894749056317,0.0,0.0205065218330238,0.009511068904237635,0.006516275215192811,0.06318512056419402
0.5,0,2,2,Ucal,context_1,0.03273338275551252,0.0006766475302710643,0.06301696930859942,0.02103629872752766,0.025096462123993968,0.02067752778260741,2.072940760800495e-05,0.05185820508327634,0.0,0.02518277286098999,0.009408888235245643,0.01921125673834405,0.06260696000694378
0.5,0,2,2,Ucal,pooled,0.03340646139102005,0.007266903401403585,0.06267560674882312,0.01644188727104694,0.023404225833197678,0.016285075493226428,3.710217236545688e-05,0.05155212578333532,0.0,0.021296401696702435,0.007514734929514815,0.012916383938109276,0.04788843370550134
0.5,0,2,3,Ucal,context_0,0.03133079935601857,0.004409590118435569,0.06078122174086565,0.020368178109636655,0.02087443168009684,0.020806142670599284,1.244299619174017e-05,0.05154175671293889,0.0,0.0205065218330238,0.011467421019204463,0.004716122940709507,0.06270078326560014
0.5,0,2,3,Ucal,context_1,0.03692666233687408,0.008897954223061947,0.06780781103971645,0.021228334198989982,0.021719997506460476,0.03843321163447251,8.895949096550078e-06,0.051829301727268406,0.0,0.02518277286098999,0.012359241930647993,0.010251261810538762,0.062017210910455325
0.5,0,2,3,Ucal,pooled,0.033399480939016735,0.006686640132433826,0.06420093768191033,0.01609055518136938,0.0206652422859116,0.029621954840981526,8.85431704102411e-06,0.05152926022075398,0.0,0.021296401696702435,0.008183799157570776,0.003709251846728903,0.04596871307574253
0.5,0,2,4,Ucal,context_0,0.03487142688188949,0.004311667124307455,0.06459232473923589,0.023953322470183364,0.023649038521273702,0.017262144023550946,0.0001242335602367015,0.05210714795250798,0.0,0.0205065218330238,0.01016590497679749,0.007452551404641088,0.06708766689949643
0.5,0,2,4,Ucal,context_1,0.02944880533552907,0.0012304400140870522,0.0586806825656585,0.030878367675064747,0.0224885140985549,0.027623131811509466,0.00018612396130384036,0.05234869642482375,0.0,0.02518277286098999,0.024539790167146174,0.011374994661771574,0.06524113540100629
0.5,0,2,4,Ucal,pooled,0.03167412133931691,0.002772021300876745,0.061602896604353696,0.022298927615157792,0.022216938936039377,0.022488875929426097,4.154113576667587e-05,0.05188841531358372,0.0,0.021296401696702435,0.016263953533978318,0.005544439542718283,0.04786138839164974
0.5,0,2,0,Egap,context_0,0.03222240797377496,0.001883272148230022,0.06045543075421702,0.02080819887060235,0.01994197775095885,0.019217929434719824,0.00012360778205783242,0.05128362236023197,0.0,0.0205065218330238,0.011028870655542486,0.010587661022400474,0.06527663546823397
0.5,0,2,0,Egap,context_1,0.02879074613163557,0.004156106733621869,0.0563601956618339,0.0235558725816878,0.021280103680611284,0.025922233312484833,9.346040767008586e-05,0.05157541549573981,0.0,0.02518277286098999,0.016020141473252193,0.004761307882935622,0.06500722682249412
0.5,0,2,0,Egap,pooled,0.029856635647080465,0.0030172366594936727,0.05838598966973415,0.016639713101729268,0.020360085458659194,0.022581414248030063,6.07913701631886e-05,0.051260464224661045,0.0,0.021296401696702435,0.01183172096341479,0.003722867111799258,0.047661929639327916
0.5,0,2,1,Egap,context_0,0.0343042041528101,0.012659851002342796,0.0652266397055693,0.024135366790741134,0.025403947927144732,0.022807746404046633,7.958756655494705e-05,0.05259812426394878,0.0,0.0205065218330238,0.01779041855961662,0.007932635749017557,0.06751456912745255
0.5,0,2,1,Egap,context_1,0.03286570285917878,0.006510043393029457,0.0638038245501393,0.022926090869364986,0.02334449115665571,0.02206722754174445,7.294382988471151e-05,0.05193348477040158,0.0,0.02518277286098999,0.01586873713257894,0.005050050139622722,0.06226471975393223
0.5,0,2,1,Egap,pooled,0.033161365309218926,0.0029783935367429367,0.06420818532519754,0.017064741921357717,0.02173162495899683,0.02258740008589806,4.296084331177532e-05,0.05129730753846742,0.0,0.021296401696702435,0.010071938895002151,0.00379053164264501,0.04609448120489253
0.5,0,2,2,Egap,context_0,0.03440721880963815,0.01471694473783733,0.06217580866344022,0.020242242831649146,0.024228727474412792,0.012126400096991924,7.918520564711745e-05,0.05180712447480742,0.0,0.0205065218330238,0.009075996900517275,0.006371221773096812,0.06315755120721737
0.5,0,2,2,Egap,context_1,0.03276464878304042,0.000996752952323246,0.06298245718155734,0.021237653322610427,0.025805593229821344,0.022144907738592623,5.794909030809088e-05,0.05198094503204786,0.0,0.02518277286098999,0.010008265443481865,0.015315623547963501,0.062045215742742146
0.5,0,2,2,Egap,pooled,0.03316840257699177,0.007734842460988722,0.06258319870497904,0.015973634437943484,0.023699634340962672,0.017156846552584384,5.5956810481913805e-05,0.051618355522164906,0.0,0.021296401696702435,0.007597914325388611,0.010591327171275809,0.046739422732837606
0.5,0,2,3,Egap,context_0,0.03178166498057883,0.004775239904777637,0.06068613909725008,0.02085545269705298,0.01942957329304007,0.019728031816440714,3.885214468082583e-06,0.05134024616594586,0.0,0.0205065218330238,0.010809030720622944,0.004194826909169974,0.06311473424038973
0.5,0,2,3,Egap,context_1,0.036959400990208,0.009123790736977591,0.06773867894774209,0.021429188760526772,0.021761711100920955,0.03773789640879831,7.152274883575119e-06,0.0514731005020979,0.0,0.02518277286098999,0.01195935389929681,0.008484052431963653,0.06239759805507597
0.5,0,2,3,Egap,pooled,0.03373857482939052,0.00698085078637483,0.06410457796224191,0.01618053263102557,0.0206132927510293,0.02872496085524294,1.8583187355294874e-06,0.051252986564714165,0.0,0.021296401696702435,0.007889125955665877,0.002318789308922192,0.04657660772579912
0.5,0,2,4,Egap,context_0,0.03472121853214699,0.0040648742511823,0.0645566599224823,0.024227400460248773,0.022546700412045984,0.016446003438457202,0.0001606539043478032,0.05198728293506071,0.0,0.0205065218330238,0.011412567846929208,0.008956320733938313,0.06733641907991021
0.5,0,2,4,Egap,context_1,0.02920518949126505,0.0012852725914429544,0.05862162429539603,0.031223431215058918,0.02307250442100095,0.027267752949938606,0.00017455319910845215,0.05269598714667532,0.0,0.02518277286098999,0.024782160318019997,0.011821018486291354,0.06466547884051482
0.5,0,2,4,Egap,pooled,0.03122017960862361,0.0026764247648661367,0.06155583080609089,0.021604405925878516,0.022301341366829375,0.02192459759924524,2.740388720776977e-05,0.05184359391780787,0.0,0.021296401696702435,0.015807720562564152,0.00604983360550414,0.048449914957547455
0.5,0,2,0,Ecal,context_0,0.03222240797377496,0.0019083240215830087,0.06046499211158853,0.021141281361529197,0.01994197775095885,0.01933703855356189,0.00011893183319760723,0.05127904730607495,0.0,0.0205065218330238,0.01152000968881712,0.010466939369387621,0.06563223607619854
0.5,0,2,0,Ecal,context_1,0.02871076852536536,0.004203546158548106,0.05633433778859384,0.023685327928566587,0.021405244463992612,0.025776316229679755,0.00011798592040276819,0.05159467851531003,0.0,0.02518277286098999,0.016120001962799786,0.005011360785323239,0.06505904404812196
0.5,0,2,0,Ecal,pooled,0.029787915926188346,0.0030534514507843443,0.058377948328400035,0.016575804934883177,0.02033898485096175,0.02256706934670817,7.22926391152894e-05,0.05126729568401052,0.0,0.021296401696702435,0.011790215996153819,0.004159426307021671,0.04768175202766262
0.5,0,2,1,Ecal,context_0,0.0343042041528101,0.012677419474946066,0.06522275384097379,0.024231367451102808,0.025532049041624427,0.02257524753447214,8.620515444666282e-05,0.05265476712321807,0.0,0.0205065218330238,0.017708562054070863,0.007968454959376568,0.06779041289230164
0.5,0,2,1,Ecal,context_1,0.03282571697792025,0.006496632961762447,0.06381765516549733,0.0231898636377636,0.023511345534497435,0.022584947075947326,4.256784166550289e-05,0.05196771939005132,0.0,0.02518277286098999,0.015868737132578928,0.0038447487377399826,0.06258945221830534
0.5,0,2,1,Ecal,pooled,0.03318159184643571,0.002992985773345041,0.0642134216309811,0.017014598607919856,0.021752725566694386,0.022732732752689166,3.719131042552795e-05,0.051304382181864325,0.0,0.021296401696702435,0.010089892185212493,0.0039551898112265005,0.04590643142907952
0.5,0,2,2,Ecal,context_0,0.03436629055686524,0.014715767866308658,0.06218828612002271,0.020410947916636342,0.024228727474412792,0.011842167595299366,6.801831010482689e-05,0.051799763762351465,0.0,0.0205065218330238,0.008894273681342178,0.00636318315976597,0.06304156247617326
0.5,0,2,2,Ecal,context_1,0.03272465997990526,0.0009221002351155563,0.0629931288558996,0.02105180364733432,0.025597025257519168,0.02175631396782972,9.302774462545811e-05,0.051943838377777565,0.0,0.02518277286098999,0.009492828880143127,0.014917155635516119,0.06196741929794001
0.5,0,2,2,Ecal,pooled,0.033148176039774935,0.0076963133315020105,0.06259472755757294,0.015939971163140887,0.023594131302475174,0.016819321177029417,7.384341538104735e-05,0.051588441325095435,0.0,0.021296401696702435,0.007456328564870796,0.010543383773799153,0.046774542326364264
0.5,0,2,3,Ecal,context_0,0.03178166498057883,0.004817302720325874,0.06070778408402976,0.02153227028166823,0.01938687292154684,0.01992196300735856,1.01995480932661e-05,0.05132830505489056,0.0,0.0205065218330238,0.011750380534399404,0.0038600344363139737,0.06335629783111985
0.5,0,2,3,Ecal,context_1,0.036959400990208,0.009072693405916307,0.06773746859262715,0.021389177215791696,0.021719997506460476,0.03730672910042497,1.1616156166469667e-05,0.051467361289507726,0.0,0.02518277286098999,0.012316985751272023,0.008527276204069555,0.0626356623536069
0.5,0,2,3,Ecal,pooled,0.03375880136660736,0.006975239867213056,0.06411573544686869,0.016300053416544138,0.0205710915356343,0.028606235075361683,4.381799259962817e-06,0.05124095948430209,0.0,0.021296401696702435,0.008374562848869773,0.002529088666931027,0.04657820315897903
0.5,0,2,4,Ecal,context_0,0.03463936202660117,0.00407745501829572,0.06455206038359876,0.024128059081588108,0.022504000040552752,0.01620420957502422,0.0001568283924922309,0.05198149916991642,0.0,0.0205065218330238,0.01139021430576893,0.008758537846469782,0.06731420082024668
0.5,0,2,4,Ecal,context_1,0.02916520068813,0.0012497361321545826,0.058605588860409494,0.031196583994974693,0.023322785987763606,0.027485130702716742,0.0001863646167586782,0.052810366552127175,0.0,0.02518277286098999,0.024622205105479487,0.011188016054555452,0.06429079922443309
0.5,0,2,4,Ecal,pooled,0.031199953071406772,0.002664861622309238,0.06154566555648523,0.021351845997198627,0.022301341366829375,0.021916063315309126,4.122908698600612e-05,0.05186786978979099,0.0,0.021296401696702435,0.015726814413696857,0.006037860211267119,0.04841448910040275
0.5,0,3,0,Ugap,context_0,0.044842933492113046,0.005634195355409024,0.0746219768101836,0.027322286610635134,0.027733891130983956,0.012229365562608147,0.0001877449505383543,0.055515639890610376,0.0,0.024865050920057714,0.018142101144918002,0.009663214531247974,0.06855510912284822
0.5,0,3,0,Ugap,context_1,0.03220399477216224,0.0023203457696646837,0.06131387567998208,0.025768574743802855,0.021697192549625988,0.03316652572288782,6.89721171248064e-05,0.05132012605437895,0.0,0.01920848789643094,0.014919453007029664,0.00788223527093695,0.06647112420528127
0.5,0,3,0,Ugap,pooled,0.03769080993592583,0.0039002313950284827,0.06777757305687714,0.01790493547928641,0.022707572194299863,0.022958322169554735,2.8089398100588595e-05,0.05244319864165785,0.0,0.008043213960478746,0.008165221389577326,0.003732788435041909,0.04715134558118377
0.5,0,3,1,Ugap,context_0,0.04133808684676671,0.013852764828457678,0.07252830460121008,0.034045660571069815,0.02280988480193341,0.015008796346146533,4.6545049586767956e-05,0.051384940448700095,0.0,0.024865050920057714,0.02877916539739122,0.009967785434462906,0.06914043019447424
0.5,0,3,1,Ugap,context_1,0.03469717890873414,0.004252295559195651,0.0672588654870728,0.028473327301898596,0.024944059121149942,0.02105539235128341,7.439080483067999e-06,0.05273456135384447,0.0,0.01920848789643094,0.022943491674633987,0.0084234179314472,0.065547835954561
0.5,0,3,1,Ugap,pooled,0.037605680943388176,0.008944780896818678,0.06976620369567958,0.021375722856953504,0.02394757414473314,0.018116466334210435,2.771765060487284e-05,0.051647903047469065,0.0,0.008043213960478746,0.01671379879374092,0.008568259038656706,0.047246285311606975
0.5,0,3,2,Ugap,context_0,0.03815709930208372,0.0003034073073370615,0.06763312365868351,0.025443049597516077,0.021342706737301098,0.02449242670946747,4.2902886849358345e-05,0.0512728640319137,0.0,0.024865050920057714,0.0164904159520481,0.010461544041458035,0.06653811188525102
0.5,0,3,2,Ugap,context_1,0.03365133084209948,0.0037972861597895032,0.06488723411858147,0.03376049383293794,0.021342051516925642,0.018830077564478534,5.897974258822807e-05,0.05168951611419643,0.0,0.01920848789643094,0.02912641561916001,0.0088501494141819,0.0630666014534869
0.5,0,3,2,Ugap,pooled,0.03546858347897791,0.002032601472199327,0.06610180743281346,0.021893007375845607,0.020064626608424063,0.021455006375999383,4.368062089241467e-05,0.0513122879898947,0.0,0.008043213960478746,0.0174748732563673,0.004253347318167531,0.04595437464493245
0.5,0,3,3,Ugap,context_0,0.0362618389653841,0.004161117761716969,0.06470176544779163,0.024612108514674966,0.02252232525845288,0.0234032379993048,3.0769628906117386e-05,0.05179747165105167,0.0,0.024865050920057714,0.0179269998360627,0.006520764054121789,0.06722008839612414
0.5,0,3,3,Ugap,context_1,0.0384850006608925,0.0010769544486437202,0.06914871424143108,0.02715418525196891,0.0248635186412145,0.01533826020717452,3.0068063865323143e-06,0.05195842772270017,0.0,0.01920848789643094,0.02153068877952099,0.007346957795522814,0.06587957254599895
0.5,0,3,3,Ugap,pooled,0.03682541479919138,0.0015024976121522854,0.06661815068309808,0.020207199513685648,0.020461401919322386,0.01933398417920683,2.7756244148930765e-05,0.05127298577605005,0.0,0.008043213960478746,0.015871529595441934,0.004556088130802199,0.04843170155800223
0.5,0,3,4,Ugap,context_0,0.03750453978269913,0.0005099777648974252,0.07156455234613722,0.023037844560892216,0.027707548460965792,0.02892741579232569,0.00011407858321175275,0.05580054643622755,0.0,0.024865050920057714,0.016028219469396345,0.012735585937669165,0.06636340094774115
0.5,0,3,4,Ugap,context_1,0.03762142593570211,0.0011356372984727893,0.06746146520213148,0.022921374627420735,0.022896821914094034,0.024855263034593816,1.947057923039336e-05,0.052089445758212796,0.0,0.01920848789643094,0.015440796724989957,0.009820463033469624,0.06312918113093043
0.5,0,3,4,Ugap,pooled,0.037299787724506595,0.0002558506680698176,0.06920098412345828,0.020670360836160532,0.023795230419266677,0.026783048501178283,5.064821870731434e-05,0.053053902979204905,0.0,0.008043213960478746,0.01719679935557357,0.010343197982344782,0.04708737762261988
0.5,0,3,0,Ucal,context_0,0.0447591708753689,0.005727971226646317,0.07462439505992667,0.02782658712208498,0.027690175283989427,0.012476000487953429,0.00012878166454123575,0.05542626507442519,0.0,0.024865050920057714,0.018560914228638724,0.008022233853566789,0.06878217030257006
0.5,0,3,0,Ucal,context_1,0.03220399477216224,0.0023122410649340274,0.06133756142706853,0.025770492557101503,0.021738569577100325,0.03317802369948093,5.503130542702354e-05,0.051320834487810774,0.0,0.01920848789643094,0.01495911351309772,0.007646271892989681,0.06656116248464955
0.5,0,3,0,Ucal,pooled,0.037670439603278316,0.003942747028185795,0.06779205546018066,0.017880891248544584,0.022622543603436185,0.023085337138719825,1.1246515132673463e-05,0.05241107819296102,0.0,0.008043213960478746,0.008345802128878588,0.0033749332812931573,0.04710704160019958
0.5,0,3,1,Ucal,context_0,0.04137996815513878,0.01388414037173946,0.07252612250813778,0.033833132630066126,0.02276616895493888,0.015130396368554413,3.1770052845218465e-05,0.0513855246997121,0.0,0.024865050920057714,0.028402233622042538,0.009541085167907625,0.06927888110877135
0.5,0,3,1,Ucal,context_1,0.03468681026262044,0.004361537163119504,0.06724524441630972,0.028039835105441203,0.024902682093675577,0.021765357335909494,1.4102165734883006e-05,0.05270648731816982,0.0,0.01920848789643094,0.02270552863822568,0.008896969391928576,0.0654264516565106
0.5,0,3,1,Ucal,pooled,0.03761105872510867,0.009015721940373778,0.06975850043995678,0.021097138818291554,0.023905059849301302,0.018534688638131944,1.8519550237013115e-05,0.05163594254469572,0.0,0.008043213960478746,0.016224910810200124,0.008980268525857918,0.04734954426891977
0.5,0,3,2,Ucal,context_0,0.03815709930208372,0.00028726157646846045,0.06760849911337978,0.025905113253258623,0.021342706737301098,0.02450004713406409,4.6233027335490455e-05,0.05128326934317662,0.0,0.024865050920057714,0.016395470651595113,0.010976860527619873,0.06658762182392033
0.5,0,3,2,Ucal,context_1,0.033770312360303645,0.0037721378445100236,0.06491189925617624,0.03352049900903372,0.021424805571874345,0.018815239315381982,7.242727893156758e-05,0.051665128876309044,0.0,0.01920848789643094,0.02905987816046792,0.00930170350589392,0.06295388041298315
0.5,0,3,2,Ucal,pooled,0.03557043514221553,0.0020119427427116214,0.0661031079291667,0.02173933323988516,0.020085883756139983,0.0214508932002396,5.56160873286045e-05,0.051312584461823046,0.0,0.008043213960478746,0.017332280927834558,0.004937664190418702,0.04566653375223696
0.5,0,3,3,Ucal,context_0,0.0362618389653841,0.004162909164130948,0.06470058964500017,0.024160545927952665,0.022478609411458406,0.023920983386441386,1.8463243588661356e-05,0.051786921873210816,0.0,0.024865050920057714,0.01755006806071404,0.0058127133731794315,0.06699752221869529
0.5,0,3,3,Ucal,context_1,0.038445340154824426,0.0010585540893974115,0.06914812474319393,0.027099410071838147,0.0248635186412145,0.01533826020717452,1.3247379446208643e-05,0.05195842772270017,0.0,0.01920848789643094,0.021491028273452933,0.006634217538424628,0.06603552487703811
0.5,0,3,3,Ucal,pooled,0.03680504446654381,0.001513048081811712,0.06661730617861149,0.019964343556516252,0.020482659067038278,0.01959066265570031,1.7673825834214684e-05,0.05127118001713132,0.0,0.008043213960478746,0.01542338227719619,0.0039439558795760195,0.048518801773575954
0.5,0,3,4,Ucal,context_0,0.0375464210910712,0.0005624377801035001,0.07153887668606897,0.023070535732999223,0.027751264307960377,0.029005390944539966,9.592614159266552e-05,0.05582372784948325,0.0,0.024865050920057714,0.016070100777768406,0.012473718001258632,0.06597114781923283
0.5,0,3,4,Ucal,context_1,0.03758176542963404,0.0011453000180300524,0.06745664760084298,0.022889864165561335,0.022896821914094034,0.024916871842440985,2.2397973292739815e-05,0.05208688220372475,0.0,0.01920848789643094,0.01536147571285388,0.009883314279734965,0.06304189812088569
0.5,0,3,4,Ucal,pooled,0.03727941739185908,0.00023522629928799508,0.06918783261057558,0.020735603167690155,0.023837744714698572,0.026851062745411977,4.2594491215857235e-05,0.05307880588139986,0.0,0.008043213960478746,0.01723754002086864,0.01019192590485091,0.046779768615528565
0.5,0,3,0,Egap,context_0,0.044957187883239436,0.005917629190297601,0.07467066025153421,0.028052697037458836,0.028651923917869193,0.012515282283136683,0.00019704256999755016,0.0560052519972707,0.0,0.024865050920057714,0.01852687841944229,0.009868384621432115,0.0686939251448322
0.5,0,3,0,Egap,context_1,0.03227311424977197,0.002385185366514401,0.06132391169525931,0.026337510088355612,0.022069585796895108,0.03545884815091856,5.3860988928035086e-05,0.05129933395299268,0.0,0.01920848789643094,0.016213083123277905,0.008105927468833695,0.06587519632813975
0.5,0,3,0,Egap,pooled,0.03801206086911585,0.00407116589481711,0.06780515662954249,0.01746945705021987,0.022537515012572507,0.024285231388791198,2.1371796736778755e-05,0.05246774876491416,0.0,0.008043213960478746,0.007529105662263128,0.005520215384318527,0.04666287866087755
0.5,0,3,1,Egap,context_0,0.04173246861396718,0.013877814345760702,0.07263660288839456,0.03349301437998274,0.023378190812862354,0.01639747664099131,4.696545030614561e-05,0.051405536230543,0.0,0.024865050920057714,0.02789965792157767,0.010858564007778475,0.06907511955362608
0.5,0,3,1,Egap,context_1,0.034788677815555835,0.004405313370516582,0.06730322617127685,0.029098318896811103,0.025068190203572982,0.02166022176615892,4.8584277186914597e-05,0.05294529635048937,0.0,0.01920848789643094,0.023323120902745062,0.008957697534587297,0.06513682408862703
0.5,0,3,1,Egap,pooled,0.03793005214926426,0.009033691593105351,0.06984189805387117,0.020439271870311092,0.024287688508187855,0.01910859343558577,3.214315668631962e-05,0.05178321576084739,0.0,0.008043213960478746,0.015369356839003746,0.008773302680512438,0.0460578366213456
0.5,0,3,2,Egap,context_0,0.038449064643127084,0.00025264549671643146,0.06775731460957804,0.024189183451925823,0.021342706737301098,0.024223789449003663,5.417777424013292e-05,0.051270122897390726,0.0,0.024865050920057714,0.015362692224989292,0.009563719022482826,0.06489724327656608
0.5,0,3,2,Egap,context_1,0.03380585786428075,0.003996299424072786,0.06502669370783523,0.03237590977080958,0.021714444764194762,0.019802404836824314,1.9402985830325266e-05,0.05149818555473488,0.0,0.01920848789643094,0.027667206898823783,0.007729300138246135,0.06208161466162433
0.5,0,3,2,Egap,pooled,0.035948035551378876,0.002109117045191243,0.06623643561686775,0.020807031074912,0.02027719808558326,0.021838590287066473,2.4640681561180846e-05,0.05124672044341256,0.0,0.008043213960478746,0.01571797591118878,0.003884157182272523,0.04530900130850292
0.5,0,3,3,Egap,context_0,0.03660156322722796,0.004222982113460285,0.06481187753706796,0.026414733878724693,0.023134347116376408,0.023656948792754734,6.637737048009924e-05,0.05179326131090445,0.0,0.024865050920057714,0.019686014787689804,0.008519844016084277,0.06745961856825557
0.5,0,3,3,Egap,context_1,0.03894529262365243,0.0010529415169052276,0.06917857292927126,0.02593862368228357,0.02411873214667626,0.015461199265919268,5.9823967141089626e-06,0.051796801068795216,0.0,0.01920848789643094,0.019376705424461054,0.007787495229528738,0.06544062723177138
0.5,0,3,3,Egap,pooled,0.03681601612429031,0.0015458043229485132,0.06668598061988276,0.01952458707736711,0.02031834399546728,0.019509563634882182,4.477377654878178e-05,0.051231238839427914,0.0,0.008043213960478746,0.014761105113263943,0.005917065572698005,0.048147745360803115
0.5,0,3,4,Egap,context_0,0.0376805657966236,0.000339455213766481,0.071421304577327,0.0232309899430605,0.027270389991020494,0.02896377837700717,7.066685996445765e-05,0.05541501361337344,0.0,0.024865050920057714,0.015251045679627519,0.010238251606208788,0.06629412666806088
0.5,0,3,4,Egap,context_1,0.037957466086500025,0.001125315723761669,0.0675220383423702,0.02466591308647839,0.022896821914094034,0.023617955130773444,8.32741100033281e-06,0.05210029123206763,0.0,0.01920848789643094,0.0166289407911591,0.009479826834153951,0.06257686021340285
0.5,0,3,4,Egap,pooled,0.03762901217761999,0.00033490110180649837,0.06916805829567885,0.021412624810505206,0.023816487566982625,0.02615771390849546,3.467547279532618e-05,0.05298549547821239,0.0,0.008043213960478746,0.017718807608150054,0.008941575682866028,0.047114526479573864
0.5,0,3,0,Ecal,context_0,0.044957187883239436,0.005912022196682124,0.07467589232262159,0.027264587790796203,0.028739355611858253,0.012463705226487681,0.00010824641269231564,0.05609730989893325,0.0,0.024865050920057714,0.018309626378406288,0.008148092245914297,0.06844883936518681
0.5,0,3,0,Ecal,context_1,0.032194648114830804,0.002471833535469835,0.061343399016225694,0.025946918926845298,0.022069585796895108,0.035753728024467454,3.609568617581602e-05,0.05131316665776115,0.0,0.01920848789643094,0.0158561385686654,0.007185349310869852,0.06563112601645044
0.5,0,3,0,Ecal,pooled,0.038093542199705954,0.004112910483488763,0.06781885412377563,0.017657988657343374,0.022601286455720238,0.024412202268024458,5.141248860217763e-06,0.05251274265171904,0.0,0.008043213960478746,0.007793919986681045,0.0046106894255171435,0.04666496878600317
0.5,0,3,1,Ecal,context_0,0.04173246861396718,0.01390346055628101,0.07260614511660715,0.0333974837427745,0.023378190812862354,0.016501815035015355,1.670299987131731e-05,0.051402336427800295,0.0,0.024865050920057714,0.02794153922994974,0.00963103863906402,0.06880460527410236
0.5,0,3,1,Ecal,context_1,0.034788677815555835,0.004407827743726478,0.06730798740979105,0.029395049032221145,0.024902682093675577,0.02190644273275462,4.3177039793181645e-05,0.052857671477657735,0.0,0.01920848789643094,0.0238556833141993,0.008850264150946483,0.06548281246505594
0.5,0,3,1,Ecal,pooled,0.03795687341203291,0.009047086768626119,0.06982714111445737,0.020572636554841553,0.024202659917324176,0.019281092165486555,1.9070101215470404e-05,0.051760491672864374,0.0,0.008043213960478746,0.015573060165479087,0.0082993176757925,0.04591835326945064
0.5,0,3,2,Ecal,context_0,0.038449064643127084,0.00027949145632073834,0.06777387702121065,0.024519974736230955,0.021298990890306513,0.024450724065106733,5.140840903143266e-05,0.05126806839501588,0.0,0.024865050920057714,0.015949030542198348,0.00980365455411638,0.06527430934487531
0.5,0,3,2,Ecal,context_1,0.03376619735821268,0.0039538024277155455,0.0650179329408132,0.03217146286611844,0.021797198819143437,0.019788495719287022,2.7031964418545355e-05,0.05147699192240604,0.0,0.01920848789643094,0.0273148158934734,0.007973901481934055,0.06255565536712188
0.5,0,3,2,Ecal,pooled,0.035948035551378876,0.0020998317423011406,0.06623551384838719,0.021164591085027152,0.020383483824162857,0.0219417669175737,2.6279477447839548e-05,0.05124306957532692,0.0,0.008043213960478746,0.016150801634277692,0.0042692130582797656,0.04568394138254338
0.5,0,3,3,Ecal,context_0,0.036643444535600034,0.004231868738296342,0.0648196219487276,0.026003498092213376,0.02304691542238735,0.02334579321789848,3.349417383527204e-05,0.05178847921973996,0.0,0.024865050920057714,0.01959106948723682,0.007631052580961505,0.06689987583021585
0.5,0,3,3,Ecal,context_1,0.03894529262365243,0.0010872920697555365,0.06916971611235455,0.02607716538432343,0.02403597809172764,0.014840179908000739,1.2363569507144124e-05,0.05177458653972991,0.0,0.01920848789643094,0.019693989473005498,0.008335631952499511,0.06577382666685772
0.5,0,3,3,Ecal,pooled,0.03677527545899528,0.0015320235514675264,0.06668760997347915,0.01936395849032517,0.020339601143183228,0.019041458514524878,2.3910749795763163e-05,0.05122358363426023,0.0,0.008043213960478746,0.015046289770329372,0.006268784873435097,0.048170469602876353
0.5,0,3,4,Ecal,context_0,0.0376805657966236,0.0003679854218507883,0.07145111019990226,0.023287708923824813,0.027314105838014968,0.02904299541267316,6.348920722448303e-05,0.05546577804515264,0.0,0.024865050920057714,0.014776586805874412,0.009880757777412883,0.06620886723707198
0.5,0,3,4,Ecal,context_1,0.037957466086500025,0.0011275548869215675,0.06752391733947233,0.02424497814327507,0.022896821914094034,0.023757478257680695,5.138648667079866e-06,0.0520999848783929,0.0,0.01920848789643094,0.01598332111216351,0.009846384590618814,0.06257690096556491
0.5,0,3,4,Ecal,pooled,0.037649382510267504,0.00032228641836480154,0.06918537297265334,0.0212900480970933,0.023816487566982625,0.02626776517568845,3.341257524492702e-05,0.05299124658391952,0.0,0.008043213960478746,0.017657696610207465,0.009018148666915759,0.04685887859767867
0.5,0,4,0,Ugap,context_0,0.036442666851791705,0.0011744774837350199,0.0667930282443066,0.02635561591658268,0.021656291786646076,0.015467189621915137,6.379791764196603e-05,0.05137623014740715,0.0,0.021091282906258346,0.015881009888947625,0.007436772908011157,0.0642618686764448
0.5,0,4,0,Ugap,context_1,0.03807901634260241,0.008032913339492461,0.0685668881831897,0.026530738698279304,0.02660276738299827,0.04158211498259963,7.723233895134946e-05,0.05266516158331736,0.0,0.01543875449437257,0.022690872249048297,0.004662009433192801,0.06587580327050467
0.5,0,4,0,Ugap,pooled,0.03701545632001563,0.004538587942839102,0.06762710037974826,0.017380176045088395,0.02183331861433535,0.028370298473501962,7.932178644179402e-05,0.05165573057203486,0.0,0.00936835264205375,0.011244645650302934,0.006112066182760719,0.04640281338518212
0.5,0,4,1,Ugap,context_0,0.03707761187245162,0.0019949078523045652,0.06737686520229068,0.022294115931546284,0.02310587177433132,0.015232207652929111,0.00010915994369203245,0.052224369396777055,0.0,0.021091282906258346,0.01074807489275724,0.01008419813058706,0.06815622389967012
0.5,0,4,1,Ugap,context_1,0.034056569953437976,0.0016036704536369004,0.0662538527025711,0.026948354355293115,0.022483906280123644,0.026982091905616748,9.579101170288819e-05,0.052042836285070046,0.0,0.01543875449437257,0.021366971005312485,0.009715941959866095,0.06776516248290457
0.5,0,4,1,Ugap,pooled,0.035206529815968335,0.0002115238708870125,0.0667750935766686,0.016643207035735363,0.02237745590814577,0.02106199025844846,9.8529026287412e-05,0.05203448920355649,0.0,0.00936835264205375,0.008896139489538546,0.008957013258106968,0.046692947758110226
0.5,0,4,2,Ugap,context_0,0.037274220055405205,0.014838278488591082,0.06719373707587914,0.025943181852805735,0.028883862827379425,0.012945205555267736,0.00018881577820090373,0.05539030062070152,0.0,0.021091282906258346,0.019644801542611213,0.008659221056460114,0.06566663700011531
0.5,0,4,2,Ugap,context_1,0.039792796465836555,0.0025769550621046154,0.07321115177429435,0.03163944623543121,0.021108653055293525,0.027649072708670702,3.974536903622307e-05,0.051531553837504226,0.0,0.01543875449437257,0.02571385756670977,0.006508554900729456,0.06433882662381832
0.5,0,4,2,Ugap,pooled,0.03777717152909332,0.006224226757080777,0.06997445355637656,0.01990959584085416,0.023721188878671084,0.020463076287663945,0.00012087229687594739,0.05195191674208782,0.0,0.00936835264205375,0.01501096995600309,0.007386562928274918,0.04689030262676174
0.5,0,4,3,Ugap,context_0,0.04140102696971515,0.003751165663720005,0.0718651158274168,0.026261740786105246,0.024671685825650047,0.032288329919891945,0.00010628580543533411,0.05319379029560744,0.0,0.021091282906258346,0.01538129571233105,0.007979840727710744,0.06572716358179856
0.5,0,4,3,Ugap,context_1,0.033798354875502534,0.002018521818201816,0.06636769875164042,0.025180960166291195,0.025497707113914858,0.03280744435881684,0.00011114465473269106,0.0525811843667143,0.0,0.01543875449437257,0.015500665074466088,0.0077980035103616,0.06568138062545995
0.5,0,4,3,Ugap,pooled,0.03679889735498787,0.0008945042637511465,0.06916874985110837,0.0175887583090439,0.023921549068223635,0.03258814630598193,0.00010484276609807512,0.05271596185095606,0.0,0.00936835264205375,0.011456035865001279,0.005317944136197098,0.04547495383503916
0.5,0,4,4,Ugap,context_0,0.03490533000027668,0.014518243426916853,0.06759017460718689,0.025136736396903,0.02239983923505695,0.032421669664983915,0.00012718976416740046,0.0515207773409062,0.0,0.021091282906258346,0.01645429784480042,0.009932985579294683,0.06561767615714906
0.5,0,4,4,Ugap,context_1,0.03693271743016435,0.0007658275558539591,0.07350800540332067,0.02175390700848104,0.024626963051221362,0.02243535221143196,1.8104929928783244e-05,0.05262838936437602,0.0,0.01543875449437257,0.013981138195108257,0.007822649493423022,0.06355108856340899
0.5,0,4,4,Ugap,pooled,0.03571696440220101,0.00766835106227489,0.07017100476518018,0.016643823043511596,0.020131770205283117,0.027628294717061477,1.3737781474707422e-05,0.05150035716510488,0.0,0.00936835264205375,0.009841460582795525,0.003688461350443775,0.04519371037286865
0.5,0,4,0,Ucal,context_0,0.03640256579713397,0.0012100957001983006,0.06681471585815443,0.026067494719310986,0.021656291786646076,0.015591081032915372,3.352252828874654e-05,0.05136933606215113,0.0,0.021091282906258346,0.015840447188753923,0.006102506764721475,0.0644832356674847
0.5,0,4,0,Ucal,context_1,0.03813902958503701,0.0080921897126751,0.06856561061973576,0.026838867332807628,0.02655951665854861,0.04171621888538572,0.00010864647573195237,0.05265321678423622,0.0,0.01543875449437257,0.022856661613660526,0.005783887888443915,0.06606880385502255
0.5,0,4,0,Ucal,pooled,0.03701136739390809,0.004585391134496022,0.06763960346624004,0.017573167925457853,0.02183331861433535,0.028498622118919778,6.757262872476406e-05,0.05165110812868338,0.0,0.00936835264205375,0.011163119480402394,0.005405491690642486,0.04689828326526854
0.5,0,4,1,Ucal,context_0,0.037001662379217704,0.002017338055750842,0.0673818878518346,0.022569052253275795,0.02323142105242304,0.015589007861589885,0.00010964267633013639,0.05229143987677043,0.0,0.021091282906258346,0.010988681220703695,0.009554221962462299,0.06881509296757471
0.5,0,4,1,Ucal,context_1,0.034021138119760486,0.0015041678020020048,0.06625926662318303,0.026050122738838843,0.022527157004573195,0.027047395027112675,6.350869817281258e-05,0.05206698123127554,0.0,0.01543875449437257,0.020406113562165408,0.008543394404407658,0.06720858239900562
0.5,0,4,1,Ucal,pooled,0.0352472929009186,0.00027184445736551366,0.06678711924005981,0.01654040240786047,0.02248380268371153,0.02127559681606632,8.794307033519079e-05,0.05207763675626604,0.0,0.00936835264205375,0.009001596402194483,0.008359349693774882,0.046483058161135904
0.5,0,4,2,Ucal,context_0,0.03732980921998924,0.014882324681641808,0.0672141924620752,0.02572755077590477,0.028761002658367285,0.013111212653433166,0.00019423265845745156,0.055181275177688165,0.0,0.021091282906258346,0.019003184668087435,0.008739827764049525,0.06507654185068291
0.5,0,4,2,Ucal,context_1,0.03975134912468348,0.0025894715679776513,0.07320586023776426,0.030972560033835087,0.02115190377974316,0.027534612142887396,5.7529613745974084e-05,0.05155185042253723,0.0,0.01543875449437257,0.024843463402495436,0.00706382224629617,0.06441734501525759
0.5,0,4,2,Ucal,pooled,0.03781793461404359,0.0062404204203967886,0.06998597132612121,0.019775872528054052,0.02365738081333163,0.02048332442795399,0.00013562242853632097,0.05190446878699269,0.0,0.00936835264205375,0.014715371459418081,0.007931466022682835,0.04665163683737478
0.5,0,4,3,Ucal,context_0,0.041320824860399674,0.0037767408997107354,0.07182467210799091,0.026605601753591394,0.02471353558501399,0.03204805582982048,0.00011082232149653502,0.053200723336286976,0.0,0.021091282906258346,0.01594629654397524,0.00802624422836579,0.06558476347310024
0.5,0,4,3,Ucal,context_1,0.033756907534349456,0.0020297884736535316,0.06633596711748012,0.025270110011799757,0.025324704216116323,0.0324047819234783,0.00013104398874816539,0.05252297340077592,0.0,0.01543875449437257,0.015915138485996717,0.008395764318456766,0.06560098062161905
0.5,0,4,3,Ucal,pooled,0.03675604963181006,0.0009022518352378693,0.06913401479756902,0.01766164674883323,0.02379393293754467,0.03226698787760089,0.00011691264951517553,0.05268490156065377,0.0,0.00936835264205375,0.01135412815262558,0.005705031246964731,0.0458475490875276
0.5,0,4,4,Ucal,context_0,0.034985532109592155,0.014535920233998361,0.06762377124410743,0.025230684778313563,0.02244168899442084,0.032585431366326134,0.00010400518284240507,0.05152388626585029,0.0,0.021091282906258346,0.016333994680827184,0.009246062456786202,0.06511278741090147
0.5,0,4,4,Ucal,context_1,0.03693271743016435,0.0007431990686877733,0.07348726848131285,0.021857835653577695,0.024626963051221362,0.022166773615338642,1.814104987510882e-05,0.05264738289663955,0.0,0.01543875449437257,0.01447850628894504,0.007330544714169104,0.06349400659417377
0.5,0,4,4,Ucal,pooled,0.03573734594467615,0.007666460042539337,0.0701758380566104,0.016614496170835293,0.020131770205283117,0.027581706627795508,1.1612666405525255e-05,0.051518746879720544,0.0,0.00936835264205375,0.010123700927249776,0.003475996085542203,0.044972804234052116
0.5,0,4,0,Egap,context_0,0.03665011881452823,0.0012043315127218143,0.06696581123667218,0.025770458138050525,0.02140519323046275,0.017431840357112538,7.431947656463345e-05,0.05132238480369792,0.0,0.021091282906258346,0.015678258983983853,0.006583892125340235,0.06411713152993115
0.5,0,4,0,Egap,context_1,0.03875695666587309,0.008299713103986526,0.06884933777559267,0.026397924053582256,0.025867505067354468,0.039973057242429264,6.884708171790976e-05,0.05245233747557501,0.0,0.01543875449437257,0.022193504155211524,0.004641469980283593,0.06507287292071619
0.5,0,4,0,Egap,pooled,0.03759117028555908,0.00468365164837574,0.06786858345789261,0.01699772072806866,0.021599355708090573,0.0285665225519907,8.353912229779688e-05,0.05157589702048944,0.0,0.00936835264205375,0.010948966927559495,0.005672148688219697,0.046106785517832656
0.5,0,4,1,Egap,context_0,0.03743177957903315,0.0017429273122005497,0.0676160362678858,0.02247563526562638,0.02293847273687588,0.015093815116457937,0.0001122040366679203,0.05228777986103695,0.0,0.021091282906258346,0.01061165521365251,0.010630546968347096,0.06820987383778924
0.5,0,4,1,Egap,context_1,0.034651400574585045,0.0019025214032797706,0.06643237741963114,0.025674586009184312,0.022613658453472518,0.02545596700471131,0.00011086607347842516,0.05207684165311089,0.0,0.01543875449437257,0.019469824404500093,0.008627055017321004,0.06722339420209604
0.5,0,4,1,Egap,pooled,0.035755723075082124,6.36147077679981e-05,0.06698978965119017,0.01674698159760136,0.02220730106724056,0.020239850221279776,9.657442092333079e-05,0.05205609998062761,0.0,0.00936835264205375,0.009512829027581797,0.007766629540312559,0.04711813687373336
0.5,0,4,2,Egap,context_0,0.03774243132547189,0.014902363910069676,0.06748479798725025,0.02674133195056782,0.029218660902290527,0.01095394296247959,7.56633447239007e-05,0.05552871660836808,0.0,0.021091282906258346,0.020968136346316574,0.005826217172742697,0.06662441169912169
0.5,0,4,2,Egap,context_1,0.0406969487413934,0.002506575493182145,0.07355088842520746,0.030939860230364182,0.02056054307389224,0.028752046636788417,5.924865724795433e-06,0.051560226051433095,0.0,0.01543875449437257,0.02516246801507025,0.004369763822679244,0.06405228808721476
0.5,0,4,2,Egap,pooled,0.03846747912354653,0.006291541094224573,0.07028840945668084,0.019986847103431543,0.02325326306618175,0.020036329723102125,5.775852825133502e-05,0.0519295251482828,0.0,0.00936835264205375,0.014776516086843453,0.005090900450901813,0.04680109542416126
0.5,0,4,3,Egap,context_0,0.042043089840773706,0.0037014208293095026,0.07204152839648116,0.025058917476487065,0.025229981939668578,0.03337573354140885,9.713403105161681e-05,0.053425417256350256,0.0,0.021091282906258346,0.01349153650690184,0.007872882966624578,0.06454368973212261
0.5,0,4,3,Egap,context_1,0.03420941522598697,0.0020173942719772155,0.06660594346384127,0.025078448445183126,0.025217471878008824,0.0321272255445509,0.00010082119881809091,0.05233665745517051,0.0,0.01543875449437257,0.014771612622566151,0.007267373223677472,0.06729070405268311
0.5,0,4,3,Egap,pooled,0.03736144864204344,0.0008695317323549794,0.06937720497541137,0.017359786383300723,0.023942818423336787,0.032795547081523976,9.474388904466449e-05,0.05266481963880273,0.0,0.00936835264205375,0.010874458311115581,0.005282184770627161,0.04531679312367179
0.5,0,4,4,Egap,context_0,0.03517512856193661,0.014482417678067313,0.0678482762097568,0.025605270595875255,0.02277648706933194,0.03103073527365402,0.00011031187456850527,0.0515504582691404,0.0,0.021091282906258346,0.014209100429503092,0.008460530872080558,0.06491239142635036
0.5,0,4,4,Egap,context_1,0.03714700587740821,0.0008034259912355914,0.07377600431268541,0.021059182864255174,0.023848450011127897,0.01970248858159182,1.046773205495678e-05,0.05237074012011694,0.0,0.01543875449437257,0.01309276060113667,0.009336811994017646,0.06383714544247464
0.5,0,4,4,Egap,pooled,0.03598275142959262,0.007667030295298396,0.0704154881718591,0.016600574283909365,0.02017430891550942,0.02559177591993282,2.568379376607032e-05,0.05143536365267021,0.0,0.00936835264205375,0.00876478803189367,0.005254761154859243,0.045412066431549575
0.5,0,4,0,Ecal,context_0,0.03656991670521276,0.00127498916646586,0.06695669815278923,0.02648358837196405,0.02140519323046275,0.01773641928694661,3.588205815056732e-05,0.051329043562418006,0.0,0.021091282906258346,0.016079269530561255,0.0050482903674720905,0.06490967772720282
0.5,0,4,0,Ecal,context_1,0.038798404007026166,0.008237912507206593,0.06878638886885126,0.026668054779819754,0.025867505067354468,0.039756054239211094,6.957582087577333e-05,0.05244299435327759,0.0,0.01543875449437257,0.022317846178670723,0.004854981113473468,0.06515162633697084
0.5,0,4,0,Ecal,pooled,0.037550407200608815,0.0046897631627601435,0.06782917843215795,0.017382840436689688,0.021599355708090573,0.028613554517417247,6.500140603749656e-05,0.05158740271763709,0.0,0.00936835264205375,0.012029188678741611,0.004863211280172049,0.04639277998520331
0.5,0,4,1,Ecal,context_0,0.03738606982453185,0.0017448908811096872,0.06757897430499309,0.022781012239728553,0.02293847273687588,0.015420149049288082,7.978441407707765e-05,0.05228459888708076,0.0,0.021091282906258346,0.01075777189416953,0.009398739818487692,0.06802591561092194
0.5,0,4,1,Ecal,context_1,0.03469284791573812,0.001903202855286685,0.06642950203714972,0.025168828610478006,0.022440655555673983,0.025361586066562802,0.00010175763471299766,0.052035703946279384,0.0,0.01543875449437257,0.018889561628357206,0.008957450422566963,0.06715277818969877
0.5,0,4,1,Ecal,pooled,0.03569074795906568,6.313473250287407e-05,0.0669696309545119,0.016472855012170398,0.022164762357014256,0.02035869084123458,8.372719995319714e-05,0.05203548816705476,0.0,0.00936835264205375,0.009329395145305591,0.007953891150897932,0.047387834183937896
0.5,0,4,2,Ecal,context_0,0.03778253238012963,0.014938737930819044,0.06746000501590167,0.02689387936703932,0.02917681114292664,0.010979974780475674,9.190628023021251e-05,0.05546937710441602,0.0,0.021091282906258346,0.020847833182343335,0.00660219336338359,0.06649552353590343
0.5,0,4,2,Ecal,context_1,0.04057260671793422,0.0024358152667388697,0.07353126912182316,0.030721052674972316,0.020632895086347552,0.02901588770669665,1.5087089541845347e-05,0.05157116559679041,0.0,0.01543875449437257,0.024913783968151883,0.004675179160491283,0.06412746962578125
0.5,0,4,2,Ecal,pooled,0.03840633449612113,0.0063458259634389365,0.07026226397991714,0.01954923443106621,0.023317071131521205,0.020179786122051277,6.586730615767685e-05,0.0519155168626229,0.0,0.00936835264205375,0.01460253510626896,0.005668634620841124,0.04656547424317793
0.5,0,4,3,Ecal,context_0,0.04189518917411761,0.0037261269446866316,0.07204440296136809,0.02577306628942662,0.025229981939668578,0.03382248091166784,6.46909697633297e-05,0.05336969288564252,0.0,0.021091282906258346,0.01356388183954226,0.0071077026612285064,0.06471399097528673
0.5,0,4,3,Ecal,context_1,0.034333757249446206,0.0020066782904867193,0.06659311046189544,0.025104301426686036,0.025260722602458457,0.03290812280742007,8.977228820142047e-05,0.0523216731999385,0.0,0.01543875449437257,0.014191349846423219,0.007541640847509876,0.06755733685207067
0.5,0,4,3,Ecal,pooled,0.03738183018451857,0.0008874428373120189,0.06937209653347633,0.017390593839900357,0.02398535713356309,0.033407134994389756,7.511951177944978e-05,0.05263617227624978,0.0,0.00936835264205375,0.010534450165045874,0.005213289679939173,0.04508860393008902
0.5,0,4,4,Ecal,context_0,0.03509163087077044,0.014478975061806636,0.06782689192326981,0.025944860999411973,0.02290203634742355,0.030802629565469253,0.00012253998469321408,0.05155538118899809,0.0,0.021091282906258346,0.015011121522657838,0.008579919482979275,0.06459246180881573
0.5,0,4,4,Ecal,context_1,0.037188453218561235,0.000830148380799191,0.0737607117995134,0.020806612250053425,0.023805199286678236,0.01995484999666229,1.0505604059749705e-05,0.052351235717368466,0.0,0.01543875449437257,0.013164844228348085,0.008716251271553788,0.06358104939233493
0.5,0,4,4,Ecal,pooled,0.035921606802167216,0.007678480837819274,0.07039750396790483,0.016646236220939414,0.02015303956039627,0.025597649227388372,3.059021840076757e-05,0.05142612919967379,0.0,0.00936835264205375,0.009416997391097998,0.005260963431322785,0.045328714781548464
0.5,1,0,0,Ugap,context_0,0.03647682313570605,0.003075409138198064,0.06837511169765595,0.022110553245324606,0.024444488508775772,0.0004806083093485264,0.0013822155443456705,0.050210296430174564,0.0,0.017184905281574,0.013356858831682496,0.02301498829559308,0.06526437821125858
0.5,1,0,0,Ugap,context_1,0.037372554673711256,0.0052980812483749,0.06565621700958586,0.022466013971112173,0.024713356740992953,0.025524547209741247,0.019477877688993228,0.05251185831444841,0.0,0.012927080879661,0.013356881370740755,0.01676394451979163,0.06414050791681891
0.5,1,0,0,Ugap,pooled,0.03633780242152296,0.0041880480197550515,0.06694839623171148,0.018754391858913998,0.021374702658307904,0.01253291707886664,0.0003518174578388822,0.05105078850755629,0.0,0.011237280152187418,0.013495225756626837,0.006531634790195489,0.048930527398679
0.5,1,0,1,Ugap,context_0,0.040969363916117274,0.0030150729663891694,0.06842887157760574,0.02521901977734707,0.02093405493362649,0.00812616411004484,0.0012841664507522387,0.05062789748751516,0.0,0.017184905281574,0.01831500210176057,0.022276640867929583,0.06863721710232347
0.5,1,0,1,Ugap,context_1,0.03915833584326528,0.004964183868826478,0.07120493016768009,0.027880841284405537,0.021582539343802276,0.03276867561234177,0.015733288382487554,0.052130905105134115,0.0,0.012927080879661,0.02133848268396981,0.01483382630210082,0.06528787344181702
0.5,1,0,1,Ugap,pooled,0.03969164461217439,0.001018737337749125,0.06979901440213437,0.021206573418135137,0.019860197538853985,0.02022909610337814,0.00117695648210785,0.05076917089320673,0.0,0.011237280152187418,0.017241462434839636,0.007003628576360126,0.04722965696677473
0.5,1,0,2,Ugap,context_0,0.04204363791679494,0.00023932564761995162,0.07358334262808314,0.03089077174472332,0.0253690510393208,0.00449102258734102,0.0009677472749005053,0.051567903810509685,0.0,0.017184905281574,0.023139154975773568,0.01947402453327171,0.06983288736849562
0.5,1,0,2,Ugap,context_1,0.041660862097307294,0.010803366626306179,0.0705598088111637,0.02362974124230809,0.03026677261162536,0.03516649381834365,0.011402560991269267,0.053713002390143254,0.0,0.012927080879661,0.01437209003563362,0.010184026687338431,0.06396126120728161
0.5,1,0,2,Ugap,pooled,0.04118301627047938,0.00532387748143891,0.07194064847895949,0.01827369350316308,0.020204859238101724,0.019821108621875305,0.0014791753755082765,0.05066726697939281,0.0,0.011237280152187418,0.01406874055673877,0.005885066071089597,0.0456860700386146
0.5,1,0,3,Ugap,context_0,0.037794208969211096,0.006292162274697626,0.07009035692812243,0.022893377086529058,0.0252317661183733,0.029628908993037745,0.0017645195673034737,0.05177657788951478,0.0,0.017184905281574,0.017169184794267496,0.02596943168139023,0.06892822509411486
0.5,1,0,3,Ugap,context_1,0.03918736017119745,0.0019266260209017047,0.06535757940991867,0.026480694489603458,0.023061408811539452,0.021014890140705747,0.012848268201933188,0.05171927277315978,0.0,0.012927080879661,0.019379059132835046,0.015427230452015089,0.06332529946186662
0.5,1,0,3,Ugap,pooled,0.03828746277625089,0.00406880282847937,0.0675687532339546,0.018350252535080245,0.02236535168214565,0.02530914061158157,0.003197252578130399,0.05112171775668108,0.0,0.011237280152187418,0.01382777342069361,0.012509642933140393,0.04691608642399096
0.5,1,0,4,Ugap,context_0,0.03921858154113056,0.0018964742350614401,0.06816356556531061,0.022160435874606314,0.02360140994997481,0.03624599295397865,0.0011817028259118096,0.050960553849831565,0.0,0.017184905281574,0.014755881420913608,0.0203681311757696,0.06489462792645422
0.5,1,0,4,Ugap,context_1,0.044335010464339575,0.004724454016114341,0.07105827080630965,0.024526938890050563,0.02269651460648303,0.012598427289329847,0.017837463099483863,0.051871072634569595,0.0,0.012927080879661,0.013635879870635057,0.018432051016568272,0.06777901995029276
0.5,1,0,4,Ugap,pooled,0.04098211642491667,0.0032457421150443103,0.06926023885026479,0.01755002368100721,0.021886648050799373,0.024339938660864674,0.0003946367712557089,0.051233116520877225,0.0,0.011237280152187418,0.010431217087653112,0.007520012004302133,0.045780972474626064
0.5,1,0,0,Ucal,context_0,0.036471111674126866,0.003066541041907004,0.06833753434373167,0.02253014348246458,0.024444488508775772,0.00025096528269490104,0.0013804994058378996,0.05020404063776307,0.0,0.017184905281574,0.01360415913668623,0.023140805049348307,0.06554224099347121
0.5,1,0,0,Ucal,context_1,0.03749540003800472,0.005464257905046413,0.06565853695832137,0.022055881053013968,0.024755665084198242,0.025657793082355954,0.019942866406224474,0.05247585192582155,0.0,0.012927080879661,0.012769273513429215,0.02003172217792367,0.06493135667406114
0.5,1,0,0,Ucal,pooled,0.036304861855142645,0.004267039080696958,0.06693196109766376,0.018778675010075355,0.021268047368205534,0.01271456109812219,0.00024225914441448546,0.05102836791305926,0.0,0.011237280152187418,0.013727532777795062,0.007539321212197011,0.04889730719335216
0.5,1,0,1,Ucal,context_0,0.04092814719861665,0.0031160680576449917,0.06843611095013322,0.024747373707023484,0.02102009864383128,0.008271623058021801,0.0012484462977216848,0.050627155140339164,0.0,0.017184905281574,0.017696751339251283,0.022147691584898044,0.06878080690296762
0.5,1,0,1,Ucal,context_1,0.039279960752046594,0.004975770234566358,0.07121206991594818,0.027102469404443916,0.021511880996735178,0.03292659869645016,0.016265067274874034,0.05202050057545538,0.0,0.012927080879661,0.020243858504937963,0.01574961535125251,0.06598112981148219
0.5,1,0,1,Ucal,pooled,0.03973252100197161,0.0009746534424828967,0.06980596692344535,0.020087477743050936,0.01992419071291543,0.020385426063454087,0.001017224620688116,0.050746743082159575,0.0,0.011237280152187418,0.016423934638894563,0.007566920048509976,0.04740948700163534
0.5,1,0,2,Ucal,context_0,0.041919987764293065,0.000284414168003999,0.07357398136773893,0.030968744443946396,0.025110919908706453,0.004736925359504207,0.0009560164594345001,0.05144158183466038,0.0,0.017184905281574,0.02293307138827047,0.019407612932054407,0.06963879026674989
0.5,1,0,2,Ucal,context_1,0.04140096431863227,0.010803895663725195,0.0705129554122346,0.0229199609500724,0.030478314327651745,0.0364803985581071,0.012127419141408136,0.053803196280764146,0.0,0.012927080879661,0.01349972206199301,0.012186481987002685,0.06435723831662696
0.5,1,0,2,Ucal,pooled,0.041133570177703416,0.005301391618542982,0.07192056210850616,0.017664438984130053,0.02039683876028603,0.02060514255294732,0.0012898359194174341,0.05068367213901273,0.0,0.011237280152187418,0.013562317113666586,0.005940655269688984,0.045446086301772576
0.5,1,0,3,Ucal,context_0,0.037794208969211096,0.006231115357972644,0.0701092636539508,0.023057724551439073,0.0252317661183733,0.02944604792128755,0.0018048071339241052,0.0517892228320559,0.0,0.017184905281574,0.017435814498768822,0.026481373481793934,0.0693337442645809
0.5,1,0,3,Ucal,context_1,0.03918736017119745,0.0019306761236431724,0.06535369721461312,0.0265413649089443,0.02259601703628139,0.019799687162618887,0.013715889812553644,0.05180297567942866,0.0,0.012927080879661,0.01941960076909554,0.01777834008380897,0.06355505342464461
0.5,1,0,3,Ucal,pooled,0.03826702458135228,0.004040448034563994,0.06757566246201106,0.018438739760410185,0.022173372159961346,0.02461058187149512,0.0030935606279684814,0.05105376123038991,0.0,0.011237280152187418,0.013889088005389487,0.012835799228319,0.04705811289722894
0.5,1,0,4,Ucal,context_0,0.03913614810612931,0.0019888150455903233,0.06811985829705676,0.022215948483797585,0.023687453660179575,0.036184943625825944,0.0011643133857479004,0.05099477750292502,0.0,0.017184905281574,0.014961965008416712,0.020687859630560797,0.06485817727118415
0.5,1,0,4,Ucal,context_1,0.044237436231051364,0.004729136339090662,0.07104399527195329,0.02388252531959664,0.022654206263277743,0.011851409020331799,0.01865793219056948,0.051812833320364536,0.0,0.012927080879661,0.013433171689332857,0.019477969412198835,0.0680087628634507
0.5,1,0,4,Ucal,pooled,0.04087888832881442,0.0032941810481593144,0.06922735551213054,0.017847573323303587,0.021822654876737957,0.023929279541566845,0.0002125005165585607,0.05120174479315511,0.0,0.011237280152187418,0.010901295570321516,0.008634055759791337,0.045079535938522236
0.5,1,0,0,Egap,context_0,0.0365292587058379,0.0033417423383296546,0.06836577498717751,0.02083222203021916,0.02405729181285425,0.0003226450404657105,0.0013150079215287877,0.0501834767092576,0.0,0.017184905281574,0.011124417235518918,0.02232026734219911,0.06532484818249018
0.5,1,0,0,Egap,context_1,0.03803492728022473,0.005435560140426339,0.06580788536768555,0.024371883761312295,0.025728756977919653,0.02876950754030687,0.021213491114085062,0.0532672363781648,0.0,0.012927080879661,0.016848284665773913,0.019450765666085796,0.06410160412694059
0.5,1,0,0,Egap,pooled,0.03683192972190602,0.004389902708203521,0.06701579291120556,0.018859254241223755,0.02186531699277891,0.014226318975739546,0.00023306786618541853,0.051229474169121166,0.0,0.011237280152187418,0.013974489017157147,0.006129054592124195,0.04858218830454035
0.5,1,0,1,Egap,context_0,0.04105360131447394,0.003227201638009954,0.06840328131081258,0.024358425738624293,0.02071894565811455,0.008135909206981956,0.0012385489509539765,0.05056563864446553,0.0,0.017184905281574,0.018026485079256187,0.022013575880607938,0.06937189225742964
0.5,1,0,1,Egap,context_1,0.039205353003189725,0.005023786171947416,0.07137637038185778,0.02824499274016785,0.022511400349870814,0.033134454902360236,0.015502121319870388,0.05239798950982402,0.0,0.012927080879661,0.021379024320230304,0.016213518744889837,0.06571128393158761
0.5,1,0,1,Egap,pooled,0.03998559685659181,0.0009447326695202643,0.06987621043280393,0.019328546659219837,0.02018016340916115,0.020438215423120243,0.00114098921511719,0.0508706628728112,0.0,0.011237280152187418,0.015395024572170617,0.007631755606850104,0.04706825942765318
0.5,1,0,2,Egap,context_0,0.042123901468874625,0.0003014531522100798,0.07367586921019792,0.03048036262814558,0.024035373531146653,0.005531772961002393,0.0010078466152370368,0.05116553267569053,0.0,0.017184905281574,0.023024280358580375,0.019631470284130592,0.07047070412877367
0.5,1,0,2,Egap,context_1,0.04146971565839325,0.011047707186950325,0.07057338197194597,0.023444765819621006,0.03077447273008871,0.0353366046347945,0.010948338098137028,0.054228747542775464,0.0,0.012927080879661,0.015636434549891675,0.011478176313670915,0.06390838869003035
0.5,1,0,2,Egap,pooled,0.04142837162147872,0.005415211542318343,0.07200575864508929,0.018171867637401907,0.020183528180081234,0.020435998094677693,0.0015409500566877683,0.05075632499196333,0.0,0.011237280152187418,0.013762692296244343,0.005734811296692487,0.04541939680252543
0.5,1,0,3,Egap,context_0,0.03784980914042568,0.006377537383624304,0.07026939246645901,0.02281639263171032,0.026737531046956975,0.03297989360431075,0.0020467856987628316,0.05231222106065624,0.0,0.017184905281574,0.017457077039270907,0.026757148407211176,0.06908577428507977
0.5,1,0,3,Egap,context_1,0.03941874017022318,0.002061052019034935,0.06542749756732613,0.02836682271634061,0.023696033959618668,0.023169821999972237,0.01272270258648285,0.05170694051311009,0.0,0.012927080879661,0.021493557553050206,0.014780527360417678,0.06461378166412501
0.5,1,0,3,Egap,pooled,0.038532967443870025,0.004178151868771062,0.06767961636566515,0.019775494831732018,0.023303918235046683,0.028048050521063045,0.0037386621332539463,0.05138541867517886,0.0,0.011237280152187418,0.015019313944115388,0.012914044276690895,0.04772566126779737
0.5,1,0,4,Egap,context_0,0.03914154139863535,0.0019247753767929906,0.0681253357599174,0.02204813554374802,0.0235583880948724,0.035044536299251305,0.0014124909696474615,0.05082705824627786,0.0,0.017184905281574,0.014388331803771099,0.02275855219270693,0.06571600747230792
0.5,1,0,4,Egap,context_1,0.04463977183216883,0.004836986259508354,0.0712757544853706,0.02330200209704209,0.02277819586429078,0.0166742381907682,0.017266452421024703,0.05205805252574912,0.0,0.012927080879661,0.01331524665660659,0.018076332926441622,0.06621230080151976
0.5,1,0,4,Egap,pooled,0.041283121295530634,0.003313633864974133,0.06931028383821676,0.016347152325934863,0.022383451024723028,0.02578833345615214,0.000991087352303327,0.051332354970454325,0.0,0.011237280152187418,0.009426926205715022,0.008822269384047185,0.044608444238056835
0.5,1,0,0,Ecal,context_0,0.03659716493300996,0.0033787509167391675,0.06832288967273054,0.02110892107093416,0.024014269957751855,1.740396328767102e-05,0.0013499004250214926,0.0501802822546512,0.0,0.017184905281574,0.011716422316621691,0.02316759576440846,0.06520683744307808
0.5,1,0,0,Ecal,context_1,0.03809257899182056,0.005489132405778486,0.06576653184732197,0.023495675549235047,0.02555952360509861,0.02828196698603329,0.02176361618290923,0.053086610143979245,0.0,0.012927080879661,0.015452575296802634,0.021938420310347043,0.06470671850792532
0.5,1,0,0,Ecal,pooled,0.036750176942311474,0.004435162293760527,0.06697700026842977,0.01868249324413991,0.02160934429653316,0.014139081419108038,0.0003246644265081297,0.051177476702454885,0.0,0.011237280152187418,0.013790545263069469,0.007565485933937604,0.048753103677930974
0.5,1,0,1,Ecal,context_0,0.04105360131447394,0.0032090700669691378,0.06841866796891205,0.024500608551278665,0.020804989368319315,0.008077379228506917,0.0013336171789902844,0.05053152109640041,0.0,0.017184905281574,0.017902834926754353,0.023288197333808085,0.06914508684135186
0.5,1,0,1,Ecal,context_1,0.03914584987243103,0.004947964837613851,0.0713413298983575,0.028527018988720763,0.022172933604228562,0.03239294231469027,0.017012636381235458,0.052274164612331656,0.0,0.012927080879661,0.021541190865272047,0.01870339324598121,0.06589050708064452
0.5,1,0,1,Ecal,pooled,0.03995677077878523,0.0009149497456875297,0.06986513814153501,0.01921057618293049,0.020158832351140687,0.020044383750839945,0.0009056545010072657,0.050858203709196546,0.0,0.011237280152187418,0.01500669886909671,0.008307597829491073,0.046867852337913345
0.5,1,0,2,Ecal,context_0,0.042082684751374,0.0002904332003335407,0.0736569075488263,0.030744729860368632,0.024078395386249007,0.005945444544355388,0.0010691901632699963,0.05119537907638069,0.0,0.017184905281574,0.023060728561075924,0.020492162267425267,0.07042828896059859
0.5,1,0,2,Ecal,context_1,0.0414153105954414,0.011020350085894429,0.07056436487385706,0.021907259796530063,0.03064754770047287,0.03547658723256826,0.010890686458782509,0.054074623430212194,0.0,0.012927080879661,0.013325561283046643,0.013516951890534364,0.06402007721415055
0.5,1,0,2,Ecal,pooled,0.041453755695904704,0.00540559198335762,0.07198751748482166,0.018109498633089218,0.020183528180081234,0.020704101738516223,0.0016501139322600729,0.05074148079361831,0.0,0.011237280152187418,0.014027864166941484,0.00686863233056379,0.04561446528926357
0.5,1,0,3,Ecal,context_0,0.03793224257542693,0.006377958882131906,0.07024495720702953,0.023095990854745736,0.026565443626547447,0.03221898751007532,0.002076782699666511,0.05225976179329731,0.0,0.017184905281574,0.017786810779275877,0.02750593451493435,0.06949648624356426
0.5,1,0,3,Ecal,context_1,0.039459281806483615,0.0020592467055246893,0.06543749021380338,0.028161330816311652,0.02314602549795003,0.02276818882358768,0.013377251481207594,0.05171447629536077,0.0,0.012927080879661,0.021655724098091966,0.01838351845981371,0.06486986026962903
0.5,1,0,3,Ecal,pooled,0.03859428202856591,0.00417736182743164,0.06766871938695522,0.01986075053946157,0.022962621306719055,0.027478441156701505,0.0036454064325973957,0.0512779428412314,0.0,0.011237280152187418,0.014733179215534612,0.01388449795686254,0.04792062777595155
0.5,1,0,4,Ecal,context_0,0.03914154139863535,0.0019828090583805047,0.0681307553153428,0.02185593009533675,0.02360140994997481,0.03503570640132295,0.0013834781286617731,0.05086848114501087,0.0,0.017184905281574,0.014635632108774815,0.02264925787848919,0.065768573510288
0.5,1,0,4,Ecal,context_1,0.0445586885596479,0.004808283952923187,0.07132373842666362,0.023776632228156205,0.022467601174519847,0.015896750765322917,0.017639187655110883,0.0519963930138921,0.0,0.012927080879661,0.012772496463907877,0.020524041218323415,0.06719688854096245
0.5,1,0,4,Ecal,pooled,0.041187567998963004,0.0033273574018449848,0.06933416033278302,0.017203292337784712,0.022334600269229427,0.025391062318044083,0.0008537177910765865,0.05131497499099145,0.0,0.011237280152187418,0.010242327454038051,0.009381514777802122,0.04470233654848198
0.5,1,1,0,Ugap,context_0,0.03627770796801877,0.006781781493298692,0.0673539711569553,0.02312884096889475,0.025280063618562276,0.006627102490735282,0.0013785427996837016,0.05227772634105543,0.0,0.03094431757941527,0.014112775746860918,0.021696431978950503,0.06270430131107832
0.5,1,1,0,Ugap,context_1,0.03500497540290315,0.0034200344306810765,0.06552659396324134,0.025902294602071187,0.021888851980052804,0.02460259093865204,0.018691493610578924,0.05193216761211115,0.0,0.010079068346431328,0.01815277571340117,0.020242050212263513,0.06832890770241806
0.5,1,1,0,Ugap,pooled,0.03532336275489306,0.005222750355453566,0.06624038021914344,0.018530099955003227,0.021273891737501827,0.015132008760754795,0.0011419117730702387,0.051585325978254264,0.0,0.014722275239418995,0.012737166868469828,0.007375624884221624,0.04625578303085105
0.5,1,1,1,Ugap,context_0,0.038467883995232266,0.005603467494818812,0.06834424573682693,0.02641038248649032,0.02594148058785206,0.012118572705052108,0.0010385946792058694,0.053165504816102466,0.0,0.03094431757941527,0.018045377594550188,0.020593625984157704,0.06481353362196363
0.5,1,1,1,Ugap,context_1,0.03190582257806135,0.005901548410974076,0.06411467674733787,0.027939041468284565,0.023987951944037522,0.022265939568767615,0.012984232399554305,0.05200812207319108,0.0,0.010079068346431328,0.02018254081753382,0.010514923417949552,0.06426639148224181
0.5,1,1,1,Ugap,pooled,0.03481580095719761,0.00016412337308147756,0.06627698680438575,0.01827934335389506,0.02357925752925749,0.016573946232329134,0.000589619918577821,0.052074687449429106,0.0,0.014722275239418995,0.012727671119006103,0.006064655062647251,0.046179677492964644
0.5,1,1,2,Ugap,context_0,0.03365107586480065,0.006540840724610473,0.06662656979379983,0.021915265738192947,0.02110041810922536,0.004574954469600448,0.001374905987251636,0.05038957085317441,0.0,0.03094431757941527,0.012044459226740876,0.021775330360924813,0.06681553653375952
0.5,1,1,2,Ugap,context_1,0.029153904881051518,0.0034256471385697334,0.06566213869871426,0.024370308845545252,0.02508755714805405,0.025666664879822013,0.015664027704693717,0.052154660563474176,0.0,0.010079068346431328,0.01657099960972809,0.014360135779977402,0.06652514942102195
0.5,1,1,2,Ugap,pooled,0.03088174759046325,0.0017909704963307283,0.06601874660367442,0.014884671113135763,0.02199091245874718,0.014190883380717889,0.0005977636548270583,0.05098083365028523,0.0,0.014722275239418995,0.007867531491774236,0.006240532671858053,0.045360321961187486
0.5,1,1,3,Ugap,context_0,0.03307043000799387,0.013288520500294655,0.06152228241989511,0.021988654546466674,0.020549392053906212,0.02051595835157735,0.0018052865340241852,0.05028825810523217,0.0,0.03094431757941527,0.015059305105011772,0.024670258984860326,0.0660179402363268
0.5,1,1,3,Ugap,context_1,0.03689582874487468,0.007307194530170901,0.06312573838078935,0.02418681946618342,0.021806801947212073,0.03762223424908749,0.012754683508447023,0.05244333716732267,0.0,0.010079068346431328,0.012537024331631555,0.012711425175139643,0.06554637174421346
0.5,1,1,3,Ugap,pooled,0.03386399891017183,0.003525385504843409,0.061955034178990974,0.01673479288748042,0.020074750430505994,0.02850031036922207,0.0012494443965465271,0.05114449401843581,0.0,0.014722275239418995,0.011249414963478697,0.00719888008162799,0.04761007498081976
0.5,1,1,4,Ugap,context_0,0.03316644750637965,0.010291247396108242,0.06618853724577989,0.02213937134188445,0.022510720674858986,0.01329735076596504,0.0005661288353585388,0.05063134074407506,0.0,0.03094431757941527,0.013175283009081216,0.014410273928700593,0.06419523663472937
0.5,1,1,4,Ugap,context_1,0.03399627608335953,0.0036594765376605698,0.06322066046248977,0.024378277155001613,0.02181569886355539,0.026065754711294256,0.008851117031559705,0.05145440355605547,0.0,0.010079068346431328,0.014600453933238292,0.007738432270297261,0.06284541246575348
0.5,1,1,4,Ugap,pooled,0.03258033638460067,0.003637416226294008,0.06441724111349385,0.01814938844053638,0.02098151056179809,0.01905378262513005,0.0007061988356310521,0.05081767750417306,0.0,0.014722275239418995,0.011966501600228718,0.004489097768075785,0.046034478134682796
0.5,1,1,0,Ucal,context_0,0.03627795232800801,0.006748446263573397,0.06730886217191383,0.022777273181213777,0.02536045916464902,0.006690602498830661,0.0015459614891222564,0.052360930840192915,0.0,0.03094431757941527,0.014272141222840807,0.02317035427244259,0.0629696331502607
0.5,1,1,0,Ucal,context_1,0.03517584723652184,0.0034183829196734,0.06555475386764188,0.023859263847824212,0.02104078913413243,0.024315179705748577,0.021299540775504992,0.052101738516064054,0.0,0.010079068346431328,0.016807116787908253,0.023708409144697733,0.06786409581861279
0.5,1,1,0,Ucal,pooled,0.035315625093261804,0.005203887435335814,0.06623501079698621,0.017364832115391707,0.02169689463507174,0.015042631047144261,0.0014779480537706023,0.051746871592071565,0.0,0.014722275239418995,0.011911332623705424,0.00860914061776078,0.04612834783833471
0.5,1,1,1,Ucal,context_0,0.03850641815576561,0.005647204798750479,0.06837083418311402,0.027291209389785645,0.025499305084374924,0.012022287596478554,0.0012755741395207433,0.052895982695727976,0.0,0.03094431757941527,0.01897019744734968,0.022675215461736745,0.06547723469083744
0.5,1,1,1,Ucal,context_1,0.03170747468861729,0.005921695294882684,0.06415829389764996,0.02874324200048552,0.024880649676585265,0.021138766955346347,0.016431332482709365,0.052186625131601716,0.0,0.010079068346431328,0.02103804599334015,0.01613659277852055,0.06542108451527426
0.5,1,1,1,Ucal,pooled,0.03479552890627419,0.00017800320499330763,0.06631202102210337,0.017481498709334017,0.02381190912292097,0.01599293275302205,0.0009174198455167218,0.05213183749793036,0.0,0.014722275239418995,0.012174309978345992,0.007859560323938771,0.04667748506934565
0.5,1,1,2,Ucal,context_0,0.03366911856054433,0.006404699581378917,0.06663808894542213,0.02187870592685207,0.021158878714429535,0.003937962539477383,0.0016027996198326303,0.05039014024157033,0.0,0.03094431757941527,0.011885691022965517,0.02375684254046794,0.06720037380970996
0.5,1,1,2,Ucal,context_1,0.029157873193213057,0.003429259518725799,0.06555472538492477,0.023592467423712238,0.023793145435859808,0.023440409810405502,0.018177876399112947,0.05180073598222297,0.0,0.010079068346431328,0.014971734386533568,0.01913232048098296,0.06746875901791269
0.5,1,1,2,Ucal,pooled,0.030910017687276414,0.0017197017193757056,0.06597487963416347,0.015257487952105311,0.021441008691906405,0.012800446046866518,0.0007113953679276225,0.050862388604136034,0.0,0.014722275239418995,0.008713018942521389,0.009605053333543962,0.04571952434856742
0.5,1,1,3,Ucal,context_0,0.03303189584746058,0.013304958238435834,0.06154477295615418,0.02182421532805542,0.02050919428086284,0.020661802908391813,0.0019843236010061434,0.050305294697982034,0.0,0.03094431757941527,0.014936524548728031,0.026203755497176566,0.0664700580003314
0.5,1,1,3,Ucal,context_1,0.03694944940392825,0.007422420092662166,0.0631363144837028,0.02399937337414625,0.02194070660709424,0.03780794736067354,0.01637168006152616,0.05257000421627591,0.0,0.010079068346431328,0.011613181674089796,0.016894130181434805,0.06591615308664105
0.5,1,1,3,Ucal,pooled,0.03382345480832505,0.00347763339100723,0.061962649334464735,0.016340875372760723,0.020201651299777024,0.028671844022878534,0.0006412378079501888,0.051197765186148776,0.0,0.014722275239418995,0.011188598810708533,0.008942339321341114,0.04804573237445956
0.5,1,1,4,Ucal,context_0,0.033243515827446335,0.010188956819626891,0.06619812232004056,0.02199813797790205,0.022229336263555333,0.014110270826669505,0.0006920061378026987,0.050568496621694305,0.0,0.03094431757941527,0.013213817169614511,0.015991172689827717,0.06375348028557248
0.5,1,1,4,Ucal,context_1,0.03399627608335953,0.0036277725908608373,0.06320763829557913,0.024239120262081894,0.02168179420367322,0.02372669646030158,0.01265361516674729,0.05148220868514119,0.0,0.010079068346431328,0.014049708672129145,0.013703039284408374,0.06279625906876336
0.5,1,1,4,Ucal,pooled,0.03253979228275389,0.00359983095688646,0.06441251363539695,0.018648187641625152,0.020918060127162685,0.018382252944708688,0.0011763102028853646,0.050835956585667044,0.0,0.014722275239418995,0.012088133905769028,0.005433379908580445,0.04671891270434825
0.5,1,1,0,Egap,context_0,0.03595582806165931,0.006943003450660014,0.06719163510441163,0.0235020876298115,0.025079074753345476,0.006610277056008293,0.0013602067214743704,0.05235445064547566,0.0,0.03094431757941527,0.014343980710060824,0.02173863242480152,0.06291010025201288
0.5,1,1,0,Egap,context_1,0.03524389092355262,0.0036767003513677758,0.06555533304104967,0.023143326911538916,0.020817614700995496,0.023841520810817404,0.019335529628281542,0.05207842556087779,0.0,0.010079068346431328,0.01552385902419875,0.021860374453758488,0.06793627016001667
0.5,1,1,0,Egap,pooled,0.035507718392022714,0.0054282345172560545,0.06617530568072882,0.017807030307560676,0.021866095794099594,0.014764937063387551,0.0013862773298488548,0.05178230654994362,0.0,0.014722275239418995,0.012000390463241601,0.008556143170289394,0.04587593024978511
0.5,1,1,1,Egap,context_0,0.038441653360157035,0.005484073325989712,0.0682833543721268,0.025379544938487132,0.024856140715680985,0.014375719348939484,0.0007990645486509961,0.05275119024706246,0.0,0.03094431757941527,0.017682644927298045,0.01760892400522476,0.0637715894878945
0.5,1,1,1,Egap,context_1,0.031685841188476505,0.00586582195151051,0.06409702826490316,0.02939423462414441,0.02461284035682093,0.023452577930668336,0.01305766530372629,0.05221744253902789,0.0,0.010079068346431328,0.021903143253702004,0.012239425567365746,0.06644497487101905
0.5,1,1,1,Egap,pooled,0.034817404148511866,0.0001168787831385069,0.06623407421471424,0.01827524209068737,0.02336775608047259,0.018311474397130434,0.0012721975724418813,0.05203325859011302,0.0,0.014722275239418995,0.012626968248176435,0.00579451163384471,0.047016107488308034
0.5,1,1,2,Egap,context_0,0.03387048763898154,0.00658906434152675,0.06667425360288044,0.02134528691500697,0.02165101853143528,0.004940735203275426,0.0013518475769174177,0.05049843845737962,0.0,0.03094431757941527,0.011365317967272977,0.022427415359745066,0.06729983186251623
0.5,1,1,2,Egap,context_1,0.02898507710846221,0.0035450627136255535,0.06555054390850217,0.02418824449752541,0.024953652488171885,0.025058528917907177,0.014559414689119157,0.05202155472537672,0.0,0.010079068346431328,0.016769965301511848,0.013286314836950357,0.06692743756979196
0.5,1,1,2,Egap,pooled,0.030983197769055615,0.001760559011816454,0.06599853773503565,0.014944735266510498,0.022519666080709544,0.014105696083963809,0.0003975107713377994,0.05102497222799137,0.0,0.014722275239418995,0.007825595544659742,0.00797502645590549,0.045601488461424956
0.5,1,1,3,Egap,context_0,0.03287354023612854,0.013407992410245055,0.061488569504516886,0.022144415652663063,0.020870974238253237,0.019537357974365926,0.00188259292116342,0.05025332852475674,0.0,0.03094431757941527,0.01391219566923505,0.024906250017941847,0.06675458652437607
0.5,1,1,3,Egap,context_1,0.03675807236685319,0.007506562471689367,0.06301636736172246,0.023833201328787856,0.021896071720466814,0.039045955911043054,0.01336859629961662,0.05259422082267531,0.0,0.010079068346431328,0.011087998635925782,0.012915437141786182,0.06628784406327408
0.5,1,1,3,Egap,pooled,0.03372424457666956,0.003494394504110229,0.06187813528181487,0.016832255527009083,0.019968999706113544,0.028699433443684974,0.0011901338782205374,0.05115411408589673,0.0,0.014722275239418995,0.01137367878051917,0.006908161863042673,0.04818630802173127
0.5,1,1,4,Egap,context_0,0.032955647072204,0.010136443994858493,0.06606145678163686,0.021123331140366682,0.022068545171381848,0.012117039094575649,0.0007045633827689871,0.05056265768129064,0.0,0.03094431757941527,0.012592753230742087,0.01614970695157233,0.06384204617925757
0.5,1,1,4,Egap,context_1,0.03406812243234625,0.003665170341613234,0.06319890954539403,0.02399782672165249,0.02168179420367322,0.02842388650133572,0.007356579826894832,0.05142449695208166,0.0,0.010079068346431328,0.013916049792593206,0.007964683514957573,0.06193579328633594
0.5,1,1,4,Egap,pooled,0.03266031066740105,0.003555151186051088,0.06433869671387077,0.018661783061155523,0.020706558678377784,0.019532619924192612,1.2035734457845754e-05,0.05075139869481192,0.0,0.014722275239418995,0.012143921356667114,0.005729991580120209,0.04663341228728733
0.5,1,1,0,Ecal,context_0,0.036159705589370705,0.007003079671352992,0.06718859706079792,0.023760807179201714,0.024556503703781596,0.006537172467506708,0.001684126668401943,0.052102507539491964,0.0,0.03094431757941527,0.014883458957527212,0.025053483533360055,0.06380055602741838
0.5,1,1,0,Ecal,context_1,0.035270828355753014,0.003646628230793587,0.06559027449348404,0.02293142478603931,0.020906884474250265,0.023478629936568865,0.02060015843181874,0.052142823308159246,0.0,0.010079068346431328,0.015947186980505602,0.023706219988303925,0.0685588503419746
0.5,1,1,0,Ecal,pooled,0.035446902239252565,0.005445726629709236,0.0661958767767682,0.01760962527742916,0.021633444200436225,0.014560591517275775,0.0010796705201073127,0.05171900759916489,0.0,0.014722275239418995,0.011843533898949134,0.009774784511024887,0.04593427800757093
0.5,1,1,1,Ecal,context_0,0.038364585039090404,0.005428463240739538,0.06823137357292297,0.025990632992597136,0.024735547396550817,0.01359715512716414,0.0009678129523773772,0.05257969916988957,0.0,0.03094431757941527,0.017947535384937104,0.019309434524836397,0.06480593761778831
0.5,1,1,1,Ecal,context_1,0.031751912700416274,0.0059619518532248094,0.06405364319017995,0.02921790794003165,0.025326998542859136,0.02373553081692005,0.01346290780480068,0.052357865684680586,0.0,0.010079068346431328,0.021394257487038236,0.01429193176696651,0.06523676223422287
0.5,1,1,1,Ecal,pooled,0.03478376517039222,4.279225645594138e-05,0.06618659845694629,0.01817148391634279,0.023558107384379023,0.018030880573662422,0.000935786799156086,0.0520777204438579,0.0,0.014722275239418995,0.012464791840789309,0.0071373219314706865,0.046441067582906254
0.5,1,1,2,Ecal,context_0,0.033875434049071396,0.006634758655859269,0.06669132374938148,0.02174711908156728,0.02174632095632359,0.004261542570250909,0.0015721084060453662,0.05053127165222206,0.0,0.03094431757941527,0.011731554380832274,0.0245033503988051,0.0672150655373739
0.5,1,1,2,Ecal,context_1,0.02902785236725247,0.0034846427918818076,0.06558035582952383,0.023894187009540796,0.023971684982369346,0.02500579194791351,0.01624798796785404,0.051802400114390634,0.0,0.010079068346431328,0.01630185761474264,0.016550814803501488,0.0677885465636833
0.5,1,1,2,Ecal,pooled,0.03096292571813225,0.00181306293538074,0.06602222952362373,0.014937519059928878,0.022096663183139686,0.013712019109784868,0.0003319472799000363,0.050939587973563544,0.0,0.014722275239418995,0.0077362282826532475,0.010289297162562815,0.04550487558219967
0.5,1,1,3,Ecal,context_0,0.032796471915061964,0.013405586547624958,0.06147984529096971,0.022307818251152748,0.020911172011296608,0.019423777055283004,0.00196384116352153,0.050267016429183825,0.0,0.03094431757941527,0.013758059027101782,0.02621466190558261,0.06730305790583123
0.5,1,1,3,Ecal,context_1,0.03674345243391436,0.007521769785021286,0.06304415026086797,0.023235302755543395,0.022431690359995482,0.03731299981871235,0.015094916696987148,0.052821661292666244,0.0,0.010079068346431328,0.01018135442867658,0.015027975980528333,0.06616917072514045
0.5,1,1,3,Ecal,pooled,0.033683700474822775,0.003485109483780546,0.06189156240031207,0.016759040958540222,0.02022280144465549,0.02781536312093469,0.0009037863709623513,0.05124796775776924,0.0,0.014722275239418995,0.010904790097781046,0.008839243759574199,0.0483458423442788
0.5,1,1,4,Ecal,context_0,0.032955647072204,0.010150730836361881,0.06606654681088285,0.020778754517769588,0.021988149625295106,0.012877844619521447,0.0008851248191687794,0.05059022858153297,0.0,0.03094431757941527,0.01263128739127535,0.018046234771314246,0.06378094969253184
0.5,1,1,4,Ecal,context_1,0.033982571914765614,0.003637650630898704,0.06324706469584561,0.02435867634566894,0.021547889543791054,0.026171471044942038,0.009911518421087992,0.05144129489847656,0.0,0.010079068346431328,0.014258251862915749,0.01333579641533174,0.06304645839061386
0.5,1,1,4,Ecal,pooled,0.03264377083202302,0.003575493940618465,0.06437004587729393,0.01894452094056074,0.020600807953985223,0.018871810571659764,7.965422918851037e-05,0.050800647832068634,0.0,0.014722275239418995,0.011880384694663047,0.006567581458726543,0.047170659713057984
0.5,1,2,0,Ugap,context_0,0.03473088995998297,0.0027657087281331267,0.06310231493156353,0.02611253495293133,0.022374674583564125,0.016332599354818025,0.001297355777296463,0.05143630568871198,0.0,0.0205065218330238,0.01886537852255328,0.019978061993501772,0.07113732492286709
0.5,1,2,0,Ugap,context_1,0.030694637514745382,0.004190796173876496,0.057219093945823744,0.027321874711276943,0.022423926008188155,0.0195319374631943,0.014085774939481766,0.051752357674754126,0.0,0.02518277286098999,0.01856424085517342,0.013764425412648789,0.06548433211121855
0.5,1,2,0,Ugap,pooled,0.03251485718817737,0.0034783924155379438,0.060000610406997064,0.022185328721241328,0.020096232939155523,0.017915152863054645,0.0016461909512974493,0.05089806267746827,0.0,0.021296401696702435,0.01669217386609478,0.006149621140540771,0.04890175740160445
0.5,1,2,1,Ugap,context_0,0.036344573459244245,0.013400578885910461,0.06708596917385888,0.02283689138963857,0.026828483750152343,0.012105507296609253,0.0014892064640499507,0.05340837261904163,0.0,0.0205065218330238,0.018238592934814685,0.022296686008734086,0.07062086886053753
0.5,1,2,1,Ugap,context_1,0.035273074973563356,0.004904433106632061,0.06456105848470599,0.024366568458320484,0.023312078641577638,0.01969914802700541,0.017743539034122027,0.0522084238165358,0.0,0.02518277286098999,0.016554320414035848,0.019757436224522307,0.06451018042486306
0.5,1,2,1,Ugap,pooled,0.03539497573688105,0.004152235362344742,0.06564781537638521,0.01801798797964864,0.021214565147123166,0.015958016290727017,0.0011998520653971716,0.051122828303611,0.0,0.021296401696702435,0.013759545468321954,0.006591505628000632,0.04597796726559972
0.5,1,2,2,Ugap,context_0,0.03684561850626006,0.013368313492923932,0.06530150842281351,0.022990279406207875,0.020351943378594417,0.0016285290802523639,0.0015763173834388044,0.05018639806517826,0.0,0.0205065218330238,0.017093464833833154,0.024780675761765944,0.06610128738099948
0.5,1,2,2,Ugap,context_1,0.03444582791405576,0.0005472230175324647,0.06323382083045803,0.02220656318995865,0.0263988846316498,0.017657278523598094,0.007595189910326178,0.05235028981920031,0.0,0.02518277286098999,0.013687196373558417,0.006615305860176381,0.06224510913896803
0.5,1,2,2,Ugap,pooled,0.035449724817441686,0.006858775089253237,0.0642055418686668,0.017681060882132178,0.02135760682291621,0.00974349189660878,0.004101427681715387,0.050972358382767625,0.0,0.021296401696702435,0.013041093054163969,0.010506891244683767,0.04514086049076617
0.5,1,2,3,Ugap,context_0,0.03336467462583331,0.004344743532536671,0.06332279716385367,0.0214140561966913,0.02576097446282155,0.0030679306051867306,0.0013997159264635879,0.05234006082260762,0.0,0.0205065218330238,0.013378319369905994,0.022250587554022077,0.06559398207730122
0.5,1,2,3,Ugap,context_1,0.038752327778734885,0.00854213221750474,0.0683082942609973,0.026561722353481438,0.022235744929037238,0.026886347870558366,0.01235802609501642,0.051827255144272714,0.0,0.02518277286098999,0.02094085778345551,0.010794544742921162,0.06371689602351001
0.5,1,2,3,Ugap,pooled,0.03578715737034477,0.006482400863494011,0.06565591240930355,0.017193245347692374,0.01975862321599553,0.014962873941794949,0.0024247614112486125,0.05082091502868798,0.0,0.021296401696702435,0.013086049856727655,0.010036505626351982,0.04585488276057004
0.5,1,2,4,Ugap,context_0,0.03687452647743228,0.0035622918981047568,0.06782264894062738,0.02321603837670169,0.02341136065425009,0.006298575906312942,0.0009402840170489543,0.05135672151894826,0.0,0.0205065218330238,0.015002617631813162,0.019670911224646863,0.06830769579785385
0.5,1,2,4,Ugap,context_1,0.030449270005460383,0.0017936534969006845,0.058637336579698815,0.028757611664226468,0.024459526094925077,0.025614818184002755,0.018111068101377845,0.05363074958282559,0.0,0.02518277286098999,0.021288462241922063,0.016482973550134696,0.06488301445955551
0.5,1,2,4,Ugap,pooled,0.0333350619623663,0.0026777324690190427,0.06316036888213815,0.01877072676505136,0.02225621973427072,0.016064902779617363,9.229866528693079e-05,0.05112912968722168,0.0,0.021296401696702435,0.013917391137978312,0.005412825533039266,0.04698168055727258
0.5,1,2,0,Ucal,context_0,0.03481274646552873,0.0027432496512218513,0.0631097215061707,0.025976325215977838,0.02254547606953705,0.015843843614669922,0.001383657926187796,0.05156540575346624,0.0,0.0205065218330238,0.01890630677532617,0.02060419559109854,0.0713127534411024
0.5,1,2,0,Ucal,context_1,0.030774615121015703,0.0043772182286450165,0.05713450752599013,0.026361004434276573,0.021860322578893365,0.01721890056886026,0.020087168616058138,0.051662917149430866,0.0,0.02518277286098999,0.01830255953487685,0.023783479772592816,0.0670967375457716
0.5,1,2,0,Ucal,pooled,0.03241372450209323,0.0035609774177164343,0.05995122494887796,0.022484370464566326,0.020054031723760524,0.016514397049706225,0.000200139197377866,0.0509696551638314,0.0,0.021296401696702435,0.017056251535997678,0.008973126432772243,0.04959350536127472
0.5,1,2,1,Ucal,context_0,0.036344573459244245,0.013422733459369712,0.06707750759242197,0.022855522468155854,0.026828483750152343,0.012105727366732724,0.0015178541095886232,0.05334529588956175,0.0,0.0205065218330238,0.018074879923723128,0.02269874740229357,0.07098799893029183
0.5,1,2,1,Ucal,context_1,0.03541445192072801,0.004835038236657083,0.06445410137745258,0.02317430584185394,0.02323687119608775,0.016548738586143794,0.023884936248099814,0.051980029183263846,0.0,0.02518277286098999,0.01633427047850249,0.027338545520901703,0.06538600616541713
0.5,1,2,1,Ucal,pooled,0.03541520227409789,0.004198964600836134,0.06559099266607311,0.01833630723047102,0.021256766362518165,0.014370187494457926,0.00046333766246132654,0.05126052474128595,0.0,0.021296401696702435,0.014412814049720965,0.009911923370248805,0.046209651864992304
0.5,1,2,2,Ucal,context_0,0.03674516333139227,0.013348589424152624,0.06529506429875663,0.023242748129660974,0.020351943378594417,0.001456672260029379,0.001752466453802544,0.05019785709560539,0.0,0.0205065218330238,0.01743806603810144,0.026279029756437144,0.06648536077825126
0.5,1,2,2,Ucal,context_1,0.03451917821721984,0.0005713449235900821,0.06329117571184939,0.023263141317630867,0.026190316659347623,0.016770160502602008,0.014201446724984107,0.05239674394969425,0.0,0.02518277286098999,0.015006826877017477,0.013482450038453418,0.06160751100994028
0.5,1,2,2,Ucal,pooled,0.0354568281443306,0.006859662474278064,0.06422698896824494,0.018160703197462876,0.021188801961336212,0.009215158868186607,0.0026867806479244846,0.05099509131000582,0.0,0.021296401696702435,0.01344360307971936,0.008980989481177898,0.045609756790041235
0.5,1,2,3,Ucal,context_0,0.03336467462583331,0.0042862368273753615,0.06334792853093803,0.02150377530517342,0.025675573719835088,0.002938622538980376,0.0015398393191658516,0.05231267272621467,0.0,0.0205065218330238,0.013502906446742256,0.02292849439797076,0.06599968764864503
0.5,1,2,3,Ucal,context_1,0.03882902022174889,0.008481652128127227,0.06835447542323211,0.025243548192938805,0.02202717695673506,0.026023981746603628,0.018105580811936917,0.05166596112506648,0.0,0.02518277286098999,0.01929604919838679,0.01753296416412002,0.06503017719772368
0.5,1,2,3,Ucal,pooled,0.03580738390756161,0.006423203938119074,0.06568343916161205,0.017750961734322866,0.020015083123484767,0.014472263549136721,0.0009533037166325684,0.05087480027691164,0.0,0.021296401696702435,0.013733299047666157,0.008673401603371782,0.046647176391040386
0.5,1,2,4,Ucal,context_0,0.0369563829829781,0.0035459549496854514,0.06782916355766042,0.024041424654642603,0.023325959911263627,0.0067455567375275804,0.0010949150076509369,0.051359806228000085,0.0,0.0205065218330238,0.015581326086100961,0.02127207355719319,0.06826474558410812
0.5,1,2,4,Ucal,context_1,0.030526925206813826,0.001736035536791032,0.05856571940112669,0.0274344639647102,0.02383382217801855,0.023153963683520476,0.02345284050902062,0.05320691292889217,0.0,0.02518277286098999,0.02020061349552115,0.02305341877149813,0.06642408062576967
0.5,1,2,4,Ucal,pooled,0.03328299258956724,0.0026407868806830933,0.06312323470905476,0.018633230248577545,0.022171817303480723,0.015046987862244052,0.0010791249831399556,0.05109306319842443,0.0,0.021296401696702435,0.013472407319208058,0.005903017165295104,0.04737874230751722
0.5,1,2,0,Egap,context_0,0.03502371955235484,0.0028226690291757064,0.06270043816496396,0.023851693596869894,0.02280167829849644,0.01269267045538107,0.0013878230759655883,0.05183443531304096,0.0,0.0205065218330238,0.018244936736631072,0.020594909590277027,0.07240391611586243
0.5,1,2,0,Egap,context_1,0.0306959450545235,0.004596155610019032,0.05697571268494128,0.02650429163784595,0.021735181795512037,0.014592198822548155,0.014608861526318226,0.05164610090289948,0.0,0.02518277286098999,0.01779969580654392,0.014869006546877,0.06668730185838032
0.5,1,2,0,Egap,pooled,0.032394003021327056,0.003710806036884058,0.059674236218847536,0.022490217827586204,0.01994852868527308,0.013616934372869136,0.0016915649877174421,0.05119116461133399,0.0,0.021296401696702435,0.016981364777590855,0.006781874607474869,0.0492678825207492
0.5,1,2,1,Egap,context_0,0.03665896948219699,0.01350659445610343,0.06680258952027508,0.021330004158579063,0.027639790808523745,0.012485489925610896,0.0013659944692644096,0.05378467793505829,0.0,0.0205065218330238,0.01712113698649269,0.02171179799521575,0.0708213806962766
0.5,1,2,1,Egap,context_1,0.03498567237356498,0.00516849410458755,0.06434773659844396,0.023682371799891036,0.02319515760162727,0.020014190584750888,0.017949733277737606,0.0522319373889888,0.0,0.02518277286098999,0.016194538060883706,0.02107441616366918,0.0632613532010233
0.5,1,2,1,Egap,pooled,0.035461675231970524,0.004071616261915096,0.06539558271185185,0.017136378778454496,0.021214565147123166,0.016318768336788886,0.0008721541866475724,0.051094497343909695,0.0,0.021296401696702435,0.012993747401140687,0.009934890727999472,0.04577438105943899
0.5,1,2,2,Egap,context_0,0.0367356596075224,0.013254118512683006,0.06497721326294499,0.023706493285065154,0.020266542635607954,0.00501026600227418,0.00159791682558057,0.05017610387201118,0.0,0.0205065218330238,0.016229856289884437,0.023735633652358437,0.06654624244757826
0.5,1,2,2,Egap,context_1,0.034948633691836095,0.0008287109464300133,0.06300754206964625,0.021107408358005286,0.0253977583645994,0.017696744960025698,0.008166912982027236,0.05225244839803976,0.0,0.02518277286098999,0.012927409113991102,0.008478869461087592,0.06114935902170213
0.5,1,2,2,Egap,pooled,0.03557649300060284,0.006946578255409796,0.06393396477054154,0.016912175941468075,0.02064018616120117,0.01143467883626334,0.004012355919165114,0.05091641043158862,0.0,0.021296401696702435,0.01216814291043805,0.009044515887780375,0.04501820496224185
0.5,1,2,3,Egap,context_0,0.03316003336196888,0.004528178927989412,0.06318784166938114,0.022799491688435584,0.024309161832051673,0.0017792776530299315,0.00153393543869863,0.05193950025801082,0.0,0.0205065218330238,0.014257889238660781,0.022391161348645015,0.06555454335366423
0.5,1,2,3,Egap,context_1,0.038560143780327016,0.008889732707377944,0.06801838945686281,0.02544943285927908,0.021902036173353845,0.02758643824630698,0.011758528141922187,0.05151845398207841,0.0,0.02518277286098999,0.019541249673726207,0.010098332034858007,0.06483839095579108
0.5,1,2,3,Egap,pooled,0.03565616128051197,0.006750733747196214,0.06546497420197282,0.017964405986524358,0.019653120177507977,0.014671930301289993,0.002874990532744117,0.050883955980819746,0.0,0.021296401696702435,0.013611939824365168,0.009040321393931825,0.04621214175273452
0.5,1,2,4,Egap,context_0,0.03724641900660369,0.003262069577929147,0.0677083292387229,0.022675183273154428,0.02237023369275981,0.008709286604874591,0.0010736398204304527,0.05097756726802048,0.0,0.0205065218330238,0.014476263261232938,0.020821143874656764,0.06825965899092248
0.5,1,2,4,Egap,context_1,0.030764875532352076,0.0017790095960404449,0.058376339329510564,0.02947175065736232,0.024960089228450277,0.024742934345545933,0.017591419585828147,0.053505680902211555,0.0,0.02518277286098999,0.021788433799401263,0.01608044048749053,0.06483807211004018
0.5,1,2,4,Egap,pooled,0.03347676135442329,0.0025208082533371987,0.06297211287863241,0.019695064664563708,0.021855308188018285,0.016859944203402866,0.0005912741986521704,0.05110812141677672,0.0,0.021296401696702435,0.013539612363726673,0.005077214947278641,0.04669395100807677
0.5,1,2,0,Ecal,context_0,0.035021731062469974,0.002827616033426471,0.06272311630720785,0.023960300602639786,0.022630876812523515,0.012628283433395074,0.001647687079319175,0.05176575514968738,0.0,0.0205065218330238,0.018576009321840968,0.022651638762538288,0.07217804029707732
0.5,1,2,0,Ecal,context_1,0.030771330931718244,0.004804781496803684,0.0569237836864941,0.026252030077590024,0.02156832741767034,0.014060244081453968,0.019231815469924557,0.05162230087224013,0.0,0.02518277286098999,0.017722663451885598,0.023346088054945237,0.0678771512209655
0.5,1,2,0,Ecal,pooled,0.032252417260809296,0.003818197784202877,0.059659875972573995,0.02201286044679951,0.019874442235339407,0.013317839332685502,0.0009223200388196393,0.05121018984728701,0.0,0.021296401696702435,0.016475701347170198,0.00914148146980642,0.04950782167278548
0.5,1,2,1,Ecal,context_0,0.03665896948219699,0.013422047847607326,0.06680839854090695,0.02148640278471024,0.027810592294496672,0.01283552442231517,0.0015299758234228748,0.054004821731234914,0.0,0.0205065218330238,0.016957423975401134,0.023205084578271442,0.07131072120464312
0.5,1,2,1,Ecal,context_1,0.03505194735254441,0.005152179027394763,0.06427514144816682,0.02341316656116738,0.02323687119608775,0.017142833978631658,0.021966724338745233,0.05216913592936741,0.0,0.02518277286098999,0.01661928980115487,0.025806194992486525,0.06410562037095276
0.5,1,2,1,Ecal,pooled,0.0354212221575369,0.004037205501776273,0.06536522158515597,0.017373903163407763,0.02119346453942561,0.015064503010014371,0.00010514207963000302,0.05116920167639368,0.0,0.021296401696702435,0.013640996592079214,0.011371322768873756,0.046430389450247155
0.5,1,2,2,Ecal,context_0,0.0367356596075224,0.013235563125598324,0.06498065549590717,0.02396465116326271,0.02039464375008765,0.005914514661609707,0.0018288781929110365,0.05017141865059063,0.0,0.0205065218330238,0.01660586405477373,0.025274719507199315,0.0670354517812103
0.5,1,2,2,Ecal,context_1,0.034931188140621794,0.0009297797904603073,0.06299200052581802,0.021285181981309645,0.025293291240423205,0.017058783546190323,0.01356799700696687,0.05222347484283208,0.0,0.02518277286098999,0.013087364326531584,0.01244826888436761,0.061824610171425105
0.5,1,2,2,Ecal,pooled,0.03561694607503646,0.0069875442010045976,0.0639278608280006,0.01695810377670087,0.02078855226181814,0.011557332217126196,0.002987701048936236,0.05090549910217632,0.0,0.021296401696702435,0.01204999273053936,0.007959109493361295,0.04531641631172152
0.5,1,2,3,Ecal,context_0,0.033200961614741786,0.004562219099575959,0.06319812588247704,0.02294051740880034,0.024132511434217824,0.002200458020304441,0.001803086620315079,0.05189529929034876,0.0,0.0205065218330238,0.014177835051632616,0.024263593301706486,0.0665938473461685
0.5,1,2,3,Ecal,context_1,0.03854099867089095,0.0088137920240026,0.06805868292783968,0.02478240123890753,0.021902036173353845,0.02707600540303133,0.015006258337437517,0.05151396472425723,0.0,0.02518277286098999,0.01922133924864525,0.015072367663560678,0.0645853191719656
0.5,1,2,3,Ecal,pooled,0.03562960551586125,0.006728104679993084,0.06548026040480581,0.017479936600726515,0.019674220785205532,0.014630355107475165,0.002408452146319205,0.0508927124017653,0.0,0.021296401696702435,0.01345012752663057,0.009446693059877172,0.04664200619436834
0.5,1,2,4,Ecal,context_0,0.03724641900660369,0.0032559067942092845,0.06766590358047299,0.02294235099318046,0.02237023369275981,0.008833398876074997,0.0012197473147974361,0.05100872664668081,0.0,0.0205065218330238,0.014271621997368505,0.022235575103920012,0.06859154459671082
0.5,1,2,4,Ecal,context_1,0.03044496510727107,0.0015930797910220405,0.05837508774465724,0.028707828619497413,0.024125817339241573,0.02123607621960917,0.021844247920833434,0.0531265858031412,0.0,0.02518277286098999,0.021308568161779815,0.021380112466849698,0.06542675538545174
0.5,1,2,4,Ecal,pooled,0.033355402131122314,0.002424393358185354,0.06295022473065195,0.019802276772808575,0.02191861001111073,0.01513980012878094,0.0002832492924957804,0.051062289186677295,0.0,0.021296401696702435,0.013732110723045012,0.0056984933869080965,0.04676100570438052
0.5,1,3,0,Ugap,context_0,0.040750437967036646,0.0070750712487485995,0.07064798262733969,0.02355534730045928,0.021428756455064035,0.007867039573027784,0.001083975543997901,0.051173474075236834,0.0,0.024865050920057714,0.015176544337315552,0.020664137218246056,0.0663188587891963
0.5,1,3,0,Ugap,context_1,0.02717571819720732,0.0014701937152399559,0.05349655112257661,0.029883027043583317,0.02812683507208863,0.027601799679074765,0.011578553404409234,0.05289987693654483,0.0,0.01920848789643094,0.02244515429582862,0.01048619413128116,0.06697197786343957
0.5,1,3,0,Ugap,pooled,0.032949282213328934,0.004207860317564773,0.061859691443914136,0.018290206543398115,0.02219912559344417,0.018127589254257892,0.002483053582758906,0.050853794356964785,0.0,0.008043213960478746,0.012976674548431962,0.007704373883521996,0.04459788476377411
0.5,1,3,1,Ugap,context_0,0.03799214054430394,0.015115588973989838,0.06828511186383653,0.0229460790937183,0.023868620460592016,0.002173341828745373,0.0009468736601511468,0.05046330365097121,0.0,0.024865050920057714,0.01336727140704881,0.017071405534602582,0.06589539564004858
0.5,1,3,1,Ugap,context_1,0.030445916154657027,0.004973293794431882,0.06028735994781986,0.030226098381070793,0.030526702665600702,0.014068962336820548,0.018930923949643325,0.05687880970640123,0.0,0.01920848789643094,0.018377602236038806,0.017871066660087233,0.06576453184068137
0.5,1,3,1,Ugap,pooled,0.033562606135389916,0.009966392488894372,0.06416721718900942,0.019910282399920695,0.027300841045264812,0.00823037759815115,6.859397540303833e-05,0.05235840512924093,0.0,0.008043213960478746,0.012661767925599546,0.00455351671042557,0.0487440681803514
0.5,1,3,2,Ugap,context_0,0.03382189280768477,0.0014206584582056611,0.06349400467451577,0.02480253487604169,0.022430380444034975,0.013993652672505547,0.0018249306171831043,0.05024021851298435,0.0,0.024865050920057714,0.014447387903513173,0.025581394349555107,0.06740158434249592
0.5,1,3,2,Ugap,context_1,0.029060266477566654,0.004012882993154199,0.05757983760591465,0.025873954397585223,0.024334145594431533,0.012222383473276269,0.012719075613819311,0.05171881469970346,0.0,0.01920848789643094,0.017223824233106675,0.014753624110561381,0.0625385985286441
0.5,1,3,2,Ugap,pooled,0.03053645660704518,0.0027113926155474814,0.06038779660929803,0.01928763518691991,0.022801703982184396,0.013195958780506778,0.0038281723169630508,0.05088614809170523,0.0,0.008043213960478746,0.011402782890542635,0.010762894237526837,0.04615996274436435
0.5,1,3,3,Ugap,context_0,0.03141416728412372,0.003920101437963851,0.06101362327041933,0.024389257192690198,0.023364900140534273,0.00885345436243136,0.0011633750438888421,0.05060707923435421,0.0,0.024865050920057714,0.01471594800757818,0.018639168196892465,0.06981045997916367
0.5,1,3,3,Ugap,context_1,0.03449900968127845,0.0014679728782311895,0.060550239998278285,0.027993030336518926,0.026035373160059105,0.00949251230336215,0.01825878247040638,0.05378430639577528,0.0,0.01920848789643094,0.017951094826830702,0.019646510817050756,0.06745726994646334
0.5,1,3,3,Ugap,pooled,0.03216484672747977,0.0011912804611453243,0.06041862899838444,0.018230755864293405,0.023131841863451907,0.009229238668030021,0.000562217512521862,0.051567208504647834,0.0,0.008043213960478746,0.011815990949489897,0.008175039983500164,0.04646458099169134
0.5,1,3,4,Ugap,context_0,0.03289728890616889,0.0003338495484870425,0.06618436669385792,0.023995993576412255,0.027762652259397558,0.02226992665045835,0.0011665240319589927,0.05433472895364278,0.0,0.024865050920057714,0.016991427251499047,0.01975387617893947,0.06856186264450412
0.5,1,3,4,Ugap,context_1,0.03409771776845111,0.000554134431485924,0.0599867354298462,0.02154389666302524,0.02383716119867374,0.022465776636046944,0.01239720032268296,0.05292953819160771,0.0,0.01920848789643094,0.009950598607808605,0.012094992833468562,0.0629091099928164
0.5,1,3,4,Ugap,pooled,0.033203187933364686,2.719154004801128e-05,0.06282706611863638,0.014877596917942854,0.02378558738306391,0.02248129603367774,0.0026536009372335016,0.05320994524348725,0.0,0.008043213960478746,0.00888141985435431,0.008272208545427002,0.04542248982096982
0.5,1,3,0,Ucal,context_0,0.040876081892152916,0.007036549323191638,0.07065458107596106,0.02323090059352016,0.021428756455064035,0.006919681290545501,0.0010155101283567292,0.051195180161193156,0.0,0.024865050920057714,0.01497972246440176,0.020038614724896778,0.06621587321352206
0.5,1,3,0,Ucal,context_1,0.027056736679003157,0.001458781669291688,0.0534421315595371,0.030016949327494755,0.028085458044614264,0.026957294925877964,0.012777480163152194,0.05301988103896982,0.0,0.01920848789643094,0.022394442207853853,0.011747191938303404,0.06732450416575049
0.5,1,3,0,Ucal,pooled,0.033030763543919095,0.004183160643732246,0.06183190585123696,0.01860377608665149,0.02217786844572822,0.017331496157395515,0.0019684677637905705,0.050861251184845836,0.0,0.008043213960478746,0.012895193217841789,0.007160398572571001,0.04477671000292683
0.5,1,3,1,Ucal,context_0,0.03796036221224813,0.015122266191771913,0.06828728140954846,0.023129028706246627,0.023912336307586546,0.0019876931778623624,0.000922610933333312,0.05047133644591734,0.0,0.024865050920057714,0.01365517686442918,0.01667646484801102,0.06613915140655553
0.5,1,3,1,Ucal,context_1,0.030207953118248698,0.004983758174560934,0.06027682266019154,0.029774296475501384,0.030402571583177662,0.013651732431816568,0.020172652939150992,0.05677803261796352,0.0,0.01920848789643094,0.017940677882570435,0.019928776370084535,0.06573312954280847
0.5,1,3,1,Ucal,pooled,0.03347023854216091,0.009974684498721095,0.06416031872765263,0.019876252627516775,0.027258326749832973,0.007928789849060563,0.0003248174103813069,0.05229843928264767,0.0,0.008043213960478746,0.01251917559706682,0.005377584179954488,0.0490072684059729
0.5,1,3,2,Ucal,context_0,0.033905655424428915,0.0013960443416908008,0.06349339437311338,0.02431780407587412,0.022474096291029505,0.013324022065164878,0.0017775079474128485,0.05024494183648502,0.0,0.024865050920057714,0.014154218744908643,0.02541521614221315,0.06712225796309201
0.5,1,3,2,Ucal,context_1,0.02908462226693781,0.004026040377387101,0.05761482528665752,0.02511692974085825,0.024168637484534183,0.01127560004296728,0.014663004992388692,0.05170442365214711,0.0,0.01920848789643094,0.01626092050556663,0.017054908593008414,0.062016636202973194
0.5,1,3,2,Ucal,pooled,0.03061793793763523,0.0027060912715483523,0.060409729946180844,0.018744325890215057,0.022716675391320718,0.012382798921999214,0.003168139242551736,0.05087994963368954,0.0,0.008043213960478746,0.01105648723553458,0.010359257184052704,0.0457612792359529
0.5,1,3,3,Ucal,context_0,0.0312885233590075,0.003883720336467599,0.061001686320646446,0.023993386156653133,0.023233752599550628,0.008944959151790957,0.0010914135680974222,0.05057469280155387,0.0,0.024865050920057714,0.014841591932694383,0.01818882496904349,0.06984502299311977
0.5,1,3,3,Ucal,context_1,0.03442232381602128,0.0014534359604472648,0.060599920855716624,0.027811148706100623,0.025621602885315675,0.009023077942285615,0.019642844439730814,0.053434256257753686,0.0,0.01920848789643094,0.01795589276471469,0.021285972810580114,0.06813080536925474
0.5,1,3,3,Ucal,pooled,0.03222595772542236,0.001180908803540003,0.06043122876733374,0.018933365435037076,0.022834241795429033,0.009035420867441371,9.973409990868612e-05,0.05140362875762591,0.0,0.008043213960478746,0.01263412001833069,0.009153207646655172,0.046903646289466125
0.5,1,3,4,Ucal,context_0,0.03293917021454096,0.00040437173200638476,0.06617663613726736,0.02382238298400239,0.027675220565408498,0.022120387516925105,0.001115927479708389,0.05424721251361833,0.0,0.024865050920057714,0.016991427251499047,0.01925733704184179,0.06853679366787206
0.5,1,3,4,Ucal,context_1,0.03413737827451918,0.000581486883549404,0.059964969169133624,0.02104825788772042,0.02391991525362236,0.021575435456489697,0.013415106000468538,0.05318233948483818,0.0,0.01920848789643094,0.0098384155367209,0.01459663038680731,0.06367553772295244
0.5,1,3,4,Ucal,pooled,0.033162447268069606,6.172955415089092e-06,0.06281630610553693,0.014795648565381134,0.023828101678495806,0.02193896390891406,0.002226326837767436,0.053357709995497896,0.0,0.008043213960478746,0.008362008457067995,0.009275389066713926,0.04566034895941849
0.5,1,3,0,Egap,context_0,0.04880298865580407,0.007194933832896369,0.07532268857374691,0.024640316409045356,0.03475100894278821,0.0010535468951290428,0.001053048621065427,0.06136867076780072,0.0,0.024865050920057714,0.014677462619004185,0.02041278845723119,0.06656245457165574
0.5,1,3,0,Egap,context_1,0.03573745626713909,0.0022130053348244612,0.05923270184505364,0.028696109941934687,0.022048016848155605,0.03247401929413081,0.012156899118440354,0.05258232089079321,0.0,0.01920848789643094,0.021663032462965588,0.011524585204334536,0.06608763369397071
0.5,1,3,0,Egap,pooled,0.04108324191866719,0.00464149009190367,0.06705747647616457,0.018281853424447974,0.028013837767223326,0.01731779824212959,0.0021445433602362007,0.05542684802604808,0.0,0.008043213960478746,0.01285896297814604,0.007030597651856853,0.04420491824754505
0.5,1,3,1,Egap,context_0,0.04493780473505793,0.015029561062322568,0.07297604719522524,0.023283768820087383,0.026390273090519445,0.006439610275245838,0.0009396589383106201,0.05376444850709053,0.0,0.024865050920057714,0.012185731876517558,0.01673494498531048,0.06647540788790587
0.5,1,3,1,Egap,context_1,0.03856348321720354,0.004574258936285755,0.06531458269081339,0.030161652900169093,0.021671569761610554,0.016795259869196597,0.01980033699950426,0.05177924545957566,0.0,0.01920848789643094,0.015514803975036367,0.023522791983987164,0.06828527672493646
0.5,1,3,1,Egap,pooled,0.04120008613283188,0.009716652537389457,0.06906832989686215,0.019080584675457642,0.022177018949168903,0.011698508992208659,0.00026316574156223446,0.05183409220363593,0.0,0.008043213960478746,0.011961266149024256,0.007367540208150462,0.048145765376128156
0.5,1,3,2,Egap,context_0,0.04140413592907877,0.0013826978299288032,0.06956586010379279,0.02402428087310868,0.02960361984304216,0.02164174409502126,0.002828802068214791,0.054698661265596436,0.0,0.024865050920057714,0.015711639966399217,0.030610882391503974,0.06844068211411437
0.5,1,3,2,Egap,context_1,0.036804266695364296,0.004217549099537512,0.06367778741999322,0.02563900800068296,0.02743502084724969,0.010428021099772214,0.012402048975165114,0.0537764288032693,0.0,0.01920848789643094,0.015333968952398077,0.015940529100763254,0.06325991091210138
0.5,1,3,2,Egap,pooled,0.03867658461945239,0.0027969994528371806,0.06656042322968365,0.018490083277593817,0.027246500433133203,0.01592273465570354,0.005361136382377382,0.05403393116843208,0.0,0.008043213960478746,0.013511144404787912,0.013272631145689264,0.04615349056056248
0.5,1,3,3,Egap,context_0,0.03921325538563036,0.003950203973962076,0.0654669400830118,0.022244577671433494,0.02863471097002046,0.013398686713967767,0.0014155013544721695,0.05359382432075384,0.0,0.024865050920057714,0.014499073915203699,0.019630521636505863,0.06778817281027862
0.5,1,3,3,Egap,context_1,0.04196298110889862,0.001857662650573267,0.06674023088758245,0.031006871814937022,0.02518861709692999,0.009579920575744971,0.01881622356135318,0.05275932393001921,0.0,0.01920848789643094,0.021550519998517984,0.021366719138303986,0.06814775427399945
0.5,1,3,3,Egap,pooled,0.04046158105099257,0.001008031060987588,0.06564028392284886,0.018992392820507187,0.02682343749513183,0.011488282250641399,0.0009964626198932583,0.05274159089655687,0.0,0.008043213960478746,0.013579366159002215,0.009398263672537096,0.04649587582943153
0.5,1,3,4,Egap,context_0,0.04079140504824097,0.00021551172672076518,0.0700736393143022,0.024219164386508334,0.023038483364544615,0.02238335493268187,0.0014851675337517437,0.050531407890573726,0.0,0.024865050920057714,0.012940421296114484,0.022674011954045625,0.0699894142195484
0.5,1,3,4,Egap,context_1,0.04179178349843432,0.00041231893628259123,0.06616122872022737,0.020385944046422168,0.026554059003583375,0.022455930070756733,0.009949773833790365,0.05390826957092853,0.0,0.01920848789643094,0.011776185476752753,0.009842373771362411,0.06234627668213836
0.5,1,3,4,Egap,pooled,0.040830790025512875,0.00022128631551528903,0.0677534408798328,0.01571050116970407,0.023866613946301962,0.022528088171351962,0.004013826765336164,0.051723598485360615,0.0,0.008043213960478746,0.007804523626267955,0.010353636752102716,0.04564311732701009
0.5,1,3,0,Ecal,context_0,0.0486773447306878,0.007158684016164552,0.07528507321749965,0.023910638686478112,0.03475100894278821,0.0010388126472144071,0.0010864074309322844,0.06136965543494873,0.0,0.024865050920057714,0.014327900966390044,0.020913070795040217,0.06633484466272473
0.5,1,3,0,Ecal,context_1,0.03577711677320716,0.0022183073852949362,0.05918916276127439,0.028442886099892217,0.022296279013001685,0.03188703808449318,0.014623053306882156,0.05270462428939546,0.0,0.01920848789643094,0.02182167448723779,0.013977396383726155,0.06645779959655432
0.5,1,3,0,Ecal,pooled,0.041072887637759126,0.004626505676390951,0.0670164587897934,0.017962323730419567,0.028120123505802952,0.017006491926181422,0.0015433963815995808,0.05555222925976073,0.0,0.008043213960478746,0.0124599746940511,0.006582013466689253,0.04406117926912705
0.5,1,3,1,Ecal,context_0,0.04493780473505793,0.014995350243897665,0.07300709608086123,0.023472854000610003,0.026565136478497564,0.005751967051994641,0.0009472417561618303,0.053928180267070705,0.0,0.024865050920057714,0.012288812266539552,0.016879949703258894,0.06648267540488392
0.5,1,3,1,Ecal,context_1,0.03840484119293125,0.004534839642868908,0.0652951075182011,0.030312213748003143,0.02204396300887962,0.01549256364642794,0.02234017482477403,0.05180951924493336,0.0,0.01920848789643094,0.015873228384860952,0.027367241467297347,0.06919001524062518
0.5,1,3,1,Ecal,pooled,0.0411890961052076,0.00967942646848206,0.06907503000282694,0.019251750589424976,0.022283304687748418,0.010697653353883979,0.0009216317202369907,0.0519212824120315,0.0,0.008043213960478746,0.011859414485786594,0.008314131086224214,0.0480656023006738
0.5,1,3,2,Ecal,context_0,0.04136225462070664,0.001311362691929885,0.06952275480960132,0.02475671140115645,0.029822199078014866,0.021531421866473333,0.0026520908961920517,0.05486865629584027,0.0,0.024865050920057714,0.01625871146063946,0.029521309692056255,0.06781657304315321
0.5,1,3,2,Ecal,context_1,0.03672494568322815,0.004189317282987111,0.0636690312743861,0.025696173574517336,0.027724660039570137,0.010350324356985824,0.013418523223589884,0.053981136754071096,0.0,0.01920848789643094,0.01508873994281412,0.01812502261484608,0.06348360075989519
0.5,1,3,2,Ecal,pooled,0.038650145152251625,0.0027477888462813208,0.06653659086804097,0.018417326440027436,0.0274590719102924,0.015828840584085013,0.0047585276984591675,0.05422571595239248,0.0,0.008043213960478746,0.013511144404787907,0.013188582794951222,0.04642387906694799
0.5,1,3,3,Ecal,context_0,0.0392457891042679,0.004017615271191486,0.06546451139478397,0.022070430599426684,0.028503563429036816,0.013184229105732845,0.0013628623794024572,0.05355241904283064,0.0,0.024865050920057714,0.014289667373343336,0.019853143100245524,0.06767212665330824
0.5,1,3,3,Ecal,context_1,0.04199847831472914,0.001828684065142077,0.06675038755361329,0.030768297805896055,0.024940354932083908,0.009109964852308819,0.020148175230901053,0.05261223833613955,0.0,0.01920848789643094,0.021556252988520243,0.022296942117099493,0.06818354949480612
0.5,1,3,3,Ecal,pooled,0.04050232171628759,0.0010537100347017814,0.06565014915602557,0.018776722238029286,0.02663212316568858,0.011144949030320858,0.0006060847146834233,0.05263312227370104,0.0,0.008043213960478746,0.013192329838699137,0.010048457547096863,0.04631607272450213
0.5,1,3,4,Ecal,context_0,0.04083328635661304,0.0003119312941388074,0.07009121980999437,0.024342897698814397,0.023082199211539145,0.022833861807987604,0.0015222502332025395,0.05054775899884335,0.0,0.024865050920057714,0.01323359045471896,0.0231962256118084,0.07022645677327509
0.5,1,3,4,Ecal,context_1,0.0417521229923663,0.0004425875585952117,0.06614459754652981,0.019873488305122956,0.0264713049486347,0.022240057788891168,0.01129433427299241,0.05383821519073325,0.0,0.01920848789643094,0.010815749784504294,0.014366743370536903,0.06310997815471367
0.5,1,3,4,Ecal,pooled,0.04076967902757028,0.0002840391862673051,0.06775018914425929,0.015671566849591794,0.023760328207722392,0.022635350839223245,0.003718014418613195,0.051698720658664245,0.0,0.008043213960478746,0.008028597285390782,0.010721605802086972,0.04580953110895726
0.5,1,4,0,Ugap,context_0,0.043940179136180646,0.003960418282542903,0.07055152254864976,0.021462868843562008,0.02197670161006532,0.008230445283737592,0.0011437123029327807,0.050140760302462416,0.0,0.021091282906258346,0.013158852433839062,0.022272280505392292,0.06845961988254155
0.5,1,4,0,Ugap,context_1,0.04492181508956705,0.008365041811487645,0.06926806577268903,0.02712815215523742,0.02446396286242558,0.02784233160020909,0.01667035505003761,0.052808856278956484,0.0,0.01543875449437257,0.01999923751751866,0.01968276050622563,0.0676762599967561
0.5,1,4,0,Ugap,pooled,0.04386535461624658,0.006117912659910949,0.06990045783328411,0.018095968512850273,0.02206595102789155,0.01778169713544908,0.00016641535418570122,0.05115903232311771,0.0,0.00936835264205375,0.012576940474975297,0.010177426821541569,0.04735334420502446
0.5,1,4,1,Ugap,context_0,0.04539551179808354,0.001104881823593519,0.06987952002400587,0.019633884346048035,0.022039511400863798,0.006330660624398396,0.000891283341242589,0.050509791896950096,0.0,0.021091282906258346,0.012666789640756515,0.01654886836767547,0.06783981134705618
0.5,1,4,1,Ugap,context_1,0.041554700648875065,0.0028940802060788686,0.06618942236293575,0.024819326892835773,0.026657562442755967,0.02103692529107236,0.011687093372632226,0.05321289207735302,0.0,0.01543875449437257,0.01374939882023737,0.010029266660043348,0.06459538934206584
0.5,1,4,1,Ugap,pooled,0.04342332959558254,0.0019946993240805796,0.06801745724309295,0.015620323282748705,0.023510125512421265,0.013468650016754874,0.000480092473678629,0.051668685345553404,0.0,0.00936835264205375,0.010769472571903933,0.0036384006167337985,0.045796069880650485
0.5,1,4,2,Ugap,context_0,0.044279613308113475,0.01626753995039463,0.07168795940804229,0.02197370852269871,0.026875024845897932,0.003342817178379573,0.0013653356180315106,0.05119643126222405,0.0,0.021091282906258346,0.01271519102346761,0.02258311812479516,0.06749833307432031
0.5,1,4,2,Ugap,context_1,0.047455202806560626,0.0006003798329707385,0.07331769562518677,0.023063420386524945,0.023735374332244596,0.02207450306025842,0.012706409151502382,0.051967831408881365,0.0,0.01543875449437257,0.015406101276760798,0.013871373744150761,0.06365150518291876
0.5,1,4,2,Ugap,pooled,0.04532136860906366,0.007938266417816916,0.07220965307050357,0.016925376857863272,0.025059654380226892,0.00918117821583446,0.0012356366932856806,0.051468239158197406,0.0,0.00936835264205375,0.012087358480472868,0.008489284750241077,0.04605318370312998
0.5,1,4,3,Ugap,context_0,0.04814809335672038,0.00657125133983741,0.07530640952554336,0.02169087795022651,0.02803211349082091,0.02621824717476043,0.0014340436541174823,0.05253422446925824,0.0,0.021091282906258346,0.017073130262579117,0.023129125792740072,0.06493220215635359
0.5,1,4,3,Ugap,context_1,0.04264232135976398,0.0011145034082762132,0.06703603423177655,0.024058292506515113,0.0322557670488226,0.027744019126661426,0.011173682445040745,0.05660460181603322,0.0,0.01543875449437257,0.013669625963215346,0.011983242729661728,0.06432489573895224
0.5,1,4,3,Ugap,pooled,0.04397709413126716,0.0027721750344979136,0.07120880455641572,0.020462876917863117,0.028074892158387876,0.02685678737786898,0.0020685540607387545,0.05425721182743011,0.0,0.00936835264205375,0.01513699792370031,0.00711865600853457,0.0471181651614341
0.5,1,4,4,Ugap,context_0,0.04279813801160992,0.016984642103597666,0.07101170079391356,0.02362316357977065,0.022057413229815914,0.01655948526672582,0.0017103361337574663,0.05096257275959734,0.0,0.021091282906258346,0.013832116968174052,0.02410763414416349,0.0658646236830912
0.5,1,4,4,Ugap,context_1,0.044474887313615374,0.0025080441802233892,0.07365323504027899,0.02495357009852497,0.02251752857275885,0.014774234675864237,0.011103445757086577,0.051650665065166496,0.0,0.01543875449437257,0.016341619189634792,0.013202910365957034,0.06782341177222402
0.5,1,4,4,Ugap,pooled,0.0433615590550947,0.009792758179393422,0.07182647025643783,0.014687784842227672,0.021725641346081126,0.015539097307130545,0.0024085435167177614,0.05116659357506175,0.0,0.00936835264205375,0.009074278321170965,0.008268650864880907,0.049324437407584604
0.5,1,4,0,Ucal,context_0,0.04398028019083844,0.003982805536907658,0.07054552441978726,0.022174419159450676,0.021893002091337543,0.008046085319975138,0.001172869672789603,0.0501295075485141,0.0,0.021091282906258346,0.014161378800282499,0.022652681378521704,0.06919408130155451
0.5,1,4,0,Ucal,context_1,0.045046157113026286,0.00846585200670421,0.06923899596908355,0.026691190918788195,0.02442071213797603,0.028483080766675814,0.018740740428911384,0.05274152085093179,0.0,0.01543875449437257,0.019420383474499113,0.0226740795711638,0.0676936685155345
0.5,1,4,0,Ucal,pooled,0.043926499243672035,0.006178401250766503,0.06988323335695311,0.018041478605204095,0.022023412317665247,0.01800940496821221,0.000668486416230369,0.051121884971664984,0.0,0.00936835264205375,0.012475032762599626,0.010958396161233393,0.04708586973230823
0.5,1,4,1,Ucal,context_0,0.04543561285274128,0.0011460402472064344,0.06986422239657869,0.019867465072592756,0.02191396212277219,0.006249188146960891,0.000892082959933625,0.05047071231544184,0.0,0.021091282906258346,0.013027699132676122,0.016180799238457638,0.06811003681357825
0.5,1,4,1,Ucal,context_1,0.04169786043955226,0.002890260779971239,0.06623504361590325,0.02427732638561566,0.026181804473810022,0.01937303818602977,0.014223077113016916,0.05283822993257622,0.0,0.01543875449437257,0.013658893647772084,0.015636931111557985,0.0655095217207948
0.5,1,4,1,Ucal,pooled,0.04348447422300794,0.00201392194250561,0.06803380709208749,0.015736292664805,0.023127277120384537,0.012614326168612883,0.0001704778088704971,0.05150671535647959,0.0,0.00936835264205375,0.010830617199329314,0.005115910579212195,0.046566755471169424
0.5,1,4,2,Ucal,context_0,0.044279613308113475,0.01631494010247646,0.07170180326956896,0.021686122706726842,0.026875024845897932,0.0034421363812115746,0.0014578780885346073,0.05117084383551071,0.0,0.021091282906258346,0.012372546850159562,0.02357640030802982,0.06755514955676643
0.5,1,4,2,Ucal,context_1,0.047455202806560626,0.000678058088274176,0.07333243091725095,0.023049732306515695,0.023389368536647526,0.021790510084281026,0.014193151047712085,0.051895161091274025,0.0,0.01543875449437257,0.015323206594454679,0.015844490797976063,0.06451606677117842
0.5,1,4,2,Ucal,pooled,0.04536213169401393,0.007923816647682368,0.07222384114899595,0.016951425550692643,0.02488949953932168,0.008981028492345264,0.0010777756694592792,0.05141835306134181,0.0,0.00936835264205375,0.012270792362749073,0.009483416020004416,0.0459993070376739
0.5,1,4,3,Ucal,context_0,0.04822829546603585,0.006575884713337442,0.07533079822340526,0.021950756050655326,0.02773916517527375,0.026226892898685794,0.0015217565643629995,0.05236545015232843,0.0,0.021091282906258346,0.017714747137102915,0.02378575002743704,0.06500841676699019
0.5,1,4,3,Ucal,context_1,0.04280811072437629,0.001058255937600926,0.06701867916551031,0.0236032078640541,0.03238551922217153,0.026976091030678398,0.013699922382687621,0.05659156694115522,0.0,0.01543875449437257,0.012657493864722471,0.014674449311333784,0.06403928052276427
0.5,1,4,3,Ucal,pooled,0.04399747567374229,0.002802962815999224,0.07121079364105859,0.019716876361692146,0.027883467962369513,0.026488181165998548,0.001629483872905825,0.05413786264213503,0.0,0.00936835264205375,0.014403262394595473,0.00727716484059204,0.04706446391249082
0.5,1,4,4,Ucal,context_0,0.04275928936608109,0.016954955684806663,0.07100681244433993,0.023464680850474474,0.022099262989179802,0.01655720530554515,0.0017429753492077074,0.05096520568704628,0.0,0.021091282906258346,0.013792015913516312,0.024298396101706393,0.06589116306283485
0.5,1,4,4,Ucal,context_1,0.044499746834859355,0.0025377342286110514,0.07365833424216947,0.025970597451583994,0.022344525674960314,0.014675685321359419,0.013618596081018813,0.05172180820561485,0.0,0.01543875449437257,0.018120137439132912,0.01664228810549464,0.06911792716178101
0.5,1,4,4,Ucal,pooled,0.04345971091652817,0.009792082596235825,0.07182386573955343,0.014902328231860665,0.02166183328074167,0.015489549500972033,0.001832100403979256,0.05120653787619628,0.0,0.00936835264205375,0.009604198425524459,0.00800615705927473,0.04931323285139023
0.5,1,4,0,Egap,context_0,0.04365300480382234,0.003713254679471706,0.07036981790909101,0.020319853967967018,0.021348955219607058,0.009095592296117797,0.0012978176774441478,0.05006076253537282,0.0,0.021091282906258346,0.010671318986929251,0.023642100208324225,0.06875796894632297
0.5,1,4,0,Egap,context_1,0.044954639429401755,0.008740931977603707,0.06896712086505898,0.026227502429527785,0.024031455617929298,0.027076344990837123,0.015986106768054315,0.05279453932724803,0.0,0.01543875449437257,0.019793409544876687,0.016994907005860413,0.065077138920677
0.5,1,4,0,Egap,pooled,0.043690311073735055,0.006173879801241823,0.06966063156883005,0.017963737504629856,0.021427870374497004,0.017846366639507727,0.00031890586112639716,0.05106331977222233,0.0,0.00936835264205375,0.01330536965222821,0.009175199513160806,0.046956655425733386
0.5,1,4,1,Egap,context_0,0.044964948601733334,0.001397242127541273,0.06957899834085612,0.02038118998329387,0.023239672127459587,0.008021752967553364,0.0009770849791438355,0.051071432804566996,0.0,0.021091282906258346,0.014270831827066005,0.01729516173883455,0.06829762728353748
0.5,1,4,1,Egap,context_1,0.04172115374836993,0.002616952292244598,0.06595503931343677,0.023445738021821826,0.027176571136151573,0.018617429419506296,0.011849973431259153,0.05336339542149783,0.0,0.01543875449437257,0.014048415675132077,0.010388622359170846,0.06389027630365623
0.5,1,4,1,Egap,pooled,0.04315336745484816,0.0020083926312204465,0.06775481099891513,0.015082629474479425,0.02440343842717374,0.01313557426263183,0.0005587178011640763,0.05211583752669207,0.0,0.00936835264205375,0.010056118585274224,0.00422043041696038,0.04617060973758753
0.5,1,4,2,Egap,context_0,0.04377697472439396,0.016218213328051127,0.07152621077855324,0.021302826820624145,0.027712020033175633,0.00032360521219719496,0.0010598253481498162,0.051605667271523395,0.0,0.021091282906258346,0.01275110694836158,0.01893470014123655,0.06579283830700344
0.5,1,4,2,Egap,context_1,0.04717981238977825,0.0006069137969548211,0.0730236069663711,0.023687857285739734,0.022827109118802313,0.024807849932818163,0.011596154959228444,0.05183263572070136,0.0,0.01543875449437257,0.01681531087596503,0.013479255390665548,0.06436321887040806
0.5,1,4,2,Egap,pooled,0.04484902679375952,0.007912797092738155,0.07196125853504051,0.016391375683600422,0.02503838502511374,0.012074724250303995,0.0008513938979796201,0.05153572182899296,0.0,0.00936835264205375,0.01186316151324639,0.007317189521475505,0.04684379662189444
0.5,1,4,3,Egap,context_0,0.048116002145530856,0.006601935610355006,0.07513594410774566,0.022770804489247048,0.02635812311626551,0.025146519395688793,0.00116671483491552,0.05194315383358878,0.0,0.021091282906258346,0.017229865279455248,0.0212545487776386,0.06500568597088244
0.5,1,4,3,Egap,context_1,0.04213362535568438,0.0008261121708519291,0.06688402724337213,0.023119131291570234,0.03039598589748832,0.02578532503559637,0.012014443792596918,0.055719826627490296,0.0,0.01543875449437257,0.011972756189616495,0.013080027345783117,0.06522338457458285
0.5,1,4,3,Egap,pooled,0.04376291276655314,0.002930177959825709,0.07104564466610955,0.021601535131858647,0.026224458263543582,0.025340677638675063,0.0013049011175735488,0.05353294930877188,0.0,0.00936835264205375,0.01590565592439662,0.007838980654440716,0.04713723001856814
0.5,1,4,4,Egap,context_0,0.04251835636523421,0.0167942043894638,0.07083886878283048,0.024351427099224963,0.021680765395540924,0.015676484994989692,0.0015802300726148306,0.050728433370846454,0.0,0.021091282906258346,0.015610111984952066,0.022699525225003313,0.0661630108464217
0.5,1,4,4,Egap,context_1,0.044420637712719924,0.0023832000393783893,0.07347193407194937,0.024140762067646492,0.021609263359316566,0.01307809169268255,0.011343178937549353,0.05170170443735382,0.0,0.01543875449437257,0.015741609922179704,0.013243931981542922,0.06983843487829977
0.5,1,4,4,Egap,pooled,0.043116676157909706,0.009638493899978956,0.07167303922855821,0.015111397745342061,0.021236446178478585,0.01426007333812672,0.0020396047762092015,0.0510698571201848,0.0,0.00936835264205375,0.010539010016219486,0.008298805417917094,0.04994753349481811
0.5,1,4,0,Ecal,context_0,0.04377461221424095,0.003710783782841666,0.07038722328141886,0.02010740362557884,0.021181556182151534,0.009035805001572444,0.0014622566256481417,0.0500708998244726,0.0,0.021091282906258346,0.010711420041586987,0.02510603402286181,0.06887384670552087
0.5,1,4,0,Ecal,context_1,0.044830297405942576,0.008749056181501756,0.06896332338236262,0.025827997737926617,0.024204458515727834,0.027312857057284576,0.017534706933266045,0.05279576506307564,0.0,0.01543875449437257,0.01942038347449907,0.019696240655879684,0.06532753083981066
0.5,1,4,0,Ecal,pooled,0.043705024377321766,0.006176421519939811,0.06966916860911249,0.018108256968951044,0.021598025215402217,0.017941009063520225,0.00026319590164491577,0.05108371494362954,0.0,0.00936835264205375,0.013244225024802835,0.009778508498213535,0.04691470029434401
0.5,1,4,1,Ecal,context_0,0.04488474649241786,0.001298529474226429,0.06959459304972604,0.02054685937338776,0.022570075977637383,0.008159721240678472,0.0010803714432424155,0.05079542049300402,0.0,0.021091282906258346,0.014350741006639864,0.01796593264730298,0.06907181587644556
0.5,1,4,1,Ecal,context_1,0.041638259066063776,0.002736381329533781,0.06590804192496522,0.02341355614601423,0.026917066789453714,0.018667663691672484,0.012714123079060613,0.05324178518613537,0.0,0.01543875449437257,0.014172757698591259,0.012314720811703268,0.06417952855632013
0.5,1,4,1,Ecal,pooled,0.043082959562476264,0.0020165980426410618,0.06774059041956196,0.015077535969539655,0.023892973904457993,0.01322964397477605,0.0005970691830985211,0.05189275447874884,0.0,0.00936835264205375,0.00979115853309748,0.004851312762231455,0.046947704310373775
0.5,1,4,2,Ecal,context_0,0.043817075779051695,0.016277119448457215,0.07152043439827996,0.020832272827454697,0.027795719551903353,0.0006668825067781825,0.0011547654464648415,0.051685825017131724,0.0,0.021091282906258346,0.012309995347126441,0.01987837075617128,0.06580671000087111
0.5,1,4,2,Ecal,context_1,0.04720971932457779,0.0005121654732378239,0.0730736914158412,0.023590176908524503,0.022394601874305975,0.024710470024578227,0.014150452484263762,0.051771282878545134,0.0,0.01543875449437257,0.016525483846931005,0.01650764877196525,0.06452540932561793
0.5,1,4,2,Ecal,pooled,0.04480826370880925,0.007989550330187726,0.07198712431746974,0.016282160156701263,0.02486823018420853,0.011852774552481599,0.0004596034205472145,0.05152019711566569,0.0,0.00936835264205375,0.011985450768097193,0.008264083205865736,0.046729163524987835
0.5,1,4,3,Ecal,context_0,0.04814293065341163,0.006593961406456372,0.07511538704256465,0.02286150409787701,0.026483672394357227,0.024879200203248242,0.0012543191216459007,0.05205437820523295,0.0,0.021091282906258346,0.016949157896851058,0.02203509557627773,0.06492425027064476
0.5,1,4,3,Ecal,context_1,0.04234086206144977,0.0008140343871884737,0.06686980961980242,0.022834023769880633,0.030612239519736517,0.024874459495107484,0.013346638464926688,0.05573617715106673,0.0,0.01543875449437257,0.011472916882102913,0.016351866900376457,0.06546195801504409
0.5,1,4,3,Ecal,pooled,0.043785798209656335,0.002932449434793802,0.0710271208697348,0.020997247098845578,0.026415882459561946,0.02475914051811376,0.0011521217731193835,0.053611452076218216,0.0,0.00936835264205375,0.015273828107667451,0.008783081418125926,0.04671343941272166
0.5,1,4,4,Ecal,context_0,0.04251835636523421,0.016791327498321514,0.07082385011226651,0.024378973313857282,0.021722615154904812,0.01630899501145132,0.0017376925642009562,0.05072018699282665,0.0,0.021091282906258346,0.015690314094267542,0.024010737736865823,0.06637325599615092
0.5,1,4,4,Ecal,context_1,0.04433774303041377,0.002377132352400041,0.07342494652831515,0.024979150007788137,0.021998519879363243,0.013375267454429088,0.01258759256879563,0.05169657387370946,0.0,0.01543875449437257,0.016525391984004288,0.015502812211186781,0.07015749974907326
0.5,1,4,4,Ecal,pooled,0.04307591307295944,0.009634174687555666,0.07164088717008507,0.015043750362209478,0.021449139729610156,0.014728175774423355,0.001994088533716319,0.05106020643464593,0.0,0.00936835264205375,0.01037595767641842,0.008941251059596537,0.04980981825799823
