prevalence,kappa,trial,model,repeat,generation_seed,group,generated_entities,validation_entities,amount_ks,amount_lag1_acf_error,amount_scaled_w1,gap_conditioned_mark_tv,gap_ks,gap_lag1_acf_error,gap_repeat_mi_error,gap_scaled_w1,gap_zero_rate_error,length_scaled_w1,mark_sparse_tv,short_gap_repeat_curve_l1,transition_conditioned_mark_tv
0.05,0,0,U,0,2026092100,context_0,1958,6515,0.028892689197074606,0.003426750472633703,0.05897544447906547,0.016622811725814417,0.020970024497113327,0.02220104862320181,6.751241040340184e-07,0.05154215884379083,0.0,0.012005443162906044,0.010979893141346543,0.008567583075509264,0.04549012877314393
0.05,0,0,U,0,2026092100,context_1,90,331,0.02179205388730823,0.028366141648811113,0.0478841770284838,0.08204922207240284,0.03196760204432025,0.02230371775791272,0.0008269804615680734,0.051868194078096494,0.0,0.08430261832829809,0.0510779808394026,0.023328997680827804,0.17210101417306475
0.05,0,0,U,0,2026092100,pooled,2048,6846,0.028042229065369573,0.0020876200507826646,0.05835665827393377,0.014659020300663883,0.020824956489638335,0.02221966827090953,1.3237438398812514e-06,0.05147570587317671,0.0,0.011237280152187418,0.00795089418373554,0.009198827662353205,0.045969604406926115
0.05,0,0,U,1,2026092101,context_0,1958,6515,0.03297745334220886,0.003989782801890101,0.06191043155908552,0.0193526486430527,0.01978669823396835,0.02626412659380184,7.305757014946758e-05,0.05143941215001663,0.0,0.012005443162906044,0.015548442677484214,0.010121110952641954,0.0495354355411736
0.05,0,0,U,1,2026092101,context_1,90,331,0.03598965158591127,0.016828237400301885,0.07429910965603646,0.08757894683153684,0.04033249547669797,0.02148804293944158,0.0023315798974958735,0.05856505535583048,0.0,0.08430261832829809,0.04222987908623248,0.025108965828881554,0.17564385812640207
0.05,0,0,U,1,2026092101,pooled,2048,6846,0.03163222763224882,0.0032964591791577996,0.06137517971811249,0.01862042198124052,0.019566424066430152,0.026059873314149315,6.898434707411903e-05,0.051424596034015356,0.0,0.011237280152187418,0.012689275415954226,0.0097667102345427,0.04886389666425858
0.05,0,0,U,2,2026092102,context_0,1958,6515,0.033016520964666674,0.004943651489997796,0.06314840716725979,0.015163839848432635,0.019939399045055595,0.02540092668144553,1.6883578476319317e-05,0.05134845959627153,0.0,0.012005443162906044,0.0092754177366558,0.006921048472377118,0.046175659502163194
0.05,0,0,U,2,2026092102,context_1,90,331,0.044896335979994914,0.0175911727902272,0.06935730576446343,0.07791365450803754,0.03292408219735707,0.08984799143555783,0.0010920766639293433,0.052632680188084556,0.0,0.08430261832829809,0.049013014469338534,0.019668713939157312,0.1810583878037545
0.05,0,0,U,2,2026092102,pooled,2048,6846,0.03168949024458706,0.003692284857591356,0.06316892946506887,0.015899483027431813,0.020178363972858493,0.02821059271361402,1.0852889991240478e-05,0.05129359828837387,0.0,0.011237280152187418,0.010319215799534095,0.006974166628884597,0.04424173768665713
0.05,0,0,U,3,2026092103,context_0,1958,6515,0.030557450401195063,0.0026091350235998407,0.0597965115575497,0.0229539723374907,0.02476185817929566,0.03266706232704253,4.724513708041794e-05,0.052269391160573435,0.0,0.012005443162906044,0.017576315243992363,0.006905849453093191,0.04798798205115739
0.05,0,0,U,3,2026092103,context_1,90,331,0.028268849681935278,0.027934476898707955,0.05887557940268978,0.06826983018980319,0.04375559559619556,0.03992271525601282,0.0009130858277623171,0.06101159622482502,0.0,0.08430261832829809,0.04556042558423851,0.019983920965527834,0.1649374216156156
0.05,0,0,U,3,2026092103,pooled,2048,6846,0.029481015868526472,0.001223401839477,0.05967192229352462,0.020224933021469684,0.02426845501980529,0.033031062664244146,4.203887759164225e-05,0.051917075145534404,0.0,0.011237280152187418,0.01573995879082469,0.006797274054907841,0.04542943341995101
0.05,0,0,U,4,2026092104,context_0,1958,6515,0.03196557188666266,0.001795821708714298,0.06071037261656442,0.022928027120217187,0.021411014969798914,0.036227077395198065,3.268064324218512e-05,0.051636499452444126,0.0,0.012005443162906044,0.0179800651163268,0.00835348738698574,0.04877246861407736
0.05,0,0,U,4,2026092104,context_1,90,331,0.042739048876111255,0.014937420268824103,0.06609709305987621,0.0791989739067363,0.03507304087017218,0.001047114588344361,0.00045670296956089275,0.05658402888693188,0.0,0.08430261832829809,0.05886224248955915,0.018785959874689895,0.17055351157841578
0.05,0,0,U,4,2026092104,pooled,2048,6846,0.03220370629663688,0.0010469437531316914,0.06095061284059908,0.019259021709405896,0.02202121555881359,0.03464713167965848,3.4341981672323266e-05,0.05148267335837485,0.0,0.011237280152187418,0.014903250347292275,0.008484465060613074,0.04567891361199978
0.05,0,0,Ucal,0,2026092100,context_0,1958,6515,0.02891408094413861,0.003483206680516601,0.05898832538566311,0.01677192713780232,0.020970024497113327,0.022176126592914014,5.396522815471648e-06,0.05155249096316052,0.0,0.012005443162906044,0.01137754964181831,0.0037725858878624283,0.045098354643112126
0.05,0,0,Ucal,0,2026092100,context_1,90,331,0.02171310215969123,0.028802535973625837,0.04786421746098977,0.07963126199383196,0.03292408219735707,0.018878800743434884,0.0006652968705220939,0.05229958740908163,0.0,0.08430261832829809,0.04952287279172564,0.014190714344956216,0.17500479120667364
0.05,0,0,Ucal,0,2026092100,pooled,2048,6846,0.028042229065369573,0.0021225794538937102,0.05837247538711214,0.014763590865443876,0.020824956489638335,0.02205517798972577,7.085235428949763e-06,0.05149440978264866,0.0,0.011237280152187418,0.00795420617331206,0.003977718013023085,0.045784114943622084
0.05,0,0,Ucal,1,2026092101,context_0,1958,6515,0.03291327810101691,0.004045052145301031,0.06193749552324519,0.01858560903344139,0.01963040985959072,0.026705243461539713,8.38188968196513e-05,0.051441984401857786,0.0,0.012005443162906044,0.01484251502437282,0.00709317012386668,0.04982231156744514
0.05,0,0,Ucal,1,2026092101,context_1,90,331,0.03644815685872191,0.016478147784894134,0.0743281561756349,0.08656567959873307,0.041767215706253205,0.01812822082730177,0.002519789311914391,0.06060048170747504,0.0,0.08430261832829809,0.04124114640433122,0.028535052463899847,0.1766341835557513
0.05,0,0,Ucal,1,2026092101,pooled,2048,6846,0.03157091304755294,0.003363957726724171,0.06140031959947838,0.018290236014017948,0.019452088586334626,0.02633543258417441,7.619952427551113e-05,0.05144640708392152,0.0,0.011237280152187418,0.01217832054348853,0.006485921681342075,0.04904881577529845
0.05,0,0,Ucal,2,2026092102,context_0,1958,6515,0.033059304458794625,0.004909611151473186,0.06316879537005776,0.015585227559266484,0.02011801433005861,0.025771658090631644,1.172413403328714e-05,0.051362791281832694,0.0,0.012005443162906044,0.009177030991137838,0.0030308597067497324,0.04683821483671962
0.05,0,0,Ucal,2,2026092102,context_1,90,331,0.04443783070718428,0.017694192621083744,0.06928807593803261,0.0774005170227813,0.03388056235039389,0.08975866201846786,0.0007334716520351024,0.052588450343582054,0.0,0.08430261832829809,0.05184609623010668,0.016494810661228546,0.18228195513661835
0.05,0,0,Ucal,2,2026092102,pooled,2048,6846,0.03177124302418155,0.0036568815685535947,0.06318314173444925,0.016075762947021035,0.020327681379001816,0.028562822885477193,4.5700286062479775e-06,0.051305677344317055,0.0,0.011237280152187418,0.01017614843524373,0.0029328582778328487,0.04518678610092559
0.05,0,0,Ucal,3,2026092103,context_0,1958,6515,0.03057884214825901,0.002643885952403695,0.05974998904223289,0.022962189637787424,0.02471720435804492,0.032931745756863307,6.464687804903015e-05,0.052277255160777567,0.0,0.012005443162906044,0.017283308349590677,0.006552094944555335,0.048192227941075194
0.05,0,0,Ucal,3,2026092103,context_1,90,331,0.028268849681935278,0.02769220109313033,0.05882375595193764,0.06739309548230044,0.045190315825750796,0.037821900638234984,0.0010132514938121892,0.06212767751529028,0.0,0.08430261832829809,0.04464341503861722,0.018788181193536924,0.16449344165865898
0.05,0,0,Ucal,3,2026092103,pooled,2048,6846,0.029481015868526472,0.0012686339641386059,0.05962583473663709,0.020073720378263746,0.024161799729702893,0.033193275638965916,5.1771892417997074e-05,0.051906737434544804,0.0,0.011237280152187418,0.015801273375520546,0.0059944139182582885,0.045675371550222964
0.05,0,0,Ucal,4,2026092104,context_0,1958,6515,0.03209341376596253,0.0017941430300581376,0.06074732383424923,0.022072713009607732,0.021299380416672037,0.03603312799438682,3.5330683701008435e-05,0.05163850387608006,0.0,0.012005443162906044,0.017320785902331187,0.0045103034670076056,0.04876934416128319
0.05,0,0,Ucal,4,2026092104,context_1,90,331,0.042739048876111255,0.01576194938664624,0.06610628923355615,0.0799844089326278,0.036029521023209006,0.0015997227827864308,0.00033169979652038174,0.05658229384459437,0.0,0.08430261832829809,0.05862332170918328,0.01651341516062083,0.1735388691752919
0.05,0,0,Ucal,4,2026092104,pooled,2048,6846,0.03220370629663688,0.0010084551115932395,0.06098457120422378,0.01857558189254126,0.021935891326731682,0.03448547595129291,3.415684414718572e-05,0.05148697480536463,0.0,0.011237280152187418,0.014286694502266772,0.004194745312748328,0.04554710060511484
0.05,0,0,E,0,2026092100,context_0,1958,6515,0.03602987941836666,0.004416547395309547,0.06647778707865037,0.018250532282747315,0.020227563201631993,0.021441501237545124,9.763367519539034e-07,0.05133269428611557,0.0,0.012005443162906044,0.012992554748808447,0.0020233332393447116,0.04609868781680976
0.05,0,0,E,0,2026092100,context_1,90,331,0.02991312268943552,0.0291528779786963,0.05123974321088387,0.08951385169352094,0.030506534907155245,0.015558584536014747,0.0008155251557639303,0.05092518795939902,0.0,0.08430261832829809,0.06008192045028189,0.01485365856543038,0.17555543803478663
0.05,0,0,E,0,2026092100,pooled,2048,6846,0.0351670566346865,0.0030048096408314883,0.06571166016214174,0.0178431767910801,0.020304258867918312,0.021213865286224307,4.100477456353687e-06,0.051216773628469194,0.0,0.011237280152187418,0.011939265631543721,0.0021912280884490635,0.04567224943593326
0.05,0,0,E,1,2026092101,context_0,1958,6515,0.03960483172502366,0.0030971193918944533,0.06960352657195625,0.017640314062119727,0.022262927687651035,0.026434948352516335,5.107770078550668e-05,0.05214250269446104,0.0,0.012005443162906044,0.012393585831016945,0.004395903653225159,0.04862249410873834
0.05,0,0,E,1,2026092101,context_1,90,331,0.03465516082943151,0.017563825986799793,0.07068817367910156,0.08562442395644583,0.03889777524714273,0.0008260663476207936,0.0031049776161728455,0.05894402009529981,0.0,0.08430261832829809,0.04815975055844294,0.02962141709308696,0.1762876250735135
0.05,0,0,E,1,2026092101,pooled,2048,6846,0.038333440464375756,0.0023989424147957223,0.06881406184467294,0.01863890088153128,0.02303570633377483,0.025289997894344857,5.351896393903147e-05,0.05223606011248813,0.0,0.011237280152187418,0.01239154492555961,0.0048228721444454805,0.048525697280973
0.05,0,0,E,2,2026092102,context_0,1958,6515,0.04041170544396744,0.005648028567059604,0.07079328354973176,0.016325552773034647,0.020901989284279998,0.023484571693136225,1.2623043764114461e-05,0.05186796327123784,0.0,0.012005443162906044,0.010144146606268301,0.003352017234580831,0.047964682839458345
0.05,0,0,E,2,2026092102,context_1,90,331,0.046061562494853936,0.01947510114097948,0.07415865433731605,0.0776561538359337,0.03159225226102668,0.0813881326655995,0.000742388489390987,0.05658374366215419,0.0,0.08430261832829809,0.050460252424050445,0.012614897894373405,0.18387707483007093
0.05,0,0,E,2,2026092102,pooled,2048,6846,0.039134743558760454,0.004296729786181113,0.07078147843775759,0.01625148404355392,0.021344167850485096,0.026060940587327483,3.584714604384508e-06,0.051892041064124726,0.0,0.011237280152187418,0.011434299862394947,0.003039350843887359,0.045776080896033876
0.05,0,0,E,3,2026092103,context_0,1958,6515,0.03776859770402852,0.0035437201090839274,0.06709808202118575,0.02063929429554213,0.020138255559130513,0.02953117152199619,8.847603587733825e-05,0.05135148159172154,0.0,0.012005443162906044,0.014384488077709433,0.007953032961737942,0.04874551876329781
0.05,0,0,E,3,2026092103,context_1,90,331,0.031138423665642647,0.027005373930751995,0.06453608335851661,0.07313028019649949,0.0456685559022692,0.02585553241503291,0.0009303609440136059,0.06096976094878523,0.0,0.08430261832829809,0.04520330672327323,0.017437231056062305,0.17091988797450405
0.05,0,0,E,3,2026092103,pooled,2048,6846,0.03705697639367356,0.0021661259509433693,0.06686031889253576,0.019282296641790625,0.019898968765529212,0.029377271177803962,7.678505150096951e-05,0.05132897957967312,0.0,0.011237280152187418,0.01446455674859056,0.008038825597737186,0.04632327879782899
0.05,0,0,E,4,2026092104,context_0,1958,6515,0.040067684783332946,0.002092441500535572,0.06845628151081289,0.020572253440284113,0.02094202434164405,0.03767622086136643,3.0250374695633763e-05,0.05126571662008379,0.0,0.012005443162906044,0.01655274468653157,0.0032182200722759837,0.04839623381755078
0.05,0,0,E,4,2026092104,context_1,90,331,0.05162094609989654,0.011277331201161889,0.07500621765143857,0.08417364436718529,0.030928272729202486,0.0009327985459973154,0.0006886072242794073,0.058982789939614776,0.0,0.08430261832829809,0.059081826981993914,0.023239979174268236,0.17191852036608163
0.05,0,0,E,4,2026092104,pooled,2048,6846,0.04020783029863445,0.001496840877485122,0.0687246440103997,0.01968153670663791,0.020709548970307412,0.035936790364620816,4.251916202182199e-05,0.051240543258480147,0.0,0.011237280152187418,0.01648246189699892,0.004088982932842881,0.04682559584824044
0.05,0,0,Ecal,0,2026092100,context_0,1958,6515,0.03597260690205939,0.004418770032813109,0.06645785954712234,0.018348710857959877,0.020249890112257418,0.021128417418011525,5.2773676665775866e-06,0.05133132267126202,0.0,0.012005443162906044,0.013505956678344028,0.0055899755742903024,0.046004784136990724
0.05,0,0,Ecal,0,2026092100,context_1,90,331,0.029454617416624883,0.028851979441806355,0.0512236970374735,0.09209611691201981,0.03098477498367366,0.021446998880607263,0.0010471220594319892,0.051083900953085196,0.0,0.08430261832829809,0.060998930995903165,0.01736058358121196,0.17601900371169904
0.05,0,0,Ecal,0,2026092100,pooled,2048,6846,0.03510574204999062,0.0030210471432176363,0.06568860040433198,0.01798330773704452,0.020325589925938803,0.02116464589500966,1.1138075903869291e-05,0.05121323843553493,0.0,0.011237280152187418,0.01244290174802432,0.006082785135097319,0.045669798717001005
0.05,0,0,Ecal,1,2026092101,context_0,1958,6515,0.03964761521915161,0.0031691457326586815,0.06958047994412304,0.017948507228867993,0.02228525459827646,0.025973455820210545,5.577491227604499e-05,0.05214275693852747,0.0,0.012005443162906044,0.012425113604575877,0.007332016636112524,0.048315200320000064
0.05,0,0,Ecal,1,2026092101,context_1,90,331,0.03423974621609788,0.01778138273381484,0.07063288634477756,0.08735880652091997,0.03889777524714273,0.0005105566836398345,0.0037748410834752507,0.05882126101238539,0.0,0.08430261832829809,0.047775033019437134,0.03192110799061789,0.17807981800653594
0.05,0,0,Ecal,1,2026092101,pooled,2048,6846,0.03837431685417303,0.0024590297175312937,0.06878629515304668,0.01865191957255848,0.02305703739179532,0.024834201295644134,5.763739685019846e-05,0.052233849136754586,0.0,0.011237280152187418,0.011893054815218511,0.007442712999797533,0.04820759796332014
0.05,0,0,Ecal,2,2026092102,context_0,1958,6515,0.04046089402116937,0.005682418555866298,0.07075242802940636,0.016880316862643727,0.020901989284279998,0.023930729928742206,1.7476161028324945e-05,0.0518696294480962,0.0,0.012005443162906044,0.010600036789705393,0.0033573116199121277,0.047475510905534465
0.05,0,0,Ecal,2,2026092102,context_1,90,331,0.0457281980054246,0.01934745429976347,0.07422015124907966,0.0781116362495124,0.02920105187843462,0.08264147413056488,0.0007909908897236772,0.055156640197613856,0.0,0.08430261832829809,0.05137726296967174,0.012967972880032815,0.1824190618431863
0.05,0,0,Ecal,2,2026092102,pooled,2048,6846,0.03918171316254532,0.0043366902047327315,0.07074571036422984,0.016381187520860714,0.021237512560382754,0.026542140944898554,7.165785727284021e-06,0.051865821071371006,0.0,0.011237280152187418,0.011679558201178511,0.003135441705940583,0.04509861802951742
0.05,0,0,Ecal,3,2026092103,context_0,1958,6515,0.03770442246283656,0.0036191781202862734,0.06709313227247742,0.020540924051130414,0.02016058246975594,0.029889239512479848,8.597308919675218e-05,0.05135424613410473,0.0,0.012005443162906044,0.01454558988579148,0.0067903456645396956,0.04847001075297546
0.05,0,0,Ecal,3,2026092103,context_1,90,331,0.031094300207403204,0.02704428360912755,0.06458559205997007,0.07437879512292042,0.04662503605530603,0.025341959623435675,0.0007257959117627851,0.062360823971116,0.0,0.08430261832829809,0.04732863444323052,0.017366591807088244,0.16997812577944132
0.05,0,0,Ecal,3,2026092103,pooled,2048,6846,0.037011290240333394,0.002237030464744897,0.06685780306989733,0.01949211580161642,0.019898968765529212,0.029698568387238458,7.309408877438292e-05,0.051343987061186605,0.0,0.011237280152187418,0.015031576088941916,0.006254146588383032,0.046114544611327746
0.05,0,0,Ecal,4,2026092104,context_0,1958,6515,0.04015012232804366,0.0021036886889112425,0.06839119747623167,0.020570657294765263,0.02085271669914257,0.03738652933369141,4.2247179292273116e-05,0.051268006447149905,0.0,0.012005443162906044,0.016509961192403607,0.006884477974602812,0.04782664456584379
0.05,0,0,Ecal,4,2026092104,context_1,90,331,0.052537956645517817,0.011805197572035039,0.07486621883052981,0.08415293097762583,0.030928272729202486,0.0009864262872432833,0.0008336605413283473,0.05879564810991408,0.0,0.08430261832829809,0.05816481643637265,0.02341567663141648,0.17245905144764753
0.05,0,0,Ecal,4,2026092104,pooled,2048,6846,0.040248706688431723,0.0014845674135641053,0.06865541552306706,0.01949914517942831,0.02062422473822545,0.035659186890849306,5.729138371687707e-05,0.051242186433743626,0.0,0.011237280152187418,0.01615545077862085,0.006189516039431093,0.04613012198602316
0.05,0,1,U,0,2026092200,context_0,1957,6515,0.04690426592855662,0.004202588371967276,0.07539332074848795,0.01622789112594355,0.023843310655777217,0.017672500596800547,0.00010394848501716069,0.05254551400704328,0.0,0.01467000997266243,0.011484708457687409,0.006385578032190602,0.0472321115861828
0.05,0,1,U,0,2026092200,context_1,91,331,0.057184927259162945,0.0288330620085029,0.08126044461677623,0.08668869583890432,0.030651166567822366,0.018140835256050897,0.0030403466777713484,0.05935282697620105,0.0,0.028717506058895774,0.046855129553508686,0.027847184878438843,0.1863828639131671
0.05,0,1,U,0,2026092200,pooled,2048,6846,0.04712210352063534,0.005291258946722467,0.07562751788961963,0.01652620278745639,0.02385199368449531,0.017690469898691635,0.00013630324676720492,0.05244436590104842,0.0,0.014722275239418995,0.010523007360816045,0.006893913157788246,0.04621928939713277
0.05,0,1,U,1,2026092201,context_0,1957,6515,0.04574207450740864,0.0004910233692171132,0.07411186756754476,0.0178522213958929,0.025400893392900636,0.020017074028462173,3.4720409952232825e-05,0.052896740347059816,0.0,0.01467000997266243,0.01301441891268525,0.003948099981389263,0.048691442038587746
0.05,0,1,U,1,2026092201,context_1,91,331,0.05502688491113732,0.0001720926787236246,0.08978609485774587,0.0632282687019409,0.031426458609666724,0.04736759312198063,0.0006908644082143843,0.05791820229821142,0.0,0.028717506058895774,0.03682492329401532,0.028323553566815627,0.17251094202864928
0.05,0,1,U,1,2026092201,pooled,2048,6846,0.04575535729436142,0.00045057134162098083,0.07475450357728103,0.018035114856072513,0.02474029976939196,0.021329167001537294,2.5084873428339995e-05,0.052527198693961316,0.0,0.014722275239418995,0.013469689919070015,0.0031612213984323363,0.048320769442822493
0.05,0,1,U,2,2026092202,context_0,1957,6515,0.04320156510844919,0.0012434656156743796,0.07511913154822611,0.019368206087698178,0.020130626115060113,0.0150007443118199,6.171822694517537e-05,0.051364557779620075,0.0,0.01467000997266243,0.011563254873963962,0.004584852905727962,0.04881180162912062
0.05,0,1,U,2,2026092202,context_1,91,331,0.030168655055509523,0.012177886159362527,0.0651326222333863,0.07608619596141089,0.03305357525168384,0.03870656067523326,0.00014167718615981412,0.05318823380272617,0.0,0.028717506058895774,0.05246475036336348,0.014738512362335227,0.16975585569072155
0.05,0,1,U,2,2026092202,pooled,2048,6846,0.04165394392184979,0.001963387250239269,0.0741599606367108,0.01898118620433326,0.020425670214179514,0.015998857997957208,5.974596040497467e-05,0.05126900994144589,0.0,0.014722275239418995,0.010713812696264365,0.0044995536577582,0.04756814872347035
0.05,0,1,U,3,2026092203,context_0,1957,6515,0.04497148276374635,0.004429329188895552,0.07085730168772024,0.016717001791121802,0.02160676865971889,0.0341293193033978,1.8313137708907644e-05,0.051548363406979755,0.0,0.01467000997266243,0.012702194359057731,0.0030697321461482597,0.043638778167262623
0.05,0,1,U,3,2026092203,context_1,91,331,0.04132467598121995,0.002272863569269201,0.0674824038012984,0.08739975446813993,0.033603699155681004,0.02345687276553292,0.0018812922181465357,0.05600896446247997,0.0,0.028717506058895774,0.06246074506662294,0.025167096270188677,0.18110850568025755
0.05,0,1,U,3,2026092203,pooled,2048,6846,0.0443453400957996,0.004132623144586173,0.0706989462196787,0.017033424755738342,0.02175802471439864,0.033628376033717225,2.6628981907556677e-05,0.05156195288601229,0.0,0.014722275239418995,0.012788582630717252,0.003936589162295638,0.044780108374336616
0.05,0,1,U,4,2026092204,context_0,1957,6515,0.04399774129549616,0.0032749594056264474,0.07255500745112713,0.018499221208720548,0.022115971563760772,0.023589992880837504,5.550352644626786e-05,0.05204847072158212,0.0,0.01467000997266243,0.011347971978595139,0.004786281245883143,0.049155588692112735
0.05,0,1,U,4,2026092204,context_1,91,331,0.031139245388070166,0.016891701217887595,0.06678755946227166,0.07426508812020984,0.0459597699593713,0.03803718586405866,0.00010064655853919734,0.07506037796721521,0.0,0.028717506058895774,0.03195065302509603,0.024253164632963727,0.17067498244804002
0.05,0,1,U,4,2026092204,pooled,2048,6846,0.04284580963229323,0.0037455110320069917,0.07185755177863394,0.018789927087771264,0.02264633079929529,0.024298565203111397,5.640844493054562e-05,0.05228919532785951,0.0,0.014722275239418995,0.011049305337580244,0.004492098095544994,0.0464514778622498
0.05,0,1,Ucal,0,2026092200,context_0,1957,6515,0.04686181750339319,0.004242917263376511,0.0753907283502405,0.016158647601751095,0.023821166675618233,0.017623168161846975,0.00010882571039035706,0.05255021630642978,0.0,0.01467000997266243,0.011389506595956068,0.005994947434964275,0.04711931306718559
0.05,0,1,Ucal,0,2026092200,context_1,91,331,0.057184927259162945,0.028717048765421485,0.08128919305123918,0.0865143166836563,0.030651166567822366,0.018610661458081976,0.003003941973929243,0.05935657135395545,0.0,0.028717506058895774,0.04775888011835277,0.026293953873691836,0.18676740179438184
0.05,0,1,Ucal,0,2026092200,pooled,2048,6846,0.047101831469711974,0.005324020147222425,0.07562505125640959,0.01638366895493348,0.02383084353961673,0.01766607346040451,0.00014209751421188585,0.05244735324667158,0.0,0.014722275239418995,0.010401161362312183,0.0064841753310826465,0.04573004048974789
0.05,0,1,Ucal,1,2026092201,context_0,1957,6515,0.045635953444500055,0.0005153629619166313,0.07409076922304013,0.0176045930483388,0.025334461452423684,0.020163019511822144,3.8574911182397966e-05,0.052889944689771755,0.0,0.01467000997266243,0.012826063576007385,0.005888698883590686,0.04871574861937532
0.05,0,1,Ucal,1,2026092201,context_1,91,331,0.05479028796686829,0.0003456813479710283,0.08981402232086458,0.0645012431528335,0.031426458609666724,0.047503466890075896,0.0007053994693348343,0.05781529679895417,0.0,0.028717506058895774,0.03820068023883399,0.023161260014544095,0.1720432205557726
0.05,0,1,Ucal,1,2026092201,pooled,2048,6846,0.04565399703974449,0.0004658464119111686,0.07473709706788342,0.017758973889658424,0.024676849334756445,0.02147344579012661,2.657255930087031e-05,0.05252252089242955,0.0,0.014722275239418995,0.013122317925332336,0.005013231999528614,0.048498186836024075
0.05,0,1,Ucal,2,2026092202,context_0,1957,6515,0.043163755325034914,0.0012444386244865296,0.07510531006698905,0.019186000256148604,0.020042050194424177,0.015061991560469154,7.032685734206112e-05,0.051356687247209,0.0,0.01467000997266243,0.01145713381105537,0.005272876179479252,0.048522956818994954
0.05,0,1,Ucal,2,2026092202,context_1,91,331,0.030168655055509523,0.011853141551781023,0.06485847480975485,0.07758980974646527,0.03352482878608535,0.0383817220101835,0.00011019740563244563,0.053270949199606635,0.0,0.028717506058895774,0.05790738484998065,0.012616737049353437,0.17209204895685473
0.05,0,1,Ucal,2,2026092202,pooled,2048,6846,0.04157285571815622,0.0019490153712468908,0.0741270941563465,0.01890546706614368,0.020383369924422468,0.016044623656820967,6.575854755889099e-05,0.05126711311781311,0.0,0.014722275239418995,0.010713812696264344,0.005061596057254662,0.047536789078462004
0.05,0,1,Ucal,3,2026092203,context_0,1957,6515,0.045013931188909784,0.004377787225523685,0.07084427058142928,0.01634540506853317,0.021518192739082898,0.03436437999753367,2.3225929399119224e-05,0.051528458945014115,0.0,0.01467000997266243,0.01259607329614914,0.004960816601665519,0.04381013565531333
0.05,0,1,Ucal,3,2026092203,context_1,91,331,0.041776551263642,0.002276484470262758,0.06755431216035046,0.08766700658346309,0.033603699155681004,0.023459078838265562,0.001581553551962744,0.05600463313666674,0.0,0.028717506058895774,0.06426824619631114,0.023017489719205517,0.17896292821907772
0.05,0,1,Ucal,3,2026092203,pooled,2048,6846,0.044385884197646386,0.004083667185365432,0.07069155792325006,0.016731305857080214,0.021673424134884656,0.03385271161376628,2.830678572271982e-05,0.051541278341466275,0.0,0.014722275239418995,0.01266695032517692,0.005703215658867576,0.04463459549153397
0.05,0,1,Ucal,4,2026092204,context_0,1957,6515,0.04399774129549616,0.0033227995218061217,0.07253883124485172,0.018609198821865812,0.022115971563760772,0.023579245992539896,5.5356584315972076e-05,0.05207679520732927,0.0,0.01467000997266243,0.011963474143464829,0.005412406719933669,0.0491141806930167
0.05,0,1,Ucal,4,2026092204,context_1,91,331,0.03159112067049222,0.01734127251301787,0.06683021173029005,0.07987343138268199,0.04501726289056829,0.03656390251297312,0.0004913132091182914,0.07479477077727896,0.0,0.028717506058895774,0.0388682296955969,0.010705114662271484,0.17405774931668538
0.05,0,1,Ucal,4,2026092204,pooled,2048,6846,0.042825537581369866,0.0038096204919697155,0.07184087577536664,0.01908429523064646,0.02262518065441682,0.024221330721452897,6.185420369802478e-05,0.0523213678059468,0.0,0.014722275239418995,0.011839915323592515,0.005404064225092219,0.04680006033816198
0.05,0,1,E,0,2026092200,context_0,1957,6515,0.04696004191833508,0.004266927868522785,0.07560091683770799,0.016353892510384174,0.023466862993074322,0.01827967817663556,9.731730630330686e-05,0.05230985195936357,0.0,0.01467000997266243,0.011207501693328528,0.00562068451214501,0.04649746647864608
0.05,0,1,E,0,2026092200,context_1,91,331,0.05869345897098538,0.0284919474576694,0.08171406966585384,0.08361722584750693,0.031108516277318556,0.01893791719436745,0.003998331397680915,0.05922364303331826,0.0,0.028717506058895774,0.04143262616444402,0.029800095322981335,0.18297696209387943
0.05,0,1,E,0,2026092200,pooled,2048,6846,0.04723656525379044,0.005338217068410126,0.07585190868126375,0.01664938386425756,0.023196339193262028,0.018307321981985494,0.0001307344965962695,0.052194879188773864,0.0,0.014722275239418995,0.010346904718869104,0.006127582656545001,0.04551412982609377
0.05,0,1,E,1,2026092201,context_0,1957,6515,0.04573214768899825,0.0005158868431580849,0.07437995965687674,0.016718099685171836,0.024625854087335863,0.01990549344170528,4.357573053152152e-05,0.05265542652993412,0.0,0.01467000997266243,0.012490754296024711,0.0032536368594995703,0.04821563216896714
0.05,0,1,E,1,2026092201,context_1,91,331,0.054867136735334256,0.0011880307551446019,0.09040252583904852,0.06338362502844272,0.03284021921287125,0.050094611590916965,0.0009964416482099593,0.05823241683548788,0.0,0.028717506058895774,0.031756127812790746,0.023335557307973556,0.17029656190207526
0.05,0,1,E,1,2026092201,pooled,2048,6846,0.04571434924409207,0.0004270349037448016,0.07503696416461722,0.017612446987797965,0.02393659426400918,0.021350216837303287,3.1422702033321204e-05,0.05227763585456273,0.0,0.014722275239418995,0.012935497778371151,0.0024148753961645087,0.048085450207982855
0.05,0,1,E,2,2026092202,context_0,1957,6515,0.043354095155360595,0.001262681356120689,0.07536625940994596,0.01854105773241014,0.02006419417458316,0.015793613791404856,4.514590822414592e-05,0.05138995508541232,0.0,0.01467000997266243,0.010768891348809099,0.004338348998526074,0.04885480670398466
0.05,0,1,E,2,2026092202,context_1,91,331,0.030717906040137903,0.011945118752285022,0.06506968672932163,0.07876813932958096,0.033996082320486856,0.04185469829699687,0.0002855743571459607,0.0534140469860136,0.0,0.028717506058895774,0.054744257873026274,0.014247327445682856,0.17017489046984224
0.05,0,1,E,2,2026092202,pooled,2048,6846,0.04170373351770129,0.0019721029849632463,0.07439050033305454,0.01876067991333646,0.02046797050393645,0.016887226651329842,4.499486888180247e-05,0.05129901558030694,0.0,0.014722275239418995,0.010592180390724033,0.004699655455375986,0.047618821131951754
0.05,0,1,E,3,2026092203,context_0,1957,6515,0.045330690795838624,0.00420160508884792,0.07111311680442244,0.016790863405348848,0.02111960109622102,0.03571260197159662,3.121039067885081e-05,0.05144108145178954,0.0,0.01467000997266243,0.012511176445822307,0.005573007474480363,0.04448318602025518
0.05,0,1,E,3,2026092203,context_1,91,331,0.04001773798505696,0.0020499685499018403,0.06775207608935176,0.08619679774936673,0.03548871329328704,0.030740751224542368,0.0011905943557179942,0.05757969675900847,0.0,0.028717506058895774,0.061105119219356796,0.021179396681908328,0.18067815116954203
0.05,0,1,E,3,2026092203,pooled,2048,6846,0.04468474554174323,0.003924079703612658,0.07095448096178267,0.016997728504406884,0.02133502181682878,0.03548095924893303,3.284250079367318e-05,0.05146456228953729,0.0,0.014722275239418995,0.012464229815942956,0.006160697456317487,0.04505733247946098
0.05,0,1,E,4,2026092204,context_0,1957,6515,0.044250471278769576,0.003179588086452662,0.07276905249109562,0.018596923130777387,0.022359663985124678,0.022585140148144098,4.0476811052307193e-05,0.051995002890137636,0.0,0.01467000997266243,0.012154492056700205,0.004493672204918119,0.04960075765311406
0.05,0,1,E,4,2026092204,context_1,91,331,0.031917855169532966,0.017343257290888786,0.06727803895123702,0.0827280678765875,0.044546009356166774,0.03528392887246459,0.00036324396305888754,0.0736251954108439,0.0,0.028717506058895774,0.04795363152276543,0.008394214594788181,0.1788692375592161
0.05,0,1,E,4,2026092204,pooled,2048,6846,0.04312044758199218,0.0036714768154413064,0.07207845889908959,0.019098170503236478,0.022836682103201722,0.023212301846375294,4.113728090544659e-05,0.05220669537672528,0.0,0.014722275239418995,0.01222508429113694,0.00456616430965045,0.047639646127538404
0.05,0,1,Ecal,0,2026092200,context_0,1957,6515,0.04691759349317165,0.004280867606788178,0.0755707193102467,0.016269164327231987,0.023555438913710314,0.018197462442993112,9.992883747568336e-05,0.05237054039819728,0.0,0.01467000997266243,0.010676896378785671,0.00543674179349873,0.046364097151314294
0.05,0,1,Ecal,0,2026092200,context_1,91,331,0.05869345897098538,0.028289881011731098,0.08179388349844251,0.08275632328935123,0.031108516277318556,0.0178982150760255,0.003799183501629486,0.05882050766461275,0.0,0.028717506058895774,0.03917324975233377,0.029291955099388416,0.18208289465923902
0.05,0,1,Ecal,0,2026092200,pooled,2048,6846,0.04719602115194366,0.005342704408750269,0.07582537763156706,0.01648765801957647,0.023344390207411414,0.018178594367707634,0.0001351677523089808,0.052255393891133366,0.0,0.014722275239418995,0.010002279853171437,0.005970433141674534,0.04542095055778689
0.05,0,1,Ecal,1,2026092201,context_0,1957,6515,0.045798585676091574,0.0005453473910999099,0.07439046856810613,0.016631260598711162,0.024647998067494847,0.019799236112278615,5.093083747085658e-05,0.052659493302456235,0.0,0.01467000997266243,0.012278512170207558,0.003927727663253589,0.048212794562141975
0.05,0,1,Ecal,1,2026092201,context_1,91,331,0.0544152614529122,0.0010523311123252724,0.09010522994699717,0.06325627876270234,0.03284021921287125,0.05046099183929681,0.0010127092637546057,0.058844123415854245,0.0,0.028717506058895774,0.03446737950732309,0.02646261029719603,0.17175278539537864
0.05,0,1,Ecal,1,2026092201,pooled,2048,6846,0.045763210943098376,0.0004616510254736943,0.07502942889682818,0.01740253595830042,0.02393659426400918,0.021273218233322927,3.837745111859737e-05,0.052276196263851916,0.0,0.014722275239418995,0.01283413752375419,0.00319274152715866,0.048057640289448485
0.05,0,1,Ecal,2,2026092202,context_0,1957,6515,0.04324797409245201,0.0012829172895079068,0.07533854380027458,0.018527014677011004,0.02017491407537808,0.015857969835023245,5.042078855262833e-05,0.051400524271234226,0.0,0.01467000997266243,0.010747667136227369,0.005076887468865826,0.04909675813028871
0.05,0,1,Ecal,2,2026092202,context_1,91,331,0.030717906040137903,0.011970990405378806,0.0651088465343693,0.0798213316773263,0.033996082320486856,0.04185469829699687,0.00022804353665308524,0.0534140469860136,0.0,0.028717506058895774,0.05700363428513654,0.012289105381743756,0.17002305299392842
0.05,0,1,Ecal,2,2026092202,pooled,2048,6846,0.04172400556862471,0.001993542033980368,0.07436582886250971,0.018816259910747018,0.0205737212283289,0.016948948155147206,4.859919399685642e-05,0.05130992941113841,0.0,0.014722275239418995,0.010571908339800599,0.0052138271897182896,0.0479458000113291
0.05,0,1,Ecal,3,2026092203,context_0,1957,6515,0.04536538177850841,0.0042353239083576496,0.07111714402144441,0.016903475319971255,0.02111960109622102,0.03590016663391532,2.5293707349683563e-05,0.0514387889474437,0.0,0.01467000997266243,0.012702194359057702,0.005722769070873144,0.04459568592215657
0.05,0,1,Ecal,3,2026092203,context_1,91,331,0.0404510655146778,0.0021722408036226612,0.06779839393375077,0.08361814355518454,0.03548871329328704,0.030740751224542368,0.0012831813509496435,0.05757969675900847,0.0,0.028717506058895774,0.05797054899595305,0.020707616814481994,0.18319858455191662
0.05,0,1,Ecal,3,2026092203,pooled,2048,6846,0.044725289643590016,0.003950964971784801,0.07096052341961159,0.01726042947898667,0.02133502181682878,0.03565971302985767,2.825762295905073e-05,0.05146122889980767,0.0,0.014722275239418995,0.012748038528870447,0.006201591483921247,0.04541470830170855
0.05,0,1,Ecal,4,2026092204,context_0,1957,6515,0.044250471278769576,0.003169758736853636,0.07275616966612819,0.018608356581675815,0.02233752000496564,0.022826200647154113,3.860083370571841e-05,0.05198474970367664,0.0,0.01467000997266243,0.012110491436135297,0.004348935086631301,0.04976545599403314
0.05,0,1,Ecal,4,2026092204,context_1,91,331,0.031917855169532966,0.017446010159651908,0.06731719842969176,0.08242787568731338,0.044546009356166774,0.03528392887246459,0.0005702973339857347,0.0736251954108439,0.0,0.028717506058895774,0.045646358931927644,0.010067608982659052,0.17863469641882965
0.05,0,1,Ecal,4,2026092204,pooled,2048,6846,0.04312044758199218,0.003667162414829607,0.07206795408127006,0.019060289643542623,0.022815531958323254,0.023442715042509846,3.938433227475605e-05,0.05219224388482435,0.0,0.014722275239418995,0.01224119871693907,0.0044232599120758,0.047917647399805724
0.05,0,2,U,0,2026092300,context_0,1958,6515,0.02949786667160542,0.0027280263042286377,0.05817058502942609,0.017295860673495766,0.020849904895829385,0.022577164339461567,3.0389209553266988e-05,0.051318359027113056,0.0,0.02251637809188664,0.012884091651027088,0.011951979710845061,0.05236225034534103
0.05,0,2,U,0,2026092300,context_1,90,331,0.048809758623881226,0.011634230872076387,0.06553142700502768,0.07213724593575846,0.039875840766285836,0.054603364772411594,0.0010077182906899403,0.057730288213839534,0.0,0.03391238670694861,0.04775628815103973,0.03274179803686311,0.17076266432228432
0.05,0,2,U,0,2026092300,pooled,2048,6846,0.029963308425299928,0.003109347940210767,0.05845881200959975,0.016683487927958852,0.020634393358726744,0.02399785843385044,3.7391595600358484e-05,0.05120979980437432,0.0,0.021296401696702435,0.011326057532994087,0.010045202827357708,0.048284369002385495
0.05,0,2,U,1,2026092301,context_0,1958,6515,0.03481907051564315,0.0025571308832308846,0.0646474882021151,0.018806342161427368,0.02184293164134976,0.02324698163535005,6.0541032588631936e-05,0.05146620104726178,0.0,0.02251637809188664,0.011657098363526523,0.007016825616782245,0.0476422261732497
0.05,0,2,U,1,2026092301,context_1,90,331,0.028823111596113494,0.019519115578276403,0.05995507323641669,0.101333640587501,0.04428530463786052,0.048309256287909025,0.0021519678674085537,0.0588242836398538,0.0,0.03391238670694861,0.07182121900064631,0.04333723706061551,0.17347053940635315
0.05,0,2,U,1,2026092301,pooled,2048,6846,0.0336857648796729,0.0033395169471212988,0.06432582681561202,0.017076010795782498,0.02181602738978683,0.024342613706617944,4.8299379939810644e-05,0.051322912837194624,0.0,0.021296401696702435,0.01003123329234317,0.0078031370986306565,0.04610591113870696
0.05,0,2,U,2,2026092302,context_0,1958,6515,0.03382316342307129,0.006817132527996004,0.062428846895301066,0.017333734576374733,0.023816695633707308,0.019725922123450187,4.122335000431493e-05,0.05181282521896893,0.0,0.02251637809188664,0.011598332396991273,0.013399412741396678,0.046910372842109256
0.05,0,2,U,2,2026092302,context_1,90,331,0.03834744604762537,0.019646613345277744,0.07166443868675502,0.08368295344021545,0.030057048853740623,0.009284700065487358,0.0010159836744246375,0.05218651664718439,0.0,0.03391238670694861,0.05939114560205258,0.037493080923045256,0.16896721377919138
0.05,0,2,U,2,2026092302,pooled,2048,6846,0.03353695242440208,0.007420798614500598,0.06271606727208567,0.015468463299520945,0.023657433125567673,0.01845003786226973,5.461170471231908e-05,0.0516558234633201,0.0,0.021296401696702435,0.0066998012044568525,0.014385597536673145,0.04693788903349388
0.05,0,2,U,3,2026092303,context_0,1958,6515,0.033730490918913225,0.007544309874189113,0.06434595153302664,0.017138379411506144,0.02073956859077164,0.02596051811919642,1.0020788957179768e-06,0.05126596735641861,0.0,0.02251637809188664,0.008942613751279731,0.008984196251380845,0.04657116217892716
0.05,0,2,U,3,2026092303,context_1,90,331,0.039011743705667026,0.007100123494464828,0.06465587832853706,0.08208476194726835,0.053904375254682384,0.08686127855734882,0.0003808926213426214,0.07709497535301314,0.0,0.03391238670694861,0.05178609869621333,0.01084890759330201,0.1754552832279368
0.05,0,2,U,3,2026092303,pooled,2048,6846,0.03385743304962813,0.00695049324321057,0.06433767289307488,0.01655359375029291,0.020486689104844302,0.028784165332828224,1.4308903516480314e-06,0.05135843404254907,0.0,0.021296401696702435,0.008325384918088558,0.008835060642017506,0.04604032782387019
0.05,0,2,U,4,2026092304,context_0,1958,6515,0.032455593235501845,0.0027855511425189457,0.061872833212171734,0.02680351400657623,0.02300348894501686,0.022267178663496368,6.553079239971855e-05,0.052218447694259956,0.0,0.02251637809188664,0.020944938694819157,0.01086455608621814,0.050721321127880525
0.05,0,2,U,4,2026092304,context_1,90,331,0.02795793004895974,0.005552793832579386,0.06270939485705204,0.08004700931075819,0.02923074601186254,0.013534472255939817,0.0016308971264043814,0.05303796444067701,0.0,0.03391238670694861,0.053988195168317855,0.04152203935294002,0.16581324520356228
0.05,0,2,U,4,2026092304,pooled,2048,6846,0.03165057939859117,0.0028759408564623112,0.061774777221061915,0.024261306384028656,0.022421870325279758,0.021875821037959875,7.619929364529611e-05,0.05206054813920231,0.0,0.021296401696702435,0.01916456766290318,0.01227550155145799,0.049661732751845954
0.05,0,2,Ucal,0,2026092300,context_0,1958,6515,0.029476713394962828,0.002721499694941238,0.05819825428442032,0.01737395977135932,0.020871972156841,0.022740417935644325,4.396778529789841e-05,0.05132182455553322,0.0,0.02251637809188664,0.012799478544456932,0.005743735456512394,0.0516672306060751
0.05,0,2,Ucal,0,2026092300,context_1,90,331,0.048809758623881226,0.011574860239846111,0.06560144397024749,0.07248956493863229,0.04035753633468661,0.05511710997264324,0.0011894588400994158,0.05796978746640094,0.0,0.03391238670694861,0.048217968668121905,0.03760060131332383,0.1734281506055273
0.05,0,2,Ucal,0,2026092300,pooled,2048,6846,0.030031588162900524,0.00310034736426625,0.05848891661116033,0.01669311549763736,0.0206554939664243,0.024177954734918183,5.7134941545343453e-05,0.05121244822611526,0.0,0.021296401696702435,0.011447416756295093,0.004935993203270387,0.04761668365636612
0.05,0,2,Ucal,1,2026092301,context_0,1958,6515,0.03479791723900055,0.0025295583552937652,0.06465114111312208,0.01859763692505399,0.02184293164134976,0.023085565549742587,5.3967936171062526e-05,0.05146451969928408,0.0,0.02251637809188664,0.011593638533598852,0.004856034972415789,0.04777539224884304
0.05,0,2,Ucal,1,2026092301,context_1,90,331,0.028823111596113494,0.01958191593699362,0.06002549759625776,0.1010190660827208,0.043803609069459744,0.04769351983893977,0.0023679526487847807,0.058595056823621386,0.0,0.03391238670694861,0.07182121900064631,0.03932843936787212,0.17301638502289707
0.05,0,2,Ucal,1,2026092301,pooled,2048,6846,0.03366553834245606,0.0033167882255941963,0.06433272044819345,0.016897566497735807,0.02181602738978683,0.02416129678181074,4.168853453597127e-05,0.05132002364225616,0.0,0.021296401696702435,0.010011006755126308,0.004253005873249363,0.04551431662289874
0.05,0,2,Ucal,2,2026092302,context_0,1958,6515,0.03386546997635642,0.00683420112542621,0.06246109258429558,0.016891203994599868,0.023772561111684187,0.019753331424485238,4.386685074372047e-05,0.05179599914463978,0.0,0.02251637809188664,0.010963734097714742,0.008442791272601856,0.045725060234733494
0.05,0,2,Ucal,2,2026092302,context_1,90,331,0.03834744604762537,0.019674904276817888,0.0716616255394254,0.08363495887579245,0.030057048853740623,0.009284700065487358,0.000984861430337719,0.05218651664718439,0.0,0.03391238670694861,0.060314506636216944,0.03649255560899185,0.1691596377909251
0.05,0,2,Ucal,2,2026092302,pooled,2048,6846,0.033577405498835755,0.0074383380898047175,0.06274370811671899,0.01532484393735143,0.023615231910172674,0.018476357340788827,5.784499197278585e-05,0.05164157694360323,0.0,0.021296401696702435,0.006693921819884087,0.009601903150527141,0.045482845296980316
0.05,0,2,Ucal,3,2026092303,context_0,1958,6515,0.033730490918913225,0.007541117300579572,0.06438070137708575,0.016319833023542722,0.020761635851783145,0.026090232206319036,5.047496478244781e-06,0.05125700512889588,0.0,0.02251637809188664,0.008583008048356341,0.0024269802643696915,0.045678792120684535
0.05,0,2,Ucal,3,2026092303,context_1,90,331,0.038808837689399654,0.007113947687617517,0.0647429381657388,0.07976586646812989,0.05342267968628161,0.08395298106759808,0.00038163875501094017,0.07733874484257557,0.0,0.03391238670694861,0.051826310139072705,0.011065180772513958,0.17321011084626464
0.05,0,2,Ucal,3,2026092303,pooled,2048,6846,0.03385743304962813,0.006946993240673324,0.06437522253993734,0.01611599385967803,0.020486689104844302,0.028795344509898527,1.4138502536373076e-06,0.05133966274892337,0.0,0.021296401696702435,0.007920601645526649,0.002457761945408559,0.04512633610926725
0.05,0,2,Ucal,4,2026092304,context_0,1958,6515,0.03249789978878703,0.002865223912164749,0.06190232654107106,0.026082853221667226,0.02306969072805154,0.022447900669255477,5.245535242956234e-05,0.05223903975351786,0.0,0.02251637809188664,0.02033149367218517,0.006351474309210668,0.0505312144085091
0.05,0,2,Ucal,4,2026092304,context_1,90,331,0.02795793004895974,0.0059190590546575345,0.0626238217264044,0.08163469376961421,0.02923074601186254,0.016557484539150638,0.0017238836847020453,0.05267377377566357,0.0,0.03391238670694861,0.056836043503697,0.03964947552763207,0.16707411744458953
0.05,0,2,Ucal,4,2026092304,pooled,2048,6846,0.03169103247302485,0.0029676227522400615,0.0618022673669979,0.023493061414526818,0.022485172148372257,0.02218012689974244,5.9923103027466904e-05,0.052064206631522704,0.0,0.021296401696702435,0.018362788205817243,0.0077346047312952275,0.04878139269455058
0.05,0,2,E,0,2026092300,context_0,1958,6515,0.029509329811144125,0.0028856003866228894,0.058144554119586335,0.017828719538231053,0.020805770373806265,0.022549731529782888,1.5348029468034068e-05,0.05130155885910744,0.0,0.02251637809188664,0.013296622411501594,0.010813470049589467,0.05253099507991372
0.05,0,2,E,0,2026092300,context_1,90,331,0.049459612516528,0.01158139491714202,0.06547647210355007,0.07200059064665093,0.04083923190308738,0.059253234783666536,0.0016901957341837123,0.05842382739443163,0.0,0.03391238670694861,0.04871986062806342,0.03342582636664342,0.17296044087679072
0.05,0,2,E,0,2026092300,pooled,2048,6846,0.030073955596008728,0.003258085563188777,0.05843880074800138,0.017138172710446143,0.020592192143331745,0.024172103771000125,2.5292004844006084e-05,0.05119574999565339,0.0,0.021296401696702435,0.012054212872799943,0.008917942816302907,0.04816054657165119
0.05,0,2,E,1,2026092301,context_0,1958,6515,0.03438184779003506,0.0024803851080461383,0.0646197510981216,0.017781318731731163,0.02166639355325728,0.02081222744718371,3.3252527629774994e-05,0.051480677017743955,0.0,0.02251637809188664,0.010574151565453764,0.00657827383113525,0.04738036637314668
0.05,0,2,E,1,2026092301,context_1,90,331,0.029496191063515247,0.019011439336228543,0.0601659979888615,0.09996297930819462,0.04476700020626129,0.04639329760904204,0.002487106558134943,0.05878952826634539,0.0,0.03391238670694861,0.07412962158605718,0.03873275891567478,0.16952183109861446
0.05,0,2,E,1,2026092301,pooled,2048,6846,0.03342241146318514,0.0032446178879139437,0.06430125229796922,0.016609450403061735,0.02162612192050939,0.021929849047778033,2.5950066400908054e-05,0.05132383329421016,0.0,0.021296401696702435,0.009025820940791022,0.007932063631154408,0.04618465502444932
0.05,0,2,E,2,2026092302,context_0,1958,6515,0.03352788494741532,0.007110320399481887,0.06230301737077564,0.017034871006146656,0.023551888501568585,0.017601424485020153,3.161650771912552e-05,0.051798711428399744,0.0,0.02251637809188664,0.010873314225260923,0.014135843390427161,0.0467706803334367
0.05,0,2,E,2,2026092302,context_1,90,331,0.03765246983188497,0.019821791818299822,0.07128149497452517,0.08220394866812361,0.031020439990542166,0.013019611294411843,0.0014698450079027921,0.05157016882004501,0.0,0.03391238670694861,0.05846778456788818,0.04094503223169521,0.1664324996695287
0.05,0,2,E,2,2026092302,pooled,2048,6846,0.03322889473357604,0.007707468187975866,0.06258797885961845,0.015391599861857584,0.023446427048592677,0.016262974784788803,4.3142327868255143e-05,0.05166177031329223,0.0,0.021296401696702435,0.00707822602700384,0.015037792019755178,0.04585041718369029
0.05,0,2,E,3,2026092303,context_0,1958,6515,0.03366863500177969,0.0076836413139996776,0.06423154916139197,0.01708493808780318,0.020518895980656038,0.027644913957228956,2.3004017081500472e-05,0.05130790554904845,0.0,0.02251637809188664,0.008963767027922247,0.007851392405451582,0.046665765839000076
0.05,0,2,E,3,2026092303,context_1,90,331,0.03973219872356401,0.007272550956884512,0.06468647220635591,0.07798708382273288,0.05101420184427776,0.08217514915888263,0.000917597687112724,0.07454302802405391,0.0,0.03391238670694861,0.055017862315788583,0.020399784357248187,0.16800140903715327
0.05,0,2,E,3,2026092303,pooled,2048,6846,0.03375023192172494,0.007076639599790172,0.06422265990082857,0.016783472761874144,0.02025458242017175,0.030178890236340336,2.434127816070152e-05,0.051426665242995336,0.0,0.021296401696702435,0.008547624299248355,0.008040999706728013,0.04638383858052546
0.05,0,2,E,4,2026092304,context_0,1958,6515,0.032372657205512745,0.002631222962683231,0.06185200254480828,0.025836884624155045,0.02326829607715561,0.023134844340139932,3.542685826971823e-05,0.052245721754439894,0.0,0.02251637809188664,0.019980568446106982,0.008865889378028582,0.05078502536304308
0.05,0,2,E,4,2026092304,context_1,90,331,0.028273901860738297,0.0048671938561168394,0.06293570653760167,0.08874243635214094,0.03019413714866408,0.008161519771946513,0.0008694300340902016,0.053859683116819386,0.0,0.03391238670694861,0.06364327458418426,0.047277834752705736,0.17224176573667715
0.05,0,2,E,4,2026092304,pooled,2048,6846,0.03156520107221639,0.0026991977334340214,0.06175928877811459,0.023734579068849113,0.022738379440742307,0.022482316469206995,4.4826358660639797e-05,0.052126335989474006,0.0,0.021296401696702435,0.018739810381349815,0.010639823971676761,0.04991949795866459
0.05,0,2,Ecal,0,2026092300,context_0,1958,6515,0.0294769239440828,0.002876264555578941,0.05815982439447199,0.017943543889392503,0.020761635851783145,0.02312537253320339,1.4982792504326188e-05,0.05129553380820898,0.0,0.02251637809188664,0.013412923567090899,0.00622200988541921,0.05226123855026299
0.05,0,2,Ecal,0,2026092300,context_1,90,331,0.049459612516528,0.011637963809504066,0.06545649942007907,0.07148107864967296,0.04035753633468661,0.05840269411884791,0.0019153382042920593,0.05802709714727049,0.0,0.03391238670694861,0.048258180110981236,0.03772281909077605,0.17317607359615023
0.05,0,2,Ecal,0,2026092300,pooled,2048,6846,0.03005372905879189,0.003251570611268701,0.05845178677969649,0.01727709198222085,0.020549990927936745,0.0246843137354697,2.6788329267438905e-05,0.05119330879012747,0.0,0.021296401696702435,0.012013759798366276,0.004525357374280433,0.047692463790243014
0.05,0,2,Ecal,1,2026092301,context_0,1958,6515,0.03438184779003506,0.002400589996393017,0.06461123000761104,0.01782023697619018,0.02175466259730352,0.020828072585874866,4.955057574006406e-05,0.05147198622338122,0.0,0.02251637809188664,0.010658764672023925,0.004463348577170136,0.04783589383155895
0.05,0,2,Ecal,1,2026092301,context_1,90,331,0.029496191063515247,0.01936541238623466,0.060320982661834985,0.10202620178754396,0.04476700020626129,0.04717517912227309,0.0029406495895870437,0.058900755413536836,0.0,0.03391238670694861,0.07499844296209046,0.03980578088749253,0.17409638760000357
0.05,0,2,Ecal,1,2026092301,pooled,2048,6846,0.03340615204702507,0.003183761246045828,0.06430029734247701,0.01663314444348788,0.021710524351299387,0.021978091174030906,3.615118697411707e-05,0.051319172225627284,0.0,0.021296401696702435,0.0091665437424832,0.004193308482753542,0.04593758559203535
0.05,0,2,Ecal,2,2026092302,context_0,1958,6515,0.03357019150070045,0.007098797323151708,0.06233175441603445,0.017083718376915386,0.023573955762580145,0.017697554211590652,2.8009084748348864e-05,0.05179057882972115,0.0,0.02251637809188664,0.010799319622956688,0.009779162809519916,0.046184602724645925
0.05,0,2,Ecal,2,2026092302,context_1,90,331,0.037296806552801265,0.01985219664962233,0.07120464534307083,0.08025860676098767,0.031020439990542166,0.01279499985254584,0.0013992191338920664,0.051595696720101676,0.0,0.03391238670694861,0.05477434043123076,0.03843621317566387,0.1676453021168937
0.05,0,2,Ecal,2,2026092302,pooled,2048,6846,0.033269347808009664,0.007697809767601683,0.06260766024989493,0.015023206932980883,0.023446427048592677,0.016364528030775316,4.005422287058839e-05,0.0516540149841209,0.0,0.021296401696702435,0.006234590848469787,0.010721929408825279,0.04490307085852254
0.05,0,2,Ecal,3,2026092303,context_0,1958,6515,0.03366863500177969,0.007638111459944486,0.06423339785319788,0.017188453248659766,0.020496828719644422,0.027578883229748413,1.9508542319750736e-05,0.05133944777000018,0.0,0.02251637809188664,0.008949018834353646,0.004305642860742549,0.04688639873585737
0.05,0,2,Ecal,3,2026092303,context_1,90,331,0.03973219872356401,0.00724725625709657,0.06473014915244907,0.07903388090571783,0.05101420184427776,0.08217514915888263,0.0005087929293691872,0.07454302802405391,0.0,0.03391238670694861,0.05539461349234883,0.016320341778137258,0.16846361009393712
0.05,0,2,Ecal,3,2026092303,pooled,2048,6846,0.03375023192172494,0.007034140447733146,0.06422622411227284,0.016840757385362084,0.020243230131961498,0.03011379106330596,1.9309310649474095e-05,0.051474576091919036,0.0,0.021296401696702435,0.0081524283488812,0.004519097175135106,0.04605974895469192
0.05,0,2,Ecal,4,2026092304,context_0,1958,6515,0.03235715298614661,0.0026485673226807256,0.06186541890102159,0.025978434027329366,0.02329036333816717,0.023482052483994723,3.2750996931207464e-05,0.05226382454055071,0.0,0.02251637809188664,0.02006518155267718,0.00453100265297255,0.050391152123856114
0.05,0,2,Ecal,4,2026092304,context_1,90,331,0.028273901860738297,0.004986830445635014,0.06285793706963876,0.08556505294908628,0.03019413714866408,0.008161519771946513,0.0008477315092860131,0.053859683116819386,0.0,0.03391238670694861,0.06087319148169114,0.04320059629263136,0.17236259021181594
0.05,0,2,Ecal,4,2026092304,pooled,2048,6846,0.03156520107221639,0.002720792270560073,0.06177160902004406,0.0239814121786803,0.022780580656137306,0.022814247379263672,4.077564987942106e-05,0.05214361753999808,0.0,0.021296401696702435,0.018901622679084427,0.006323289008228846,0.04895378824069652
0.05,0,3,U,0,2026092400,context_0,1939,6515,0.03800143005572565,0.003198066060731355,0.06753867422651225,0.01836063281783876,0.02261570618992159,0.022654685424850177,4.662298450205878e-06,0.05266844385175449,0.0,0.010450840029970097,0.008657918511987404,0.003675865025000331,0.047119039553795906
0.05,0,3,U,0,2026092400,context_1,109,331,0.044260474003403084,0.02052172265016164,0.06867434238465885,0.07188733615986118,0.028550319744326404,0.043654967227846786,0.0005618064776693838,0.05218527902157998,0.0,0.07050846752958784,0.053065015306398816,0.012402891115454822,0.16476463441051717
0.05,0,3,U,0,2026092400,pooled,2048,6846,0.03765760079640035,0.00411767875654081,0.0675595068744184,0.0162389896195257,0.0227288293420157,0.023765134704632596,7.157617766936631e-06,0.05234034338992098,0.0,0.008043213960478746,0.007196896972855868,0.0032648229699900845,0.04506637723707222
0.05,0,3,U,1,2026092401,context_0,1939,6515,0.03807483257548816,0.009293545026732557,0.06946311414856939,0.02447892721064266,0.02377003046248566,0.01746365718311102,2.304583102395155e-06,0.05187215572443085,0.0,0.010450840029970097,0.01973589148710656,0.0009967924331423128,0.05072534601114856
0.05,0,3,U,1,2026092401,context_1,109,331,0.04016412120351814,0.008726396959056864,0.07580769779178886,0.06707626976967514,0.03708693978732458,0.025897744212350873,0.000964601297566705,0.052787381403645084,0.0,0.07050846752958784,0.04040501721152717,0.02337668184909564,0.1600727789640024
0.05,0,3,U,1,2026092401,pooled,2048,6846,0.03778491224139735,0.009220506964197643,0.06973180123693758,0.01983908053139357,0.024308945655903802,0.01790249195745927,1.1848554558893014e-05,0.05180153679725736,0.0,0.008043213960478746,0.014155292112920404,0.0020528820836003534,0.04623372118950288
0.05,0,3,U,2,2026092402,context_0,1939,6515,0.03603770191406802,0.0016518639935146754,0.06599032072881647,0.01981071873849847,0.02142070843963062,0.02003680176966169,2.168183141787965e-05,0.05132032920207887,0.0,0.010450840029970097,0.015717612365113733,0.010266158286779742,0.05010415709711282
0.05,0,3,U,2,2026092402,context_1,109,331,0.03696411261176286,0.008703990036248582,0.07083842169965111,0.08029268398037998,0.06195717853178605,0.017576959889864893,9.758856012064172e-05,0.09404977693347404,0.0,0.07050846752958784,0.06054511885572761,0.018131932656886528,0.1576009220630602
0.05,0,3,U,2,2026092402,pooled,2048,6846,0.03538877951682251,0.002013314166080243,0.06606184329077887,0.02095657397778463,0.020085883756139983,0.020118614537672053,2.3067480494809076e-05,0.05123025604297807,0.0,0.008043213960478746,0.016526366958872767,0.00876893901565095,0.04650439376320268
0.05,0,3,U,3,2026092403,context_0,1939,6515,0.037593463208622224,0.0018670831431280848,0.06699920761751044,0.018855618997435382,0.020201832431183897,0.019439776837870903,4.651888213346643e-05,0.051265614606103294,0.0,0.010450840029970097,0.013919091783879322,0.008767555337737829,0.05102108294958845
0.05,0,3,U,3,2026092403,context_1,109,331,0.030375123506482107,0.007236808655820085,0.0578879666389055,0.09799628589146415,0.04331019921945215,0.0024125629828642,0.0005135485603955014,0.06324440315441308,0.0,0.07050846752958784,0.07411771078283967,0.015416575989727042,0.16756576999085676
0.05,0,3,U,3,2026092403,pooled,2048,6846,0.03684978132498112,0.0014106771686846092,0.06644638587936678,0.018551935500107298,0.020339601143183228,0.01868378941520435,5.7061055747088764e-05,0.051265880496816456,0.0,0.008043213960478746,0.013966662140010175,0.00789859060586445,0.04951194690495565
0.05,0,3,U,4,2026092404,context_0,1939,6515,0.03783164091016339,0.0006464613086146453,0.06887609489069192,0.0206610525226518,0.023495155149905966,0.02682732324711745,3.389142399907438e-05,0.05282067368872979,0.0,0.010450840029970097,0.01758677958703228,0.0037873495787622115,0.0482906495241227
0.05,0,3,U,4,2026092404,context_1,109,331,0.04164096922470615,0.004379959407971659,0.07432292029393198,0.07802471799111271,0.036933338614167054,0.051901466887471076,0.0004312319160823825,0.05265451151245696,0.0,0.07050846752958784,0.05776685338169624,0.018930754485173378,0.1728045223889179
0.05,0,3,U,4,2026092404,pooled,2048,6846,0.037434868014234735,0.0003263868611618167,0.0690407785500933,0.019224898527839273,0.02318629574179154,0.028186449363264185,3.972669534405677e-05,0.05261670983479698,0.0,0.008043213960478746,0.015195458018624656,0.0038580481202217377,0.046546146205280275
0.05,0,3,Ucal,0,2026092400,context_0,1939,6515,0.038056394724576115,0.003097612639457897,0.06755043553572922,0.018588417378243426,0.022593220131277958,0.02355774596910147,7.483743102588655e-06,0.05264642617513287,0.0,0.010450840029970097,0.009496995987332665,0.006099609922766604,0.04731587330616958
0.05,0,3,Ucal,0,2026092400,context_1,109,331,0.04474889661316742,0.020758987851674314,0.06865569371809503,0.07054073424291711,0.028550319744326404,0.04327539418047144,0.0005582051660826702,0.052200861343942,0.0,0.07050846752958784,0.05119934366460777,0.012418723568114028,0.16532854057776242
0.05,0,3,Ucal,0,2026092400,pooled,2048,6846,0.03782055601033285,0.0040350599450783885,0.06757204606076667,0.01623070032267666,0.022707572194299863,0.024601957240176386,1.1226314616528092e-05,0.05232071103290948,0.0,0.008043213960478746,0.008299110616148752,0.006088756892890648,0.04562148223554219
0.05,0,3,Ucal,1,2026092401,context_0,1939,6515,0.03811792580769602,0.009270957617997757,0.06947643976494085,0.0260149341136718,0.024084835283496586,0.017176714774207083,9.326183374266277e-06,0.05190653329920468,0.0,0.010450840029970097,0.021136421533862734,0.010695945120071677,0.05042485351473639
0.05,0,3,Ucal,1,2026092401,context_1,109,331,0.04016412120351814,0.008718043706130857,0.07571625589550765,0.06735621252378644,0.0382538009308485,0.02605198693183905,0.0012196479940167653,0.05321567545691498,0.0,0.07050846752958784,0.04040501721152715,0.025360379397264286,0.15983738860946375
0.05,0,3,Ucal,1,2026092401,pooled,2048,6846,0.03782565290669243,0.009199153157106453,0.06974150240568748,0.020033865576803887,0.024670317167074407,0.01763965856333953,1.905114600535946e-05,0.05185284064747575,0.0,0.008043213960478746,0.014287940628016827,0.011392186174807983,0.046600932634310505
0.05,0,3,Ucal,2,2026092402,context_0,1939,6515,0.03595532902101645,0.0017050097428442425,0.06596559288665474,0.020426040894814042,0.021645569026067013,0.01969820635915058,3.782515171805023e-05,0.051328780310042635,0.0,0.010450840029970097,0.016159135410837664,0.004077694764561796,0.048957213669800055
0.05,0,3,Ucal,2,2026092402,context_1,109,331,0.036481853652523266,0.008993142740692468,0.07097698140057321,0.08065681963478653,0.06195717853178605,0.01761276048487806,7.42251874866701e-05,0.09407347167611932,0.0,0.07050846752958784,0.06091825318408582,0.018625904843290172,0.15828685023967085
0.05,0,3,Ucal,2,2026092402,pooled,2048,6846,0.03532103873069198,0.002079721599810412,0.06604448563462752,0.02105288263977243,0.02029845523329918,0.019801924387945757,3.8480786694729946e-05,0.051235813846007845,0.0,0.008043213960478746,0.016436703461301418,0.0035190095795677415,0.04622386781552217
0.05,0,3,Ucal,3,2026092403,context_0,1939,6515,0.037701196289141925,0.0018460086701488927,0.0669939947338607,0.018746575521824915,0.020089402137965617,0.020358790909001515,6.032054876784729e-05,0.05126087822784658,0.0,0.010450840029970097,0.013662926275077527,0.00562486578633017,0.05001151377470852
0.05,0,3,Ucal,3,2026092403,context_1,109,331,0.030375123506482107,0.007287216109511063,0.057887624346851796,0.09842735238825615,0.04331019921945215,0.0024125629828642,0.0005277941759934545,0.06324440315441308,0.0,0.07050846752958784,0.07449084511119786,0.015847642486519032,0.16776290877545882
0.05,0,3,Ucal,3,2026092403,pooled,2048,6846,0.03695163298821874,0.0013880421026287212,0.06644123679447055,0.01885499452815642,0.020233315404603602,0.01956076534039626,7.274153475019885e-05,0.051248488849890854,0.0,0.008043213960478746,0.014475920456198482,0.006225558230292989,0.04906834466357073
0.05,0,3,Ucal,4,2026092404,context_0,1939,6515,0.03785318752626732,0.000663343138818889,0.06884552198958485,0.020699469168242144,0.023607585443124135,0.02708831264429576,4.947273807553667e-05,0.0528782500588242,0.0,0.010450840029970097,0.018056030483175202,0.00912956743568917,0.04738266895226802
0.05,0,3,Ucal,4,2026092404,context_1,109,331,0.04164096922470615,0.0044339092727858475,0.0743592315377926,0.07796277033960669,0.036933338614167054,0.051901466887471076,0.0003804735599957235,0.05265451151245696,0.0,0.07050846752958784,0.05739371905333801,0.017773448990511382,0.17255423033655984
0.05,0,3,Ucal,4,2026092404,pooled,2048,6846,0.03745523834688225,0.0003393433568797394,0.06901373165316996,0.018991110301046575,0.02333509577580295,0.02843337469677347,5.3676389888564473e-05,0.052671197575279695,0.0,0.008043213960478746,0.014854211101107382,0.009603307396899715,0.045105700106232875
0.05,0,3,E,0,2026092400,context_0,1939,6515,0.03820280920183994,0.003213390332855992,0.06754420354030614,0.018674153189787112,0.02266067830720886,0.022575390317013444,1.2835352930807837e-07,0.0527398318056317,0.0,0.010450840029970097,0.008291626038220425,0.007491097593604993,0.047984965822517295
0.05,0,3,E,0,2026092400,context_1,109,331,0.04426434963214213,0.020495438662846636,0.06856707013301498,0.07180780781549458,0.028939273458834378,0.0485106952955085,0.0009105408065978615,0.052171160313347065,0.0,0.07050846752958784,0.05493068694818988,0.018213050672674327,0.16603413136727402
0.05,0,3,E,0,2026092400,pooled,2048,6846,0.03790354329853862,0.0041304483239706525,0.06756223616026165,0.016527578682344307,0.022686315046583916,0.023943871194327115,1.4471206197473867e-06,0.05238664315956983,0.0,0.008043213960478746,0.0074846819605937105,0.007390391283537918,0.04516635432600247
0.05,0,3,E,1,2026092401,context_0,1939,6515,0.03816870483597529,0.009409475663059942,0.069393003146241,0.02493492063982775,0.02354516987604921,0.016387766662638692,7.101658375315825e-06,0.05180511978939412,0.0,0.010450840029970097,0.020727035827887832,0.002479141919288104,0.05061137146105375
0.05,0,3,E,1,2026092401,context_1,109,331,0.03966654650661098,0.008874117674628,0.07535657486331022,0.07353992304590631,0.03553112492929268,0.026451982586042783,0.0005246148038264772,0.05242423621117623,0.0,0.07050846752958784,0.04501393358573174,0.01952090347392256,0.15981466511141992
0.05,0,3,E,1,2026092401,pooled,2048,6846,0.03786342807793375,0.009338064749517297,0.06964116985534094,0.019389148753089204,0.02399008844016498,0.016919838519436806,9.524252159734566e-06,0.0517052728320568,0.0,0.008043213960478746,0.014732827789439528,0.00217059829897108,0.04551646422038461
0.05,0,3,E,2,2026092402,context_0,1939,6515,0.03613405762610583,0.0018349577004482536,0.0660026906366584,0.019275197722222324,0.021600596908779746,0.019086444073058817,2.7428743543744393e-05,0.05129587803323694,0.0,0.010450840029970097,0.015308226659138814,0.012529432893355097,0.05042999209474769
0.05,0,3,E,2,2026092402,context_1,109,331,0.03635900089092767,0.009132524055511286,0.07117214002494571,0.08249723815887294,0.061568224817278076,0.019894059506616463,4.657887101585452e-05,0.0944180896124828,0.0,0.07050846752958784,0.06539586512438436,0.01659954631015599,0.1585074533270773
0.05,0,3,E,2,2026092402,pooled,2048,6846,0.0355247300174501,0.0022108590375112414,0.06609565526080258,0.02117583619467549,0.02023468379015142,0.019358363521048846,2.7946659053553098e-05,0.05127423183150703,0.0,0.008043213960478746,0.016558925457186575,0.011088223384673447,0.047662568432894015
0.05,0,3,E,3,2026092403,context_0,1939,6515,0.037667037134154424,0.001752443919560847,0.06700615634469756,0.018795907172100314,0.02004443002067835,0.01867390107453512,4.543778116818537e-05,0.051260731587535545,0.0,0.010450840029970097,0.013167266883715549,0.008730687645948655,0.05152398937843208
0.05,0,3,E,3,2026092403,context_1,109,331,0.030161450288290745,0.007367424339113659,0.058097263450175504,0.09912407983636036,0.0456439215065,0.0018030501472237753,0.0008921966157656204,0.06397045788724826,0.0,0.07050846752958784,0.07485412693758092,0.02602987635140012,0.17105676568771724
0.05,0,3,E,3,2026092403,pooled,2048,6846,0.03696571920909475,0.0012953086297539317,0.06646168877193968,0.018822445629710888,0.02016954396145587,0.01774142064009432,6.36808142336449e-05,0.05125231427898083,0.0,0.008043213960478746,0.013803699478829956,0.0074155692243182214,0.04931434117594788
0.05,0,3,E,4,2026092404,context_0,1939,6515,0.03772098744518898,0.000766883760711155,0.0688265186295874,0.01964410257638073,0.023967362381422386,0.026794797178843338,2.8497874489789496e-05,0.05308141341526755,0.0,0.010450840029970097,0.016401715701315534,0.0048606142329808665,0.04796975731435247
0.05,0,3,E,4,2026092404,context_1,109,331,0.04164096922470615,0.004444742500598042,0.0741675360855731,0.07348956793580708,0.03654438489965908,0.05616893256794234,0.0001565878944155461,0.05253685746683682,0.0,0.07050846752958784,0.054035510098114144,0.01916675811373093,0.1722038010414637
0.05,0,3,E,4,2026092404,pooled,2048,6846,0.03733074680224552,0.00043649193438191706,0.06898803977448995,0.01854550537485218,0.023646430385255268,0.028366587630937926,2.7140349223756183e-05,0.05289355126353995,0.0,0.008043213960478746,0.014507915446099303,0.004549133074145256,0.046461955119565926
0.05,0,3,Ecal,0,2026092400,context_0,1939,6515,0.03809618004624127,0.003202904592094543,0.06748757686304997,0.018861821758811056,0.022638192248565225,0.02318662633177608,1.3655877853145648e-05,0.052732030540594124,0.0,0.010450840029970097,0.008870036602195035,0.004961223352647669,0.04675951628483086
0.05,0,3,Ecal,0,2026092400,context_1,109,331,0.04462903228818989,0.02041901095529923,0.06860437426951173,0.07180780781549458,0.028939273458834378,0.0485106952955085,0.0009105408065978615,0.052171160313347065,0.0,0.07050846752958784,0.05493068694818987,0.018213050672674327,0.16605170517727608
0.05,0,3,Ecal,0,2026092400,pooled,2048,6846,0.03780169163530095,0.004116422239114936,0.06751135906397314,0.01678068993274646,0.02266505789886797,0.024523333967010535,1.0797873823497554e-05,0.05237821618696644,0.0,0.008043213960478746,0.007941014921202978,0.004383100610089844,0.0450063993410993
0.05,0,3,Ecal,1,2026092401,context_0,1939,6515,0.0380469588507546,0.009383647718236356,0.0694252260444874,0.025579491059195582,0.02399489104892205,0.01650997806841706,4.5683839419233805e-06,0.05190124989478726,0.0,0.010450840029970097,0.020899408756719345,0.010064727809158493,0.05010844292780536
0.05,0,3,Ecal,1,2026092401,context_1,109,331,0.03966654650661098,0.008913036013930186,0.07551350219864834,0.071826796075956,0.03553112492929268,0.026451982586042783,0.0008181142387517781,0.05242423621117623,0.0,0.07050846752958784,0.04202885895886604,0.017917219339234642,0.16215176208384366
0.05,0,3,Ecal,1,2026092401,pooled,2048,6846,0.03775859143367738,0.00931620640341046,0.06968057433361012,0.019320236383878607,0.024415231394483372,0.0170356003359938,1.1803262079863137e-05,0.05179724875756028,0.0,0.008043213960478746,0.014188412381956103,0.010397198508538581,0.04635416973419066
0.05,0,3,Ecal,2,2026092402,context_0,1939,6515,0.036037162303311554,0.0018402467815766112,0.06601950798510299,0.01963289447871263,0.02169054114335431,0.019646610202064443,3.628797678686494e-05,0.05130951386707803,0.0,0.010450840029970097,0.015517287737104335,0.004422395257105126,0.048487954053223876
0.05,0,3,Ecal,2,2026092402,context_1,109,331,0.03635900089092767,0.009062308683255934,0.0711233601182528,0.0828691169512092,0.061568224817278076,0.019894059506616463,7.183649272176577e-05,0.0944180896124828,0.0,0.07050846752958784,0.06576899945274256,0.01614006729089694,0.1587245580054122
0.05,0,3,Ecal,2,2026092402,pooled,2048,6846,0.03541711592214569,0.0022120103445827867,0.0661112279460366,0.020975111329175383,0.020319712381015098,0.01988845254788965,3.543555107622724e-05,0.051259022986621286,0.0,0.008043213960478746,0.016049667140998286,0.004250200779031197,0.04663180561775905
0.05,0,3,Ecal,3,2026092403,context_0,1939,6515,0.037774770214674125,0.0018365849334269764,0.06697937061932054,0.01862868400171309,0.019999457903391082,0.019700559135201384,5.37967540991257e-05,0.051271654014469904,0.0,0.010450840029970097,0.01261654166373719,0.005177118567087566,0.04998306672803555
0.05,0,3,Ecal,3,2026092403,context_1,109,331,0.030161450288290745,0.007653508997918171,0.058043083574841295,0.09972225905944923,0.0456439215065,0.0018030501472237753,0.0007062102141906612,0.06397045788724826,0.0,0.07050846752958784,0.07485412693758091,0.021079897770584825,0.1701815921496555
0.05,0,3,Ecal,3,2026092403,pooled,2048,6846,0.03706757087233242,0.0013598796875501902,0.0664338905140924,0.018405245337466652,0.020127029666024088,0.018713808633191012,7.05466298807502e-05,0.0512746613264724,0.0,0.008043213960478746,0.013029626838223719,0.005921495200565004,0.048899833127222105
0.05,0,3,Ecal,4,2026092404,context_0,1939,6515,0.03791490699012445,0.0008067051461899287,0.06885957029758398,0.0203677111219553,0.02387741814684785,0.026431427624195952,4.404771316615018e-05,0.053064305144764796,0.0,0.010450840029970097,0.01732344553564125,0.007169753346431945,0.0473057757058598
0.05,0,3,Ecal,4,2026092404,context_1,109,331,0.04164096922470615,0.0044351686100146896,0.07422364137958458,0.07495077434555904,0.036933338614167054,0.05621199902369467,0.00021613956370960174,0.05275546735998888,0.0,0.07050846752958784,0.054408644426472315,0.017406752869277523,0.17300303784535448
0.05,0,3,Ecal,4,2026092404,pooled,2048,6846,0.037514079796073296,0.00047491404037043264,0.06902130449406124,0.019548258080330373,0.02356140179439159,0.028026207378923904,4.3301342024646815e-05,0.05288166953704907,0.0,0.008043213960478746,0.015465321080533355,0.007726807446082559,0.046263268756269266
0.05,0,4,U,0,2026092500,context_0,1955,6515,0.03113331658626567,0.0034913722025252877,0.0632148502145336,0.01615274262699938,0.02213302790574856,0.029648641340780213,6.753139526590281e-05,0.051489541663374376,0.0,0.012319053217736756,0.009734409722868992,0.01601613830479205,0.04882368213378129
0.05,0,4,U,0,2026092500,context_1,93,331,0.050542081516583,0.021497535332547828,0.06818674725184751,0.07798358400353973,0.044272955759986334,0.013523370790223851,0.000778126074703884,0.05840065804024724,0.0,0.08003605886365853,0.04209785269511945,0.024121440097363507,0.17480594358458063
0.05,0,4,U,0,2026092500,pooled,2048,6846,0.03145949617569155,0.004285164072048478,0.0633972112726694,0.015839009729726967,0.021875857324561654,0.02888621168246859,5.3672751906991284e-05,0.05141570874404919,0.0,0.00936835264205375,0.00809204189383962,0.016251723036327395,0.04734360793223108
0.05,0,4,U,1,2026092501,context_0,1955,6515,0.030311681239065635,0.00267701610101735,0.062383729593006296,0.016659348452267565,0.023894686827227063,0.019708534214151363,8.086123254921572e-05,0.05243539161312869,0.0,0.012319053217736756,0.009518242990271843,0.009456409780959338,0.05120126344570778
0.05,0,4,U,1,2026092501,context_1,93,331,0.030744002587326326,0.04576567812827344,0.06454887074699221,0.09336366416524729,0.029937043995998145,0.004926493615686686,0.0016104777991167878,0.05445750996156927,0.0,0.08003605886365853,0.0640405857395661,0.02836273223571209,0.18313094208475075
0.05,0,4,U,1,2026092501,pooled,2048,6846,0.03005787887137873,0.0004908346164783764,0.06238853316072108,0.016364438121196215,0.023843141016233083,0.019060232641231287,5.9247862673668513e-05,0.05234725437313841,0.0,0.00936835264205375,0.008148986570102334,0.008841490775208679,0.04666412769204764
0.05,0,4,U,2,2026092502,context_0,1955,6515,0.03201628897081271,0.007193799685514114,0.0651603485667523,0.018096320867383917,0.024427111495465725,0.020704443275075174,0.00010566349591425945,0.05323706096833827,0.0,0.012319053217736756,0.01269635942931421,0.014541158441512835,0.04774158685415742
0.05,0,4,U,2,2026092502,context_1,93,331,0.041794723945764556,0.02048963661878809,0.07595044495145595,0.08061270453100756,0.03892047534223177,0.007994848806034738,0.0006176541288070402,0.0721283403274603,0.0,0.08003605886365853,0.04039234017355958,0.023341833733586705,0.18288605273386155
0.05,0,4,U,2,2026092502,pooled,2048,6846,0.032375430899043434,0.0059221935316811835,0.06563661242489548,0.015921416090047377,0.02350849532753957,0.02019419397033735,8.881788083999289e-05,0.05247347935302522,0.0,0.00936835264205375,0.009334564019824144,0.014854085111751835,0.04583707297381947
0.05,0,4,U,3,2026092503,context_0,1955,6515,0.03131346708717464,0.0007965677915839728,0.06440950696231915,0.01699423553674035,0.02354888780593789,0.035818445562154605,2.8153346924860855e-05,0.05304630555078866,0.0,0.012319053217736756,0.009039842738635357,0.016715063220535707,0.048124566501831764
0.05,0,4,U,3,2026092503,context_1,93,331,0.0367372541758381,0.016603509671419558,0.0614577088655681,0.0667339770489544,0.040812815695078206,0.029250411266705634,0.0005678761875233039,0.06128170887755258,0.0,0.08003605886365853,0.027939795458426342,0.01672083453680876,0.16598816970581315
0.05,0,4,U,3,2026092503,pooled,2048,6846,0.031351294187175915,1.3263758432414431e-05,0.06423406692836553,0.0155229197706193,0.02377238945062843,0.0329642985417901,3.5736629402291216e-05,0.05315206884155608,0.0,0.00936835264205375,0.007600312048857932,0.015395849239005402,0.04615916919462027
0.05,0,4,U,4,2026092504,context_0,1955,6515,0.03154166179740986,0.007400006193969345,0.066436400506854,0.01830082786998594,0.021063413858150803,0.022285320314059998,0.00011283434906641767,0.05144762724569144,0.0,0.012319053217736756,0.009857300715027044,0.011426801626254963,0.04828906228628768
0.05,0,4,U,4,2026092504,context_1,93,331,0.029024255511812633,0.012881461393641066,0.05177479703334366,0.07352387554655677,0.031989214514043095,0.02698705618906784,0.0008842064466323039,0.057033670821492986,0.0,0.08003605886365853,0.04893749982837278,0.01903187779186625,0.16682967608073512
0.05,0,4,U,4,2026092504,pooled,2048,6846,0.03054955134099635,0.0076396353318193885,0.06572963680705206,0.016799696422358203,0.020961275054696027,0.022494611804782877,8.913126878865398e-05,0.05141905705978691,0.0,0.00936835264205375,0.008463329796828505,0.010294576153582324,0.04572155905800307
0.05,0,4,Ucal,0,2026092500,context_0,1955,6515,0.031176023340338865,0.0033986291423799895,0.06322099237669093,0.015366770194264249,0.02213302790574856,0.029452214682782557,0.00011371270790596418,0.051485889056457484,0.0,0.012319053217736756,0.008880396503612883,0.005671321382163546,0.04701823450996066
0.05,0,4,Ucal,0,2026092500,context_1,93,331,0.049407856565909375,0.022246051361318908,0.06776829290482389,0.07950577262188173,0.04380566604036017,0.005582334132775327,0.0008181465903835444,0.05801707063006659,0.0,0.08003605886365853,0.04570014755179968,0.016956272538772882,0.17107148365659908
0.05,0,4,Ucal,0,2026092500,pooled,2048,6846,0.031500259260641816,0.0042290228619829276,0.06339050245153223,0.015176999018063457,0.021897126679674805,0.02832911370897724,9.149728552685998e-05,0.05140788355071284,0.0,0.00936835264205375,0.007445579385223858,0.005387522028346798,0.04624863852358469
0.05,0,4,Ucal,1,2026092501,context_0,1955,6515,0.030174552747434413,0.0024907403717549003,0.062314843941018785,0.015864602255245417,0.023872403201235515,0.01985916152821303,6.898475512053629e-05,0.05240017355585574,0.0,0.012319053217736756,0.008455018758131875,0.006664155671507539,0.05095282424450372
0.05,0,4,Ucal,1,2026092501,context_1,93,331,0.0308564779801818,0.04503950750481239,0.06473733318703835,0.09914045594403562,0.03133891315487665,0.0050019422920594,0.0010442150370554904,0.05535637641584784,0.0,0.08003605886365853,0.065816822698487,0.02677638047854801,0.1838993853179672
0.05,0,4,Ucal,1,2026092501,pooled,2048,6846,0.029913215335759025,0.000344858939224034,0.062329515916972084,0.015822177203207312,0.023885679726459386,0.01921891593190872,4.451082037311443e-05,0.052337736267827964,0.0,0.00936835264205375,0.008565432858657997,0.006264414678796557,0.04762117505814682
0.05,0,4,Ucal,2,2026092502,context_0,1955,6515,0.0319202127247038,0.007134127657004881,0.06505592053301863,0.01874708907371409,0.024605380503398666,0.02141518735722968,0.0001226984336443765,0.05327872982623875,0.0,0.012319053217736756,0.013377071733735205,0.0069320674791672225,0.047367342017592226
0.05,0,4,Ucal,2,2026092502,context_1,93,331,0.041794723945764556,0.019970965386802063,0.07595951969425499,0.08133840481993443,0.03892047534223177,0.008282898494589283,0.0006724123041081448,0.07025889263709692,0.0,0.08003605886365853,0.04351917851156222,0.011874887613623085,0.18065298130196514
0.05,0,4,Ucal,2,2026092502,pooled,2048,6846,0.03228403268922969,0.005889222928599294,0.06553531999579475,0.016787459916712398,0.023699919523557933,0.020876618839956007,0.00010271664084460881,0.0525250894593367,0.0,0.00936835264205375,0.010266475174095738,0.006238654240186478,0.04622934698063168
0.05,0,4,Ucal,3,2026092503,context_0,1955,6515,0.031007752011140643,0.0006826037817798242,0.0643871398193496,0.017872372765267673,0.02359345505792121,0.035512030286307866,3.0446500468286062e-05,0.053135253852124996,0.0,0.012319053217736756,0.010872171774063123,0.0033633111148071745,0.04671681857935772
0.05,0,4,Ucal,3,2026092503,context_1,93,331,0.0367372541758381,0.016275012599365736,0.06127159759570104,0.06597252358997989,0.04034552597545204,0.025841245466046048,0.00048008372900576555,0.05824310698793571,0.0,0.08003605886365853,0.03421734583515725,0.02344223041702048,0.1668624909680723
0.05,0,4,Ucal,3,2026092503,pooled,2048,6846,0.030973400045028632,8.081631762076817e-05,0.06420338627388686,0.016643776084662047,0.023729850740402125,0.032793835628715226,3.50142251884273e-05,0.05317217646479721,0.0,0.00936835264205375,0.009251216989343808,0.004081805782725527,0.04542938450032905
0.05,0,4,Ucal,4,2026092504,context_0,1955,6515,0.031328128027044044,0.007369653735496933,0.06638814729309869,0.017240631296497506,0.02108569748414235,0.021141928940589708,7.066617632673727e-05,0.05146885900957118,0.0,0.012319053217736756,0.009173992649856539,0.0061643990081932925,0.046675275152755755
0.05,0,4,Ucal,4,2026092504,context_1,93,331,0.029472083545847565,0.013406172511147653,0.05177922722199971,0.07614248956551949,0.031989214514043095,0.02698705618906784,0.0010920372770204245,0.057033670821492986,0.0,0.08003605886365853,0.05252808200089409,0.03191553131763557,0.17076473085282157
0.05,0,4,Ucal,4,2026092504,pooled,2048,6846,0.03030497283129474,0.007633544313033725,0.06568091324590414,0.01668585932305233,0.02098254440980918,0.021402898292346442,6.103573263499204e-05,0.05144279078871586,0.0,0.00936835264205375,0.008490884129134891,0.005855106738119405,0.04552221340767113
0.05,0,4,E,0,2026092500,context_0,1955,6515,0.031609030945621286,0.003348203184642557,0.0633237736289516,0.016036350818757584,0.02208846065376535,0.0293001539204773,0.00011986350553869736,0.051405735312839027,0.0,0.012319053217736756,0.008497931077746244,0.014692709471495981,0.048751344995819235
0.05,0,4,E,0,2026092500,context_1,93,331,0.05074506401430225,0.02118215109610426,0.06817874309520368,0.07756910264104655,0.04380566604036017,0.012415897541374385,0.0010857858020607832,0.05913698576368676,0.0,0.08003605886365853,0.04133445468740782,0.02466829586380112,0.17654982970925695
0.05,0,4,E,0,2026092500,pooled,2048,6846,0.031855509134917526,0.004134597180424534,0.06350420937826187,0.015224191724225527,0.02183331861433535,0.02850941292230584,9.923671224170875e-05,0.051325518488136525,0.0,0.00936835264205375,0.007261485065315456,0.01491848637543155,0.04659567164091424
0.05,0,4,E,1,2026092501,context_0,1955,6515,0.03078760950694187,0.0026729687975231803,0.0625061206157574,0.01648630505045127,0.02333759617743658,0.019758159099623807,9.35941380946572e-05,0.05216488239131288,0.0,0.012319053217736756,0.008888557441921668,0.010552719669050812,0.05125820847716477
0.05,0,4,E,1,2026092501,context_1,93,331,0.031158766106271704,0.04530938629497933,0.06436463405831662,0.09805599271312429,0.030871623435250482,0.004148231694017443,0.0007214898044819833,0.05489694097259476,0.0,0.08003605886365853,0.06691546126427614,0.02108848909292091,0.18700828442776812
0.05,0,4,E,1,2026092501,pooled,2048,6846,0.03048581091300906,0.0005065709351000613,0.062494567008622236,0.016390570639978452,0.023332676493517446,0.01908792424132319,7.417131915403799e-05,0.05211125668328372,0.0,0.00936835264205375,0.008212009309282465,0.010404396064357052,0.0461330275304353
0.05,0,4,E,2,2026092502,context_0,1955,6515,0.03252863242891585,0.007283446514537766,0.06535296793718554,0.01793754501989256,0.024382544243482462,0.02054712487387647,9.672751520813815e-05,0.053051781147658156,0.0,0.012319053217736756,0.012279281170307771,0.01265334014078743,0.047751247980072534
0.05,0,4,E,2,2026092502,context_1,93,331,0.042130805127107,0.02007790129273842,0.0760463402990595,0.08358897415785874,0.039387765061857934,0.010453936623927088,0.0006816248058525843,0.07419574626940466,0.0,0.08003605886365853,0.04800541675215338,0.021048407011126816,0.18236329568046364
0.05,0,4,E,2,2026092502,pooled,2048,6846,0.032765413980722635,0.006027421854085715,0.06582139958066616,0.015996951636003544,0.02350849532753957,0.020168851471193544,8.572329095955539e-05,0.052318484783024255,0.0,0.00936835264205375,0.00880633797897961,0.012956072961310119,0.04591333489210833
0.05,0,4,E,3,2026092503,context_0,1955,6515,0.03155018545016658,0.0005887074798804725,0.06456750463828248,0.016915858595938596,0.02359345505792121,0.0363757408610027,3.0309034099756233e-05,0.05310011950488099,0.0,0.012319053217736756,0.009445556902330302,0.015116578488569808,0.04752869466141988
0.05,0,4,E,3,2026092503,context_1,93,331,0.03609815632824276,0.016235431726636378,0.06182863303662606,0.06696176153516291,0.04128010541470437,0.02612363247712031,0.0009923932441297818,0.06329620216495725,0.0,0.08003605886365853,0.02949590120502229,0.01831514346588908,0.16896255205240843
0.05,0,4,E,3,2026092503,pooled,2048,6846,0.03165546098650551,0.00017060964979428121,0.06440032288957716,0.015472529050975407,0.02394254429153364,0.03364348409578195,3.911396904340077e-05,0.0532485814390365,0.0,0.00936835264205375,0.008023902315373704,0.014268176265494415,0.04597338895835533
0.05,0,4,E,4,2026092504,context_0,1955,6515,0.03161671113683939,0.007333319224110282,0.06657105674433512,0.01848506584654848,0.02095199572819262,0.02126629904377718,9.956597485190425e-05,0.05149121185876407,0.0,0.012319053217736756,0.010581729547566879,0.011651794409003536,0.04813147504689446
0.05,0,4,E,4,2026092504,context_1,93,331,0.028648833161668722,0.013960149641020934,0.05188300219369383,0.07544112880973998,0.03245650423366926,0.02839811685472013,0.0012369987083556077,0.05807559538142417,0.0,0.08003605886365853,0.05451525935777619,0.028733961185592058,0.16825565950957994
0.05,0,4,E,4,2026092504,pooled,2048,6846,0.030775241557957633,0.007621403191060901,0.06585853912035433,0.016958929307249272,0.020833658924017118,0.02158954118454437,8.492256825219646e-05,0.05147876989471611,0.0,0.00936835264205375,0.008819877571385124,0.010091333427283057,0.045469011304543755
0.05,0,4,Ecal,0,2026092500,context_0,1955,6515,0.03166070872762433,0.003444806904650298,0.06336437714758253,0.015087041341922942,0.022021609775790485,0.02985491262278364,0.0001415125747326579,0.051419281898607984,0.0,0.012319053217736756,0.008346562077698435,0.006032383449671141,0.0471493779212163
0.05,0,4,Ecal,0,2026092500,context_1,93,331,0.05105267608773708,0.021798327085682072,0.06796552971049157,0.07999093918649824,0.044272955759986334,0.009875383363970522,0.0007235781124490886,0.05977768029215618,0.0,0.08003605886365853,0.0442583105276912,0.01716570204171459,0.17550986668981455
0.05,0,4,Ecal,0,2026092500,pooled,2048,6846,0.03193703530481806,0.004252161364726147,0.06353041528876496,0.014192751491649775,0.021790779904109048,0.028930757139850424,0.0001145869243430564,0.05135447273782417,0.0,0.00936835264205375,0.00769075524449499,0.005432591387269749,0.046156851490966516
0.05,0,4,Ecal,1,2026092501,context_0,1955,6515,0.030793902985570276,0.0026269785888483233,0.06245399240190145,0.016640566761820717,0.02293649090958738,0.02033823796475849,8.113236242647607e-05,0.052045631451861814,0.0,0.012319053217736756,0.008271222922313004,0.0072745653859078085,0.05163940932773744
0.05,0,4,Ecal,1,2026092501,context_1,93,331,0.031158766106271704,0.04543765248689297,0.06459342040767968,0.09937922352322409,0.030871623435250482,0.004125316391778169,0.0005388264149793517,0.054814355456777916,0.0,0.08003605886365853,0.06760813483462672,0.021444923225623316,0.18408421124352814
0.05,0,4,Ecal,1,2026092501,pooled,2048,6846,0.030540201888814678,0.00045627801555637244,0.062458989205893364,0.017218796098790252,0.022928558746367456,0.019641881493060287,6.4567237899705e-05,0.051990999686596144,0.0,0.00936835264205375,0.009880182868270474,0.007327533078208176,0.04832188554043187
0.05,0,4,Ecal,2,2026092502,context_0,1955,6515,0.03234053298343653,0.007246086263183054,0.06522922891401121,0.01921999760244245,0.024137424357574655,0.020868124456296225,6.9964197624983e-05,0.05299843564272976,0.0,0.012319053217736756,0.013353850897018208,0.0045065994656549365,0.04736155189956919
0.05,0,4,Ecal,2,2026092502,context_1,93,331,0.04185547298704773,0.019330019957864937,0.07616933009780516,0.08395648100952748,0.03892047534223177,0.007644926849438613,0.0007967861822435925,0.07210070497049348,0.0,0.08003605886365853,0.04442279247987398,0.0112958593951555,0.18084844467178285
0.05,0,4,Ecal,2,2026092502,pooled,2048,6846,0.03260236164092156,0.006026273540721805,0.06571190780710887,0.01606026796898579,0.023274532421294902,0.02032769613872233,6.009210592195272e-05,0.052292277652159165,0.0,0.00936835264205375,0.009734648518683681,0.003865441296535517,0.04616960665478354
0.05,0,4,Ecal,3,2026092503,context_0,1955,6515,0.031383523085057985,0.0006433232905419407,0.06460363224128823,0.01776798457402678,0.02339290242399661,0.03574967752522493,1.8424720400734575e-05,0.05296332222129522,0.0,0.012319053217736756,0.010146362520360674,0.0028503708782483795,0.046094221946695754
0.05,0,4,Ecal,3,2026092503,context_1,93,331,0.0352025002601729,0.016283075891863088,0.06175705403210678,0.06309977014798292,0.043616554012835214,0.024231539784252562,0.0008256391196468462,0.0646683549003136,0.0,0.08003605886365853,0.02923726944716074,0.02137630548297151,0.16740650727554468
0.05,0,4,Ecal,3,2026092503,pooled,2048,6846,0.03143039109409729,0.0001207540020501227,0.06443450390831774,0.016725666646951687,0.02381492816085473,0.033135364993226044,2.44295435797671e-05,0.05313159961775477,0.0,0.00936835264205375,0.008832445011518142,0.0036913792648752344,0.04522743232330591
0.05,0,4,Ecal,4,2026092504,context_0,1955,6515,0.031509944251656485,0.007190711192415038,0.06659370697109414,0.01826445635610733,0.020818293972242996,0.019895270414496513,6.248670775282162e-05,0.05156386765529212,0.0,0.012319053217736756,0.009443351757140136,0.006176860575879874,0.04729932469727036
0.05,0,4,Ecal,4,2026092504,context_1,93,331,0.029544489229738582,0.01383251945320656,0.05188641204479464,0.07108067583953159,0.031054635074790757,0.02947995555306457,0.0012872708513876857,0.05617401816143188,0.0,0.08003605886365853,0.055731921429969696,0.03744792473590471,0.16517395632000725
0.05,0,4,Ecal,4,2026092504,pooled,2048,6846,0.03069371538805704,0.007480148239791143,0.06587663460511373,0.016706493645533508,0.02070604279333821,0.020326737072150283,5.224371386246219e-05,0.051533018975512504,0.0,0.00936835264205375,0.009190334649297034,0.006517947048981306,0.045783178969531865
0.05,1,0,U,0,2026092100,context_0,1958,6515,0.03558136493875985,0.003445926471804069,0.06548203844969243,0.017743051544634753,0.021989910091961495,0.013947628704882462,2.818870533953814e-06,0.05127200509156197,0.0,0.012005443162906044,0.013297721942863498,0.0038371513515965535,0.048863328975570074
0.05,1,0,U,0,2026092100,context_1,90,331,0.04030703730142077,0.016094776302734932,0.054469374965497475,0.07443561825566658,0.029935144152547347,0.01948349288755588,0.013108533803251221,0.054169427424016134,0.0,0.08430261832829809,0.04334375255151499,0.03620985347949444,0.15771470016882747
0.05,1,0,U,0,2026092100,pooled,2048,6846,0.03503674755985409,0.0027338087706371104,0.06499032975396729,0.015653215654327413,0.02171129693679119,0.014166633905133619,1.1998232130089933e-05,0.051177920441552505,0.0,0.011237280152187418,0.01094315727546109,0.004415330047957124,0.04692975842874883
0.05,1,0,U,1,2026092101,context_0,1958,6515,0.03901850211453145,0.00393865028948759,0.06839478152952141,0.0167810468736053,0.026772290891243777,0.019336060301542918,2.4424500635074895e-05,0.054222966857477885,0.0,0.012005443162906044,0.009300635653203177,0.00727579527104457,0.04913715839435957
0.05,1,0,U,1,2026092101,context_1,90,331,0.034731817448687544,0.032553336912486325,0.0657699258679057,0.07653094458568747,0.043419016973152376,0.013497417056381383,0.025426667695514257,0.06452829201735559,0.0,0.08430261832829809,0.052732409701400085,0.038178840100724656,0.16752290731023406
0.05,1,0,U,1,2026092101,pooled,2048,6846,0.038435865065206354,0.002452254276807981,0.06784478304851078,0.015518457150244318,0.027533407205661775,0.01787601149651105,1.18918927419151e-05,0.05451397454039288,0.0,0.011237280152187418,0.009501908429291226,0.008084500384948519,0.04700214492772908
0.05,1,0,U,2,2026092102,context_0,1958,6515,0.03989991948015742,0.004748886047866173,0.06947369857944154,0.016336274600492338,0.024579831724505175,0.017980339672777124,0.00010907813011141028,0.05319127284859544,0.0,0.012005443162906044,0.012140352739109465,0.01182498743009547,0.04700222230755404
0.05,1,0,U,2,2026092102,context_1,90,331,0.037249321809823766,0.006456157531189624,0.07676830358734138,0.06278653065862248,0.02591368203652855,0.08303356302482062,0.023723239711278876,0.054394077264847775,0.0,0.08430261832829809,0.02860089448405708,0.0267283818954136,0.16138219693794228
0.05,1,0,U,2,2026092102,pooled,2048,6846,0.03933830881183992,0.0040767360565000235,0.06967629195503143,0.014496947267268226,0.02427102389924851,0.020761228902860196,0.00018231703562281978,0.0530998290149658,0.0,0.011237280152187418,0.009634614042097351,0.011125950691716286,0.04540689006388895
0.05,1,0,U,3,2026092103,context_0,1958,6515,0.03664849833688477,0.0031266361947387407,0.0658291736217124,0.01540418610026996,0.02066284476276714,0.023720362322426275,0.00014350466488066048,0.05122991973364746,0.0,0.012005443162906044,0.009815884557300467,0.012014484881279312,0.04637047872616308
0.05,1,0,U,3,2026092103,context_1,90,331,0.04246661951366539,0.009864502166096446,0.06443829157693476,0.07578173547850468,0.04866330025610193,0.006404923006332497,0.023836836926829454,0.071645475064526,0.0,0.08430261832829809,0.044150827406646345,0.04889595888453944,0.17038232629305206
0.05,1,0,U,3,2026092103,pooled,2048,6846,0.03666128772493987,0.002620159503937164,0.06576670914899535,0.013946868632166159,0.02175269048211237,0.02236815624122812,0.0002661392211904569,0.05149111276032869,0.0,0.011237280152187418,0.0072267757019348,0.012490342407802071,0.04662262585291429
0.05,1,0,U,4,2026092104,context_0,1958,6515,0.03910676913844857,0.0023434520164869917,0.06711212823440303,0.01543248634975331,0.021063713175201948,0.026556445900463826,5.5207447386135125e-05,0.05108551501954747,0.0,0.012005443162906044,0.009465417845832848,0.009958194563519141,0.04569523645431472
0.05,1,0,U,4,2026092104,context_1,90,331,0.06076064137032658,0.00013610946760659465,0.07875629495307569,0.08079493049646105,0.0367236559018946,0.016611243969473652,0.010518211999688692,0.06180966498207631,0.0,0.08430261832829809,0.06004267409730952,0.022799265120230422,0.16529187015776173
0.05,1,0,U,4,2026092104,pooled,2048,6846,0.03971940206119523,0.0023152663251391117,0.06761393533461679,0.013835880012050116,0.02171129693679119,0.024568379296936504,2.6732987206206336e-06,0.05124569746621812,0.0,0.011237280152187418,0.007787249270670415,0.00965231047817471,0.045805519548876135
0.05,1,0,Ucal,0,2026092100,context_0,1958,6515,0.03555997319169585,0.003467104488582304,0.06544263883314724,0.01765997437293057,0.021721987164456946,0.014252852007148709,4.371873210193744e-06,0.05120653769050984,0.0,0.012005443162906044,0.013276330195799522,0.0023714537929713873,0.049357202214489186
0.05,1,0,Ucal,0,2026092100,context_1,90,331,0.04076554257423141,0.015613025567537166,0.05449116310017942,0.08058008420768173,0.029935144152547347,0.020762547183461544,0.0022829468759289345,0.053817036997362074,0.0,0.08430261832829809,0.051718889849200464,0.034864623537013154,0.1590816683487549
0.05,1,0,Ucal,0,2026092100,pooled,2048,6846,0.03500654052124985,0.00277874205874178,0.06494961437906199,0.01556472455820025,0.021455324240545415,0.01451276856822356,5.203684575630753e-05,0.051122498153352354,0.0,0.011237280152187418,0.011004289541949024,0.003195546633172708,0.04744149264266618
0.05,1,0,Ucal,1,2026092101,context_0,1958,6515,0.03889015163214754,0.003886456744894675,0.06837070273811348,0.016972858026523627,0.026660656338116873,0.019087016143639085,2.1453559838454674e-05,0.05417149321630017,0.0,0.012005443162906044,0.009711131093165327,0.0034865518089726407,0.048985005522081015
0.05,1,0,Ucal,1,2026092101,context_1,90,331,0.03502002568111501,0.03278543732231584,0.06592608273898667,0.0852501464831478,0.043419016973152376,0.009998706587565992,0.010822657033319166,0.06410860976941796,0.0,0.08430261832829809,0.06205835301532196,0.03935208114567758,0.1712090394126415
0.05,1,0,Ucal,1,2026092101,pooled,2048,6846,0.038333674090713254,0.002389885775501705,0.06784600588144604,0.015231712544959223,0.027426751915559433,0.017797281571553136,3.8986554100734015e-05,0.0544382342532295,0.0,0.011237280152187418,0.009971986911959644,0.00379658467557829,0.04725404639382086
0.05,1,0,Ucal,2,2026092102,context_0,1958,6515,0.03975453024639397,0.0047812153771036895,0.06947420734986094,0.01720223550491144,0.02451285099262912,0.018684815569993435,0.00011702174955916536,0.05320114479504346,0.0,0.012005443162906044,0.01308158960992472,0.008863306951325898,0.0470587171707016
0.05,1,0,Ucal,2,2026092102,context_1,90,331,0.037790910005301125,0.0065869043341880915,0.07659465920899475,0.06655265584809354,0.024957201883491726,0.0848188917234042,0.009611174610137538,0.05396822580066201,0.0,0.08430261832829809,0.03792580499921652,0.01835710507422074,0.15687352133944377
0.05,1,0,Ucal,2,2026092102,pooled,2048,6846,0.039219996748319885,0.004100081951297125,0.06966838552607531,0.015324265930543823,0.02420703072518704,0.02150565811644284,0.00023834630565228556,0.053095996807427694,0.0,0.011237280152187418,0.01044424051062522,0.00774507122506157,0.04503793629629292
0.05,1,0,Ucal,3,2026092103,context_0,1958,6515,0.03669128183101272,0.0030359634627299733,0.06580383176524339,0.015596216104964937,0.02052888329901492,0.023777750623466654,0.00016658474955819042,0.051209325583427244,0.0,0.012005443162906044,0.009906196954827235,0.009743751393880238,0.04616808835939609
0.05,1,0,Ucal,3,2026092103,context_1,90,331,0.042925124786476025,0.009541473725817085,0.06486657841916181,0.08010667483219934,0.05057626056217558,0.005167940292319026,0.014688002580172804,0.07272865054349395,0.0,0.08430261832829809,0.05102943929756829,0.041615932236843706,0.1712211525874962
0.05,1,0,Ucal,3,2026092103,pooled,2048,6846,0.03670216411473709,0.0025450014878043315,0.06576185097968906,0.014108576885374955,0.021667366250030407,0.02248581451442494,0.00033724758239210605,0.051473404977168236,0.0,0.011237280152187418,0.007857760837589083,0.010148567222967947,0.04620956938129732
0.05,1,0,Ucal,4,2026092104,context_0,1958,6515,0.039128160885512575,0.002286125247249525,0.0671019058286064,0.015922395138199437,0.021041386264576634,0.026167463529143592,5.835978317115213e-05,0.051080806803890114,0.0,0.012005443162906044,0.010158152510324184,0.007335067710149797,0.04559857099945111
0.05,1,0,Ucal,4,2026092104,context_1,90,331,0.06030213609751594,0.00033449363179895164,0.07856083997913153,0.08588139890113032,0.037201895978413016,0.023394011429703654,0.0053186446393521936,0.061871486239623796,0.0,0.08430261832829809,0.06313946380875182,0.02017064393793863,0.16692786165361342
0.05,1,0,Ucal,4,2026092104,pooled,2048,6846,0.03971940206119523,0.0022696375085953704,0.06759308866903815,0.014236326296128466,0.0216899658787707,0.023896738390630223,5.285400244403821e-05,0.05124083346951893,0.0,0.011237280152187418,0.008277765948237408,0.007433423677781892,0.04565947846591315
0.05,1,0,E,0,2026092100,context_0,1958,6515,0.03503426421845984,0.004554588012675203,0.06497495351607356,0.019108136630834542,0.02280278895719645,0.014427216805026344,1.768371237252463e-05,0.051575076374488056,0.0,0.012005443162906044,0.013374740097007494,0.008041700898051798,0.049679002334437325
0.05,1,0,E,0,2026092100,context_1,90,331,0.03963617712751238,0.013151244403083746,0.054764023463939285,0.07559113929801471,0.029935144152547347,0.009743568759856214,0.008821041493002654,0.054119221621021375,0.0,0.08430261832829809,0.0437715607499978,0.03711006153082073,0.16453469338055055
0.05,1,0,E,0,2026092100,pooled,2048,6846,0.034885032783184944,0.003917047703661156,0.06453479250980326,0.017029784153064297,0.022286726067695217,0.014212270006304734,3.867630355514117e-05,0.05145814203989153,0.0,0.011237280152187418,0.012109185703201535,0.007882339139083738,0.04779566027016688
0.05,1,0,E,1,2026092101,context_0,1958,6515,0.03878144841017184,0.0026346777714270687,0.06806778176985197,0.018508374031594044,0.02566063351724468,0.016952249398640068,1.678240079832407e-05,0.05335117741557173,0.0,0.012005443162906044,0.010571351274329621,0.0031683098075246385,0.049789174457368066
0.05,1,0,E,1,2026092101,context_1,90,331,0.034302976451442306,0.03511727379922838,0.06677119146712465,0.0779291501996554,0.0405495765140419,0.012421508113961588,0.02689796413024549,0.062292838448082664,0.0,0.08430261832829809,0.05480741717054335,0.043771068809350076,0.16745586176878482
0.05,1,0,E,1,2026092101,pooled,2048,6846,0.038132961171127355,0.0010896075692953487,0.06759450054607444,0.017501612538530113,0.02614764756940169,0.015644462568974074,7.117750537846343e-06,0.053577575274399734,0.0,0.011237280152187418,0.012816259798711978,0.002022278723612664,0.04813340985120543
0.05,1,0,E,2,2026092102,context_0,1958,6515,0.03994425467954593,0.00629539476159892,0.0690848662846783,0.014575256269608162,0.025429541762067576,0.015714421121687874,7.33687923878103e-05,0.053478468155653165,0.0,0.012005443162906044,0.00945062985492252,0.006846545808994796,0.046820590368254436
0.05,1,0,E,2,2026092102,context_1,90,331,0.037854541884608725,0.004635753126814263,0.07747026915212095,0.06826225675896185,0.03021784272519426,0.07710453696625555,0.027348845107988476,0.057540602326600375,0.0,0.08430261832829809,0.03455388917300417,0.03301355251207413,0.16344640469256808
0.05,1,0,E,2,2026092102,pooled,2048,6846,0.03933145730852983,0.005641949437088429,0.06933378999729634,0.013540007884506355,0.025149472027186925,0.018384729967954372,9.774939193584083e-05,0.05354515105293668,0.0,0.011237280152187418,0.008246137475189612,0.006300471180151766,0.04575126785028035
0.05,1,0,E,3,2026092103,context_0,1958,6515,0.03657704576929105,0.003996544993458964,0.06541831917759684,0.01589132986396397,0.01997071053338051,0.019586021524127417,0.0001551481611545028,0.051378194840907165,0.0,0.012005443162906044,0.009693814747537857,0.007712051723495728,0.04734018870321243
0.05,1,0,E,3,2026092103,context_1,90,331,0.04342258952371395,0.006637248796822058,0.06556392864829932,0.07795647576892761,0.05201098079173082,0.0075551633580718675,0.034760168735358504,0.08147139345008214,0.0,0.08430261832829809,0.050094125262768414,0.05213913577768584,0.1772098033308622
0.05,1,0,E,3,2026092103,pooled,2048,6846,0.03672050216328421,0.003588603702691804,0.06541748383831741,0.014959204735315968,0.020850374697243823,0.018391636852657794,0.00024000805016566448,0.05175462862873464,0.0,0.011237280152187418,0.008702819056535145,0.005433104544398896,0.04650641427825443
0.05,1,0,E,4,2026092104,context_0,1958,6515,0.03921347631254479,0.002919958803274886,0.06672879337051485,0.014580859990968796,0.021757825638323125,0.025666337863182398,6.444479331714435e-05,0.05111273253276747,0.0,0.012005443162906044,0.008555595299397239,0.00767679911338903,0.04419115600152382
0.05,1,0,E,4,2026092104,context_1,90,331,0.06367887165128629,0.005436723176219209,0.08023322473215329,0.09080258410905927,0.03262140492699659,0.0287363788725864,0.011165437689931529,0.0596493921680657,0.0,0.08430261832829809,0.06805891382504996,0.013147202910400486,0.16290952891628613
0.05,1,0,E,4,2026092104,pooled,2048,6846,0.039949466219709795,0.003108270172769376,0.06726673436677888,0.013281460030226438,0.021864489092033368,0.023212958700762676,3.3150675919496175e-05,0.05124340699137728,0.0,0.011237280152187418,0.007842314226304124,0.008184578859214793,0.04443411640936179
0.05,1,0,Ecal,0,2026092100,context_0,1958,6515,0.03511005882046464,0.0045720130808384355,0.06496940577146104,0.018836014057264074,0.022691154404069547,0.014737620629532044,3.351986215324585e-05,0.05152352613279111,0.0,0.012005443162906044,0.013614081008070223,0.004766189248729525,0.0496933910584956
0.05,1,0,Ecal,0,2026092100,context_1,90,331,0.03963617712751238,0.012847192543185712,0.05458837690158551,0.0757214851602051,0.02897866399951052,0.005536550899790119,0.00883255940343948,0.054101836483056685,0.0,0.08430261832829809,0.0454987445470377,0.03364866649981522,0.16031803487165092
0.05,1,0,Ecal,0,2026092100,pooled,2048,6846,0.03484415639338767,0.0039468632343607184,0.06452380853479982,0.017210716669331744,0.022222732893633745,0.014326433758158272,8.20703483595908e-05,0.051431081384077856,0.0,0.011237280152187418,0.01201402095363436,0.004912390196855785,0.04815086236275424
0.05,1,0,Ecal,1,2026092101,context_0,1958,6515,0.03876005666310789,0.0026040217859732836,0.06806239192685723,0.01789922674020868,0.025816921891622324,0.017167700570066086,2.0744495437085458e-05,0.05340793148924848,0.0,0.012005443162906044,0.010400217297817767,0.0036340502258845916,0.04917066628943362
0.05,1,0,Ecal,1,2026092101,context_1,90,331,0.034302976451442306,0.03546981066047866,0.0666863078201358,0.0826737190144208,0.0405495765140419,0.012082120811350641,0.021482893455927382,0.0625578258085406,0.0,0.08430261832829809,0.060464285503217724,0.05063715409940567,0.17123227839068542
0.05,1,0,Ecal,1,2026092101,pooled,2048,6846,0.03811252297622869,0.001042845218730237,0.0676062381704896,0.017103983795806122,0.026318296033565503,0.01586519082354508,1.5301164403850025e-05,0.053642661851586844,0.0,0.011237280152187418,0.012857136188509272,0.004599772144218017,0.04803804484120048
0.05,1,0,Ecal,2,2026092102,context_0,1958,6515,0.03990147118541798,0.006228815482303886,0.06906589973974153,0.014337142719798147,0.025340234119566096,0.015503880454257907,6.709473280440723e-05,0.05343650529743784,0.0,0.012005443162906044,0.009825606384678234,0.007021890354555169,0.046242848113424245
0.05,1,0,Ecal,2,2026092102,context_1,90,331,0.03752117739517939,0.004555211602265876,0.07759591774977904,0.06750695851897831,0.03021784272519426,0.07541803082288098,0.022289805228105572,0.057702918318850584,0.0,0.08430261832829809,0.03625307264804038,0.022628125624426378,0.1642126698083306
0.05,1,0,Ecal,2,2026092102,pooled,2048,6846,0.03929058091873261,0.005588547498975567,0.06932333386614631,0.013204045849938135,0.02508547885312551,0.018110198685269085,0.00010729395152622419,0.053510105207013894,0.0,0.011237280152187418,0.008187810343697376,0.0054757003360549495,0.045410085214208105
0.05,1,0,Ecal,3,2026092103,context_0,1958,6515,0.036470087033971144,0.004008618291448893,0.06537936731955632,0.016188073999374712,0.02005720602768553,0.019619695452224722,0.00015413113685242415,0.051320792929564846,0.0,0.012005443162906044,0.009544072518089947,0.009270354977805952,0.04703628548525006
0.05,1,0,Ecal,3,2026092103,context_1,90,331,0.04204707370528204,0.007040371997810362,0.06555087400815691,0.08197828761913489,0.05296746094476764,0.00682736135004075,0.03536695457375473,0.08240268502841708,0.0,0.08430261832829809,0.053805258104730504,0.06066866932485893,0.17653728478780983
0.05,1,0,Ecal,3,2026092103,pooled,2048,6846,0.03664939993020422,0.003581730247593221,0.06538269472214041,0.01496855095485742,0.02065839517505952,0.018460823455833053,0.00023213617282906787,0.05169540210143434,0.0,0.011237280152187418,0.008585691563229515,0.0077398470922497,0.046763448346859346
0.05,1,0,Ecal,4,2026092104,context_0,1958,6515,0.03916317215174636,0.0028979380669097955,0.06673932800238988,0.014558397605630187,0.02184713328082466,0.025592372687210124,6.409679804599141e-05,0.051139310119332225,0.0,0.012005443162906044,0.008897863252420951,0.006755556267336401,0.04428852940125102
0.05,1,0,Ecal,4,2026092104,context_1,90,331,0.06367887165128629,0.0052807510933290756,0.08026521163039176,0.0926403026399464,0.03262140492699659,0.03036746926205605,0.0134596908259072,0.06020847537427822,0.0,0.08430261832829809,0.07060556606237035,0.021254518236675398,0.16908043045289717
0.05,1,0,Ecal,4,2026092104,pooled,2048,6846,0.03996990441460846,0.0030798328281555374,0.0672770049003619,0.01333256231879783,0.021907151208074294,0.023054747559298622,4.006810185517434e-05,0.05127294201701044,0.0,0.011237280152187418,0.007823762352372421,0.007347278926826635,0.04536716896025214
0.05,1,1,U,0,2026092200,context_0,1957,6515,0.035852698562858054,0.003211751259696743,0.06645608671866012,0.01911034925760544,0.025992194987563888,0.011760834981044854,1.142663307642018e-05,0.053814242199582425,0.0,0.01467000997266243,0.013602833650078534,0.011647011467434118,0.047131259070504694
0.05,1,1,U,0,2026092200,context_1,91,331,0.05970826986052938,0.04192135728362169,0.07854192379496715,0.08491144192683621,0.029667686280493058,0.009751383782482012,0.04025889900334734,0.0605078754425054,0.0,0.028717506058895774,0.04184870654588082,0.05878303354347753,0.17099037168974446
0.05,1,1,U,0,2026092200,pooled,2048,6846,0.03665372213387569,0.005021669477865691,0.06692579382091109,0.018916630603103092,0.025821172886377752,0.011658845474822543,0.00014145278982036387,0.05383188089116911,0.0,0.014722275239418995,0.013297067631423996,0.01217111033281433,0.046199187779561356
0.05,1,1,U,1,2026092201,context_0,1957,6515,0.03466832126944447,9.820369942563757e-05,0.06572769543625492,0.014950524052178274,0.027121537975672516,0.010712703193540951,1.3135297730816023e-05,0.053849848551321584,0.0,0.01467000997266243,0.011805235856501808,0.011751909356199169,0.04725244357886261
0.05,1,1,U,1,2026092201,context_1,91,331,0.05781458953794777,0.015932678392840138,0.08683344840797219,0.07016500678114303,0.030266165964913144,0.014857794322830797,0.020837200393664157,0.05997957278162389,0.0,0.028717506058895774,0.03573971011106427,0.03669594206317198,0.16673590702046204
0.05,1,1,U,1,2026092201,pooled,2048,6846,0.03532797889347139,0.0007112040064765942,0.06668373051253987,0.01569514517546449,0.026371076653218473,0.010919212032379916,8.538800861493693e-05,0.05362462175741372,0.0,0.014722275239418995,0.011143224259710177,0.012067273886515333,0.046721215316250266
0.05,1,1,U,2,2026092202,context_0,1957,6515,0.03335425993983926,0.0014250847225277521,0.06639554266143755,0.015242801260046552,0.02298061368594073,0.004646951750044329,4.694511963605054e-05,0.05207522869018973,0.0,0.01467000997266243,0.009576166077184242,0.010068480855540836,0.04692074660825502
0.05,1,1,U,2,2026092202,context_1,91,331,0.027245008972192678,0.0071846365163111565,0.0645725829449776,0.07666573870971495,0.033849169338743934,0.022509828125647613,0.021155346642344502,0.055220165888893155,0.0,0.028717506058895774,0.042259923797009984,0.02562980147410045,0.16882514069555674
0.05,1,1,U,2,2026092202,pooled,2048,6846,0.03236184706396472,0.0011641379373124895,0.06598848302280798,0.01418509969376251,0.02313510448680922,0.005358625947530282,2.5104171040734495e-05,0.05196777404361226,0.0,0.014722275239418995,0.010442326656016554,0.010152083012190644,0.04696808475758153
0.05,1,1,U,3,2026092203,context_0,1957,6515,0.034817489449804784,0.003503501800522368,0.06229156706715403,0.01672198024527801,0.023064540600709504,0.02093559433059336,4.9337396914301494e-05,0.052357085124201036,0.0,0.01467000997266243,0.012552227378541558,0.01296945396760128,0.04796126807539414
0.05,1,1,U,3,2026092203,context_1,91,331,0.04417514891781497,0.01751113961713265,0.06215646092393871,0.0771772649748576,0.03788644635461398,0.024794671617422465,0.015524140982594858,0.06535184738298723,0.0,0.028717506058895774,0.042154914111181246,0.028486098384488408,0.16164324648991804
0.05,1,1,U,3,2026092203,pooled,2048,6846,0.03456616174914029,0.0042143161660891425,0.062275401289222654,0.018041980494501914,0.02364106230561608,0.021110313806938008,7.609232259201022e-05,0.052666287483752745,0.0,0.014722275239418995,0.014211902525064372,0.012426026687212485,0.0494465925499999
0.05,1,1,U,4,2026092204,context_0,1957,6515,0.03392202740608402,0.0026700384174588305,0.06498335623589765,0.01563145306819293,0.024353540455798295,0.012190574563097717,5.5373171963942706e-06,0.05274541805918206,0.0,0.01467000997266243,0.008746458499933312,0.009778362555032687,0.04860292940032413
0.05,1,1,U,4,2026092204,context_1,91,331,0.03415376415050755,0.0330133337507882,0.06666441403839385,0.08625252178108468,0.045176480142138924,0.016688114236452556,0.031025825163364842,0.07855872851257441,0.0,0.028717506058895774,0.06197465822796691,0.04331650684931799,0.18150815381896063
0.05,1,1,U,4,2026092204,pooled,2048,6846,0.033687811038083326,0.003988828955893695,0.0648214894515784,0.015032093681668026,0.025176343268208834,0.012434248134281817,4.111063336068466e-05,0.053290208714926554,0.0,0.014722275239418995,0.008845536372354263,0.010618879499690863,0.046089654043223675
0.05,1,1,Ucal,0,2026092200,context_0,1957,6515,0.0359163712006032,0.003165994283864495,0.06642628370850376,0.020025572263266924,0.02616934682883587,0.012292128924264803,6.573253295814234e-06,0.05386819363825899,0.0,0.01467000997266243,0.014770165342072757,0.004494970056252366,0.04786477595514318
0.05,1,1,Ucal,0,2026092200,context_1,91,331,0.059583524913335906,0.04154796014147694,0.07889750129112089,0.08882069239170738,0.028510346660498127,0.012676606528350065,0.019320475118295155,0.058437499723790615,0.0,0.028717506058895774,0.04791625327702885,0.044769094248304775,0.16635993848710193
0.05,1,1,Ucal,0,2026092200,pooled,2048,6846,0.036670009366877754,0.004961648600180103,0.06691366325413917,0.01963751064949138,0.025863473176134688,0.012300673057691294,0.00012174538149951181,0.05379878743667696,0.0,0.014722275239418995,0.01429039812667025,0.005547065177250249,0.046669446462646216
0.05,1,1,Ucal,1,2026092201,context_0,1957,6515,0.0346261330388859,4.6972309681160764e-05,0.06567693938897308,0.014696929777848308,0.02703296205503658,0.010784506763669197,1.7877678518084348e-05,0.053835544325246086,0.0,0.01467000997266243,0.011887146586300574,0.005785652263591215,0.04727756615515396
0.05,1,1,Ucal,1,2026092201,context_1,91,331,0.05790512292890731,0.014955877175349918,0.08729273247682223,0.0731592220721625,0.03167992656811767,0.017490970668782385,0.008449052706044527,0.058235190606589604,0.0,0.028717506058895774,0.042607581065978936,0.030460777733034083,0.1688898378440908
0.05,1,1,Ucal,1,2026092201,pooled,2048,6846,0.035392473159175264,0.0007150836763566183,0.06665548434520908,0.01598783734714389,0.02620187549419062,0.011107360180492229,6.105183387063347e-05,0.053540500518924415,0.0,0.014722275239418995,0.011624549625882562,0.006437141559438869,0.046779106955173365
0.05,1,1,Ucal,2,2026092202,context_0,1957,6515,0.033289452723111734,0.0013416966515396743,0.0663484572992531,0.015685748533695816,0.023069189606576668,0.004298568809773404,5.396328905911716e-05,0.05208798601344989,0.0,0.01467000997266243,0.009408980304064504,0.004599671674859956,0.04648500564815852
0.05,1,1,Ucal,2,2026092202,context_1,91,331,0.026987885094183282,0.007087338178981778,0.06449125954628752,0.07450788588579015,0.03290666226994091,0.017620683862499598,0.008401811741410026,0.05480877612129943,0.0,0.028717506058895774,0.03909679682005566,0.02870337554782662,0.16766745059340632
0.05,1,1,Ucal,2,2026092202,pooled,2048,6846,0.03224754257424456,0.0010906076181954477,0.06592878609816781,0.01481616765574373,0.023177404776566157,0.004827085068851211,3.598728089456533e-05,0.05198117606918587,0.0,0.014722275239418995,0.010979671447298273,0.005625290856144716,0.04640281648180367
0.05,1,1,Ucal,3,2026092203,context_0,1957,6515,0.034859937874968216,0.0035309525877248423,0.062275629310534715,0.016907544094182547,0.02315311652134555,0.021233449896732037,5.808795592537815e-05,0.05239253842138276,0.0,0.01467000997266243,0.01207109873423649,0.006837072277303631,0.04780844818666787
0.05,1,1,Ucal,3,2026092203,context_1,91,331,0.04417514891781497,0.017210461932670538,0.06290551342944807,0.0743278178308208,0.034587671613803425,0.025825629788780613,0.005454182229138141,0.06363776448629535,0.0,0.028717506058895774,0.04260678939360325,0.03251585010218699,0.16244419996763626
0.05,1,1,Ucal,3,2026092203,pooled,2048,6846,0.03461099737389589,0.004227928036212715,0.062285381414469994,0.01781435712784365,0.023556461726102096,0.02144560208773899,0.00010755050011604763,0.05266608978455639,0.0,0.014722275239418995,0.014002351622879652,0.007461322452989257,0.04830943102031076
0.05,1,1,Ucal,4,2026092204,context_0,1957,6515,0.033812218213796985,0.0026766025926693994,0.06497980799816282,0.015998607944236683,0.024419972396275358,0.011895770237377937,1.1637709753163465e-05,0.05279622882054387,0.0,0.01467000997266243,0.009336663876477833,0.003540175762185972,0.04791806166640397
0.05,1,1,Ucal,4,2026092204,context_1,91,331,0.03425113985271388,0.03319880661622982,0.06671638595619041,0.08967488738699708,0.04480722900460918,0.013143328181193598,0.016546732200406422,0.0785695716206856,0.0,0.028717506058895774,0.0658600731516585,0.03533638188891429,0.1797518593862196
0.05,1,1,Ucal,4,2026092204,pooled,2048,6846,0.03355298967694642,0.004003681348108449,0.06482962357325588,0.015550122389522712,0.025112892833573375,0.011988790798677554,4.8134025216223664e-06,0.053342520915640575,0.0,0.014722275239418995,0.009726693749028341,0.0038349056836238056,0.04567815793252774
0.05,1,1,E,0,2026092200,context_0,1957,6515,0.035885885745779,0.003191050136879768,0.06654060066184965,0.01961892768510398,0.025815043146291905,0.011357227732584962,1.1725548595049108e-05,0.05378462011661277,0.0,0.01467000997266243,0.014896273265789985,0.010791672356672279,0.047755355173027335
0.05,1,1,E,0,2026092200,context_1,91,331,0.05906611046781447,0.041781521872121086,0.078403955660943,0.08493013680163712,0.028510346660498127,0.010478328279293847,0.03403014972128174,0.05865402067542368,0.0,0.028717506058895774,0.04296733961269013,0.058717438422073595,0.16879642744322235
0.05,1,1,E,0,2026092200,pooled,2048,6846,0.03686360036921266,0.004994141276936796,0.06698868041916507,0.020044405678551785,0.025567371147835805,0.01130536092843111,0.0001442995588423349,0.05375224340190295,0.0,0.014722275239418995,0.015162096316376075,0.011779161539338742,0.046608729923680786
0.05,1,1,E,1,2026092201,context_0,1957,6515,0.03475964740067161,0.0002193411837709512,0.06572256004823528,0.014399427889071512,0.02632435468994876,0.010232788277254892,1.7240775689384e-06,0.05331698952554735,0.0,0.01467000997266243,0.011462662334666269,0.010535738394071965,0.04649404848128025
0.05,1,1,E,1,2026092201,context_1,91,331,0.05695952682420683,0.016418239844547808,0.08710808652707559,0.07383779538822466,0.029794912430511637,0.015589868942137958,0.024309560503081112,0.05770326989478767,0.0,0.028717506058895774,0.0403482046538687,0.04758602872922017,0.17195877394904388
0.05,1,1,E,1,2026092201,pooled,2048,6846,0.0354861498547725,0.0006181206835794116,0.0666877873556016,0.015647492848705633,0.02560967143759274,0.010488626613540122,0.00011703903847347027,0.0531157801586282,0.0,0.014722275239418995,0.011117748352797732,0.01159976327172818,0.04629806351682936
0.05,1,1,E,2,2026092202,context_0,1957,6515,0.03361634795666052,0.0014363255546908406,0.06643822514705425,0.015423329066585499,0.02238272622164794,0.006796292503730178,3.4650791550534484e-05,0.05189690091173933,0.0,0.01467000997266243,0.010249187834759322,0.009067091826187765,0.04764581321747705
0.05,1,1,E,2,2026092202,context_1,91,331,0.02807230660475864,0.006711299555319938,0.06478131593505065,0.08009832293552471,0.03432042287314544,0.023059273636834715,0.023412406665406456,0.055772656691900124,0.0,0.028717506058895774,0.04723055190365256,0.0339948227858843,0.17086963618651943
0.05,1,1,E,2,2026092202,pooled,2048,6846,0.03254073339644714,0.001201308717204669,0.06602238640937498,0.013652857421536962,0.022606350864846858,0.00743760726029026,2.6070073521999903e-05,0.051795433812400135,0.0,0.014722275239418995,0.00950981231354053,0.00966328328510887,0.0473015097828936
0.05,1,1,E,3,2026092203,context_0,1957,6515,0.03499403923795763,0.0035145571517916146,0.06227398350882636,0.016315663901689405,0.02259951701737073,0.02180179505012725,6.912696967283424e-05,0.05205042844590721,0.0,0.01467000997266243,0.011277404047877875,0.012342117118849465,0.046995523578677485
0.05,1,1,E,3,2026092203,context_1,91,331,0.044154621984074605,0.01709772841747961,0.06272186716638739,0.06839880336912205,0.03175018394883392,0.02336348751623557,0.01848216881531068,0.05944366848968404,0.0,0.028717506058895774,0.03560693534406051,0.0347951861327517,0.16493630867849732
0.05,1,1,E,3,2026092203,pooled,2048,6846,0.034722518173080474,0.0042076584605924994,0.06227946975506876,0.017613656271214133,0.022849083914155743,0.02186038639561516,7.491595775001e-05,0.05223783459732689,0.0,0.014722275239418995,0.013101638375514908,0.012795137340266426,0.048927239751828784
0.05,1,1,E,4,2026092204,context_0,1957,6515,0.03407130189374896,0.0025580086649505114,0.06493882235851824,0.015296431047566155,0.024685700158183277,0.01204478965725736,6.749640985351127e-06,0.05295810962979936,0.0,0.01467000997266243,0.00812303848001316,0.00826694516522204,0.04807800897939136
0.05,1,1,E,4,2026092204,context_1,91,331,0.03277195656681774,0.032952046265776,0.06651366041274441,0.09035383213925298,0.04423397307333591,0.013022197322600876,0.026725756830385083,0.07877719477511366,0.0,0.028717506058895774,0.06351095502096435,0.05110829443437719,0.183544348186711
0.05,1,1,E,4,2026092204,pooled,2048,6846,0.03383620560806344,0.0038806677781169007,0.06478470316479236,0.01485472340012774,0.025324394282358276,0.0121244178181346,3.5163231489910955e-05,0.05351008193670471,0.0,0.014722275239418995,0.008469826591778045,0.009962332183863986,0.04629026308796864
0.05,1,1,Ecal,0,2026092200,context_0,1957,6515,0.03586466153319734,0.003243191790990808,0.06650074052445747,0.020360048259764566,0.025660035285179017,0.011175088402356037,1.127554542468685e-05,0.0536540856777936,0.0,0.01467000997266243,0.015999932320039108,0.0032856877706623697,0.04764857011450514
0.05,1,1,Ecal,0,2026092200,context_1,91,331,0.05963221276443907,0.04157534413410477,0.07869310587419588,0.08394382010665051,0.028981600194899634,0.010533637395655271,0.023827416430630424,0.05783305400709394,0.0,0.028717506058895774,0.046074540591106695,0.04688508720562186,0.1689326572762723
0.05,1,1,Ecal,0,2026092200,pooled,2048,6846,0.03682305626736587,0.0050363466914950085,0.06697245470613925,0.020404763447777502,0.02537701984392937,0.011133165528738012,0.0001341904642319083,0.05359553326342184,0.0,0.014722275239418995,0.015587809385767308,0.005363287050678535,0.04684582172598422
0.05,1,1,Ecal,1,2026092201,context_0,1957,6515,0.034886992676161854,0.00021921592357632442,0.06568938360298458,0.014594358870506105,0.026235778769312823,0.010820890326938198,1.413795430199431e-06,0.053268191214332496,0.0,0.01467000997266243,0.011314092846594292,0.004519341657371263,0.04662963204324469
0.05,1,1,Ecal,1,2026092201,context_1,91,331,0.056507651541784776,0.0167026273086731,0.08709427307961022,0.07274824100688439,0.03120867303371616,0.017145506084126183,0.020569264709903265,0.05703155349673254,0.0,0.028717506058895774,0.040493476534802494,0.035336799823964704,0.16587919423141637
0.05,1,1,Ecal,1,2026092201,pooled,2048,6846,0.03560778216031285,0.00063124248872605,0.06665615044957506,0.01574895360193677,0.025440470278564886,0.011119753327629017,0.00010006904638374791,0.05302680666900605,0.0,0.014722275239418995,0.011163496310633545,0.005203809610166703,0.04596496642801551
0.05,1,1,Ecal,2,2026092202,context_0,1957,6515,0.03344655425600679,0.0013755713969504637,0.0664086961317318,0.015414975058131586,0.022515590102601846,0.007021271558963579,5.0435372227151595e-05,0.05193892459728938,0.0,0.01467000997266243,0.010437425173047892,0.0045876232568808645,0.04717542441751158
0.05,1,1,Ecal,2,2026092202,context_1,91,331,0.02762043132233659,0.0070185057824239845,0.06471996314484595,0.08018683968008203,0.03337791580434242,0.015080953133421698,0.02029074242190576,0.05520880689585689,0.0,0.028717506058895774,0.04540212800403618,0.03155547390720867,0.16923396891202389
0.05,1,1,Ecal,2,2026092202,pooled,2048,6846,0.032345423215692226,0.0011299798269594813,0.0659824128853119,0.013485019068920594,0.022669801299482373,0.007328517954044017,9.9103178985377e-06,0.0518293477813712,0.0,0.014722275239418995,0.009751007067401517,0.005855575502049535,0.046604741591698993
0.05,1,1,Ecal,3,2026092203,context_0,1957,6515,0.03503648766312101,0.0034993555811515618,0.06223063040405036,0.01666044451051851,0.02286524477927865,0.021521420271746278,9.02673573606291e-05,0.05209206509648047,0.0,0.01467000997266243,0.011224738158501956,0.007041791090459828,0.046920687727389006
0.05,1,1,Ecal,3,2026092203,context_1,91,331,0.044154621984074605,0.017181335887833347,0.0626671089864769,0.06978935320782637,0.03175018394883392,0.022742642516683897,0.014069192045482418,0.05937178383770602,0.0,0.028717506058895774,0.037144023809433595,0.033890036736676864,0.16279564806736113
0.05,1,1,Ecal,3,2026092203,pooled,2048,6846,0.03478333432585068,0.004196982567813143,0.06223720272515572,0.017387074714056427,0.02310288565269758,0.021564229358818437,0.00013149294426913509,0.052278621702528554,0.0,0.014722275239418995,0.013036626058776828,0.007486611620000692,0.0477265942409396
0.05,1,1,Ecal,4,2026092204,context_0,1957,6515,0.03402489970688838,0.002646466811069032,0.06492528632883031,0.016012795830349917,0.024353540455798295,0.012312831512654596,5.804983608459832e-06,0.05283020145985803,0.0,0.01467000997266243,0.00920547332168056,0.004203910116539322,0.04785202073532444
0.05,1,1,Ecal,4,2026092204,context_1,91,331,0.032786432861686976,0.03290123769408457,0.06635166111683036,0.09051293375241949,0.045176480142138924,0.011624351248829629,0.022484963499401163,0.08006103785163275,0.0,0.028717506058895774,0.06328080455175422,0.04302427311373901,0.1829392157966837
0.05,1,1,Ecal,4,2026092204,pooled,2048,6846,0.033761906540991315,0.003962651690317004,0.06476772224500901,0.015277966090956226,0.025049442398937916,0.01232056824513747,3.259340764353701e-05,0.053397942293472,0.0,0.014722275239418995,0.009706421698104921,0.004551476032428487,0.045380055831937
0.05,1,2,U,0,2026092300,context_0,1958,6515,0.034621002324792316,0.0029208326178830147,0.065411566922306,0.016067488737529424,0.022350464632345246,0.013337685145293807,1.7722692400719792e-05,0.05082110634899665,0.0,0.02251637809188664,0.008760380642697917,0.002404987614373434,0.048525100764788456
0.05,1,2,U,0,2026092300,context_1,90,331,0.06688098903510216,0.031031093994752235,0.07745379610188324,0.06622016741243142,0.036060510018764744,0.022605187802377108,0.03228244667626191,0.05652672496288774,0.0,0.03391238670694861,0.03942356434460607,0.04440265692893003,0.16771186674502403
0.05,1,2,U,0,2026092300,pooled,2048,6846,0.03581401767245018,0.004231316298600782,0.06592578112799931,0.015002748355333329,0.022557282583972965,0.013727349556345497,8.43780003213022e-05,0.05081251967664115,0.0,0.021296401696702435,0.009177857475307756,0.003404006883968415,0.04693759860360926
0.05,1,2,U,1,2026092301,context_0,1958,6515,0.03852100855135576,0.0031537894450059424,0.07154066734897029,0.01637907552683395,0.020901025198416967,0.01715959726568192,1.2477337356540296e-05,0.05077636796624694,0.0,0.02251637809188664,0.011548715155537157,0.0036418698850256806,0.04707596854295698
0.05,1,2,U,1,2026092301,context_1,90,331,0.04049870046553989,0.006133974733963751,0.07011130143150512,0.06211257023282343,0.03580997801556518,0.03738378463127062,0.02870031856354467,0.05981656440481976,0.0,0.03391238670694861,0.041224817439471685,0.03323439864706122,0.15608122986010528
0.05,1,2,U,1,2026092301,pooled,2048,6846,0.03811881530153133,0.0032326977776063045,0.07143232693973549,0.017004141943691112,0.020940257247055616,0.018010063455635827,0.00011697571717444446,0.050694507235816595,0.0,0.021296401696702435,0.013347470427847903,0.00380227713215926,0.04601871397813437
0.05,1,2,U,2,2026092302,context_0,1958,6515,0.037432352539115143,0.005805241100965317,0.06863686547841616,0.01687578789217821,0.023762769337085293,0.011655541723003288,7.361093016714832e-05,0.051077043919466915,0.0,0.02251637809188664,0.011700789338245216,0.007870784098943595,0.04699445759997893
0.05,1,2,U,2,2026092302,context_1,90,331,0.05444190272690202,0.035605513833106325,0.08536565007146792,0.07778213103583732,0.03478873310292438,0.01318591635124143,0.017600747109074125,0.05376584970701112,0.0,0.03391238670694861,0.04027407102611862,0.028914620307202335,0.15983427483800766
0.05,1,2,U,2,2026092302,pooled,2048,6846,0.038045247014063865,0.007253894766571041,0.06917997546381748,0.020060606190436786,0.024055425730495572,0.010514010782552041,2.5345260688213714e-05,0.051117764953028076,0.0,0.021296401696702435,0.015917725259071536,0.007488499755458399,0.04753509835424601
0.05,1,2,U,3,2026092303,context_0,1958,6515,0.03789108054047363,0.007117533963265508,0.07101562700725732,0.01735471645326975,0.01988988928954666,0.017982318238459666,1.6213146792912897e-05,0.05063681943605156,0.0,0.02251637809188664,0.011814830545751616,0.0048285535802081725,0.04886266351899198
0.05,1,2,U,3,2026092303,context_1,90,331,0.06105125422147931,0.010209846797728182,0.07595588490359449,0.08033553383758926,0.04205340658124431,0.07848109685283794,0.010579814989309266,0.06392965216834433,0.0,0.03391238670694861,0.039726132342098174,0.027779914953029658,0.17329141866880216
0.05,1,2,U,3,2026092303,pooled,2048,6846,0.03841870224381916,0.007390916341647595,0.07123956739412872,0.01830386414806672,0.019463214708230536,0.020689731627861863,2.6379239551267697e-05,0.05067980972079179,0.0,0.021296401696702435,0.013157214257892,0.004725299272784675,0.04833495837412456
0.05,1,2,U,4,2026092304,context_0,1958,6515,0.035838941187203766,0.003071506529095684,0.06756398189477403,0.018534005421035754,0.025583242630529968,0.014911762911731755,2.2286815715242745e-05,0.051538512376849956,0.0,0.02251637809188664,0.011588253678886187,0.004246184769331277,0.04634958908580176
0.05,1,2,U,4,2026092304,context_1,90,331,0.04584751566657457,0.012542898809418775,0.06765064493325777,0.08554009618162446,0.031058422252071418,0.009452151580316454,0.03144447606581001,0.05343231492831157,0.0,0.03391238670694861,0.0467223456490121,0.04115558931225557,0.16903863368933952
0.05,1,2,U,4,2026092304,pooled,2048,6846,0.03628111515005089,0.002264868138212653,0.06755080720767727,0.017768933854296082,0.02470040630783102,0.013797415741611058,9.780227361784845e-05,0.05148144709360603,0.0,0.021296401696702435,0.010569773950437473,0.00596537049797106,0.04640215636238933
0.05,1,2,Ucal,0,2026092300,context_0,1958,6515,0.03459984904814978,0.0029104765119714435,0.06542044003785236,0.016158185026185587,0.022328397371333686,0.01334261573413853,1.3762866862017269e-05,0.05081958775683845,0.0,0.02251637809188664,0.008633460982842633,0.0021451304919911816,0.04881969848408617
0.05,1,2,Ucal,0,2026092300,context_1,90,331,0.06649123846968652,0.030402143452458695,0.07793521935966725,0.06569280873299042,0.03461542331356243,0.025637586410711483,0.019012165813823152,0.054286294972614765,0.0,0.03391238670694861,0.040347329804201484,0.05887018628116621,0.17388455289029145
0.05,1,2,Ucal,0,2026092300,pooled,2048,6846,0.03585447074688386,0.00419612517167425,0.06595410867607994,0.015150001368274978,0.02249398076088044,0.013855051302306562,6.632509853758337e-05,0.05082169720645377,0.0,0.021296401696702435,0.009273759906229988,0.004389916234460818,0.04760945141232316
0.05,1,2,Ucal,1,2026092301,context_0,1958,6515,0.03852100855135576,0.003187128724853512,0.07155398723051978,0.015928877740946746,0.020901025198416967,0.017253194859768756,1.2094044252331437e-05,0.05075666892249959,0.0,0.02251637809188664,0.01089296357961807,0.004630997174221434,0.046793038617050337
0.05,1,2,Ucal,1,2026092301,context_1,90,331,0.04025465860542787,0.0059346902969191866,0.07028661530143528,0.061033054164015575,0.03532828244716441,0.03693547271916156,0.01636594693904562,0.06157153571735554,0.0,0.03391238670694861,0.04167933384891798,0.02393829432494519,0.15812409682637352
0.05,1,2,Ucal,1,2026092301,pooled,2048,6846,0.038094352107274965,0.0032574337476231046,0.07144835366412323,0.01613534393275437,0.02096135785475306,0.018081864842455914,8.45564086623769e-05,0.05067952366341665,0.0,0.021296401696702435,0.012457502790307485,0.00474697998902244,0.04584914783564625
0.05,1,2,Ucal,2,2026092302,context_0,1958,6515,0.037432352539115143,0.005835847077904218,0.06864845364157468,0.017237272409700688,0.023784836598096853,0.011589195314515452,7.369946213677474e-05,0.05108161423628016,0.0,0.02251637809188664,0.011727811163524733,0.007584224327163983,0.047099725826931615
0.05,1,2,Ucal,2,2026092302,context_1,90,331,0.0547369021913272,0.036151812077971676,0.08537068694070533,0.07360486322574913,0.03478873310292438,0.01702650834289174,0.0006156951182772485,0.05364444614524389,0.0,0.03391238670694861,0.036709754152091476,0.015076164628618716,0.16027687414898334
0.05,1,2,Ucal,2,2026092302,pooled,2048,6846,0.03800479393963019,0.007308879254176839,0.0691937235305547,0.0203383951443071,0.023992123907403073,0.010278615897457918,6.727523454614802e-05,0.05111802762037047,0.0,0.021296401696702435,0.015811109296621627,0.007503932882472906,0.04792832914425287
0.05,1,2,Ucal,3,2026092303,context_0,1958,6515,0.037882215528299346,0.00710654952584415,0.07102796827516718,0.017168020166558613,0.019867822028535098,0.017913679949680517,1.6309529974386204e-05,0.05063718876616874,0.0,0.02251637809188664,0.011455224842828234,0.00562156537829826,0.04900294760307352
0.05,1,2,Ucal,3,2026092303,context_1,90,331,0.059666212670232775,0.009998014033966307,0.0764077358201865,0.07933834555366716,0.03927466457386921,0.083100974573492,0.003129632994374326,0.06178302698107342,0.0,0.03391238670694861,0.04286406926166821,0.02728074213229957,0.1726228434433588
0.05,1,2,Ucal,3,2026092303,pooled,2048,6846,0.0384512210761393,0.007370928563550173,0.07127094882782734,0.01835544233850242,0.01948431531592798,0.020807493294590723,4.880562353134013e-05,0.050674516271073757,0.0,0.021296401696702435,0.01307630810902467,0.0057739788757949495,0.04857614117353384
0.05,1,2,Ucal,4,2026092304,context_0,1958,6515,0.035923554293773974,0.0030929235045940293,0.06756101441375843,0.018364692421584665,0.025627377152553116,0.015148993690569199,2.3339514807063503e-05,0.0515368440930824,0.0,0.02251637809188664,0.011512567367243603,0.0044822502251698785,0.046228384934202275
0.05,1,2,Ucal,4,2026092304,context_1,90,331,0.04518651118704295,0.01358294393052142,0.06754698371053885,0.08435841370674212,0.0329852045256745,0.007059787928265365,0.017490233927972665,0.053119541142086425,0.0,0.03391238670694861,0.04863077148310778,0.02281563813296918,0.17565681827912066
0.05,1,2,Ucal,4,2026092304,pooled,2048,6846,0.03632156822448457,0.0022415257003808343,0.06753820034044292,0.017696736120847798,0.02467930570013352,0.014127203839422772,7.222542975110816e-05,0.05145278523787193,0.0,0.021296401696702435,0.010868016070033522,0.004873079205556732,0.04624105075081043
0.05,1,2,E,0,2026092300,context_0,1958,6515,0.03416555449987796,0.0030338745384543187,0.0649994786435515,0.016224360865030235,0.022063590239194936,0.014731901870977823,1.1975089014784804e-05,0.050837783400033844,0.0,0.02251637809188664,0.00855818113668259,0.0022548922078433438,0.048375772674443374
0.05,1,2,E,0,2026092300,context_1,90,331,0.06618601281936176,0.03201586084453057,0.07696904930795179,0.07573414577894377,0.03798729229236783,0.022784993230814454,0.04323608822676371,0.058339950166299205,0.0,0.03391238670694861,0.048900292145376376,0.061414019972175674,0.17385208070511335
0.05,1,2,E,0,2026092300,pooled,2048,6846,0.03533472304459251,0.004379473436281166,0.06549898338311723,0.014897938490726981,0.02245177954548544,0.015079718598883157,0.00012563125263175966,0.050837598355714865,0.0,0.021296401696702435,0.009420786670209031,0.004228988056182199,0.046757892481831195
0.05,1,2,E,1,2026092301,context_0,1958,6515,0.038347415273070895,0.002945910047283444,0.07115493898889583,0.017005207104317556,0.020989294242463208,0.01701719911426658,8.906411122380455e-06,0.050704788923904856,0.0,0.02251637809188664,0.011866014305175452,0.004045542422928851,0.047857654551114306
0.05,1,2,E,1,2026092301,context_1,90,331,0.04013177104944817,0.006530924934917696,0.06975118651802653,0.06162385663146583,0.0338831957419621,0.03705429334743837,0.019380542077438057,0.05915258814770819,0.0,0.03391238670694861,0.03249159690616854,0.025655512727328664,0.1538296526443917
0.05,1,2,E,1,2026092301,pooled,2048,6846,0.03793210808363828,0.003054479248931964,0.07104780074666882,0.017951465619665586,0.02104576028554317,0.01784848252637586,0.00011331845830076241,0.050659114557658674,0.0,0.021296401696702435,0.014167961252798678,0.004095077859441216,0.047002731431984836
0.05,1,2,E,2,2026092302,context_0,1958,6515,0.03731065596071054,0.005908013905203769,0.0682645931005522,0.017250811784398908,0.023961374686189363,0.012066433237447258,8.361724690589977e-05,0.051157204266903386,0.0,0.02251637809188664,0.01157402738699715,0.008111984455978887,0.04709467360220591
0.05,1,2,E,2,2026092302,context_1,90,331,0.054769949526550704,0.036606276999286064,0.08503268454750094,0.07836261426735343,0.03334364639772207,0.009970411922026828,0.015507017968971255,0.05368909134215605,0.0,0.03391238670694861,0.04152680768634798,0.02250306991536267,0.16090819203900122
0.05,1,2,E,2,2026092302,pooled,2048,6846,0.03791698017632972,0.007398274617316635,0.0687956000498586,0.020882032436851914,0.02416092876898307,0.01105010309849079,1.3492200902439174e-05,0.051187111872796946,0.0,0.021296401696702435,0.01643160750343217,0.00759712639598013,0.04796443828807429
0.05,1,2,E,3,2026092303,context_0,1958,6515,0.037341260372753204,0.007228897745942349,0.07059513438450844,0.017237846694843913,0.020353301770789506,0.01806931753592375,1.5028366412459828e-05,0.05065270933970335,0.0,0.02251637809188664,0.011659219300414508,0.003507439565442362,0.04930160375484165
0.05,1,2,E,3,2026092303,context_1,90,331,0.060542198153901904,0.01025857014842848,0.075603716063568,0.08284218491769157,0.041571711012843536,0.08674532806804483,0.009274011303390672,0.0632590084409527,0.0,0.03391238670694861,0.042395224636950155,0.03096383091416173,0.1675292228433656
0.05,1,2,E,3,2026092303,pooled,2048,6846,0.03819441687873121,0.007499855637412961,0.0708232611742454,0.018383153992303405,0.019952769575893148,0.021143074180988042,1.2939400572918158e-05,0.05069135267345153,0.0,0.021296401696702435,0.013600650370730667,0.0037875381285035386,0.048123937102861315
0.05,1,2,E,4,2026092304,context_0,1958,6515,0.03578540561849791,0.0029176324460180123,0.06726814905847507,0.018863925796323636,0.025848049762668746,0.01633084264830878,1.7682438600183012e-05,0.05159370018937479,0.0,0.02251637809188664,0.011628174279788735,0.0034788982824021405,0.0461030102789895
0.05,1,2,E,4,2026092304,context_1,90,331,0.04564328082389087,0.01270880636523658,0.06736482445705902,0.08373073590574204,0.030095031115269875,0.013314101284712027,0.02736379263596815,0.0531981143894553,0.0,0.03391238670694861,0.04596393241565736,0.03390904218005275,0.17375323732028056
0.05,1,2,E,4,2026092304,pooled,2048,6846,0.03622317255491003,0.002110727637886783,0.0672515424916247,0.018058143841757593,0.024890311777108542,0.014973077475531213,0.00011105650412355996,0.051501348249413735,0.0,0.021296401696702435,0.010590000487654298,0.00489274073897779,0.046027281369854296
0.05,1,2,Ecal,0,2026092300,context_0,1958,6515,0.03417767773936031,0.0029752211120479322,0.06503757761182657,0.016098237332501448,0.021997388456160255,0.014599430987591186,1.3804094631808918e-05,0.05083343369790987,0.0,0.02251637809188664,0.009027690228500054,0.0021004857554525716,0.04805301346125392
0.05,1,2,Ecal,0,2026092300,context_1,90,331,0.06710937385352612,0.03153787865510306,0.07719809978940634,0.06996362163939672,0.0384689878607686,0.02977284321195814,0.02011920044689775,0.0600274375955271,0.0,0.03391238670694861,0.03615349585920358,0.046246887839623774,0.17039009296839627
0.05,1,2,Ecal,0,2026092300,pooled,2048,6846,0.03535494958180929,0.004304355792340767,0.06555206257638796,0.01485983634353241,0.02240957833009044,0.015255940408934354,8.394202733600915e-05,0.050828697627138805,0.0,0.021296401696702435,0.009440581974502232,0.003653782677138519,0.047117785710702326
0.05,1,2,Ecal,1,2026092301,context_0,1958,6515,0.0383262619964283,0.002953096777744383,0.07117429768736842,0.017032587205881758,0.020967226981451703,0.016991327865945427,9.045689273223844e-06,0.05070863087422837,0.0,0.02251637809188664,0.011561202588091927,0.005286126644315869,0.048271453486307334
0.05,1,2,Ecal,1,2026092301,context_1,90,331,0.04049644723813829,0.006763835091912834,0.06984746925988382,0.0621525202138131,0.033401500173561326,0.03697878214660394,0.013608122825780486,0.0589209438706718,0.0,0.03391238670694861,0.03895512414531904,0.02627099220732346,0.15240950216364774
0.05,1,2,Ecal,1,2026092301,pooled,2048,6846,0.03793210808363828,0.003072812402507342,0.07106194543137079,0.01781598371410909,0.021024659677845614,0.01781962742197246,9.00547918116011e-05,0.0506606109165894,0.0,0.021296401696702435,0.013992089455361874,0.0059280494500627366,0.04705029969477966
0.05,1,2,Ecal,2,2026092302,context_0,1958,6515,0.03734758578859254,0.005956623630251895,0.06824969219060048,0.01717643555075341,0.02400550920821251,0.012066041026345675,8.139303382629059e-05,0.05116475772208183,0.0,0.02251637809188664,0.011561224537227941,0.007714504680478813,0.04686615751231063
0.05,1,2,Ecal,2,2026092302,context_1,90,331,0.054241249938036244,0.03641863463508858,0.08448046016350069,0.07824410156059548,0.03189855969251976,0.011834737907276974,0.0011901435625528423,0.05327610027215997,0.0,0.03391238670694861,0.03870085609930745,0.02224469907737877,0.16597429957508192
0.05,1,2,Ecal,2,2026092302,pooled,2048,6846,0.03791698017632972,0.007434659289210636,0.06876476727401298,0.021053057150945874,0.02413982816128557,0.01096809784583562,3.951168074051522e-05,0.05118180040444031,0.0,0.021296401696702435,0.01663387287560044,0.007513890536387569,0.047836335811297336
0.05,1,2,Ecal,3,2026092303,context_0,1958,6515,0.03736241364939574,0.007264634012650947,0.0705718171380763,0.01707233729224775,0.020353301770789506,0.018132222246533658,1.4401906316725431e-05,0.050651487541781226,0.0,0.02251637809188664,0.011540965484646995,0.0037438257455072958,0.049023316950853005
0.05,1,2,Ecal,3,2026092303,context_1,90,331,0.060542198153901904,0.010421113653109345,0.07606591647965583,0.08350425495316634,0.04205340658124431,0.08396908113932694,0.008803941832115664,0.06441140961378011,0.0,0.03391238670694861,0.048489164807176306,0.023279297316892447,0.16963617970825615
0.05,1,2,Ecal,3,2026092303,pooled,2048,6846,0.03817419034151437,0.007539660432215088,0.07082070932047647,0.018416972797125994,0.01988946775280065,0.021101271624251933,2.6731011350897543e-05,0.0506939836954981,0.0,0.021296401696702435,0.013730806794970787,0.004413170683818898,0.04796381648862242
0.05,1,2,Ecal,4,2026092304,context_0,1958,6515,0.03576425234185532,0.0029019282186766755,0.06728577815639344,0.01849849872973198,0.025892184284691866,0.016245342791325862,2.216444186239002e-05,0.051612947573205045,0.0,0.02251637809188664,0.011458948066648302,0.004366420941877734,0.04623615315188145
0.05,1,2,Ecal,4,2026092304,context_1,90,331,0.04569914930843829,0.012676625040357182,0.0676442273508807,0.08220973676232521,0.03202181338887296,0.01476437796905862,0.010748335681698931,0.053275909701565864,0.0,0.03391238670694861,0.04793579526736739,0.023614369929326078,0.1712269109593492
0.05,1,2,Ecal,4,2026092304,pooled,2048,6846,0.036202946017693194,0.0020969662549997267,0.06727407707335498,0.017754542835598762,0.024869211169411043,0.014822824189827541,9.352329396628359e-05,0.05149736145519741,0.0,0.021296401696702435,0.010327055503835503,0.005102965593492411,0.04599713978606699
0.05,1,3,U,0,2026092400,context_0,1939,6515,0.04013846129923232,0.003980725189579293,0.06537790794663617,0.01607532940590877,0.02978570050710233,0.013376751329795072,3.379493300216871e-05,0.05757499626777866,0.0,0.010450840029970097,0.010117192573007444,0.005754719453508389,0.04764187196164312
0.05,1,3,U,0,2026092400,context_1,109,331,0.05474750512236714,0.035768847987095696,0.07241648655316145,0.05901606807376779,0.02442070777389501,0.010425528335020112,0.01395493948198108,0.05213349715714556,0.0,0.07050846752958784,0.025285862640246407,0.01804880721001659,0.14517285129234897
0.05,1,3,U,0,2026092400,pooled,2048,6846,0.0403816234272919,0.0056185615984487135,0.0656033907951884,0.015369242975606703,0.029119209448451144,0.013304553237015668,7.543181386108176e-05,0.056814242408753254,0.0,0.008043213960478746,0.009715042301533337,0.006020025573501237,0.046217007031790096
0.05,1,3,U,1,2026092401,context_0,1939,6515,0.03979727425041257,0.009817913889259055,0.06707859380965277,0.018472601882168208,0.020814662935395134,0.01007417875491505,6.300035712603926e-06,0.05116265066624416,0.0,0.010450840029970097,0.012089690286508996,0.012656882660826388,0.049070843882274444
0.05,1,3,U,1,2026092401,context_1,109,331,0.05295663778467193,0.02784925183117037,0.0742607285598153,0.068054586494716,0.03197336631823319,0.015384788923212545,0.03287201217607625,0.05555287147198977,0.0,0.07050846752958784,0.048433218714337235,0.03120448630559727,0.1474520047043648
0.05,1,3,U,1,2026092401,pooled,2048,6846,0.04013555022595555,0.010690784622580524,0.0673619863448008,0.018955310571800343,0.02103004883387538,0.010397773649310021,0.00010360196516070899,0.05126179238779829,0.0,0.008043213960478746,0.013622849521522554,0.011824432448561253,0.04967923295393038
0.05,1,3,U,2,2026092402,context_0,1939,6515,0.03697600152483016,0.002039904661059218,0.06468747088119133,0.02064423222622667,0.024918008451512874,0.010535852032366844,6.366701520865915e-05,0.052736012578318316,0.0,0.010450840029970097,0.015274403277289607,0.004250031953324745,0.04985610637872327
0.05,1,3,U,2,2026092402,context_1,109,331,0.051883368789888626,0.02236802544257651,0.07123975569115827,0.07865392411922957,0.06611360088880494,0.0052652568643454245,0.03673854503612484,0.10570389160328492,0.0,0.07050846752958784,0.054453004032521665,0.03811712638857296,0.15626387216327606
0.05,1,3,U,2,2026092402,pooled,2048,6846,0.037419577325156106,0.0030523503507090023,0.06499924836099748,0.020481973931016834,0.02697015751282622,0.00990948445709039,7.120346584636771e-05,0.05405831269991109,0.0,0.008043213960478746,0.015633099752712168,0.0038180286623158873,0.049110751642237604
0.05,1,3,U,3,2026092403,context_0,1939,6515,0.03838367692885403,0.0018887004575458023,0.06431915596200137,0.015140387837894948,0.025877802488299628,0.011003070593721909,3.2662419431685e-05,0.052793722510805795,0.0,0.010450840029970097,0.0094837277730772,0.006510933051389106,0.046106673922310604
0.05,1,3,U,3,2026092403,context_1,109,331,0.04908908716335728,0.02415509146441399,0.0671422488311897,0.0771533546813274,0.026509785283331963,0.004347617576941437,0.033797527449330386,0.05391857145564388,0.0,0.07050846752958784,0.05502449584140366,0.03706591096065274,0.14858703643424329
0.05,1,3,U,3,2026092403,pooled,2048,6846,0.038587237009306385,0.0005870142770185831,0.06417067553044029,0.016697209029351838,0.02565429437075628,0.0102815231574781,3.424161833398857e-05,0.05251582188065151,0.0,0.008043213960478746,0.009508673480967782,0.006827444975935976,0.0463388458117446
0.05,1,3,U,4,2026092404,context_0,1939,6515,0.03877019210926541,0.0013136474668697634,0.06581068063493087,0.015744853339422757,0.024028875566345614,0.017981075229837246,1.3068068546554532e-05,0.05193713050603549,0.0,0.010450840029970097,0.01178793884742168,0.00929001415854975,0.049789124059507736
0.05,1,3,U,4,2026092404,context_1,109,331,0.05295556381526232,0.011958312740341117,0.07569494626053559,0.07461711901536854,0.03030888815092623,0.04154632228270144,0.011630445370830855,0.05307725629429361,0.0,0.07050846752958784,0.04616079283223476,0.024171972564931983,0.15042080866015964
0.05,1,3,U,4,2026092404,pooled,2048,6846,0.03929109637752942,0.0017847252677830995,0.06629236195908766,0.01601574294073189,0.023283792265929026,0.019326717911823943,9.112291332927366e-05,0.0517553714223788,0.0,0.008043213960478746,0.012083905687266593,0.009838587103263059,0.047635645894798816
0.05,1,3,Ucal,0,2026092400,context_0,1939,6515,0.04023274965343576,0.003878523329628409,0.06536207954480382,0.01573966686174607,0.03020772723507492,0.01304525735130703,2.1739263553931124e-05,0.058099009030414775,0.0,0.010450840029970097,0.009493406816758795,0.004163263369207498,0.047835439668514265
0.05,1,3,Ucal,0,2026092400,context_1,109,331,0.05474750512236714,0.03503904480791005,0.07217440444089143,0.059507225714185596,0.024031754059387036,0.008723922610690882,0.007113708236424182,0.05218772046318665,0.0,0.07050846752958784,0.031037062217382595,0.027789252613960418,0.14827088319346413
0.05,1,3,Ucal,0,2026092400,pooled,2048,6846,0.04047076412807127,0.005482039943412132,0.06557460228254613,0.015079954298463772,0.029671731472067475,0.012905214603746024,8.987856021247628e-05,0.057287850213045464,0.0,0.008043213960478746,0.00852472101484466,0.005306036865860373,0.04659274788054404
0.05,1,3,Ucal,1,2026092401,context_0,1939,6515,0.03962490132158103,0.009857748505943066,0.06698778674474842,0.018102798718487998,0.02097206534590068,0.009341858803027375,1.643694763313623e-06,0.05120842635836311,0.0,0.010450840029970097,0.0122817933719107,0.002551765378439017,0.048582733635422676
0.05,1,3,Ucal,1,2026092401,context_1,109,331,0.0519959954949318,0.028033475859751245,0.07419367690550369,0.07070298896956606,0.030806505174709276,0.010273289381645928,0.023132654557827065,0.05516973242012127,0.0,0.07050846752958784,0.05094219803248807,0.030486607067075795,0.14601002940010113
0.05,1,3,Ucal,1,2026092401,pooled,2048,6846,0.03997258756477534,0.010738171809505346,0.06727792884477943,0.019972388535303334,0.021157591720170843,0.009427969782595538,0.00010340357820789927,0.051292612871818535,0.0,0.008043213960478746,0.014137816401352171,0.0029490930598595434,0.04921758604769843
0.05,1,3,Ucal,2,2026092402,context_0,1939,6515,0.03700936092423357,0.0019257660428332025,0.06464545534298542,0.019671192212123174,0.025277785389811125,0.01116873390491277,6.307434316373675e-05,0.052837397956018606,0.0,0.010450840029970097,0.01379979599031353,0.0072127933347937,0.04988915524186764
0.05,1,3,Ucal,2,2026092402,context_1,109,331,0.05133933324243505,0.02147084329353767,0.07149534357355133,0.07836811026694879,0.06339092488724912,0.003805000115442686,0.017956255668288353,0.1025709926790484,0.0,0.07050846752958784,0.05574629667330969,0.03565328756849968,0.15392181386801237
0.05,1,3,Ucal,2,2026092402,pooled,2048,6846,0.03750105865574627,0.002894819977486018,0.06497139620348892,0.019071198454644892,0.027097700399121738,0.0105645558410426,0.00013504109247098467,0.054097166789288664,0.0,0.008043213960478746,0.013879723962752662,0.0075426134825133245,0.047984460637132256
0.05,1,3,Ucal,3,2026092403,context_0,1939,6515,0.0383020790879785,0.0018041753364797172,0.06422114395913062,0.014799889618957788,0.02558548372593228,0.010944511873036161,1.588116710168067e-05,0.0526999946693645,0.0,0.010450840029970097,0.009039960581442484,0.004581632926649845,0.04550482259175167
0.05,1,3,Ucal,3,2026092403,context_1,109,331,0.049325640599405675,0.02394556480646047,0.0674878983929402,0.07581529244975656,0.026898738997839938,1.369001826866112e-05,0.02081015950972448,0.05407011590120983,0.0,0.07050846752958784,0.053953841728661175,0.02899014850076094,0.15236413737067922
0.05,1,3,Ucal,3,2026092403,pooled,2048,6846,0.03850575567871628,0.0005177327348056414,0.06408771534821069,0.0166522451510638,0.025399208598165246,0.010452964870479031,2.9836097654738995e-05,0.05241862644197517,0.0,0.008043213960478746,0.009353538746017482,0.0052004116392725865,0.04550555703267297
0.05,1,3,Ucal,4,2026092404,context_0,1939,6515,0.03885637857368113,0.0013614298505164877,0.06572535876611021,0.014701705386158382,0.02420876403549474,0.0175193569605204,4.180019984806376e-06,0.05199096178967632,0.0,0.010450840029970097,0.010888269018461771,0.001867254264292453,0.04828759119275682
0.05,1,3,Ucal,4,2026092404,context_1,109,331,0.05444810112869516,0.011910821106110754,0.07558980584610368,0.06929809517881351,0.03030888815092623,0.03613159014822126,0.0018100306110101078,0.052744286592786745,0.0,0.07050846752958784,0.04258064576379768,0.0209062307868918,0.14687987062374244
0.05,1,3,Ucal,4,2026092404,pooled,2048,6846,0.039212284140532516,0.0018299215842627738,0.06620996050046836,0.01495251409691697,0.023496363743088222,0.018591031170717448,8.370513370805624e-05,0.05181602520416805,0.0,0.008043213960478746,0.01114373521829854,0.0031943277687141933,0.0461953727109946
0.05,1,3,E,0,2026092400,context_0,1939,6515,0.04020271362145611,0.0040890322378223905,0.06526880192954213,0.016046758791947568,0.029673270213884162,0.01337213886986445,1.1453172212639196e-05,0.05741297149877947,0.0,0.010450840029970097,0.009411883086107402,0.006409886368772785,0.04696044326932797
0.05,1,3,E,0,2026092400,context_1,109,331,0.05544306374522084,0.0352560679868445,0.07218446922175056,0.06531227299939008,0.024235980148127386,0.012317470120396773,0.02968352435833333,0.05244702931959804,0.0,0.07050846752958784,0.03358405071376938,0.029820574193357104,0.14519610834920774
0.05,1,3,E,0,2026092400,pooled,2048,6846,0.04042039665385244,0.005691729030755384,0.06548445881882828,0.015429634894736846,0.02897040941443968,0.013406351868715555,4.3065939725667624e-05,0.056563216216171615,0.0,0.008043213960478746,0.009194849563837294,0.005764537304534618,0.045838602382161274
0.05,1,3,E,1,2026092401,context_0,1939,6515,0.03975720021629153,0.009917500126337906,0.06693255591655871,0.019393151948733655,0.02061228840760243,0.010448130667854619,8.247908589248886e-06,0.05111254557100202,0.0,0.010450840029970097,0.012171176203005103,0.013565393197922946,0.05016392191455361
0.05,1,3,E,1,2026092401,context_1,109,331,0.053249691350530544,0.02764094335179555,0.07399031592854387,0.07593318189199853,0.031673932890758844,0.02150995469105485,0.03411666162947478,0.05580363345350738,0.0,0.07050846752958784,0.054673541316070155,0.040986484765585265,0.15144935747162735
0.05,1,3,E,1,2026092401,pooled,2048,6846,0.040048925577828354,0.010771703954952973,0.06720085159018549,0.02028601851227228,0.020859991652148024,0.011100333524528203,0.00011927374343144751,0.05119830904954674,0.0,0.008043213960478746,0.014402630725770086,0.0116774608670129,0.05001285197170488
0.05,1,3,E,2,2026092402,context_0,1939,6515,0.036982813455093355,0.0021360106237910434,0.06451237206353318,0.019881346086055723,0.025400919071592365,0.009460297345061153,5.593258737828947e-05,0.053127719487860055,0.0,0.010450840029970097,0.014316914776808149,0.00510861132100703,0.04866697529582013
0.05,1,3,E,2,2026092402,context_1,109,331,0.05144000620100598,0.02202558183243999,0.07105383407595005,0.07464756702693975,0.06533569345978898,0.0018890648370191582,0.03034556181900412,0.10371331368093979,0.0,0.07050846752958784,0.052182165757372535,0.037668394230468506,0.15558176054058093
0.05,1,3,E,2,2026092402,pooled,2048,6846,0.03735716616187723,0.0031236380775233018,0.06482361325664435,0.020094846231772833,0.02733152902399688,0.009067274813041037,0.00011397901379128642,0.05446348814971938,0.0,0.008043213960478746,0.015018166108050186,0.003893523302931628,0.04770607495867732
0.05,1,3,E,3,2026092403,context_0,1939,6515,0.038576002344928084,0.001955993297620096,0.06426640838388904,0.01461193369591439,0.025495539491357744,0.011703173740238798,3.2405950933286594e-05,0.05267161796332836,0.0,0.010450840029970097,0.009410026742300357,0.006536793731194222,0.046614052978134084
0.05,1,3,E,3,2026092403,context_1,109,331,0.0492256680556671,0.024942135374250538,0.06729521335883804,0.07861601653798736,0.027964705750929478,0.004370930129818734,0.024820425612578342,0.05409492948520462,0.0,0.07050846752958784,0.05400277737828189,0.0257407924799373,0.14739568304632064
0.05,1,3,E,3,2026092403,pooled,2048,6846,0.038774739344786535,0.0006085912815004136,0.06412702395811917,0.015706935140555395,0.02522915141643789,0.011391997569263554,1.9423303725497193e-05,0.052394944524112246,0.0,0.008043213960478746,0.008615211901640975,0.0067089747992977716,0.04679331999495506
0.05,1,3,E,4,2026092404,context_0,1939,6515,0.038822545945304876,0.0014026737866447746,0.065650945781823,0.016041377986936896,0.02456854097379302,0.018272177166863024,1.116201696655018e-05,0.05218613645619575,0.0,0.010450840029970097,0.012222492495907122,0.007780690002892226,0.048781569149754025
0.05,1,3,E,4,2026092404,context_1,109,331,0.05372998914823953,0.011591889868418373,0.07566428996760168,0.07602480673881071,0.027586212149370414,0.0327029288670303,0.016871543994611535,0.05249741938228302,0.0,0.07050846752958784,0.04895577487359849,0.025115221942859693,0.15586196338123226
0.05,1,3,E,4,2026092404,pooled,2048,6846,0.03930034883813299,0.0018504203872805045,0.06614656332678698,0.015367503077040205,0.023964020992838425,0.01911656667343481,7.868542131829644e-05,0.052020288598422955,0.0,0.008043213960478746,0.011734474865076956,0.0067497553764855655,0.04656422711042083
0.05,1,3,Ecal,0,2026092400,context_0,1939,6515,0.04024580685366397,0.003954053134452528,0.06524941876295104,0.016435433406041495,0.03001056109353878,0.014088388167495774,7.0645345237748774e-06,0.057813613723028484,0.0,0.010450840029970097,0.009508747495139637,0.0030564517541708373,0.047578067197468495
0.05,1,3,Ecal,0,2026092400,context_1,109,331,0.055069929416862624,0.03506349725430376,0.07208953987790007,0.06440923668343829,0.02462493386263536,0.01109230961429128,0.030373487624807086,0.05266361963241274,0.0,0.07050846752958784,0.034866090022917545,0.03393578372255798,0.15257404017473872
0.05,1,3,Ecal,0,2026092400,pooled,2048,6846,0.04046113731914747,0.005553956987008438,0.06545786885568732,0.015103545702899946,0.02926784566546503,0.014030666139020737,9.727411463650868e-06,0.056885695149826894,0.0,0.008043213960478746,0.008160530368220086,0.003216045312496762,0.0462512687348262
0.05,1,3,Ecal,1,2026092401,context_0,1939,6515,0.03967101375187582,0.00992524218269188,0.06686105158463931,0.019223425008567982,0.020814662935395134,0.010489277780176748,7.66673994965296e-06,0.051161437319918915,0.0,0.010450840029970097,0.012407147572790798,0.004008181733823145,0.04981234079636958
0.05,1,3,Ecal,1,2026092401,context_1,109,331,0.05362282567888875,0.027615206239185473,0.07389101968697001,0.08001291050305558,0.03245184031977479,0.018569434696451115,0.031240899895513347,0.05637688733674991,0.0,0.07050846752958784,0.058619258232675955,0.042876415091304736,0.153842323650141
0.05,1,3,Ecal,1,2026092401,pooled,2048,6846,0.03994814706299127,0.01077868455007761,0.06713034901139016,0.020864564554464653,0.02111507742473906,0.010976688031968648,0.00011424645147898411,0.051263594744737295,0.0,0.008043213960478746,0.014728556048130611,0.005088072656637603,0.04994519446516549
0.05,1,3,Ecal,2,2026092402,context_0,1939,6515,0.03697615747371885,0.002001040633490599,0.06449642968661004,0.019762198584808183,0.025715723892603348,0.009687089684138922,6.427930818901385e-05,0.053208485425311765,0.0,0.010450840029970097,0.014036808767456884,0.007850907004162341,0.04909166101834645
0.05,1,3,Ecal,2,2026092402,context_1,109,331,0.05181314052936419,0.02193133781467269,0.07128287100984539,0.07755384994482731,0.06494673974528102,0.0010314964457337067,0.02335009667281203,0.1041876925327382,0.0,0.07050846752958784,0.05367470307080541,0.03129732196460862,0.15821770903172888
0.05,1,3,Ecal,2,2026092402,pooled,2048,6846,0.03737728254337658,0.002991237443348952,0.06482067220602891,0.01980261484842196,0.02749926005842307,0.00933310213929199,0.00015132017469129217,0.05456164821205391,0.0,0.008043213960478746,0.014549648457156963,0.007935855241630117,0.047648249456992905
0.05,1,3,Ecal,3,2026092403,context_0,1939,6515,0.0384967852777508,0.0018303747359509877,0.06417081986052749,0.014468144017900902,0.025405595256783153,0.011983540814614696,2.1367791439097798e-05,0.05271497519776906,0.0,0.010450840029970097,0.0086577000455354,0.00562496817993037,0.04646262857170797
0.05,1,3,Ecal,3,2026092403,context_1,109,331,0.049100527272285796,0.02471879706341535,0.06730511920286986,0.0760169806868361,0.02718679832191353,0.0024449473192597465,0.020491858157208998,0.05371709407896573,0.0,0.07050846752958784,0.05105659912177317,0.02109357739210459,0.1494032203371797
0.05,1,3,Ecal,3,2026092403,pooled,2048,6846,0.038733462105291216,0.0005021929778944202,0.0640377795140423,0.015973243226737873,0.025207894268721942,0.011553885976124292,6.094150526178219e-06,0.05245473649445004,0.0,0.008043213960478746,0.00872407974110391,0.0057467670056602325,0.046520801096619956
0.05,1,3,Ecal,4,2026092404,context_0,1939,6515,0.03876656843672499,0.0013376435550314352,0.06558800377977228,0.01602487658245098,0.02479340156022941,0.017953919268961394,1.447916578547955e-05,0.05226246766280686,0.0,0.010450840029970097,0.011773485145596344,0.00221940835752774,0.048709983911003035
0.05,1,3,Ecal,4,2026092404,context_1,109,331,0.05409555899640827,0.011278183285786343,0.07573249137579013,0.07661419733383623,0.02719725843486244,0.031684200794257905,0.011868497806501982,0.052420395572832214,0.0,0.07050846752958784,0.051826448411178984,0.02502299376985691,0.1560179684124657
0.05,1,3,Ecal,4,2026092404,pooled,2048,6846,0.0392392378401904,0.001772028898154698,0.06608893205353168,0.015190410552625586,0.02421910676542946,0.018757372974220143,0.00010544198690167015,0.05210421628945297,0.0,0.008043213960478746,0.011356226669480274,0.0032080159997512885,0.04602105261428541
0.05,1,4,U,0,2026092500,context_0,1955,6515,0.03748654612854241,0.002379380101616121,0.06530637761799553,0.01747680635835241,0.02058665081630129,0.01769514965759797,0.00011921008184167988,0.05070861946774521,0.0,0.012319053217736756,0.010388016507893859,0.007456338400193431,0.04684237703760161
0.05,1,4,U,0,2026092500,context_1,93,331,0.06637426800627642,0.03471852131813946,0.07554396664172465,0.07704295718476331,0.02935506698226007,0.003299238975509683,0.0221913124254461,0.05498354726299788,0.0,0.08003605886365853,0.04953680817475862,0.024475535812161664,0.16363792233191055
0.05,1,4,U,0,2026092500,pooled,2048,6846,0.03839245388044793,0.0038945031460486017,0.06563182629791416,0.018957704815789674,0.020486585205632957,0.017002728564975672,7.607338373678786e-05,0.05072445606872976,0.0,0.00936835264205375,0.011980638316294819,0.007558023456279137,0.04555428546200597
0.05,1,4,U,1,2026092501,context_0,1955,6515,0.03705116788618362,0.003426829565901353,0.06453867274087695,0.015457147580401788,0.021688604875181206,0.013161502264265698,3.489927376223404e-05,0.050965441418165044,0.0,0.012319053217736756,0.007533174381084756,0.010920095943014197,0.04725205526608721
0.05,1,4,U,1,2026092501,context_1,93,331,0.05008041121945126,0.06211750601771367,0.07405538438662743,0.0726167787710794,0.03787364876406139,0.007080783707712979,0.025013392475859084,0.05520604529535479,0.0,0.08003605886365853,0.04078076416353527,0.04228847337071187,0.1663738570553884
0.05,1,4,U,1,2026092501,pooled,2048,6846,0.03730346847706745,0.00038907891351908823,0.06485594085216498,0.015960249406611525,0.021298112580653394,0.012244976079833617,8.315999344117152e-05,0.05092501196629113,0.0,0.00936835264205375,0.007852442373523092,0.010319480355416053,0.04726371434258841
0.05,1,4,U,2,2026092502,context_0,1955,6515,0.03853656219338686,0.0064128776557724875,0.06769660655054745,0.014777016917968804,0.025017456075495464,0.011151326941189213,2.5145611302243435e-05,0.05184836489783952,0.0,0.012319053217736756,0.008850189173898158,0.006218514581996138,0.046989912195983766
0.05,1,4,U,2,2026092502,context_1,93,331,0.06020218782852608,0.007091348448686547,0.08238807383832052,0.08464933297435423,0.04421195188013958,0.013322658555404501,0.029913087173956285,0.08570014720843533,0.0,0.08003605886365853,0.052916449949318836,0.045776483539245155,0.16271663871941203
0.05,1,4,U,2,2026092502,pooled,2048,6846,0.03944914130048088,0.00584259226117374,0.06830662799224611,0.015630252519464233,0.02381752341951407,0.010126054310183819,8.121502614641786e-05,0.051336844411996346,0.0,0.00936835264205375,0.011404579601810627,0.005819833828979893,0.04650131877050854
0.05,1,4,U,3,2026092503,context_0,1955,6515,0.03756751501699973,0.0008778274193481993,0.06730262314769347,0.022690012619921023,0.023449011328519287,0.029241340003979294,2.6502648880143923e-06,0.051789562347855186,0.0,0.012319053217736756,0.017447890386067935,0.005627119336390835,0.04840685382173531
0.05,1,4,U,3,2026092503,context_1,93,331,0.05219648414363158,0.033938513691241616,0.06589821067693945,0.07776619509248679,0.04191332568751373,0.051727534765846364,0.030271541709478114,0.06899725630823307,0.0,0.08003605886365853,0.034768122198377806,0.03126211486294815,0.16249562253865815
0.05,1,4,U,3,2026092503,pooled,2048,6846,0.038035682192944564,0.0007625069496756295,0.06725847405682045,0.02308895473639577,0.024011877593586473,0.02572095235040117,0.00013194649330532777,0.05211924374291163,0.0,0.00936835264205375,0.018213421975194235,0.006211905040691652,0.04825535215795071
0.05,1,4,U,4,2026092504,context_0,1955,6515,0.03778846473864644,0.006922074617061028,0.06891321637988417,0.017186697780146608,0.021653973959812,0.015865497875345927,2.7537049953092827e-05,0.05102957997958095,0.0,0.012319053217736756,0.01194745133787201,0.006128926807496677,0.04826759732383276
0.05,1,4,U,4,2026092504,context_1,93,331,0.03784794167509205,0.02942567378573932,0.05746735603684759,0.08024329512153237,0.032062419169859205,0.010861234843724504,0.03555948432358652,0.05779377947366893,0.0,0.08003605886365853,0.045031739973031656,0.04607804386008223,0.17259995644812323
0.05,1,4,U,4,2026092504,pooled,2048,6846,0.03683798388709225,0.008003430710425648,0.06837064420327,0.01779608838752094,0.0215429957240513,0.01561514570944321,1.4170596430062871e-05,0.05106941431304556,0.0,0.00936835264205375,0.013008809932011537,0.006065993959606218,0.047925083924237104
0.05,1,4,Ucal,0,2026092500,context_0,1955,6515,0.037524772018835806,0.0024453508941093154,0.06534527522490183,0.01728242921525617,0.020698068946259363,0.017376922659951805,9.32805040239027e-05,0.05072614171419803,0.0,0.012319053217736756,0.010191504056712312,0.009816404526083351,0.04642239161495652
0.05,1,4,Ucal,0,2026092500,context_1,93,331,0.06589337545715195,0.035267127075907775,0.07539247925563135,0.07124754772678316,0.030289646421512408,0.005981237833982564,0.016291768815408156,0.05538154163652765,0.0,0.08003605886365853,0.0423811987769716,0.02501156051926908,0.168677974940398
0.05,1,4,Ucal,0,2026092500,pooled,2048,6846,0.038383362865782755,0.003979127684974701,0.06565085497231882,0.018807275847796668,0.020614201336311866,0.016827988637735908,7.297627005010314e-05,0.05074647472228825,0.0,0.00936835264205375,0.012126433338801835,0.009482614228298056,0.045652803654320465
0.05,1,4,Ucal,1,2026092501,context_0,1955,6515,0.03696575437803734,0.003333849291117381,0.06453295170145623,0.01599322304612968,0.021733172127164524,0.013174545671330862,3.459081588945285e-05,0.05096542819009945,0.0,0.012319053217736756,0.007814913375612357,0.002738411609647405,0.0476655521591268
0.05,1,4,Ucal,1,2026092501,context_1,93,331,0.04955933687826032,0.06229070594604152,0.07380924444186143,0.0659439196770415,0.03600448988555672,0.0035290963350195076,0.022565502858469484,0.05441416036665503,0.0,0.08003605886365853,0.04415676323728054,0.03582489837400811,0.1615067034940595
0.05,1,4,Ucal,1,2026092501,pooled,2048,6846,0.037246619550600546,0.00029348092851149126,0.06484430962139197,0.015910816507796275,0.021319381935766546,0.012405519372583593,6.47998483531496e-05,0.050912134221369566,0.0,0.00936835264205375,0.0069387070391269,0.001745784258046772,0.04763107183586796
0.05,1,4,Ucal,2,2026092502,context_0,1955,6515,0.03853656219338686,0.006392937147420015,0.06770415354133805,0.014071055581538911,0.02479461981557926,0.009965953410613848,3.637891683214118e-05,0.05172903671811486,0.0,0.012319053217736756,0.00876493472944075,0.005834605477359617,0.04696080540676498
0.05,1,4,Ucal,2,2026092502,context_1,93,331,0.059249145212233,0.006894927874021659,0.08246352161281943,0.07875823987075554,0.04327737244088724,0.014463785939353754,0.025345815819785816,0.08370028120197004,0.0,0.08003605886365853,0.04612034710119195,0.04911808280412761,0.15851561311117057
0.05,1,4,Ucal,2,2026092502,pooled,2048,6846,0.03938799667305548,0.005831020356575613,0.06831596058894059,0.015527571934901781,0.023626099223495706,0.008932293409920952,3.6896059894114645e-05,0.051264886087794954,0.0,0.00936835264205375,0.011533519307139367,0.008374051404835107,0.047054639370903935
0.05,1,4,Ucal,3,2026092503,context_0,1955,6515,0.03747142017014993,0.0007597078291797408,0.0672881157960423,0.022890815674027985,0.023248458694594798,0.02943859180544131,2.453948689618479e-06,0.05172117349135858,0.0,0.012319053217736756,0.017355949932640585,0.0041530014628279365,0.049250765895999575
0.05,1,4,Ucal,3,2026092503,context_1,93,331,0.05253256532497402,0.034419995007722554,0.06624451619016462,0.0755174970623164,0.04051145652863522,0.05381815334989779,0.021257986329886028,0.06612383668500169,0.0,0.08003605886365853,0.03353010829525359,0.019430635479928474,0.16513404224720582
0.05,1,4,Ucal,3,2026092503,pooled,2048,6846,0.038017195651941726,0.0008971879270407474,0.06725744685520758,0.023160580667173566,0.02373537597711539,0.025796413081267705,0.0001019382498050332,0.0520027931608599,0.0,0.00936835264205375,0.018104163261629235,0.004543220055196887,0.048677327115567985
0.05,1,4,Ucal,4,2026092504,context_0,1955,6515,0.03791658500086592,0.006923083583963157,0.06889688753538668,0.016946945482573406,0.021631690333820397,0.015619908548182806,1.9514604631290283e-05,0.051046512178237496,0.0,0.012319053217736756,0.011940924392591007,0.003574718549201817,0.04727838865696187
0.05,1,4,Ucal,4,2026092504,context_1,93,331,0.038203693440835226,0.028490913864354775,0.057389093599283465,0.07826403507885693,0.033464288328737705,0.0019034142401632148,0.028547926702004837,0.05903162338660711,0.0,0.08003605886365853,0.037510739662729616,0.04147173117896693,0.1739137038874642
0.05,1,4,Ucal,4,2026092504,pooled,2048,6846,0.036952341680901724,0.00796235732034631,0.06835065478561543,0.017776921885347585,0.021457918303598666,0.014810841318760606,6.828388957958245e-08,0.051097903309207764,0.0,0.00936835264205375,0.013212625356762901,0.004779020166376798,0.04758829811027284
0.05,1,4,E,0,2026092500,context_0,1955,6515,0.03731327311481869,0.0025080845003980856,0.06543485291681642,0.016278635199882898,0.020653501694276155,0.018867242883643942,0.00011585794820136603,0.05069350870540165,0.0,0.012319053217736756,0.010340977695968381,0.006636775157163509,0.04642610931765357
0.05,1,4,E,0,2026092500,context_1,93,331,0.06593899327966533,0.035402763828280254,0.07556157801056881,0.07418080237484376,0.03247968570801103,0.0003031077847000241,0.024971154853418914,0.056108412680915654,0.0,0.08003605886365853,0.042392911461130466,0.030252524789917558,0.16414946499366534
0.05,1,4,E,0,2026092500,pooled,2048,6846,0.03834011301830015,0.004044682262561115,0.06574859756252807,0.017631881070407758,0.02055039327097241,0.017953697523007656,8.302819300888206e-05,0.05071165723593199,0.0,0.00936835264205375,0.011721363641102222,0.007369854767968823,0.04464876795186172
0.05,1,4,E,1,2026092501,context_0,1955,6515,0.03725829657347546,0.0033841524720630398,0.06473697384906263,0.015979069830771648,0.022557666288854472,0.012344187238672505,3.161216000430997e-05,0.05114172343730172,0.0,0.012319053217736756,0.008754994958511245,0.010347706185194603,0.048165241331802715
0.05,1,4,E,1,2026092501,context_1,93,331,0.049141995447968975,0.06275628698254503,0.07386186655944742,0.07188317546930852,0.035069910446304385,0.0028623631344970174,0.026584990197778838,0.05467231689307009,0.0,0.08003605886365853,0.04019328058441024,0.03392746619765808,0.15626918267788023
0.05,1,4,E,1,2026092501,pooled,2048,6846,0.037582716857731735,0.0003236449308344409,0.06503616954067559,0.01607357132709268,0.022012558212950006,0.011895057368952827,5.083075255251984e-05,0.051075927076687844,0.0,0.00936835264205375,0.007347348912090211,0.009471342363151454,0.0477605078965519
0.05,1,4,E,2,2026092502,context_0,1955,6515,0.03837618400653625,0.006455084091871814,0.06785363964434019,0.014008564582639075,0.024911018178289557,0.010666234793564836,1.3451152336056628e-05,0.05184562916622302,0.0,0.012319053217736756,0.008006604268561021,0.0056550424099640175,0.04567036021545066
0.05,1,4,E,2,2026092502,context_1,93,331,0.059984970776853025,0.006571961146699862,0.08276328220152429,0.07956014629230358,0.04327737244088724,0.008157389522008049,0.0317150661208213,0.08459313052985962,0.0,0.08003605886365853,0.04323415118318007,0.05069821578223105,0.16012920463984617
0.05,1,4,E,2,2026092502,pooled,2048,6846,0.03924799631394038,0.005906663866969253,0.06847472528493134,0.01495483184915165,0.02368990728883516,0.009913458883285764,6.375990667301318e-05,0.051331428782029974,0.0,0.00936835264205375,0.010726314624355058,0.005115228088168208,0.04602699667494101
0.05,1,4,E,3,2026092503,context_0,1955,6515,0.03756568380141012,0.0007620376400254867,0.06743071590371416,0.021859915345887035,0.023671847588435546,0.029568495000361017,4.690928788858849e-06,0.051829678906945946,0.0,0.012319053217736756,0.01647392522848947,0.005006757944848312,0.048525384893588736
0.05,1,4,E,3,2026092503,context_1,93,331,0.05222164680003024,0.03444225345958951,0.06657355896526267,0.07765507972804327,0.03817500793050438,0.04501265513315475,0.034674283583812616,0.06218054577963812,0.0,0.08003605886365853,0.03391685103869935,0.03979708677774475,0.1697703253843472
0.05,1,4,E,3,2026092503,pooled,2048,6846,0.038110150199552884,0.0008952269879246076,0.06741281021505714,0.02187785834857404,0.024011877593586473,0.026258083578173386,0.00015308688684055084,0.05205486859130301,0.0,0.00936835264205375,0.017174405422157257,0.005482528185376802,0.04825706953184673
0.05,1,4,E,4,2026092504,context_0,1955,6515,0.03795398411557943,0.0069507220726296,0.06909556880503577,0.01699187771356177,0.021720824837786867,0.014700337863112506,2.828315276962029e-05,0.05096395008740142,0.0,0.012319053217736756,0.011870328015829837,0.006395139376334229,0.04827667118033394
0.05,1,4,E,4,2026092504,context_1,93,331,0.03860758489888675,0.02879736051079254,0.05766754243016133,0.07354296584289179,0.03252970888948537,0.0007738097041160852,0.03760275271657801,0.05857580418747884,0.0,0.08003605886365853,0.03180408456602794,0.05141053153647685,0.170373079917813
0.05,1,4,E,4,2026092504,pooled,2048,6846,0.037028096286582934,0.008002873248351647,0.06855283591678173,0.0175796242965793,0.021436648948485515,0.014052643499653156,4.750619971947458e-06,0.05100060853283239,0.0,0.00936835264205375,0.01265266030770855,0.005166903208490704,0.04798670749779141
0.05,1,4,Ecal,0,2026092500,context_0,1955,6515,0.03743925524922337,0.00242092434512153,0.06544863840682932,0.015997387759140995,0.02076491982423423,0.01897711324823914,0.0001144528192606466,0.05071507425520865,0.0,0.012319053217736756,0.010362331073004931,0.011126030032040974,0.0464728289828978
0.05,1,4,Ecal,0,2026092500,context_1,93,331,0.06683464934773518,0.03585972854120144,0.0759383499931836,0.06834571706248727,0.03201239598838486,0.0001856997589875925,0.020258079599165132,0.05580965480188883,0.0,0.08003605886365853,0.04014205860679693,0.029232966097402776,0.16709838884526432
0.05,1,4,Ecal,0,2026092500,pooled,2048,6846,0.038521445000063936,0.0039819926338429,0.06577805841135101,0.017783809915084,0.02065674004653817,0.018080140294423203,0.00010419773688484296,0.05072975886267064,0.0,0.00936835264205375,0.0121060517963267,0.010422215813336355,0.0451317409421588
0.05,1,4,Ecal,1,2026092501,context_0,1955,6515,0.03721558981940232,0.003329776099818144,0.06471181196439571,0.01639215758817629,0.02257994991484613,0.012592362279725614,3.439757436434538e-05,0.05112725686889101,0.0,0.012319053217736756,0.008690944127771974,0.0023433949478075386,0.04846383842370222
0.05,1,4,Ecal,1,2026092501,context_1,93,331,0.04958982348200391,0.06299363526099482,0.07405741876418066,0.07077640343982862,0.035069910446304385,0.0019346003101776144,0.027951793781967285,0.05474529370007011,0.0,0.08003605886365853,0.04001820677908862,0.04100808036710737,0.15693603649137292
0.05,1,4,Ecal,1,2026092501,pooled,2048,6846,0.0375623353152566,0.0002614790589002484,0.06501643163176703,0.01664813269562447,0.022012558212950006,0.012091216335634605,8.002495522626283e-05,0.05105942209941516,0.0,0.00936835264205375,0.007874300027637247,0.0022222000446029794,0.04822710589446648
0.05,1,4,Ecal,2,2026092502,context_0,1955,6515,0.038339807932573355,0.006552139361201294,0.06790251755372842,0.014311558895584763,0.02479461981557926,0.009960714494109416,8.7146282561074e-06,0.05176084788514308,0.0,0.012319053217736756,0.007329982212360389,0.00645434159271589,0.04602367209320181
0.05,1,4,Ecal,2,2026092502,context_1,93,331,0.059984970776853025,0.006493174817441098,0.08273702774322553,0.07423052389456256,0.04327737244088724,0.01017178287179743,0.03080460618595616,0.08511886712068756,0.0,0.08003605886365853,0.03903378089423597,0.05330753611312155,0.16153920297119892
0.05,1,4,Ecal,2,2026092502,pooled,2048,6846,0.03920723322899011,0.006002359518326259,0.0685236381339903,0.01476167179761761,0.023541021803043072,0.009146549092047068,7.012231918340816e-05,0.05126208321573907,0.0,0.00936835264205375,0.009825116303762468,0.008447594551083543,0.0462858568790756
0.05,1,4,Ecal,3,2026092503,context_0,1955,6515,0.03762533747170388,0.0008040568509319537,0.06743323666464537,0.022064672057101036,0.02360499671046068,0.028289937910686264,7.113721538717119e-07,0.051859952008121796,0.0,0.012319053217736756,0.016971589145982204,0.0053848539344416085,0.049850388041924425
0.05,1,4,Ecal,3,2026092503,context_1,93,331,0.053117302868100104,0.034626809734410305,0.06633346209404226,0.07809172365901333,0.04004416680900905,0.046607909581346585,0.034420735200215054,0.06568978809226052,0.0,0.08003605886365853,0.0330329076547883,0.03567145861916657,0.1709720776914542
0.05,1,4,Ecal,3,2026092503,pooled,2048,6846,0.03813053174202802,0.0008630063745406854,0.06740350301240534,0.02258339253894587,0.024054416303812776,0.024992110559146852,0.00012680848252581982,0.05214660774445894,0.0,0.00936835264205375,0.018173101003438892,0.005680535493474335,0.04928030149602114
0.05,1,4,Ecal,4,2026092504,context_0,1955,6515,0.038009538237282314,0.006942892584847438,0.06913114494089988,0.016699813293921513,0.021720824837786867,0.014314224799199762,4.185756320627471e-05,0.05100242297954091,0.0,0.012319053217736756,0.011086780010757413,0.004551928386685082,0.04676627618426488
0.05,1,4,Ecal,4,2026092504,context_1,93,331,0.03853265734520077,0.029024191357319006,0.05752234053946365,0.07412350543702372,0.032062419169859205,0.000390230864251509,0.03396678828100046,0.05811411541516474,0.0,0.08003605886365853,0.029428090928313166,0.04768503164240063,0.1734971161888656
0.05,1,4,Ecal,4,2026092504,pooled,2048,6846,0.037052871142648935,0.008004273045081169,0.06858288689115294,0.017485028979314678,0.021457918303598666,0.013631788119526839,3.524908931516876e-05,0.051041710898543806,0.0,0.00936835264205375,0.012408523911201827,0.004723419152780132,0.047234162652777634
0.10,0,0,U,0,2026092100,context_0,1856,6193,0.029143575882802475,0.0009992685226493227,0.058919180021156065,0.016442171168474715,0.021262477802443128,0.0199233430470864,2.424665632538926e-06,0.051542590960015906,0.0,0.012401496040440562,0.009118080001249015,0.006859398675478598,0.04832686101246033
0.10,0,0,U,0,2026092100,context_1,192,653,0.026307703169786034,0.011615473392846375,0.057059985897229604,0.05170082743695292,0.031945678000758704,0.034935655216015674,5.91818688208428e-05,0.05450080242848563,0.0,0.06598451856814701,0.035862364597759114,0.013283326689345084,0.12758746956529135
0.10,0,0,U,0,2026092100,pooled,2048,6846,0.028127754486897916,0.001970685167507572,0.05834213718977519,0.015221793636136165,0.021038267069843117,0.02130455575340777,2.619248484249815e-06,0.05150459490026331,0.0,0.011237280152187418,0.008628666604966698,0.007392550693323073,0.045148059781129415
0.10,0,0,U,1,2026092101,context_0,1856,6193,0.032897726224717205,0.002078650981409857,0.061478393247117805,0.017350058050159267,0.02003646765518291,0.029027864692168906,4.319832602845536e-05,0.05148218989448739,0.0,0.012401496040440562,0.011428151703250242,0.008239013331238138,0.048587192291428424
0.10,0,0,U,1,2026092101,context_1,192,653,0.029424088826048744,0.015704010208354387,0.06319379412534215,0.06112564694272222,0.03228839155044172,0.019869208764758922,0.000384811684826023,0.05312397953502083,0.0,0.06598451856814701,0.041902895615626747,0.01868653666815931,0.1390698368088812
0.10,0,0,U,1,2026092101,pooled,2048,6846,0.0317997262590739,0.0034022465340657606,0.061466636291885784,0.017819257223069613,0.019566424066430152,0.028166281066922996,3.35965185125197e-05,0.051327380968209206,0.0,0.011237280152187418,0.012321387907778914,0.007424663614167142,0.048528991822275554
0.10,0,0,U,2,2026092102,context_0,1856,6193,0.033484911717669985,0.004377252149839247,0.06360291358679983,0.014473848568637954,0.02091056475115577,0.02838417453583429,2.0256474209246554e-05,0.05150450060305093,0.0,0.012401496040440562,0.00900900230126815,0.007545691838920598,0.04795219870279588
0.10,0,0,U,2,2026092102,context_1,192,653,0.025205031135027478,0.0014825804301302763,0.060427746473070636,0.044503397300015214,0.022376426885856837,0.03862139561554244,4.003691860786937e-05,0.05217637160772693,0.0,0.06598451856814701,0.022757439345969407,0.01280303507865811,0.13417144954840385
0.10,0,0,U,2,2026092102,pooled,2048,6846,0.03194570996748547,0.003791110067545354,0.06322512165834182,0.015264148069222272,0.020157032914838002,0.029392884081967455,1.4733835306813013e-05,0.05129004017024165,0.0,0.011237280152187418,0.009349676088091884,0.006351211489741381,0.04439731922926943
0.10,0,0,U,3,2026092103,context_0,1856,6193,0.030747586727927323,0.0051821323763020155,0.05972531413371482,0.021425771735038564,0.024228102901507453,0.03270429860752393,2.9937653152050194e-05,0.052241099930242785,0.0,0.012401496040440562,0.016075919637912873,0.006298055984445485,0.045994852689165734
0.10,0,0,U,3,2026092103,context_1,192,653,0.02844072497127692,0.036930208976327775,0.060407180433084594,0.04722292309691112,0.029422232918228097,0.02344360097634586,0.0001657966597295497,0.0514336659149602,0.0,0.06598451856814701,0.024881659951562076,0.014970160511627521,0.13013203923532418
0.10,0,0,U,3,2026092103,pooled,2048,6846,0.02975581585917586,0.0011543506142594352,0.059736937754836954,0.020476866561993875,0.024033813381580005,0.03183667957726026,3.734357601916825e-05,0.05186062260061452,0.0,0.011237280152187418,0.01627135185818896,0.006392008242871744,0.04595940564454841
0.10,0,0,U,4,2026092104,context_0,1856,6193,0.03258598251016187,0.0037361843977307668,0.061191656732644636,0.02045312694805535,0.021344775209234057,0.03596425463412563,3.459200556092039e-05,0.05176242813558671,0.0,0.012401496040440562,0.014519879897771492,0.009537584953480428,0.05071724122488364
0.10,0,0,U,4,2026092104,context_1,192,653,0.033212262142136795,0.023818187204931493,0.0634215633493873,0.06325857214670487,0.028864214123707127,0.017120772332957973,0.0002361311720915303,0.05119531350915258,0.0,0.06598451856814701,0.04762863488351081,0.013996686440280346,0.14214875964251694
0.10,0,0,U,4,2026092104,pooled,2048,6846,0.03247547723962807,0.0009964522279881068,0.061067197033544934,0.01800194961712811,0.021957222384752145,0.034237456271099434,4.923452457894354e-05,0.0516017178783232,0.0,0.011237280152187418,0.013697396848273296,0.00822963069646811,0.045268654688316604
0.10,0,0,Ucal,0,2026092100,context_0,1856,6193,0.029170870004853355,0.001122980977018258,0.058954134865167485,0.016601908293815363,0.0213802273726572,0.020084109791042623,2.063060194178049e-07,0.051525409582299474,0.0,0.012401496040440562,0.008950504323276858,0.003133914105207625,0.04838315711336091
0.10,0,0,Ucal,0,2026092100,context_1,192,653,0.02646078853781031,0.011546270338526047,0.05709871337931164,0.051151573373130955,0.03171927999306118,0.03569439564781908,0.0001468694454151311,0.05451192063342535,0.0,0.06598451856814701,0.03651326500999605,0.008367798386445906,0.12917247457630454
0.10,0,0,Ucal,0,2026092100,pooled,2048,6846,0.028165953762954776,0.002076438770208049,0.058381852552148054,0.01506343918626252,0.0211449223599455,0.02151925861668548,8.919338477042862e-07,0.051482229990702164,0.0,0.011237280152187418,0.007950894183735513,0.0033420346280871914,0.04525437425843713
0.10,0,0,Ucal,1,2026092101,context_0,1856,6193,0.03296541728272845,0.0019958468675774785,0.06149624649417321,0.017471027477138117,0.020012917741140113,0.02892707427211931,3.580042536348901e-05,0.05148619253441716,0.0,0.012401496040440562,0.011333399055466084,0.00615684555359675,0.04848415090807129
0.10,0,0,Ucal,1,2026092101,context_1,192,653,0.029424088826048744,0.015794685759844967,0.06323813728589536,0.06083275972366731,0.032061993542744194,0.020284718513084374,0.00043369339197893376,0.05299735493986763,0.0,0.06598451856814701,0.041902895615626705,0.01934770945227,0.13897047423076148
0.10,0,0,Ucal,1,2026092101,pooled,2048,6846,0.031844919754742906,0.003336297984109517,0.06148454039466977,0.01804040274786359,0.019609086182471105,0.02811384172052371,2.8873546003121194e-05,0.05133527960562366,0.0,0.011237280152187418,0.012648399026156956,0.00546195530438472,0.04841537474564386
0.10,0,0,Ucal,2,2026092102,context_0,1856,6193,0.03350747540367377,0.004367170436256373,0.0636267140352649,0.015205898857074514,0.02114606389158391,0.028322447690495536,2.1560125023225527e-05,0.05153283919341955,0.0,0.012401496040440562,0.01013595144470826,0.0038344414149600768,0.048399094926318144
0.10,0,0,Ucal,2,2026092102,context_1,192,653,0.025205031135027478,0.001730814762185377,0.06030714529872597,0.04533202492501875,0.022376426885856837,0.03868086319007259,5.826054201873998e-05,0.052197001392508095,0.0,0.06598451856814701,0.02276777901863089,0.018274533079531193,0.1346588576313125
0.10,0,0,Ucal,2,2026092102,pooled,2048,6846,0.032047900941978624,0.003758383140594717,0.06323934084636172,0.015217788794461713,0.020370343495042798,0.02934352014182416,2.0519646902512174e-05,0.05131002430204666,0.0,0.011237280152187418,0.00904835328142268,0.003854455646400782,0.045259686270715166
0.10,0,0,Ucal,3,2026092103,context_0,1856,6193,0.03081527778593851,0.005189735757016765,0.059695004683300475,0.0213715035412646,0.024322302557678754,0.03272406059995146,2.3989524022222726e-05,0.05227477482191765,0.0,0.012401496040440562,0.016053355951909144,0.004792200568581702,0.04587400807167873
0.10,0,0,Ucal,3,2026092103,context_1,192,653,0.02844072497127692,0.03665846762700285,0.060520906976077565,0.04268486690687219,0.0303278249490182,0.02234760150514606,0.00030264709152830486,0.05172283128466271,0.0,0.06598451856814701,0.019355049473393265,0.011936887718634454,0.12728383919667277
0.10,0,0,Ucal,3,2026092103,pooled,2048,6846,0.02975581585917586,0.001183769152330775,0.05971722164956342,0.020367924721962947,0.024055144439600495,0.03175298657429103,3.604080728828211e-05,0.05186212954338186,0.0,0.011237280152187418,0.016353104637783465,0.005061770425000977,0.045541708370162234
0.10,0,0,Ucal,4,2026092104,context_0,1856,6193,0.03261823960053789,0.003700778445502367,0.06116404385383945,0.02134169885566018,0.021344775209234057,0.03587901934298972,2.99675150995738e-05,0.051730258057751055,0.0,0.012401496040440562,0.015212818031111908,0.005980998528380018,0.05123918864300095
0.10,0,0,Ucal,4,2026092104,context_1,192,653,0.032995295338057784,0.023921637926184902,0.0634583222007082,0.06065867456754195,0.029090612131404653,0.017566694311930378,0.00013586495661318073,0.05115084711992336,0.0,0.06598451856814701,0.04676363671845619,0.017490492063872726,0.14196787680500397
0.10,0,0,Ucal,4,2026092104,pooled,2048,6846,0.032577668214121225,0.0009535638152751811,0.06105144977563208,0.018703672121488935,0.02189322921069073,0.034200302478462855,4.277816728439813e-05,0.05157017704425046,0.0,0.011237280152187418,0.014453337827553538,0.004248974565755683,0.04557015763239525
0.10,0,0,E,0,2026092100,context_0,1856,6193,0.035996492700149096,0.0021388537083952383,0.0662539943073118,0.016672992545667654,0.020426328561564344,0.020807724160456134,8.316509948674995e-06,0.0514771800230367,0.0,0.012401496040440562,0.010104912793072546,0.002278090619600249,0.04879684596477358
0.10,0,0,E,0,2026092100,context_1,192,653,0.03195880552442337,0.012252518722794835,0.0616728211572311,0.0531076487476745,0.0220830497195591,0.022275969607733495,3.973867355377416e-05,0.04968435463954023,0.0,0.06598451856814701,0.036136892609027305,0.017677288519842932,0.1317310109201199
0.10,0,0,E,0,2026092100,pooled,2048,6846,0.034963413672206956,0.003065184699874917,0.06549809912642258,0.018647149569243557,0.020432245216041145,0.02094618102123512,1.1543023773890118e-05,0.0512422234154505,0.0,0.011237280152187418,0.01358744066234743,0.0025563279443600786,0.04588096142280485
0.10,0,0,E,1,2026092101,context_0,1856,6193,0.039409873371923254,0.0009730500880061582,0.06879373996141937,0.019075767690140195,0.021690487351475607,0.025287171392264704,5.166065170100146e-05,0.05219899397932365,0.0,0.012401496040440562,0.013423132441748259,0.0055724864225083475,0.04848972445910988
0.10,0,0,E,1,2026092101,context_1,192,653,0.030830242727557966,0.014617071501726387,0.06803168377061372,0.06566071426730928,0.034778769635114615,0.01269228105323654,0.0010115712536931973,0.05590170818233841,0.0,0.06598451856814701,0.04695701354549785,0.023761143100863608,0.14256421836200908
0.10,0,0,E,1,2026092101,pooled,2048,6846,0.03826119699901598,0.0022960591887713176,0.06859880543194527,0.018863703731789076,0.022929051043672488,0.02409494684991001,5.89700654125805e-05,0.05228906874466749,0.0,0.011237280152187418,0.012943376187822557,0.006312844622427325,0.04848142687444781
0.10,0,0,E,2,2026092102,context_0,1856,6193,0.04057242168730335,0.005215863218039341,0.0710752228947172,0.01640188150826545,0.020803217234420024,0.02616753940699272,1.970666630931708e-05,0.051881944175064844,0.0,0.012401496040440562,0.010766765008412133,0.002502077250258021,0.04915526313264215
0.10,0,0,E,2,2026092102,context_1,192,653,0.03378887214490245,0.003172862735736479,0.06622687137592116,0.05141775094229885,0.026931854833555202,0.03508859776383601,3.4957388553688747e-05,0.05464037580625767,0.0,0.06598451856814701,0.026338846929129682,0.010001598366347973,0.13487456889536628
0.10,0,0,E,2,2026092102,pooled,2048,6846,0.038952517506204265,0.0043985512453102735,0.07058518062008536,0.01592494647741599,0.021386829966526077,0.027034664581460657,9.143819487798303e-06,0.05190040228638685,0.0,0.011237280152187418,0.01109297576841971,0.0023681188013437316,0.04513409800601423
0.10,0,0,E,3,2026092103,context_0,1856,6193,0.037799168788812065,0.006118617457449443,0.06664884700113333,0.018455684881188372,0.0201201796790077,0.030698567284336578,5.014696108869923e-05,0.051479598663402217,0.0,0.012401496040440562,0.01216641919251804,0.005639434792222887,0.04768276849615929
0.10,0,0,E,3,2026092103,context_1,192,653,0.03696284672865646,0.03491883473869526,0.067301711495229,0.04312646161691554,0.03576137713375904,0.01846028418774985,4.862468594348066e-05,0.053965823843611,0.0,0.06598451856814701,0.01747311816779448,0.01095798828015421,0.1296590593052994
0.10,0,0,E,3,2026092103,pooled,2048,6846,0.03683368602906889,0.002194484482175939,0.06663219015782057,0.019562119665315104,0.019941630881570194,0.02955545011823034,5.100430707625733e-05,0.05132619338304792,0.0,0.011237280152187418,0.015466028298623258,0.005970553042952726,0.04594819989064432
0.10,0,0,E,4,2026092104,context_0,1856,6193,0.040329424544923054,0.003996647333380045,0.06874636019612582,0.019500693847540773,0.020967976584549075,0.03697355570486448,1.137411963223606e-05,0.05142169663435887,0.0,0.012401496040440562,0.015261135654784142,0.002965285926327236,0.049441298141244275
0.10,0,0,E,4,2026092104,context_1,192,653,0.04095457022263532,0.02132752768104574,0.06884330519935143,0.0624074647795673,0.02727942806982439,0.020215541214648053,0.00032988929214519355,0.050250425548292475,0.0,0.06598451856814701,0.047894500300391,0.01876025713027235,0.1357252793391925
0.10,0,0,E,4,2026092104,pooled,2048,6846,0.04031507736550616,0.0014876350810179755,0.06845352812976112,0.01949524636328696,0.02068821791228692,0.03543643441118409,2.8978530107742214e-05,0.05121472175258852,0.0,0.011237280152187418,0.016502900091897525,0.002830400323945737,0.04609483739646566
0.10,0,0,Ecal,0,2026092100,context_0,1856,6193,0.03601604851274526,0.002097180049807681,0.06623979392681634,0.01639928202825855,0.02040277864752149,0.02070413817093608,5.27353831521497e-06,0.05149503578931501,0.0,0.012401496040440562,0.009537778421666254,0.00545436435838092,0.04864970325008322
0.10,0,0,Ecal,0,2026092100,context_1,192,653,0.03174183872034436,0.01209840675760652,0.06172630763646573,0.05494275709398957,0.022535845734954152,0.020472067935017046,0.00017510108162205687,0.049682064318880975,0.0,0.06598451856814701,0.037438693433501154,0.008987230652161976,0.1328016411990352
0.10,0,0,Ecal,0,2026092100,pooled,2048,6846,0.03502472825690284,0.003013284341542885,0.06549639641386955,0.01791184782006813,0.020389583100000164,0.020690740865485835,7.146485254458173e-06,0.05125121655054569,0.0,0.011237280152187418,0.012942539192825593,0.005772998541539447,0.0460496925150331
0.10,0,0,Ecal,1,2026092101,context_0,1856,6193,0.03939606779379595,0.001011837121576021,0.06881841922382459,0.01931778620355554,0.0216433875233899,0.02513559319424373,5.24100963481916e-05,0.052204517518433004,0.0,0.012401496040440562,0.013628312540598708,0.008564199295348811,0.04882756054884161
0.10,0,0,Ecal,1,2026092101,context_1,192,653,0.031047209531636977,0.014752687894242321,0.0680698832769805,0.06431014739940001,0.03432597361971956,0.014305961074762022,0.0007111121568561311,0.05554545236184354,0.0,0.06598451856814701,0.04522127911286602,0.02081845208110358,0.14241601254294067
0.10,0,0,Ecal,1,2026092101,pooled,2048,6846,0.03826119699901598,0.0023435345094928303,0.06862524974800142,0.018840651072190507,0.022843726811590526,0.024110907444769653,5.0773298219478026e-05,0.052279999076469644,0.0,0.011237280152187418,0.012587953441771863,0.007800504150706707,0.048467620334226406
0.10,0,0,Ecal,2,2026092102,context_0,1856,6193,0.04048216694328838,0.005232274830935854,0.07107888094886798,0.016621890864075162,0.02103871637484822,0.02629083351947055,8.31017401969667e-06,0.051945115731831075,0.0,0.012401496040440562,0.010924710810438349,0.003260437929250213,0.049368358940282145
0.10,0,0,Ecal,2,2026092102,context_1,192,653,0.03378887214490245,0.003068233962421601,0.06618854663748151,0.05120875095641506,0.026904387039807465,0.03490802458770116,5.1258134549632384e-05,0.054566239591559006,0.0,0.06598451856814701,0.02655581373320864,0.012264557130582813,0.1343377400445152
0.10,0,0,Ecal,2,2026092102,pooled,2048,6846,0.03889120292150838,0.004423187907387152,0.07058444571032736,0.01590090868611798,0.021578809488710382,0.027127972236185946,1.9975419824993005e-06,0.05196080643070058,0.0,0.011237280152187418,0.011263475547220937,0.002598712382082062,0.044960397121018986
0.10,0,0,Ecal,3,2026092103,context_0,1856,6193,0.03775404141680461,0.006174257367518153,0.06665649383233392,0.019059506502778687,0.020096629764964957,0.03129497902581678,6.6281870212406e-05,0.051492059478334955,0.0,0.012401496040440562,0.012883993588773837,0.006286844912888617,0.04775307986427695
0.10,0,0,Ecal,3,2026092103,context_1,192,653,0.03696284672865646,0.03479029328199315,0.067208358777548,0.04351876504730466,0.036214173149154094,0.018209173753178237,5.069916161745875e-06,0.054154046077772106,0.0,0.06598451856814701,0.01809984647665116,0.012065219056188917,0.12924572709828253
0.10,0,0,Ecal,3,2026092103,pooled,2048,6846,0.03677237144437301,0.002256143061438373,0.06663045255858877,0.01995929807554379,0.019920299823549703,0.030073598483839628,6.774533102397659e-05,0.051339520629303206,0.0,0.011237280152187418,0.016033047638974625,0.0062080987438536865,0.046263884604728335
0.10,0,0,Ecal,4,2026092104,context_0,1856,6193,0.04030686085891927,0.003967590607227301,0.06872816062253546,0.019801977257292252,0.020873776928377774,0.036887864391785555,1.9500449776636982e-05,0.05143797774813698,0.0,0.012401496040440562,0.015599590944840319,0.006888226443899375,0.04984203609588357
0.10,0,0,Ecal,4,2026092104,context_1,192,653,0.040981639097578904,0.021162606770621713,0.06878939412830894,0.0625001590333318,0.027505826077521917,0.02012835301015309,0.00031598304934844193,0.050261715277441256,0.0,0.06598451856814701,0.04746056669223307,0.022184139800714868,0.13672769141656252
0.10,0,0,Ecal,4,2026092104,pooled,2048,6846,0.040294639170607494,0.0014762037477000904,0.06843976340715371,0.019941467955281587,0.02060289368020496,0.03535282727571924,3.9704526019682156e-05,0.0512287716366965,0.0,0.011237280152187418,0.0169321021847687,0.004791914642508986,0.04608001831375311
0.10,0,1,U,0,2026092200,context_0,1861,6193,0.04727905723881792,0.004340524974449822,0.07562066576437039,0.016828381268758186,0.023099751775720434,0.018635736378322942,0.00012584672753543932,0.052386636293814404,0.0,0.01499754060090898,0.009474370472569275,0.006554632309050114,0.04818337998819927
0.10,0,1,U,0,2026092200,context_1,187,653,0.05351948134174156,0.016322987534802942,0.07571425258582866,0.050219890622735824,0.02574780089172346,0.006519417227809021,0.0014476477355004468,0.05215287701241846,0.0,0.02268018442236983,0.03408744063735295,0.02095298831364382,0.1313538597129858
0.10,0,1,U,0,2026092200,pooled,2048,6846,0.04704089932983618,0.005443932750062791,0.07561327954606506,0.016625397477320492,0.023217489338140496,0.01750539522010887,0.00013578876692594503,0.05220404390626696,0.0,0.014722275239418995,0.010248753564363541,0.0070885393693395716,0.046132908466308194
0.10,0,1,U,1,2026092201,context_0,1861,6193,0.04522958447033393,0.0023363500924191726,0.07401382865348032,0.018778366611791834,0.02540400650060637,0.022281701414099506,5.273671602136856e-05,0.05317019338989187,0.0,0.01499754060090898,0.01137937004846154,0.0046433904367838,0.05039310181760905
0.10,0,1,U,1,2026092201,context_1,187,653,0.05337665583972773,0.019422273807006084,0.0823761525773125,0.046174294360294355,0.02394392145920865,0.016901116395068333,0.000403202271797543,0.05048794410933345,0.0,0.02268018442236983,0.029161847192427953,0.012614154422390967,0.13648415796238028
0.10,0,1,U,1,2026092201,pooled,2048,6846,0.04576108191886741,0.0003349343342195875,0.07474117904029241,0.018445388324706123,0.024592248755242463,0.02183067335940768,5.634858049378859e-05,0.05261066764456081,0.0,0.014722275239418995,0.013810910272940435,0.0031442020060012555,0.04856227116440916
0.10,0,1,U,2,2026092202,context_0,1861,6193,0.043083640163569525,0.00357828755363064,0.07516726334630956,0.01742550853806048,0.019468804936506157,0.015408123423435782,6.0594671636653706e-05,0.051410074303332366,0.0,0.01499754060090898,0.007550872669599034,0.004445232281240578,0.049810952973449285
0.10,0,1,U,2,2026092202,context_1,187,653,0.0319684888647736,0.014707408573457594,0.06429691817950259,0.05175226734427215,0.03448246682404016,0.012993057401004343,0.00024574466959511405,0.05316050977161348,0.0,0.02268018442236983,0.033813079514119805,0.015244100191008341,0.1308659846503276
0.10,0,1,U,2,2026092202,pooled,2048,6846,0.04166520245297983,0.0019446753698969213,0.0741237105128015,0.01867465052688289,0.02025646905515155,0.015174510147517709,6.416622579658959e-05,0.051252765640447395,0.0,0.014722275239418995,0.009812073846196567,0.005221837639308196,0.047557678631881546
0.10,0,1,U,3,2026092203,context_0,1861,6193,0.04481382974297343,0.00822650854732608,0.07087245257014424,0.01708087440027075,0.02157147563479661,0.034017197520467266,2.2526061276324544e-05,0.05170180103911559,0.0,0.01499754060090898,0.012476654230418337,0.004809558963048478,0.04579880120350316
0.10,0,1,U,3,2026092203,context_1,187,653,0.04362282289683139,0.0352778081052408,0.07000995299161132,0.058828548985574006,0.030002833414688457,0.029616103498158172,0.0005307284985693462,0.0531313930004074,0.0,0.02268018442236983,0.04276930223544173,0.017340264577034515,0.14205193149612513
0.10,0,1,U,3,2026092203,pooled,2048,6846,0.04447447808875993,0.004167173049140348,0.07071693581777959,0.015983734418410438,0.021779174859277106,0.03360337204228746,1.5488701998519344e-05,0.051642601758344016,0.0,0.014722275239418995,0.011893362404212997,0.004285973999908057,0.04377538768141678
0.10,0,1,U,4,2026092204,context_0,1861,6193,0.044450089981125374,0.0032891713912526696,0.07352519219212703,0.017327696730628474,0.022967993649879004,0.02530947992526951,4.024305089847958e-05,0.05264554177578251,0.0,0.01499754060090898,0.010308204396025106,0.00408988878956257,0.04889193895007021
0.10,0,1,U,4,2026092204,context_1,187,653,0.036275152889948536,0.009375973129209349,0.05866260529754932,0.0694752072926133,0.02401177269982635,0.020571339249707693,0.0004338411912664571,0.05086873288206309,0.0,0.02268018442236983,0.05590916332111756,0.019179273244112543,0.13720371498291978
0.10,0,1,U,4,2026092204,pooled,2048,6846,0.0429771513802607,0.003785084711256075,0.07184207113490955,0.019545631672639462,0.022984733117351164,0.024872981861213256,4.321288351526626e-05,0.052403263567409916,0.0,0.014722275239418995,0.011860187374515883,0.004162182499907911,0.04765930688448965
0.10,0,1,Ucal,0,2026092200,context_0,1861,6193,0.04727905723881792,0.004320816451122715,0.07563266833250042,0.016816183170382488,0.02316957767647454,0.018559732032556328,0.0001571706721576737,0.052407355006817764,0.0,0.01499754060090898,0.009159130647941847,0.0070877595997890005,0.0483131539785195
0.10,0,1,Ucal,0,2026092200,context_1,187,653,0.05351948134174156,0.01625513526676657,0.07573927193091569,0.050065234729343065,0.02574780089172346,0.006549092851025368,0.0013219254956654495,0.05215933736511507,0.0,0.02268018442236983,0.03453149037092307,0.020317886121282807,0.1308597890019677
0.10,0,1,Ucal,0,2026092200,pooled,2048,6846,0.04702062727891282,0.005419767385156259,0.07562606927295376,0.01670457310599254,0.02328093977277601,0.01743970056038563,0.00017156900398598526,0.05222670387129665,0.0,0.014722275239418995,0.010370385869903907,0.0074491642930644975,0.04582739210638999
0.10,0,1,Ucal,1,2026092201,context_0,1861,6193,0.04513127156933594,0.0023920865411063297,0.07399044124426583,0.018547273769995605,0.02521780409859542,0.02236718355472532,6.267667211859115e-05,0.05308131516911246,0.0,0.01499754060090898,0.011111662296091205,0.0057100032618487215,0.0503307126602992
0.10,0,1,Ucal,1,2026092201,context_1,187,653,0.05337665583972773,0.018989136602858274,0.08234926828791894,0.04632413178653461,0.024175563803429223,0.01653736384795937,0.0006734129986867493,0.05058975520286283,0.0,0.02268018442236983,0.03049399639313842,0.014074847543700164,0.13725226795728898
0.10,0,1,Ucal,1,2026092201,pooled,2048,6846,0.04567999371517384,0.0004247609956362378,0.07472169683943457,0.018245012271647577,0.024444197741093077,0.0218765859866836,6.657322123818821e-05,0.05254094342486096,0.0,0.014722275239418995,0.013463112499060964,0.004100317511960922,0.04897344888834339
0.10,0,1,Ucal,2,2026092202,context_0,1861,6193,0.04312825812229787,0.0035613775608508273,0.07515042953540932,0.01718478210891072,0.019482314328461925,0.01574046112957697,7.001797493701655e-05,0.05140329815728013,0.0,0.01499754060090898,0.007679435520596849,0.005554480404439166,0.050093456119435456
0.10,0,1,Ucal,2,2026092202,context_1,187,653,0.03219051373155868,0.014877479004400906,0.06434852166906413,0.05087743583347012,0.03448246682404016,0.013023324791763533,0.0002629249200660637,0.05318279531960737,0.0,0.02268018442236983,0.031370805979483926,0.012324897318938223,0.13104217543039715
0.10,0,1,Ucal,2,2026092202,pooled,2048,6846,0.04168547450390325,0.0019134321392605387,0.07411698948493288,0.01869441811741583,0.020044967606366648,0.01548005452560991,6.936754314377722e-05,0.051237785121650586,0.0,0.014722275239418995,0.009770349245128651,0.005701893492060409,0.047782048634838654
0.10,0,1,Ucal,3,2026092203,context_0,1861,6193,0.04485844770170183,0.008169232208456055,0.07085218236168199,0.01713990261752027,0.02159475093504798,0.03410518217717558,1.7292979526340488e-05,0.05171834101692669,0.0,0.01499754060090898,0.012766670962152872,0.005680697796660122,0.04569724530735574
0.10,0,1,Ucal,3,2026092203,context_1,187,653,0.04362574464990143,0.03503309911098966,0.0701092631306076,0.06045724820145583,0.029539548726247422,0.030888523960683548,0.0006158307408635103,0.052753037992566455,0.0,0.02268018442236983,0.04454550116972242,0.020047419453746017,0.14247493745338705
0.10,0,1,Ucal,3,2026092203,pooled,2048,6846,0.04449475013968335,0.004136613905235806,0.07070323592543871,0.01601142851546183,0.021779174859277106,0.03380012077888221,1.3455585857638334e-05,0.051645093652216124,0.0,0.014722275239418995,0.012258259320834096,0.005038264926951231,0.04387973910562263
0.10,0,1,Ucal,4,2026092204,context_0,1861,6193,0.044450089981125374,0.0032923751936350196,0.07350751223720767,0.01698094309224812,0.02285161714862216,0.025494489964204642,3.831463824053398e-05,0.0525827737388695,0.0,0.01499754060090898,0.009772788891284464,0.003733780480450635,0.04879852192917906
0.10,0,1,Ucal,4,2026092204,context_1,187,653,0.035831103156378385,0.009660007494928242,0.058531910490182956,0.0697892088381089,0.024243415044046868,0.019580896388841904,0.0008344073913480826,0.051119015819626454,0.0,0.02268018442236983,0.05605187535699283,0.021575508305482417,0.13814325555101836
0.10,0,1,Ucal,4,2026092204,pooled,2048,6846,0.0429771513802607,0.0038138280594273138,0.07182285159052604,0.01939299504173127,0.022900132537837237,0.024950191787032797,3.9709973840868916e-05,0.05236923737905433,0.0,0.014722275239418995,0.011535834559741647,0.004334341750641853,0.04738347741313949
0.10,0,1,E,0,2026092200,context_0,1861,6193,0.04736982346783947,0.004331702383960293,0.07579473559422996,0.017017674973054665,0.02296009997421211,0.02045684940854045,7.740516538858055e-05,0.052328291235657826,0.0,0.01499754060090898,0.009242860959995783,0.005423336661241322,0.048586221052911084
0.10,0,1,E,0,2026092200,context_1,187,653,0.053001366586173826,0.016107501961847244,0.0759290849577431,0.05231011615211053,0.02583649855355946,0.004727368101129142,0.0013432989301073316,0.0518621157224622,0.0,0.02268018442236983,0.0344066776184184,0.019913205651231353,0.13405580384829022
0.10,0,1,E,0,2026092200,pooled,2048,6846,0.047149151861898,0.005416343123766069,0.0757893808802933,0.01696436994779595,0.02304828817911253,0.018989126496790215,9.642142494845508e-05,0.05211413858696296,0.0,0.014722275239418995,0.010301989298937454,0.005271790268782257,0.04649626234267841
0.10,0,1,E,1,2026092201,context_0,1861,6193,0.045289107639660875,0.0023403799647937497,0.07423238363601267,0.01794843293337181,0.024635921592310983,0.022032227427216444,2.370903103033245e-05,0.052750349253358926,0.0,0.01499754060090898,0.011011050922420891,0.0036850177385873827,0.05027081182972215
0.10,0,1,E,1,2026092201,context_1,187,653,0.05309616754500801,0.019234294822962093,0.08254920218628115,0.04667917781934703,0.02472073632277494,0.01548926300909892,0.00011648115304624407,0.05099899169153783,0.0,0.02268018442236983,0.030882277519566653,0.007799337008424388,0.1355527829726994
0.10,0,1,E,1,2026092201,pooled,2048,6846,0.0458541864608189,0.00035443567920992426,0.07495381039827946,0.018471308123235056,0.023809693394738263,0.021479400392931697,2.998881375870468e-05,0.05223403777178668,0.0,0.014722275239418995,0.013820562895273295,0.0028631538828088245,0.048608833229036495
0.10,0,1,E,2,2026092202,context_0,1861,6193,0.04309285884819131,0.0034796434022848323,0.07539789128545803,0.017282345770537184,0.019528864928964662,0.015396871164092399,5.9362454077414536e-05,0.05140540115201483,0.0,0.01499754060090898,0.007762312019776533,0.005750487983423274,0.05004934258988558
0.10,0,1,E,2,2026092202,context_1,187,653,0.03219905205849133,0.014539212551138176,0.06457627570000368,0.049500306721391975,0.035872320889363304,0.01856267526026291,2.4177389682124143e-05,0.05387685443500832,0.0,0.02268018442236983,0.03018136881464874,0.01098952580955027,0.13134424643366868
0.10,0,1,E,2,2026092202,pooled,2048,6846,0.041643736685987254,0.0018724841311910424,0.07435556941655823,0.01844875931001517,0.0201507183307591,0.015655012182846567,6.292027420957687e-05,0.051236228872021214,0.0,0.014722275239418995,0.009939412494995114,0.005648713819131305,0.04793000594397984
0.10,0,1,E,3,2026092203,context_0,1861,6193,0.04512362361790212,0.008065362000701662,0.07114425191598835,0.01620133621673124,0.02108269432951776,0.03529963377374752,2.21839131524657e-05,0.051553501387257825,0.0,0.01499754060090898,0.011973526135860862,0.0066844416865915746,0.04598856147563375
0.10,0,1,E,3,2026092203,context_1,187,653,0.04361950401227621,0.03531028582572903,0.0704379955446521,0.05952872775306922,0.026759840595601103,0.025499175114627223,0.0004215119551637535,0.05167528639026548,0.0,0.02268018442236983,0.04560405514363565,0.019988183942624006,0.13995999522253216
0.10,0,1,E,3,2026092203,pooled,2048,6846,0.044848429781503774,0.00401697327796339,0.07100137401626215,0.016697228857504548,0.02135617196170725,0.03439141584686252,1.8515910872897055e-05,0.05143916648005769,0.0,0.014722275239418995,0.01264342828837852,0.005712700028445925,0.045299459945928176
0.10,0,1,E,4,2026092204,context_0,1861,6193,0.04455987240501391,0.0032729776229787474,0.07365965946390018,0.016965174315164474,0.02261886414610842,0.02425817101342735,2.8973842438124043e-05,0.05236897030468161,0.0,0.01499754060090898,0.009983548136381193,0.0034351711644885546,0.04905461626161065
0.10,0,1,E,4,2026092204,context_1,187,653,0.036305533448569516,0.009349096293900953,0.058664949180077516,0.06424698095329885,0.02437987417316334,0.018467788796413476,0.0005098920702773111,0.05144148453518352,0.0,0.02268018442236983,0.05004225479002978,0.01958447093147901,0.1335168251839161
0.10,0,1,E,4,2026092204,pooled,2048,6846,0.04305870353237684,0.003766573267428468,0.07198861194799884,0.018809471159537322,0.02268863108905228,0.023721620814871863,2.721300070027946e-05,0.05219258130024625,0.0,0.014722275239418995,0.011414202254201285,0.0038033111480624297,0.047453684441963184
0.10,0,1,Ecal,0,2026092200,context_0,1861,6193,0.047392132447203694,0.0043355190990065524,0.07579227174948185,0.01729354234991101,0.023076476475469065,0.02043282234719483,8.350391339057028e-05,0.05236139350208572,0.0,0.01499754060090898,0.009220551980631545,0.005871425429658958,0.04849938884033234
0.10,0,1,Ecal,0,2026092200,context_1,187,653,0.053223391452958846,0.01614195506927859,0.07598215373689746,0.05117520319682138,0.025373213865118427,0.004390948624165225,0.0014256755477183546,0.05174686123162545,0.0,0.02268018442236983,0.03329655328449301,0.02010626293633092,0.13349010786844132
0.10,0,1,Ecal,0,2026092200,pooled,2048,6846,0.04716942391282142,0.005423059072634771,0.07579198613056752,0.017302039592166862,0.023090588468869577,0.01893591869690317,0.0001045493288884306,0.052137384774104185,0.0,0.014722275239418995,0.010553782853224282,0.005307269435985008,0.046647895089621826
0.10,0,1,Ecal,1,2026092201,context_0,1861,6193,0.04531141661902505,0.0023118030624156628,0.07424484123109865,0.017890753163672467,0.024612646292059615,0.022226603434840217,3.198835731252429e-05,0.052725383070750524,0.0,0.01499754060090898,0.010832579087507349,0.004290773830985324,0.050087387709962815
0.10,0,1,Ecal,1,2026092201,context_1,187,653,0.05308286364025239,0.01894809614751889,0.08250290878083177,0.0468414128278316,0.02495237866699551,0.01556110700794236,0.00018827973071294378,0.051041199466339206,0.0,0.02268018442236983,0.031609765667461126,0.008872048534831785,0.1350497251742739
0.10,0,1,Ecal,1,2026092201,pooled,2048,6846,0.045874458511742267,0.000355614708878998,0.07496485790642315,0.01858943825144616,0.023809693394738263,0.02166180822911283,3.8289233447975305e-05,0.05221798920128568,0.0,0.014722275239418995,0.01395217552686466,0.0033619331811860853,0.048584613900946
0.10,0,1,Ecal,2,2026092202,context_0,1861,6193,0.04311516782755548,0.003479101915548348,0.07538988642537485,0.017326805083514,0.019505589628713293,0.015439571502407115,6.053352124155435e-05,0.05140786825318417,0.0,0.01499754060090898,0.007304291451413865,0.006559556770455507,0.05015301159136388
0.10,0,1,Ecal,2,2026092202,context_1,187,653,0.03175500232492118,0.014607951923830718,0.0644987538353284,0.05111651508594517,0.03564067854514279,0.018676848200016832,4.709530396076545e-06,0.05383771157733729,0.0,0.02268018442236983,0.03106388007446098,0.00879236765212261,0.13185945439018695
0.10,0,1,Ecal,2,2026092202,pooled,2048,6846,0.04163775204778869,0.0018666430606805722,0.07434480289889452,0.018550875051266843,0.0201507183307591,0.01570388847371454,5.9864869896440005e-05,0.05123869286986541,0.0,0.014722275239418995,0.009858324291301575,0.005991464313595128,0.047885737266921
0.10,0,1,Ecal,3,2026092203,context_0,1861,6193,0.04513208255632689,0.008067272923511639,0.0711343450433597,0.016041048219557263,0.021036143729015022,0.03558750602915338,2.0001641698850375e-05,0.051550554751818724,0.0,0.01499754060090898,0.011861981239039907,0.007134587432944617,0.04596880316332788
0.10,0,1,Ecal,3,2026092203,context_1,187,653,0.04361950401227621,0.03528265381231365,0.07049188808906555,0.06192423425114465,0.02652819825138064,0.025793688517747923,0.00044521324795041776,0.05162542642820047,0.0,0.02268018442236983,0.048712403278626734,0.02072927750709024,0.14232920212355857
0.10,0,1,Ecal,3,2026092203,pooled,2048,6846,0.04490924593427392,0.004019697920882605,0.07099325437833962,0.016651127000568356,0.021313871671950257,0.03468004482679836,1.7156749029568672e-05,0.051432428315295195,0.0,0.014722275239418995,0.012542068033761577,0.006169616918373536,0.045417815422794196
0.10,0,1,Ecal,4,2026092204,context_0,1861,6193,0.04451525444628557,0.003269210815498682,0.07366679921804378,0.016797118348221382,0.022479212344600152,0.02486213804373251,2.4333407131730143e-05,0.052294932354412516,0.0,0.01499754060090898,0.010107746203401855,0.0039748797722109356,0.04909809809903307
0.10,0,1,Ecal,4,2026092204,context_1,187,653,0.036305533448569516,0.00945165084878027,0.05864445750296994,0.06449659860412486,0.02437987417316334,0.01845702951164835,0.00044412228566403976,0.05144865842744672,0.0,0.02268018442236983,0.05048630452359994,0.016703913966502334,0.133607901236087
0.10,0,1,Ecal,4,2026092204,pooled,2048,6846,0.04305870353237684,0.0037727911815880304,0.07199113364283695,0.018739952793758615,0.022561730219781362,0.02426938501574935,2.5802563871199632e-05,0.05212228556584852,0.0,0.014722275239418995,0.011410044629079984,0.003853236492748804,0.04718421611041132
0.10,0,2,U,0,2026092300,context_0,1863,6193,0.030077126188625403,0.002228000049705124,0.0584783463188051,0.016252255247420546,0.020899234922668652,0.023016659176859022,5.4804245724688155e-05,0.05138699482062143,0.0,0.02266768473296648,0.00949608496801114,0.010969240221921991,0.05013899866310684
0.10,0,2,U,0,2026092300,context_1,185,653,0.03325819173331929,0.006879116000582158,0.05831039479238224,0.05422737733708106,0.028705213512081662,0.023036639352890673,0.0002372540853219381,0.05118690931576103,0.0,0.03744360746657839,0.03153579516651275,0.015236780467697279,0.13550332922430383
0.10,0,2,U,0,2026092300,pooled,2048,6846,0.030018074020639607,0.0026497363811294203,0.05843496223080253,0.01731470992438753,0.020676594574121743,0.02300800428638128,5.1536202579652817e-05,0.05120746313243443,0.0,0.021296401696702435,0.011690135202897016,0.010245649313264446,0.047954201512626346
0.10,0,2,U,1,2026092301,context_0,1863,6193,0.03472921872849727,0.0023605750694863834,0.0646261869026528,0.019827034498444505,0.02205835955174873,0.02317671629597942,8.130675064419856e-05,0.05169801042554579,0.0,0.02266768473296648,0.012101284583890062,0.00959708354361882,0.04976482269785968
0.10,0,2,U,1,2026092301,context_1,185,653,0.027871840231564637,0.015899807900257606,0.06275439629942509,0.057632985335851344,0.027060476669976408,0.0317125109391853,0.0016237655308481793,0.051457490420379406,0.0,0.03744360746657839,0.04737112715017994,0.02399709835256449,0.135384255330558
0.10,0,2,U,1,2026092301,pooled,2048,6846,0.033484859758369956,0.003628761288068688,0.06427742885215035,0.016820944347354982,0.021689423743601832,0.023941495412086164,7.990342492632512e-05,0.05135562226033887,0.0,0.021296401696702435,0.010024203296002804,0.009917908911075858,0.046993352531107736
0.10,0,2,U,2,2026092302,context_0,1863,6193,0.033882514281480924,0.00678075604715905,0.06277285506993266,0.016660304829607866,0.023604956234739016,0.019873982105716503,2.402975568090366e-05,0.051976868985487215,0.0,0.02266768473296648,0.01020696879315354,0.017208919429166535,0.047468482716750894
0.10,0,2,U,2,2026092302,context_1,185,653,0.036577983813269765,0.009027415937020503,0.06354910450883246,0.05204257588445464,0.0343103222943032,0.014259375252984346,0.0005367845876705905,0.0529818498388213,0.0,0.03744360746657839,0.024472962329630685,0.028660286187760786,0.1315948111015114
0.10,0,2,U,2,2026092302,pooled,2048,6846,0.03364075705383679,0.006993623414069496,0.06265347453376555,0.015701568279145036,0.023931741025635223,0.016704885330000238,3.687491807662373e-05,0.05167254202554361,0.0,0.021296401696702435,0.007153438151206098,0.01764296455071731,0.04673975786155065
0.10,0,2,U,3,2026092303,context_0,1863,6193,0.03303944389211211,0.009258424948340276,0.06412349211814856,0.016354772122908874,0.020876052430087055,0.027425481817882444,4.208500479635895e-06,0.05136019122160042,0.0,0.02266768473296648,0.009931746630009553,0.0112961052809072,0.046632653423216264
0.10,0,2,U,3,2026092303,context_1,185,653,0.03878167039785463,0.019115004963727485,0.06622764401055206,0.054442812460156004,0.03473364933565837,0.05492829260351641,0.00011168299535109277,0.05830297179802912,0.0,0.03744360746657839,0.03725045783613768,0.018418035250280015,0.12886384489261374
0.10,0,2,U,3,2026092303,pooled,2048,6846,0.03353002003780042,0.006741303947727054,0.0642642866265843,0.016341519450892364,0.020549990927936745,0.02992112169704421,1.7620556476416065e-06,0.05130931084578905,0.0,0.021296401696702435,0.008851022357500776,0.011394521682961865,0.046168011513593926
0.10,0,2,U,4,2026092304,context_0,1863,6193,0.032473464934850815,0.003511981967540977,0.062190755267206695,0.023338933633458674,0.02247564441821759,0.020735522912405602,5.989124121349456e-05,0.052103596454706386,0.0,0.02266768473296648,0.01751131823833994,0.013518392246186704,0.05136304634468025
0.10,0,2,U,4,2026092304,context_1,185,653,0.03165707064216622,0.002692919160224861,0.05782492619595559,0.051028966648905966,0.023890183636880336,0.023702566812251177,0.0003544145206019197,0.05070710225286605,0.0,0.03744360746657839,0.03527253552511251,0.02745106582571915,0.1334482514636287
0.10,0,2,U,4,2026092304,pooled,2048,6846,0.03174147255195414,0.0029563364001956053,0.06172621344082499,0.022586815442493004,0.022111435897551934,0.020980040683790183,6.772926121553953e-05,0.05186617742718299,0.0,0.021296401696702435,0.017652302570352305,0.014542713093800001,0.049884223193652544
0.10,0,2,Ucal,0,2026092300,context_0,1863,6193,0.029988235324383994,0.002305350332964431,0.0584973032116811,0.016018366377038216,0.020876052430087055,0.023123508910077112,5.568299830284496e-05,0.05137284739709149,0.0,0.02266768473296648,0.009496084968011142,0.005108245457676303,0.04989270312932586
0.10,0,2,Ucal,0,2026092300,context_1,185,653,0.03348336624356468,0.007160488730785518,0.05831411522751555,0.05463024762269294,0.029175138324111727,0.023515490283270005,0.00025215509478345463,0.05125620090872396,0.0,0.03744360746657839,0.031336656548917374,0.01465493928888218,0.13569946782044898
0.10,0,2,Ucal,0,2026092300,pooled,2048,6846,0.030038300557856445,0.0027446316537225145,0.058452928507351,0.0172113285773862,0.0206554939664243,0.023148672571985773,5.4802835483873445e-05,0.05119621711728196,0.0,0.021296401696702435,0.011528322905162373,0.0048829954531256,0.04786480606331025
0.10,0,2,Ucal,1,2026092301,context_0,1863,6193,0.03468477329637659,0.0024142287295510815,0.06464094360143013,0.01902716289991491,0.022151089522075118,0.023410347655104802,7.705165591447981e-05,0.05172279449343427,0.0,0.02266768473296648,0.010768697887793173,0.006070933402200796,0.049246236474410246
0.10,0,2,Ucal,1,2026092301,context_1,185,653,0.027535401837535556,0.015824474302183394,0.06267695740995607,0.055432521478079005,0.027295439075991468,0.03248414101098378,0.001495002585544387,0.05153101339961581,0.0,0.03744360746657839,0.0441478404866876,0.020583680070014206,0.1361011087750348
0.10,0,2,Ucal,1,2026092301,pooled,2048,6846,0.03346463322115317,0.003670670614642102,0.06429923665671719,0.0169551076502662,0.02177382617439183,0.024223887584321258,8.003781787305458e-05,0.051373049226928987,0.0,0.021296401696702435,0.009087040240630307,0.005315220789296254,0.046491515106487455
0.10,0,2,Ucal,2,2026092302,context_0,1863,6193,0.033793623417239516,0.006861745248828495,0.06280018714943092,0.016950503224962474,0.023535408756994225,0.02027406033296089,2.4285341742133048e-05,0.05199116651724727,0.0,0.02266768473296648,0.009677944271433231,0.010541912742278555,0.04692151512708485
0.10,0,2,Ucal,2,2026092302,context_1,185,653,0.03680315832351522,0.008921855400344007,0.06359569160698465,0.051846919134622645,0.0343103222943032,0.012666251373873547,0.0006441716957046311,0.052904479217033354,0.0,0.03744360746657839,0.025028217297688955,0.02642588502642846,0.13064299040032537
0.10,0,2,Ucal,2,2026092302,pooled,2048,6846,0.033580077442186274,0.007057753456911076,0.06268272063630219,0.015669371497865268,0.02380513737945017,0.017213612139413303,3.746147030285387e-05,0.05168614915946264,0.0,0.021296401696702435,0.006484878486622329,0.011097582834508051,0.0457185962460385
0.10,0,2,Ucal,3,2026092303,context_0,1863,6193,0.03318990312926279,0.009204044863425171,0.06417671187136784,0.01605577913660821,0.020876052430087055,0.027510525626621637,2.51394841982623e-06,0.05137004070343299,0.0,0.02266768473296648,0.009435560499790621,0.004184258795580188,0.046182535139291964
0.10,0,2,Ucal,3,2026092303,context_1,185,653,0.03900684490810008,0.019165840976709453,0.06631526144784015,0.05480306153345741,0.03520357414768849,0.05427078250000485,0.00010538968935677533,0.05874565059974867,0.0,0.03744360746657839,0.03680010881564679,0.016410957787126125,0.12924417748856934
0.10,0,2,Ucal,3,2026092303,pooled,2048,6846,0.03367160579831824,0.0066869022043097815,0.06432097123500607,0.016212444471889312,0.020549990927936745,0.029942239845062044,2.56783741966385e-06,0.05133450406129621,0.0,0.021296401696702435,0.008883582476768445,0.004528547985871494,0.045474203666318755
0.10,0,2,Ucal,4,2026092304,context_0,1863,6193,0.032504338109165754,0.0036070121671274435,0.06214736982934877,0.02330435097487683,0.022406096940472797,0.02039536876709709,6.493233850446672e-05,0.052070839102085584,0.0,0.02266768473296648,0.01714809149711197,0.008776134286763734,0.050994710539575605
0.10,0,2,Ucal,4,2026092304,context_1,185,653,0.03165707064216622,0.002822139914298778,0.05785369966075257,0.05096722961192525,0.023890183636880336,0.02355474567523673,0.0003659050374580265,0.05071085556179725,0.0,0.03744360746657839,0.03437183748413073,0.02498846492068442,0.1331026342853225
0.10,0,2,Ucal,4,2026092304,pooled,2048,6846,0.03177990540058517,0.003031864224893286,0.061688328943043144,0.022808363652684543,0.02204813407445938,0.02065687466026199,7.103721117032095e-05,0.05183746833083221,0.0,0.021296401696702435,0.017611849495918666,0.009826348889357763,0.04894464444286987
0.10,0,2,E,0,2026092300,context_0,1863,6193,0.02971580089868242,0.002575004335321967,0.05842688816276543,0.016358390199955997,0.020876052430087055,0.023698835384367248,1.934385515090886e-05,0.05137726366692449,0.0,0.02266768473296648,0.00922941237528683,0.010540506944523105,0.050511502834804774
0.10,0,2,E,0,2026092300,context_1,185,653,0.03375334838121624,0.007629982365232312,0.0585585317540651,0.05375578930468611,0.02988002554215685,0.02476926022190014,0.00017891108646541861,0.051346410090501456,0.0,0.03744360746657839,0.0273436136846608,0.014375210565086598,0.13577975499088446
0.10,0,2,E,0,2026092300,pooled,2048,6846,0.029854494025327638,0.00303196333436815,0.05841355592140019,0.018099234322958006,0.0206554939664243,0.02378487501553618,2.456785529007918e-05,0.05120308141039127,0.0,0.021296401696702435,0.012179718907812895,0.008659223219841168,0.04855789261118604
0.10,0,2,E,1,2026092301,context_0,1863,6193,0.03442176350086096,0.002155347857127332,0.06451223117988947,0.019210399502004847,0.022081542044330327,0.022231936059539506,3.639209550144269e-05,0.051519114096842435,0.0,0.02266768473296648,0.010945703348751517,0.007557128540422855,0.048493079393550804
0.10,0,2,E,1,2026092301,context_1,185,653,0.027522081817317967,0.015187571180084248,0.0628530848308964,0.05665158608865597,0.026590551857946343,0.0300521183584357,0.0018803615766880446,0.051603394278569664,0.0,0.03744360746657839,0.043295129041220015,0.023815920389391343,0.13498941814454457
0.10,0,2,E,1,2026092301,pooled,2048,6846,0.03323036233050486,0.0033763224314378717,0.06419277510935607,0.016237493961242997,0.02173162495899683,0.022928500637297122,3.0700823986018564e-05,0.051243220901821845,0.0,0.021296401696702435,0.009275821418980156,0.008529310191117703,0.04629526880928636
0.10,0,2,E,2,2026092302,context_0,1863,6193,0.033491960857734815,0.0072822812465892055,0.06267391112488443,0.017337576462993803,0.02272402151663816,0.019749156895503772,3.028061201301908e-05,0.05184837677748811,0.0,0.02266768473296648,0.011252313603349648,0.013688128596504255,0.047315836990737686
0.10,0,2,E,2,2026092302,context_1,185,653,0.03635280930302437,0.009370934001566446,0.06357228871506856,0.052436769749627285,0.036190021542423484,0.012184111727095798,0.0005475033449159637,0.05316190924610568,0.0,0.03744360746657839,0.028405834951370515,0.027229995318881213,0.1304434190673555
0.10,0,2,E,2,2026092302,pooled,2048,6846,0.033329449032660885,0.007481081418740671,0.06258143022462712,0.015294570577294464,0.023340924010105124,0.016768701428891766,3.8752157303855676e-05,0.05160746661628263,0.0,0.021296401696702435,0.006777026899252356,0.01409045984461016,0.04616917422654882
0.10,0,2,E,3,2026092303,context_0,1863,6193,0.03338501870500199,0.009492197625954019,0.06399509985890946,0.017358980850034008,0.020852869937505458,0.027793356324873716,9.999374562855426e-06,0.051368719695223254,0.0,0.02266768473296648,0.011310055273739898,0.007949312129061404,0.04665290541649727
0.10,0,2,E,3,2026092303,context_1,185,653,0.03881346007893566,0.019006180077152726,0.0662804194189085,0.0564061491012683,0.03379379971159824,0.053651390085101044,2.6157705532424462e-05,0.057219834099419456,0.0,0.03744360746657839,0.03762360540035617,0.0163426356123064,0.13054514271066048
0.10,0,2,E,3,2026092303,pooled,2048,6846,0.03374258274441633,0.006963173460936684,0.06414170859834087,0.017415507491262566,0.020486689104844302,0.030151050304455793,4.421634529260255e-06,0.05131864849321617,0.0,0.021296401696702435,0.010201475152317039,0.008250787777218216,0.04639340479164406
0.10,0,2,E,4,2026092304,context_0,1863,6193,0.03217321480503399,0.003298019841342839,0.062064200891611944,0.02262445482050527,0.02247564441821759,0.023968230440069405,3.508575680328517e-05,0.05215825752898945,0.0,0.02266768473296648,0.016500189222992727,0.010324655271238513,0.05127960068745084
0.10,0,2,E,4,2026092304,context_1,185,653,0.031340842430000904,0.0026081610732682126,0.057884446377820954,0.053879231681098254,0.022950334012820206,0.026445789384538024,0.0005755321579018936,0.05069684694974693,0.0,0.03744360746657839,0.03579372806565948,0.026984646037136163,0.13224331966400155
0.10,0,2,E,4,2026092304,pooled,2048,6846,0.031444819425237136,0.002768052599500241,0.06162680683796378,0.022440854066741223,0.022027033466761825,0.024166588723933236,3.796372274657994e-05,0.0518804701110623,0.0,0.021296401696702435,0.017510716809834494,0.011432647081812767,0.049329430831598096
0.10,0,2,Ecal,0,2026092300,context_0,1863,6193,0.02967135546656169,0.0026148155337073014,0.05842421814011597,0.016231645160636368,0.02082968744492386,0.02402180914820133,1.5562879177574544e-05,0.05137967400818635,0.0,0.02266768473296648,0.008896071634381515,0.006043595857518398,0.05009387524837681
0.10,0,2,Ecal,0,2026092300,context_1,185,653,0.03375334838121624,0.007719218485718738,0.05855105864772602,0.0539854824236476,0.02988002554215685,0.02476926022190014,0.00023115774572617933,0.051346410090501456,0.0,0.03744360746657839,0.02734361368466078,0.015048231389890889,0.1360943341184156
0.10,0,2,Ecal,0,2026092300,pooled,2048,6846,0.02989494709976126,0.0030760365962597506,0.05841115606128611,0.018303113535655963,0.0206132927510293,0.02407900060048622,2.3608609440677498e-05,0.051207761202924224,0.0,0.021296401696702435,0.011916773923994107,0.004460217366917257,0.04852108576255862
0.10,0,2,Ecal,1,2026092301,context_0,1863,6193,0.034386069414829634,0.0022351987779513226,0.06451210308334987,0.01909692470814021,0.02212790702949352,0.022055863669547135,3.318785717138298e-05,0.051533022966296846,0.0,0.02266768473296648,0.010767921620268657,0.005413205694683555,0.048195354334004264
0.10,0,2,Ecal,1,2026092301,context_1,185,653,0.027522081817317967,0.015206909040778068,0.06288502975376666,0.05663103997877786,0.026825514263961348,0.030092055652998426,0.002099850282806835,0.05162397882951172,0.0,0.03744360746657839,0.04374547806171092,0.024626962492962597,0.13504887795910475
0.10,0,2,Ecal,1,2026092301,pooled,2048,6846,0.03321572395082495,0.003450727554962856,0.0641943566438898,0.016645965732812795,0.02177382617439183,0.022771890990112453,3.613940242584517e-05,0.05125376643090601,0.0,0.021296401696702435,0.009296047956196991,0.00568699066966809,0.045965182022736036
0.10,0,2,Ecal,2,2026092302,context_0,1863,6193,0.033491960857734815,0.007238164177677437,0.06266913225590853,0.01693783166803137,0.02279356899438295,0.019523122302662482,2.8818734001259953e-05,0.05184478133537185,0.0,0.02266768473296648,0.011096754590927183,0.009292578480437574,0.046571377044918656
0.10,0,2,Ecal,2,2026092302,context_1,185,653,0.03635280930302437,0.009297831719120957,0.0635542764066969,0.0505699581623074,0.03595505913640845,0.014277091490066188,0.0005686076843150411,0.052916134445784656,0.0,0.03744360746657839,0.026604438869407006,0.02539961395093461,0.1299441452605929
0.10,0,2,Ecal,2,2026092302,pooled,2048,6846,0.033329449032660885,0.007434191021491462,0.06256991677555894,0.014645520823777515,0.023425326440895178,0.01637514467521367,4.2178559499948896e-05,0.05161070714593776,0.0,0.021296401696702435,0.006736573824818691,0.00987297154771681,0.04539009463079298
0.10,0,2,Ecal,3,2026092303,context_0,1863,6193,0.03338501870500199,0.009516097556414096,0.06402148099576266,0.01671427210222955,0.020852869937505458,0.027555546930730687,1.5588072178003104e-05,0.05137873622822488,0.0,0.02266768473296648,0.010672571090578023,0.0032976958835101463,0.04610553369913905
0.10,0,2,Ecal,3,2026092303,context_1,185,653,0.03881346007893566,0.018967272214098545,0.06629943798333238,0.05596211016886409,0.0340287621176133,0.05283971212035611,1.9008106347980218e-05,0.05748351609199502,0.0,0.03744360746657839,0.03747563234638307,0.014375381852732185,0.1307977846241961
0.10,0,2,Ecal,3,2026092303,pooled,2048,6846,0.03374164596206353,0.006988741903339794,0.06416765558377634,0.016847471452140873,0.020486689104844302,0.02986427449088437,6.1797456729115125e-06,0.05134187538447831,0.0,0.021296401696702435,0.009716038259113133,0.0038306971400561976,0.04575122632527298
0.10,0,2,Ecal,4,2026092304,context_0,1863,6193,0.03218446873823144,0.0033764338347420544,0.06211638526212536,0.022558120582866187,0.02247564441821759,0.02339835075064685,3.8435260600424934e-05,0.05219272191038775,0.0,0.02266768473296648,0.016522411939053086,0.005950683294345777,0.051139370889642134
0.10,0,2,Ecal,4,2026092304,context_1,185,653,0.031115667919755452,0.0025476383524612733,0.05778434253269801,0.053549989790364884,0.023063045796946846,0.02731896560529916,0.0004634663054407913,0.05074542225639096,0.0,0.03744360746657839,0.03527253552511247,0.025735035615803762,0.1324676158383976
0.10,0,2,Ecal,4,2026092304,pooled,2048,6846,0.031444819425237136,0.0028452108145270317,0.06166408830697908,0.021815789262999062,0.02214605559353286,0.023725366748490115,4.0044058177051485e-05,0.05191941370259636,0.0,0.021296401696702435,0.016924147230546492,0.0073005413924320745,0.048525158342703476
0.10,0,3,U,0,2026092400,context_0,1850,6193,0.03811635100638361,0.001749154489381099,0.06716477940418511,0.019970402017044118,0.02407698161440419,0.02155272338071053,1.89997991859391e-05,0.053487751404054505,0.0,0.008489707210843992,0.008793852679679503,0.004912062842649563,0.051203859021727215
0.10,0,3,U,0,2026092400,context_1,198,653,0.042254460199167065,0.02330481441993182,0.07274963440391335,0.048242582972784644,0.03157482543555948,0.0470993967656574,7.223640022337012e-05,0.05245813707602335,0.0,0.031172173496063233,0.03283511209741705,0.005929623928130759,0.1265539897062003
0.10,0,3,U,0,2026092400,pooled,2048,6846,0.03776686532592677,0.0038544463683017564,0.06745316732324023,0.016122209802151236,0.023068943705470413,0.024022013763644018,1.3288850791447586e-05,0.05257829638059971,0.0,0.008043213960478746,0.007744655077491504,0.004154891723896524,0.0452408375089444
0.10,0,3,U,1,2026092401,context_0,1850,6193,0.038479413325810286,0.010537558786802369,0.06997768203482084,0.0187370020827044,0.023869359690924186,0.020119655652443294,5.484785632158115e-07,0.051892558469349905,0.0,0.008489707210843992,0.012904252811336225,0.003457672759575969,0.0496740389052431
0.10,0,3,U,1,2026092401,context_1,198,653,0.03245109494940013,0.0031180880875999774,0.06728807921947769,0.05572575327958732,0.03202177234911252,0.004114140186681756,2.8731010652189464e-05,0.053597684789421805,0.0,0.031172173496063233,0.03870108736052829,0.011309532150944922,0.12927545394401305
0.10,0,3,U,1,2026092401,pooled,2048,6846,0.03768786566652821,0.009188882005252029,0.0696591929021626,0.018903662060615185,0.024521517133062998,0.018606351647008898,7.530427488189654e-06,0.05183145398255098,0.0,0.008043213960478746,0.013256220025380915,0.002730154575034646,0.04549952004435096
0.10,0,3,U,2,2026092402,context_0,1850,6193,0.036554549204830866,0.00045932445507821426,0.06681004649005129,0.01902200992397565,0.021568752121163853,0.018799639839138835,9.67429940715238e-06,0.05142966373844487,0.0,0.008489707210843992,0.013843730074693224,0.011057275927551489,0.05052030382335051
0.10,0,3,U,2,2026092402,context_1,198,653,0.029306266492304778,0.01697281907030279,0.05954006812551797,0.06065347475420214,0.03734663960467438,0.008708244589485062,0.00023380864734027845,0.0627609256554309,0.0,0.031172173496063233,0.044995655117955335,0.01713544357492861,0.12915903991445135
0.10,0,3,U,2,2026092402,pooled,2048,6846,0.03543668654450577,0.0020578752265928823,0.06593415037901354,0.02097131705506344,0.02017091234700366,0.01789341188135618,1.91776578951046e-05,0.051225595183824316,0.0,0.008043213960478746,0.015873979739951402,0.00955986545038569,0.046382928028246985
0.10,0,3,U,3,2026092403,context_0,1850,6193,0.03694981467685127,0.0022903285139251857,0.06632672855318388,0.018525835908302916,0.020337858206223913,0.020784129768079543,5.169716650264822e-05,0.05139910988568042,0.0,0.008489707210843992,0.012532894192021943,0.007548372661327885,0.05174109576077595
0.10,0,3,U,3,2026092403,context_1,198,653,0.037488648734263885,0.007004634606149924,0.06840240281017913,0.0716781178513576,0.033785052049355,0.000982350778106933,0.00015382994267951647,0.05872983446113505,0.0,0.031172173496063233,0.05460465081138866,0.0068083992713409,0.13562627080124132
0.10,0,3,U,3,2026092403,pooled,2048,6846,0.0365936754397187,0.0013844088295117483,0.06639715039251373,0.01826780809757666,0.020424629734046906,0.01894979568382338,4.507898381545493e-05,0.051219715125922244,0.0,0.008043213960478746,0.013253700497346543,0.007230275972100403,0.04926045849819512
0.10,0,3,U,4,2026092404,context_0,1850,6193,0.03757916934707878,0.0017242876261727874,0.0687149381019582,0.01857987765933897,0.023682174890637953,0.02508857512248526,4.7108117712588615e-05,0.053077442571676695,0.0,0.008489707210843992,0.015363560036677944,0.004493866647501697,0.05035510336283453
0.10,0,3,U,4,2026092404,context_1,198,653,0.04100022544008375,0.013387020957938487,0.07173566735740351,0.05640381811040294,0.031213274342433456,0.061138794811560024,6.59627846541403e-05,0.05354654017904832,0.0,0.031172173496063233,0.034804090408623964,0.00963099997288264,0.13008392297425125
0.10,0,3,U,4,2026092404,pooled,2048,6846,0.037171194484051207,0.0002533171338378992,0.06896650717910259,0.01926962901263719,0.023738981582405394,0.028552318689258713,4.936274553946052e-05,0.0529641104197434,0.0,0.008043213960478746,0.014426434115509213,0.004461789963908645,0.045908036050624115
0.10,0,3,Ucal,0,2026092400,context_0,1850,6193,0.03798108182070409,0.0017868962681358504,0.06719679697919378,0.018976809207088788,0.02377114243875844,0.021354047821194308,2.247167930536265e-06,0.05341539033651661,0.0,0.008489707210843992,0.008760540681117628,0.0061371761278813134,0.051602262371125356
0.10,0,3,Ucal,0,2026092400,context_1,198,653,0.04204326695735078,0.023503546982321447,0.0728425514264629,0.048025758610409794,0.03179523539808976,0.04698611563381984,6.573924867461149e-05,0.05263327037239243,0.0,0.031172173496063233,0.03325749858104961,0.0035601925434765713,0.1282741230630659
0.10,0,3,Ucal,0,2026092400,pooled,2048,6846,0.037665013662689095,0.0039080970932789,0.06749064186995886,0.0155208889858986,0.022771343637447594,0.02383081444169942,2.65295606650388e-06,0.05251772785573921,0.0,0.008043213960478746,0.007295021288595076,0.005494621016788817,0.04532180966976176
0.10,0,3,Ucal,1,2026092401,context_0,1850,6193,0.038455333358285826,0.010621443908144977,0.06999040622940521,0.019579469159866195,0.023916411871792775,0.019992251723831775,7.139900926806438e-06,0.05189313720429098,0.0,0.008489707210843992,0.01341435536481584,0.012628133777855887,0.05036182982000845
0.10,0,3,Ucal,1,2026092401,context_1,198,653,0.03202870846576761,0.0032651788263845473,0.06733791200760882,0.05663226212638058,0.03246259227417314,0.0038593554492172,0.00010929969041724799,0.053637432193346324,0.0,0.031172173496063233,0.0370115414259982,0.01200834678630782,0.1276355212947421
0.10,0,3,Ucal,1,2026092401,pooled,2048,6846,0.03756564367064302,0.009250839252505071,0.06967802725805816,0.01944618167406216,0.02458528857621073,0.018467954424231395,1.6854916570243272e-05,0.05183738783196063,0.0,0.008043213960478746,0.013627934750527272,0.01162671457610875,0.04618685218918084
0.10,0,3,Ucal,2,2026092402,context_0,1850,6193,0.036599638933390743,0.000459754874456603,0.06682688133333198,0.019434159638271914,0.021545226030729586,0.01917796896352171,1.1419910786216716e-05,0.05142519886012762,0.0,0.008489707210843992,0.015072868974489655,0.0028900363079669643,0.050648958225016055
0.10,0,3,Ucal,2,2026092402,context_1,198,653,0.029508798301819572,0.01689736522692315,0.059440108643246434,0.0611214670968839,0.03756704956720469,0.008512351781376451,0.00033966140827740223,0.06323870377266809,0.0,0.031172173496063233,0.04729186557942752,0.02124774861878768,0.12796928615904363
0.10,0,3,Ucal,2,2026092402,pooled,2048,6846,0.035518167875095874,0.0020514615569911404,0.0659435178751034,0.021693650118375585,0.02014965519928774,0.018217231757747504,2.7130295773247304e-05,0.05123325644015264,0.0,0.008043213960478746,0.016620599963542232,0.003138434926405676,0.0457839196461391
0.10,0,3,Ucal,3,2026092403,context_0,1850,6193,0.036972359541131206,0.002241668450773952,0.06628783496129137,0.018223305338408973,0.020267279934921056,0.020973896773062287,6.165639424661766e-05,0.05140257628360931,0.0,0.008489707210843992,0.012153277692161422,0.006167757594070014,0.050816602314874906
0.10,0,3,Ucal,3,2026092403,context_1,198,653,0.037488648734263885,0.007164512036977458,0.06841561488878116,0.07053944076398817,0.03334423212429438,0.0012035135390613266,0.00012296478329142303,0.05858909465780744,0.0,0.031172173496063233,0.05312629811867483,0.005164809502775757,0.13528978094286334
0.10,0,3,Ucal,3,2026092403,pooled,2048,6846,0.0366565870580462,0.001324674122458013,0.0663656845382171,0.01861962150544491,0.020360858290899175,0.019104834145586072,5.358220292766267e-05,0.05121421452432842,0.0,0.008043213960478746,0.013814125998041184,0.005472725766509708,0.04870573273183807
0.10,0,3,Ucal,4,2026092404,context_0,1850,6193,0.03751771495325473,0.0017192612639666245,0.06876171059806496,0.01961077525699531,0.02363512270976942,0.02541967569697859,5.071112059389191e-05,0.05299880655808918,0.0,0.008489707210843992,0.01660352757207339,0.009360040635531839,0.04953053177454646
0.10,0,3,Ucal,4,2026092404,context_1,198,653,0.04121141868189998,0.013291645123412245,0.07178389455304215,0.055610412740370506,0.03143368430496374,0.062073194990494504,7.921614591043294e-05,0.053725596223537064,0.0,0.031172173496063233,0.03335265291441682,0.008938817654453864,0.12902428062560564
0.10,0,3,Ucal,4,2026092404,pooled,2048,6846,0.037125914721252984,0.00025760365387420686,0.0690136918001107,0.020266119778859573,0.023717724434689558,0.02893628273824557,4.929103518018464e-05,0.05290085736707806,0.0,0.008043213960478746,0.015424580415238259,0.008815480805402029,0.045095317045521194
0.10,0,3,E,0,2026092400,context_0,1850,6193,0.03809079698136619,0.00193909464276666,0.06726553895120878,0.020032300286753096,0.02414755988570705,0.020950872400042397,4.14294931953119e-06,0.05354080290470248,0.0,0.008489707210843992,0.008637154764733297,0.005740019109738077,0.0509791380670433
0.10,0,3,E,0,2026092400,context_1,198,653,0.04242919987388305,0.02374589962668333,0.07299525406383132,0.05055108418987803,0.03311769517327162,0.051484884181030796,5.950632543885373e-05,0.05436889413920453,0.0,0.031172173496063233,0.034974931089671556,0.00852756482011063,0.12663327154679743
0.10,0,3,E,0,2026092400,pooled,2048,6846,0.037841895726395736,0.004070706632200763,0.067555613665604,0.01603276916040433,0.022856372228311272,0.02389210292449287,1.2841886973854588e-06,0.05248782593626777,0.0,0.008043213960478746,0.0067894903199052425,0.006004436831912806,0.04465712178825425
0.10,0,3,E,1,2026092401,context_0,1850,6193,0.03854364514948344,0.010718245128660698,0.06992395094166187,0.018661179176854045,0.023257681339632574,0.018314038916799308,2.6637643811972656e-06,0.05178571210889045,0.0,0.008489707210843992,0.012896244276870434,0.002227056300547517,0.04996280462498133
0.10,0,3,E,1,2026092401,context_1,198,653,0.03244201528594398,0.0031203836564046546,0.06740577737495468,0.05573134074509667,0.03224218231164283,0.006540125334763197,7.622105090350983e-05,0.0534503476701183,0.0,0.031172173496063233,0.03806750763507955,0.010819302503216489,0.13183130549107663
0.10,0,3,E,1,2026092401,pooled,2048,6846,0.03769437220276589,0.009352218885591033,0.0696207945696101,0.018782895874994095,0.02396883129244909,0.017203978508296663,4.064292400998454e-06,0.05171057543337158,0.0,0.008043213960478746,0.013693940824415383,0.0018795066193076151,0.04510059392652872
0.10,0,3,E,2,2026092402,context_0,1850,6193,0.036674448831741535,0.0005377934123924357,0.06682330401880592,0.019088448189686236,0.021568752121163853,0.01847482344150056,6.212708371762304e-06,0.051417564629057576,0.0,0.008489707210843992,0.014600626479931617,0.012888678081710491,0.05110868450704468
0.10,0,3,E,2,2026092402,context_1,198,653,0.029306266492304778,0.0169503584322151,0.05961420122084186,0.05872148169946338,0.038007869492265256,0.006980685998474984,0.000504656888637157,0.06301316243583939,0.0,0.031172173496063233,0.044234312520397175,0.020782675495747527,0.12638622222798104
0.10,0,3,E,2,2026092402,pooled,2048,6846,0.035591342049063446,0.002127370537541662,0.06595205705891899,0.021400682557729526,0.020212058256887766,0.017425633339338373,2.30090372750344e-05,0.051247453198554664,0.0,0.008043213960478746,0.016416896637066917,0.010956382593462644,0.046885880330026004
0.10,0,3,E,3,2026092403,context_0,1850,6193,0.03719713683251635,0.002294932615980608,0.0663150112015306,0.018028328733572508,0.020173175573183877,0.01980891980369752,4.4740910442294724e-05,0.05137684487699527,0.0,0.008489707210843992,0.012484062449993559,0.006588273725470975,0.0511467991895916
0.10,0,3,E,3,2026092403,context_1,198,653,0.03770123158282007,0.007290081468712524,0.06827368712237349,0.07250285216831186,0.0348871018620065,0.004737048255212345,0.0001000937019278882,0.05877928047161543,0.0,0.031172173496063233,0.05695566304545943,0.009024680334088752,0.13686935488911964
0.10,0,3,E,3,2026092403,pooled,2048,6846,0.03688112964553569,0.0013604756570609962,0.0663819170588321,0.01818307185381935,0.02025457255231955,0.01770987205548258,4.714072897618062e-05,0.051232584250597714,0.0,0.008043213960478746,0.013375922493231766,0.0064762814720659,0.04918696002418534
0.10,0,3,E,4,2026092404,context_0,1850,6193,0.03755194886415203,0.0018676358441940062,0.0686587750246983,0.019145893978220616,0.023376335714992202,0.026024715084242103,2.3196163785089616e-05,0.05289771445293967,0.0,0.008489707210843992,0.01572427786515658,0.0036416411985850934,0.0505126749684794
0.10,0,3,E,4,2026092404,context_1,198,653,0.04161425623188031,0.013213725458251214,0.07165660571032736,0.05648613934552393,0.031213274342433456,0.0658985970657349,0.00014597146304387682,0.053151448630900565,0.0,0.031172173496063233,0.035046043877304964,0.008267307581582502,0.12687258788302536
0.10,0,3,E,4,2026092404,pooled,2048,6846,0.03726617270997873,0.0004000639210435801,0.06890698215857048,0.01949731944457501,0.023391344612664233,0.029834653953227416,2.114014483819613e-05,0.05278703261410108,0.0,0.008043213960478746,0.015111405029265917,0.00392112370538519,0.046637775414399715
0.10,0,3,Ecal,0,2026092400,context_0,1850,6193,0.03808885278047186,0.0018881095380370702,0.06726019928136516,0.01989391146273268,0.02395935116223269,0.02193586955015958,4.8199698861952104e-06,0.053503641171589046,0.0,0.008489707210843992,0.009339855601965782,0.004849455192192149,0.051700519021848385
0.10,0,3,Ecal,0,2026092400,context_1,198,653,0.04242919987388305,0.023949449308949926,0.07282800630578315,0.05264007206794905,0.03289728521074131,0.05129363140131303,6.302003773163959e-05,0.05386344150381022,0.0,0.031172173496063233,0.03609167572946593,0.005356521926233998,0.12681542517068736
0.10,0,3,Ecal,0,2026092400,pooled,2048,6846,0.03782152539374822,0.004043965250132073,0.06753837517296891,0.016083075918589616,0.0227288293420157,0.024766601167607524,1.562203878056835e-06,0.05249457566968333,0.0,0.008043213960478746,0.0075254226258888056,0.004098649644999114,0.04458103406887211
0.10,0,3,Ecal,1,2026092401,context_0,1850,6193,0.038455333358285826,0.010661570311393658,0.06993147811944532,0.01880014115521545,0.023775255329187006,0.01901151396636798,2.9690275774769145e-06,0.05187377945276545,0.0,0.008489707210843992,0.012941334005430256,0.011583026261347114,0.0505304144067368
0.10,0,3,Ecal,1,2026092401,context_1,198,653,0.032230822044127694,0.002862425257389508,0.06715137119169073,0.0568181513553143,0.03290341219923376,0.006878723231917086,0.00020761048877588012,0.05380658566679578,0.0,0.031172173496063233,0.03790651562315971,0.012251130042828228,0.1322777511476817
0.10,0,3,Ecal,1,2026092401,pooled,2048,6846,0.037628308785070064,0.009326730482590214,0.06960379133837227,0.018812434503536413,0.02447900283763116,0.01786787101248867,5.541346867561007e-06,0.051823766802089506,0.0,0.008043213960478746,0.013897644150890698,0.010879953422948715,0.046158222865596385
0.10,0,3,Ecal,2,2026092402,context_0,1850,6193,0.036596467895112506,0.0005159644970796031,0.06685674725982098,0.019525408180666188,0.021639330392466738,0.018753510637211215,1.5689243266874247e-07,0.05142855569642404,0.0,0.008489707210843992,0.014802330603130645,0.003226177173015884,0.05062946519023136
0.10,0,3,Ecal,2,2026092402,context_1,198,653,0.029306266492304778,0.016971198813173344,0.059570081201684215,0.05981536482132824,0.038007869492265256,0.007214313047486917,0.0004380293018962617,0.06305683588186899,0.0,0.031172173496063233,0.04592385845492728,0.021232090227037106,0.12801825997257976
0.10,0,3,Ecal,2,2026092402,pooled,2048,6846,0.035500011485083416,0.0021100931476265303,0.06598058592263345,0.021319436815742852,0.0202134266424355,0.017701676281627457,1.2439252589166157e-05,0.05123537923121006,0.0,0.008043213960478746,0.016227980069239176,0.003379238319199852,0.04624587223062956
0.10,0,3,Ecal,3,2026092403,context_0,1850,6193,0.03719273895685432,0.0022923675212427677,0.0663018104568727,0.017988713338907617,0.020126123392315343,0.020305433961819636,5.7267186079111815e-05,0.05137790987740206,0.0,0.008489707210843992,0.012534337271073684,0.00585146295848143,0.050453657020168685
0.10,0,3,Ecal,3,2026092403,context_1,198,653,0.03770123158282007,0.007124250607830184,0.06824223184114832,0.07070691044400428,0.0348871018620065,0.004478982517646668,2.6176741275111214e-05,0.05917560246956364,0.0,0.031172173496063233,0.05547731035274557,0.009916545836724421,0.13547157291041886
0.10,0,3,Ecal,3,2026092403,pooled,2048,6846,0.036912625297474966,0.0013744017198138712,0.06635907319262684,0.018241230949201038,0.020212058256887766,0.018190638707348092,6.296951336290748e-05,0.05124013991124882,0.0,0.008043213960478746,0.013694531267041097,0.005672563315350169,0.049252604100282336
0.10,0,3,Ecal,4,2026092404,context_0,1850,6193,0.037660159444445285,0.0018354382509263433,0.06863315713407708,0.019548812904571323,0.02344691398629506,0.025394734743381664,2.802688489556167e-05,0.052932462993078,0.0,0.008489707210843992,0.016039905965075436,0.00877017922640202,0.049755033408419934
0.10,0,3,Ecal,4,2026092404,context_1,198,653,0.04161425623188031,0.01318614079803212,0.07170111044853301,0.05758579926018448,0.031213274342433456,0.06638299741358762,0.00010653629538123928,0.05327280195018946,0.0,0.031172173496063233,0.03399007766822369,0.008066421811389937,0.12726877881743964
0.10,0,3,Ecal,4,2026092404,pooled,2048,6846,0.03729143700148463,0.00037348738013281236,0.06888908602788192,0.02061443000341671,0.02347637320352791,0.029308502120722627,2.966154686203943e-05,0.05283020858166499,0.0,0.008043213960478746,0.015974552462508965,0.008588677780746668,0.046024927099943734
0.10,0,4,U,0,2026092500,context_0,1858,6193,0.03085112596391376,0.00286483840544447,0.06329109960222974,0.017370191919102988,0.02202840581928378,0.03129132260853533,0.00012387522081689403,0.05150356625958758,0.0,0.014988894628592972,0.01123798577855657,0.015340300843951842,0.051135608614620784
0.10,0,4,U,0,2026092500,context_1,190,653,0.042898838080787594,0.017085508156897793,0.06632049045459454,0.051067891696884395,0.03479100636575044,0.0050602557648442015,0.00019066392061834858,0.05781447149758507,0.0,0.0650126944466833,0.028141698061716278,0.022731645645603267,0.1294578121085184
0.10,0,4,U,0,2026092500,pooled,2048,6846,0.03150846580053901,0.004178995003870238,0.06342635870455114,0.015109274274829455,0.0218120492592222,0.028947042673121245,0.00011171387032142095,0.0514527677524139,0.0,0.00936835264205375,0.0072156355674088315,0.016007752909802088,0.046753824874023894
0.10,0,4,U,1,2026092501,context_0,1858,6193,0.03129722888550113,0.0032130570392965695,0.06250793319437686,0.01925977074094104,0.024444699768806033,0.023549223110683984,6.505250333543487e-05,0.05289242421505642,0.0,0.014988894628592972,0.01353189571022654,0.009082142060095425,0.04944340779977845
0.10,0,4,U,1,2026092501,context_1,190,653,0.03082217424047473,0.026929934847353953,0.0603442147047988,0.04979649300457043,0.0322382442759586,0.009455105756960458,0.00013698442617454708,0.05295435737874539,0.0,0.0650126944466833,0.02941868727333035,0.015092667587210506,0.1310438974446994
0.10,0,4,U,1,2026092501,pooled,2048,6846,0.030263371221543323,0.00041235854734008605,0.062283914441568285,0.015704328979964516,0.024459952314514477,0.02049255259030154,4.977706570878182e-05,0.0525267981359314,0.0,0.00936835264205375,0.007817795477543826,0.00877663056366801,0.046413178876816966
0.10,0,4,U,2,2026092502,context_0,1858,6193,0.03133299985777782,0.00904827835413932,0.0651026228828924,0.02107701619158684,0.026333005588501823,0.019534736694742844,0.0001394474389110554,0.05377630576581151,0.0,0.014988894628592972,0.016191501428104813,0.013201509869236492,0.0498540332072964
0.10,0,4,U,2,2026092502,context_1,190,653,0.04606720438291989,0.025161251876387743,0.07143843984760938,0.04987529115658588,0.02915910032785557,0.025569108602614396,0.0001019804149807016,0.0553933646172365,0.0,0.0650126944466833,0.028411293014485,0.03268182995887532,0.13577684802608875
0.10,0,4,U,2,2026092502,pooled,2048,6846,0.03245478624348125,0.005931111016180325,0.06566201478783021,0.01663565951467424,0.024167845336047322,0.020229990636553494,0.00012593865362854032,0.052680720162146984,0.0,0.00936835264205375,0.010455548855956535,0.01496414600689261,0.04706370271562916
0.10,0,4,U,3,2026092503,context_0,1858,6193,0.029851019503314258,0.001260274233153421,0.06381327247433216,0.015530600333605083,0.023355282883558037,0.03419751551848567,2.6964215933033967e-05,0.05289134848377229,0.0,0.014988894628592972,0.006919891860479295,0.016310223186753275,0.04858171430469264
0.10,0,4,U,3,2026092503,context_1,190,653,0.045033061944973585,0.014065212434514673,0.07092148181600944,0.04792728081863924,0.02995390167329748,0.010789559631324414,0.00038957015348535355,0.05404142145031194,0.0,0.0650126944466833,0.020598113752887667,0.01882213205261347,0.1269923293298762
0.10,0,4,U,3,2026092503,pooled,2048,6846,0.03117764044487914,4.516126610164923e-05,0.06436333310509987,0.016475461122958727,0.023283194283025832,0.03203510689213475,2.2191127218278194e-05,0.052828349363590855,0.0,0.00936835264205375,0.008314923822689401,0.01561363895686808,0.04663407513004703
0.10,0,4,U,4,2026092504,context_0,1858,6193,0.03084810188082815,0.007642160277710097,0.0656187957202476,0.017760504268433085,0.02108968107684639,0.02167726147724615,8.485922495714358e-05,0.05153068068146199,0.0,0.014988894628592972,0.010269220118328457,0.01120539284159014,0.04761281129019043
0.10,0,4,U,4,2026092504,context_1,190,653,0.029764383854165133,0.007268023308500746,0.06768699406597413,0.04394429553921998,0.03435770948603434,0.017637393004232588,0.00043533248286861377,0.05685826546703356,0.0,0.0650126944466833,0.027325266894415508,0.01591131303970824,0.1299018193702995
0.10,0,4,U,4,2026092504,pooled,2048,6846,0.03036299907042672,0.007601294705370124,0.06575239791679513,0.015748183056415132,0.020833658924017118,0.021311979295904795,7.34766023161729e-05,0.05143937936926786,0.0,0.00936835264205375,0.007317882191837588,0.010172650065323413,0.04556600383630712
0.10,0,4,Ucal,0,2026092500,context_0,1858,6193,0.030896101115142682,0.0029475958328895138,0.06330631250549214,0.01678088261782032,0.02202840581928378,0.03142172672477274,0.00012440338147145673,0.05150723417438113,0.0,0.014988894628592972,0.010180872208806376,0.005831126096549259,0.04896892154697175
0.10,0,4,Ucal,0,2026092500,context_1,190,653,0.04318034737320786,0.01734941409831753,0.06636509731345645,0.050773065129847916,0.035699065389587004,0.002688566899373246,0.00011960204985595271,0.057994213021139066,0.0,0.0650126944466833,0.026878013427752718,0.011045409205229409,0.1291277279056268
0.10,0,4,Ucal,0,2026092500,pooled,2048,6846,0.031620343165460196,0.004278342304613093,0.06344249621946658,0.01512074034296473,0.0218120492592222,0.028845797988441738,0.00010474833265929396,0.051461455889803345,0.0,0.00936835264205375,0.007200340437890044,0.0055372844079156535,0.04641632177070479
0.10,0,4,Ucal,1,2026092501,context_0,1858,6193,0.031162303431814253,0.003193896959726477,0.06248351778228782,0.019655633768265453,0.024444699768806033,0.023392273029100186,5.996799603904461e-05,0.0528932999657028,0.0,0.014988894628592972,0.013268787606891957,0.007547966602411087,0.05109916510337455
0.10,0,4,Ucal,1,2026092501,context_1,190,653,0.030386918527743556,0.02674660682348782,0.06047664966747676,0.04869856244606116,0.03246525903191774,0.00872991838720874,7.503122258131106e-05,0.05311824428054627,0.0,0.0650126944466833,0.027283351218745137,0.011084728949698317,0.12824825535921464
0.10,0,4,Ucal,1,2026092501,pooled,2048,6846,0.030141081966692518,0.0004136380374603584,0.06227714925500475,0.016149733297786677,0.024396144249175022,0.02041390899779162,4.6182694622571836e-05,0.05249019537915587,0.0,0.00936835264205375,0.007504962638648204,0.006745309309422309,0.048004397346573
0.10,0,4,Ucal,2,2026092502,context_0,1858,6193,0.0312880247065489,0.009079811521841853,0.0649476464448349,0.020952551964315887,0.026286069351379948,0.01918328226346397,0.00012114862919370046,0.05362146076680338,0.0,0.014988894628592972,0.015899162945116643,0.006753896389816403,0.04904463170540128
0.10,0,4,Ucal,2,2026092502,context_1,190,653,0.045774281236527714,0.02527858268703071,0.07146724005911484,0.051800895364567244,0.02870507081593726,0.027225619123383824,0.00011096936155260316,0.054780073859537606,0.0,0.0650126944466833,0.032394505612599316,0.018015047815740794,0.1347252788102905
0.10,0,4,Ucal,2,2026092502,pooled,2048,6846,0.032434404701006114,0.005947469719706691,0.06552175035419956,0.01704431847259502,0.02414657598093417,0.02005877893667067,0.00010705977929172193,0.052600738970284444,0.0,0.00936835264205375,0.011291192097437069,0.006035310787640447,0.04682937880289218
0.10,0,4,Ucal,3,2026092503,context_0,1858,6193,0.029860588874568994,0.001002397344316966,0.06376088181642038,0.015770382841705167,0.023331814764997127,0.03364530949127527,3.241161611190112e-05,0.05287347758440689,0.0,0.014988894628592972,0.008375222113544415,0.0038960345233024192,0.046745824207151086
0.10,0,4,Ucal,3,2026092503,context_1,190,653,0.044642015800610946,0.013840093023535371,0.0708015069304895,0.04898050820074776,0.030407931185215675,0.009411273382119459,8.284881849706814e-05,0.054413519903344365,0.0,0.0650126944466833,0.02182821023679504,0.014141288595119643,0.1283781199498055
0.10,0,4,Ucal,3,2026092503,pooled,2048,6846,0.03113238072100699,0.00026183784613944107,0.06429981768220382,0.01683192322145163,0.02326192492791268,0.03141173338580512,2.0157749033341662e-05,0.05282384524312132,0.0,0.00936835264205375,0.009532819871149302,0.0034738308349241856,0.04602691203208757
0.10,0,4,Ucal,4,2026092504,context_0,1858,6193,0.03079790664568327,0.007572951061267578,0.06560277482284242,0.017921160332380906,0.02113661731396821,0.020977510579083078,6.841749902615957e-05,0.05151072691344799,0.0,0.014988894628592972,0.011123747991678458,0.006851469344036618,0.04722251097190097
0.10,0,4,Ucal,4,2026092504,context_1,190,653,0.02977002822044117,0.0075949996501067435,0.06761843058111272,0.044746428436649555,0.03413069473007513,0.01776924593954876,0.00033665409730291847,0.05678433728092334,0.0,0.0650126944466833,0.031601305322262,0.016542582873508245,0.1271307611280674
0.10,0,4,Ucal,4,2026092504,pooled,2048,6846,0.030254360805603786,0.007570278171922989,0.06573587985085763,0.015931669301227653,0.02087619763424342,0.02069138033152111,6.012482786948211e-05,0.05141430948835264,0.0,0.00936835264205375,0.007830987092091974,0.005641137644057529,0.044874934323706844
0.10,0,4,E,0,2026092500,context_0,1858,6193,0.03130235975404322,0.002859234952496517,0.0634038526357422,0.01683515008634223,0.02195800146360094,0.030430826465697655,9.379262750509304e-05,0.0514539174224523,0.0,0.014988894628592972,0.009738061016425926,0.01523917648951965,0.050792622445889404
0.10,0,4,E,0,2026092500,context_1,190,653,0.043769349506250055,0.017634558913715515,0.06661484649304628,0.047696517013594904,0.03388294734191388,0.005047733667357834,0.00015990556748763328,0.056599838720631936,0.0,0.0650126944466833,0.02531253592896327,0.025256537090666997,0.12914469692779648
0.10,0,4,E,0,2026092500,pooled,2048,6846,0.03173470729291378,0.0042245438637526275,0.06357197509450989,0.014552376723366662,0.021726971838769482,0.028146625361439234,8.017229213597998e-05,0.051349293920700256,0.0,0.00936835264205375,0.007052583227607761,0.016125273640550025,0.046717797008447304
0.10,0,4,E,1,2026092501,context_0,1858,6193,0.031562152347502426,0.003163997742711539,0.06275661869170336,0.01916154593779575,0.02327129384075932,0.021207234937300465,8.889732267294202e-05,0.05238570680197762,0.0,0.014988894628592972,0.013033243267323554,0.00897094372980167,0.049938240766850765
0.10,0,4,E,1,2026092501,context_1,190,653,0.030233172107432593,0.02686117118695918,0.0605345623417641,0.04758404878532278,0.03269227378787688,0.011574012226525196,3.3075173894367795e-05,0.05300438061875856,0.0,0.0650126944466833,0.029429169667842967,0.0176202981931463,0.13232514442813195
0.10,0,4,E,1,2026092501,pooled,2048,6846,0.03060003135367423,0.00037606531489833123,0.06252407315382695,0.01587898710244725,0.023353945848630597,0.01817091290959967,7.56663722991846e-05,0.05211029123390297,0.0,0.00936835264205375,0.007715133564765706,0.008531108933808795,0.04622804048708869
0.10,0,4,E,2,2026092502,context_0,1858,6193,0.031715239870133305,0.009045757522664764,0.06527438914785665,0.019772726260849194,0.025300408371820682,0.019670043969400905,0.00010763286394412607,0.05319922784558432,0.0,0.014988894628592972,0.013942743866657493,0.010941482783155557,0.05065796881947994
0.10,0,4,E,2,2026092502,context_1,190,653,0.046750381238015226,0.02469212294746969,0.07176852508801009,0.055732716923489134,0.029613129839773822,0.0307670830106984,6.299459742017396e-05,0.05598334925221046,0.0,0.0650126944466833,0.035058132106809706,0.03481172749224595,0.1385174353524701
0.10,0,4,E,2,2026092502,pooled,2048,6846,0.03276360479391821,0.005975162673287975,0.06584587598826232,0.016109333343930058,0.02310437758038969,0.020846896506821644,9.99149839261878e-05,0.05222535679174716,0.0,0.00936835264205375,0.008556912368716788,0.01263404633655415,0.04594945144780948
0.10,0,4,E,3,2026092503,context_0,1858,6193,0.030233609258111194,0.0009691007692808403,0.06391494642237061,0.015501933776402325,0.023284878527875197,0.03418271283073486,3.993139266610915e-05,0.05293478259312541,0.0,0.014988894628592972,0.0064816976015590645,0.014887689532224867,0.04837375464707514
0.10,0,4,E,3,2026092503,context_1,190,653,0.045771486858149746,0.013317650172991215,0.07099855306352106,0.04811541727558556,0.032224049232888796,0.011156374278552011,0.00021452842895964034,0.056206450141948416,0.0,0.0650126944466833,0.021088881668919545,0.020111674592720723,0.12526792163408332
0.10,0,4,E,3,2026092503,pooled,2048,6846,0.03149997201125421,0.0002404613722320096,0.06445663037709087,0.015525679735834347,0.02349588783415746,0.03206663235894085,3.060731798367063e-05,0.05296915806697047,0.0,0.00936835264205375,0.007181378997769948,0.014899791267543032,0.04575503743843896
0.10,0,4,E,4,2026092504,context_0,1858,6193,0.031122987322316498,0.0075613771069633845,0.06577724607750154,0.018285694444271933,0.02108968107684639,0.021670293218907913,8.803897327865301e-05,0.05152682004992959,0.0,0.014988894628592972,0.01049191411175019,0.010005869063365487,0.04763397066410465
0.10,0,4,E,4,2026092504,context_1,190,653,0.029190590924832116,0.008178550008680906,0.06803310665776217,0.04287265229960878,0.034811738997952646,0.017679779422663466,0.00030917313531865465,0.05748670591915389,0.0,0.0650126944466833,0.027978150463512347,0.01637724484337323,0.12980439141065814
0.10,0,4,E,4,2026092504,pooled,2048,6846,0.030597027964487156,0.007615998595119806,0.06593134696390376,0.017100605919204027,0.02085492827913027,0.021314260805351634,6.61783450011074e-05,0.05142922782885605,0.0,0.00936835264205375,0.008368554761204888,0.009169704439454694,0.04532074803037786
0.10,0,4,Ecal,0,2026092500,context_0,1858,6193,0.031308671931074394,0.0027985303239765357,0.06340882565068867,0.0172757653050002,0.02191106522647912,0.030256024144467722,0.00011167046848516152,0.05146336264932202,0.0,0.014988894628592972,0.010052887075028601,0.0056807876360577434,0.0492941715428744
0.10,0,4,Ecal,0,2026092500,context_1,190,653,0.043769349506250055,0.017727700412280185,0.06644345436674218,0.04786249509873511,0.03410996209787304,0.0049179397151056375,0.00015938595700678247,0.05653071292701877,0.0,0.0650126944466833,0.026833776054624094,0.011701406517221204,0.1276027431796729
0.10,0,4,Ecal,0,2026092500,pooled,2048,6846,0.031810329761392864,0.004177827536106485,0.06356614431524027,0.014393423666187823,0.02168443312854318,0.027971214431387573,8.641383503345022e-05,0.05137620037478026,0.0,0.00936835264205375,0.00745502645003788,0.004443196499341487,0.0460782884532336
0.10,0,4,Ecal,1,2026092501,context_0,1858,6193,0.03168268564979698,0.003132264913593976,0.06269929892821038,0.019071933458676554,0.02306008077371091,0.021156943224229438,8.213506201563709e-05,0.052293863162586766,0.0,0.014988894628592972,0.013021621791002701,0.008096786826042764,0.05070585566286163
0.10,0,4,Ecal,1,2026092501,context_1,190,653,0.030143307123176366,0.026941425504657772,0.06045238180277623,0.05202203829653509,0.03269227378787688,0.012239465036234604,0.0001232887806124867,0.05290696254400915,0.0,0.0650126944466833,0.03249446372472842,0.010158742432173675,0.1312339119694789
0.10,0,4,Ecal,1,2026092501,pooled,2048,6846,0.030640794438624497,0.0003404710386116646,0.06246565484062732,0.016767748689021825,0.02311998294238582,0.018061654669786043,8.375579523624212e-05,0.05200974512214007,0.0,0.00936835264205375,0.009197547552207483,0.0076777637749101575,0.04798783587801165
0.10,0,4,Ecal,2,2026092502,context_0,1858,6193,0.03162528956767541,0.009130987376248269,0.06518001150575395,0.020173484878628228,0.025417748964625342,0.01989230072674056,8.598312093458741e-05,0.05317145536640237,0.0,0.014988894628592972,0.014325032652103524,0.005642937147447645,0.049881669038301366
0.10,0,4,Ecal,2,2026092502,context_1,190,653,0.046263158428880846,0.02460960082916716,0.0716857052936363,0.05492849121887742,0.029840144595732976,0.02730449732102365,0.00013470288134442507,0.05611147822064412,0.0,0.0650126944466833,0.036856571787093936,0.013834526704747933,0.1365404376515046
0.10,0,4,Ecal,2,2026092502,pooled,2048,6846,0.03268250359911684,0.006059343880155739,0.06575663094008019,0.0159803730291159,0.023189455000842296,0.020707349706148195,7.398054072643766e-05,0.05220218166229862,0.0,0.00936835264205375,0.010139792605654022,0.0042861170875839365,0.046630851019455674
0.10,0,4,Ecal,3,2026092503,context_0,1858,6193,0.030076196228809915,0.0009665075423430714,0.06390105629470215,0.015872402086635425,0.022932856749461217,0.03311319004333184,2.4844947124530355e-05,0.05269427624544826,0.0,0.014988894628592972,0.008155641418582146,0.004095190165769482,0.04711117588630864
0.10,0,4,Ecal,3,2026092503,context_1,190,653,0.045633978417667254,0.013472653320209105,0.07092052735426745,0.0476125663604018,0.0319970344769297,0.010122809226753196,0.00011600246635123533,0.05578569188828385,0.0,0.0650126944466833,0.02404657130468135,0.013143902589971519,0.12935500124942678
0.10,0,4,Ecal,3,2026092503,pooled,2048,6846,0.03127577504402773,0.00025946599114674775,0.06443680922005693,0.016378150624144855,0.02311303944212062,0.030997258129052366,1.4706364774039226e-05,0.052700821506603095,0.0,0.00936835264205375,0.0087009153425152,0.00296294028828196,0.04494823585550475
0.10,0,4,Ecal,4,2026092504,context_0,1858,6193,0.031167962473545474,0.007430293779455411,0.06574040772605101,0.01840354341068272,0.02101927672116355,0.021499830618010668,5.7740166376605445e-05,0.05155632171226711,0.0,0.014988894628592972,0.010784252594738301,0.006696388546919112,0.04815887360887404
0.10,0,4,Ecal,4,2026092504,context_1,190,653,0.029289075384682395,0.007807646951401837,0.06776278818330084,0.045709839534948206,0.03549278326583005,0.019525329219527723,0.0002713385312946311,0.05826696898980352,0.0,0.0650126944466833,0.029303561664632063,0.017146583812674136,0.12858486102172806
0.10,0,4,Ecal,4,2026092504,pooled,2048,6846,0.03061740950696229,0.007461707891851822,0.06587571508745135,0.01651031084474331,0.020791120213790815,0.02133497966914996,4.772299413441806e-05,0.05150363534657886,0.0,0.00936835264205375,0.008338513666366143,0.00571774301288125,0.04499816521811221
0.10,1,0,U,0,2026092100,context_0,1856,6193,0.03748212683390212,0.0022413004273009176,0.06758886323074285,0.01791760101578544,0.021324230156297766,0.008887340217776568,0.00016542515162409996,0.05082144649912245,0.0,0.012401496040440562,0.009936826607961928,0.008628871431615153,0.04902521783189885
0.10,1,0,U,0,2026092100,context_1,192,653,0.04438002338651004,0.02305910472324134,0.06774757962428228,0.06084826981115354,0.030366385505625537,0.033531925558354644,0.019616535827135087,0.0578729812431816,0.0,0.06598451856814701,0.039379863024562714,0.021731906156292013,0.13010212021059997
0.10,1,0,U,0,2026092100,pooled,2048,6846,0.03728171882815834,0.004195438395561384,0.06755081160819508,0.016218756449850543,0.02102416997090928,0.011134133606054739,0.000374121325556356,0.051039941549349564,0.0,0.011237280152187418,0.008840952745659023,0.00795279837111564,0.04583576084345635
0.10,1,0,U,1,2026092101,context_0,1856,6193,0.040006876590427065,0.0006685563429291365,0.06997867137695185,0.021397781109127417,0.02080613204735586,0.015269168889870538,8.29647987804896e-05,0.05081281548458048,0.0,0.012401496040440562,0.014799365458077605,0.003630633162551303,0.05108097875976126
0.10,1,0,U,1,2026092101,context_1,192,653,0.044169958937639364,0.006487069927853913,0.07574288722169742,0.06549778586299093,0.03142907218758051,0.00188329329090825,0.024411490702254693,0.05506263408340094,0.0,0.06598451856814701,0.042762723944350586,0.03380592363301708,0.1291315850990062
0.10,1,0,U,1,2026092101,pooled,2048,6846,0.0401160567424555,0.0012289029275040569,0.07051693077557067,0.020714326989076895,0.020158832351140687,0.013633500403434182,7.586496212410969e-05,0.050745542032977965,0.0,0.011237280152187418,0.01564015289715005,0.004438637261340947,0.04893410261245502
0.10,1,0,U,2,2026092102,context_0,1856,6193,0.042092706322094886,0.005338878447134213,0.07234001354431002,0.015900721480277543,0.020469630972217878,0.019200450055508606,0.00012453410798258146,0.050833650925096535,0.0,0.012401496040440562,0.009798781921365641,0.008302232057484631,0.04768483946482338
0.10,1,0,U,2,2026092102,context_1,192,653,0.04482311855449267,0.0037691170079089693,0.0755513596663983,0.055163181417274026,0.023787743257686678,0.03449402048033494,0.01930052178163469,0.051933750675990806,0.0,0.06598451856814701,0.035129730874952796,0.026774882012105983,0.1203718622658097
0.10,1,0,U,2,2026092102,pooled,2048,6846,0.041866810796615694,0.005180773739105216,0.07264063070292866,0.014225537789411862,0.020077514296044652,0.020665656233197077,0.0002369994045247981,0.05082878391206896,0.0,0.011237280152187418,0.010191965286987764,0.007270775988994661,0.046026025560152395
0.10,1,0,U,3,2026092103,context_0,1856,6193,0.038965197945213415,0.006113755997002922,0.06773925184327294,0.01727169472039569,0.02565061206163688,0.02368497098210956,0.00015670468843068965,0.05275779583023079,0.0,0.012401496040440562,0.012090267455171574,0.01002470758816605,0.05002783396837814
0.10,1,0,U,3,2026092103,context_1,192,653,0.05224432851629329,0.024680550003673172,0.07524458673607372,0.06275188164978086,0.030081882549615524,0.010941118227133118,0.02403548352441063,0.054522795284637285,0.0,0.06598451856814701,0.04383605403939825,0.04086628025278372,0.12487283952535888
0.10,1,0,U,3,2026092103,pooled,2048,6846,0.03947434285274948,0.003209534747199337,0.06845732497504894,0.015150091234761753,0.024540970404490603,0.02248187181539929,0.0003553414279794595,0.05208208173818495,0.0,0.011237280152187418,0.010967787792867835,0.010678285257437232,0.04854267724042608
0.10,1,0,U,4,2026092104,context_0,1856,6193,0.041567362712479905,0.004822217437734178,0.0700067281584669,0.016308168878854005,0.02317415113762089,0.028439418377237263,0.00012763248423914512,0.051881107738903136,0.0,0.012401496040440562,0.012056322150061085,0.0091992708630539,0.04739444210321917
0.10,1,0,U,4,2026092104,context_1,192,653,0.05238818302373771,0.013358106654409528,0.075925834430386,0.049595562593734065,0.027537202749610662,0.008108275149816963,0.017360040901068005,0.051907227719856175,0.0,0.06598451856814701,0.032332752398963466,0.023885495927601894,0.11905918287937786
0.10,1,0,U,4,2026092104,pooled,2048,6846,0.04239795292737547,0.003014561955510805,0.0704653697086235,0.01469323954012868,0.023087375939398802,0.026520000304469743,0.00014603035002752791,0.05178232437643396,0.0,0.011237280152187418,0.009867695292977825,0.008255904219543605,0.04535300520960158
0.10,1,0,Ucal,0,2026092100,context_0,1856,6193,0.037545438837975176,0.0021929287444707626,0.06761250967264062,0.018161288412162975,0.021347780070340563,0.008929169626395936,0.00014441621015521427,0.05085876080512731,0.0,0.012401496040440562,0.010205149707033713,0.007699306957437095,0.04870242674288199
0.10,1,0,Ucal,0,2026092100,context_1,192,653,0.043971412274266986,0.022499769978059213,0.06777936916070754,0.05683410113134702,0.029913589490230486,0.03063041252661565,0.013712363963493027,0.05794642115480836,0.0,0.06598451856814701,0.03742716178785191,0.026550805502258388,0.1294688538962932
0.10,1,0,Ucal,0,2026092100,pooled,2048,6846,0.03739468326451517,0.004098995254902587,0.06757710959849773,0.01609606851338531,0.021101405081027647,0.010903733279189406,0.000349295931404355,0.05108585001022067,0.0,0.011237280152187418,0.009515413177313695,0.006870762190774932,0.045836176050658116
0.10,1,0,Ucal,1,2026092101,context_0,1856,6193,0.040006876590427065,0.0006801466174454116,0.0699690170453708,0.021212402465626046,0.02080613204735586,0.015074595125811538,9.800424129752098e-05,0.05081464020972121,0.0,0.012401496040440562,0.014861742165654772,0.004079617992928079,0.05093063497841856
0.10,1,0,Ucal,1,2026092101,context_1,192,653,0.04415845501229215,0.005967773802143472,0.07576283916969875,0.06793596682363319,0.03233466421837061,0.0016187311193863324,0.014228075200747745,0.05547636661644112,0.0,0.06598451856814701,0.046296355586942325,0.030227927825040735,0.13017050183995596
0.10,1,0,Ucal,1,2026092101,pooled,2048,6846,0.04013733703825717,0.0011908516950992676,0.0705080025759123,0.02107026565282219,0.020137501293120197,0.013486252527516326,0.00020559610126274618,0.05074138022432357,0.0,0.011237280152187418,0.016202362473958495,0.0032474290691678906,0.049019869602788556
0.10,1,0,Ucal,2,2026092102,context_0,1856,6193,0.04193476052006867,0.005431350976504981,0.07230956225324782,0.016441905931083665,0.020469630972217878,0.01946526852626279,0.00012332585630698374,0.05084506076129195,0.0,0.012401496040440562,0.009392635573298221,0.007437298241109145,0.04768015931022264
0.10,1,0,Ucal,2,2026092102,context_1,192,653,0.045257052162650635,0.0038304430475264127,0.07553102259746154,0.054083485871223975,0.023224547840497878,0.03394159415302582,0.014483001687925795,0.05199879525296607,0.0,0.06598451856814701,0.03296006283416304,0.028485791959319023,0.1214045210395489
0.10,1,0,Ucal,2,2026092102,pooled,2048,6846,0.04170330523742671,0.005271058085211283,0.07261139770077799,0.014462176378010378,0.01992819688990133,0.020851706576944934,0.00028933023998234213,0.05081562741693688,0.0,0.011237280152187418,0.009717777919788905,0.006204122874285709,0.04512302595995167
0.10,1,0,Ucal,3,2026092103,context_0,1856,6193,0.03884866887756927,0.006193108441361194,0.06772859838576888,0.01716559515504681,0.025862561288022223,0.02379592007812098,0.00018039550147287687,0.05288657832606768,0.0,0.012401496040440562,0.012203085885190324,0.009789153547144387,0.05003732570124614
0.10,1,0,Ucal,3,2026092103,context_1,192,653,0.05181039490813533,0.024901165149326072,0.07512273629763949,0.06156184021886922,0.029930387102560907,0.011394866573497947,0.01792423015124346,0.05443220003646341,0.0,0.06598451856814701,0.043402120431240296,0.04187676442296522,0.123674118942857
0.10,1,0,Ucal,3,2026092103,pooled,2048,6846,0.039413028268053596,0.003260764039247601,0.06843662948597874,0.01499285362299896,0.024668956752613436,0.022626202172957438,0.00045658644751235197,0.0521715836338826,0.0,0.011237280152187418,0.01111972959555684,0.010392770287266614,0.04857451222295865
0.10,1,0,Ucal,4,2026092104,context_0,1856,6193,0.041544799026476176,0.004846659207853425,0.06995042126103158,0.016578561615159925,0.02333900053592064,0.027975405134483128,0.0001231055072499881,0.05194782207607161,0.0,0.012401496040440562,0.012507595870135968,0.006930924497340801,0.04680915494960486
0.10,1,0,Ucal,4,2026092104,context_1,192,653,0.05251882880725944,0.013390808641713561,0.0758975040166956,0.04934443198880125,0.027310804741913136,0.005102997011170937,0.010710936563341558,0.051873759308435324,0.0,0.06598451856814701,0.0336345532234373,0.02595432824866275,0.12027336344872477
0.10,1,0,Ucal,4,2026092104,pooled,2048,6846,0.04245926751207135,0.0030334931674236894,0.07041149997654214,0.0146046611913594,0.023023382765337358,0.025817238566279516,0.00015999566078028857,0.051820476006086365,0.0,0.011237280152187418,0.009969393609799797,0.006947493879690522,0.04490735241611849
0.10,1,0,E,0,2026092100,context_0,1856,6193,0.03455808663196319,0.0006530293457188498,0.06458310431377123,0.017715941791785827,0.022061513789103704,0.008938583706897887,9.353910325528368e-05,0.05139980009202179,0.0,0.012401496040440562,0.009880901531234568,0.006136350801060139,0.04929244674632641
0.10,1,0,E,0,2026092100,context_1,192,653,0.04015750065773349,0.022665952092393922,0.06626025902503399,0.055052500743258716,0.024505497837386647,0.022304010419873746,0.027748576717359703,0.053029354476483784,0.0,0.06598451856814701,0.03551645680873401,0.02977224406664246,0.1291804279289719
0.10,1,0,E,0,2026092100,pooled,2048,6846,0.03447254655513371,0.002726328652932218,0.06464605906848149,0.015854974999126362,0.02134866895044296,0.010170202052902547,0.0001444314219549974,0.05115781245885008,0.0,0.011237280152187418,0.009473519466860272,0.005249336773344615,0.04603069396836299
0.10,1,0,E,1,2026092101,context_0,1856,6193,0.03799831216734795,0.0022131342077767614,0.06687260849963851,0.019695981575591073,0.024528782185345377,0.019166678470278614,0.00011823900569342567,0.0527044978917554,0.0,0.012401496040440562,0.012299928283838649,0.0067968924138392915,0.0502512240248392
0.10,1,0,E,1,2026092101,context_1,192,653,0.04076871945759797,0.005395152366931215,0.07268456137013517,0.0671194385756053,0.03443542221326812,0.0010945029393134298,0.019595699698133066,0.057829141476689556,0.0,0.06598451856814701,0.04478565456628356,0.03912668801745011,0.1292946345219567
0.10,1,0,E,1,2026092101,pooled,2048,6846,0.038090321873849586,0.0025410637163862096,0.06742940292409537,0.01746239346593748,0.025442963519655026,0.01725110038808339,0.00026787640779172596,0.053029969430941376,0.0,0.011237280152187418,0.011802381893139108,0.00835906333522486,0.04791875528788103
0.10,1,0,E,2,2026092102,context_0,1856,6193,0.039068717971768696,0.0039047266493742955,0.06909581861466088,0.015435840289649607,0.023219179526722145,0.019982498507097518,0.00019358348310880436,0.0523683165223734,0.0,0.012401496040440562,0.010912458791098973,0.01047384444865648,0.04848165154347755
0.10,1,0,E,2,2026092102,context_1,192,653,0.042576873179313246,0.0043081219981052354,0.07293650850009713,0.058308812151740136,0.02955333881069322,0.034377311105111066,0.030524817280524717,0.05838996978838075,0.0,0.06598451856814701,0.03953294839258698,0.036473413363789786,0.12404627302196966
0.10,1,0,E,2,2026092102,pooled,2048,6846,0.03871389024502864,0.003927339008262364,0.06944971588110453,0.0138899111518291,0.02382307168081843,0.021367677651483397,0.0003328347706145476,0.05272308471724107,0.0,0.011237280152187418,0.009451582626255157,0.008223128482928823,0.04612171266907902
0.10,1,0,E,3,2026092103,context_0,1856,6193,0.035782459352764695,0.005448502380190107,0.06467203575927477,0.015722968596788445,0.02051681339963657,0.022904393603757955,0.00025702197185081246,0.051002719802477836,0.0,0.012401496040440562,0.008419042531059014,0.01068317812486083,0.04880361700227003
0.10,1,0,E,3,2026092103,context_1,192,653,0.04885055965765206,0.026367259783781818,0.07276734123905697,0.06795020264783286,0.040496190903702045,0.011695563941498108,0.025053690902931768,0.062081702284208694,0.0,0.06598451856814701,0.05198526843356427,0.05017666631277615,0.13009463713741515
0.10,1,0,E,3,2026092103,pooled,2048,6846,0.03662716582623682,0.0024154800824253463,0.06544230367395648,0.015520029113172925,0.020055541831958373,0.02184283870021278,0.0005448165777425318,0.0512357911384376,0.0,0.011237280152187418,0.008320949211315955,0.010345623843901421,0.04828824343586102
0.10,1,0,E,4,2026092104,context_0,1856,6193,0.038304147282314294,0.004246936395252236,0.06664373471457907,0.01708253801605355,0.021971034082453045,0.026778808015922723,8.838514853789776e-05,0.05125451039435093,0.0,0.012401496040440562,0.011240183704408564,0.007611912521352643,0.04744221027267714
0.10,1,0,E,4,2026092104,context_1,192,653,0.05006542961492366,0.014527962607374285,0.07377309988072914,0.05148299020788384,0.025251776664440007,0.004533076836184813,0.019901294555703247,0.053372677873804744,0.0,0.06598451856814701,0.036566779053087195,0.032232031903874095,0.1241028803165566
0.10,1,0,E,4,2026092104,pooled,2048,6846,0.03933245731891899,0.002356583364946807,0.06720637011552782,0.016174172051546237,0.022287235503343994,0.024675565100166386,0.00010528038523412685,0.051383491138638535,0.0,0.011237280152187418,0.009829733005684469,0.0074450133605855826,0.04491175678834211
0.10,1,0,Ecal,0,2026092100,context_0,1856,6193,0.03447579999400696,0.0006497691107199639,0.06457776987205298,0.017651904815701492,0.022179263359317858,0.00880629150231299,8.526131973870122e-05,0.051425135848936,0.0,0.012401496040440562,0.009834838862731225,0.005562418286014052,0.04909196171133294
0.10,1,0,Ecal,0,2026092100,context_1,192,653,0.04048784349716228,0.02233788118422282,0.06617738036485869,0.05333892192351228,0.02427909982968912,0.02094055380150482,0.024964330823627673,0.05284090672682376,0.0,0.06598451856814701,0.03529949000465505,0.026447993266490964,0.12630339769861051
0.10,1,0,Ecal,0,2026092100,pooled,2048,6846,0.03449298475003232,0.0026925147582129447,0.06463562411297319,0.015754446172085705,0.021476655298565905,0.009927171277958974,0.00014916125444541274,0.05119044942541332,0.0,0.011237280152187418,0.009514395856657545,0.004481903010560829,0.04619737755612376
0.10,1,0,Ecal,1,2026092101,context_0,1856,6193,0.03802087585335168,0.002196631877038718,0.0668862384473042,0.019733660743999112,0.02455233209938812,0.01924638648467117,0.00010327829841981137,0.05269667516919246,0.0,0.012401496040440562,0.012412746713857366,0.005960349139779094,0.05017811793804688
0.10,1,0,Ecal,1,2026092101,context_1,192,653,0.04095921337322728,0.005349523609945176,0.07266174893399392,0.07027738472147482,0.03398262619787307,2.1351594762047954e-05,0.01727509061635893,0.0574653414730127,0.0,0.06598451856814701,0.04708308547918269,0.034213757573909175,0.13080401668213154
0.10,1,0,Ecal,1,2026092101,pooled,2048,6846,0.038131198263646804,0.002521840806604501,0.06743965390688078,0.01774476561185196,0.025400301403614045,0.01742428512961805,0.00027080902791275143,0.05300114026814453,0.0,0.011237280152187418,0.011843258282936328,0.007215089113825476,0.04788960387602573
0.10,1,0,Ecal,2,2026092102,context_0,1856,6193,0.03904615428576497,0.003937503205239923,0.06908338101331615,0.01531910741951406,0.02336047901097904,0.01965971319876883,0.0001733582349251389,0.05243547141003312,0.0,0.012401496040440562,0.010641694559053996,0.009800044965530472,0.04807194576840838
0.10,1,0,Ecal,2,2026092102,context_1,192,653,0.04236854124932021,0.004403670014720043,0.07298635338333587,0.0569332168959347,0.030232532833785797,0.03323312466245555,0.02829777400246814,0.05912816196247058,0.0,0.06598451856814701,0.038023397764462986,0.035804197907880884,0.12228646457513194
0.10,1,0,Ecal,2,2026092102,pooled,2048,6846,0.038652575660332755,0.003966740019183067,0.06944278891200471,0.013719784695548607,0.024015051203002735,0.020969337675989824,0.00031088265160417444,0.05282543139401487,0.0,0.011237280152187418,0.009369829846660615,0.007743653234596592,0.04600736375606639
0.10,1,0,Ecal,3,2026092103,context_0,1856,6193,0.03573733198075718,0.005467017737057082,0.06466775475096977,0.01574038590100564,0.02056391322772219,0.022688396751337464,0.00026463834104524205,0.05103166742580958,0.0,0.012401496040440562,0.008283258878906864,0.010408467140768958,0.04882089412805629
0.10,1,0,Ecal,3,2026092103,context_1,192,653,0.048416626049494094,0.02646030057647027,0.07285565626703837,0.06940701468511314,0.04004339488830699,0.013274570051403548,0.021242485725516853,0.06165001394762857,0.0,0.06598451856814701,0.05320708232649731,0.04662523271791762,0.12957615672190703
0.10,1,0,Ecal,3,2026092103,pooled,2048,6846,0.036565851241540936,0.0024202775210339254,0.06544650059585032,0.015682731079244807,0.020119535006019817,0.02179553836350734,0.0006087544982717975,0.051256831312361556,0.0,0.011237280152187418,0.008508120645262388,0.010076713738463194,0.04847050250148118
0.10,1,0,Ecal,4,2026092104,context_0,1856,6193,0.038281583596310564,0.004197315146333322,0.06664122351581475,0.017017807316183707,0.021947484168410192,0.026915241268731432,8.54944522113043e-05,0.05124117694210841,0.0,0.012401496040440562,0.011127365274389836,0.006867784070166439,0.047531035276959774
0.10,1,0,Ecal,4,2026092104,context_1,192,653,0.05039807323942197,0.014538509093096091,0.07371355110916963,0.04948827108087343,0.026191175210611928,0.0035482544236645763,0.01927536177686351,0.053626791632555834,0.0,0.06598451856814701,0.03533922705763157,0.03183566418340517,0.12589198896511017
0.10,1,0,Ecal,4,2026092104,pooled,2048,6846,0.03933245731891899,0.002309141460446833,0.06719950292796255,0.016573959196674815,0.022308566561364485,0.024705028795463102,0.00010648361681412071,0.05138599663059781,0.0,0.011237280152187418,0.010483755242440522,0.007087147329515184,0.04511829102663568
0.10,1,1,U,0,2026092200,context_0,1861,6193,0.03568727080897366,0.00245908794181925,0.06596884393305305,0.018657755790588246,0.0256979993751415,0.012637207585943055,3.713351185293319e-06,0.05358514312175261,0.0,0.01499754060090898,0.013693407900809694,0.010524733856938497,0.04792169299276337
0.10,1,1,U,0,2026092200,context_1,187,653,0.05097063473638752,0.02372276793132983,0.07390648478370304,0.06740196433838425,0.03194111821778478,0.00394825485084091,0.03449756651257457,0.058647360481451596,0.0,0.02268018442236983,0.037327863357721716,0.046655856171346356,0.1367325717882196
0.10,1,1,U,0,2026092200,pooled,2048,6846,0.036594323518937655,0.004454481479373366,0.0666918048331965,0.01830712187215782,0.025905773465891735,0.011804539439595169,0.00027292010366401645,0.053905994364977394,0.0,0.014722275239418995,0.013272558160203344,0.01215152089163881,0.046135518084951685
0.10,1,1,U,1,2026092201,context_0,1861,6193,0.03424158153673085,0.002506236836236641,0.06498685071545471,0.01898730893529694,0.025814375876398343,0.012955792975074376,9.777011199871418e-06,0.05303182986181613,0.0,0.01499754060090898,0.015148333438826525,0.007299717898340238,0.050529846474633065
0.10,1,1,U,1,2026092201,context_1,187,653,0.05381528756517778,0.02701453377924488,0.08075705281131132,0.055743228652226834,0.029002251521584144,0.01108267771198565,0.02382933651407406,0.053730229480740195,0.0,0.02268018442236983,0.03896628603315799,0.031765599984505545,0.1262728006436883
0.10,1,1,U,1,2026092201,pooled,2048,6846,0.0357117147594187,0.00024146222411071503,0.06644017287874818,0.018020907808737496,0.025419320133686307,0.012763380642579134,0.0003018653336722575,0.053052225928049625,0.0,0.014722275239418995,0.011425460414765474,0.008387850671046504,0.04663183029613481
0.10,1,1,U,2,2026092202,context_0,1861,6193,0.03263220197104322,0.004300342523390993,0.0660462896577678,0.015898625799636315,0.022090327836178703,0.004562749393816831,2.7729305283982764e-05,0.05177578880867092,0.0,0.01499754060090898,0.010160264560876396,0.00815507273853954,0.04978048962028183
0.10,1,1,U,2,2026092202,context_1,187,653,0.03428217689779489,0.025882360886447624,0.06388786724490912,0.05882059619911722,0.03325133895405352,0.004689530338905651,0.023750060731508843,0.05702450815708746,0.0,0.02268018442236983,0.03999462964765815,0.02566201077268099,0.13095670718736102
0.10,1,1,U,2,2026092202,pooled,2048,6846,0.03220241309078359,0.0015291757682575986,0.06585026540918121,0.015855969599509363,0.022860152603388806,0.004533733843743254,0.00014759976485080335,0.051953788910355334,0.0,0.014722275239418995,0.011524462758988743,0.009037693745533934,0.048414117650047106
0.10,1,1,U,3,2026092203,context_0,1861,6193,0.03374741712495649,0.0068605862940101,0.06148028829288536,0.017871083392214184,0.02179842870798926,0.021317587252228543,6.89513298686653e-05,0.05152597043518983,0.0,0.01499754060090898,0.012589632967866884,0.011093594870139601,0.04996174996396124
0.10,1,1,U,3,2026092203,context_1,187,653,0.040601191258296365,0.02703945730898071,0.0675048326978235,0.04435431883570051,0.03256430267786803,0.0285004238718624,0.02331270116318282,0.05826583386896573,0.0,0.02268018442236983,0.019968565340950976,0.03176326162635673,0.13048827016926096
0.10,1,1,U,3,2026092203,pooled,2048,6846,0.03418843423760487,0.00374693850603399,0.06204519655450737,0.019122419683984662,0.022689305786083913,0.021958591529322807,6.392828612981037e-05,0.051868284111165786,0.0,0.014722275239418995,0.013891106771718478,0.011260875558977028,0.049452053769497836
0.10,1,1,U,4,2026092204,context_0,1861,6193,0.033662048459898786,0.0021777497831883363,0.06528141606355889,0.017124999005325672,0.02456928097373795,0.012355739401342047,5.980866618070463e-05,0.05260953963819272,0.0,0.01499754060090898,0.009788805320856037,0.010667801107012152,0.05071154950052719
0.10,1,1,U,4,2026092204,context_1,187,653,0.03674711529362423,0.018686831500621875,0.05829282073475139,0.061445968455836164,0.03395912900069653,0.01700952066947485,0.025518060563602188,0.059957120624879345,0.0,0.02268018442236983,0.037365165350799825,0.04332930637543536,0.13302442061560543
0.10,1,1,U,4,2026092204,pooled,2048,6846,0.033635361520684526,0.003681971449018456,0.06451456061642061,0.01766780401652219,0.024499538632097084,0.01276925040515503,2.9698218468245108e-05,0.052980781540252715,0.0,0.014722275239418995,0.008744059760065839,0.01105650811808299,0.04740815433457982
0.10,1,1,Ucal,0,2026092200,context_0,1861,6193,0.0359103606026156,0.002502387829729696,0.06599721641582576,0.018935084520178884,0.02555834757363329,0.012485221639412264,6.757671975837201e-06,0.05343602060920934,0.0,0.01499754060090898,0.01364878994208132,0.00477001342633028,0.04821589520416468
0.10,1,1,Ucal,0,2026092200,context_1,187,653,0.050751730188415056,0.02400691014634624,0.07405182145217316,0.06832778710859062,0.03333097228310794,0.0005470005368786168,0.02368067456544424,0.05964463677207238,0.0,0.02268018442236983,0.04018692638611934,0.04344584906826981,0.13632196203004568
0.10,1,1,Ucal,0,2026092200,pooled,2048,6846,0.036837588130018306,0.004519109244243248,0.06673043671822715,0.018617007780442417,0.025905773465891735,0.01134766401211193,0.00022483646556007743,0.05382981259667448,0.0,0.014722275239418995,0.013262498409542255,0.00741169742693947,0.046116860424983315
0.10,1,1,Ucal,1,2026092201,context_0,1861,6193,0.034219272557366676,0.0024823810209810603,0.0649089025464554,0.019365590165569962,0.02607040417916351,0.013274055857058,9.506065921729067e-06,0.05312948104147846,0.0,0.01499754060090898,0.015683754954217453,0.003654274400752708,0.050190934901639714
0.10,1,1,Ucal,1,2026092201,context_1,187,653,0.05403107179433764,0.02730245402880675,0.08104907540878654,0.061310912930612034,0.02784403980048153,0.013271507062001933,0.015083173170048328,0.053275580143219765,0.0,0.02268018442236983,0.045402539281409846,0.032821717695412644,0.12975192549127332
0.10,1,1,Ucal,1,2026092201,pooled,2048,6846,0.03563062655572513,0.00029102419842396907,0.0663973891061942,0.01829120306530779,0.025588521292714272,0.013255972412931694,0.0002701745020494443,0.05309370417979214,0.0,0.014722275239418995,0.012100956718800937,0.005436390276001049,0.04678474998921974
0.10,1,1,Ucal,2,2026092202,context_0,1861,6193,0.03267681992977167,0.004291854766551085,0.06600039522864835,0.015836046341786123,0.022020501935424486,0.005041851431959274,4.930598246627281e-05,0.05172415813331716,0.0,0.01499754060090898,0.010249500478333217,0.00544298657062873,0.04914038374894754
0.10,1,1,Ucal,2,2026092202,context_1,187,653,0.03383812716422474,0.025481255838216168,0.06370665281577902,0.06377657854210818,0.03417790833093565,0.002217227137451358,0.018433140158299458,0.05738036947726711,0.0,0.02268018442236983,0.042290588596516875,0.02396601727031664,0.13185506448170353
0.10,1,1,Ucal,2,2026092202,pooled,2048,6846,0.03216186898893686,0.00155848452050544,0.06579277808945509,0.015778001669745533,0.022860152603388806,0.004750934183160249,3.078686492259024e-05,0.051919716769172654,0.0,0.014722275239418995,0.012105078522558405,0.007495036498372816,0.04736796061816739
0.10,1,1,Ucal,3,2026092203,context_0,1861,6193,0.03372510814559232,0.006902519987445541,0.06148800728792584,0.01745821746883393,0.02154240040522415,0.021499320508215652,7.351208131800254e-05,0.05145700715953737,0.0,0.01499754060090898,0.01165265583457076,0.007569181495985423,0.048854394589231215
0.10,1,1,Ucal,3,2026092203,context_1,187,653,0.04048015125490145,0.027471312043116192,0.06764029754146957,0.0485718605856711,0.03124619118512323,0.029937189170175196,0.014792747700121414,0.05671376999630976,0.0,0.02268018442236983,0.025429179996101267,0.029488008775347647,0.13026022800437284
0.10,1,1,Ucal,3,2026092203,pooled,2048,6846,0.03420100988322633,0.0037404459637960857,0.062061806149050366,0.018820198484336758,0.02237205361290656,0.02224334588665311,0.0001047275528958131,0.051731070545548985,0.0,0.014722275239418995,0.013193170853682006,0.007556229116746842,0.04843354284496436
0.10,1,1,Ucal,4,2026092204,context_0,1861,6193,0.03384052029481238,0.002177175537850782,0.06524057614141991,0.017187799614488387,0.02447617977273242,0.012783049076253994,5.4330130982313e-05,0.052541408349967844,0.0,0.01499754060090898,0.010569619598602817,0.00689526748761321,0.04951888564146325
0.10,1,1,Ucal,4,2026092204,context_1,187,653,0.037372795948623416,0.018494023934551643,0.0584245769238816,0.05564462905488942,0.033495844312255496,0.016332753771006916,0.013623588681436122,0.05942165744804557,0.0,0.02268018442236983,0.03017595080652862,0.03636842802160573,0.13083740432548407
0.10,1,1,Ucal,4,2026092204,pooled,2048,6846,0.03357454536791438,0.003664933632649724,0.06449423299372668,0.017276597274100743,0.024245736893555192,0.013095110688260997,8.05059345467497e-05,0.052866154788181526,0.0,0.014722275239418995,0.009133347813884935,0.007821715832750634,0.04750289996533649
0.10,1,1,E,0,2026092200,context_0,1861,6193,0.035868469826191796,0.0023923053789335355,0.06613447927417831,0.01863886284481416,0.025325594571119492,0.010899827612840224,2.613325796073486e-06,0.053470432378511776,0.0,0.01499754060090898,0.01342570014843937,0.010436680160281896,0.04823109168106348
0.10,1,1,E,0,2026092200,context_1,187,653,0.05113484860553519,0.02353857394709571,0.07378254999804679,0.06921646062958256,0.033794256971548975,0.0026433457328875337,0.03818897416542,0.059987180964365755,0.0,0.02268018442236983,0.04604512639106649,0.057067003123777306,0.1413990443628913
0.10,1,1,E,0,2026092200,pooled,2048,6846,0.03683383528630829,0.00437492353248726,0.06683189255229452,0.018089623759943253,0.025778872596620706,0.010110188047192797,0.000338745345469071,0.053893041104253823,0.0,0.014722275239418995,0.013211742007433174,0.013075648737194124,0.04647348424035801
0.10,1,1,E,1,2026092201,context_0,1861,6193,0.03419605612007437,0.0027529724048198736,0.06498857101427412,0.018752415599599368,0.026326432481928563,0.012056946938173732,5.326668305332674e-06,0.05335596895408786,0.0,0.01499754060090898,0.015466576635139454,0.009629942818721607,0.05031525101396607
0.10,1,1,E,1,2026092201,context_1,187,653,0.05377866636893153,0.027117638523210846,0.08102322783396745,0.05777140981243575,0.0284093175349579,0.011861689417418345,0.026327654186055066,0.05480787629437627,0.0,0.02268018442236983,0.04052046010065354,0.032248839642721724,0.12943613858063918
0.10,1,1,E,1,2026092201,pooled,2048,6846,0.03567550343681014,2.8207192548331808e-05,0.06646579512408411,0.017970848282966707,0.02605382448004112,0.012017189325374683,0.0003226619671436804,0.05344422875929562,0.0,0.014722275239418995,0.011749813229539703,0.010610324475913348,0.0469453303608187
0.10,1,1,E,2,2026092202,context_0,1861,6193,0.03291027644224148,0.004484286625354471,0.06615318376092671,0.016401327012610288,0.021834299533413537,0.004643467085689676,1.8906136288747254e-05,0.05166363141405096,0.0,0.01499754060090898,0.009598861408525526,0.010054062154988906,0.050203411144159785
0.10,1,1,E,2,2026092202,context_1,187,653,0.033178293201494735,0.025096464823716004,0.06392931297314121,0.059464288482936445,0.03556776239625875,0.008129715136098004,0.02729189525502515,0.059210871400078066,0.0,0.02268018442236983,0.03915120747260756,0.03448077442577059,0.13009517995860068
0.10,1,1,E,2,2026092202,pooled,2048,6846,0.03239047018649449,0.0017689070176934317,0.06595724786107782,0.014704666237448196,0.022860152603388806,0.004912269775971881,0.00018427097222383816,0.0519187145009937,0.0,0.014722275239418995,0.010024467605928053,0.011213546970578046,0.04831144056812196
0.10,1,1,E,3,2026092203,context_0,1861,6193,0.03381375006053383,0.006766967671844671,0.06147973930623084,0.017604227111270552,0.021855167630685457,0.02067985841665937,7.281784773458791e-05,0.05160704930227496,0.0,0.01499754060090898,0.011741891752027486,0.010767156831084356,0.049911372918818885
0.10,1,1,E,3,2026092203,context_1,187,653,0.041396333591355305,0.027679846901742754,0.06795314765739396,0.04835317852171498,0.03465405603335814,0.023422138889465385,0.028876216728907708,0.06205275979223999,0.0,0.02268018442236983,0.02012784343306781,0.0478492221672025,0.13555075994038696
0.10,1,1,E,3,2026092203,pooled,2048,6846,0.034400678906349624,0.0035999787716962444,0.0620865674290878,0.018486195246475816,0.022893422281152875,0.020927561659188382,5.029852382789496e-05,0.05210084501007488,0.0,0.014722275239418995,0.012567969350249963,0.012993626742719857,0.04888764557556782
0.10,1,1,E,4,2026092204,context_0,1861,6193,0.03386583865651244,0.0020441727860527822,0.06521047481015939,0.016635191602100797,0.024679607565644246,0.012257074815791108,3.3552126970133036e-05,0.052715811609309285,0.0,0.01499754060090898,0.009117965206742178,0.010923412000208303,0.050007441296759846
0.10,1,1,E,4,2026092204,context_1,187,653,0.037313509891183705,0.018342183159110004,0.05835978587455796,0.05772307586041448,0.03558062541024021,0.014337768582847174,0.029855546804920446,0.0621662527181501,0.0,0.02268018442236983,0.03252643023500425,0.04925307650064355,0.1344986451329514
0.10,1,1,E,4,2026092204,pooled,2048,6846,0.03393418160845202,0.0035268740057554197,0.06446578860107854,0.016952506710636774,0.024981013568964094,0.012432197375542478,0.0001005022007902626,0.053213437254836196,0.0,0.014722275239418995,0.009003725244337344,0.013287863274711473,0.046887886044064464
0.10,1,1,Ecal,0,2026092200,context_0,1861,6193,0.03594953261164535,0.00236381367180462,0.06606833387393513,0.019592731042236706,0.025325594571119492,0.01104029361919466,4.769690202200577e-06,0.053368685126896194,0.0,0.01499754060090898,0.014480139663770741,0.003975149605611384,0.048335447828039176
0.10,1,1,Ecal,0,2026092200,context_1,187,653,0.05113484860553519,0.02351498988408668,0.07395654047577452,0.07092846060869598,0.034720826348431044,0.0011095125920378701,0.03107787708114735,0.06113110427766856,0.0,0.02268018442236983,0.044046902590000755,0.048791848231419674,0.14025011155409547
0.10,1,1,Ecal,0,2026092200,pooled,2048,6846,0.036955467591848645,0.0043473328599680896,0.06678273449325645,0.019340366009881108,0.025863473176134688,0.010094685195954328,0.00033534070406893027,0.0538590725070817,0.0,0.014722275239418995,0.014346976859143159,0.008167754482507698,0.04615829863771662
0.10,1,1,Ecal,1,2026092201,context_0,1861,6193,0.034330817454187645,0.0028104548703421508,0.064957503090821,0.019540844000590175,0.026419533682934038,0.01200592372091562,7.573086784185392e-07,0.05335083720255028,0.0,0.01499754060090898,0.015683748943567177,0.003781818969099699,0.049934423912259385
0.10,1,1,Ecal,1,2026092201,context_1,187,653,0.0540006912357166,0.026965355228116408,0.0811448814137211,0.05986304732670167,0.028075682144702047,0.010270250393072874,0.022772903521056168,0.05407511262295971,0.0,0.02268018442236983,0.042442973620711255,0.03227079961624183,0.1309276950978226
0.10,1,1,Ecal,1,2026092201,pooled,2048,6846,0.03583767984419728,3.9186509590001355e-05,0.0664494513238899,0.018450234571353034,0.026032674335162653,0.011827234681631951,0.0003240318236074581,0.05336907549759399,0.0,0.014722275239418995,0.012641783470168975,0.005419783469761386,0.046702650086607546
0.10,1,1,Ecal,2,2026092202,context_0,1861,6193,0.032969511400886886,0.004420925369930255,0.06611259044672269,0.015877265601435403,0.021717923032156694,0.005340929092889385,4.549342888882958e-05,0.051647341697393837,0.0,0.01499754060090898,0.009564317149423254,0.006147587480107838,0.04940067199054901
0.10,1,1,Ecal,2,2026092202,context_1,187,653,0.03346190181502706,0.025180537454021545,0.06368286196904928,0.05808540641055729,0.035336120052038233,0.005725710220386815,0.023155506601233153,0.05866947158298117,0.0,0.02268018442236983,0.037184016660460076,0.03192564773727877,0.12941151816104876
0.10,1,1,Ecal,2,2026092202,pooled,2048,6846,0.03234992608464765,0.0017042728943076917,0.06590151735114906,0.014723530737562279,0.02271210158923931,0.00533285234240552,0.00010189913333280738,0.0518714296565692,0.0,0.014722275239418995,0.009990073538163217,0.008184815974893409,0.04735483764081284
0.10,1,1,Ecal,3,2026092203,context_0,1861,6193,0.03370789048755951,0.006750563943126232,0.06144928546699697,0.017369254624488246,0.021668965228674453,0.021132707465084777,7.331189790687283e-05,0.05156598763046626,0.0,0.01499754060090898,0.01193799718197423,0.006329958675998695,0.048787048290515306
0.10,1,1,Ecal,3,2026092203,context_1,187,653,0.041524096463464666,0.027484952898374142,0.06801772154567245,0.04716338756044234,0.03627058018539642,0.023500686874219148,0.02685954123397436,0.06386859121451177,0.0,0.02268018442236983,0.019621897920869172,0.04619623481199244,0.1343626791123361
0.10,1,1,Ecal,3,2026092203,pooled,2048,6846,0.034286572916393976,0.003601132589546048,0.06206854461529442,0.018584999623960177,0.022872272136274407,0.021352973274885917,4.5692369302091466e-05,0.05212172087936457,0.0,0.014722275239418995,0.013247855253618003,0.007322446704826604,0.048133782293066286
0.10,1,1,Ecal,4,2026092204,context_0,1861,6193,0.03397738355333341,0.001988512925592291,0.0652058372924167,0.01663890042492707,0.024702882865895615,0.011768588220257184,4.067252981881941e-05,0.05271635715470459,0.0,0.01499754060090898,0.009742616628939601,0.005967402152755494,0.049435302056814755
0.10,1,1,Ecal,4,2026092204,context_1,187,653,0.03695600645486169,0.018079338329400754,0.0583335000866865,0.05610033442221815,0.035348983066019635,0.015698858272350194,0.022855821676109965,0.06124629953444137,0.0,0.02268018442236983,0.03119099051627316,0.04086366323870513,0.13174553939137823
0.10,1,1,Ecal,4,2026092204,pooled,2048,6846,0.0339747257102988,0.0034521366868192323,0.0644516117568481,0.017227836356464934,0.02492254152966694,0.012114450635574828,2.0611239810055734e-05,0.05315657205630266,0.0,0.014722275239418995,0.008537468073099325,0.006953667334104442,0.04662001710111671
0.10,1,2,U,0,2026092300,context_0,1863,6193,0.034768373087641524,0.002284879173669909,0.06552400501217241,0.01650247019293021,0.022110869600243943,0.015406342335425358,9.173201701930726e-05,0.05070905664439335,0.0,0.02266768473296648,0.00939021126834228,0.004419671363702388,0.04706609324839825
0.10,1,2,U,0,2026092300,context_1,185,653,0.05310253334413895,0.01887607822709903,0.0731991798387745,0.048204343967140253,0.028504568993646062,0.007723529004495425,0.03420392196047775,0.052443809066370035,0.0,0.03744360746657839,0.02865189571362039,0.04303194420012406,0.12369446324510215
0.10,1,2,U,0,2026092300,pooled,2048,6846,0.0363731757996944,0.003826442342648238,0.06625740023563899,0.015094545964735999,0.022240773468510416,0.014688557583401929,7.214911074997438e-05,0.05077629561605926,0.0,0.021296401696702435,0.009786094937637529,0.0034868384420618714,0.04647977837742112
0.10,1,2,U,1,2026092301,context_0,1863,6193,0.03902862521028949,0.0034497963286353106,0.07135721657369762,0.019001839768734485,0.02109404737856868,0.01954110871555184,1.512066946543207e-06,0.050711741562778474,0.0,0.02266768473296648,0.013534127443225645,0.004710624528555896,0.04932378456268638
0.10,1,2,U,1,2026092301,context_1,185,653,0.04174738872223516,0.00737498858702125,0.07549923916392363,0.0492239991164299,0.025508716085594296,0.01741672186167774,0.029695125118737814,0.0526966680693286,0.0,0.03744360746657839,0.025035783529475664,0.0389184760567619,0.12203262099313028
0.10,1,2,U,1,2026092301,pooled,2048,6846,0.03885319400164294,0.0037884643112362556,0.07174507279729905,0.018664360544908186,0.021109062108635612,0.019345090842230322,0.00028905892066939665,0.050686840399369444,0.0,0.021296401696702435,0.014704205370653438,0.00582682565720834,0.04682807928698855
0.10,1,2,U,2,2026092302,context_0,1863,6193,0.03709666628233843,0.005618572628076346,0.06892576716672177,0.019232446216562595,0.023955747579152697,0.013022200426028571,0.00016331035191053647,0.05118964495315771,0.0,0.02266768473296648,0.011801683189794585,0.010554165355191124,0.048806208785783366
0.10,1,2,U,2,2026092302,context_1,185,653,0.0541141212726563,0.018434993973898472,0.0767142543797886,0.05706902028372691,0.030981706482725718,0.013443031147322954,0.02410377860721241,0.05640844898875163,0.0,0.03744360746657839,0.03606032985260779,0.02572715921521755,0.1237988906536755
0.10,1,2,U,2,2026092302,pooled,2048,6846,0.038518253208456754,0.006841315048386275,0.06957092824029022,0.022016487034292317,0.024172891115393474,0.010531270412748359,0.00010446524009186109,0.05115896892543859,0.0,0.021296401696702435,0.01742970479383907,0.0094443625461036,0.04676708983591411
0.10,1,2,U,3,2026092303,context_0,1863,6193,0.037454608985795,0.008607048553454295,0.07059283885518686,0.018329637433593185,0.02135930841001324,0.016696597487717235,5.195984352767758e-05,0.050677675301678424,0.0,0.02266768473296648,0.01318080522298274,0.006191990990388098,0.049925546830734094
0.10,1,2,U,3,2026092303,context_1,185,653,0.05816870090418197,0.00792508752226095,0.08182235724354851,0.05333988678458925,0.03269178984558929,0.05617609975744321,0.02172905635357389,0.05990636910383204,0.0,0.03744360746657839,0.026350121420758786,0.020817506134283743,0.1328548966801124
0.10,1,2,U,3,2026092303,pooled,2048,6846,0.038887674765060776,0.007206817135097835,0.07161150746390849,0.01948074667222445,0.02016377565286817,0.020292388957710822,2.7013289682248885e-05,0.05063117444269715,0.0,0.021296401696702435,0.014863102440158652,0.005221469811662786,0.05010440292886937
0.10,1,2,U,4,2026092304,context_0,1863,6193,0.03557587138442925,0.0039691819986917105,0.06785599212035855,0.018247581745407044,0.025439427104375245,0.013100214278702282,4.333663831369025e-05,0.05137165535221256,0.0,0.02266768473296648,0.008927229959030794,0.005763599731497562,0.04713009836797093
0.10,1,2,U,4,2026092304,context_1,185,653,0.04758406047553854,0.011818037247786056,0.06860705404859627,0.05797824916502497,0.02129748367652684,0.024023925681607786,0.030339327549748135,0.05154375932113238,0.0,0.03744360746657839,0.033385781991775686,0.04331529512487775,0.1280426938187644
0.10,1,2,U,4,2026092304,pooled,2048,6846,0.03657593550603144,0.0025052038151814754,0.06789827220090892,0.019512095449992623,0.02461600387704102,0.0140548181763675,0.00021270031212906795,0.05121391223256355,0.0,0.021296401696702435,0.012621199375029495,0.00786198100803012,0.04672284696070006
0.10,1,2,Ucal,0,2026092300,context_0,1863,6193,0.03472392765552079,0.00229717613773645,0.06554506029789758,0.016891867501084783,0.022110869600243943,0.015276639211968243,9.555723151420962e-05,0.05070699241497637,0.0,0.02266768473296648,0.009731325312142845,0.004752776895904052,0.04741358080368172
0.10,1,2,Ucal,0,2026092300,context_1,185,653,0.05258830288759336,0.018591658295956055,0.07300660282079792,0.04870493650607066,0.029914343429736256,0.011233960720105948,0.023068518971368926,0.05261605097156756,0.0,0.03744360746657839,0.027354589036092843,0.0351651479716702,0.12547497869939317
0.10,1,2,Ucal,0,2026092300,pooled,2048,6846,0.036312496188043886,0.0038130252844953165,0.0662578364386239,0.015193922846275836,0.02238847772239294,0.014884874329548353,1.9760929086331484e-05,0.05078410161363542,0.0,0.021296401696702435,0.010190625681974094,0.004356644956813371,0.04696126722226685
0.10,1,2,Ucal,1,2026092301,context_0,1863,6193,0.03900640249422915,0.0034847322543775988,0.07136010982283411,0.019054519888418515,0.021070864885987084,0.01911608156842312,1.2616058155382652e-06,0.05072016920200081,0.0,0.02266768473296648,0.01360079559140673,0.005381832224191717,0.04953579112675113
0.10,1,2,Ucal,1,2026092301,context_1,185,653,0.041364100105907076,0.0074503899065140565,0.0754901811145606,0.049465427300255285,0.02644856570965448,0.017207474853090057,0.02186042588597377,0.05320714450182924,0.0,0.03744360746657839,0.024135085488493885,0.03705464615435809,0.11883837364262402
0.10,1,2,Ucal,1,2026092301,pooled,2048,6846,0.03879251438999248,0.003828978707609498,0.07174781979761119,0.018703518477556837,0.021087961500938168,0.018946903983506486,0.00024658980440305173,0.05068351506955915,0.0,0.021296401696702435,0.01472536918320148,0.007022254746094882,0.04720698394205566
0.10,1,2,Ucal,2,2026092302,context_0,1863,6193,0.03709666628233843,0.0056239050310325405,0.06892148449412158,0.019781856776818006,0.02400211256431589,0.01292743036766901,0.0001566253404452388,0.05119213179649461,0.0,0.02266768473296648,0.01244500344980038,0.010236931404342522,0.04892778495357814
0.10,1,2,Ucal,2,2026092302,context_1,185,653,0.0539337543898169,0.01867147715706219,0.07689662010521925,0.05846353385758832,0.03168659370077084,0.012826156225989205,0.012037794692215317,0.05569223794182036,0.0,0.03744360746657839,0.03558545530892995,0.01812822988195765,0.12495606884328918
0.10,1,2,Ucal,2,2026092302,pooled,2048,6846,0.038498026671239916,0.006867686884250146,0.0695765522938669,0.022720727336665983,0.024236192938486,0.010499090462969804,0.00021220164797031713,0.05118394232814898,0.0,0.021296401696702435,0.017871079393927517,0.009406883087657277,0.04724707421590831
0.10,1,2,Ucal,3,2026092303,context_0,1863,6193,0.03738794083761393,0.00866647609414077,0.07059921827132815,0.018116216120485903,0.021382490902594836,0.016773174237324162,4.80219847470005e-05,0.05067953277744918,0.0,0.02266768473296648,0.01289190991419809,0.006506225594829405,0.04990654258035989
0.10,1,2,Ucal,3,2026092303,context_1,185,653,0.0586095130203485,0.007638191548504373,0.08170587558266025,0.0564975766410475,0.0316914179405583,0.05401252187122742,0.011760780695527578,0.05910901583697152,0.0,0.03744360746657839,0.029546768043815775,0.02170570595534425,0.12868190847488215
0.10,1,2,Ucal,3,2026092303,pooled,2048,6846,0.038900643056901996,0.0072879453057712595,0.07160329149892683,0.019823673425815917,0.020100473829775672,0.02017440096810086,9.134641275470711e-05,0.050628609810869474,0.0,0.021296401696702435,0.015065367812326948,0.006955063985930314,0.050732170915738936
0.10,1,2,Ucal,4,2026092304,context_0,1863,6193,0.03557342552801768,0.003996589871041554,0.06786393188531581,0.01842621588701188,0.02553215707470166,0.013003178274014995,4.124715514920171e-05,0.05140203001284193,0.0,0.02266768473296648,0.008905007242970409,0.005230600573523296,0.04735470370544012
0.10,1,2,Ucal,4,2026092304,context_1,185,653,0.047807494464783606,0.012000218923827181,0.06847607966993327,0.05698483326530582,0.021455696813194924,0.020192088163771202,0.022010204897147348,0.05147115577883627,0.0,0.03744360746657839,0.03631305062496644,0.03337683576339404,0.12649496139183727
0.10,1,2,Ucal,4,2026092304,pooled,2048,6846,0.036571796951709035,0.002514360880366778,0.06789131505799893,0.019670473586248752,0.02472150691552852,0.013611855873558135,0.00015433297960949386,0.05126236825271115,0.0,0.021296401696702435,0.012793935952591049,0.006356545056239579,0.04675979120540838
0.10,1,2,E,0,2026092300,context_0,1863,6193,0.029953012746779584,0.001454600529732284,0.058207497342388156,0.01772841920795589,0.0215320144763822,0.015113452262425692,1.1449859228669624e-05,0.05091214136547228,0.0,0.02266768473296648,0.012742659235472494,0.009555358015393743,0.046339105059949724
0.10,1,2,E,0,2026092300,context_1,185,653,0.04851752634163459,0.01818879459788026,0.06570658019849046,0.04149754344755919,0.030384268241766377,0.014861149761994,0.0399340729535214,0.0531762786167634,0.0,0.03744360746657839,0.024488022870848714,0.050327592010734445,0.12647634598149748
0.10,1,2,E,0,2026092300,pooled,2048,6846,0.03127624087464792,0.003005799456555911,0.058861605880213407,0.014586292530591335,0.022305862801037968,0.015067318476998368,0.00030821281452988536,0.05099885599514776,0.0,0.021296401696702435,0.010344870883316629,0.009941789102695294,0.04523877390215054
0.10,1,2,E,1,2026092301,context_0,1863,6193,0.03398815327473281,0.0044079058516989,0.06432800384927811,0.019495463967406604,0.021859069633761607,0.015641973298838874,2.1205418138713918e-05,0.05085135098649548,0.0,0.02266768473296648,0.013461223858047294,0.01256764664556533,0.05143987506661143
0.10,1,2,E,1,2026092301,context_1,185,653,0.03886931498012913,0.00858155282070578,0.06747869808734902,0.05194733321825031,0.025743678491609356,0.022618650264896498,0.028081034756629285,0.05335346337289966,0.0,0.03744360746657839,0.029785794799708738,0.038840136411514056,0.12226491795753042
0.10,1,2,E,1,2026092301,pooled,2048,6846,0.03433965214906176,0.004756880314523424,0.06459676358404176,0.01787603779617666,0.021953086416535705,0.016226507255527434,0.0001474630011406475,0.050911616204938684,0.0,0.021296401696702435,0.012108504962311459,0.013162470566974695,0.04861111423288069
0.10,1,2,E,2,2026092302,context_0,1863,6193,0.03262632302725571,0.005064631171191105,0.06216108254367889,0.01924822659892642,0.026049824887855844,0.005967298527569359,0.00012988337124107859,0.05253239945899533,0.0,0.02266768473296648,0.013652266050033342,0.00769708479138775,0.049073414733705606
0.10,1,2,E,2,2026092302,context_1,185,653,0.04835699564441093,0.01849749474242944,0.06809016498588347,0.05636090875935986,0.03208766345401537,0.00912165439763099,0.02797046233562797,0.053160179261203304,0.0,0.03744360746657839,0.037287325235509025,0.03268943631874062,0.1219022740898062
0.10,1,2,E,2,2026092302,pooled,2048,6846,0.03407451649213156,0.0063433982612814185,0.06270479576804686,0.020979905417876206,0.026548356316501653,0.004543603528930323,3.061119713880598e-05,0.05230537084316397,0.0,0.021296401696702435,0.016022360310752333,0.0067852907274591374,0.04742299136504383
0.10,1,2,E,3,2026092303,context_0,1863,6193,0.03291692923804668,0.007738883985665236,0.06361847236378565,0.017638819087861374,0.02177868454034504,0.01708517911448426,3.727618907407241e-05,0.05110702959101929,0.0,0.02266768473296648,0.010759608103432836,0.013304276390648703,0.05062586095143834
0.10,1,2,E,3,2026092303,context_1,185,653,0.05484338518733778,0.010431076545292208,0.07447642742245805,0.05172511958589282,0.026112842477168163,0.0585965414944621,0.017070770571017718,0.05400016669350535,0.0,0.03744360746657839,0.024833465943772167,0.015048363107928248,0.12548329215660875
0.10,1,2,E,3,2026092303,pooled,2048,6846,0.03481233248468074,0.006183008316266046,0.06451753896642247,0.018739217129269424,0.02069458599142321,0.020778510131944483,3.976811016967712e-05,0.05087137331335218,0.0,0.021296401696702435,0.011814019708451338,0.012732265931444744,0.050721807347458576
0.10,1,2,E,4,2026092304,context_0,1863,6193,0.03182787814132104,0.004485327949307846,0.061909298332559586,0.01941438213470021,0.025674373446005483,0.013722344018057206,3.738903305022833e-05,0.053090456276388406,0.0,0.02266768473296648,0.011912645438344117,0.009314722058766869,0.04892710899441644
0.10,1,2,E,4,2026092304,context_1,185,653,0.044498677736265146,0.008874033965242382,0.06475316517767793,0.05675862381710551,0.0271870033225855,0.02301447130011093,0.033270070604201424,0.05257131724577006,0.0,0.03744360746657839,0.033610956502021144,0.039871710635241864,0.12868886172415878
0.10,1,2,E,4,2026092304,pooled,2048,6846,0.032705644172709436,0.003236266894479774,0.06208709432166951,0.01796865950654091,0.025611027584941104,0.014543937629683243,0.00019234911871089796,0.05295259553702387,0.0,0.021296401696702435,0.011032279333515943,0.008647852255812853,0.046610494595500644
0.10,1,2,Ecal,0,2026092300,context_0,1863,6193,0.029933244269502834,0.001488205993961482,0.05826870517022541,0.017289167381117226,0.0215320144763822,0.015685805041397965,1.9115824800854998e-05,0.05090058246509817,0.0,0.02266768473296648,0.012609322939110356,0.0032476318357092223,0.04621185288141921
0.10,1,2,Ecal,0,2026092300,context_1,185,653,0.047616828300652836,0.0184695489699547,0.06562878493233025,0.04211326541644727,0.030241514600781005,0.013126713583168595,0.03126155330768961,0.053275681952551196,0.0,0.03744360746657839,0.02549945257018421,0.04103393113517998,0.12243594421061521
0.10,1,2,Ecal,0,2026092300,pooled,2048,6846,0.03125601433743108,0.00306060592277581,0.05890682908435042,0.014262765740430132,0.022284762193340468,0.015436336885897212,0.00018696889353721387,0.05099244139026164,0.0,0.021296401696702435,0.01003123378532163,0.004451957684845915,0.04453803480785733
0.10,1,2,Ecal,1,2026092301,context_0,1863,6193,0.03404946314127594,0.004397654588650972,0.06428854088281753,0.019701958257750785,0.02183588714118001,0.016103236881724742,1.2841007581928013e-05,0.05084492742259464,0.0,0.02266768473296648,0.014127905339858027,0.006660536340131765,0.05031462351753028
0.10,1,2,Ecal,1,2026092301,context_1,185,653,0.03796861693914738,0.008326428691671068,0.06709506083541095,0.05396213778212146,0.02621360330363942,0.024632121653351616,0.02579385590187988,0.053477200394463235,0.0,0.03744360746657839,0.030911667350935958,0.0380940427941277,0.12395160527709516
0.10,1,2,Ecal,1,2026092301,pooled,2048,6846,0.03429505275589462,0.004721800466549938,0.06453399860733473,0.01822422812757273,0.02193198580883815,0.016823380462504228,0.0001529251510019548,0.05090693051866946,0.0,0.021296401696702435,0.01277598069046684,0.007514542881363032,0.047672089009260295
0.10,1,2,Ecal,2,2026092302,context_0,1863,6193,0.03269299117543678,0.004907247216299908,0.0621801055568484,0.018790045687066805,0.025980277410111052,0.007331920890490187,0.00012770832720476803,0.052521990369859425,0.0,0.02266768473296648,0.013407816173369409,0.009972501738388399,0.04841787994181802
0.10,1,2,Ecal,2,2026092302,context_1,185,653,0.04835699564441093,0.018404768418492055,0.06799822875340876,0.05837598391395484,0.03185270104800031,0.009318333163379128,0.021277105593883357,0.05353717300044154,0.0,0.03744360746657839,0.03636210167134031,0.027111376207524494,0.12195509337648182
0.10,1,2,Ecal,2,2026092302,pooled,2048,6846,0.03413519610378207,0.006191822380777236,0.06271509634079948,0.020854957177883635,0.026463953885711655,0.005759521787683422,2.4146750531710195e-05,0.05230090516668428,0.0,0.021296401696702435,0.016285305294571062,0.00877258043501312,0.04730072972247141
0.10,1,2,Ecal,3,2026092303,context_0,1863,6193,0.03289470652198628,0.0077476736165797205,0.06368191975749801,0.018113680105819718,0.02161640709227386,0.01670183439598602,3.964731835850858e-05,0.05107190302094957,0.0,0.02266768473296648,0.010937990967738747,0.005707931541351563,0.0495942144889276
0.10,1,2,Ecal,3,2026092303,context_1,185,653,0.05461821067709233,0.00977886833813648,0.0743001708450185,0.05207367046881568,0.0255823953841674,0.05903751250618154,0.015924142362559665,0.0537536024367291,0.0,0.03744360746657839,0.026800470441249682,0.02517355207383956,0.12562128815540957
0.10,1,2,Ecal,3,2026092303,pooled,2048,6846,0.03480664671740519,0.006252344055170668,0.06456631502229923,0.01903040470495962,0.020736787206818208,0.02046022632946881,3.567715459710293e-05,0.05085791124575759,0.0,0.021296401696702435,0.012003593596193782,0.006747829976100167,0.050018048969255026
0.10,1,2,Ecal,4,2026092304,context_0,1863,6193,0.03193899172162279,0.004574647691991421,0.06195477448704937,0.01873289047874505,0.02590619837182151,0.013924126588374136,4.3584266375862714e-05,0.05320362082706476,0.0,0.02266768473296648,0.01132899629114867,0.003979591858070296,0.047692060009859434
0.10,1,2,Ecal,4,2026092304,context_1,185,653,0.0447238522465106,0.009040160085911627,0.0648440363793859,0.05394059958676892,0.02742196572860056,0.022829048586717263,0.025194821595592845,0.05268978119211806,0.0,0.03744360746657839,0.030008164338094088,0.03053134235016798,0.12501105081457492
0.10,1,2,Ecal,4,2026092304,pooled,2048,6846,0.03282700339601041,0.0033026831349492426,0.06213308614710934,0.017731619604155157,0.025864234877311154,0.014709453437372136,0.00011799490151710376,0.05306639882373954,0.0,0.021296401696702435,0.010905511150354803,0.004728756958508469,0.04585057572057767
0.10,1,3,U,0,2026092400,context_0,1850,6193,0.041513813292693214,0.0022621039107190025,0.06711508996578927,0.016580422841921866,0.03134932263694312,0.014348655013827732,5.537767925134008e-05,0.05852457349177235,0.0,0.008489707210843992,0.00699442968205978,0.010592957693539,0.05113402516265088
0.10,1,3,U,0,2026092400,context_1,198,653,0.05657404735375032,0.03182310332580594,0.07789994720140336,0.06381018160348965,0.024930363543319456,0.0375947068265436,0.025389608226731614,0.051837112153808464,0.0,0.031172173496063233,0.045822457636894125,0.03433588791449585,0.1201090979227353
0.10,1,3,U,0,2026092400,pooled,2048,6846,0.04198300995150883,0.005140013788158751,0.06790344933462358,0.015451815990433054,0.02990572391394014,0.016609452223133536,3.891023544077589e-05,0.05712755728911593,0.0,0.008043213960478746,0.00792454905642954,0.010819065225300599,0.047191934937456666
0.10,1,3,U,1,2026092401,context_0,1850,6193,0.04115819688457262,0.011414065220966467,0.06892392276027139,0.019525089529627393,0.021797729920620734,0.011784787641897443,3.36780163578196e-05,0.051217160406360075,0.0,0.008489707210843992,0.012438398405431043,0.004705258913306863,0.048505947939416025
0.10,1,3,U,1,2026092401,context_1,198,653,0.04813387282454029,0.006512702073232838,0.07325046118381709,0.05318183145643772,0.027808402516755287,0.006649723504132496,0.029883126134114382,0.05196722289749347,0.0,0.031172173496063233,0.035260663916324604,0.03630092367365878,0.12434758987090373
0.10,1,3,U,1,2026092401,pooled,2048,6846,0.041607772554056344,0.010921656907629895,0.06933150861804391,0.017709818289689417,0.0216579506001634,0.011292197153680142,0.00011458860524977185,0.05122373341034012,0.0,0.008043213960478746,0.010516903478270058,0.006166704917897498,0.04610250830953938
0.10,1,3,U,2,2026092402,context_0,1850,6193,0.03898140028697594,0.0008317292844809872,0.06693515087216947,0.021906450784041312,0.025408298383493455,0.015860544434951523,7.958590175461083e-05,0.05318012345064588,0.0,0.008489707210843992,0.015490982565432312,0.015262675683940014,0.05157086841989711
0.10,1,3,U,2,2026092402,context_1,198,653,0.047493668857253535,0.026740072903455352,0.06740278829111072,0.056624403436469954,0.051331483492166596,0.0010196161387126257,0.02608773679835994,0.0791909709110531,0.0,0.031172173496063233,0.04287761112840248,0.03399427687392682,0.11975171143224171
0.10,1,3,U,2,2026092402,pooled,2048,6846,0.03888729952968362,0.00333141086577739,0.06693957376779604,0.018858286392361263,0.02741655761486056,0.014469189495704513,0.00013290443789398115,0.054491150394350166,0.0,0.008043213960478746,0.012673843141341628,0.015853564518749457,0.04949311280699023
0.10,1,3,U,3,2026092403,context_0,1850,6193,0.03993374195545385,0.0023284484330290487,0.06545493338852289,0.017903206551307803,0.025585430480541682,0.013926495073505504,0.00017166131734913084,0.052542715638122864,0.0,0.008489707210843992,0.010467042477718125,0.011899177022652032,0.0505878158162252
0.10,1,3,U,3,2026092403,context_1,198,653,0.05317966981055072,0.016421820054604654,0.07657157649458346,0.06297255193772415,0.02923698996071633,0.003216190732845667,0.028826672602641587,0.05415482020553112,0.0,0.031172173496063233,0.04475175889810391,0.035145156209045306,0.1279193540735384
0.10,1,3,U,3,2026092403,pooled,2048,6846,0.04087364260614884,0.0005204932103427965,0.06628069012640686,0.017683278869917267,0.024655208428108033,0.012498540628000918,0.00021390656832556872,0.05188939758788351,0.0,0.008043213960478746,0.01147473199225541,0.011637511051094266,0.04843931093890952
0.10,1,3,U,4,2026092404,context_0,1850,6193,0.04017939264199105,0.002225011652696426,0.0674107015963178,0.016860964343444144,0.022340404910887735,0.017530733975993917,5.4558405850328186e-05,0.05134083536277444,0.0,0.008489707210843992,0.007397608019830549,0.007950831214373677,0.04945181041936425
0.10,1,3,U,4,2026092404,context_1,198,653,0.05436543608220479,0.0048075482489537465,0.0785477580425059,0.06224984211199842,0.026365474687258,0.049692598043814803,0.021422239727207963,0.05348903133660267,0.0,0.031172173496063233,0.045578143185887945,0.02649630150511994,0.11813253449882369
0.10,1,3,U,4,2026092404,pooled,2048,6846,0.041186311206911796,0.0015333158592736587,0.06843561604887792,0.01692855496039086,0.0217834134701419,0.020554387915532324,0.00012034981726417957,0.05132108441484271,0.0,0.008043213960478746,0.008597168461552646,0.006611959000448681,0.04731693036040996
0.10,1,3,Ucal,0,2026092400,context_0,1850,6193,0.04140108897129369,0.0023775697867624334,0.06707353596103995,0.01588987348600993,0.03087880082825728,0.014502724180890464,5.619765382149062e-05,0.058266932397694655,0.0,0.008489707210843992,0.005852782859610504,0.005937136424029187,0.04978078169523311
0.10,1,3,Ucal,0,2026092400,context_1,198,653,0.05690123903003291,0.03174021718424882,0.07763330684883178,0.06327351084579691,0.023492313795787312,0.03366492423160576,0.017926385184508453,0.05194956773080943,0.0,0.031172173496063233,0.04330981929850762,0.03557382731040249,0.12271770814417315
0.10,1,3,Ucal,0,2026092400,pooled,2048,6846,0.04186238563850736,0.005234389599145773,0.06785201140722708,0.0146981839576108,0.029714409584496893,0.016357144714027716,0.00011129435862095244,0.05708248072263535,0.0,0.008043213960478746,0.00708583678777631,0.005936084511586866,0.04649458860388896
0.10,1,3,Ucal,1,2026092401,context_0,1850,6193,0.04116023143925368,0.01139701674508226,0.06887034636001708,0.019401121681503104,0.02153894292584352,0.011730984122420227,1.9481391609421877e-05,0.05117434735262441,0.0,0.008489707210843992,0.012872116626843256,0.00419581899199461,0.048465811213710484
0.10,1,3,Ucal,1,2026092401,context_1,198,653,0.048345066066356523,0.00622569916149214,0.07328361861101225,0.05280036686554386,0.028690042366876528,0.010539613185593766,0.021703945314544712,0.052574880911693676,0.0,0.031172173496063233,0.03803309125844272,0.04012720884158554,0.12508241958954727
0.10,1,3,Ucal,1,2026092401,pooled,2048,6846,0.04158866167512393,0.010878955587617641,0.06928757965582966,0.01765891044529738,0.02159417915701567,0.011613352983491046,6.660307832551202e-05,0.05124233118805633,0.0,0.008043213960478746,0.01175289265348544,0.002962879244886273,0.04624746307697126
0.10,1,3,Ucal,2,2026092402,context_0,1850,6193,0.03875595164417678,0.0008045100906873396,0.06684755927618338,0.02195503460894101,0.025196563569584884,0.016208181521091533,5.993698266867301e-05,0.053139765826546295,0.0,0.008489707210843992,0.015851700393910963,0.00749809987295214,0.05111633361213374
0.10,1,3,Ucal,2,2026092402,context_1,198,653,0.047493668857253535,0.026318958263693543,0.06734534098280484,0.06305708421526945,0.050890663567105976,0.0016196899119925723,0.016683388316972234,0.08011217106102393,0.0,0.031172173496063233,0.05026937459197163,0.02720808096182692,0.11952216714483112
0.10,1,3,Ucal,2,2026092402,pooled,2048,6846,0.03874808887223291,0.0032670137921518416,0.06685309333421914,0.018943690257312577,0.027225243285417255,0.014845325945607349,0.0001789466600265197,0.05448430624707811,0.0,0.008043213960478746,0.012991074919042118,0.009757924319875733,0.04852330311989465
0.10,1,3,Ucal,3,2026092403,context_0,1850,6193,0.03993374195545385,0.0023028081497204144,0.06546285603459565,0.018333273140826684,0.025444273937935913,0.014243416458378219,0.00017374854482618844,0.05243705578005092,0.0,0.008489707210843992,0.011897912682777123,0.006733323447375353,0.04982739304880439
0.10,1,3,Ucal,3,2026092403,context_1,198,653,0.053079145928809746,0.01642768920535266,0.07656426357846369,0.06218944978403996,0.02901657999818602,0.006231801095995998,0.022624476456286693,0.05393595122519843,0.0,0.031172173496063233,0.043562795181815175,0.029041385352151977,0.1279754987660679
0.10,1,3,Ucal,3,2026092403,pooled,2048,6846,0.040894012938796354,0.0004971360819766954,0.06627824465469083,0.018765574531570354,0.024591436984960302,0.012506888748514272,0.0003034238244970216,0.051829887141966235,0.0,0.008043213960478746,0.012392893734071096,0.007628989662434125,0.048384922802237114
0.10,1,3,Ucal,4,2026092404,context_0,1850,6193,0.04014684903025456,0.00221485521885588,0.0673522177258255,0.016199487480824035,0.022363931001322,0.017437833909809103,7.601396272650213e-05,0.05133901406080716,0.0,0.008489707210843992,0.008001393175820036,0.00626009171966779,0.049102485236956726
0.10,1,3,Ucal,4,2026092404,context_1,198,653,0.05475599652409435,0.004749533554807133,0.07884038960079097,0.06182735573948261,0.02680629461231862,0.04640427098649265,0.013125144501546324,0.053399977004774404,0.0,0.031172173496063233,0.04708651408245007,0.021065690805919003,0.12020081735151329
0.10,1,3,Ucal,4,2026092404,pooled,2048,6846,0.04116487976558081,0.0015289003887181086,0.06841053870839724,0.01670674434605432,0.02184718491328963,0.020164403942800613,0.0002801793024156743,0.05131279106690105,0.0,0.008043213960478746,0.008724204730745321,0.005281794157539371,0.04763705023376191
0.10,1,3,E,0,2026092400,context_0,1850,6193,0.04008855565227176,0.002886156200835909,0.06490661006719681,0.015037086098753179,0.02883203096047393,0.013160384417305562,4.8493022754575335e-05,0.05633190770415894,0.0,0.008489707210843992,0.007777776057428197,0.006470087175413733,0.048264340878015434
0.10,1,3,E,0,2026092400,context_1,198,653,0.0548350287210127,0.03161451959931715,0.07557550937477057,0.07042690183525026,0.023933133720847932,0.02300364773187298,0.02399189940536746,0.05203743348338587,0.0,0.031172173496063233,0.05049038952026051,0.03622044036791995,0.12441997683110598
0.10,1,3,E,0,2026092400,pooled,2048,6846,0.04059771611924351,0.005689865788162729,0.06562185334524176,0.014806271996329966,0.02775875199463229,0.014133021302218177,5.928632686018646e-05,0.05550418335133647,0.0,0.008043213960478746,0.007853311787480763,0.00529105045294904,0.04651823040734485
0.10,1,3,E,1,2026092401,context_0,1850,6193,0.039998611266852835,0.011398585723071307,0.06691348373877538,0.02107221022055325,0.020572002253781974,0.010331182608851228,2.6514116405825135e-07,0.05084476503979248,0.0,0.008489707210843992,0.014124795345559904,0.015031988462730416,0.0520949086378955
0.10,1,3,E,1,2026092401,context_1,198,653,0.04615910673380491,0.007772168950869393,0.07128695579367007,0.05038783361876732,0.02913086229193712,0.012153311819402504,0.02971013554482456,0.05188189716434418,0.0,0.031172173496063233,0.034462355081218456,0.04227383190444581,0.12482261332553739
0.10,1,3,E,1,2026092401,pooled,2048,6846,0.04016975282833085,0.011022943105114305,0.0673193131129067,0.019803243628834618,0.020587642109064164,0.010507217041721764,0.00022271763162660897,0.0508730166386398,0.0,0.008043213960478746,0.014757523607700586,0.01073693229019805,0.05054780579907915
0.10,1,3,E,2,2026092402,context_0,1850,6193,0.03726662405762282,0.0009035745113680266,0.06488777598120171,0.020883457631686458,0.025257640124739855,0.01078549395506774,6.091966486089452e-05,0.052957338779192877,0.0,0.008489707210843992,0.01547737649998425,0.004669355403834141,0.04970794433365452
0.10,1,3,E,2,2026092402,context_1,198,653,0.04400817088763087,0.025566875874384346,0.06579810345952777,0.059115948208143615,0.05353558311746964,0.006934728350854638,0.024793692327588393,0.0826449771449158,0.0,0.031172173496063233,0.048665390656904846,0.03474938071778763,0.11986838075123801
0.10,1,3,E,2,2026092402,pooled,2048,6846,0.03743125411314363,0.0032912200209285454,0.06494691720924298,0.018310070575062936,0.027714157682883434,0.009126784855318315,2.3210372971554753e-05,0.054478648216520376,0.0,0.008043213960478746,0.01316106753385602,0.0027704111262849525,0.04541546330497752
0.10,1,3,E,3,2026092403,context_0,1850,6193,0.037774042420287146,0.0023844163382432037,0.06362682100500859,0.018079630297166572,0.02462086077273573,0.010888805193849604,9.440981367616209e-05,0.05240852694571966,0.0,0.008489707210843992,0.012969522412788906,0.007809996089936462,0.05100604971492658
0.10,1,3,E,3,2026092403,context_1,198,653,0.05179211375239828,0.016981591706412322,0.07395213932708368,0.06767164988390945,0.025086770719583318,0.0015333822013727932,0.02985434406426113,0.05398232707073083,0.0,0.031172173496063233,0.04438065295057357,0.03702008967666379,0.1260194327408436
0.10,1,3,E,3,2026092403,pooled,2048,6846,0.03879565829135162,0.0005132098711810109,0.06427902002957395,0.01819644213832645,0.02420880832607375,0.010129168571793787,1.4226119684906946e-06,0.05197641987520335,0.0,0.008043213960478746,0.013149139028894554,0.00684029292302183,0.04838313446049243
0.10,1,3,E,4,2026092404,context_0,1850,6193,0.038473091749692934,0.002251063962564236,0.06504766721417957,0.017737334753658306,0.024019097543271917,0.014564500254558937,4.9445020124706655e-05,0.05182565560490382,0.0,0.008489707210843992,0.01132416811084768,0.010706543118710481,0.05147013927247371
0.10,1,3,E,4,2026092404,context_1,198,653,0.05365227101540726,0.0040238177009963,0.07751629477775064,0.060140313352094146,0.02598590995410388,0.052119993577510695,0.01520371559389895,0.05325411940624386,0.0,0.031172173496063233,0.04422445035994183,0.02381308722211522,0.11911917524943284
0.10,1,3,E,4,2026092404,pooled,2048,6846,0.03959677002672318,0.0016250717264745087,0.06620391010429445,0.017030747718681936,0.02326253511821308,0.018172353468167313,0.00018635491798497678,0.05180052117829831,0.0,0.008043213960478746,0.010545015721436063,0.008072401840361782,0.048475513644305815
0.10,1,3,Ecal,0,2026092400,context_0,1850,6193,0.04006601078799188,0.0027830123006531518,0.0648475516674435,0.015203567863453027,0.029302552769159718,0.012910690654998641,4.280273005403067e-05,0.056793277182057456,0.0,0.008489707210843992,0.0077326863288683404,0.005317825549398629,0.04808997052280631
0.10,1,3,Ecal,0,2026092400,context_1,198,653,0.054790601779317216,0.03164803861704808,0.07563273474075687,0.07356406597035851,0.023933133720847932,0.02433847812772756,0.019312277663394176,0.05206930769215165,0.0,0.031172173496063233,0.052534595474010355,0.03445840216934369,0.12617753019781675
0.10,1,3,Ecal,0,2026092400,pooled,2048,6846,0.040529347033644636,0.0056021338258663705,0.0655622599387391,0.014696547487456598,0.028183894948950683,0.01403416311816258,6.595232503001959e-05,0.05587814238307893,0.0,0.008043213960478746,0.007761805964937096,0.007253600931931038,0.046439436984991374
0.10,1,3,Ecal,1,2026092401,context_0,1850,6193,0.039863342081173314,0.011441117902940888,0.0668608673049509,0.020724810821370704,0.02052495007291344,0.011372182337595751,9.808396071542464e-06,0.05091291711379843,0.0,0.008489707210843992,0.012995141128080579,0.005518322393282091,0.05195853732455611
0.10,1,3,Ecal,1,2026092401,context_1,198,653,0.04679268645925372,0.0075032599236675886,0.07121758120881874,0.05180819878873105,0.02979209217952805,0.012194999404564491,0.0269797191125678,0.05206117517425377,0.0,0.031172173496063233,0.037399511532993895,0.04713225888711882,0.12629299337851427
0.10,1,3,Ecal,1,2026092401,pooled,2048,6846,0.04008426897443795,0.011035148420902176,0.06726290814821087,0.01982052265827066,0.02054512781363238,0.011451448112629437,0.00014690264763279328,0.05094248931446781,0.0,0.008043213960478746,0.013698266310028923,0.0053960553101897405,0.0497935612065236
0.10,1,3,Ecal,2,2026092402,context_0,1850,6193,0.03733053212621462,0.0009096640369072688,0.06488220971135077,0.021354888181736136,0.02546937493864848,0.011121574611620152,8.335816457003803e-05,0.0531171848302794,0.0,0.008489707210843992,0.01561264568566376,0.007086915564075896,0.04956876806439083
0.10,1,3,Ecal,2,2026092402,context_1,198,653,0.044232936404984824,0.025373087814520814,0.06581738499826495,0.05957117524384552,0.05331517315493933,0.006390663655756995,0.022584150028779032,0.08256139181311024,0.0,0.031172173496063233,0.0472166379368846,0.03601466984490146,0.12035068522462114
0.10,1,3,Ecal,2,2026092402,pooled,2048,6846,0.03738630513226626,0.003277858376148291,0.06494459265657289,0.018397626548035284,0.02784170056917895,0.00948024677881397,5.666320288719986e-05,0.0546597162498068,0.0,0.008043213960478746,0.013205204764728687,0.008248908245855634,0.04674155792683382
0.10,1,3,Ecal,3,2026092403,context_0,1850,6193,0.037661318098887564,0.0024226172766929096,0.06358896335620448,0.018141610636183542,0.024762017315341445,0.010466923147771465,7.61013963753533e-05,0.05248689805092333,0.0,0.008489707210843992,0.012907173288693079,0.00605188852262136,0.05007685477654609
0.10,1,3,Ecal,3,2026092403,context_1,198,653,0.052003306994214515,0.016933359356812342,0.0740757565414009,0.06885291144214789,0.024866360757053063,0.0009695331659380774,0.02678424985992091,0.053866121154594326,0.0,0.031172173496063233,0.04577075886963722,0.03252043656343168,0.12517396911545906
0.10,1,3,Ecal,3,2026092403,pooled,2048,6846,0.03871417696076146,0.0005530748429822111,0.06424743130185795,0.018188126176381176,0.02431509406465332,0.009519916242670082,2.7336282278651175e-06,0.05203359809567126,0.0,0.008043213960478746,0.013057356168734617,0.005946547906855734,0.048596971575133825
0.10,1,3,Ecal,4,2026092404,context_0,1850,6193,0.03833782256401347,0.002423618106744029,0.0649883239233079,0.017514636327781958,0.024277884538049133,0.014605603964044533,2.6316702878207104e-05,0.051830908567002974,0.0,0.008489707210843992,0.010290580317298133,0.0036235522470593035,0.050772988335566996
0.10,1,3,Ecal,4,2026092404,context_1,198,653,0.05392734569327817,0.0036326979256385856,0.07755564722109523,0.06016785065903869,0.0264267298791645,0.05129982650883079,0.013717995916862458,0.0533001676563387,0.0,0.031172173496063233,0.04445732416516678,0.025313221380903528,0.1210685910055333
0.10,1,3,Ecal,4,2026092404,pooled,2048,6846,0.03952060627926751,0.001819718637946091,0.06615482206146164,0.016999917503036827,0.023517620890804114,0.01812950458249188,0.000123032564101443,0.051807080844787,0.0,0.008043213960478746,0.009852424411419983,0.00266417520023328,0.04790070652806722
0.10,1,4,U,0,2026092500,context_0,1858,6193,0.03676732957101986,0.0015961634913039234,0.06516696468745882,0.01744316091859525,0.020702062218813835,0.020989548715725725,0.00016025857865808156,0.05082003455138967,0.0,0.014988894628592972,0.010140971276629192,0.007016725174209179,0.0499405294978835
0.10,1,4,U,0,2026092500,context_1,190,653,0.05984720172200436,0.02587996114544273,0.07598567704555524,0.07132083783790676,0.025311365924072682,0.010715950726177578,0.031008039386085026,0.05381935822692873,0.0,0.0650126944466833,0.04679712103954213,0.031624387348989876,0.13304302600009063
0.10,1,4,U,0,2026092500,pooled,2048,6846,0.03857419928772465,0.0038691499668436127,0.06592617058924245,0.019602012275966064,0.02082689488744338,0.020069287354228138,2.42351277386383e-06,0.05088307469559071,0.0,0.00936835264205375,0.010819964134168096,0.008314645812137873,0.047233706945621505
0.10,1,4,U,1,2026092501,context_0,1858,6193,0.037644116604392375,0.004008263097894631,0.06480494073476661,0.01626415888583055,0.02273448590800009,0.01546865217927254,0.00013005700489960692,0.05129403348327538,0.0,0.014988894628592972,0.009082991302909554,0.011345596614005998,0.048773309205021986
0.10,1,4,U,1,2026092501,context_1,190,653,0.04013611542200746,0.03637845816505912,0.0686714507344517,0.06092234868971641,0.0318248174298785,0.013679960640074873,0.02996430982388848,0.05419316456081476,0.0,0.0650126944466833,0.040422782497404094,0.03724120515937891,0.1312281091157033
0.10,1,4,U,1,2026092501,pooled,2048,6846,0.03778615897004933,0.00021671023702572365,0.0651442352845253,0.014084623906199597,0.022404119046537385,0.012742475390459945,5.900174142969058e-05,0.0511492757152493,0.0,0.00936835264205375,0.008996295514662942,0.008884572594029402,0.04675466740070552
0.10,1,4,U,2,2026092502,context_0,1858,6193,0.037442387466461946,0.008338549291345308,0.06725406286698636,0.01754992046040118,0.02726818545241333,0.007397004738998375,3.9834624658405715e-05,0.052693487066353545,0.0,0.014988894628592972,0.013160584808362517,0.007125853794321174,0.04601485416372403
0.10,1,4,U,2,2026092502,context_1,190,653,0.06351469127054266,0.015888822092920758,0.08282990409596505,0.05560172955005097,0.034537281320859314,0.012670940328329425,0.029942189962112356,0.06608565721102876,0.0,0.0650126944466833,0.03845031282440332,0.043665887396473556,0.12237818997699922
0.10,1,4,U,2,2026092502,pooled,2048,6846,0.03967175895492653,0.006154338977754897,0.06860106432584061,0.015810424681663604,0.02461299792285071,0.008070103607059328,0.00020055358102400583,0.05163495595222022,0.0,0.00936835264205375,0.011908961211323989,0.006073291107251078,0.04333003155356948
0.10,1,4,U,3,2026092503,context_0,1858,6193,0.03625752308582564,0.0017480928597498702,0.06612855972720977,0.019506467586346783,0.023657169951391888,0.02919784229646527,3.3728931776796684e-05,0.051958727132970874,0.0,0.014988894628592972,0.014117192488273308,0.0058231915009024,0.04778019982583069
0.10,1,4,U,3,2026092503,context_1,190,653,0.06181078777419141,0.02473367819770365,0.08474538443302099,0.053264942477394474,0.03272296413685938,0.003349281804715998,0.027291380600986653,0.059628436224896136,0.0,0.0650126944466833,0.03898848785620154,0.024795457125671112,0.12598515532442656
0.10,1,4,U,3,2026092503,pooled,2048,6846,0.03828019202607402,0.0006051722998866668,0.06754281790548602,0.020303452144232813,0.024352187275396897,0.02628584827967681,0.00011273345503670564,0.05238590816604145,0.0,0.00936835264205375,0.014129986267735649,0.005388390057970349,0.04684887592393156
0.10,1,4,U,4,2026092504,context_0,1858,6193,0.037457638599831644,0.007384367066684736,0.06773287941729837,0.0181854116677436,0.023166877291120047,0.01574010614067778,0.00013086710542562494,0.05100082370926999,0.0,0.014988894628592972,0.011218779632241705,0.008410976955075054,0.0492046121550908
0.10,1,4,U,4,2026092504,context_1,190,653,0.04611461149868634,0.015560974491237514,0.07919959539009323,0.05579635481093635,0.03836664388851563,0.015108378738068931,0.0310228146019959,0.06273798754049745,0.0,0.0650126944466833,0.03773342269783191,0.03552412466857529,0.12226143307226849
0.10,1,4,U,4,2026092504,pooled,2048,6846,0.0377466819874156,0.00816729344766815,0.06856730278670899,0.01821106080074097,0.021585534434277603,0.015678614417795042,0.00016521324718318277,0.050908472882614256,0.0,0.00936835264205375,0.011510384492323915,0.005243005571360015,0.04724577023189561
0.10,1,4,Ucal,0,2026092500,context_0,1858,6193,0.03676732957101986,0.001649273297877538,0.06520678658840214,0.018303415479048648,0.021042558275852385,0.02146566886207496,0.0001502398133197241,0.050922112222562106,0.0,0.014988894628592972,0.010935188497021934,0.011512271946469716,0.050110881027586034
0.10,1,4,Ucal,0,2026092500,context_1,190,653,0.060037191646949595,0.02549551834369872,0.0762369043693738,0.06975740310157137,0.02417629214427708,0.005847373808369388,0.02364187034234652,0.0532710821029441,0.0,0.0650126944466833,0.04723237675227332,0.026750010933833453,0.13104778748900445
0.10,1,4,Ucal,0,2026092500,pooled,2048,6846,0.038648018406287066,0.0038824284090520963,0.0659753261280601,0.01908529952744319,0.021142436686456545,0.020049876211144818,6.229722254833675e-05,0.050970018089976275,0.0,0.00936835264205375,0.010246949418706634,0.010036666753585857,0.046208977141744344
0.10,1,4,Ucal,1,2026092501,context_0,1858,6193,0.037644116604392375,0.003971244765300268,0.06482531374395502,0.01708622327205473,0.02261714531519543,0.014974055410740317,0.00011183183694684696,0.05125380616312015,0.0,0.014988894628592972,0.009641933041609025,0.005088604277112396,0.04867136562022104
0.10,1,4,Ucal,1,2026092501,context_1,190,653,0.04056478140662334,0.03642216565094125,0.06871683839348544,0.055993894579176556,0.03273287645371503,0.014641166101528436,0.023470473648407944,0.054570131216261863,0.0,0.0650126944466833,0.03511973355254604,0.03241772753505445,0.13107530640034634
0.10,1,4,Ucal,1,2026092501,pooled,2048,6846,0.03779786876025992,0.00018118814563613,0.06517363282292539,0.01427079021475616,0.022170156140292607,0.012190839701955267,5.7681287680594155e-05,0.05107436057380938,0.0,0.00936835264205375,0.008901985567217724,0.002425559773456807,0.047188877689529514
0.10,1,4,Ucal,2,2026092502,context_0,1858,6193,0.03735243716400405,0.008361407061336309,0.0672077113303971,0.016315376683621662,0.027197781096730544,0.00767515803738146,4.7805295965082676e-05,0.05266433212187582,0.0,0.014988894628592972,0.012268233857669734,0.005328031312710076,0.04527338969137921
0.10,1,4,Ucal,2,2026092502,context_1,190,653,0.06351063177558552,0.01602157728726162,0.08283630215459363,0.05729129394466109,0.03521832558873672,0.013632081807429544,0.024438031610493828,0.06716208364626586,0.0,0.0650126944466833,0.03741337600807895,0.04522761337696425,0.1247540920288203
0.10,1,4,Ucal,2,2026092502,pooled,2048,6846,0.03968625977096368,0.006160785746216313,0.06855877375252784,0.014499721351918418,0.02446411243705865,0.008421920190054347,0.00013376439075468878,0.05160027166668672,0.0,0.00936835264205375,0.010421108610639187,0.009185703646384564,0.043246558169822626
0.10,1,4,Ucal,3,2026092503,context_0,1858,6193,0.036280010661440154,0.0016553549264706068,0.06616472613462926,0.01968401801576486,0.023610233714270068,0.028999394282478747,2.3108165605594867e-05,0.05196636682233886,0.0,0.014988894628592972,0.014521968849333811,0.0046035135968469625,0.047431165998311146
0.10,1,4,Ucal,3,2026092503,context_1,190,653,0.06159315991782577,0.025070473549005226,0.08493414420286456,0.04906292140602561,0.03385803791665498,0.0003917960593176756,0.021045819283822903,0.06093577519496837,0.0,0.0650126944466833,0.03420067501615805,0.023110676788323598,0.12454023905101543
0.10,1,4,Ucal,3,2026092503,pooled,2048,6846,0.03830057356854921,0.0007164025226613303,0.06760456015347405,0.020285334677173233,0.02441599534073635,0.026386909757361826,8.968095903681955e-05,0.05244705365132514,0.0,0.00936835264205375,0.014503584708924398,0.003972195041257643,0.04635194364335666
0.10,1,4,Ucal,4,2026092504,context_0,1858,6193,0.037411441697830394,0.007359669286668826,0.06770838059749419,0.018223939240581747,0.022885259868388796,0.016335447301159378,0.00010551762178097974,0.05099457514784614,0.0,0.014988894628592972,0.011708034015583919,0.005438895060326067,0.04807867141257726
0.10,1,4,Ucal,4,2026092504,context_1,190,653,0.0460149870436769,0.015940040318302102,0.07922689710991418,0.05651149000486885,0.03791261437659732,0.016744624866434923,0.01788225996522204,0.06286572738938964,0.0,0.0650126944466833,0.03866224070497301,0.021266968015705934,0.12509063817510288
0.10,1,4,Ucal,4,2026092504,pooled,2048,6846,0.0377466819874156,0.008182014835293459,0.06854765844800417,0.018275985591656902,0.021649342499617058,0.016368162013676024,0.0002468596243715175,0.050941390529233174,0.0,0.00936835264205375,0.012366409276279586,0.0036775885573358874,0.047633553513424035
0.10,1,4,E,0,2026092500,context_0,1858,6193,0.03694496631689237,0.0015803870097227104,0.06526416435016436,0.017949639305695278,0.02092144813609223,0.02216852135522812,0.00015446852928605742,0.05085205437207616,0.0,0.014988894628592972,0.011341821870786174,0.006611766482485946,0.050204215969899504
0.10,1,4,E,0,2026092500,context_1,190,653,0.060041501384746565,0.026171027916081377,0.07627534985145883,0.07251049513297539,0.02576539543599099,0.006874925209716609,0.02739062389266922,0.05380935098423091,0.0,0.0650126944466833,0.05136730602322004,0.03123458885874192,0.13028372746343467
0.10,1,4,E,0,2026092500,pooled,2048,6846,0.03872117149870774,0.003878945612381262,0.06604155917751983,0.019526324094398827,0.020844665714872368,0.02078881071054653,0.0001015071415838946,0.050908592555107775,0.0,0.00936835264205375,0.012345243107072544,0.006214105506345419,0.047142933267902615
0.10,1,4,E,1,2026092501,context_0,1858,6193,0.03791125515234628,0.0039659640541386985,0.06486196439842824,0.016538125052348376,0.023093935105929497,0.014662714894431952,0.00012065411674774113,0.05146501584893486,0.0,0.014988894628592972,0.009421950195853224,0.010724940559820366,0.048291504831830645
0.10,1,4,E,1,2026092501,context_1,190,653,0.040589485935865866,0.03652778312199817,0.06850333269477964,0.061617726300795,0.032959891209674186,0.013664719034533729,0.03162064830777057,0.05437242360900355,0.0,0.0650126944466833,0.038089212406539494,0.03754850084033301,0.1324544168210579
0.10,1,4,E,1,2026092501,pooled,2048,6846,0.03809282395730845,0.00017051064113492577,0.065177389277044,0.014302675717150602,0.022723159373234658,0.012012293631966348,3.0536398471981384e-05,0.05127459876146591,0.0,0.00936835264205375,0.008494605703885563,0.008119154753493632,0.046514354085247504
0.10,1,4,E,2,2026092502,context_0,1858,6193,0.037334518960512986,0.008290292920657626,0.06735415052078181,0.01692095337307011,0.02717431297816958,0.008760527759211129,6.24794965744937e-05,0.05266627308574635,0.0,0.014988894628592972,0.012349697339426997,0.006578121590663293,0.045364552710021246
0.10,1,4,E,2,2026092502,context_1,190,653,0.06407580522932466,0.016345043749790202,0.0828124268538489,0.06217248452332764,0.034310266564900216,0.017248947526132444,0.03205904651184807,0.064861083448303,0.0,0.0650126944466833,0.040093490724957666,0.04635462210210948,0.12613124292322483
0.10,1,4,E,2,2026092502,pooled,2048,6846,0.03965147502508376,0.006068537321837574,0.06868771776360995,0.01607329684837518,0.024527920502398104,0.009720130967711071,7.472448707566103e-05,0.05164585053088088,0.0,0.00936835264205375,0.012153522582929848,0.00461067774912254,0.04314186822028535
0.10,1,4,E,3,2026092503,context_0,1858,6193,0.036157701231008255,0.001606852029892147,0.06623506018849018,0.019549790682733017,0.02452549033814655,0.031007933564237367,5.635493894307216e-06,0.052369251769765736,0.0,0.014988894628592972,0.014195210802498213,0.004532285911871905,0.048095707016798696
0.10,1,4,E,3,2026092503,context_1,190,653,0.06158454044223194,0.025354018553292994,0.08528402922152552,0.052429819467082084,0.03279852474458572,0.003576033327904987,0.029900806893215448,0.05923131213180673,0.0,0.0650126944466833,0.0322757375803436,0.02876104636120682,0.1295416181862353
0.10,1,4,E,3,2026092503,pooled,2048,6846,0.03828001927903635,0.000782486653835393,0.06768145490914007,0.02002217277398805,0.025011537283904595,0.027902622981489045,0.00021382744378044966,0.05277223868967316,0.0,0.00936835264205375,0.014463011136540254,0.00477731477418316,0.04665437918971826
0.10,1,4,E,4,2026092504,context_0,1858,6193,0.03742624069556222,0.007371256802052246,0.06781321636492667,0.01799928163536745,0.02283832363126692,0.015895522509431034,9.79347068481251e-05,0.051007595256959526,0.0,0.014988894628592972,0.011588444063625388,0.008091847785922514,0.04879209795081761
0.10,1,4,E,4,2026092504,context_1,190,653,0.046262018433721686,0.015396552218250724,0.07936126876963612,0.05516101617188136,0.04018276193618875,0.016720189148433554,0.025713313496414786,0.06531975907693592,0.0,0.0650126944466833,0.03113094610005572,0.028644142087221755,0.12452348472491805
0.10,1,4,E,4,2026092504,pooled,2048,6846,0.03776902186780384,0.008140263769663272,0.06863892727479,0.018457966891822688,0.021202686042240848,0.015985249440030297,0.00015330610610352156,0.050940160301577636,0.0,0.00936835264205375,0.012626442001736713,0.005274682878085007,0.04742820852239819
0.10,1,4,Ecal,0,2026092500,context_0,1858,6193,0.03687591422346659,0.0016012223840766488,0.06526052331888427,0.017663350620309225,0.02130070758002267,0.022609575121561698,0.00015727789745722187,0.05097498056775517,0.0,0.014988894628592972,0.011206896417099339,0.011538398805553228,0.04936770646086923
0.10,1,4,Ecal,0,2026092500,context_1,190,653,0.05958241699271222,0.026181364355727446,0.076191263983465,0.06945116254383424,0.025311365924072682,0.0063349992737920385,0.025723387061225907,0.05364848169778499,0.0,0.0650126944466833,0.04723795160664939,0.032178144336612834,0.13084294751055098
0.10,1,4,Ecal,0,2026092500,pooled,2048,6846,0.038639645328807204,0.003899017169527048,0.06602709711858719,0.019338991847695813,0.021440207658040666,0.021133154172550767,8.682420057063052e-05,0.051042189253125494,0.0,0.00936835264205375,0.011754178375293618,0.010049703101434845,0.046393191046544255
0.10,1,4,Ecal,1,2026092501,context_0,1858,6193,0.037956230303575256,0.00398214128864231,0.06487131148825055,0.017080833590812132,0.023093935105929497,0.01408723797926821,0.00011606534832875369,0.051435533831413076,0.0,0.014988894628592972,0.009444437771467697,0.004522328286218784,0.04761319707074852
0.10,1,4,Ecal,1,2026092501,context_1,190,653,0.04080711379223145,0.03655382473765943,0.06859660468411367,0.06296573473992179,0.033615299653500186,0.013453275460708639,0.028762282526253888,0.0547508685120602,0.0,0.0650126944466833,0.03880179279531401,0.037994800281489,0.1329741484340355
0.10,1,4,Ecal,1,2026092501,pooled,2048,6846,0.03814619844533307,0.00018267211652884998,0.06519980775250735,0.01455511948569988,0.02274442872834781,0.011504713361746285,3.399140629323574e-05,0.051234125640657276,0.0,0.00936835264205375,0.008433640902276452,0.0028473144835607484,0.046507584461156846
0.10,1,4,Ecal,2,2026092502,context_0,1858,6193,0.037357006536127446,0.008410536205277987,0.06736998747240794,0.01710513251186835,0.02693963179256026,0.007668400594303987,6.637928743777907e-05,0.05254255679835219,0.0,0.014988894628592972,0.012889399154174343,0.006516597443570029,0.04555282770877331
0.10,1,4,Ecal,2,2026092502,context_1,190,653,0.063703040714649,0.01626500634923168,0.08276740026935558,0.0576518153448136,0.0329481780291454,0.016952869328735146,0.028580453523018932,0.06314878152459302,0.0,0.0650126944466833,0.037000433615231906,0.049391326933612006,0.1259703136781158
0.10,1,4,Ecal,2,2026092502,pooled,2048,6846,0.03973111178202149,0.006185921575645278,0.0686934707575298,0.015022281552880533,0.02446411243705865,0.008682248331152928,4.513541062037534e-05,0.051613832172552304,0.0,0.00936835264205375,0.01103253774679749,0.009908444055979161,0.04358767642806299
0.10,1,4,Ecal,3,2026092503,context_0,1858,6193,0.03633760183592405,0.0015754030022509437,0.06624345418857475,0.01900433127452095,0.02426734103397621,0.03071262436326691,2.0889614167223544e-05,0.05223696966394235,0.0,0.014988894628592972,0.013487441613133075,0.0050024258286739415,0.04724079559657749
0.10,1,4,Ecal,3,2026092503,context_1,190,653,0.06159746965562274,0.02551858714283906,0.08508094547771684,0.053113986771412616,0.03279852474458572,0.0037773590488435344,0.026025297284085147,0.05926364189032701,0.0,0.0650126944466833,0.034887271856730975,0.030008353093278664,0.13127985611066367
0.10,1,4,Ecal,3,2026092503,pooled,2048,6846,0.03839655423195265,0.0008281698321951094,0.067672425072685,0.019700016390021856,0.024777574377659928,0.027619243133257754,0.00012723972312734914,0.052641100801157685,0.0,0.00936835264205375,0.01410240896044582,0.004394890192294985,0.04625606528065629
0.10,1,4,Ecal,4,2026092504,context_0,1858,6193,0.037471215846791195,0.00745956357057086,0.06785543363226025,0.018116260913086428,0.022580174327096636,0.015812480158785197,9.02245354218095e-05,0.05100369318317003,0.0,0.014988894628592972,0.011588444063625358,0.005867339464608622,0.04807679268168035
0.10,1,4,Ecal,4,2026092504,context_1,190,653,0.04647964629008727,0.016005604687564318,0.07930586130947406,0.055256099587249786,0.039047688156393034,0.015430477170851123,0.022243567194249268,0.06355451889931082,0.0,0.0650126944466833,0.029967011042521363,0.028003115230900252,0.12449324495049889
0.10,1,4,Ecal,4,2026092504,pooled,2048,6846,0.03774365549905595,0.008278732422813085,0.06868235561688067,0.018107568528593205,0.021287763462693454,0.015778966495845634,0.0001862264968864949,0.05096040887624567,0.0,0.00936835264205375,0.012422626576985394,0.0033747140427150407,0.04673359867216995
0.25,0,0,U,0,2026092100,context_0,1531,5187,0.028027672524246705,0.001271795523327903,0.05795806018140949,0.017372539000574973,0.021365557897548182,0.014509350550752337,5.422053418590382e-06,0.05175267522564343,0.0,0.009540255200126618,0.007929709079345579,0.008053334036539132,0.05396625046186438
0.25,0,0,U,0,2026092100,context_1,517,1659,0.03083609546257604,0.00560952703860236,0.06067156604100043,0.027525327618704527,0.025233962527386633,0.03795612388612063,3.7576088717417196e-05,0.05144715213695256,0.0,0.0325186865383472,0.014404494022807822,0.006433847983236804,0.08261745843446162
0.25,0,0,U,0,2026092100,pooled,2048,6846,0.02829002840190903,0.002310381515157608,0.058603589081454896,0.014917513012791313,0.02095294283776121,0.02029339377040776,4.376478371259946e-06,0.05146092753145289,0.0,0.011237280152187418,0.008429534772790643,0.007624429068119403,0.04427053776134439
0.25,0,0,U,1,2026092101,context_0,1531,5187,0.0341222840518145,0.002588227065739224,0.0626333951338316,0.023869442386038515,0.01997026203787508,0.025848116927100998,2.0921918523373096e-05,0.05152644174272374,0.0,0.009540255200126618,0.016677123310860117,0.005484034299089372,0.054351847213573494
0.25,0,0,U,1,2026092101,context_1,517,1659,0.02875325731283962,0.004133983486166488,0.05887248946323903,0.031420103893613174,0.025773177050516516,0.03383934528619684,0.00032836172516937214,0.0520129395206869,0.0,0.0325186865383472,0.01977716671618759,0.015381375200317491,0.08886449742980836
0.25,0,0,U,1,2026092101,pooled,2048,6846,0.03181229513186912,0.0030194626062956496,0.06163154658461952,0.017558518356364555,0.01930277118019119,0.027735662492565913,2.3361487435409048e-05,0.051431101635837265,0.0,0.011237280152187418,0.012076129568995406,0.0069012483218114234,0.04835538407600233
0.25,0,0,U,2,2026092102,context_0,1531,5187,0.03369747424216679,0.003358461324399221,0.06396627357551128,0.016479949868646218,0.01981958654790872,0.022601007098813436,2.982577806893672e-05,0.05135877873846751,0.0,0.009540255200126618,0.008226532256506828,0.0075600311707654175,0.0523474017834777
0.25,0,0,U,2,2026092102,context_1,517,1659,0.029418020632426434,0.006096720197467022,0.06184609744992947,0.033959336394159254,0.02621255809032244,0.04562141479836024,7.424898984961342e-05,0.05182726563958042,0.0,0.0325186865383472,0.023935321239504405,0.0068065717239143095,0.09390443256766247
0.25,0,0,U,2,2026092102,pooled,2048,6846,0.0322165662060796,0.003972649113865534,0.06339874300266986,0.01581681240046837,0.01990106021859228,0.028276581905596773,1.0797539056791553e-05,0.051288273700539816,0.0,0.011237280152187418,0.010380530384229985,0.006745326392951641,0.04444544325657319
0.25,0,0,U,3,2026092103,context_0,1531,5187,0.029202354127518926,0.000682891338367048,0.059249468217496506,0.024676838361683086,0.023870275367835148,0.032412281690282166,7.700169643399042e-05,0.05222442887770652,0.0,0.009540255200126618,0.019822292872016596,0.0069796340828863985,0.05227474624452025
0.25,0,0,U,3,2026092103,context_1,517,1659,0.034224683251865895,0.008473275796653516,0.061754073833719024,0.03927674788151292,0.025857507636921462,0.028898637449014372,9.587615961505896e-06,0.05171009299523264,0.0,0.0325186865383472,0.027764087462926638,0.004333154583769345,0.09195453936581792
0.25,0,0,U,3,2026092103,pooled,2048,6846,0.029853417495828316,0.001576880091215525,0.059776897479456484,0.020372588628401012,0.02399115126553908,0.031392056709591123,4.367149319693523e-05,0.05190948634689533,0.0,0.011237280152187418,0.016823183120451887,0.005837047898950012,0.046438310469047464
0.25,0,0,U,4,2026092104,context_0,1531,5187,0.0341246707729681,0.000858725323425776,0.06252077230040265,0.01870606016432052,0.022274452185534588,0.03795611752869023,5.122604736884286e-05,0.051956934760201086,0.0,0.009540255200126618,0.011348089409185212,0.009711145901048424,0.05470955000786578
0.25,0,0,U,4,2026092104,context_1,517,1659,0.030108648628280776,0.0031905788401952557,0.057240440817918056,0.03848124016775276,0.0216816831758955,0.028735971574645164,3.332640179133477e-05,0.05121470712422909,0.0,0.0325186865383472,0.028393456476373122,0.009481404623441157,0.09003561558151738
0.25,0,0,U,4,2026092104,pooled,2048,6846,0.03308813042891573,0.0013727243768800485,0.061143247611600726,0.018558616948999393,0.021978553442772636,0.035536247955034975,6.050803203401414e-05,0.05141619614642413,0.0,0.011237280152187418,0.014838525764529658,0.009405926495909128,0.04634526800034622
0.25,0,0,Ucal,0,2026092100,context_0,1531,5187,0.02805101410845784,0.0013361616633862164,0.05796015040715087,0.01666669058993619,0.021422508748963412,0.014697910403402153,2.6051140017115468e-06,0.051717089788438655,0.0,0.009540255200126618,0.007723928285898264,0.0030596324975865428,0.053852667798488255
0.25,0,0,Ucal,0,2026092100,context_1,517,1659,0.03083609546257604,0.005600370499531963,0.0606351868994208,0.02762964497490014,0.025233962527386633,0.03795612388612063,3.6406517691993986e-05,0.05144715213695256,0.0,0.0325186865383472,0.014893133162802913,0.0060924089017680445,0.08268945948115786
0.25,0,0,Ucal,0,2026092100,pooled,2048,6846,0.02825480437469491,0.002356222803700251,0.05859338119702329,0.01468162629138283,0.020995604953802163,0.02043343645969993,3.277109874126144e-06,0.05144181676909442,0.0,0.011237280152187418,0.008180964444430616,0.0037049637100081247,0.04406912157816951
0.25,0,0,Ucal,1,2026092101,context_0,1531,5187,0.0340949981777115,0.0025897298730393334,0.0626593049465935,0.023890761338337254,0.019941786612167473,0.02575424624872112,2.35311473558831e-05,0.05151904834595664,0.0,0.009540255200126618,0.016595265688551155,0.00391534051432171,0.05477365154108453
0.25,0,0,Ucal,1,2026092101,context_1,517,1659,0.028695907607291127,0.004176079037329061,0.058886393873938965,0.031461129662344454,0.025773177050516516,0.033397235417234716,0.00034051706949389223,0.05205654351844477,0.0,0.0325186865383472,0.019695726859521746,0.015630723328871738,0.08862861949516727
0.25,0,0,Ucal,1,2026092101,pooled,2048,6846,0.03177234565082987,0.00303101253895664,0.06165249435998098,0.017975724701953754,0.01930277118019119,0.02755475936486025,3.40819849075039e-05,0.05142831702252342,0.0,0.011237280152187418,0.012382702492474806,0.004928139338534432,0.04839362402447245
0.25,0,0,Ucal,2,2026092102,context_0,1531,5187,0.03367018836806379,0.003323119192516861,0.06390905852529644,0.01657901189402415,0.019848061973616327,0.022867961837015616,2.8464916918076192e-05,0.051357345499527876,0.0,0.009540255200126618,0.008576910603264126,0.0028205479259460742,0.05284447045871407
0.25,0,0,Ucal,2,2026092102,context_1,517,1659,0.029336580775760568,0.006227647147115486,0.06183577623346291,0.033672137978105074,0.025957499426829844,0.0456387537823984,5.128544468851196e-05,0.05175497326205109,0.0,0.0325186865383472,0.024113408244493005,0.00465629681628701,0.09287780871152518
0.25,0,0,Ucal,2,2026092102,pooled,2048,6846,0.03211864053119151,0.003979659317223172,0.06335595798892184,0.015325283681994659,0.019709080696407977,0.02848392001152643,1.2280718637502626e-05,0.05127198121297421,0.0,0.011237280152187418,0.00991045190156159,0.0033109774525625153,0.045026286684919585
0.25,0,0,Ucal,3,2026092103,context_0,1531,5187,0.02906592475700409,0.0006411982035224672,0.05918943933524586,0.02436205436236935,0.023784849090712323,0.03274019695760645,5.984614117714403e-05,0.05220950546799867,0.0,0.009540255200126618,0.01905828839713327,0.006111679023962369,0.0523905162141143
0.25,0,0,Ucal,3,2026092103,context_1,517,1659,0.034224683251865895,0.008473329753835093,0.06172571065629288,0.039193375838999824,0.025857507636921462,0.028899346209193016,3.117257961811272e-06,0.05171171037564665,0.0,0.0325186865383472,0.02776408746292663,0.004669151852799821,0.09208553207982594
0.25,0,0,Ucal,3,2026092103,pooled,2048,6846,0.029873855690726925,0.001607892634174492,0.05972744265767873,0.019839143209528,0.023927158091477663,0.03163498157711471,3.546579119847689e-05,0.051892681496399244,0.0,0.011237280152187418,0.016598362976566992,0.005334303152968736,0.046923786630429745
0.25,0,0,Ucal,4,2026092104,context_0,1531,5187,0.03404618813897192,0.0007618478365227434,0.06253250398417107,0.01972827206550843,0.022075124205581276,0.036998425632686086,5.059576367965066e-05,0.05184127029567154,0.0,0.009540255200126618,0.011998612371075223,0.00424500053811406,0.05428764145733433
0.25,0,0,Ucal,4,2026092104,context_1,517,1659,0.030108648628280776,0.0032138256738382235,0.057238942999003575,0.03810017179467571,0.02176670273039305,0.028859954385664188,2.790806209981302e-05,0.05118122637513646,0.0,0.0325186865383472,0.028281401455696038,0.00851819704256995,0.08923678399146644
0.25,0,0,Ucal,4,2026092104,pooled,2048,6846,0.03302605095457972,0.001306307961248123,0.061148373470547884,0.0193687362016903,0.021850567094649775,0.034851793378971166,5.426113841993849e-05,0.05136927840145901,0.0,0.011237280152187418,0.015247289662502219,0.004882987357244082,0.04621607599034069
0.25,0,0,E,0,2026092100,context_0,1531,5187,0.034657941751113586,0.0019649808885618134,0.06454958967759403,0.017761824442929217,0.021025382440932994,0.015620991537250287,9.396679768216478e-06,0.05150756216970035,0.0,0.009540255200126618,0.009944147601966255,0.002877249265771167,0.05316774493607453
0.25,0,0,E,0,2026092100,context_1,517,1659,0.03924301376918943,0.006153870257849305,0.06865511315683018,0.025836928021059413,0.02098260352890524,0.03741980860290625,5.3576578316096024e-05,0.051158073916312385,0.0,0.0325186865383472,0.015117408990243822,0.008428056937058555,0.08179272410744153
0.25,0,0,E,0,2026092100,pooled,2048,6846,0.03515590732832041,0.002971774376462978,0.06552524692215668,0.016779023398404702,0.020304258867918312,0.020968415730308373,1.4936519279405344e-05,0.051281936233917455,0.0,0.011237280152187418,0.012200955398817338,0.0027126922824561844,0.04431660989647386
0.25,0,0,E,1,2026092101,context_0,1531,5187,0.04016050553372735,0.0019870285470261462,0.06929076950005109,0.023846078802872737,0.02075497153829342,0.023227288947727506,2.178391870658637e-05,0.05199198479573049,0.0,0.009540255200126618,0.017106377140428772,0.004093005977189515,0.054996167208092105
0.25,0,0,E,1,2026092101,context_1,517,1659,0.034650661391312454,0.0030912737500753836,0.06685497447878468,0.0313027855751092,0.03138446764735381,0.02466552947912236,0.00033436689775441855,0.055664696723292204,0.0,0.0325186865383472,0.01964293320124485,0.014182108031668698,0.09032965290988239
0.25,0,0,E,1,2026092101,pooled,2048,6846,0.03819255755615464,0.002296967682780527,0.06861612973510585,0.017960936318166157,0.02339833432012295,0.023482356452485448,2.8498387858008362e-05,0.052487169961111885,0.0,0.011237280152187418,0.011598149758909748,0.004501767598062423,0.04796433456335043
0.25,0,0,E,2,2026092102,context_0,1531,5187,0.04068509521146324,0.003913585662763914,0.07112663906791472,0.01834051220530035,0.021463467090013066,0.022147180833148525,4.584264624604753e-05,0.05201329048158509,0.0,0.009540255200126618,0.009877642686929242,0.0038200270688454087,0.05427521102900148
0.25,0,0,E,2,2026092102,context_1,517,1659,0.03850268269519297,0.005928640339672294,0.06918764598196259,0.035534865038530844,0.02400204967338654,0.03519493658429054,5.364187030998434e-06,0.05208748763631533,0.0,0.0325186865383472,0.025590005563248943,0.006965296356869684,0.0917920320463868
0.25,0,0,E,2,2026092102,pooled,2048,6846,0.0390477208614029,0.00436416154380208,0.07061998225549677,0.016778771481061768,0.020938877748095996,0.02530805923510536,2.1395150073372574e-05,0.05183639284393567,0.0,0.011237280152187418,0.011907788343130095,0.004289927855243866,0.045479666626409995
0.25,0,0,E,3,2026092103,context_0,1531,5187,0.035513646357140605,0.0002749552769149781,0.06549690927182018,0.02192200113696615,0.019990439102154367,0.0305838813403035,0.00011115620856781405,0.05138718144524786,0.0,0.009540255200126618,0.016698817783139495,0.006748769933139642,0.052288282639664015
0.25,0,0,E,3,2026092103,context_1,517,1659,0.042572986966491366,0.009942410756389674,0.06982802110658833,0.039595533837188966,0.023677543472091764,0.025361583819450723,1.619807086259697e-05,0.051935757397825126,0.0,0.0325186865383472,0.02865092840924916,0.007995491919331655,0.09407121417779751
0.25,0,0,E,3,2026092103,pooled,2048,6846,0.03671516014016435,0.002234971858456919,0.0665527000836764,0.018920386704815446,0.01983497559146774,0.029148460978779947,4.826529234620825e-05,0.05133852059231158,0.0,0.011237280152187418,0.013795464741326318,0.005815836651487292,0.04626890664719502
0.25,0,0,E,4,2026092104,context_0,1531,5187,0.04098824369348614,0.0007211478471252498,0.06955147741703563,0.01955026535759196,0.020616898467721856,0.03447570160176426,2.7207920095903058e-05,0.05133188482524116,0.0,0.009540255200126618,0.013323151092940022,0.0024855633602546556,0.05442868884616386
0.25,0,0,E,4,2026092104,context_1,517,1659,0.03916247243217874,0.003728389117983213,0.06500340313855224,0.03779173175483065,0.02219596998615969,0.03181916258431958,2.306213060048834e-05,0.05201075480408571,0.0,0.0325186865383472,0.028027947276995296,0.010032842544440174,0.08874850365187024
0.25,0,0,E,4,2026092104,pooled,2048,6846,0.03989273997658033,0.001422551934849768,0.06838077828438283,0.019449102349512817,0.020773542144368773,0.03370985410082887,4.1817072721701975e-05,0.05124406946061494,0.0,0.011237280152187418,0.01656421467659339,0.0033984708849351397,0.046236468183397446
0.25,0,0,Ecal,0,2026092100,context_0,1531,5187,0.0346178347401761,0.0020048591625316096,0.06450603610288963,0.017685925848192664,0.021025382440932994,0.015142362240855828,1.4243084841694846e-05,0.05151588471178684,0.0,0.009540255200126618,0.010175517338209872,0.00410706457257375,0.05319661963166689
0.25,0,0,Ecal,0,2026092100,context_1,517,1659,0.039324453625855293,0.00632166292354486,0.06858977490893409,0.028138323725205902,0.02106762308340282,0.03767207667887862,9.03489284441064e-05,0.05118278964703327,0.0,0.0325186865383472,0.017071965550224277,0.01205100230871799,0.08219292760700628
0.25,0,0,Ecal,0,2026092100,pooled,2048,6846,0.0351631219736348,0.0030437348747645422,0.06547340914367043,0.01737244711345351,0.020304258867918312,0.02067290860765321,2.0681124736616714e-05,0.051296083370380545,0.0,0.011237280152187418,0.01301517120518588,0.006086082405298466,0.04475877831698761
0.25,0,0,Ecal,1,2026092101,context_0,1531,5187,0.04015684545568787,0.0019982638472483796,0.06926677540497694,0.023925829460781554,0.02092582409253907,0.022864841906321973,2.3363447636813386e-05,0.05203097757657905,0.0,0.009540255200126618,0.017242806510943655,0.003149420947736543,0.0547622941225564
0.25,0,0,Ecal,1,2026092101,context_1,517,1659,0.03464340978507563,0.003045787481864288,0.06681218128043591,0.030074409208428163,0.031554506756348855,0.025249416164006805,0.00035017334962584006,0.05578116686198576,0.0,0.0325186865383472,0.019310626247527506,0.015514862923330763,0.08987714947143331
0.25,0,0,Ecal,1,2026092101,pooled,2048,6846,0.03817211936125603,0.002294289719221687,0.06858901401012153,0.01753460829846897,0.023568982784286763,0.023358576705712952,3.3090627059124186e-05,0.05254092025898143,0.0,0.011237280152187418,0.011679902538504277,0.005682609872332203,0.04751308587538784
0.25,0,0,Ecal,2,2026092102,context_0,1531,5187,0.040739666959669185,0.003962923843761742,0.07112481455126693,0.018069358471425098,0.021378040812890242,0.022540259031159568,2.597891114983397e-05,0.051972845491583874,0.0,0.009540255200126618,0.009528472514880069,0.0026732455350022273,0.0536114066131512
0.25,0,0,Ecal,2,2026092102,context_1,517,1659,0.0386655624085247,0.005876951722700201,0.06919519269217496,0.03584416030976401,0.024172088782381612,0.03479123887083757,1.070334128898989e-05,0.052067505144929395,0.0,0.0325186865383472,0.02510136642325382,0.005748187067803486,0.09183737550234491
0.25,0,0,Ecal,2,2026092102,pooled,2048,6846,0.03898640627670702,0.004387990742586337,0.0706207900606628,0.016341882254297703,0.020789560341952673,0.025499616014976814,1.1046682963524943e-05,0.05179579388061566,0.0,0.011237280152187418,0.011682968199245181,0.0030199622739100467,0.04473558086950518
0.25,0,0,Ecal,3,2026092103,context_0,1531,5187,0.035513646357140605,0.00024601066776788874,0.06548571330417731,0.021967521725021342,0.020018914527861975,0.03087673183968577,0.00010680544873712548,0.051377304621721055,0.0,0.009540255200126618,0.016976014540750674,0.007190225484362682,0.05288269645461887
0.25,0,0,Ecal,3,2026092103,context_1,517,1659,0.0424915471098255,0.010102761887500027,0.06991305124563217,0.040102439810976206,0.02350750436309669,0.025396452054400553,4.210305665527871e-06,0.051986755239848595,0.0,0.0325186865383472,0.028179860547702825,0.007431166146609065,0.09295745238266476
0.25,0,0,Ecal,3,2026092103,pooled,2048,6846,0.03671516014016435,0.0022973248561587844,0.06656515077913447,0.01873732150260929,0.01985630664948823,0.029374964681147378,5.001759764592284e-05,0.05132771696122131,0.0,0.011237280152187418,0.01455167795257552,0.005718881203193603,0.04599751497236782
0.25,0,0,Ecal,4,2026092104,context_0,1531,5187,0.04087910019707419,0.0007489722699601572,0.06956168394984212,0.01878053501967013,0.020502996764891424,0.0341725567223433,2.5375799711079794e-05,0.051326290091671105,0.0,0.009540255200126618,0.01225900200292392,0.005875826912673371,0.05376630664814801
0.25,0,0,Ecal,4,2026092104,context_1,517,1659,0.03899959271884701,0.0037163392637454386,0.06499217215224515,0.03737625335263807,0.02185589176816949,0.03245605189115221,4.7252092324670926e-05,0.05184820553075169,0.0,0.0325186865383472,0.028190826990326965,0.009554279223656767,0.08890622282537178
0.25,0,0,Ecal,4,2026092104,pooled,2048,6846,0.03997745580065659,0.0014400404974190656,0.06838885510477687,0.01883463467234665,0.020709548970307412,0.033646545229934724,4.487096468137124e-05,0.051224158400493686,0.0,0.011237280152187418,0.016073697999026366,0.005709035427890876,0.045564769236064846
0.25,0,1,U,0,2026092200,context_0,1556,5187,0.04653656383053223,0.0025763154340932804,0.07457597651170748,0.018493398486549874,0.023419945373459705,0.013931188932278779,0.00017291738364844008,0.05251064395248245,0.0,0.021184808967247067,0.012989698158145985,0.008982860788313144,0.05359708186571722
0.25,0,1,U,0,2026092200,context_1,492,1659,0.0499946161082413,0.014659664371081632,0.07966502027840033,0.03462749385899637,0.02984051818935407,0.028948947056921748,0.0003656200925603696,0.05369941647286689,0.0,0.015478671400638062,0.02112559088078655,0.009615794093823297,0.0905411850493811
0.25,0,1,U,0,2026092200,pooled,2048,6846,0.04696830659490181,0.005482232766957561,0.07576541322379096,0.01667774599906022,0.024042344988401743,0.01750624116629869,0.0001211493395770224,0.05260663003644399,0.0,0.014722275239418995,0.010853492298990346,0.006461190395570042,0.0458184554352611
0.25,0,1,U,1,2026092201,context_0,1556,5187,0.046821575138144,0.0014103184288611994,0.0738385066019449,0.020381661962218068,0.02366995926312021,0.018585451760508923,3.774353892086947e-05,0.05208136479331264,0.0,0.021184808967247067,0.013349944375535223,0.005281750349328686,0.052921496969801536
0.25,0,1,U,1,2026092201,context_1,492,1659,0.045175323313638605,0.003581531548023749,0.07829926050065839,0.031182713659510274,0.031169951850614386,0.032559189225856405,0.0001438501173244304,0.05530819892653171,0.0,0.015478671400638062,0.01713914185354218,0.010379346861875261,0.09110754403257286
0.25,0,1,U,1,2026092201,pooled,2048,6846,0.04604912805209216,0.00021213623365651528,0.07488671019695252,0.01763157870958294,0.024465347885971545,0.021927925801195347,4.8091205740262416e-05,0.05246038181863227,0.0,0.014722275239418995,0.01356381536989069,0.002916486229090465,0.04758472207401677
0.25,0,1,U,2,2026092202,context_0,1556,5187,0.04316368518067726,0.0046004740779542605,0.07487826614960731,0.018838840566673856,0.020099587163941002,0.011922426021291926,5.030212132694485e-05,0.05138248218093087,0.0,0.021184808967247067,0.010404379751814524,0.004641808445081256,0.051398806502356245
0.25,0,1,U,2,2026092202,context_1,492,1659,0.039344552531362875,0.007001606704095892,0.07247940614572282,0.03565437401332305,0.02390296457512131,0.030083089702607355,9.211210329760256e-05,0.05153160967207486,0.0,0.015478671400638062,0.02177699376076845,0.008818288552769168,0.09225353572189303
0.25,0,1,U,2,2026092202,pooled,2048,6846,0.04155673042242308,0.001840973903273426,0.0743023041895855,0.017410876541723914,0.019643114853675314,0.016231537176602626,5.542725208507247e-05,0.05120437243340138,0.0,0.014722275239418995,0.008728254756734076,0.004641205571837428,0.04688394986421933
0.25,0,1,U,3,2026092203,context_0,1556,5187,0.04546861320682716,0.010761753543777446,0.07148347958551123,0.020005768884301146,0.02153332329851798,0.029978490051345466,2.5800321796263698e-05,0.05165102576155289,0.0,0.021184808967247067,0.012338859966395225,0.004223266786672522,0.05243423231858085
0.25,0,1,U,3,2026092203,context_1,492,1659,0.04281848067535027,0.016026801235284445,0.06966816927472075,0.03317265589342569,0.021639070130413107,0.038811872625685945,0.00012130107057061064,0.0519826423860044,0.0,0.015478671400638062,0.02492540188430876,0.012591719811208286,0.09699202745473144
0.25,0,1,U,3,2026092203,pooled,2048,6846,0.044563071979873525,0.004368898214067628,0.07098408107124521,0.017055912230027972,0.021377322106585772,0.03207902394971858,6.667805723170389e-06,0.051525272455274204,0.0,0.014722275239418995,0.01284614879761246,0.004200634136661284,0.0444304310334445
0.25,0,1,U,4,2026092204,context_0,1556,5187,0.04548575765076768,0.004707665289726223,0.07315531652953858,0.020953776254969584,0.024732919571763268,0.018495256123546494,1.1762386836940735e-05,0.053427511827449335,0.0,0.021184808967247067,0.013394731068146986,0.0034508838490761463,0.054473293916763185
0.25,0,1,U,4,2026092204,context_1,492,1659,0.04062754087409004,0.0015278639767468088,0.06918044428579224,0.037460650782588395,0.02370143845598427,0.04075501131113432,3.436245369210311e-05,0.05167953286022798,0.0,0.015478671400638062,0.027953795643689883,0.010484667598490833,0.0922003384464641
0.25,0,1,U,4,2026092204,pooled,2048,6846,0.043017886199989475,0.003910118617328452,0.07197032520005844,0.01981281785955043,0.022181027611968496,0.023810917228654707,1.2291061305972771e-05,0.05201926527957466,0.0,0.014722275239418995,0.012525007429866529,0.0027776114618311993,0.047646797050476496
0.25,0,1,Ucal,0,2026092200,context_0,1556,5187,0.0465530845831319,0.002561572481041334,0.0745628583726714,0.018267887012031903,0.023392166052386254,0.013938658628617609,0.00018320923977694275,0.052494742416094635,0.0,0.021184808967247067,0.012616901651781793,0.009054728579176042,0.053473887608514986
0.25,0,1,Ucal,0,2026092200,context_1,492,1659,0.049991243839072386,0.014670643255089835,0.07965998876355616,0.03447161064146414,0.02984051818935407,0.02889838070011584,0.00033265473812505017,0.05375454468324843,0.0,0.015478671400638062,0.022156245981423704,0.009059212929955665,0.08955173650849055
0.25,0,1,Ucal,0,2026092200,pooled,2048,6846,0.046954748949823655,0.005473579181232515,0.0757500385491655,0.01645581179954893,0.024021194843523164,0.01750045396289167,0.00012632428640669126,0.05260184107179232,0.0,0.014722275239418995,0.010634541376848685,0.006243610908086809,0.04564536537024972
0.25,0,1,Ucal,1,2026092201,context_0,1556,5187,0.04679494681626084,0.0013925757154033419,0.07382630641483603,0.020577423542542727,0.023781076547413793,0.01861132540557499,4.013463473957143e-05,0.05211370165093837,0.0,0.021184808967247067,0.013616227594366787,0.006865007834000297,0.05291159764481214
0.25,0,1,Ucal,1,2026092201,context_1,492,1659,0.045175323313638605,0.00351427147950948,0.07827846334813886,0.03126403963156331,0.030992694029112977,0.03207399678810814,0.00022512242427627483,0.055228619618012675,0.0,0.015478671400638062,0.01595592358822249,0.01218953380331235,0.09170545758929839
0.25,0,1,Ucal,1,2026092201,pooled,2048,6846,0.04604912805209216,0.00021463767299815856,0.07487173496512936,0.0176973642142944,0.02452879832060706,0.021830956572453278,5.911987909350063e-05,0.052481972723401785,0.0,0.014722275239418995,0.01362463152266084,0.0035619100464889188,0.04792259140538536
0.25,0,1,Ucal,2,2026092202,context_0,1556,5187,0.04319031350256042,0.004561191386373167,0.07486678286410599,0.018887872096607056,0.020127366485014397,0.012278448837350867,5.300943271308374e-05,0.05138724836093515,0.0,0.021184808967247067,0.010556711864023226,0.00546121062196203,0.05136827771548758
0.25,0,1,Ucal,2,2026092202,context_1,492,1659,0.039344552531362875,0.007121356834687613,0.07252936606958096,0.03602984301346193,0.023814335664370606,0.02872520113231955,8.902171593818948e-05,0.05149039523039825,0.0,0.015478671400638062,0.02211669652085339,0.009296224832156582,0.09190572613700705
0.25,0,1,Ucal,2,2026092202,pooled,2048,6846,0.041584985326037105,0.0017814205757146478,0.07430473445831581,0.01746643724235499,0.019600814563918267,0.01617941773136196,5.866441857035822e-05,0.05119994871762819,0.0,0.014722275239418995,0.008925364281650717,0.00521847400386586,0.04689311260390122
0.25,0,1,Ucal,3,2026092203,context_0,1556,5187,0.04549524152871032,0.010747867761741093,0.07149191658867775,0.02025777081025139,0.021505543977444586,0.030270692615763442,2.620633170804093e-05,0.05164107217230742,0.0,0.021184808967247067,0.01316433794477304,0.005023583393836752,0.05266504220327612
0.25,0,1,Ucal,3,2026092203,context_1,492,1659,0.04273355498532905,0.016082119135496706,0.06968402474860456,0.0330503432001292,0.021364395117980883,0.03859654073274846,7.625529357933208e-05,0.05177873426863324,0.0,0.015478671400638062,0.024568080084989723,0.011511972588922448,0.09695210887200978
0.25,0,1,Ucal,3,2026092203,pooled,2048,6846,0.044563071979873525,0.0043430732575449865,0.07099622265782944,0.017379519939117797,0.02118697080267934,0.03224768229172466,1.1021206101032022e-05,0.05147735668448267,0.0,0.014722275239418995,0.013453652941526947,0.004911581936190758,0.04453142625712991
0.25,0,1,Ucal,4,2026092204,context_0,1556,5187,0.04551238597265084,0.004753027383413918,0.07316402356220164,0.02114324689490135,0.024538464324249498,0.01887353992633481,1.0697511426699041e-05,0.05332088229111756,0.0,0.021184808967247067,0.013467790340342099,0.003946791308405689,0.05423715287774193
0.25,0,1,Ucal,4,2026092204,context_1,492,1659,0.040372763804026324,0.0016065407425818828,0.06916390100643408,0.03767748437127108,0.02343555172373213,0.0412658759313948,2.6712222363489192e-05,0.05156799235885325,0.0,0.015478671400638062,0.028325033389199904,0.009603714017148423,0.0917168375908838
0.25,0,1,Ucal,4,2026092204,pooled,2048,6846,0.042977342098142635,0.003963531122979392,0.0719771951918511,0.019847110266019312,0.02211757717733298,0.024213028664929012,1.3074046270623418e-05,0.05199672099383591,0.0,0.014722275239418995,0.012427804800370855,0.0034433591504497963,0.047732867130143526
0.25,0,1,E,0,2026092200,context_0,1556,5187,0.035079987230039744,0.0022083034574446677,0.06488625435788074,0.021821374146081367,0.021818599718338105,0.012995055368200906,0.00011484415733004423,0.051429152680011574,0.0,0.021184808967247067,0.01665185714576528,0.006936659409585109,0.054332850186345996
0.25,0,1,E,0,2026092200,context_1,492,1659,0.039639754144502715,0.014043907773469654,0.06834038675498183,0.036103179673954294,0.023016092061551197,0.022249189677597425,0.00027418494766880174,0.051117832418690244,0.0,0.015478671400638062,0.022284253477252387,0.007735695331856315,0.08954937592117293
0.25,0,1,E,0,2026092200,pooled,2048,6846,0.03548119316619397,0.005049704158253437,0.06567588237053097,0.019122612103462264,0.021435169476217375,0.015199710139367217,9.215257829232838e-05,0.051202159996324756,0.0,0.014722275239418995,0.0149447509324657,0.005112303686007676,0.04785552381476116
0.25,0,1,E,1,2026092201,context_0,1556,5187,0.035532041583837104,0.0019466838125576618,0.0643034955924046,0.021037492778413124,0.021235233975796852,0.01647622712989047,1.1394108125549861e-05,0.05146774627185156,0.0,0.021184808967247067,0.015026489882538435,0.003616261808517545,0.053519700378362706
0.25,0,1,E,1,2026092201,context_1,492,1659,0.03416807667003363,0.0034189411591322044,0.06775951254848542,0.03351608233549213,0.026029475027074533,0.024454288015705178,0.0002243624069497715,0.05210267678433963,0.0,0.015478671400638062,0.018602450551168603,0.01331171192870289,0.09110699458065591
0.25,0,1,E,1,2026092201,pooled,2048,6846,0.03440388528897831,0.0006601323274518147,0.06511498075692468,0.02081759498868538,0.020864115564498076,0.018384533548987544,2.220543146870882e-05,0.051209557382402716,0.0,0.014722275239418995,0.016020388669473227,0.002929965900214126,0.04856768221578912
0.25,0,1,E,2,2026092202,context_0,1556,5187,0.03276074578747079,0.0051657547940994674,0.06526907168184654,0.021611758309092503,0.024715104339213867,0.010674330119366207,7.149653085982055e-05,0.0527029916458198,0.0,0.021184808967247067,0.014638161491335708,0.005650856500443528,0.05425687841526446
0.25,0,1,E,2,2026092202,context_1,492,1659,0.02791477977001333,0.006061846806660141,0.06218449954763226,0.04107766885550325,0.022699139866311113,0.026549953963574152,0.00012388167304879836,0.051757679512680156,0.0,0.015478671400638062,0.02925020903266569,0.010988838204687896,0.09104275435049723
0.25,0,1,E,2,2026092202,pooled,2048,6846,0.03123885237227564,0.0024966105940354977,0.0645331362966834,0.019481164107539126,0.023248861875975413,0.014438606951617028,7.192904805054063e-05,0.05216900016227114,0.0,0.014722275239418995,0.014784198344557561,0.005537205701204431,0.046683930531700855
0.25,0,1,E,3,2026092203,context_0,1556,5187,0.03460980277723663,0.010321493250590329,0.06158812240120407,0.021223202711703335,0.021497088935135023,0.0268650477274983,1.9621570200360866e-05,0.051740311522503996,0.0,0.021184808967247067,0.0151567704792722,0.005149340555157993,0.051926895876049525
0.25,0,1,E,3,2026092203,context_1,492,1659,0.03143228061975051,0.017248405280974658,0.059719298517279674,0.030635190709215068,0.02304834442224396,0.036782383504367494,4.713273376427945e-05,0.051284269973149485,0.0,0.015478671400638062,0.019986126740760578,0.012142775559549108,0.09331629233677094
0.25,0,1,E,3,2026092203,pooled,2048,6846,0.03361703049359299,0.003772054542364017,0.061116872827219546,0.01974064795403367,0.021132426315068065,0.02922775955825123,2.8740936555373808e-05,0.05143082064224431,0.0,0.014722275239418995,0.015693558869151046,0.005028226246287352,0.044946413226255456
0.25,0,1,E,4,2026092204,context_0,1556,5187,0.03437298469066197,0.0038101487684978072,0.0643556087349243,0.024264366533850903,0.02235811032084739,0.016736214374668573,3.080142545488816e-05,0.05165468875917508,0.0,0.021184808967247067,0.017412930426019987,0.0032182188500710033,0.05421497192020541
0.25,0,1,E,4,2026092204,context_1,492,1659,0.029436494889037934,0.001195232241715521,0.05965779604004569,0.03489780686849547,0.02573794631996207,0.03991512418468404,0.0002458927357167513,0.05401009778150695,0.0,0.015478671400638062,0.023886892384594533,0.012661485425546256,0.09234756685910371
0.25,0,1,E,4,2026092204,pooled,2048,6846,0.03217748636243534,0.0031584214048897856,0.06295417953902918,0.02013237669532117,0.02137171904158186,0.022266078555020163,3.2455089954962235e-05,0.05123143963294168,0.0,0.014722275239418995,0.014579060016787061,0.0037659877031872564,0.04609784904354957
0.25,0,1,Ecal,0,2026092200,context_0,1556,5187,0.035049158843873496,0.002184791260455322,0.06488019781445716,0.022106218261864395,0.021763041076191314,0.012788264262411878,7.918581469996851e-05,0.05142697927117668,0.0,0.021184808967247067,0.017123181034671718,0.006796664076020812,0.05422087206895493
0.25,0,1,Ecal,0,2026092200,context_1,492,1659,0.039639754144502715,0.013971506795792111,0.06836522876972002,0.03515700594708759,0.023016092061551197,0.021832067314723827,0.00023261819272929105,0.051123470722780784,0.0,0.015478671400638062,0.021180219506976412,0.006165748503127155,0.0889846414000447
0.25,0,1,Ecal,0,2026092200,pooled,2048,6846,0.035440649064347185,0.005014473982589161,0.06567750295855158,0.01989673276999552,0.02137171904158186,0.014943114524580997,7.65340373469303e-05,0.05120308536526051,0.0,0.014722275239418995,0.015775905020324762,0.005763851871896779,0.04804740516625998
0.25,0,1,Ecal,1,2026092201,context_0,1556,5187,0.03547878494007084,0.0020141239497045776,0.06433562831981822,0.022468009483331913,0.0212074546547234,0.016477275864273888,6.847380635046781e-06,0.05145872170150253,0.0,0.021184808967247067,0.016917100736242398,0.006208605071307747,0.05359475851946992
0.25,0,1,Ecal,1,2026092201,context_1,492,1659,0.034194894747317295,0.003454657849944034,0.06775038324990083,0.03362767540728595,0.025586330473321095,0.024894254148194794,0.00022924304094283686,0.05199264589588128,0.0,0.015478671400638062,0.017965283769513944,0.011392093658036766,0.09083171140899898
0.25,0,1,Ecal,1,2026092201,pooled,2048,6846,0.034363341187131524,0.000703191601887407,0.0651357252564328,0.021354042684119532,0.020842965419619608,0.018489220577590615,1.8783165178211677e-05,0.0512038232820681,0.0,0.014722275239418995,0.01705426326656619,0.002845315571262549,0.04837362290466101
0.25,0,1,Ecal,2,2026092202,context_0,1556,5187,0.03286725907500343,0.0051502662460287275,0.06528620260983752,0.0218042237380783,0.024576207733846944,0.010797185105739696,8.114485740335312e-05,0.05267941688271903,0.0,0.021184808967247067,0.01457240617590664,0.0065966948139044405,0.05346347038016392
0.25,0,1,Ecal,2,2026092202,context_1,492,1659,0.02791477977001333,0.0059213694231883135,0.06218794958592849,0.040303287457965305,0.02278776877706179,0.02617190213546418,8.649934714564456e-05,0.05179159408577917,0.0,0.015478671400638062,0.028485877822474574,0.010981739153591345,0.09054905947755694
0.25,0,1,Ecal,2,2026092202,pooled,2048,6846,0.03132522188021725,0.0025196795604796934,0.064548049723462,0.01936105456538712,0.02316426129646143,0.014443391015749693,8.193777993824552e-05,0.052162709551952485,0.0,0.014722275239418995,0.014611518495685597,0.007010044855769698,0.04641093086913918
0.25,0,1,Ecal,3,2026092203,context_0,1556,5187,0.034554538412787494,0.010275922404585887,0.06156075158062918,0.021995574998175036,0.021469309614061682,0.026378871770716725,8.28760181463793e-06,0.05173552377725737,0.0,0.021184808967247067,0.015795850204467922,0.008125082211862004,0.05210340209035617
0.25,0,1,Ecal,3,2026092203,context_1,492,1659,0.03134735492972929,0.017197908052103646,0.059724441540189625,0.030033050587120465,0.02304834442224396,0.03642884637667612,2.796516583468975e-05,0.05124091278274876,0.0,0.015478671400638062,0.02038697855887786,0.010412008547987697,0.09316138328904251
0.25,0,1,Ecal,3,2026092203,pooled,2048,6846,0.03355377354720451,0.003748318365577784,0.06109658026924706,0.020225514572663875,0.02119587674970347,0.02877229671843197,1.1337659862927147e-05,0.05144223829167951,0.0,0.014722275239418995,0.01615981604038903,0.0066347650843916976,0.04483151202656193
0.25,0,1,Ecal,4,2026092204,context_0,1556,5187,0.03426647140312933,0.0037611750574634327,0.06431876218669205,0.025030189589166484,0.022219213715480413,0.016228737892776818,3.051624061897966e-05,0.05163063881085413,0.0,0.021184808967247067,0.01785428007747817,0.004335834042494333,0.05459041061689011
0.25,0,1,Ecal,4,2026092204,context_1,492,1659,0.02935173994682272,0.0011380853959041576,0.05968138555511773,0.036956962729139474,0.02573794631996207,0.039112011049673295,0.00015380786019229684,0.05400406078346849,0.0,0.015478671400638062,0.026736491847592688,0.012424397015886941,0.09161565338350236
0.25,0,1,Ecal,4,2026092204,pooled,2048,6846,0.0320761261078184,0.0031080059402068894,0.06292957546774254,0.02045795323405251,0.02137171904158186,0.021687708109846923,3.048100045408773e-05,0.051238960900759516,0.0,0.014722275239418995,0.014883140780637903,0.003826284404587798,0.04665861747462043
0.25,0,2,U,0,2026092300,context_0,1559,5187,0.03165969501697774,0.001257131159002307,0.05942669014620803,0.019494142281085064,0.020511385617918654,0.019369147039631468,5.3066844825033454e-05,0.05143458395517691,0.0,0.03450850011989069,0.012684966370606622,0.01267982051334679,0.05628639751183649
0.25,0,2,U,0,2026092300,context_1,489,1659,0.02756803142628328,0.00642716019436523,0.054447762738397326,0.036522576600503495,0.02415058247375218,0.036742460203681104,4.162125300720019e-05,0.051363280470605906,0.0,0.025891493508174424,0.02796694758804804,0.005159194542687413,0.09362772770941782
0.25,0,2,U,0,2026092300,pooled,2048,6846,0.029709617140490974,0.002460610068754883,0.0582507843598527,0.0168399855623193,0.020507789712541746,0.02345134632903073,4.490480824839862e-05,0.0512170141281725,0.0,0.021296401696702435,0.012013759798366247,0.010506481730537889,0.04836129920254436
0.25,0,2,U,1,2026092301,context_0,1559,5187,0.03370196761140909,0.0014366628460204386,0.0629565025332615,0.024005257370339428,0.02154596350790222,0.02474316409462389,8.793835593397675e-05,0.05184819182253416,0.0,0.03450850011989069,0.017455266843866606,0.009180955806141325,0.0555596758837702
0.25,0,2,U,1,2026092301,context_1,489,1659,0.03444296696118804,0.010229481676994431,0.06841808335023859,0.03830327529735936,0.025120202033581368,0.01720811451709904,4.187848464212002e-05,0.05193291993723867,0.0,0.025891493508174424,0.025171089121512755,0.017577044855182297,0.09116639018428775
0.25,0,2,U,1,2026092301,pooled,2048,6846,0.033375263001553135,0.00356585627191313,0.06420252871611722,0.01730087776226203,0.021689423743601832,0.02319437989682742,6.829207926568718e-05,0.0513447113873485,0.0,0.021296401696702435,0.010807987189973983,0.011161522217357788,0.04700680788581993
0.25,0,2,U,2,2026092302,context_0,1559,5187,0.03444747547304022,0.007708539440120595,0.06382295508975827,0.017865440834769736,0.023874634805508,0.018689546164779067,3.104632728845816e-05,0.052172339304931925,0.0,0.03450850011989069,0.010484768741930228,0.017415822553994834,0.05402871894800178
0.25,0,2,U,2,2026092302,context_1,489,1659,0.03194769879092518,0.004710713637054268,0.05803247891642005,0.03837456611905432,0.027852772446842144,0.014601646778677438,0.00012194559428737196,0.05207645715456346,0.0,0.025891493508174424,0.02665530713794234,0.022716008005540637,0.09644680080921117
0.25,0,2,U,2,2026092302,pooled,2048,6846,0.033418468621318476,0.0070296153360483735,0.06245197658423664,0.01591677494625214,0.024501457433467766,0.017704777349787107,4.488598125536834e-05,0.05179655649197574,0.0,0.021296401696702435,0.007407730007045848,0.018676537645263978,0.04763558247205106
0.25,0,2,U,3,2026092303,context_0,1559,5187,0.03161216210097495,0.01057016741609183,0.06275880670381874,0.018801153945803287,0.020401007296221074,0.02355518102090566,2.894365205569195e-05,0.051445861041671745,0.0,0.03450850011989069,0.007601703911230439,0.00842712163738053,0.051357369677672515
0.25,0,2,U,3,2026092303,context_1,489,1659,0.04083872472725408,0.006044460639340931,0.06885972033913534,0.03148920970717081,0.02265079542887727,0.042844965732802304,0.0001941315229826695,0.051945166093119007,0.0,0.025891493508174424,0.02052386435762496,0.02203313688442577,0.09171133118924224
0.25,0,2,U,3,2026092303,pooled,2048,6846,0.03333902131901201,0.006685297768448398,0.06413110960124732,0.01599558591540747,0.020486689104844302,0.02809562603615802,8.907487335552177e-06,0.051391429461173144,0.0,0.021296401696702435,0.009267886683888189,0.01162636599712923,0.04585814494187066
0.25,0,2,U,4,2026092304,context_0,1559,5187,0.03390662587011839,0.0053159827876283075,0.06292757476889962,0.023144334687630174,0.022194655023807353,0.014763263110091504,4.680512328191469e-05,0.051663163780274544,0.0,0.03450850011989069,0.016371378806951872,0.013070775259631497,0.05149330709685573
0.25,0,2,U,4,2026092304,context_1,489,1659,0.02839296013744036,0.00412056699826332,0.057147836160599604,0.03386765378147882,0.03125992747239581,0.03580856579080169,0.0006078547324486561,0.05664265128801203,0.0,0.025891493508174424,0.0253512179277921,0.023898490492692333,0.0890384970466482
0.25,0,2,U,4,2026092304,pooled,2048,6846,0.03167415387589634,0.0031126782127620595,0.061447752644646435,0.023637654620131548,0.02213253650524938,0.01979357094181944,5.4829950367591427e-05,0.05176884038801946,0.0,0.021296401696702435,0.018290859441522797,0.015209317667681157,0.050084654836400254
0.25,0,2,Ucal,0,2026092300,context_0,1559,5187,0.03171260786950958,0.0012719115817768929,0.05948794796766534,0.019271600149715597,0.020511385617918654,0.019072791770389272,5.132205978511818e-05,0.05142166447610674,0.0,0.03450850011989069,0.012905695279842592,0.006123692374953013,0.0554793406303562
0.25,0,2,Ucal,0,2026092300,context_1,489,1659,0.028083406791340915,0.006363646888976341,0.0544964628056733,0.03671085919090504,0.02406092049939551,0.03620051581278541,4.928178994828081e-05,0.05136386766577172,0.0,0.025891493508174424,0.026507701768246572,0.004147735477025705,0.09481095025225303
0.25,0,2,Ucal,0,2026092300,pooled,2048,6846,0.029688022095019306,0.002456751204179073,0.05830981966627352,0.017606775275848675,0.020507789712541746,0.023097770937530848,4.6943857304997095e-05,0.051210058551896594,0.0,0.021296401696702435,0.011872174037848491,0.004263173675123328,0.04827273226136495
0.25,0,2,Ucal,1,2026092301,context_0,1559,5187,0.03364905475887725,0.0015197546367898837,0.06295133543540815,0.02422268706009761,0.02154596350790222,0.024973819208817263,7.352969613656577e-05,0.05185012744550431,0.0,0.03450850011989069,0.016979051171079725,0.005509605072138367,0.05622730284819622
0.25,0,2,Ucal,1,2026092301,context_1,489,1659,0.03444296696118804,0.010318646914682292,0.068459519184331,0.03830874947842588,0.025568511905364744,0.01802834122385026,3.73208606898708e-05,0.052091368029257665,0.0,0.025891493508174424,0.025171089121512794,0.010994484559187029,0.09086903212070081
0.25,0,2,Ucal,1,2026092301,pooled,2048,6846,0.033333482212833665,0.003649327427226362,0.0642116077840859,0.01763870830018762,0.021689423743601832,0.023568920040747926,5.835441736969148e-05,0.051331699764518075,0.0,0.021296401696702435,0.011132474744268879,0.005293877220702554,0.04681147824474928
0.25,0,2,Ucal,2,2026092302,context_0,1559,5187,0.03447884495897646,0.007825083444810125,0.06387785207296617,0.018065552768267493,0.023709067322961574,0.01825094489581433,4.4919642947981715e-05,0.052099389149705515,0.0,0.03450850011989069,0.010643507299525849,0.00890779234608808,0.052581095679068
0.25,0,2,Ucal,2,2026092302,context_1,489,1659,0.03221588653953267,0.004701457005806796,0.05806598410577476,0.037312048374707994,0.028121758369912153,0.013517284746023275,0.00022255171385319062,0.05210163094900195,0.0,0.025891493508174424,0.026101117795069063,0.01454391026546379,0.09561736705173875
0.25,0,2,Ucal,2,2026092302,pooled,2048,6846,0.0334321051454865,0.007116463761414228,0.06249969889449183,0.01620646809903318,0.024438155610375212,0.01711355387702329,6.456387442256811e-05,0.0517665357047847,0.0,0.021296401696702435,0.006889122070995486,0.009501890332386336,0.04638910845213796
0.25,0,2,Ucal,3,2026092303,context_0,1559,5187,0.03156012192939023,0.010609762999910493,0.06276641435264059,0.018844413443709674,0.020428601876645414,0.023297982154213484,4.268753788677652e-05,0.051444122511417084,0.0,0.03450850011989069,0.00817215210254104,0.004734574758063258,0.05072910490760594
0.25,0,2,Ucal,3,2026092303,context_1,489,1659,0.041182308303959136,0.006060163928953845,0.0688890334304536,0.03247283391038981,0.022740457403233938,0.04311495067032664,0.00020553377427922313,0.0519689132681859,0.0,0.025891493508174424,0.020421173538676354,0.015283355163846999,0.09107833022523573
0.25,0,2,Ucal,3,2026092303,pooled,2048,6846,0.03336293718391331,0.006712413999161211,0.064140481337833,0.01640017893138992,0.020486689104844302,0.02796399147174923,4.00632849765066e-06,0.05138981455659015,0.0,0.021296401696702435,0.009793776651525731,0.004324967196129492,0.04538031786723038
0.25,0,2,Ucal,4,2026092304,context_0,1559,5187,0.033880169443852526,0.0053550785163510575,0.0630057086165842,0.022572153445070648,0.022194655023807353,0.014943516973380117,4.8251757336157826e-05,0.05167386849712684,0.0,0.03450850011989069,0.015233752477516443,0.006258517411758302,0.051565379921311875
0.25,0,2,Ucal,4,2026092304,context_1,489,1659,0.02834527377648649,0.003920143718471478,0.05724965148322013,0.03329390296957676,0.03134958944675248,0.03555529010083919,0.0004578037439951421,0.05685079814783241,0.0,0.025891493508174424,0.02423457130350075,0.018681492627064603,0.08894528665285546
0.25,0,2,Ucal,4,2026092304,pooled,2048,6846,0.031653927338679555,0.003189062165133168,0.06153153810270822,0.02360895209941907,0.022174737720644377,0.01987552293302379,4.881350457960681e-05,0.05180474556613139,0.0,0.021296401696702435,0.018048140994920872,0.00823060942884077,0.049305120011326434
0.25,0,2,E,0,2026092300,context_0,1559,5187,0.03160073638576022,0.0016000256652644622,0.05934826871126642,0.019968144907533236,0.020483791037494314,0.01941344895901527,5.3347193901258835e-05,0.051483248218519115,0.0,0.03450850011989069,0.014546261619892082,0.009647764448203703,0.05533321658092794
0.25,0,2,E,0,2026092300,context_1,489,1659,0.0278129825977379,0.007337747205386134,0.05441959508872092,0.03657024364883192,0.024778216294248923,0.03572834191519572,5.881348496498268e-07,0.05148300050848653,0.0,0.025891493508174424,0.029126164381556706,0.0030957780311823956,0.09345715895375452
0.25,0,2,E,0,2026092300,pooled,2048,6846,0.029415676751093578,0.002937611181499061,0.05818439254871161,0.018552245922824086,0.020549990927936745,0.023258791452716754,4.6493248649447945e-05,0.051226624077123376,0.0,0.021296401696702435,0.01357120316406208,0.0072003261677044674,0.04774829696265262
0.25,0,2,E,1,2026092301,context_0,1559,5187,0.033168063918947166,0.001195031006607777,0.06270534964584368,0.024610577747416863,0.021615168834894893,0.0250546308486201,3.884674344328987e-05,0.05161366967012067,0.0,0.03450850011989069,0.01724842805317358,0.007777109365688768,0.05549275469370167
0.25,0,2,E,1,2026092301,context_1,489,1659,0.034219054779043356,0.009576819769270904,0.06851935452828474,0.0396327916767331,0.025120202033581368,0.016406883146449905,2.350307997387108e-05,0.051842705899093025,0.0,0.025891493508174424,0.025983989385262193,0.013707213765457606,0.09280094795971387
0.25,0,2,E,1,2026092301,pooled,2048,6846,0.033109214348481686,0.0032250005937357598,0.0640320840233645,0.01711614472303996,0.021879329212879384,0.02321845939286203,3.914324266834148e-05,0.05129418832375637,0.0,0.021296401696702435,0.009728698192916385,0.00916846665470205,0.04583903773338655
0.25,0,2,E,2,2026092302,context_0,1559,5187,0.034257749613117505,0.008177853445894166,0.06371729798207382,0.018439554324702866,0.02318477029489785,0.017183738493206396,3.929113901651134e-05,0.05197814063076842,0.0,0.03450850011989069,0.010352715154696438,0.013086835748990768,0.05324908137285963
0.25,0,2,E,2,2026092302,context_1,489,1659,0.03172117022718357,0.005097359581330588,0.05795902210980452,0.036717921110503725,0.028928716139122235,0.010588192839835725,8.045693702286557e-05,0.05216832295271942,0.0,0.025891493508174424,0.02423024520719693,0.017576656421246124,0.09405224806675234
0.25,0,2,E,2,2026092302,pooled,2048,6846,0.0333114219189235,0.007478872144770771,0.06235395082196564,0.015257401361801582,0.024248250141097716,0.015591301294885965,4.767443588410696e-05,0.05172242245605436,0.0,0.021296401696702435,0.006902066576625125,0.014153035399620494,0.04657378920724941
0.25,0,2,E,3,2026092303,context_0,1559,5187,0.031858711173118615,0.011061537029101207,0.06264111128586543,0.01901178016828766,0.020566574778767444,0.022798029633581712,2.2982421743529956e-05,0.05139038103924854,0.0,0.03450850011989069,0.00796050069241349,0.0054994218629133024,0.050564701247577
0.25,0,2,E,3,2026092303,context_1,489,1659,0.04062561483348481,0.006213128297128506,0.06872891408799894,0.03205401913075676,0.021899389943745184,0.0453807395953347,0.00016614203254401673,0.05121413356728055,0.0,0.025891493508174424,0.019395806682903433,0.02076705274306303,0.09017446849596863
0.25,0,2,E,3,2026092303,pooled,2048,6846,0.033505159133156937,0.007022349735456606,0.06400150428235425,0.016779408840580587,0.020634393358726744,0.02810074704759248,6.624362626203367e-07,0.05124959736968771,0.0,0.021296401696702435,0.00897998996414131,0.00844556168562992,0.046136645068426414
0.25,0,2,E,4,2026092304,context_0,1559,5187,0.0334657057899429,0.005014728897967913,0.06291193744095708,0.022473970569981603,0.022222249604231803,0.017241543878093415,4.6994804936765467e-05,0.05173834077480649,0.0,0.03450850011989069,0.015923150210041422,0.009942809535444989,0.05181465902478082
0.25,0,2,E,4,2026092304,context_1,489,1659,0.02930407833014753,0.004288487156135583,0.0572727655029854,0.036090105760328575,0.03170823734417916,0.03978742712198988,0.0005863322807678909,0.05739947107054499,0.0,0.025891493508174424,0.028270693948589998,0.022325652222485858,0.08889843424999143
0.25,0,2,E,4,2026092304,pooled,2048,6846,0.03135355961913111,0.00284071777763364,0.061493187190080754,0.023029111993477624,0.022335961062810383,0.022609491818959784,4.091107447416666e-05,0.05207450903755231,0.0,0.021296401696702435,0.01775599208931236,0.01242767431746199,0.049104434413706044
0.25,0,2,Ecal,0,2026092300,context_0,1559,5187,0.0315378516478676,0.0015805534429698133,0.05936472223234471,0.019958821453353832,0.020511385617918654,0.019792832701290924,3.0407646532113893e-05,0.051478042276442953,0.0,0.03450850011989069,0.01409650237337111,0.005662005960680215,0.055146960044512416
0.25,0,2,Ecal,0,2026092300,context_1,489,1659,0.027932805103446534,0.007390068514765615,0.0544945924927811,0.0363858225962138,0.024688554319892198,0.03512086653398874,9.068286832036171e-05,0.05151287027511646,0.0,0.025891493508174424,0.029985123323319304,0.006567443483334471,0.09288457028045086
0.25,0,2,Ecal,0,2026092300,pooled,2048,6846,0.029496582899960877,0.002935247125867922,0.05821449354275748,0.018089938751777467,0.0205710915356343,0.023412957384549335,4.1886841899649264e-05,0.05122483611046501,0.0,0.021296401696702435,0.013227352031375955,0.004277543541258349,0.04745264870670312
0.25,0,2,Ecal,1,2026092301,context_0,1559,5187,0.03316558376863282,0.0012405744377153335,0.06272264864674844,0.024362858342548768,0.021532385093621653,0.02458101648149398,3.9018550700980665e-05,0.05160909984252236,0.0,0.03450850011989069,0.016930950937982303,0.004654304777948124,0.055639933833304664
0.25,0,2,Ecal,1,2026092301,context_1,489,1659,0.03430495067321965,0.009433177650786533,0.06856155982216448,0.0391100874333742,0.025209864007938038,0.016687746515971907,1.0619195689910471e-05,0.05187697301200216,0.0,0.025891493508174424,0.025541432323857652,0.008980985940999643,0.09181878848884201
0.25,0,2,Ecal,1,2026092301,pooled,2048,6846,0.03308898781126485,0.0032241908316002236,0.06405389248535659,0.017552333567511277,0.02181602738978683,0.022923720592662428,4.309621408012549e-05,0.0512859564678336,0.0,0.021296401696702435,0.010327601354255249,0.005579729608554137,0.046229347097287224
0.25,0,2,Ecal,2,2026092302,context_0,1559,5187,0.03431465751858814,0.00826709846363212,0.06375004239139238,0.017639732618323724,0.02326755403617109,0.017767542069753783,2.4255183985729406e-05,0.05203512834315456,0.0,0.03450850011989069,0.009770673776845717,0.008016512118524185,0.052780862079098205
0.25,0,2,Ecal,2,2026092302,context_1,489,1659,0.03172117022718357,0.005077002063821532,0.057954405191209375,0.036642335134817405,0.029108040087835574,0.01036095447032688,0.00010432843472987178,0.05220999174060077,0.0,0.025891493508174424,0.024831516466430774,0.011510788647297933,0.09388140055813687
0.25,0,2,Ecal,2,2026092302,pooled,2048,6846,0.033364753932849156,0.007542055177259189,0.06237800607577263,0.015231904017059051,0.024395954394980213,0.015978327732112094,3.861434828070502e-05,0.05176450979133171,0.0,0.021296401696702435,0.0064037172213926635,0.008547890716256628,0.04616333007189628
0.25,0,2,Ecal,3,2026092303,context_0,1559,5187,0.03186549174022418,0.011069117399045326,0.06266476859805122,0.019128592853267797,0.020621763939616344,0.02360287652522715,3.295594298371111e-05,0.05138088610245408,0.0,0.03450850011989069,0.008607048109336164,0.004478964953330102,0.05065412725172919
0.25,0,2,Ecal,3,2026092303,context_1,489,1659,0.04075574743697147,0.006287020464086366,0.06879653236877739,0.03171257293277084,0.021809727969388515,0.04445966687778469,0.00014275764731401215,0.05125718377326163,0.0,0.025891493508174424,0.020171408397781844,0.015676077656320862,0.09122464473064855
0.25,0,2,Ecal,3,2026092303,pooled,2048,6846,0.033682839915118556,0.0070093439398707874,0.06403575271177538,0.016906655855522163,0.0206554939664243,0.028509286630018768,5.418727869179684e-06,0.05124085898777607,0.0,0.021296401696702435,0.009308339758321798,0.002685220371101109,0.04599204283878973
0.25,0,2,Ecal,4,2026092304,context_0,1559,5187,0.03341279293741106,0.005013357283465381,0.06290234628799835,0.022284830318685847,0.022249844184656142,0.01642156731773227,2.5695833226718217e-05,0.051734648846650404,0.0,0.03450850011989069,0.015314652405924792,0.004180175952912228,0.05169615718724805
0.25,0,2,Ecal,4,2026092304,context_1,489,1659,0.029132286541795005,0.0043783474509237275,0.057217346754612125,0.03414483680592925,0.0318875612928925,0.040237731657849635,0.00043641865317219173,0.0576156637691066,0.0,0.025891493508174424,0.02603740070000729,0.01850712127912043,0.08811719549648647
0.25,0,2,Ecal,4,2026092304,pooled,2048,6846,0.03131310654469743,0.0028190587478871387,0.061465930610544076,0.022788765843543005,0.02223803954373693,0.022083467299174583,4.0036351785062256e-05,0.05207864411092629,0.0,0.021296401696702435,0.017371687882192663,0.006704299003693639,0.04818115500725915
0.25,0,3,U,0,2026092400,context_0,1558,5187,0.03918878314086688,0.002361957366504884,0.06798853991384445,0.020142464442997717,0.02646636708438177,0.01694095168553983,4.825951343092134e-05,0.05491180260496804,0.0,0.011580311002647338,0.009649952353936961,0.004409284318405771,0.053099259147625
0.25,0,3,U,0,2026092400,context_1,490,1659,0.0349766457958639,0.008996686320358688,0.06739448689694634,0.039412679809891195,0.03227728376648897,0.04453974253450607,4.295438822123727e-05,0.052909406906839804,0.0,0.03324614655988978,0.02414829744003271,0.004725508912946019,0.09616272776066766
0.25,0,3,U,0,2026092400,pooled,2048,6846,0.037749158377315906,0.003949891279023896,0.06765827106453648,0.01618236915776175,0.02294140081917495,0.02359946174915027,3.862569068620368e-05,0.05255591421373545,0.0,0.008043213960478746,0.007841611664783633,0.003370153223985577,0.04482248952133945
0.25,0,3,U,1,2026092401,context_0,1558,5187,0.04088589197422782,0.009747809305332275,0.0716457061449277,0.0221996118245979,0.022415247688364226,0.015028101143647193,1.8549188718569798e-06,0.051496090470510826,0.0,0.011580311002647338,0.01564070131465243,0.0024622372778755346,0.053919511151647954
0.25,0,3,U,1,2026092401,context_1,490,1659,0.028972659917737453,0.007510077034374295,0.0639987066147719,0.03802101953318686,0.0329474685839799,0.02695444967279495,4.335297429162305e-06,0.059938289065816136,0.0,0.03324614655988978,0.026468600213043345,0.007044833919187658,0.09180450605699962
0.25,0,3,U,1,2026092401,pooled,2048,6846,0.037672046471101006,0.009151828169873161,0.0697771147414843,0.019076427969259308,0.024627802871642568,0.018019750700853293,1.2728159785835107e-05,0.05186268655426172,0.0,0.008043213960478746,0.013238092307272244,0.0021010685060210642,0.045243644629056286
0.25,0,3,U,2,2026092402,context_0,1558,5187,0.037284174467680786,0.0018699629210132173,0.06611045386249677,0.023960076700384775,0.021912486112970975,0.018820912848712318,8.65582965763093e-06,0.05149538116832149,0.0,0.011580311002647338,0.016922490359245118,0.01177850988513647,0.05742769700387449
0.25,0,3,U,2,2026092402,context_1,490,1659,0.03447088787476821,0.014983361423195554,0.0664039020244336,0.032966099415782324,0.02440953997552331,0.029396813775173947,0.00017894392570608946,0.05362192054152391,0.0,0.03324614655988978,0.02367526918921744,0.010231647098572216,0.08799356084004853
0.25,0,3,U,2,2026092402,pooled,2048,6846,0.03578853883930111,0.0021669134018998015,0.06614420862326963,0.022537088039675163,0.02023468379015142,0.021376995780152674,3.7980111012891004e-05,0.05126520761414963,0.0,0.008043213960478746,0.01774802340931169,0.009826644601662314,0.04700325187475575
0.25,0,3,U,3,2026092403,context_0,1558,5187,0.03598231773741273,0.005961071904984843,0.06535567308448885,0.01857237058617804,0.020032324063744264,0.016002529949098176,3.905296209684703e-05,0.051447925895327214,0.0,0.011580311002647338,0.01364197454941955,0.00853879135148804,0.05429663556987573
0.25,0,3,U,3,2026092403,context_1,490,1659,0.04084294744882033,0.01372885234562636,0.07133488928737369,0.04047981468560692,0.02857091946418644,0.026523590506748088,3.1059456806923616e-05,0.05442621479048806,0.0,0.03324614655988978,0.028641885336219332,0.007661040448975495,0.09473010244365718
0.25,0,3,U,3,2026092403,pooled,2048,6846,0.03692589691356796,0.0013350030420277439,0.06655469516634853,0.01879191308553317,0.020339601143183228,0.018629323880883675,3.025161188245694e-05,0.05130287390082549,0.0,0.008043213960478746,0.014372364490313417,0.00571607109990941,0.04864866919412281
0.25,0,3,U,4,2026092404,context_0,1558,5187,0.03955696573490686,0.00025988689773601625,0.07106572643819756,0.022520059969711355,0.02457037181402011,0.021134560982981637,8.519046372288984e-05,0.05365712263915984,0.0,0.011580311002647338,0.01774472895101608,0.004441888364360484,0.05241854349748312
0.25,0,3,U,4,2026092404,context_1,490,1659,0.03324452385949084,0.0006351699012271663,0.06260378307100098,0.041063271692234594,0.025340386759070105,0.0494911859312942,5.626826325492388e-05,0.05165437915099944,0.0,0.03324614655988978,0.030139791919100177,0.008335028185069347,0.08939512346806765
0.25,0,3,U,4,2026092404,pooled,2048,6846,0.03726234618996438,0.0003742386098821727,0.069028366639272,0.019725282944735523,0.02341260176038018,0.02780961211779452,3.538556420071824e-05,0.0527699591981911,0.0,0.008043213960478746,0.016132493320411147,0.003992641955142155,0.046403690495802515
0.25,0,3,Ucal,0,2026092400,context_0,1558,5187,0.03922462484203293,0.002387201526904912,0.06800616107622556,0.020452183323100122,0.02622199660892477,0.017102612641048606,3.122404471201348e-05,0.054766114675087754,0.0,0.011580311002647338,0.011175879455165995,0.005174067293962936,0.05332901997717009
0.25,0,3,Ucal,0,2026092400,context_1,490,1659,0.0349766457958639,0.008952191134212846,0.06740531480889696,0.03918734943595038,0.03227728376648897,0.04465529352330319,3.344259522997453e-08,0.0528888588861962,0.0,0.03324614655988978,0.02451290838785452,0.005564815989720892,0.09502486715853642
0.25,0,3,Ucal,0,2026092400,pooled,2048,6846,0.037789899042610986,0.0039586432669581305,0.0676825110175857,0.016627074107364342,0.022835115080595325,0.02374793660303373,3.2455486218312276e-05,0.05249551234379734,0.0,0.008043213960478746,0.007315983801559432,0.004323835799337919,0.044864971435893165
0.25,0,3,Ucal,1,2026092401,context_0,1558,5187,0.04085919968296153,0.009763373761689904,0.07166778733451876,0.022889105564614112,0.022749453670651287,0.015330230879993967,3.1854115989995166e-07,0.051513924356304676,0.0,0.011580311002647338,0.015958855211886815,0.0110139681395842,0.05390533407853766
0.25,0,3,Ucal,1,2026092401,context_1,490,1659,0.029058666626260776,0.007517127613105188,0.06398394474713334,0.037259967029060245,0.03267809622158424,0.026985760424304783,7.974507977480828e-06,0.05970881848922764,0.0,0.03324614655988978,0.026408983449339396,0.010708448509320016,0.09069691788662325
0.25,0,3,Ucal,1,2026092401,pooled,2048,6846,0.03765167613845344,0.009165843963229385,0.0697922382787951,0.020221190134436205,0.024840374348801764,0.01824823016439188,6.066473652372904e-06,0.05193116564842834,0.0,0.008043213960478746,0.014248988543389525,0.010905447763304344,0.04683989700703925
0.25,0,3,Ucal,2,2026092402,context_0,1558,5187,0.03733485841131884,0.0019073319391775027,0.06607465811633874,0.023994664286513593,0.02199603760854274,0.0189068007194675,8.713242255174332e-06,0.05150802636059337,0.0,0.011580311002647338,0.016784345992064926,0.0032676613674026255,0.05692007949654008
0.25,0,3,Ucal,2,2026092402,context_1,490,1659,0.03447088787476821,0.014982597739436717,0.06638328540388452,0.032397979173357454,0.024024643597438278,0.03022059989915389,0.0001456269644997425,0.05328071480348034,0.0,0.03324614655988978,0.022900019978889376,0.008744798110857238,0.08729490846420766
0.25,0,3,Ucal,2,2026092402,pooled,2048,6846,0.03582545583936014,0.002139243299428563,0.0661132649406349,0.022638800332249916,0.020383483824162857,0.0216376692669039,3.05644051639978e-05,0.05124887899326408,0.0,0.008043213960478746,0.01772765307666414,0.003915184839140752,0.0461829245675097
0.25,0,3,Ucal,3,2026092403,context_0,1558,5187,0.03583604590493389,0.005996763009852715,0.06527823139144281,0.01799419794750223,0.019920922069648586,0.016606341568235122,5.400647851606752e-05,0.05147449337602205,0.0,0.011580311002647338,0.01254538440945121,0.004654925047971847,0.05265699216234059
0.25,0,3,Ucal,3,2026092403,context_1,490,1659,0.040780488292009864,0.013761425463486408,0.0714014255965258,0.03981250788534363,0.029019873401512464,0.027416615818119203,9.364969896344215e-06,0.054727974741331946,0.0,0.03324614655988978,0.02692175116575408,0.010624717416068548,0.09454996147519684
0.25,0,3,Ucal,3,2026092403,pooled,2048,6846,0.036905526580920445,0.0013543598719497698,0.0665086360122061,0.018069984157027392,0.02025457255231955,0.019313794333600684,3.497074820836966e-05,0.051284228609529046,0.0,0.008043213960478746,0.01335866213124429,0.004746589178610278,0.04808467024079361
0.25,0,3,Ucal,4,2026092404,context_0,1558,5187,0.03943287611171187,0.00032905431144903124,0.0710747607538539,0.022457058362247536,0.02459822231254405,0.02097462655147611,6.419428514174159e-05,0.05370320509876077,0.0,0.011580311002647338,0.018171805611276595,0.009569441696295297,0.051462239798654615
0.25,0,3,Ucal,4,2026092404,context_1,490,1659,0.03331545831924476,0.0006792012609853951,0.0626318487038212,0.04076067870693183,0.025250595971604894,0.049334095559907504,7.033089301545608e-05,0.05163739885631778,0.0,0.03324614655988978,0.030225798627623462,0.01131254211023523,0.08965681272824423
0.25,0,3,Ucal,4,2026092404,pooled,2048,6846,0.03716049452672676,0.00043782046498096406,0.06903820673828852,0.02059072008361133,0.023433858908096017,0.02765069689426093,2.8173660948511243e-05,0.05277772033839765,0.0,0.008043213960478746,0.01672323296718956,0.0095181411392901,0.04632093597947483
0.25,0,3,E,0,2026092400,context_0,1558,5187,0.03936765500612249,0.0025763168219588226,0.06807145836824299,0.019870065923826917,0.026382815588810005,0.017449258170830484,1.7618685047871436e-06,0.0548178544544803,0.0,0.011580311002647338,0.009681111144254205,0.008064428372395323,0.05390159502719614
0.25,0,3,E,0,2026092400,context_1,490,1659,0.035230204553090116,0.009126622948445186,0.06721043501133966,0.038625744341039124,0.03227728376648897,0.04198420694109156,3.842294199609439e-05,0.053359301233761064,0.0,0.03324614655988978,0.02468092516242658,0.0074730583075855225,0.09690905338001987
0.25,0,3,E,0,2026092400,pooled,2048,6846,0.037953398277991546,0.004143957133716207,0.06767945393827658,0.015987962580467904,0.02258002930800429,0.023407323149487597,5.754865331946397e-06,0.05242830187731864,0.0,0.008043213960478746,0.007540416914506989,0.006712435440454377,0.04497776105269892
0.25,0,3,E,1,2026092401,context_0,1558,5187,0.04133887943870668,0.010012745520064804,0.07165359455245868,0.022729281297193742,0.022387397189840286,0.0148897770769129,4.363407358439351e-06,0.05149633565669681,0.0,0.011580311002647338,0.016521546926439735,0.0039546148632744315,0.05490566788160281
0.25,0,3,E,1,2026092401,context_1,490,1659,0.029330088148986744,0.007538894087712647,0.06398377609563277,0.037664274580532654,0.03393516724609713,0.029976413719682474,5.1453955269674476e-05,0.06123402202127139,0.0,0.03324614655988978,0.0278721479908507,0.005808372807745483,0.09033450348342485
0.25,0,3,E,1,2026092401,pooled,2048,6846,0.03806129673403913,0.009361206056652742,0.06978032417896662,0.019460060529302572,0.02494666008738139,0.01862126174253291,1.3680311482686179e-05,0.05196061269958939,0.0,0.008043213960478746,0.014073275945821072,0.0022836288676548926,0.04541817913502964
0.25,0,3,E,2,2026092402,context_0,1558,5187,0.03744824617053616,0.0017736832137528978,0.06611862495907198,0.023514161673602946,0.021745383121827416,0.017047441760310714,3.0480273094342475e-05,0.05150799930294601,0.0,0.011580311002647338,0.016410653914336965,0.012847104928807335,0.057786870470637124
0.25,0,3,E,2,2026092402,context_1,490,1659,0.03440331241036604,0.014925812173921518,0.06642006788496939,0.03354862919740576,0.025102133047020747,0.029380098613904268,8.082288430997175e-05,0.05413335699286636,0.0,0.03324614655988978,0.023861734500035918,0.009804091338925866,0.08889462422321187
0.25,0,3,E,2,2026092402,pooled,2048,6846,0.035799707724992136,0.0022282757072311548,0.0661434191575009,0.02207469553363752,0.020064626608424063,0.02004541727910751,3.743335488616941e-05,0.05124150113101605,0.0,0.008043213960478746,0.016797785874957054,0.011088591083264928,0.047267999550202756
0.25,0,3,E,3,2026092403,context_0,1558,5187,0.03594317124774976,0.005969138794924853,0.0653585367972934,0.0197891731176696,0.020339257409118572,0.015881147122174546,4.196424916074277e-05,0.05148150957139104,0.0,0.011580311002647338,0.014832607638449192,0.008748074287911512,0.05479932276041027
0.25,0,3,E,3,2026092403,context_1,490,1659,0.04131384012215328,0.013904396534118041,0.07121748898650712,0.04214292383085081,0.02830154710179078,0.02766518025486861,1.333440608838974e-05,0.05412555591428909,0.0,0.03324614655988978,0.030491520233526696,0.009960024880821535,0.09496068766351075
0.25,0,3,E,3,2026092403,pooled,2048,6846,0.03692516944158364,0.0012987796202755422,0.06653629545329244,0.019017177515342164,0.02031834399546728,0.018795883550918824,3.1382398219278454e-05,0.05124432333280914,0.0,0.008043213960478746,0.014659253450026295,0.005142343779764085,0.048988133524822425
0.25,0,3,E,4,2026092404,context_0,1558,5187,0.03979775992869378,0.00042156204258136346,0.07101987113377828,0.02268144429083142,0.02493242829483111,0.023516551323988735,8.103357455636953e-05,0.054045004629457036,0.0,0.011580311002647338,0.018466472817001,0.006798858924079599,0.0531879467579967
0.25,0,3,E,4,2026092404,context_1,490,1659,0.03390019369990377,0.0009464355511752762,0.06252748094206474,0.04206024003089001,0.025340386759070105,0.05143889334810264,5.4404257686309224e-05,0.05186969328512957,0.0,0.03324614655988978,0.03108586571285612,0.009704213645026657,0.0903237752795344
0.25,0,3,E,4,2026092404,pooled,2048,6846,0.03745781000565085,0.0005708367906301918,0.06898001628674433,0.019853763946194352,0.02385900186241441,0.030082427721015506,2.9539644160413896e-05,0.053089252729257304,0.0,0.008043213960478746,0.015900799265028926,0.004325694955406162,0.04673870484040512
0.25,0,3,Ecal,0,2026092400,context_0,1558,5187,0.03942625902041946,0.002641476396966226,0.06804340419309665,0.02007161692641838,0.0263890996000683,0.01730891840593901,1.1251850631321326e-05,0.054877603682697826,0.0,0.011580311002647338,0.011068008693935224,0.005165902207378033,0.05356952186811699
0.25,0,3,Ecal,0,2026092400,context_1,490,1659,0.034972184427520314,0.009151876095394236,0.06714854049511136,0.03919871072663198,0.03209770219155855,0.043337666831676946,4.5715231813216326e-05,0.05326117490020415,0.0,0.03324614655988978,0.025432231263674207,0.007403304736910215,0.09645307404608168
0.25,0,3,Ecal,0,2026092400,pooled,2048,6846,0.038136731271819324,0.004199537352847217,0.06765212683270458,0.016874483616966043,0.02264380075115202,0.023613672181832177,1.0645792562889034e-05,0.052474423017032444,0.0,0.008043213960478746,0.008233543061032297,0.004393126512490279,0.0449826864999081
0.25,0,3,Ecal,1,2026092401,context_0,1558,5187,0.04115403220325381,0.0099579177795193,0.07164274974573992,0.022551902774221737,0.022665902175079522,0.01565632297022633,4.799784702867937e-06,0.05150801496330446,0.0,0.011580311002647338,0.01596716903178913,0.01099071963786255,0.05430901922423518
0.25,0,3,Ecal,1,2026092401,context_1,490,1659,0.02950210156603328,0.007558712611367292,0.06397722510064144,0.03819188886357428,0.03393516724609713,0.030694064063774992,9.484528469685689e-06,0.06124626263217552,0.0,0.03324614655988978,0.02879594952713927,0.008266390244247412,0.09078018310439116
0.25,0,3,Ecal,1,2026092401,pooled,2048,6846,0.03787796374021135,0.009324604265230041,0.06977133502319348,0.019941076431844895,0.025265517303120155,0.019378782392920443,4.290668190641057e-06,0.05197252773297919,0.0,0.008043213960478746,0.01457491386575001,0.010303848355713487,0.04606922617646923
0.25,0,3,Ecal,2,2026092402,context_0,1558,5187,0.037438570759738776,0.0018686677950420876,0.06613909676288032,0.023788506129620652,0.02180108411887527,0.016865583173991075,2.013044728653119e-05,0.05151859002403657,0.0,0.011580311002647338,0.01630388474927184,0.0025128408824265196,0.05708376252875607
0.25,0,3,Ecal,2,2026092402,context_1,490,1659,0.03440331241036604,0.014861049253184107,0.0664658163745638,0.03255471064001868,0.02537150540941635,0.029630063687198713,0.00012134466404762831,0.0544686173933537,0.0,0.03324614655988978,0.022835941846841804,0.009041578457943952,0.08866417744583054
0.25,0,3,Ecal,2,2026092402,pooled,2048,6846,0.03577933739234462,0.002141002456932959,0.06617404952720085,0.022178027559690203,0.020085883756139983,0.019979487671152985,3.319934632072387e-05,0.051239441238010934,0.0,0.008043213960478746,0.016744293535582665,0.00379189212091012,0.046198695377427317
0.25,0,3,Ecal,3,2026092403,context_0,1558,5187,0.035969863539016045,0.005832778004849962,0.06536353479149447,0.01932027633820228,0.020478509901738218,0.015131320265314066,3.9205062453362565e-05,0.05148693777772637,0.0,0.011580311002647338,0.014573998545688714,0.0037989589019960684,0.053093920909933014
0.25,0,3,Ecal,3,2026092403,context_1,490,1659,0.04148585353919981,0.013810748326689827,0.0711796826155518,0.04159728611395571,0.02830154710179078,0.02713721669167922,5.561674733229726e-05,0.05424479667864697,0.0,0.03324614655988978,0.02975997254702179,0.012912084318223287,0.09537151167956248
0.25,0,3,Ecal,3,2026092403,pooled,2048,6846,0.03691298301360846,0.0012164220757249994,0.06653450439550868,0.019244862274497433,0.020275829700035497,0.018099585334092616,3.137302128869998e-05,0.051245235501649625,0.0,0.008043213960478746,0.01492406777444422,0.005775732254045892,0.04880440014933932
0.25,0,3,Ecal,4,2026092404,context_0,1558,5187,0.03977106763742749,0.0004797667998939282,0.07103159625601817,0.023964120020415494,0.025183082781546462,0.022523635643850265,9.125721466831926e-05,0.05420037795354672,0.0,0.011580311002647338,0.019509625774346978,0.009695604520550167,0.05195499864695953
0.25,0,3,Ecal,4,2026092404,context_1,490,1659,0.03388176245578267,0.0008938986354896828,0.06250640898969993,0.04289447850648966,0.025250595971604894,0.052058948926811094,6.474771018440584e-05,0.05186262062749941,0.0,0.03324614655988978,0.03185992608956551,0.014265847699629916,0.09042860261646239
0.25,0,3,Ecal,4,2026092404,pooled,2048,6846,0.037420412037507955,0.0006030796605775184,0.06898073853135417,0.021488023022467353,0.02399406735499643,0.029469245625037013,3.625928535203071e-05,0.053210227912302115,0.0,0.008043213960478746,0.01737508361191058,0.009693826852356327,0.04736055582103355
0.25,0,4,U,0,2026092500,context_0,1559,5187,0.0366386041092408,0.0027678012950030054,0.0673891877124633,0.01841111096624356,0.02221346877133301,0.023392755373627797,8.895430271553224e-05,0.05157642981291297,0.0,0.021357314067722236,0.01372985464851486,0.0069582735736694185,0.05242093441779302
0.25,0,4,U,0,2026092500,context_1,489,1659,0.04211792141299964,0.009824368603984867,0.06983741148618453,0.037567022955771454,0.02951149098633382,0.046017803742294555,2.4315643447779555e-05,0.053202531102311636,0.0,0.04279501658549577,0.025633022983064205,0.020860897127373153,0.09119405823409536
0.25,0,4,U,0,2026092500,pooled,2048,6846,0.03764340769818686,0.004464853247539048,0.06791866108323397,0.017510293169013508,0.021854587969448502,0.028857939397786983,8.87014220597982e-05,0.05157854870663159,0.0,0.00936835264205375,0.01163189495733051,0.01031025778403317,0.04752323021289904
0.25,0,4,U,1,2026092501,context_0,1559,5187,0.03817474608164001,0.0038943556552878704,0.06769460327405208,0.023021884450462403,0.02095073621808774,0.020401841368768436,0.0001878890977940065,0.051656030048673716,0.0,0.021357314067722236,0.016354132810423312,0.00924610957299885,0.05526859956159493
0.25,0,4,U,1,2026092501,context_1,489,1659,0.029450155954419688,0.012194100375060545,0.06455181253292483,0.03930965933853551,0.02754625142312561,0.01815112421075428,1.2761975221270948e-05,0.05386507288105508,0.0,0.04279501658549577,0.027867915081308682,0.01541042726269359,0.09162230800384749
0.25,0,4,U,1,2026092501,pooled,2048,6846,0.03560494918737911,1.172048936100734e-05,0.06691994855541415,0.01884228980675276,0.021866991385430135,0.01989726663511228,7.984931704752918e-05,0.051828258391714836,0.0,0.00936835264205375,0.011116469832126446,0.004820951861025484,0.047392284235518854
0.25,0,4,U,2,2026092502,context_0,1559,5187,0.03655950310306588,0.009641366984243137,0.06803403826488363,0.022126190098738976,0.025534539469616757,0.01568704002458604,3.5899576559795705e-05,0.05317244915553191,0.0,0.021357314067722236,0.016949836260182014,0.005183632136454454,0.0552121960173764
0.25,0,4,U,2,2026092502,context_1,489,1659,0.0445218209553645,0.004115059566860544,0.07726019489695941,0.038110292307173214,0.02079897647678286,0.03592103747478584,0.0002457155292908534,0.05184235110912943,0.0,0.04279501658549577,0.02680584697569221,0.025922681859586814,0.0967790804549655
0.25,0,4,U,2,2026092502,pooled,2048,6846,0.03768093764411551,0.006259891710018902,0.07017422390597423,0.01921884275435106,0.023338340486634357,0.02068935952074362,7.366988061141848e-05,0.05187258760302566,0.0,0.00936835264205375,0.013809349013247676,0.009516685850933536,0.04681477083891302
0.25,0,4,U,3,2026092503,context_0,1559,5187,0.03829467968457545,0.003402515429858827,0.06969377478686883,0.019078323997606065,0.023920680215676504,0.039966994768368555,7.07805688580061e-05,0.05244740372823368,0.0,0.021357314067722236,0.01147705669520635,0.0051661292774767215,0.05117447135132589
0.25,0,4,U,3,2026092503,context_1,489,1659,0.036951943439491375,0.014907482787955256,0.06820821913073775,0.03715310116452165,0.028514048413850857,0.01854369998614272,4.034890618826977e-05,0.05684451138648519,0.0,0.04279501658549577,0.02377364886584807,0.010836997863555953,0.09615141447853484
0.25,0,4,U,3,2026092503,pooled,2048,6846,0.03712202720889585,0.001018610993788813,0.06931974895294979,0.017550223328398184,0.024070434554015696,0.03489586900036122,5.6707518754757274e-05,0.05294409774721153,0.0,0.00936835264205375,0.010335510280159547,0.005149988599291609,0.045422941586400194
0.25,0,4,U,4,2026092504,context_0,1559,5187,0.03596439280273289,0.00624454765473344,0.06940067293504311,0.02283925159188093,0.020389521749978767,0.026903803748315594,6.62341941578697e-05,0.051478742337353646,0.0,0.021357314067722236,0.016259983583855532,0.00553205512459011,0.053555205410607085
0.25,0,4,U,4,2026092504,context_1,489,1659,0.037823573762251816,0.012571319974750732,0.07534662345423178,0.032523882422437304,0.02731343346635029,0.022826805445965298,0.00018008383419531568,0.053084267727067605,0.0,0.04279501658549577,0.019756142227313554,0.015715882617346848,0.09157694121394783
0.25,0,4,U,4,2026092504,pooled,2048,6846,0.03565650318739122,0.00777954709466509,0.0703745583565424,0.017209828870987678,0.020259386335962026,0.025894292554200518,2.0334056727870772e-05,0.051556261260708704,0.0,0.00936835264205375,0.010946726928768245,0.003626523921288976,0.04431909979751213
0.25,0,4,Ucal,0,2026092500,context_0,1559,5187,0.036584834886743745,0.002802691892683234,0.06740044755972163,0.01847614584325945,0.02221346877133301,0.02373660505300619,8.855558209347254e-05,0.05158659524952044,0.0,0.021357314067722236,0.013712001780636784,0.004249793677614638,0.051773242351788595
0.25,0,4,Ucal,0,2026092500,context_1,489,1659,0.0422864418039669,0.009700214287305019,0.06984447676400721,0.03619011783785953,0.02951149098633382,0.04792331494776475,6.947344123489608e-05,0.053198453172543694,0.0,0.04279501658549577,0.02380852187160892,0.016404661450088988,0.089140054168306
0.25,0,4,Ucal,0,2026092500,pooled,2048,6846,0.03758226307076146,0.004461497016337589,0.06792645259393269,0.017181798115988994,0.021875857324561654,0.02957726636804707,9.582971306701079e-05,0.05159876107644708,0.0,0.00936835264205375,0.010592436291098652,0.006608551777519421,0.04690437748912934
0.25,0,4,Ucal,1,2026092501,context_0,1559,5187,0.03821099869121958,0.003915825654310243,0.06768602421923181,0.023144933499971213,0.021091039835115066,0.02058294839286294,0.0002011691259199366,0.05173098944288688,0.0,0.021357314067722236,0.016192825142932174,0.01276689046696743,0.05696375454745338
0.25,0,4,Ucal,1,2026092501,context_1,489,1659,0.02911311517248505,0.012187762009908797,0.06466295705672827,0.04015259161184677,0.027106845499933807,0.018333402724774198,1.3903774950915944e-06,0.053497846938864065,0.0,0.04279501658549577,0.029553118990981772,0.009314098255674103,0.09199413773125192
0.25,0,4,Ucal,1,2026092501,pooled,2048,6846,0.035644247834465737,2.9460125354752436e-05,0.06693986979838455,0.01827106688665802,0.02195206880588274,0.02005857432562043,0.000106053318824135,0.05186039997046726,0.0,0.00936835264205375,0.010280826590645973,0.008591034335144231,0.04824825685247819
0.25,0,4,Ucal,2,2026092502,context_0,1559,5187,0.036478849269320324,0.009639834680669312,0.0680168080938346,0.022603078477887915,0.02550647874621126,0.01573912214733146,4.291486641773002e-05,0.05318333918077072,0.0,0.021357314067722236,0.017435467351358994,0.0038773187718372654,0.05515604181367872
0.25,0,4,Ucal,2,2026092502,context_1,489,1659,0.04508953011060002,0.003990851546634077,0.07724684905405298,0.03838348068489206,0.020711095292144543,0.03611940397960969,0.00035352857713054657,0.05185897909863969,0.0,0.04279501658549577,0.02782836636527821,0.016930446074848518,0.0952562214236107
0.25,0,4,Ucal,2,2026092502,pooled,2048,6846,0.0376397725590496,0.006287835695612239,0.07015089512662312,0.0193441893608783,0.02335960984174751,0.020775857629502376,9.540572457881211e-05,0.0518916255420224,0.0,0.00936835264205375,0.013846562897917677,0.006826756812336869,0.04648489937228166
0.25,0,4,Ucal,3,2026092503,context_0,1559,5187,0.03821402585082989,0.0034550222136686165,0.06968776068789925,0.01900392448449418,0.023724255151838347,0.039637414237085736,7.259078197927508e-05,0.05238477591401371,0.0,0.021357314067722236,0.011327128068576197,0.005808524261995445,0.05108250033704872
0.25,0,4,Ucal,3,2026092503,context_1,489,1659,0.03688813947643743,0.014940130517822647,0.0681919046178957,0.039222146913918794,0.02826695734133078,0.01827413948744383,2.528887582058418e-05,0.056813585699704405,0.0,0.04279501658549577,0.025599611136762596,0.005857376567733794,0.09556903760166763
0.25,0,4,Ucal,3,2026092503,pooled,2048,6846,0.037060882581470445,0.0009874396021023384,0.0693133288562497,0.017265259438966292,0.023879010357997277,0.03459818308677963,5.6327219067968306e-05,0.0528925042840857,0.0,0.00936835264205375,0.010957638431445937,0.004134833612429745,0.044508478216399444
0.25,0,4,Ucal,4,2026092504,context_0,1559,5187,0.035910623580235834,0.0062429578021722726,0.06931786232951477,0.02274157798796731,0.020361461026573324,0.026982568289263806,8.177623362574996e-05,0.051498489958106776,0.0,0.021357314067722236,0.01553409908014543,0.006341390158692525,0.05308373439267478
0.25,0,4,Ucal,4,2026092504,context_1,489,1659,0.03782191778153132,0.01269995719437707,0.07517573168217447,0.030803155077807325,0.027489195835627034,0.020644837315782122,0.00023892211526995837,0.05315244872832292,0.0,0.04279501658549577,0.018583610466577485,0.013745245547956203,0.09090355050425947
0.25,0,4,Ucal,4,2026092504,pooled,2048,6846,0.03559535855996582,0.007810302495025988,0.07027718397002049,0.01702393215990527,0.020259386335962026,0.0254309081614197,3.247692148752228e-05,0.05159508813484216,0.0,0.00936835264205375,0.010009175974912066,0.004845653360656792,0.044406928991581184
0.25,0,4,E,0,2026092500,context_0,1559,5187,0.036485370236904235,0.0028997407704673957,0.06759215881958247,0.018133097194604025,0.021988982984089467,0.024403623001860816,0.00010728194382073231,0.051548090013362885,0.0,0.021357314067722236,0.01410869181291604,0.005985582769092569,0.05231339088576506
0.25,0,4,E,0,2026092500,context_1,489,1659,0.04277203379759237,0.009686567594549918,0.06995590897829262,0.03834833976837316,0.030478184017355858,0.04390778347451879,5.155105548939123e-07,0.05367621264053308,0.0,0.04279501658549577,0.025534053782357388,0.023891263456201794,0.09270007530062803
0.25,0,4,E,0,2026092500,pooled,2048,6846,0.03772309611779001,0.004531794566726155,0.06810211184420153,0.017262764134330123,0.021663163773430028,0.029112040119734853,7.614629301693146e-05,0.05164470886288607,0.0,0.00936835264205375,0.011977823942917428,0.01028433383897126,0.046960278797511384
0.25,0,4,E,1,2026092501,context_0,1559,5187,0.03833131201358325,0.00366952284234944,0.06791913356919269,0.02072314727342933,0.020978796941493294,0.019603443101996854,0.00020858784779970478,0.051779597896114735,0.0,0.021357314067722236,0.014618721607285255,0.009567521123316962,0.054971166056469165
0.25,0,4,E,1,2026092501,context_1,489,1659,0.029898147444626932,0.012604585391577196,0.06479314309834168,0.0410291070052743,0.02851294445414776,0.013922022422669905,1.173364882574605e-05,0.054906658625275405,0.0,0.04279501658549577,0.029003625623671595,0.019365181318830024,0.09299374797370695
0.25,0,4,E,1,2026092501,pooled,2048,6846,0.03580001809802785,0.0002587095608885157,0.06715042669076471,0.017394047878639754,0.022249839777466862,0.018297060274466467,0.00010413335817448417,0.05208933768234948,0.0,0.00936835264205375,0.0093636571792649,0.006163401093246896,0.04657455218780851
0.25,0,4,E,2,2026092502,context_0,1559,5187,0.036771825297270355,0.009752828033659096,0.0683236242403702,0.021703052489275353,0.025702903810049416,0.015186059060217999,2.8838520444727825e-05,0.05315375215909108,0.0,0.021357314067722236,0.01673148180335241,0.005052393079151196,0.055313009363938646
0.25,0,4,E,2,2026092502,context_1,489,1659,0.045270032009133265,0.003864565476024921,0.07768069787926658,0.04006905873762405,0.020321335289549925,0.041070552460556464,0.00037169693920352954,0.05168649968459938,0.0,0.04279501658549577,0.028839391300451413,0.028385898596120333,0.09827054003851983
0.25,0,4,E,2,2026092502,pooled,2048,6846,0.03810816901084535,0.0064027579557319044,0.0704893526803746,0.019706009163614254,0.02349616196596055,0.021566457699451425,7.47673347684211e-05,0.05192388730677688,0.0,0.00936835264205375,0.014084565967357606,0.01035150389421486,0.0471443129130712
0.25,0,4,E,3,2026092503,context_0,1559,5187,0.03840607673633328,0.003488361384958111,0.0698946754401045,0.01823059387315369,0.024173226726325547,0.038201668380219336,7.674426565254808e-05,0.05254424935042935,0.0,0.021357314067722236,0.011302253634893001,0.005499073653479623,0.05002163647826722
0.25,0,4,E,3,2026092503,context_1,489,1659,0.037145693183788575,0.01482982368748148,0.06844064958578704,0.03605522416028928,0.028865573152404345,0.020966117658867828,7.671587165897502e-06,0.05682251972021312,0.0,0.04279501658549577,0.022541696620435613,0.009805568279803127,0.09504482118208449
0.25,0,4,E,3,2026092503,pooled,2048,6846,0.03735688879086985,0.0009343040112091221,0.06952816109331385,0.01761367298410857,0.02424058939492091,0.03414135315438656,6.419136990607377e-05,0.053027827403478583,0.0,0.00936835264205375,0.010717516323397867,0.005532844486142453,0.045405481289922764
0.25,0,4,E,4,2026092504,context_0,1559,5187,0.03590391513159025,0.006285339360370199,0.06958343866472962,0.02268956587088842,0.020473703920195208,0.028593487610469995,7.118860584543888e-05,0.051507677741177475,0.0,0.021357314067722236,0.013755774824313546,0.005852246148592422,0.053313968617128595
0.25,0,4,E,4,2026092504,context_1,489,1659,0.038009628066730194,0.012939892626078706,0.07551137874498949,0.0335407021791103,0.026610383989243425,0.020382328040895306,0.00033402560153523064,0.05277040053614466,0.0,0.04279501658549577,0.021637044093896093,0.018681621831480037,0.09433734751038153
0.25,0,4,E,4,2026092504,pooled,2048,6846,0.03585725735083506,0.007901571811360301,0.07056544810993196,0.017058426109473494,0.020280655691075178,0.026580799636208727,3.400552933004435e-05,0.05155208338577567,0.0,0.00936835264205375,0.009050226990799711,0.004616455419235327,0.04431023758750254
0.25,0,4,Ecal,0,2026092500,context_0,1559,5187,0.03661979329314685,0.002809244761338221,0.06756244584346083,0.01773073070734079,0.02201704370749491,0.02471677063751941,9.325704897258744e-05,0.05156693385462717,0.0,0.021357314067722236,0.01346346114295155,0.004601046951939683,0.05159639795074412
0.25,0,4,Ecal,0,2026092500,context_1,489,1659,0.043024814384043375,0.009538208045262394,0.06996310042531627,0.036909414344987866,0.030214540463440798,0.04470290115410144,6.522963020868687e-05,0.053591911980036766,0.0,0.04279501658549577,0.02354239602876346,0.015417434316660986,0.0892636060124376
0.25,0,4,Ecal,0,2026092500,pooled,2048,6846,0.03772309611779001,0.004427650949178663,0.06808102823682022,0.017541056414666377,0.021726971838769482,0.029539173194125815,7.93564527369754e-05,0.05166389993953595,0.0,0.00936835264205375,0.012670716160913599,0.005486446155601846,0.04665678158261636
0.25,0,4,Ecal,1,2026092501,context_0,1559,5187,0.03833131201358325,0.0037825635057095637,0.0679219319481076,0.020489313117229128,0.02103491838830418,0.019676822499086047,0.00023996760200857065,0.05177358515794018,0.0,0.021357314067722236,0.014875479191754653,0.014650000194147058,0.05616626923385244
0.25,0,4,Ecal,1,2026092501,context_1,489,1659,0.030033061168031394,0.012489135182982291,0.06480399480661778,0.0402072157854164,0.02816141971559427,0.014892826542005563,2.3939247255773313e-05,0.05451369202796796,0.0,0.04279501658549577,0.029188316179321314,0.009742756354219485,0.09162784553202903
0.25,0,4,Ecal,1,2026092501,pooled,2048,6846,0.03575196734832908,0.00014443635518648375,0.06715495774607659,0.01678494623408533,0.022186031712127408,0.018559460273363207,0.00012025593054490355,0.05202808690864611,0.0,0.00936835264205375,0.008976407872237345,0.00890295895701369,0.04779602129353463
0.25,0,4,Ecal,2,2026092502,context_0,1559,5187,0.03666704154805994,0.009696297194055993,0.06826303217138915,0.020948769648264285,0.02550647874621126,0.015713697510207583,4.563837476121979e-05,0.053135944429209964,0.0,0.021357314067722236,0.01611128818040254,0.004390053177380803,0.05428164012693029
0.25,0,4,Ecal,2,2026092502,context_1,489,1659,0.04543855240010053,0.004060102342741151,0.07752554461394784,0.039543287534514686,0.02016533587320582,0.03964552745466948,0.0002658020791972012,0.05167561142326753,0.0,0.04279501658549577,0.028309672291156517,0.015451909826799736,0.09571917634237578
0.25,0,4,Ecal,2,2026092502,pooled,2048,6846,0.03810816901084535,0.006313204123674471,0.07040618279026765,0.018950220725091352,0.023465956617313266,0.021618443180324742,9.024573280250149e-05,0.0519369036735192,0.0,0.00936835264205375,0.01366667821592174,0.0066398586370097195,0.04634005115365802
0.25,0,4,Ecal,3,2026092503,context_0,1559,5187,0.03841334222213555,0.0035145916136604706,0.06989790949108625,0.01841481977252135,0.02411710527951466,0.038149029245979085,8.749566641279265e-05,0.052488663025096395,0.0,0.021357314067722236,0.011304706241814925,0.006868856312512632,0.0507406401047106
0.25,0,4,Ecal,3,2026092503,context_1,489,1659,0.03709250697947175,0.01475710578959452,0.06844504596385917,0.03658136770348467,0.028354838525969206,0.02193949922943081,2.943395613144446e-06,0.05669398077186911,0.0,0.04279501658549577,0.023308026051499075,0.005650925855215501,0.09421889408522172
0.25,0,4,Ecal,3,2026092503,pooled,2048,6846,0.03741803341829525,0.0008973127091065349,0.06953137374594791,0.01760908168899778,0.024112973264242,0.034336433032253214,7.628109368312624e-05,0.052958078965822775,0.0,0.00936835264205375,0.01074713828002511,0.005802339446673772,0.04519839752045316
0.25,0,4,Ecal,4,2026092504,context_0,1559,5187,0.035930799742838804,0.006235395269499192,0.06954530749690749,0.022672631204738367,0.020445643196789653,0.02776521866080707,8.04722308950522e-05,0.05150274225440612,0.0,0.021357314067722236,0.014088909209173819,0.005871880173332627,0.053189949108025346
0.25,0,4,Ecal,4,2026092504,context_1,489,1659,0.038178148457697514,0.012880463951658545,0.07552024210724312,0.032582033223482125,0.02704978991243523,0.019222756855690484,0.0002858075957283781,0.05286634049717514,0.0,0.04279501658549577,0.021537490429405594,0.015330933391538936,0.09371305328843492
0.25,0,4,Ecal,4,2026092504,pooled,2048,6846,0.035836875808359925,0.007849644311385183,0.0705296502648722,0.016885515932292497,0.02030192504618833,0.025677985894749414,4.595587376866406e-05,0.05155833105160981,0.0,0.00936835264205375,0.009243705287459526,0.005206467297665286,0.04469078456611023
0.25,1,0,U,0,2026092100,context_0,1531,5187,0.0364482402725016,0.0033938929113647345,0.0665158199369041,0.01615534023690429,0.021858313260715592,0.009628684355064615,0.0004528291141773582,0.05131876774299607,0.0,0.009540255200126618,0.010971861610389417,0.013340137608763574,0.052432515779117235
0.25,1,0,U,0,2026092100,context_1,517,1659,0.04391611829848374,0.007930860380016676,0.07048878332249332,0.04333257048102397,0.026988037386806718,0.008608732076472558,0.030587094730233202,0.051989429008102654,0.0,0.0325186865383472,0.029570777160760182,0.03582412450919316,0.09285975680142393
0.25,1,0,U,0,2026092100,pooled,2048,6846,0.037468419397935215,0.0045048488327446585,0.06749675556665356,0.01718815451269211,0.02212529586601053,0.00948463816913854,0.0004039134489353634,0.05131421430754009,0.0,0.011237280152187418,0.010737683534310202,0.009904491028000078,0.046657986251860295
0.25,1,0,U,1,2026092101,context_0,1531,5187,0.04180552307654811,0.0006108555834641159,0.0708678196177509,0.019636523522083036,0.02227516156159215,0.01714276613400502,0.0003289759169492943,0.051344141946869086,0.0,0.009540255200126618,0.01223460521362703,0.01020418727488669,0.05679776818534962
0.25,1,0,U,1,2026092101,context_1,517,1659,0.04000936916531478,0.002478005583178418,0.06970820739062844,0.04122190194657488,0.025981211969435147,0.00881201581816704,0.02184165159070181,0.05167659238777581,0.0,0.0325186865383472,0.03202560858793217,0.025948372540991076,0.09415897132253068
0.25,1,0,U,1,2026092101,pooled,2048,6846,0.04112595478102765,0.0010978308012161606,0.0705369272442177,0.018933861899872846,0.02054279139550927,0.015171244355380947,0.0006942229979124484,0.050840374824643986,0.0,0.011237280152187418,0.012722326693322787,0.011553699089031056,0.05023386343015504
0.25,1,0,U,2,2026092102,context_0,1531,5187,0.043135496719116206,0.004726482182202885,0.0730872213121501,0.01898437661552731,0.01978103501848294,0.019671498850083194,0.00045116272259337334,0.05080665102864626,0.0,0.009540255200126618,0.014281235831168155,0.014866956022865635,0.05561771606679114
0.25,1,0,U,2,2026092102,context_1,517,1659,0.04305359059813596,0.0061102980804931,0.07167626907326133,0.03748002170894051,0.02669389483433174,0.028661909269313807,0.02532167423468322,0.05157110188036494,0.0,0.0325186865383472,0.026699468569628952,0.03417203511194239,0.09708312174440964
0.25,1,0,U,2,2026092102,pooled,2048,6846,0.042216484167867385,0.005041763238296239,0.07272689597329599,0.017142923417457046,0.019061712633025363,0.0220811587915849,0.0008125230678715529,0.050710675544367034,0.0,0.011237280152187418,0.01304327859557578,0.010440524904308067,0.047811255357247326
0.25,1,0,U,3,2026092103,context_0,1531,5187,0.03727024196168427,0.0012266513987289787,0.06728511316839439,0.019438834671184763,0.025896303579988622,0.025295397445683612,0.0005201650359077416,0.05290278283454681,0.0,0.009540255200126618,0.013942627805531963,0.014475696934163186,0.055265014208353065
0.25,1,0,U,3,2026092103,context_1,517,1659,0.04576927108217238,0.010831994013787809,0.07195371965642183,0.028546846232135673,0.021327386351022992,0.008239381017904418,0.02657211870767305,0.0510022021867676,0.0,0.0325186865383472,0.02262758421365231,0.041232131603704245,0.0906169751160538
0.25,1,0,U,3,2026092103,pooled,2048,6846,0.03908958256654249,0.0035843756719597603,0.06837776929717986,0.017496567544181933,0.02385837654783529,0.021119105485085388,0.0009415745533314472,0.05179881444408808,0.0,0.011237280152187418,0.010514433643351483,0.015964051085240922,0.0483433743519693
0.25,1,0,U,4,2026092104,context_0,1531,5187,0.04326938200948277,0.002626789358223511,0.07168962402140991,0.017230734138167662,0.02399397018878667,0.029671651736744173,0.0003764476759542854,0.0521288287942138,0.0,0.009540255200126618,0.011229665463053469,0.013940725993300887,0.05300669134423934
0.25,1,0,U,4,2026092104,context_1,517,1659,0.04352613006704453,0.004447339415391687,0.0667800755011573,0.03491430477676827,0.023234001867687704,0.00015024591535672815,0.026214452007173664,0.0513008868553543,0.0,0.0325186865383472,0.025614015891435568,0.0365287636273151,0.09090230869701012
0.25,1,0,U,4,2026092104,pooled,2048,6846,0.042574785150545025,0.003049154128287139,0.070445766282495,0.015151293391664183,0.022575430546907332,0.02236472364091746,0.00047489431826093845,0.05123072459223072,0.0,0.011237280152187418,0.00980208390150028,0.01334264199502939,0.04715598583228116
0.25,1,0,Ucal,0,2026092100,context_0,1531,5187,0.03650281202070754,0.003325447843195761,0.06652313481657786,0.015696546702448393,0.021687460706469916,0.009186991476734588,0.00044185708733092584,0.05128088256190099,0.0,0.009540255200126618,0.010048677209751673,0.012663316051388906,0.05208366582768594
0.25,1,0,Ucal,0,2026092100,context_1,517,1659,0.04395907326887449,0.00783537966111762,0.07036022336740695,0.04219817001764838,0.027668193822787013,0.008822756779980706,0.0274386012602426,0.05225410237827533,0.0,0.0325186865383472,0.02895799494295124,0.030802239175099784,0.09227199183771309
0.25,1,0,Ucal,0,2026092100,pooled,2048,6846,0.037375094767111594,0.004429837764373687,0.06747012470115857,0.016791879409125236,0.02216795798205151,0.009209093641480509,0.0006236646853561116,0.05132650745507319,0.0,0.011237280152187418,0.010105214821599172,0.006900527678149845,0.04593608630035886
0.25,1,0,Ucal,1,2026092101,context_0,1531,5187,0.04177823720244511,0.0005639919484463188,0.07086108575934301,0.019977433250768294,0.022389063264422637,0.01742183181442611,0.0002823506262440113,0.05137533493756471,0.0,0.009540255200126618,0.012754021577244864,0.008493376544000201,0.05625318260696292
0.25,1,0,Ucal,1,2026092101,context_1,517,1659,0.03976504959531718,0.0026419317703595246,0.06976504540439891,0.03989263843718908,0.02623627063292777,0.008383009420797533,0.018040567728447074,0.05178769128352295,0.0,0.0325186865383472,0.029850096015728488,0.021047826475694975,0.09296667762589074
0.25,1,0,Ucal,1,2026092101,pooled,2048,6846,0.041044202001433105,0.0011036328063714948,0.07054398959626941,0.019347513197972073,0.02056412245352976,0.015276264628023298,0.0008147609578744025,0.05084042819057772,0.0,0.011237280152187418,0.013197208837353692,0.007211519359308651,0.049602156606590384
0.25,1,0,Ucal,2,2026092102,context_0,1531,5187,0.043135496719116206,0.00469154620900455,0.07304113569993695,0.020307777293165914,0.019894936721313372,0.020293639145362488,0.0005268891038488865,0.0508170738288489,0.0,0.009540255200126618,0.015589685309099665,0.014554354653102935,0.05668184620306552
0.25,1,0,Ucal,2,2026092102,context_1,517,1659,0.04267056742908004,0.006008727419065661,0.07169918213059338,0.037179566727996306,0.02754409037930708,0.02968553235475141,0.020585940315191648,0.051521883051248246,0.0,0.0325186865383472,0.026446941564968657,0.027194957338284427,0.09581841028919466
0.25,1,0,Ucal,2,2026092102,pooled,2048,6846,0.04225736055766466,0.004989933999222042,0.07269803732094574,0.018099824691928383,0.019487835208385623,0.022799026736086775,0.0013425443944440705,0.05074811151326379,0.0,0.011237280152187418,0.013758615417027711,0.008885476421118303,0.047641461458014796
0.25,1,0,Ucal,3,2026092103,context_0,1531,5187,0.037352099583993215,0.001161295616607439,0.06725192304558003,0.020006723666890856,0.026143002966482587,0.02473980395345214,0.0005481296677766938,0.053036553085063394,0.0,0.009540255200126618,0.014515631161694449,0.01363675429845581,0.055993745901068495
0.25,1,0,Ucal,3,2026092103,context_1,517,1659,0.04580840273885989,0.010996208861581154,0.07199546587981484,0.02866725775947967,0.02136357166874195,0.008888117291539432,0.023267353219630832,0.0510939868239788,0.0,0.0325186865383472,0.02215954962347011,0.03729564666203463,0.08963764205263652
0.25,1,0,Ucal,3,2026092103,pooled,2048,6846,0.039204342413830806,0.0035770570150197483,0.06836577513486296,0.017891558393020843,0.024114349244081013,0.02086928578258479,0.0012362819961598773,0.0518580773397211,0.0,0.011237280152187418,0.011028798513883852,0.011666411679793218,0.047867633541328794
0.25,1,0,Ucal,4,2026092104,context_0,1531,5187,0.04326938200948277,0.002657971264493275,0.07168858056659862,0.017400623238106035,0.02399397018878667,0.029797386041439486,0.00041883916327214825,0.052145614043428316,0.0,0.009540255200126618,0.01215652903549996,0.012769091753178172,0.05291203065223655
0.25,1,0,Ucal,4,2026092104,context_1,517,1659,0.043662670260008474,0.004297078930341311,0.06685749623854793,0.03616801325320432,0.023404040976682777,0.002565966847498033,0.023346224485391524,0.05112630441422477,0.0,0.0325186865383472,0.026672734028091647,0.03330299897091192,0.09047904120171534
0.25,1,0,Ucal,4,2026092104,pooled,2048,6846,0.04249800514988561,0.003034440114416819,0.07045771559387826,0.015221484996191283,0.022618092662948286,0.023078144321118488,0.0007797014081662133,0.051313782311153265,0.0,0.011237280152187418,0.00963996590342659,0.012000077803055632,0.04642961715417248
0.25,1,0,E,0,2026092100,context_0,1531,5187,0.036663021912657245,0.0033795340397082497,0.06676751524616521,0.015797969767990607,0.02225696922062219,0.011449727196301857,0.0004727749478535964,0.051491653628687024,0.0,0.009540255200126618,0.010703538188223134,0.013377282559046843,0.05238961184036734
0.25,1,0,E,0,2026092100,context_1,517,1659,0.04433968128259319,0.0075731453636005,0.07086878490844889,0.038404426161160014,0.025032587633363412,0.008502234506457207,0.0316628665945585,0.05132048575061532,0.0,0.0325186865383472,0.026796281504038417,0.03617091629159144,0.09140100658126275
0.25,1,0,E,0,2026092100,pooled,2048,6846,0.03820060969460315,0.004404486622691168,0.06777893341153805,0.01649528925711969,0.022210620098092493,0.010809047708932706,0.00042011220940612465,0.05136341137419765,0.0,0.011237280152187418,0.010089061727258448,0.008006896348123634,0.04613874119929229
0.25,1,0,E,1,2026092101,context_0,1531,5187,0.04165300972934666,0.00041941329235519495,0.07106181237455857,0.019947252258157962,0.02381283454980332,0.01780725898604958,0.00033085276509577533,0.05189427367646054,0.0,0.009540255200126618,0.01296033633782479,0.009887550564132026,0.0566100177927147
0.25,1,0,E,1,2026092101,context_1,517,1659,0.04028964384870881,0.002428714897433207,0.0699738825828618,0.03844757901130927,0.025641133751444944,0.0068873918548958,0.02293784822782656,0.05145698538941239,0.0,0.0325186865383472,0.027878219926542012,0.028928473838787525,0.09432497656531591
0.25,1,0,E,1,2026092101,pooled,2048,6846,0.041051338937347415,0.0009429298755637718,0.07074202877509066,0.017606055078038856,0.021246716310185043,0.015184754780034823,0.0006060219473338849,0.05109171236724314,0.0,0.011237280152187418,0.01143583574385569,0.011550750091614225,0.0502461244095439
0.25,1,0,E,2,2026092102,context_0,1531,5187,0.04301993179059077,0.00473243390594514,0.0732618029668776,0.019492653873588728,0.021204806303863677,0.021224943892501277,0.0005310002843927075,0.05108353109476699,0.0,0.009540255200126618,0.014003753983830202,0.01543042501721327,0.055825561886993946
0.25,1,0,E,2,2026092102,context_1,517,1659,0.04264580185316502,0.005925254797225271,0.07205036198022559,0.03622938471816419,0.029074442360262714,0.03161419350393144,0.025526312486874397,0.05169633529279752,0.0,0.0325186865383472,0.026024981179697343,0.03174360563768143,0.09518027426559447
0.25,1,0,E,2,2026092102,pooled,2048,6846,0.042322985647914646,0.005000677505929335,0.0729501403442144,0.017719736190484062,0.020789029747634774,0.023998458099783793,0.000958718710880508,0.05094602827861508,0.0,0.011237280152187418,0.014324687549531031,0.009603449620233916,0.04750531044239351
0.25,1,0,E,3,2026092103,context_0,1531,5187,0.03788951039856364,0.0011192017252413524,0.06746760359269001,0.0188339278881214,0.026513183500681547,0.02633808429384847,0.0005782837826628874,0.053384081251286485,0.0,0.009540255200126618,0.01339886249677461,0.013948392431604159,0.055191537561782945
0.25,1,0,E,3,2026092103,context_1,517,1659,0.046436363593940266,0.010907190343102155,0.0725366085212639,0.02849241172746144,0.023452875213461344,0.004344274014529387,0.02718306146342514,0.05110793773299143,0.0,0.0325186865383472,0.022135121759953958,0.04035395514165961,0.08946826393756856
0.25,1,0,E,3,2026092103,pooled,2048,6846,0.03965516864169227,0.0035224795709679945,0.06864506021199428,0.01681328393739583,0.02490359839083872,0.02090226789321048,0.0009740359721552485,0.05229630007458402,0.0,0.011237280152187418,0.01049415136539026,0.013198363109618158,0.04794932457271846
0.25,1,0,E,4,2026092104,context_0,1531,5187,0.04317551418686005,0.002581339911023197,0.07181017084463988,0.018001888493281826,0.024762806682892255,0.029044759506820464,0.0004121236042074843,0.05303038966095781,0.0,0.009540255200126618,0.010683091833939179,0.01215264131127978,0.0529111869864417
0.25,1,0,E,4,2026092104,context_1,517,1659,0.04396132877835035,0.004391014346732057,0.0672289552610228,0.036157787371879885,0.02442427563065319,0.0034911830466395205,0.02715478473820153,0.05095123140499456,0.0,0.0325186865383472,0.027650012308081902,0.036301658614173796,0.09012931584488348
0.25,1,0,E,4,2026092104,pooled,2048,6846,0.04290302280719488,0.0030013002326283516,0.07064840669915767,0.015648838056397885,0.02346788395058086,0.02274503054278229,0.0005056949563567292,0.05205194762257471,0.0,0.011237280152187418,0.010783117256634368,0.01132744412810678,0.04732678180017979
0.25,1,0,Ecal,0,2026092100,context_0,1531,5187,0.03665324721962354,0.0033281267264901153,0.06672331341010553,0.015818717912689805,0.022313920072037433,0.010325368783914962,0.0004641511484802822,0.05152474787477731,0.0,0.009540255200126618,0.010778318167269135,0.012641210496055145,0.05220216991321464
0.25,1,0,Ecal,0,2026092100,context_1,517,1659,0.04454854923767976,0.007569268356816518,0.07081933603949277,0.03990697256461859,0.02579776362384123,0.008234390681067821,0.02963103294341385,0.05155875394493791,0.0,0.0325186865383472,0.02863574977197762,0.03222230868814392,0.09053462064996011
0.25,1,0,Ecal,0,2026092100,pooled,2048,6846,0.03811363880351226,0.004365086049770054,0.06773383307149738,0.017441205645644314,0.022402599620276797,0.009900841098328256,0.0005281869927862577,0.05144443197217088,0.0,0.011237280152187418,0.010654148544419447,0.006015229951015266,0.046565390469520546
0.25,1,0,Ecal,1,2026092101,context_0,1531,5187,0.0416802956034496,0.00042975062512322034,0.07107110320983855,0.020683279471922715,0.023841309975510983,0.017685639730080777,0.0003790849931666557,0.051903422320617836,0.0,0.009540255200126618,0.012959063858813381,0.009839941059205552,0.05654234561133932
0.25,1,0,Ecal,1,2026092101,context_1,517,1659,0.040126764135377135,0.0024109058926561804,0.06998611269747884,0.03889345628562409,0.025216035978957274,0.007529029012518618,0.019470215540405317,0.05136495844227616,0.0,0.0325186865383472,0.028774058349866388,0.023605033150603874,0.09241044855628143
0.25,1,0,Ecal,1,2026092101,pooled,2048,6846,0.04106921023135668,0.0009458991434558802,0.0707487250140381,0.0183841241314351,0.021417364774348857,0.015254571564388517,0.0009682781191904452,0.05111758272831118,0.0,0.011237280152187418,0.011916785198740745,0.0080707807016862,0.04968991223223079
0.25,1,0,Ecal,2,2026092102,context_0,1531,5187,0.04299264591648777,0.004644894973551117,0.07323895008101115,0.01991324980656624,0.021404134283816934,0.021799643066841387,0.0005869306666894877,0.05112216510392771,0.0,0.009540255200126618,0.014444951075786028,0.015893343913945035,0.05622728537146005
0.25,1,0,Ecal,2,2026092102,context_1,517,1659,0.042808681566496753,0.005873967958081546,0.0720571811226693,0.03623267047732093,0.029584559687247908,0.031417357535453216,0.02261805638573161,0.0517554282774462,0.0,0.0325186865383472,0.02596625811039352,0.027046080581967297,0.09486208828925456
0.25,1,0,Ecal,2,2026092102,pooled,2048,6846,0.042261671063218764,0.00492212371714408,0.07293475847045701,0.017835934612042047,0.02100234032783957,0.024379044628260793,0.0013198103803142864,0.05099855695787704,0.0,0.011237280152187418,0.014365563939328287,0.009122732718142693,0.04747405155839488
0.25,1,0,Ecal,3,2026092103,context_0,1531,5187,0.03794408214676959,0.0012135110303783743,0.06744627534231357,0.019456301425540917,0.02662708520351198,0.02638718216278864,0.0005374439942516414,0.05339099874661214,0.0,0.009540255200126618,0.013888343780676105,0.013667895385185641,0.054655379327367394
0.25,1,0,Ecal,3,2026092103,context_1,517,1659,0.046393717681562974,0.010964614207234408,0.07253521842593702,0.02694637801596629,0.02336785565896382,0.005440131595917969,0.024428167316544007,0.051089245002650364,0.0,0.0325186865383472,0.020310465762502082,0.036987103242735485,0.08804390463840375
0.25,1,0,Ecal,3,2026092103,pooled,2048,6846,0.039716483226388155,0.0036086291369872864,0.06863251695113413,0.016545866087369247,0.02498892262292063,0.02121811633764803,0.0011078537237172344,0.0523227171987801,0.0,0.011237280152187418,0.010625945511690943,0.01044544660362266,0.047195657742222945
0.25,1,0,Ecal,4,2026092104,context_0,1531,5187,0.04309365656455111,0.0025704990311480524,0.07179060451185101,0.01829994141836247,0.024975836041510324,0.029682426086247063,0.00044390689580938716,0.053126852150075156,0.0,0.009540255200126618,0.011396798272894788,0.012345051470664174,0.05330253025842505
0.25,1,0,Ecal,4,2026092104,context_1,517,1659,0.043741580343795716,0.004338385289307011,0.06720496011103168,0.03556210774470673,0.02442427563065319,0.002594279544292269,0.025764772636780606,0.05094594210461763,0.0,0.0325186865383472,0.02688829278215887,0.0338138997344777,0.08968219475686741
0.25,1,0,Ecal,4,2026092104,pooled,2048,6846,0.042759715714386526,0.002979917935143196,0.07062753233921981,0.01624115439008903,0.02359587029870369,0.02299814084574514,0.0006982881976790277,0.0520781955472987,0.0,0.011237280152187418,0.011089690180113783,0.01028076924541297,0.04658504420837248
0.25,1,1,U,0,2026092200,context_0,1556,5187,0.03524824296179241,0.0022828353536890915,0.06567324747316358,0.019877971129683078,0.02309047525750385,0.013436058909207266,0.00017258143866202835,0.052196397350550615,0.0,0.021184808967247067,0.013609956626383738,0.009846380821983167,0.05435494285950149
0.25,1,1,U,0,2026092200,context_1,492,1659,0.04100593935571517,0.013643142666137326,0.07000639109160098,0.0354347296587676,0.032473803969514825,0.016204712770173074,0.029792246921889337,0.058171650495415415,0.0,0.015478671400638062,0.02641331960947841,0.041274158629750216,0.09569406871697918
0.25,1,1,U,0,2026092200,pooled,2048,6846,0.03583402705326211,0.00501666312384521,0.06660971248397123,0.019192532449832125,0.02461561462830364,0.014099340801962665,0.0006130272583861462,0.053104733227079606,0.0,0.014722275239418995,0.01336080371943418,0.01414630801303509,0.046853174031465564
0.25,1,1,U,1,2026092201,context_0,1556,5187,0.034971850460239595,0.0008118963788206863,0.06565453180635056,0.019479921521025644,0.021316476715085853,0.014022234841784512,0.00031008269613459066,0.05128920319226514,0.0,0.021184808967247067,0.012758462451758757,0.011915681409771495,0.056535241122564625
0.25,1,1,U,1,2026092201,context_1,492,1659,0.03695983531374114,0.003868820513514397,0.06904934575077125,0.03195110333760461,0.03290329077813775,0.010059507032503745,0.026202842756152665,0.05775278974799347,0.0,0.015478671400638062,0.019487532475432306,0.0322144936421432,0.0892892790521225
0.25,1,1,U,1,2026092201,pooled,2048,6846,0.03493553621271822,0.0003208683648400659,0.06644891702405042,0.016472130481583133,0.023388906225351058,0.013106159915399054,4.182771555752765e-05,0.052019749657932636,0.0,0.014722275239418995,0.010113716163346158,0.013276164287229216,0.0476920127386971
0.25,1,1,U,2,2026092202,context_0,1556,5187,0.03278146489091577,0.004535316039594829,0.06676854142440623,0.020935294125607868,0.020759042224969063,0.004319646180911241,0.0002460095105623209,0.050925572680694496,0.0,0.021184808967247067,0.013790861598141389,0.010985706548121338,0.05442498036020274
0.25,1,1,U,2,2026092202,context_1,492,1659,0.03048241057483847,0.00738611031789947,0.06428482648925875,0.04514136520940073,0.023010922758424868,0.011366612304012175,0.03040951327685705,0.051223998794433526,0.0,0.015478671400638062,0.03415237854361727,0.03586907856935932,0.09390175719484034
0.25,1,1,U,2,2026092202,pooled,2048,6846,0.03188038001812221,0.0016626313089685098,0.06614638809972913,0.017496330719927546,0.02000488304479231,0.005922547511754986,0.0003633743660567783,0.050836325140730894,0.0,0.014722275239418995,0.013122335836014291,0.010704949464494764,0.04676807318998438
0.25,1,1,U,3,2026092203,context_0,1556,5187,0.03442665641472309,0.010313510660340777,0.06227955962674306,0.02046507554296288,0.022240864984543973,0.02213684740035192,0.0003448097639495622,0.05183891645946064,0.0,0.021184808967247067,0.014640546810862498,0.011431729596078515,0.05320284620732426
0.25,1,1,U,3,2026092203,context_1,492,1659,0.035973660016573206,0.01723125344810208,0.06170896324918894,0.036389883557030794,0.02210974866116039,0.026573942963788955,0.024179535538519897,0.052319378366328856,0.0,0.015478671400638062,0.02278496074668014,0.031692456790779984,0.09097588133814924
0.25,1,1,U,3,2026092203,pooled,2048,6846,0.03404473325446211,0.003791735032404116,0.06206288079191565,0.01754984911298994,0.02141087406241826,0.0231834968301326,0.00025582411058308607,0.05175622106023803,0.0,0.014722275239418995,0.012667064335931408,0.009760687240269988,0.044955814284666974
0.25,1,1,U,4,2026092204,context_0,1556,5187,0.03418327714664671,0.004178104293247276,0.06599031755883414,0.01880306209968289,0.024207239872119812,0.011546095520614905,0.00020824968900555506,0.052320661816197454,0.0,0.021184808967247067,0.013000801234761817,0.009810027959061537,0.053389827864220224
0.25,1,1,U,4,2026092204,context_1,492,1659,0.03345001811527504,0.0017863163610373446,0.062266864692652725,0.0396566902563703,0.024942536071688892,0.028967937984198416,0.02880259786668625,0.05095284287316977,0.0,0.015478671400638062,0.029235193897473435,0.03291190782524078,0.08437525426127732
0.25,1,1,U,4,2026092204,pooled,2048,6846,0.03323775352278896,0.003600813014693692,0.06465680607728005,0.017564729064490775,0.021447759562205182,0.015593353808459068,0.0004241455367368224,0.051368950830625176,0.0,0.014722275239418995,0.011219954238644959,0.00732702361189252,0.04706589339427537
0.25,1,1,Ucal,0,2026092200,context_0,1556,5187,0.03516835799614293,0.002287508985392552,0.06569323093533877,0.019527012904714994,0.022812682046769894,0.013261157902723211,0.0001691475898395389,0.05206353372850524,0.0,0.021184808967247067,0.013370301729435378,0.007820393263188927,0.05362375706052078
0.25,1,1,Ucal,0,2026092200,context_1,492,1659,0.04078675253146963,0.014011156729860638,0.06995461221209795,0.03563157682813098,0.03273969070176691,0.016240922209304287,0.02227259819716053,0.05847074447210133,0.0,0.015478671400638062,0.025557659666540177,0.03735894340705222,0.0936562020720688
0.25,1,1,Ucal,0,2026092200,pooled,2048,6846,0.03581375500233874,0.0051083876291611015,0.06661707162060722,0.018810387617008015,0.02438296303464027,0.01397975306396905,0.00023583053002917097,0.05301370884354489,0.0,0.014722275239418995,0.012870037076975515,0.010702013173893707,0.04626822963585472
0.25,1,1,Ucal,1,2026092201,context_0,1556,5187,0.034961308748666375,0.0009636078392448939,0.06560055480452803,0.019313323722612925,0.021094242146498687,0.013687927770528616,0.00033641456758640425,0.0512461051033871,0.0,0.021184808967247067,0.01259326242205236,0.011294467885644463,0.05580038084211927
0.25,1,1,Ucal,1,2026092201,context_1,492,1659,0.037214612383804746,0.003912520021479062,0.06905670388878658,0.03219754679917907,0.0327260329566364,0.012366585002853064,0.020821132060800898,0.057672679333428074,0.0,0.015478671400638062,0.02036589120483387,0.028955063854163604,0.08996274351587082
0.25,1,1,Ucal,1,2026092201,pooled,2048,6846,0.03481390390717787,0.00021538271147145377,0.06641538517777132,0.016573773088673877,0.023198554921444625,0.01340765758961357,0.00042343334540445934,0.051965154540877335,0.0,0.014722275239418995,0.010278369185715393,0.008172991345955321,0.04751140414251104
0.25,1,1,Ucal,2,2026092202,context_0,1556,5187,0.03264832328149997,0.004494374791380616,0.06671781465230817,0.020880924337550833,0.02084238018818925,0.0047970278389391635,0.0002539405573134231,0.05093488281536549,0.0,0.021184808967247067,0.013631091666842463,0.010111295802631634,0.053958327091372944
0.25,1,1,Ucal,2,2026092202,context_1,492,1659,0.031076890404987068,0.00761025309624142,0.06429199454638752,0.044046965562182315,0.02281121658728591,0.01129800168987738,0.024293824685518786,0.05120023123988914,0.0,0.015478671400638062,0.034163082296707364,0.027775078652361136,0.09182797419432649
0.25,1,1,Ucal,2,2026092202,pooled,2048,6846,0.031718203610735074,0.0015770640474765585,0.06610926114286597,0.017332152072675876,0.019835681885764345,0.006266573007456158,2.296973192441286e-05,0.05082998815259866,0.0,0.014722275239418995,0.012618318624030792,0.00820231645134038,0.04574842729212234
0.25,1,1,Ucal,3,2026092203,context_0,1556,5187,0.03445328473660625,0.010413711956351629,0.062239825066356114,0.01998484881439917,0.02191403896377847,0.021463864921345957,0.000300972362314713,0.05161021376291626,0.0,0.021184808967247067,0.014028095407549923,0.009638082016092418,0.052821952051466704
0.25,1,1,Ucal,3,2026092203,context_1,492,1659,0.035803808636530765,0.017625770268189508,0.06155354557689374,0.0350649810631898,0.021927398239321882,0.024697881195016563,0.019237762083239074,0.05265160814526301,0.0,0.015478671400638062,0.02142690739972968,0.026463362639628393,0.0907535466651472
0.25,1,1,Ucal,3,2026092203,pooled,2048,6846,0.034085277356308896,0.00377442274116361,0.06199438630358863,0.017560718745607114,0.02125109593434643,0.022229881005298047,0.0003865056277848108,0.05165866735206661,0.0,0.014722275239418995,0.012585976132237846,0.0072927310664231745,0.04454995049710487
0.25,1,1,Ucal,4,2026092204,context_0,1556,5187,0.03419115660431693,0.0041554910756145865,0.06599902926042031,0.018727077973323077,0.024068343266752834,0.012062175261213795,0.00017463237416660837,0.05224770878894857,0.0,0.021184808967247067,0.013100973731723187,0.008270589727324995,0.05288445385393746
0.25,1,1,Ucal,4,2026092204,context_1,492,1659,0.03328815986690209,0.001809645818283866,0.06240692115328814,0.042347542127811,0.0251197938931903,0.028065579592190137,0.02246993987920791,0.0511719114004903,0.0,0.015478671400638062,0.031237307968746762,0.02506949594937203,0.08539200050148704
0.25,1,1,Ucal,4,2026092204,pooled,2048,6846,0.03326336135113783,0.0035893954985977937,0.06469629481444113,0.018166494121648852,0.02123625811342028,0.015766770241938427,0.00018271559864203347,0.05127109507667947,0.0,0.014722275239418995,0.011403680902034537,0.005242024344395862,0.04690513260089791
0.25,1,1,E,0,2026092200,context_0,1556,5187,0.034860425175038956,0.002128610853595664,0.06564662432364564,0.02023185737569405,0.024566657280672866,0.01005248945882431,0.00016840801939327528,0.05306191742405683,0.0,0.021184808967247067,0.013609956626383759,0.01206998617398157,0.054742484917674285
0.25,1,1,E,0,2026092200,context_1,492,1659,0.04113088406277332,0.013511145984129218,0.06978870631411144,0.036626373384240046,0.03158751486200795,0.014868414713732986,0.033011080963677095,0.05620026766194192,0.0,0.015478671400638062,0.02306165756634216,0.050935735530393725,0.10019748813444548
0.25,1,1,E,0,2026092200,pooled,2048,6846,0.03603508829221902,0.004866414036526283,0.06655390783205735,0.01778453019622129,0.025715422161985302,0.011164028790359784,0.0008749647520324613,0.053580951826903214,0.0,0.014722275239418995,0.012222589024341318,0.018676600949744424,0.047103839334622026
0.25,1,1,E,1,2026092201,context_0,1556,5187,0.034963451188392225,0.0009533198153945093,0.06549446937485344,0.02097058396974682,0.021983180420847237,0.013168891010657588,0.00031107885980605947,0.05149244276673587,0.0,0.021184808967247067,0.014720373519628469,0.012491835748852253,0.0570739400928887
0.25,1,1,E,1,2026092201,context_1,492,1659,0.037191924269079246,0.0038827846672593444,0.06901957979770583,0.03438219402407475,0.03414409552864739,0.006209334976359823,0.02826801691669026,0.05893269393408182,0.0,0.015478671400638062,0.02238402355465985,0.038869546736660675,0.09125854914213986
0.25,1,1,E,1,2026092201,pooled,2048,6846,0.03480448054157348,0.00021600720442327024,0.06631420740341293,0.01640498597220447,0.024234912020490773,0.011528241723023344,0.00016818069274053896,0.05240894302500863,0.0,0.014722275239418995,0.011171324143284127,0.01651711570211556,0.048033320182878224
0.25,1,1,E,2,2026092202,context_0,1556,5187,0.032583428754360266,0.004708427661659124,0.06669039673054582,0.02109855091261845,0.020592366298528716,0.004924334131941738,0.000236100813547743,0.05103705379620852,0.0,0.021184808967247067,0.013832116895551685,0.01221650677822789,0.05433403227983672
0.25,1,1,E,2,2026092202,context_1,492,1659,0.030438218908291903,0.007372574052782809,0.06398137644276845,0.04292387150927191,0.023697505694792786,0.008233852998747876,0.035124987159629806,0.051361970732109866,0.0,0.015478671400638062,0.03147302531496298,0.044928806597309405,0.09577575173227587
0.25,1,1,E,2,2026092202,pooled,2048,6846,0.03168701320811612,0.0017976830097687494,0.06601933609496273,0.017536009884494344,0.020766288260418042,0.005648076840009814,0.0007675169820209968,0.05093970363248045,0.0,0.014722275239418995,0.012204405111885332,0.014244055593690836,0.04764170875297372
0.25,1,1,E,3,2026092203,context_0,1556,5187,0.03452761066765769,0.010387909154716568,0.062155292229112626,0.020062543208637557,0.02219183217451237,0.019938213544099068,0.0003568218869463751,0.051701908294074284,0.0,0.021184808967247067,0.014240694479896706,0.011142487074070395,0.053367068245122176
0.25,1,1,E,3,2026092203,context_1,492,1659,0.03576661763003114,0.017465077911792366,0.06179436797160009,0.036649500733795824,0.023965863186587666,0.022488621069623127,0.027757787980978194,0.054044740726253766,0.0,0.015478671400638062,0.022866674243600553,0.03762608405393867,0.09414789627737312
0.25,1,1,E,3,2026092203,pooled,2048,6846,0.03396432812712019,0.003791036898765427,0.06197859105747169,0.018549078757124585,0.021906750425579713,0.02055076992916896,1.381018605521589e-06,0.05198244725383311,0.0,0.014722275239418995,0.013436551451868407,0.011701316528948267,0.046495629135823974
0.25,1,1,E,4,2026092204,context_0,1556,5187,0.03414988717104517,0.003834052818833063,0.06592966631103121,0.018947223348182884,0.024179460551046417,0.01173255454705012,0.0001720916100033023,0.052513536264159666,0.0,0.021184808967247067,0.011837013754140487,0.009882684029348391,0.053180633963533286
0.25,1,1,E,4,2026092204,context_1,492,1659,0.03357236959002918,0.0015555854867143684,0.0621656391287052,0.04116953310349254,0.022726813302921756,0.02381833414061782,0.02948616984927424,0.05072318591230854,0.0,0.015478671400638062,0.029279716387894193,0.04026487786005561,0.08673000152906293
0.25,1,1,E,4,2026092204,pooled,2048,6846,0.03320353460914105,0.0032845253368620694,0.06458954461048,0.01763319070773233,0.022103414053438464,0.01452785366935784,0.000615711230936641,0.051720043032655885,0.0,0.014722275239418995,0.01051043245632624,0.011610164320431802,0.04672335493167921
0.25,1,1,Ecal,0,2026092200,context_0,1556,5187,0.03477891265770733,0.0020462914632026694,0.06562557240737756,0.020800379458300773,0.024233305427792118,0.011434919091146578,0.00017254884213133712,0.052760348393455926,0.0,0.021184808967247067,0.014195289022077676,0.008378652365786526,0.0545552963768601
0.25,1,1,Ecal,0,2026092200,context_1,492,1659,0.04096525869092993,0.013657193196522456,0.06975897401458599,0.03712900197809934,0.030967112486753157,0.015300993975954719,0.027630929437027357,0.055802079911899935,0.0,0.015478671400638062,0.023632360764501925,0.04140565284253554,0.09796999735890208
0.25,1,1,Ecal,0,2026092200,pooled,2048,6846,0.035893183935755246,0.004838639864798329,0.06653433387307142,0.018149985518498314,0.02529241926441539,0.012327827238855033,0.0005288209187969319,0.05324336687950577,0.0,0.014722275239418995,0.01248612568634539,0.011762489103234432,0.046422782456660844
0.25,1,1,Ecal,1,2026092201,context_0,1556,5187,0.0349548597973372,0.0009613689199016496,0.06546648941711361,0.020461508103224592,0.02170538721011339,0.01408055649517248,0.0003261768708225331,0.051431330205309746,0.0,0.021184808967247067,0.013823595327084968,0.010810310997984629,0.0558874990168549
0.25,1,1,Ecal,1,2026092201,context_1,492,1659,0.03744670133914296,0.003801241188132835,0.06909484513815559,0.03602962671894484,0.03334643533189119,0.005655056857157559,0.022257844194778317,0.0583311937483442,0.0,0.015478671400638062,0.024846868565275536,0.03197211995217154,0.09115534825695065
0.25,1,1,Ecal,1,2026092201,pooled,2048,6846,0.034743664388803275,0.00019042669747719367,0.06631059521811145,0.016105688849050077,0.023875359557556375,0.012077297145327348,0.00020982973437290442,0.052270242227710144,0.0,0.014722275239418995,0.01079557582386129,0.009070880344912205,0.046730012031530675
0.25,1,1,Ecal,2,2026092202,context_0,1556,5187,0.03246637375525452,0.004696780864758101,0.06667866373089502,0.021355025927839725,0.0207034835828223,0.005787396821619009,0.00021823868837121934,0.051025718303290314,0.0,0.021184808967247067,0.014604338230163171,0.009482337386386005,0.05398969956096332
0.25,1,1,Ecal,2,2026092202,context_1,492,1659,0.030405413986059504,0.007281045277297857,0.06407400414293847,0.043388644993235276,0.02316573223028867,0.007257110104394601,0.03122015402779489,0.05121283496925463,0.0,0.015478671400638062,0.03271621874714863,0.037877992271066814,0.09287958606678362
0.25,1,1,Ecal,2,2026092202,pooled,2048,6846,0.03151606303702936,0.0018100640995031491,0.06603147480897326,0.017803939004031835,0.02055478681163314,0.006073956866070998,0.0005766833099497357,0.05089634909394191,0.0,0.014722275239418995,0.012900851108230343,0.00815678599445393,0.04637493468555034
0.25,1,1,Ecal,3,2026092203,context_0,1556,5187,0.034474354023891374,0.010369117440837662,0.0621311033279767,0.020324774554162435,0.022247390816659163,0.020150093617017098,0.000376569746990435,0.05163837599353394,0.0,0.021184808967247067,0.014640119308144047,0.010947959639383572,0.053143786124048104
0.25,1,1,Ecal,3,2026092203,context_1,492,1659,0.035692822562615134,0.017412262240901356,0.06167193914064049,0.03507435347475205,0.023522718632834283,0.022378433246075774,0.023325045857201465,0.05395718350581027,0.0,0.015478671400638062,0.020783935192670216,0.031175674718796113,0.09351709024127972
0.25,1,1,Ecal,3,2026092203,pooled,2048,6846,0.034085960432660545,0.0037877951242529986,0.061931649263203374,0.018596947111682624,0.02175869941143027,0.020692009440879205,0.0003282565559316105,0.05190081940121952,0.0,0.014722275239418995,0.013553095888525369,0.008270007222479453,0.04594015309302141
0.25,1,1,Ecal,4,2026092204,context_0,1556,5187,0.034277789944542225,0.0038781508397629054,0.06596546687929855,0.018963912511600133,0.023858591438915944,0.01168811505292594,0.00019926008376478996,0.05231722340338665,0.0,0.021184808967247067,0.012541351469458454,0.008608588829242732,0.052713245794821804
0.25,1,1,Ecal,4,2026092204,context_1,492,1659,0.03333043062063096,0.0016155494962409034,0.06219246060017525,0.0429152970096921,0.023169957856675194,0.022852381885023115,0.024806070119741633,0.050717200632048175,0.0,0.015478671400638062,0.03145168183921001,0.03360906940401076,0.08665892798123753
0.25,1,1,Ecal,4,2026092204,pooled,2048,6846,0.03328462281283462,0.0033322932117578466,0.06462402782814215,0.018086397158537448,0.021701561300747074,0.014262385266987934,0.00023868666253558726,0.05152672899641942,0.0,0.014722275239418995,0.010914172207056014,0.006369951947421316,0.04608673325275689
0.25,1,2,U,0,2026092300,context_0,1559,5187,0.0334326045611274,0.0027295420446502737,0.06075749862892066,0.01955898866172548,0.02090640317160629,0.015803207733318475,0.000249980367320872,0.05104421876887503,0.0,0.03450850011989069,0.01222244376623893,0.011778658486809234,0.05376135830305426
0.25,1,2,U,0,2026092300,context_1,489,1659,0.03149759912448791,0.008875510460325794,0.05565073267950303,0.032302957605907456,0.026364834204484433,0.010802188672861979,0.02727124060246741,0.05107113381951992,0.0,0.025891493508174424,0.019865058608027154,0.031554075133371315,0.09002118242878504
0.25,1,2,U,0,2026092300,pooled,2048,6846,0.03227690473425571,0.004186852949907108,0.05953829821942853,0.018629093824874546,0.01999072990066808,0.014543486576998652,0.0003522949183706308,0.05084225809748556,0.0,0.021296401696702435,0.01365108946370311,0.013608078354115698,0.04719624032162626
0.25,1,2,U,1,2026092301,context_0,1559,5187,0.034288908217118,0.001485698681457853,0.06383470416726454,0.016727828440877564,0.021638270784158586,0.021857696718412464,0.00028974923391399034,0.050836640539741317,0.0,0.03450850011989069,0.011939535328732131,0.01510274531237115,0.055557113629942166
0.25,1,2,U,1,2026092301,context_1,489,1659,0.03897797658632057,0.010304940691246683,0.06916757374674565,0.04139861708234226,0.024840580640420995,0.007478698294026559,0.02729768914021906,0.05123326129884563,0.0,0.025891493508174424,0.032403622712765465,0.03968951177667536,0.09421804457344313
0.25,1,2,U,1,2026092301,pooled,2048,6846,0.03510692459162601,0.00358958040307184,0.06503908098115486,0.019950139132632355,0.02174208033956071,0.018429370068069523,0.00020120753537605264,0.05077135799810254,0.0,0.021296401696702435,0.015171214974840416,0.01722315400733521,0.04734170538271458
0.25,1,2,U,2,2026092302,context_0,1559,5187,0.035797941046069925,0.00744877067781497,0.06495322576084715,0.019872931728990795,0.024288341121155188,0.010889318540566378,0.00043232340384758957,0.05192621282897393,0.0,0.03450850011989069,0.014712876011317209,0.014652395343474844,0.05345690682064601
0.25,1,2,U,2,2026092302,context_1,489,1659,0.03556809739709321,0.006173864639866116,0.058546506276133774,0.029926261722478406,0.02982036263059057,0.0059400967934845755,0.0243024113303226,0.052346049577225925,0.0,0.025891493508174424,0.01974831013482182,0.0296324701317355,0.08974133346290881
0.25,1,2,U,2,2026092302,pooled,2048,6846,0.035251435316698165,0.007187911340523085,0.06344357843709736,0.020668632599842012,0.02426949068517148,0.009696673342834639,0.0004433893677905521,0.05149936709619725,0.0,0.021296401696702435,0.016485224089184305,0.008909972951512002,0.0467079106766556
0.25,1,2,U,3,2026092303,context_0,1559,5187,0.03253394300204643,0.011038726325405767,0.06346460874474785,0.019784632718900463,0.020534985307264053,0.017153237186386297,0.0003047545454242643,0.05093082171976242,0.0,0.03450850011989069,0.013468442982142009,0.013232129231179581,0.05386703474113806
0.25,1,2,U,3,2026092303,context_1,489,1659,0.04634781408441385,0.00652667996678826,0.070648185603589,0.03552975644291143,0.020691966633932024,0.030863993326408906,0.019008808611770928,0.05051519015290056,0.0,0.025891493508174424,0.02675898233808581,0.02116481637804374,0.08555065074101638
0.25,1,2,U,3,2026092303,pooled,2048,6846,0.03559919626169289,0.006925375161163674,0.06509862241350525,0.02052031180480209,0.020159534762248077,0.020226260049672734,0.0003854199967885056,0.05073632921393485,0.0,0.021296401696702435,0.014695227986080554,0.011733982141665766,0.048855428075465
0.25,1,2,U,4,2026092304,context_0,1559,5187,0.03490711999649837,0.0050141663654584626,0.06422349619200042,0.01927941998118235,0.022821455703937565,0.015386022824490642,0.00020552159040321434,0.05153005391939024,0.0,0.03450850011989069,0.01298767281281476,0.011800907201436565,0.051034570772535405
0.25,1,2,U,4,2026092304,context_1,489,1659,0.03333290878296413,0.003834324393865409,0.05809983073457512,0.03384353163886367,0.03482478514498677,0.021088172150045104,0.024968498982175485,0.05800255436973612,0.0,0.025891493508174424,0.024365308351580704,0.03068395141412119,0.08721409420161985
0.25,1,2,U,4,2026092304,pooled,2048,6846,0.033218328356124094,0.0029296097377319716,0.0626897406797153,0.017361292051448846,0.023796375322955976,0.016701758798107202,0.00013119165746889976,0.05215144817132228,0.0,0.021296401696702435,0.012452934974975325,0.008807738677488519,0.04421404845216854
0.25,1,2,Ucal,0,2026092300,context_0,1559,5187,0.03342117097241959,0.002719078866653372,0.0608495789507899,0.0192653287228001,0.021071970654152714,0.016058122133594838,0.00031152772156677316,0.051003466869759366,0.0,0.03450850011989069,0.011827803652683908,0.009401884219242377,0.05349135723874827
0.25,1,2,Ucal,0,2026092300,context_1,489,1659,0.0312609115741167,0.008719887370436294,0.05567383922321382,0.03257924982732388,0.025737200383987746,0.011210389261894549,0.02679533359804468,0.0510520287396984,0.0,0.025891493508174424,0.020388054292422266,0.032805425757739134,0.09149101105658224
0.25,1,2,Ucal,0,2026092300,pooled,2048,6846,0.03221622512260519,0.004141982168103869,0.0596166750463797,0.018232152230008354,0.019927428077575526,0.014825853925250862,0.00016641633032173433,0.050842534379412704,0.0,0.021296401696702435,0.013312216057953578,0.008400854419973222,0.04647873686576659
0.25,1,2,Ucal,1,2026092301,context_0,1559,5187,0.034341821069649836,0.0016410555221540546,0.06390135510029894,0.01736039634212073,0.021583081623309686,0.022268646112847693,0.0002699601236430373,0.05083892860421063,0.0,0.03450850011989069,0.011804489388540751,0.009942260676462814,0.0551786706627836
0.25,1,2,Ucal,1,2026092301,context_1,489,1659,0.039160419551900194,0.010138416262760602,0.06926640299293964,0.043774787149464776,0.025288890512204343,0.009800152136089868,0.023706567304069996,0.051259874635869236,0.0,0.025891493508174424,0.03540997900893451,0.0362929232706023,0.09388260632092524
0.25,1,2,Ucal,1,2026092301,pooled,2048,6846,0.03526873688936066,0.0036666328348667057,0.06511838324806048,0.019615162060384595,0.021678778516468156,0.01927969802051624,4.339195213524591e-05,0.05077436180467615,0.0,0.021296401696702435,0.014867816916587997,0.01086490985301389,0.046821876870681865
0.25,1,2,Ucal,2,2026092302,context_0,1559,5187,0.035797941046069925,0.007492010589624338,0.06492557494818077,0.019676740115156407,0.024122773638608708,0.010697969218526074,0.0004108178156776248,0.05189628951689933,0.0,0.03450850011989069,0.01428957319106218,0.012855325361952784,0.05336061765498536
0.25,1,2,Ucal,2,2026092302,context_1,489,1659,0.03539630560874063,0.00622120274096832,0.05854124672915007,0.03206388512987095,0.029103066835737157,0.005919621105949097,0.02130746895017753,0.052291132005850935,0.0,0.025891493508174424,0.02037380235240338,0.027149927274010333,0.08996046741564728
0.25,1,2,Ucal,2,2026092302,pooled,2048,6846,0.03521098224226449,0.007232699071951146,0.06342233729091237,0.020428112616987414,0.02403738400049893,0.009551896466544946,0.0005147361127494799,0.051431995290872536,0.0,0.021296401696702435,0.015980212869289908,0.0059975077994949,0.046728752393028226
0.25,1,2,Ucal,3,2026092303,context_0,1559,5187,0.03253394300204643,0.011073398058252089,0.06350529868318248,0.020172199582846335,0.021086876915752117,0.017036463466071503,0.0003054726187373888,0.05101634197078963,0.0,0.03450850011989069,0.014013886661866622,0.010517740254770721,0.05333758995851
0.25,1,2,Ucal,3,2026092303,context_1,489,1659,0.046261918190237616,0.006412983323263676,0.07068943224974168,0.036657488327895525,0.020781628608288694,0.030705774398529145,0.015960347614344617,0.05051997475175207,0.0,0.025891493508174424,0.02852977617114483,0.02126579954756657,0.08567620392183664
0.25,1,2,Ucal,3,2026092303,pooled,2048,6846,0.03561942279890973,0.006978649853053247,0.06514213402707993,0.021105589613097827,0.020504680522145713,0.02010028696626931,0.0004990891294206993,0.05078006639154175,0.0,0.021296401696702435,0.015341824966492737,0.008052823522195553,0.04859810480559236
0.25,1,2,Ucal,4,2026092304,context_0,1559,5187,0.03495770633822909,0.00508400540446987,0.0642464380367654,0.01914787652026297,0.022876644864786355,0.014932634596477104,0.00018597675883867226,0.051548233496402716,0.0,0.03450850011989069,0.012334941724679405,0.008436071374458561,0.05072672171524904
0.25,1,2,Ucal,4,2026092304,context_1,489,1659,0.03341880467714042,0.003906177951238062,0.058073038474866875,0.03622879838966071,0.03496529891597705,0.02144791723289899,0.02161732780776325,0.05742312423992932,0.0,0.025891493508174424,0.02677039338851596,0.0289779096401743,0.09011943958889244
0.25,1,2,Ucal,4,2026092304,pooled,2048,6846,0.03323479999951884,0.0029675129061618646,0.06269907570851548,0.017266366437419724,0.023965180184535972,0.016429496981847286,6.925888615372244e-05,0.05211682118930098,0.0,0.021296401696702435,0.012028177693421908,0.006396191549924117,0.04402372533948115
0.25,1,2,E,0,2026092300,context_0,1559,5187,0.033300560762560605,0.0028562046283113025,0.06059042201201396,0.01875047892570904,0.02029932240226938,0.015153875683257378,0.0003732286271867693,0.05098053655629165,0.0,0.03450850011989069,0.01209260624810624,0.012148483434105788,0.05489729143525295
0.25,1,2,E,0,2026092300,context_1,489,1659,0.03143493980746459,0.008608134861868214,0.05543223381881868,0.03214447417789614,0.026095848281414424,0.014723910330905976,0.02744266957291691,0.051075173419670473,0.0,0.025891493508174424,0.0207052538626276,0.032816289607857554,0.08877051477335089
0.25,1,2,E,0,2026092300,pooled,2048,6846,0.03224142063639068,0.004220923458544437,0.05935446389550266,0.017773525696839942,0.020011830508365525,0.014944601113780057,1.7027801842130208e-05,0.05078206798622051,0.0,0.021296401696702435,0.013858332562807956,0.011618844747611472,0.04635355070284962
0.25,1,2,E,1,2026092301,context_0,1559,5187,0.03390242185041781,0.0016607663591720154,0.06361614395175717,0.01691383445715855,0.021583081623309686,0.020489814967760325,0.0002536012285186389,0.05079965079541984,0.0,0.03450850011989069,0.01052409088145262,0.016578083123700328,0.05573156420507361
0.25,1,2,E,1,2026092301,context_1,489,1659,0.0390565198437649,0.01052265308595254,0.06878214749244115,0.04028751691990327,0.024250510745348397,0.009016735470838894,0.02623702900440282,0.051116324886710286,0.0,0.025891493508174424,0.03223308298821345,0.0372782738228224,0.09382391598022743
0.25,1,2,E,1,2026092301,pooled,2048,6846,0.034778119285331865,0.003774418084182337,0.06478060935863177,0.018782620232458375,0.021678778516468156,0.01772282792082419,0.00016222602040370966,0.05073227702619228,0.0,0.021296401696702435,0.013714904295228772,0.018486732153195847,0.04720829897760925
0.25,1,2,E,2,2026092302,context_0,1559,5187,0.03551355515822996,0.007416324900461158,0.06471494395122404,0.0197029073542094,0.024647070666672377,0.010664253009197155,0.0004578233241753643,0.0520287542966363,0.0,0.03450850011989069,0.013304143184879748,0.014719748629605069,0.053161404876483846
0.25,1,2,E,2,2026092302,context_1,489,1659,0.03588912655554355,0.005819896465281401,0.05834256056753849,0.029821516670931837,0.028923742887023818,0.003521778546896115,0.02260769488111035,0.052647215812254004,0.0,0.025891493508174424,0.02168164775395514,0.027565020422767594,0.0862504682379721
0.25,1,2,E,2,2026092302,pooled,2048,6846,0.03492261349562503,0.0070810403119384545,0.06321201316883614,0.02020055879100411,0.02424839007747398,0.008959300716990692,0.0005461576311606622,0.05149972686416492,0.0,0.021296401696702435,0.015476096158843827,0.008028275174978887,0.046559913309495035
0.25,1,2,E,3,2026092303,context_0,1559,5187,0.032496604557181286,0.011068642847557656,0.06319301766987288,0.0187028759277328,0.020534985307264053,0.015077380002371105,0.00029275579103022874,0.0509587380854454,0.0,0.03450850011989069,0.012172078095110976,0.013879668712575111,0.05409505269024783
0.25,1,2,E,3,2026092303,context_1,489,1659,0.046077882081408394,0.0064410939071255615,0.07054772591396703,0.034025040994892536,0.020785661292614332,0.027960288371481373,0.017344222484845045,0.05070666605987128,0.0,0.025891493508174424,0.0250641067459514,0.021100961355288696,0.08655472376287027
0.25,1,2,E,3,2026092303,pooled,2048,6846,0.035596711773408674,0.006968097247187349,0.06488506489493549,0.019503082884049058,0.02022283658534052,0.017998200577540202,0.00040096073959413475,0.05070857162804609,0.0,0.021296401696702435,0.014250244167310341,0.013749250368353855,0.0488151869804148
0.25,1,2,E,4,2026092304,context_0,1559,5187,0.03481572023309987,0.004901952560634236,0.06398520694885297,0.017892365898028922,0.022931834025635145,0.012290027212627314,0.00029609521465227915,0.051700286642188925,0.0,0.03450850011989069,0.011347374384326484,0.012281787262872082,0.05121005741985702
0.25,1,2,E,4,2026092304,context_1,489,1659,0.03348934767864564,0.004512459601328021,0.057950328973202396,0.036882869643540026,0.0340686791724103,0.025727784372295143,0.022673612008557303,0.057401170878248586,0.0,0.025891493508174424,0.028952170687899854,0.027795856764320476,0.08969839155622344
0.25,1,2,E,4,2026092304,pooled,2048,6846,0.033247018964073616,0.0026857451795131576,0.062476178216990204,0.016843109427768295,0.024197286869208523,0.015377703489525676,0.00029653534224731437,0.05231067507008433,0.0,0.021296401696702435,0.011117046736311866,0.008638485731411974,0.044230621218041055
0.25,1,2,Ecal,0,2026092300,context_0,1559,5187,0.03324764791002871,0.002862763116277137,0.060629990984398016,0.01868716591054557,0.020547673626089016,0.01581423395978121,0.000387103195812893,0.05093460011390609,0.0,0.03450850011989069,0.01214035983471183,0.010878094936472613,0.054326686116670596
0.25,1,2,Ecal,0,2026092300,context_1,489,1659,0.03152083570164077,0.008586890579232623,0.05548556075728312,0.0308741950222637,0.026095848281414424,0.014489651501896211,0.023712149563447735,0.05107084522250211,0.0,0.025891493508174424,0.019365908262839633,0.028804971798237117,0.08845134664402915
0.25,1,2,Ecal,0,2026092300,pooled,2048,6846,0.032200967561957006,0.004220118924422775,0.05940554269464842,0.018138178628975217,0.020054031723760524,0.015397228209603292,0.00026570362820517966,0.05076333130942153,0.0,0.021296401696702435,0.014444902142095989,0.005541803835405777,0.04588209831250022
0.25,1,2,Ecal,1,2026092301,context_0,1559,5187,0.034013282760692876,0.0016073880920913712,0.06368818386987722,0.016738146906248346,0.021638270784158586,0.021391778580870505,0.00026905727920905134,0.050819536375769726,0.0,0.03450850011989069,0.010987103983158275,0.009689829579964086,0.054716407953303146
0.25,1,2,Ecal,1,2026092301,context_1,489,1659,0.0389589106768618,0.010267899764768607,0.06903649716344142,0.03985943372139291,0.024788482591488442,0.009477242085726395,0.022221939125213058,0.05114147646848935,0.0,0.025891493508174424,0.033028968136660064,0.035685742174245305,0.09435466518380803
0.25,1,2,Ecal,1,2026092301,pooled,2048,6846,0.0349967008894298,0.0036728194367865955,0.06489748432859192,0.019339769530884225,0.02169987912416571,0.018520964929303357,3.388331849968167e-05,0.05075103374866826,0.0,0.021296401696702435,0.014625098469986086,0.01153446169297749,0.04640948727069721
0.25,1,2,Ecal,2,2026092302,context_0,1559,5187,0.03554001158449588,0.007356055560260798,0.06472144727972715,0.019952846113393694,0.024867827310067647,0.010021936446436591,0.00038936490102252017,0.05211634957880647,0.0,0.03450850011989069,0.013760444665743391,0.012342913684763398,0.05363344813502046
0.25,1,2,Ecal,2,2026092302,context_1,489,1659,0.035739889185445683,0.005692680446266174,0.05832174484281311,0.030455240791539703,0.028296109066527075,0.0024955074032264046,0.019406186985918644,0.052706840252579164,0.0,0.025891493508174424,0.020895507115845556,0.026519269109752264,0.08815038539142281
0.25,1,2,Ecal,2,2026092302,pooled,2048,6846,0.03494284003284187,0.007005292381466765,0.06321504890113414,0.020899878705250077,0.02420618886207898,0.008231760158737972,0.0005118471092922811,0.05148205587193911,0.0,0.021296401696702435,0.015981759589264528,0.005936472153429082,0.04682407364367518
0.25,1,2,Ecal,3,2026092303,context_0,1559,5187,0.03251206277762603,0.011037648297541159,0.06327396391137398,0.018974877389742333,0.020838525691932508,0.015856319264275248,0.0003592129011517997,0.050973124762615195,0.0,0.03450850011989069,0.012145621668845004,0.01065274521766708,0.0528766387115378
0.25,1,2,Ecal,3,2026092303,context_1,489,1659,0.04644504331471544,0.0062277228716927134,0.07056656471319066,0.03689895495456283,0.020333318736505235,0.027973883237204733,0.01471641623208983,0.050647875416673774,0.0,0.025891493508174424,0.028157839825550385,0.02147570552954837,0.0866776894408909
0.25,1,2,Ecal,3,2026092303,pooled,2048,6846,0.035657391385059134,0.006994107368940652,0.06495203113702731,0.019891900596285057,0.02018063536994552,0.0185902197746102,0.0006835989796632313,0.050722716661701306,0.0,0.021296401696702435,0.0143513768533945,0.008046691180301047,0.04790405929852905
0.25,1,2,Ecal,4,2026092304,context_0,1559,5187,0.034881130447091235,0.004921281369744986,0.06400052038959451,0.01803990623439731,0.022931834025635145,0.011826674935318457,0.0002682860592301828,0.05167404384671513,0.0,0.03450850011989069,0.011294461531794621,0.009539648135712987,0.05029052975804643
0.25,1,2,Ecal,4,2026092304,context_1,489,1659,0.03354067365954372,0.004218974973533256,0.057959217570415895,0.037021128113828426,0.03379969324934029,0.025671229192916922,0.019748842209439815,0.05710407996182963,0.0,0.025891493508174424,0.02955344194713365,0.02627342690969897,0.08951020288126638
0.25,1,2,Ecal,4,2026092304,pooled,2048,6846,0.03320656588963994,0.002768845574406027,0.06249409007811128,0.016477660331854688,0.02402848200762847,0.01501006433308602,0.0003273349350551829,0.05224327026965855,0.0,0.021296401696702435,0.010699750684022409,0.005866078544632241,0.04346058190841647
0.25,1,3,U,0,2026092400,context_0,1558,5187,0.04279561788471825,0.00361758656764106,0.06813298751746348,0.02030135890959748,0.03283766817280653,0.013118728430642615,0.00026457281568776096,0.06070746922311876,0.0,0.011580311002647338,0.0114297259855132,0.012125830154034954,0.05612514273435858
0.25,1,3,U,0,2026092400,context_1,490,1659,0.040518506108216334,0.008974088209651785,0.06598905723213475,0.0387937156831315,0.031228268529542663,0.025476098028254346,0.018397766609872523,0.05206063354449223,0.0,0.03324614655988978,0.025031205261353925,0.027286533519046502,0.09231738773635287
0.25,1,3,U,0,2026092400,pooled,2048,6846,0.041389277876463904,0.004915504522562048,0.067389053667953,0.01846381070297834,0.029034180857587466,0.01611666762837577,0.00017437822812764806,0.056890396063039285,0.0,0.008043213960478746,0.010415129018167343,0.0120551826725091,0.047837738562579474
0.25,1,3,U,1,2026092401,context_0,1558,5187,0.04364963294214619,0.011040865866312486,0.0709167438401176,0.02055875417246936,0.026161832145209063,0.009594341348260135,0.00010223261601694043,0.05325277785366214,0.0,0.011580311002647338,0.01022867206727115,0.010738180227527542,0.05421279660670934
0.25,1,3,U,1,2026092401,context_1,490,1659,0.036464838527322185,0.008326034770404387,0.06339562103716108,0.04015108999156781,0.024190484928345135,0.014183167885968045,0.02462418619708058,0.052057280843195004,0.0,0.03324614655988978,0.031494143600250345,0.03163557993579662,0.09164602380161019
0.25,1,3,U,1,2026092401,pooled,2048,6846,0.04158846333009225,0.010382572162241017,0.06914267675441575,0.017499737181355536,0.022912122315402628,0.010665003360362635,0.0006463691937158584,0.0516248495711459,0.0,0.008043213960478746,0.01055010095044076,0.012391557962967868,0.04867899319661323
0.25,1,3,U,2,2026092402,context_0,1558,5187,0.038683895919246536,0.0006776834649448551,0.0666918778831001,0.020553112977439166,0.02811136704188366,0.011973344708870307,0.0004443419878244945,0.054382610828374985,0.0,0.011580311002647338,0.012496975795410441,0.02097288207814574,0.05726185748120455
0.25,1,3,U,2,2026092402,context_1,490,1659,0.04166584078755431,0.01470882040661738,0.06634147472657306,0.039900108496777865,0.041405906289694316,0.004451739719620179,0.02776533496814576,0.06941308840072408,0.0,0.03324614655988978,0.032380669798803725,0.03892154544102665,0.08839385212997022
0.25,1,3,U,2,2026092402,pooled,2048,6846,0.0385220328798801,0.0030174691342164566,0.06657123402973698,0.01748596074727785,0.03060512977224844,0.010224631928321584,0.00021649583199702047,0.05687180260736948,0.0,0.008043213960478746,0.011752100762808073,0.023746444867943275,0.047808878607792565
0.25,1,3,U,3,2026092403,context_0,1558,5187,0.03834947055995819,0.005284889244665405,0.06469388226170673,0.020231538053126802,0.027295418966545748,0.006538109722393354,0.0004160939160888781,0.05367409367700945,0.0,0.011580311002647338,0.013951069208336662,0.018634231802946016,0.05517063799428877
0.25,1,3,U,3,2026092403,context_1,490,1659,0.048024447088074185,0.014860372565064901,0.0720077566997288,0.040993951886444564,0.02300328781315686,0.010876836884922497,0.02281246253123817,0.051116886892993686,0.0,0.03324614655988978,0.029178440532586232,0.0268918213099361,0.09079012070699716
0.25,1,3,U,3,2026092403,pooled,2048,6846,0.04038086331153834,0.0005979372333873435,0.06600032313837677,0.01670682268356338,0.02580309440476769,0.007462393911515597,0.0003273055902951825,0.052754181913109814,0.0,0.008043213960478746,0.008968429152827868,0.016490442012756807,0.049033232230662555
0.25,1,3,U,4,2026092404,context_0,1558,5187,0.04241981428910113,0.0005728498233259374,0.0702393750678003,0.017272964871955638,0.02348689157869649,0.022228430176385913,0.0003925338995966641,0.0515869194527745,0.0,0.011580311002647338,0.011245920231837668,0.014838703134914533,0.05542402421335241
0.25,1,3,U,4,2026092404,context_1,490,1659,0.039321372269349175,0.00027301937503375773,0.06192680508386499,0.033200001966170775,0.0260002975946117,0.025673359732927226,0.021606689719648263,0.05324397826457132,0.0,0.03324614655988978,0.015697160241781076,0.027485941432439747,0.0885330748442904
0.25,1,3,U,4,2026092404,pooled,2048,6846,0.04095948703095359,0.0005478396966905719,0.06823543469577477,0.015570144812001706,0.023228899514824375,0.022902934472582515,0.0005614607084817626,0.05156863215604856,0.0,0.008043213960478746,0.010563471739049621,0.014993813648722763,0.046649210366311304
0.25,1,3,Ucal,0,2026092400,context_0,1558,5187,0.042742233302185684,0.0036131594913044636,0.06809078328078236,0.02075630811239107,0.03269841568018694,0.012958863888756278,0.00026252977065513276,0.06034074164722529,0.0,0.011580311002647338,0.011891947020035412,0.009938605442276614,0.05486356585440566
0.25,1,3,Ucal,0,2026092400,context_1,490,1659,0.04051461321849403,0.008973545417848424,0.06591404018099464,0.04086379298338099,0.030958896167147032,0.024728994209764626,0.014939913289501144,0.052203913292640576,0.0,0.03324614655988978,0.025446648573195396,0.02507738500167715,0.09037987316178347
0.25,1,3,Ucal,0,2026092400,pooled,2048,6846,0.04140964820911147,0.004912212575586953,0.067339414493129,0.018004192257763976,0.029097952300735197,0.01580694192376289,0.00026170599969466135,0.05685408276882958,0.0,0.008043213960478746,0.01047624001610995,0.00650652861857014,0.04642100467332538
0.25,1,3,Ucal,1,2026092401,context_0,1558,5187,0.043489479194548486,0.01108455080958918,0.07086842134989865,0.02051206970729342,0.02554912117768271,0.009331896805585008,8.600350966483992e-05,0.053001691226246456,0.0,0.011580311002647338,0.010221222391700719,0.005452364716628806,0.05388579955852251
0.25,1,3,Ucal,1,2026092401,context_1,490,1659,0.03663685194436872,0.008425211244297367,0.0632750214905333,0.03850200906323779,0.024190484928345135,0.015586837022718875,0.020634298528185976,0.05221031723629319,0.0,0.03324614655988978,0.029257969178645468,0.028017736932740803,0.09149825266226368
0.25,1,3,Ucal,1,2026092401,pooled,2048,6846,0.04156809299744474,0.010440397150135988,0.06907931912722057,0.016544975354980913,0.022380693622504666,0.010771293312531821,0.0005650106740280308,0.05148360864297404,0.0,0.008043213960478746,0.009470473320121561,0.00442894820214426,0.04722939169149738
0.25,1,3,Ucal,2,2026092402,context_0,1558,5187,0.03869490586946428,0.0005551525495729187,0.06670307348505111,0.020734906756109006,0.02802781554631195,0.012637864772084895,0.0004395097285386771,0.05430662015620757,0.0,0.011580311002647338,0.012855023103582473,0.013882862987445286,0.055846498802741916
0.25,1,3,Ucal,2,2026092402,context_1,490,1659,0.04139166333234856,0.014815463388332614,0.06627379229309274,0.03816215088004639,0.041046743139833475,0.005889124011449615,0.023334856163963094,0.06922834036308637,0.0,0.03324614655988978,0.03052042402107063,0.033415391838505185,0.08667248012962724
0.25,1,3,Ucal,2,2026092402,pooled,2048,6846,0.03856277354517512,0.0031355417619969277,0.06656508395242461,0.017476059921003626,0.030286272556509675,0.011077869966922893,0.000437156770101043,0.056759648640993705,0.0,0.008043213960478746,0.011811809568120295,0.013086494232183504,0.04634550708653104
0.25,1,3,Ucal,3,2026092403,context_0,1558,5187,0.038322778268691904,0.005321117667149836,0.06467144540397392,0.02195139848447592,0.026376352515256274,0.007903437105682101,0.00040411251424199825,0.05304754525488117,0.0,0.011580311002647338,0.015424424774134863,0.011116506169948626,0.0554126202429815
0.25,1,3,Ucal,3,2026092403,context_1,490,1659,0.04802623898456493,0.014985759859863695,0.07201891396164578,0.042313208359712536,0.02363182332541336,0.009157250412424878,0.017998108443826072,0.05130692192156307,0.0,0.03324614655988978,0.0305729099445781,0.02260785325970986,0.09165388433261812
0.25,1,3,Ucal,3,2026092403,pooled,2048,6846,0.04033406555140723,0.0005972738909190626,0.06598046068164988,0.017190410709285658,0.02529292285958562,0.008108249688364766,0.0005961864346077598,0.05241882895320177,0.0,0.008043213960478746,0.009897744141114377,0.00990195259785287,0.04846747502217869
0.25,1,3,Ucal,4,2026092404,context_0,1558,5187,0.042411217931573764,0.0007165797230322122,0.07021324434388201,0.017851987316545838,0.022874180611170192,0.02260194938220149,0.0004193631106531024,0.0514579387294167,0.0,0.011580311002647338,0.011775267998058529,0.012747089601542052,0.05475810421232292
0.25,1,3,Ucal,4,2026092404,context_1,490,1659,0.039321372269349175,0.0003059266514354262,0.06190749453984608,0.03304910685599646,0.025730925232216095,0.026078762606091932,0.01754726877800003,0.05310051145259412,0.0,0.03324614655988978,0.014713173463167235,0.025720987581678394,0.08961138352155615
0.25,1,3,Ucal,4,2026092404,pooled,2048,6846,0.040878005700363484,0.0006661163436137687,0.06821174508785288,0.015938368305099614,0.02267621367421052,0.023281396486946077,0.0008470077043935629,0.05144439102919483,0.0,0.008043213960478746,0.010401141969807265,0.006654370848591182,0.04542374663012925
0.25,1,3,E,0,2026092400,context_0,1558,5187,0.04084162674440084,0.00468395236562911,0.06552805165967425,0.02134428473006122,0.027231453519902304,0.014743537408357182,0.0002510980076851541,0.05485419403580199,0.0,0.011580311002647338,0.01423631799227373,0.01134293888595838,0.05417473816221437
0.25,1,3,E,0,2026092400,context_1,490,1659,0.03979455398777704,0.009689525646420312,0.0639067189872419,0.038017648138746106,0.03158743167940348,0.024512487703487407,0.020774031769273227,0.05169021205006984,0.0,0.03324614655988978,0.025674645246104,0.02624781953009618,0.09015516723529424
0.25,1,3,E,0,2026092400,pooled,2048,6846,0.039729335380886466,0.005899575648528618,0.06485846432212047,0.016997041752655834,0.024017330179632812,0.01711340499836486,5.288157419497917e-05,0.05260067050491884,0.0,0.008043213960478746,0.009390191865264581,0.0068028280433072965,0.044640432641685414
0.25,1,3,E,1,2026092401,context_0,1558,5187,0.041562775477941516,0.011716104464644569,0.06830479122165327,0.019917194630427678,0.020885138400801306,0.010098982382415647,0.00013499455223663515,0.050851628418550406,0.0,0.011580311002647338,0.012665683820463687,0.01884472042472556,0.0538835068915675
0.25,1,3,E,1,2026092401,context_1,490,1659,0.03409172128042226,0.009965250057339128,0.061393191105361,0.04208842550613066,0.027692325639488202,0.013113948787902369,0.030273244240165663,0.05456234806949343,0.0,0.03324614655988978,0.03252741293614818,0.03485726978358186,0.09160832628777653
0.25,1,3,E,1,2026092401,pooled,2048,6846,0.03955956866592092,0.011290025131356471,0.06666562447110563,0.017532607846350957,0.021731468343693938,0.010758577727433258,0.0010089019890225544,0.050934191567754694,0.0,0.008043213960478746,0.010768458226312144,0.010523207779827643,0.04665507700941932
0.25,1,3,E,2,2026092402,context_0,1558,5187,0.03658823169715553,2.3333000199586267e-05,0.06450953235585001,0.01930457209927607,0.020801586905229486,0.012505057602801878,0.000226680247739167,0.051001908766393926,0.0,0.011580311002647338,0.011878182327973684,0.008467963270041507,0.053955518407117084
0.25,1,3,E,2,2026092402,context_1,490,1659,0.04087278068810246,0.015810530927580543,0.06441584864970808,0.039674957523209556,0.03323494463036053,0.009942098821451584,0.02719023833465478,0.05854536807771658,0.0,0.03324614655988978,0.03154342615753435,0.03524733523079749,0.08927725372098001
0.25,1,3,E,2,2026092402,pooled,2048,6846,0.03725312178066065,0.003819356678254041,0.06448160384420051,0.017709977014627024,0.023590271025995035,0.01194374767733175,0.0004401499556631241,0.051736174552120956,0.0,0.008043213960478746,0.012641615424948618,0.0035790169718658677,0.04660538719002999
0.25,1,3,E,3,2026092403,context_0,1558,5187,0.03645718834209366,0.004650597052108691,0.0621855801711839,0.019769898677990762,0.02003732144461924,0.012586180613348902,0.0004121673561023652,0.05081203913294419,0.0,0.011580311002647338,0.012820472358905263,0.014305468604154404,0.05424857550193762
0.25,1,3,E,3,2026092403,context_1,490,1659,0.04713924806014236,0.014604343700258229,0.07014297044870837,0.0464304028624675,0.02139049399808368,0.009806115220131417,0.026519051708918842,0.050898353158659995,0.0,0.03324614655988978,0.03434533623705584,0.02960244022511326,0.09103035157924948
0.25,1,3,E,3,2026092403,pooled,2048,6846,0.03879457310323381,0.00018485157910367992,0.06358211218432526,0.01767918221404196,0.020056213416166258,0.011843330887360545,8.757100083387273e-05,0.05065826497726478,0.0,0.008043213960478746,0.01056539561138481,0.005655580454141305,0.046984902352577476
0.25,1,3,E,4,2026092404,context_0,1558,5187,0.040179654614705684,0.0014565432371839069,0.06711563967531843,0.019313152224337483,0.02448424659015591,0.02006404395545429,0.00023803199044337845,0.0525734610050418,0.0,0.011580311002647338,0.01457395195703776,0.015035130352008326,0.0557574652036435
0.25,1,3,E,4,2026092404,context_1,490,1659,0.036878630441191496,0.001776405418816367,0.06043930838196534,0.03252728753529297,0.022898607640437052,0.0289931928448785,0.02535281786733555,0.05225269180292327,0.0,0.03324614655988978,0.019241866535356054,0.027890314588776728,0.08866359317812848
0.25,1,3,E,4,2026092404,pooled,2048,6846,0.03904882276199473,0.0015764611609727205,0.06540483397517988,0.01677331478054751,0.02393438741707543,0.022043719477218338,0.0002282483861390256,0.05192373649242567,0.0,0.008043213960478746,0.012035363285229465,0.007114546098299375,0.046029346818662976
0.25,1,3,Ecal,0,2026092400,context_0,1558,5187,0.04098420003913933,0.004474515122374745,0.06555690842028003,0.020670194256028052,0.027315005015474125,0.01540124596081896,0.0001623944102053139,0.054910834897524484,0.0,0.011580311002647338,0.013889845709569398,0.008708576999877312,0.0538226279544382
0.25,1,3,Ecal,0,2026092400,context_1,490,1659,0.03945276648391843,0.009694898578949028,0.06378269367061644,0.0390166608417569,0.030958896167147032,0.0235437958889948,0.0169000311039674,0.05149704460877069,0.0,0.03324614655988978,0.026357409685444762,0.02458527181661477,0.09003995828726026
0.25,1,3,Ecal,0,2026092400,pooled,2048,6846,0.03975713061953989,0.005741718764614114,0.06485455095276306,0.01668334598063734,0.02418738736136017,0.01737802094520524,8.65407113649283e-06,0.05268117888861233,0.0,0.008043213960478746,0.00876737468825614,0.005150738370124407,0.046445647734508114
0.25,1,3,Ecal,1,2026092401,context_0,1558,5187,0.04164285235174037,0.011856489709821512,0.06820832746403753,0.01946480106166793,0.020829437403753426,0.009940447399557378,0.00012360442596506512,0.05090491209817482,0.0,0.011580311002647338,0.011858652666073721,0.00754541309229451,0.053714493163439785
0.25,1,3,Ecal,1,2026092401,context_1,490,1659,0.034263734697468795,0.009924731272618843,0.06137632816288059,0.04173454036395336,0.027692325639488202,0.012241038314068975,0.023500763960577008,0.054034058531603216,0.0,0.03324614655988978,0.03295625764514581,0.029867089251926184,0.09148657490424777
0.25,1,3,Ecal,1,2026092401,pooled,2048,6846,0.03972253132710113,0.011387890038417267,0.06658766325925308,0.016990204314161237,0.021225356540541807,0.010438748476000445,0.0006049395333415936,0.05087304436207147,0.0,0.008043213960478746,0.010136977914238628,0.004171204309148623,0.047333992494581714
0.25,1,3,Ecal,2,2026092402,context_0,1558,5187,0.03656153940588924,8.054299849011981e-06,0.06439472833570513,0.01810960800558133,0.020912988899325247,0.012732097738996417,0.00021836863883346945,0.051003764447493743,0.0,0.011580311002647338,0.010528091315390927,0.012365633657850397,0.054743118141755955
0.25,1,3,Ecal,2,2026092402,context_1,490,1659,0.041251482556579344,0.015566320398369023,0.06442740974392305,0.04211493098351956,0.03314515384289535,0.008977705826129917,0.023043916919426907,0.05869442579776719,0.0,0.03324614655988978,0.03336415726729777,0.03265164670981258,0.08979198409355982
0.25,1,3,Ecal,2,2026092402,pooled,2048,6846,0.0371716404500706,0.0037509309563243725,0.06439676263027262,0.0178103739037215,0.023717813912290553,0.011886043101246802,0.000192080049642121,0.051738063476813506,0.0,0.008043213960478746,0.012364351536468447,0.015669834843068997,0.04752770341692247
0.25,1,3,Ecal,3,2026092403,context_0,1558,5187,0.03637711146829481,0.004646781617960741,0.06220187196337859,0.019475844733528622,0.02083410330899549,0.011819343526727893,0.00036196598055592867,0.05095985888817279,0.0,0.011580311002647338,0.011242335911435053,0.009642551336582216,0.05330160562250863
0.25,1,3,Ecal,3,2026092403,context_1,490,1659,0.04693540200181856,0.014507117900004737,0.07016981302095535,0.05062103078302028,0.0213007032106185,0.01088917484273988,0.02208314814637763,0.05088191848502745,0.0,0.03324614655988978,0.038175985115630195,0.026836501967443922,0.09357711154929575
0.25,1,3,Ecal,3,2026092403,pooled,2048,6846,0.03879457310323381,0.00020587447409530272,0.06359300540624989,0.017756216360599274,0.02006366452146946,0.01151076790910073,0.00020100443171217237,0.05072990816776923,0.0,0.008043213960478746,0.010225418077246421,0.006664997514721303,0.048095012103204944
0.25,1,3,Ecal,4,2026092404,context_0,1558,5187,0.04025771765649638,0.001465707038382849,0.06714157408926753,0.01783769910875321,0.02412219010934491,0.020411371005022175,0.0002795097673671514,0.05233513948706265,0.0,0.011580311002647338,0.013160483847726789,0.0097005712671848,0.05594275963783389
0.25,1,3,Ecal,4,2026092404,context_1,490,1659,0.0371366505667613,0.00202695435077911,0.06043456899834784,0.03203745871807289,0.02280881685297187,0.02861214673417503,0.0201095867170884,0.05203015754946891,0.0,0.03324614655988978,0.018402882873972015,0.028074393298913702,0.08879313967303988
0.25,1,3,Ecal,4,2026092404,pooled,2048,6846,0.039096752131421275,0.0016416038887162934,0.06542628062725496,0.01604523970204781,0.0236367873490525,0.022214857578741365,0.00028251519511628825,0.0517973428893349,0.0,0.008043213960478746,0.011237219898689935,0.005138611926688786,0.04644038155051714
0.25,1,4,U,0,2026092500,context_0,1559,5187,0.03667111358482128,0.002636854577714139,0.06557420450366669,0.01819461160910556,0.020450007282268867,0.017055665382074287,0.00029199271983278976,0.05074965855284474,0.0,0.021357314067722236,0.010213702262409821,0.009675176779609176,0.051844389841738725
0.25,1,4,U,0,2026092500,context_1,489,1659,0.04504774095006536,0.00921068479796344,0.06685777844374056,0.03765566674226877,0.02503176309861843,0.03396794946959497,0.018461274290924007,0.05146573453234968,0.0,0.04279501658549577,0.023618084088752763,0.018867621808194394,0.09055594601415672
0.25,1,4,U,0,2026092500,pooled,2048,6846,0.03816258283744539,0.00422544236304894,0.065743707986756,0.018885783299639722,0.020295161009614593,0.021141523386412203,0.0003804156963427719,0.05068241466558072,0.0,0.00936835264205375,0.010019522789753403,0.005060153276512824,0.045437505555061715
0.25,1,4,U,1,2026092501,context_0,1559,5187,0.039150475589544986,0.003802735256962329,0.06541076260363883,0.017810606552141468,0.020857055938145297,0.013090414014571894,0.00029565825984873137,0.050850941381198674,0.0,0.021357314067722236,0.010481886893271472,0.009562339743743448,0.05409367653143602
0.25,1,4,U,1,2026092501,context_1,489,1659,0.03409537669664964,0.01123576814626975,0.06238440123659593,0.03720497965392657,0.02789048403537253,0.0030708772035328707,0.028160687834809718,0.05270035126884986,0.0,0.04279501658549577,0.02095098102246093,0.03177652083865873,0.08543860785525928
0.25,1,4,U,1,2026092501,pooled,2048,6846,0.037427423231934265,0.00016034570086610094,0.06464749379252328,0.01645809069860627,0.020383530310787767,0.010732177470328827,0.00044603967920233203,0.05080797197797112,0.0,0.00936835264205375,0.009748367936905512,0.002503391296873258,0.04636716759453675
0.25,1,4,U,2,2026092502,context_0,1559,5187,0.03695449715614496,0.009514208765155548,0.06655405940314324,0.0197841405721904,0.023881924432768653,0.0077409963107689245,0.00018571726803018806,0.05154948574253658,0.0,0.021357314067722236,0.01176125744176885,0.009306429746585465,0.05104042692579823
0.25,1,4,U,2,2026092502,context_1,489,1659,0.04751885382755583,0.0037394922734261277,0.07400150493488457,0.03689142659615992,0.024096948920653394,0.013549709782727876,0.028847495441555716,0.053606285398089364,0.0,0.04279501658549577,0.02715360292699463,0.040951853901902265,0.09452654615720626
0.25,1,4,U,2,2026092502,pooled,2048,6846,0.03918414672373438,0.006282111903815075,0.0681841297746049,0.014495500151856475,0.022094705655348684,0.009248772012122361,0.0005990680337580011,0.050951463031474194,0.0,0.00936835264205375,0.008824898660875,0.006872313511429154,0.04551726196815384
0.25,1,4,U,3,2026092503,context_0,1559,5187,0.03870129388737792,0.003022430538229517,0.06718764615167687,0.02138810601311726,0.022356794439241767,0.0302405852841489,0.0002984449754126679,0.05132675290673973,0.0,0.021357314067722236,0.015581937673349533,0.010101028901901449,0.05353125507137477
0.25,1,4,U,3,2026092503,context_1,489,1659,0.040578638627990715,0.01422446740662706,0.06625125819337951,0.0360861596427328,0.0287832509464801,0.011047710902100771,0.02359494500998545,0.05357220221261036,0.0,0.04279501658549577,0.020349275557140084,0.025714788715431952,0.09184972169474921
0.25,1,4,U,3,2026092503,pooled,2048,6846,0.038164575699928205,0.0011462780555358738,0.06689990255707273,0.023590185502413326,0.022629369511231512,0.025646253863834817,8.934254373671631e-05,0.05159565638380423,0.0,0.00936835264205375,0.015147122564242312,0.003695003503804018,0.047292720430785945
0.25,1,4,U,4,2026092504,context_0,1559,5187,0.03654713108292568,0.0070889777030682406,0.06735097992724458,0.01839396647475013,0.020368885082830412,0.016925369837370016,0.0002464544374263713,0.051566505981008696,0.0,0.021357314067722236,0.008875551968140199,0.00817135566422072,0.050819083598944596
0.25,1,4,U,4,2026092504,context_1,489,1659,0.04133824672554165,0.013308184654226528,0.07225810812595489,0.03630443980350881,0.029412853684921525,0.008132941253170933,0.020335366143872755,0.05597817770302096,0.0,0.04279501658549577,0.023164735013861543,0.025335101247776267,0.08776643648746402
0.25,1,4,U,4,2026092504,pooled,2048,6846,0.03695325484335177,0.008608381780590169,0.06803464340810007,0.01630778395048052,0.021733152990256133,0.014792822934186226,0.00030133294025600464,0.05216748407488875,0.0,0.00936835264205375,0.007823645529274253,0.003089306523289216,0.04370443566069395
0.25,1,4,Ucal,0,2026092500,context_0,1559,5187,0.03661734436232422,0.002693405986340832,0.06559032799064926,0.018503050529876,0.020421946558863313,0.01639998578305288,0.0002899845363868842,0.050791849846787106,0.0,0.021357314067722236,0.01061151934347036,0.010321025499912012,0.052310028850406275
0.25,1,4,Ucal,0,2026092500,context_1,489,1659,0.04487922055909804,0.009399997377298772,0.06685192260635248,0.03865318415354876,0.02468023836006497,0.03331004547105221,0.01622133193210787,0.05136665045188903,0.0,0.04279501658549577,0.02471249252373408,0.01938887973746653,0.09136228440103335
0.25,1,4,Ucal,0,2026092500,pooled,2048,6846,0.03814220129497026,0.0043141451177197915,0.06575191914813684,0.019269031349372245,0.02025262229938829,0.020489526590879187,0.00045230286879009707,0.050688453571506885,0.0,0.00936835264205375,0.010055584323767323,0.007911641117784895,0.045459194404076114
0.25,1,4,Ucal,1,2026092501,context_0,1559,5187,0.03909670636704793,0.0037683543628585755,0.0654153299059983,0.017729472249981615,0.020857055938145297,0.01276250292999638,0.0002880525954291587,0.05085333290738726,0.0,0.021357314067722236,0.010401233059525925,0.008526169320801302,0.05350537585516682
0.25,1,4,Ucal,1,2026092501,context_1,489,1659,0.03396825582369456,0.011444239624613682,0.0623702488683647,0.03728543565156944,0.027451078112180616,0.00498467763406682,0.023427175799590992,0.052458565146802805,0.0,0.04279501658549577,0.018848957024378,0.030724169228136488,0.08621805961273099
0.25,1,4,Ucal,1,2026092501,pooled,2048,6846,0.03740704168945913,8.414091054802166e-05,0.06464773813003502,0.016179450247617227,0.020234644824995707,0.010934976558407902,0.00016642859639770698,0.05079750700429687,0.0,0.00936835264205375,0.010210295999443621,0.0033939260110411444,0.045886942176572056
0.25,1,4,Ucal,2,2026092502,context_0,1559,5187,0.03695449715614496,0.009541294437953105,0.06654195843650304,0.019468056421037272,0.023966106602984982,0.007751794161676054,0.00019372333891398523,0.05155390980293575,0.0,0.021357314067722236,0.011465526718035107,0.009270640023292108,0.05075389089504606
0.25,1,4,Ucal,2,2026092502,context_1,489,1659,0.047687374218523204,0.003698384017302412,0.07414498657131613,0.03532869481140795,0.024887879582398797,0.013573120146996437,0.02551215637396697,0.053791789386586984,0.0,0.04279501658549577,0.025164867492319193,0.039269886965241245,0.09469859780966268
0.25,1,4,Ucal,2,2026092502,pooled,2048,6846,0.039128073109816974,0.006310190643718241,0.06820489314224548,0.01461975754088913,0.022094705655348684,0.009265600091527437,0.00037506665967465026,0.050941487116515624,0.0,0.00936835264205375,0.00894718791572578,0.010625081863306145,0.04642214855242884
0.25,1,4,Ucal,3,2026092503,context_0,1559,5187,0.03872817849862642,0.002986892389960724,0.06719934316090294,0.020769677896589987,0.022132308651998223,0.029816836450700976,0.0002375369689381116,0.05125215196727048,0.0,0.021357314067722236,0.014479668612160167,0.008759815771891801,0.053767119060541574
0.25,1,4,Ucal,3,2026092503,context_1,489,1659,0.04070722066040505,0.014217868032427413,0.06624675573684144,0.035745330897951726,0.02843172620792661,0.008982763150219869,0.019735341832253867,0.05292337891355448,0.0,0.04279501658549577,0.020828730681036668,0.028263291207882485,0.0934054816801204
0.25,1,4,Ucal,3,2026092503,pooled,2048,6846,0.038207733523287934,0.001172827653687989,0.06691088699203936,0.02310246436253743,0.022289059829421087,0.024807009323758983,0.0001024427794075293,0.05142412532625998,0.0,0.00936835264205375,0.014745986928842929,0.007017919613001263,0.04774100491192798
0.25,1,4,Ucal,4,2026092504,context_0,1559,5187,0.03657401569417412,0.0070563388991912905,0.06739014822398467,0.018678067645690858,0.020396945806235967,0.01622093740050018,0.00024031174025419865,0.05159304349746201,0.0,0.021357314067722236,0.009154207643348523,0.008718562554097604,0.051755290188234576
0.25,1,4,Ucal,4,2026092504,context_1,489,1659,0.041295386048070204,0.01333679936830703,0.07226487536809785,0.0370698791681256,0.02950073486955984,0.006835047275522033,0.016006049978971565,0.055664244587398055,0.0,0.04279501658549577,0.02432119402054584,0.02561789504388645,0.09035835349896673
0.25,1,4,Ucal,4,2026092504,pooled,2048,6846,0.0369736363858269,0.00859093610032383,0.0680682100340335,0.016871184997175527,0.021903307831161345,0.013943663102631773,0.0005991633190438068,0.05215417175419924,0.0,0.00936835264205375,0.008077010666157701,0.008935518551088897,0.044994978933105646
0.25,1,4,E,0,2026092500,context_0,1559,5187,0.03655674105508372,0.002894540392416079,0.06565750206904229,0.019623940461584694,0.02030970366524154,0.017174276227059845,0.0003990656722495391,0.05076753595220598,0.0,0.021357314067722236,0.010763843273122374,0.010882941088676368,0.05219506548753469
0.25,1,4,E,0,2026092500,context_1,489,1659,0.04515382112680716,0.009478983664040631,0.0669229840930629,0.03917574250152497,0.023713545329042907,0.0261657456343041,0.023389802605847443,0.05120082513357693,0.0,0.04279501658549577,0.025133793501152357,0.02603695910309789,0.09273456727243073
0.25,1,4,E,0,2026092500,pooled,2048,6846,0.038284068092064694,0.004485858693580045,0.06582578672238061,0.018939407007000985,0.02012500616870938,0.01935881396736619,0.00027181697089478755,0.05067673192251453,0.0,0.00936835264205375,0.010304864384405345,0.006169938589580461,0.04565981132577694
0.25,1,4,E,1,2026092501,context_0,1559,5187,0.0394997547535797,0.0037574272529630835,0.0655430040287497,0.01709270582039784,0.019650444831710967,0.012593549878613913,0.00037828339953206204,0.0507895990546749,0.0,0.021357314067722236,0.01006735415644734,0.01055174232812517,0.05294792435668925
0.25,1,4,E,1,2026092501,context_1,489,1659,0.03367407571923137,0.01132737707730077,0.062472169606613934,0.038592325441669975,0.027187434558265555,0.001461235920417081,0.02673809385991359,0.052457743018419115,0.0,0.04279501658549577,0.021111611152348254,0.030012362688883073,0.08791002516320397
0.25,1,4,E,1,2026092501,pooled,2048,6846,0.03748625347129769,0.00010533561815043949,0.06475985749209617,0.016483882397932133,0.02042606902101407,0.009951151154787757,0.00016156493595357278,0.050809777625772615,0.0,0.00936835264205375,0.01062624453808762,0.0021383147123049755,0.04626543586147916
0.25,1,4,E,2,2026092502,context_0,1559,5187,0.03721852671365056,0.009641571268574458,0.06664311626966878,0.02046794826260626,0.02447119962428307,0.007977764495635836,0.00022537879099414782,0.051756912768162806,0.0,0.021357314067722236,0.012836641891709681,0.00947001354309614,0.05145598768853737
0.25,1,4,E,2,2026092502,context_1,489,1659,0.047972689955600334,0.003922413505657513,0.07427632499637,0.03612173461502801,0.023398105553062765,0.018663661297504547,0.029239196119341504,0.053303701038568164,0.0,0.04279501658549577,0.026564755664915198,0.03983359825315857,0.0939468631862723
0.25,1,4,E,2,2026092502,pooled,2048,6846,0.03932348093251875,0.006334899502809586,0.06831908632535559,0.01591488305784588,0.022860402439422195,0.010689690561029225,0.0004407576194756513,0.05108385772215853,0.0,0.00936835264205375,0.01034467046815326,0.005278855293572002,0.04597796623878726
0.25,1,4,E,3,2026092503,context_0,1559,5187,0.03875885057330625,0.0028962276752433295,0.06739525519856,0.021205502053861545,0.022216490822214552,0.03348969294489666,0.00021785143056843445,0.051282212150170384,0.0,0.021357314067722236,0.01687239901327855,0.008097842562199057,0.05267659045534981
0.25,1,4,E,3,2026092503,context_1,489,1659,0.04078602586057428,0.014539902160163473,0.06639186902534612,0.03330745679962315,0.030013587531417252,0.00362624457864677,0.02205884069259808,0.054344099297846296,0.0,0.04279501658549577,0.019986128726200175,0.021866796637043634,0.08944953330658338
0.25,1,4,E,3,2026092503,pooled,2048,6846,0.03816678663847012,0.0013193598307562721,0.06709930137945466,0.022477145763818877,0.022842063062363027,0.02634326840152615,1.6487173185013998e-06,0.051650460461763956,0.0,0.00936835264205375,0.01562640754373231,0.003171309997172363,0.04713825749067815
0.25,1,4,E,4,2026092504,context_0,1559,5187,0.03663870574257294,0.0069908198301530415,0.06755832836254898,0.018150079261508276,0.019919913508343323,0.01596781335141427,0.0003316163087030309,0.05128478985311985,0.0,0.021357314067722236,0.009005661013794495,0.009867693813353659,0.05172254901248152
0.25,1,4,E,4,2026092504,context_1,489,1659,0.04100422567315615,0.013028301830382002,0.07220067780000528,0.03801883539832762,0.03105175907232305,0.004242549621524053,0.02053344990165991,0.056605872652855466,0.0,0.04279501658549577,0.025780892320340733,0.02560761889161573,0.08948233531754939
0.25,1,4,E,4,2026092504,pooled,2048,6846,0.03705651261543025,0.008465252062399634,0.0681583470687381,0.01666233154993677,0.021499190084011466,0.013134169832812195,0.0005923372256919825,0.0519098513087153,0.0,0.00936835264205375,0.008836181488960749,0.0044895031603114375,0.044174254444700495
0.25,1,4,Ecal,0,2026092500,context_0,1559,5187,0.03661051027758072,0.0028464925283475002,0.06567400495845406,0.01926856941850827,0.02030970366524154,0.01696070826987303,0.0003773805202297851,0.05078736753984101,0.0,0.021357314067722236,0.01092981136949566,0.011878734091317386,0.052586591892310935
0.25,1,4,Ecal,0,2026092500,context_1,489,1659,0.045238081322290846,0.00943922452437829,0.06694647188160194,0.039595473345064566,0.023977188882958023,0.026356576049774927,0.021899194687441226,0.05135708677855801,0.0,0.04279501658549577,0.02589213526050525,0.027612614094246646,0.09367958096857439
0.25,1,4,Ecal,0,2026092500,pooled,2048,6846,0.03835109344592813,0.004439951905602803,0.06583874828384385,0.01863626561905325,0.02012500616870938,0.019246686361773985,0.00036090401227949036,0.05067866712186005,0.0,0.00936835264205375,0.009790869420873361,0.009184433282440372,0.045566414713853746
0.25,1,4,Ecal,1,2026092501,context_0,1559,5187,0.039445985531082695,0.0037460606472050966,0.065535761927589,0.016893182809489964,0.01970656627852191,0.012860043576186947,0.00038532347097832396,0.05079941567475553,0.0,0.021357314067722236,0.009880557714216335,0.009904860271022985,0.052859711152585906
0.25,1,4,Ecal,1,2026092501,context_1,489,1659,0.033589815523747735,0.011200287280857348,0.06239704731049199,0.03956406068378726,0.027099553373627128,0.0006275117753375831,0.02640919561439293,0.05237921402871847,0.0,0.04279501658549577,0.021461023084371266,0.032879662685358135,0.0883195626090921
0.25,1,4,Ecal,1,2026092501,pooled,2048,6846,0.037473854555772956,0.00012765490077762962,0.06473721902297329,0.016456987844981945,0.02042606902101407,0.009954659347418862,8.370478741131365e-05,0.050810750599186875,0.0,0.00936835264205375,0.01027663409082923,0.0028235165673834903,0.046422125979977684
0.25,1,4,Ecal,2,2026092502,context_0,1559,5187,0.037137872879905,0.00971360577329334,0.06663923445028075,0.020543021110599163,0.023994167326390425,0.007405929342764128,0.00023990779532870841,0.051592785045448564,0.0,0.021357314067722236,0.012702218835467093,0.009826652656465559,0.05139055037534711
0.25,1,4,Ecal,2,2026092502,context_1,489,1659,0.047888429760116646,0.0037453669634381105,0.07423584674087033,0.03643577274501911,0.023398105553062765,0.01783210566584645,0.028692774237557978,0.0533447614541845,0.0,0.04279501658549577,0.026817536251366167,0.042230318163834296,0.09512605068632454
0.25,1,4,Ecal,2,2026092502,pooled,2048,6846,0.03925583537829147,0.006432734534172093,0.0683023773858171,0.015941895934620982,0.02249882340249859,0.010040299774717598,0.0003839655889437219,0.05102907138991684,0.0,0.00936835264205375,0.010126526601835186,0.009333773781872761,0.046918762697028424
0.25,1,4,Ecal,3,2026092503,context_0,1559,5187,0.038947042852045866,0.002929513331465727,0.06741339823517592,0.020771242166529893,0.022076187205187225,0.0338338118372596,0.0002729435978749946,0.05123642119836828,0.0,0.021357314067722236,0.01593143761958028,0.009973279151327836,0.0530469813902844
0.25,1,4,Ecal,3,2026092503,context_1,489,1659,0.040954546251541546,0.014479686629739703,0.06658440226558338,0.03278235825402941,0.029398419238948675,0.00463258522163007,0.019907551000391016,0.054145561864340205,0.0,0.04279501658549577,0.020019637983132398,0.026643571641890886,0.09178611218691073
0.25,1,4,Ecal,3,2026092503,pooled,2048,6846,0.038405909396832916,0.00127989514193407,0.06715532796479803,0.021904739122685826,0.022693177576570966,0.026858515525279902,0.00032471093629421986,0.051578904379992116,0.0,0.00936835264205375,0.014974198184528019,0.007540687990357054,0.047463362143313356
0.25,1,4,Ecal,4,2026092504,context_0,1559,5187,0.03663870574257294,0.007051680447572122,0.06754315001992935,0.01882069567387357,0.020116338572181425,0.016077007434427013,0.00032848758740853254,0.0513640594764117,0.0,0.021357314067722236,0.010517418987398466,0.009737042587420634,0.052080339924364574
0.25,1,4,Ecal,4,2026092504,context_1,489,1659,0.04128067704284705,0.013239692277315647,0.07221802289110922,0.03805055169463163,0.030875996703046305,0.005380618585496086,0.019044176907793586,0.05664330404135206,0.0,0.04279501658549577,0.027044795252595483,0.028301450709078944,0.09145499833121096
0.25,1,4,Ecal,4,2026092504,pooled,2048,6846,0.03712029849662807,0.008563365519663465,0.06815247468396153,0.017114460058860435,0.021648075569803527,0.013491039590275866,0.0006680509585357021,0.052015695225409254,0.0,0.00936835264205375,0.010292522720055545,0.008541562358939792,0.04526168723685534
0.50,0,0,U,0,2026092100,context_0,1018,3425,0.02954208591268459,0.0010439643656992958,0.05984898022957056,0.02337067230042048,0.023430400047011288,0.010807867867849874,9.75676202106038e-07,0.051660594585195146,0.0,0.017184905281574,0.013008912048438645,0.004768581852801494,0.06455348291987575
0.50,0,0,U,0,2026092100,context_1,1030,3421,0.028184260557819973,0.0031456756437281985,0.05731197031111603,0.019754106689391166,0.021552995276400755,0.033246781652357824,8.22607192850128e-06,0.05165217240319105,0.0,0.012927080879661,0.010820623740686867,0.015948409545797935,0.060827132398777004
0.50,0,0,U,0,2026092100,pooled,2048,6846,0.02819253037779007,0.002091668832594219,0.05852836595118345,0.013962100989304043,0.021296840654800697,0.021984274112410163,1.0007832137832173e-05,0.05151067389034834,0.0,0.011237280152187418,0.007409479343512414,0.009335321107982238,0.044249393548067215
0.50,0,0,U,1,2026092101,context_0,1018,3425,0.03403742537461246,0.0006876810293201154,0.05974458423669593,0.02878542018970678,0.019353639070761597,0.01091689564802105,7.534106355300388e-05,0.052232933087697164,0.0,0.017184905281574,0.02081415684012876,0.005929629241114277,0.06844341809899179
0.50,0,0,U,1,2026092101,context_1,1030,3421,0.030618876756968616,0.00683501282740272,0.06329104976583443,0.0242297878331979,0.01991481214154775,0.041140897859029926,0.00012659729263999486,0.051269971742628574,0.0,0.012927080879661,0.018880547490181202,0.009120422540857346,0.06520572382255488
0.50,0,0,U,1,2026092101,pooled,2048,6846,0.03169736666514528,0.0031123961772453806,0.06151660056400117,0.01732745104774243,0.018969154441856775,0.025916916759812517,3.4732988120021995e-05,0.05141608673114384,0.0,0.011237280152187418,0.012441403974057911,0.0063706251709797785,0.0489054337128708
0.50,0,0,U,2,2026092102,context_0,1018,3425,0.03378506100418499,0.0024559831618707175,0.06461497747645445,0.020554211487240598,0.02226954582481963,0.019977175268621056,6.880235782465432e-05,0.051675833515259395,0.0,0.017184905281574,0.01202456579695272,0.005880368190139273,0.06373407729907608
0.50,0,0,U,2,2026092102,context_1,1030,3421,0.0317191322125262,0.010022119025505021,0.06248058847561976,0.023640403867357367,0.027288146972630656,0.03802605194076232,9.29292301940981e-06,0.05253981460935527,0.0,0.012927080879661,0.016417499417232445,0.006765046839581369,0.06562777420662391
0.50,0,0,U,2,2026092102,pooled,2048,6846,0.03199271967131334,0.0038136903184214895,0.06350132874238415,0.016644637369513583,0.02064764724930901,0.02908388025551238,1.4310017582794287e-06,0.05133449452724279,0.0,0.011237280152187418,0.011361563739364035,0.004174012523339903,0.04529192913772648
0.50,0,0,U,3,2026092103,context_0,1018,3425,0.030602072965907612,0.003419176017322504,0.062163836496823104,0.027056982248050643,0.028092390971265813,0.03818100725725057,0.0001491276791702761,0.05407015845846346,0.0,0.017184905281574,0.020970207461244495,0.008356408421083763,0.06606049001837289
0.50,0,0,U,3,2026092103,context_1,1030,3421,0.030785922161788326,0.0007850871649389163,0.057429052342372826,0.026619571380728527,0.023446370380703907,0.029439481208848386,8.063807731248173e-05,0.05191842005117681,0.0,0.012927080879661,0.02103774704196835,0.012207612301607367,0.06597606345529441
0.50,0,0,U,3,2026092103,pooled,2048,6846,0.029802997295796496,0.0012927230646341888,0.05976212153675435,0.019952556492672,0.024161799729702893,0.03372173498338184,5.433178261543537e-05,0.051931675300338,0.0,0.011237280152187418,0.015883026155115033,0.00597163503677798,0.045667029461665745
0.50,0,0,U,4,2026092104,context_0,1018,3425,0.031092518780402034,0.000332789506348385,0.05995848294408495,0.03145059345264009,0.023396872171845218,0.04444630981840417,0.00012414986009309754,0.05295340751559239,0.0,0.017184905281574,0.021975943420334453,0.007769594443554438,0.06740390614209721
0.50,0,0,U,4,2026092104,context_1,1030,3421,0.03570060467883063,0.001835058092060243,0.06313067154736585,0.024943023937324203,0.021194903631438083,0.02502549552209292,5.6061983919374135e-05,0.0514249813825153,0.0,0.012927080879661,0.01871974062737264,0.01112094774506146,0.06348357840272588
0.50,0,0,U,4,2026092104,pooled,2048,6846,0.032931729302189905,0.0010308484993930367,0.06117659970669255,0.019208116510864466,0.022063877674854543,0.03464082669075612,7.325229928243336e-05,0.05141041634421434,0.0,0.011237280152187418,0.015656053560474753,0.007900961981554122,0.045762981578553255
0.50,0,0,Ucal,0,2026092100,context_0,1018,3425,0.02962451934768584,0.0010026407956123453,0.0598657170463084,0.02375446185430258,0.023430400047011288,0.010815859252874316,1.1624007897552928e-05,0.05167990234327018,0.0,0.017184905281574,0.013682881101802623,0.004941122613524325,0.06456078706501375
0.50,0,0,Ucal,0,2026092100,context_1,1030,3421,0.028174375460625678,0.003244259097210058,0.05730539659351172,0.01978794201378172,0.02142607024678489,0.03258657683894202,1.1714576248784113e-05,0.05164269052125927,0.0,0.012927080879661,0.010875514616027062,0.011323757782035959,0.060939425006810724
0.50,0,0,Ucal,0,2026092100,pooled,2048,6846,0.028151653987992797,0.002120414896610641,0.05853331364831783,0.013988703139175333,0.021232847480739225,0.021662755026742905,1.4096011003456943e-05,0.051521078608307305,0.0,0.011237280152187418,0.007528698514837465,0.005429340543254457,0.0439516653778876
0.50,0,0,Ucal,1,2026092101,context_0,1018,3425,0.03407864209211309,0.0006795028004466556,0.05969767794332883,0.028643669010838282,0.019396660925864007,0.010913227325306765,5.564387892063226e-05,0.05223081242123813,0.0,0.017184905281574,0.021185107297634335,0.005687729237568362,0.06875965686987374
0.50,0,0,Ucal,1,2026092101,context_1,1030,3421,0.03078104330201037,0.00683472671019147,0.06331170246097931,0.02441915266868449,0.019856782051340116,0.040663496193878115,0.00013121907139481006,0.051267380724505325,0.0,0.012927080879661,0.018677839308879014,0.007981146191018638,0.06606574367097577
0.50,0,0,Ucal,1,2026092101,pooled,2048,6846,0.031717804860043886,0.0031165585235946834,0.061504659304078335,0.01726301673533575,0.018926492325815808,0.02567558277470021,3.234854522700045e-05,0.051413265128554306,0.0,0.011237280152187418,0.012441403974057942,0.004573951129959093,0.04868275022168039
0.50,0,0,Ucal,2,2026092102,context_0,1018,3425,0.033861339651978795,0.0024683215653228483,0.0646110999478909,0.020440506847832003,0.02222652396971725,0.019881166868796304,7.239851261149112e-05,0.05167495227331237,0.0,0.017184905281574,0.01198334907945207,0.005579553763137617,0.0632869271021061
0.50,0,0,Ucal,2,2026092102,context_1,1030,3421,0.03184075712130752,0.010010389605691257,0.062426043767245774,0.023714566922989906,0.027288146972630656,0.03793191527028027,9.41131622437917e-06,0.052524557847750376,0.0,0.012927080879661,0.016353849107548963,0.006142512650898547,0.06595153898668436
0.50,0,0,Ucal,2,2026092102,pooled,2048,6846,0.03195184328151607,0.0038012754296796103,0.06346846182959315,0.016772789595402994,0.020604985133268028,0.028987965668486174,1.9479339355578775e-07,0.051330055099439435,0.0,0.011237280152187418,0.011382001934262658,0.0016405766212168643,0.0454154127749657
0.50,0,0,Ucal,3,2026092103,context_0,1018,3425,0.030643289683408237,0.0033994258044537113,0.06216185366295505,0.027367184387944932,0.02826447839167534,0.038579249978662966,0.00015222649448964236,0.05407499616879643,0.0,0.017184905281574,0.02111517946538687,0.008095918624702698,0.06627457815249013
0.50,0,0,Ucal,3,2026092103,context_1,1030,3421,0.030785922161788326,0.000776656786439459,0.057475021490660534,0.026732195474234242,0.023657912096730294,0.028988056436242207,9.162521912614102e-05,0.05193677400517269,0.0,0.012927080879661,0.020883611212687322,0.010233126649096102,0.06575148696985365
0.50,0,0,Ucal,3,2026092103,pooled,2048,6846,0.029782559100897887,0.0012867630897542013,0.05978197475648181,0.019784767066620496,0.024353779251887198,0.033684927841533915,6.954245352859892e-05,0.05196767131960267,0.0,0.011237280152187418,0.015453824062243871,0.006286612036958155,0.0457694875711805
0.50,0,0,Ucal,4,2026092104,context_0,1018,3425,0.031092518780402034,0.0003146497595188695,0.05996536759804325,0.031357641020657204,0.02348291588204998,0.04477952539980315,0.00012876014633486963,0.053103030183423126,0.0,0.017184905281574,0.02201716013783509,0.006601996905945256,0.06731179638253747
0.50,0,0,Ucal,4,2026092104,context_1,1030,3421,0.03566006304257019,0.0018279805158405045,0.06315365373003157,0.025520218753475456,0.021194903631438083,0.024814946472041674,4.887185885759808e-05,0.05143087367775429,0.0,0.012927080879661,0.018962990444935258,0.007544929393569426,0.06337339991728293
0.50,0,0,Ucal,4,2026092104,pooled,2048,6846,0.03289085291239269,0.0010181106947404726,0.061193061678536075,0.019564338850877383,0.022127870848915987,0.0346965175878446,7.670935130551224e-05,0.05143238293040414,0.0,0.011237280152187418,0.016126132043143157,0.0058986390793812436,0.045644283743642565
0.50,0,0,E,0,2026092100,context_0,1018,3425,0.029067128850154056,0.0011633935124523971,0.059828238825038245,0.024243984835045175,0.02317226891639694,0.008739533854297238,1.2053135163448618e-05,0.051653825567280084,0.0,0.017184905281574,0.014759302869384096,0.006723747640770561,0.0657558334890257
0.50,0,0,E,0,2026092100,context_1,1030,3421,0.028271644580035893,0.003201648299696697,0.05720360044203995,0.020227484659838122,0.021679920306016565,0.03522821037618391,1.3268752865281059e-05,0.051748514008342135,0.0,0.012927080879661,0.012051965597515629,0.018009732950403777,0.06234121694671417
0.50,0,0,E,0,2026092100,pooled,2048,6846,0.028028357439313978,0.002179048472192917,0.05846259373943824,0.01424772826952164,0.021126192190636828,0.021928423880798173,7.703689755507827e-06,0.05154980880197173,0.0,0.011237280152187418,0.007845182998324573,0.012393149935900044,0.044642811309356364
0.50,0,0,E,1,2026092101,context_0,1018,3425,0.0338003904202937,0.000676316110213078,0.059667679290875186,0.02834000587016933,0.01953057531967839,0.01146324978623238,8.810427961460855e-05,0.052229864674924846,0.0,0.017184905281574,0.020521318649341688,0.009355806394172966,0.06849690103868475
0.50,0,0,E,1,2026092101,context_1,1030,3421,0.030536715217927335,0.006652378331844135,0.06322266299551829,0.02398415956528735,0.020084045514368862,0.04104964750280711,0.00013825217975604675,0.05131829524866202,0.0,0.012927080879661,0.01796009890144901,0.012932451851481295,0.06414629358054909
0.50,0,0,E,1,2026092101,pooled,2048,6846,0.03159725703232513,0.003025814315174692,0.061446019808039674,0.016590036860500836,0.019153931471693086,0.026153458027080537,4.53948614708669e-05,0.05138082425964354,0.0,0.011237280152187418,0.011401669137340746,0.010850952330520826,0.04861096599356613
0.50,0,0,E,2,2026092102,context_0,1018,3425,0.03406590025007894,0.0025302261468734804,0.0646127426405109,0.020954840631337217,0.022054436549307666,0.019345789635177607,7.969998765995406e-05,0.05161955120367093,0.0,0.017184905281574,0.012425476924206893,0.012685819472746274,0.06546070511420347
0.50,0,0,E,2,2026092102,context_1,1030,3421,0.03173932601161922,0.010061393212859924,0.062429756749882374,0.02464254322306304,0.026865063540577855,0.0399781276959353,1.1699561040450586e-05,0.052077794530176365,0.0,0.012927080879661,0.017341197616879314,0.008611726800129558,0.0649869387128058
0.50,0,0,E,2,2026092102,pooled,2048,6846,0.03185464438877378,0.0037948559928087577,0.0634745560982962,0.01646386217157362,0.020199695030878984,0.029723839503443913,9.162617124533717e-06,0.05129614040659503,0.0,0.011237280152187418,0.01127981095976952,0.010663764496993128,0.04497854645776312
0.50,0,0,E,3,2026092103,context_0,1018,3425,0.030843573345261166,0.0035533670525406376,0.06219786075051016,0.027440076459554187,0.02787728169575382,0.0364955039871738,8.527149073419302e-05,0.05406484654519473,0.0,0.017184905281574,0.021629674941254392,0.0071721843571578596,0.06624318228936275
0.50,0,0,E,3,2026092103,context_1,1030,3421,0.030612054647637388,0.0006608384641913006,0.05734554551436835,0.02656341380288728,0.022938670262240557,0.029618633818562348,7.915250076936286e-05,0.051988577483918975,0.0,0.012927080879661,0.020969333401062645,0.015880996904128575,0.0652980624673964
0.50,0,0,E,3,2026092103,pooled,2048,6846,0.029856060113569005,0.001423638838511319,0.059734306209548366,0.019297189173186163,0.02392418584099626,0.03298053672854849,5.223814977902601e-05,0.05187678045873591,0.0,0.011237280152187418,0.015085936554068632,0.009056167529708076,0.045096025120936536
0.50,0,0,E,4,2026092104,context_0,1018,3425,0.03096021875178323,0.00029830613349165797,0.06012060484635972,0.030798955423205657,0.023396872171845218,0.0471723112597727,6.011496068637041e-05,0.05278131343586405,0.0,0.017184905281574,0.021768451444611283,0.009365053148484848,0.06750747182556256
0.50,0,0,E,4,2026092104,context_1,1030,3421,0.03568704044147597,0.0018425882085665935,0.06303780840832475,0.02609893547286033,0.021110286945027534,0.024566134986991214,1.0279159695147433e-05,0.05138364855004456,0.0,0.012927080879661,0.019571114988841853,0.015790191488859073,0.06432528512552531
0.50,0,0,E,4,2026092104,pooled,2048,6846,0.03282166900559341,0.0010186698534251273,0.061187839269870536,0.018860698528972118,0.021978553442772636,0.03577825581650314,4.4405712906079946e-05,0.0513889174130253,0.0,0.011237280152187418,0.015376466596058413,0.012595829330908997,0.04609621802444837
0.50,0,0,Ecal,0,2026092100,context_0,1018,3425,0.029177645103943828,0.0012724340835410517,0.05990385245237255,0.024664714027801432,0.02300018149598737,0.007926086953147837,8.175780983168891e-06,0.051569274873624664,0.0,0.017184905281574,0.015321210563537722,0.0042115644610300875,0.06499227965866386
0.50,0,0,Ecal,0,2026092100,context_1,1030,3421,0.028200890745308405,0.0033196921235796343,0.05723363399242907,0.020835005711070727,0.021552995276400755,0.03557438568535444,8.264661767507516e-06,0.051699866801635956,0.0,0.012927080879661,0.012497322255436347,0.01016979860570787,0.06168544443327829
0.50,0,0,Ecal,0,2026092100,pooled,2048,6846,0.02802826652927859,0.0022927129853027254,0.05851119961911769,0.014427495739464282,0.02082755737835018,0.021689037432649383,1.3898138005616586e-05,0.05147807626921845,0.0,0.011237280152187418,0.00791896234514505,0.004892367177062837,0.04380705932494045
0.50,0,0,Ecal,1,2026092101,context_0,1018,3425,0.03364337875768014,0.000734506159005985,0.05971489583835212,0.027326674137546678,0.01935848789926886,0.011133625652439125,5.27129738203781e-05,0.05216526848405239,0.0,0.017184905281574,0.019826674637855812,0.004654093627208373,0.06876663255751178
0.50,0,0,Ecal,1,2026092101,context_1,1030,3421,0.030698881762969088,0.006661558056843156,0.06325890864379737,0.023187005936800113,0.020253278887189988,0.04132995555049819,0.00015571464318449882,0.051304070281297354,0.0,0.012927080879661,0.016448049314554857,0.008222262504278311,0.06561974604448916
0.50,0,0,Ecal,1,2026092101,pooled,2048,6846,0.031658571617021014,0.0030006910183124616,0.06149058645926172,0.01662345535577683,0.01920379608008202,0.026127894907224683,4.825942904483952e-05,0.05138313965275522,0.0,0.011237280152187418,0.011509985331135265,0.005297000513121425,0.04859802831117017
0.50,0,0,Ecal,2,2026092102,context_0,1018,3425,0.033983466815077745,0.002393181739455721,0.0645579138128854,0.02100770837587308,0.021968392839102874,0.018652392847217883,5.051385296409624e-05,0.05164144493183345,0.0,0.017184905281574,0.012360006977442734,0.00464989529094637,0.06411892539297402
0.50,0,0,Ecal,2,2026092102,context_1,1030,3421,0.0316177011028379,0.010308467963146337,0.062442211508518884,0.02432124447237455,0.02694968022698843,0.03850824876588367,3.12942681422183e-05,0.05222555355845174,0.0,0.012927080879661,0.017345836532733742,0.007188277720216163,0.06550728501467647
0.50,0,0,Ecal,2,2026092102,pooled,2048,6846,0.03177289160917929,0.0039873714560933055,0.06345566482056121,0.01655029312797451,0.020455667727124704,0.028647419517388542,1.9478002808977164e-06,0.05131193473408945,0.0,0.011237280152187418,0.011954271391424208,0.0023580839084625244,0.04504690430994916
0.50,0,0,Ecal,3,2026092103,context_0,1018,3425,0.030785467027128144,0.0035279133903755033,0.06222742296857057,0.027747351911817424,0.028135412826368167,0.03696755465282084,0.00012598497550838012,0.054095580417707935,0.0,0.017184905281574,0.021670891658755007,0.008401619462671059,0.06645996682571431
0.50,0,0,Ecal,3,2026092103,context_1,1030,3421,0.03071379383347439,0.0006815325978789778,0.057351901751381065,0.02677620203795316,0.022938670262240557,0.02903939703783824,7.881124317670694e-05,0.052043716006516895,0.0,0.012927080879661,0.02076662521976049,0.009735153398362926,0.06534231047981266
0.50,0,0,Ecal,3,2026092103,pooled,2048,6846,0.029794745528873068,0.0014006268977546784,0.05975107928436698,0.019472119135282406,0.02392418584099626,0.032918410154669384,6.992182815905709e-05,0.05186579273548936,0.0,0.011237280152187418,0.015290318503054855,0.006108618915789926,0.04532352742563616
0.50,0,0,Ecal,4,2026092104,context_0,1018,3425,0.030943022040086365,0.00028918531203027615,0.06014496671685679,0.030074377788032146,0.023698025157561975,0.046866949401471125,7.364365649949645e-05,0.052940418072183845,0.0,0.017184905281574,0.020779250224596434,0.004410786779678761,0.06747795864409767
0.50,0,0,Ecal,4,2026092104,context_1,1030,3421,0.03576812371399685,0.001828325495940036,0.06306917877295107,0.025701600069341454,0.021110286945027534,0.025006385197126627,1.8024339343694965e-05,0.0514145435745648,0.0,0.012927080879661,0.019145042712921403,0.006663054852057236,0.064759912324946
0.50,0,0,Ecal,4,2026092104,pooled,2048,6846,0.032801230810694804,0.0010062804534070042,0.06122130431297715,0.018891208282313984,0.0219998845007931,0.035850764709342633,4.953720899853896e-05,0.05140402899412175,0.0,0.011237280152187418,0.015005169089816448,0.0047598632675239306,0.046327897906345825
0.50,0,1,U,0,2026092200,context_0,1074,3425,0.03642748466403639,0.0053845100137213135,0.06544009523762312,0.02195494583453996,0.022763564646838652,0.010732645466410687,8.184248000538748e-05,0.05240144026687881,0.0,0.03094431757941527,0.015650031751220643,0.006943414201504675,0.06316647850935907
0.50,0,1,U,0,2026092200,context_1,974,3421,0.03687426608884703,0.004348856170847303,0.0659911217962847,0.023244072237745335,0.02062462319551439,0.025613824136977673,0.00019033386226882898,0.051390674624960754,0.0,0.010079068346431328,0.01374018344899739,0.00818342587275664,0.0687730733378937
0.50,0,1,U,0,2026092200,pooled,2048,6846,0.03592180162331954,0.004947676222590951,0.06564587967849406,0.018722236079882222,0.02137171904158186,0.01798141934284425,0.00014220929981774823,0.05126351756688572,0.0,0.014722275239418995,0.01506232097182572,0.006591278122555264,0.04723934831251132
0.50,0,1,U,1,2026092201,context_0,1074,3425,0.038218136808080005,0.006716937858891088,0.0657734509054439,0.023799233508864325,0.020334736375580365,0.017174583772261623,3.859885369155802e-06,0.0513572191398747,0.0,0.03094431757941527,0.01467949449405041,0.002957644108475092,0.06661565080521445
0.50,0,1,U,1,2026092201,context_1,974,3421,0.03160425794123234,0.006093260255909358,0.06426394110583121,0.023742042720132535,0.02149309744832295,0.020706539777214206,2.038753857379344e-05,0.0514854277452024,0.0,0.010079068346431328,0.016256022515359313,0.0073645826625138135,0.0673979581873788
0.50,0,1,U,1,2026092201,pooled,2048,6846,0.03490068326093049,0.0006439063473404518,0.0650562487049825,0.02107824313834072,0.020864115564498076,0.01901392764051675,2.2503113537673293e-05,0.051182889787140556,0.0,0.014722275239418995,0.016669751682808986,0.003286482173278515,0.0477369115652454
0.50,0,1,U,2,2026092202,context_0,1074,3425,0.0346290628121812,0.007532913338601798,0.06410036091677712,0.025379994782514955,0.025679614933327766,0.00603884374056235,0.00018609177666699254,0.052951648257466156,0.0,0.03094431757941527,0.017797416584934556,0.010182901971066447,0.06523664158800388
0.50,0,1,U,2,2026092202,context_1,974,3421,0.02976512288551103,0.0027128541157693167,0.06511359651307685,0.02633540854598135,0.02165994157120632,0.02495547960360979,6.026100823285926e-05,0.051480847782556814,0.0,0.010079068346431328,0.017172553643693807,0.006056415737827867,0.06615687482346629
0.50,0,1,U,2,2026092202,pooled,2048,6846,0.03145064630944583,0.0026464758113951513,0.06458809136200826,0.019861394094705245,0.022643697100537763,0.015091625934783456,0.00010108855208290179,0.05194198965489173,0.0,0.014722275239418995,0.01475725314411839,0.00613210232731151,0.04758057885447366
0.50,0,1,U,3,2026092203,context_0,1074,3425,0.03239289776507043,0.013072742456603986,0.05950626885417526,0.022042415244698917,0.02079213798269075,0.0237226985108398,2.5543553498385088e-05,0.051576402164240226,0.0,0.03094431757941527,0.011351694897873067,0.00789844778769308,0.060700020377044105
0.50,0,1,U,3,2026092203,context_1,974,3421,0.03686861418717291,0.006344641037646688,0.06313210048534307,0.029733380377044732,0.020503119541556647,0.03658995238304115,3.8831504168983005e-05,0.05146738792162594,0.0,0.010079068346431328,0.024875001709114226,0.00745040741486151,0.06903244407856479
0.50,0,1,U,3,2026092203,pooled,2048,6846,0.03398399726743373,0.003923233881198446,0.0611044241517535,0.019237842055150868,0.02037766223229276,0.029972409761893457,1.3834618200298898e-05,0.05120515855656351,0.0,0.014722275239418995,0.015653014767304223,0.004946762128271885,0.04375925323048174
0.50,0,1,U,4,2026092204,context_0,1074,3425,0.03309199618681313,0.009004224192567429,0.06354112585921289,0.0198583548912819,0.022401784689448312,0.01600567711127536,3.246757071732713e-05,0.05153026048184589,0.0,0.03094431757941527,0.010443876861247698,0.006209678448157171,0.06442200827458777
0.50,0,1,U,4,2026092204,context_1,974,3421,0.03230953088232624,0.004227830270275179,0.06247035154613863,0.02619820470535658,0.020823574148912116,0.024098111601426955,3.0862266819555047e-06,0.05129155695090408,0.0,0.010079068346431328,0.019306149130250343,0.005029221520788726,0.06782362229400989
0.50,0,1,U,4,2026092204,pooled,2048,6846,0.03252988236421117,0.0027231636502406155,0.06294205009672185,0.022433639113096412,0.021202517882554006,0.019976185110348085,1.405473666760555e-05,0.051220911608670545,0.0,0.014722275239418995,0.016978299123685668,0.0025148942919231265,0.046750780699640546
0.50,0,1,Ucal,0,2026092200,context_0,1074,3425,0.03646566591235445,0.005350103191647139,0.06543462021301014,0.022010140183760882,0.022884157965968766,0.010877862570664185,8.699683494330969e-05,0.05241500537822592,0.0,0.03094431757941527,0.01568856591175393,0.007090871997720704,0.06307976821361004
0.50,0,1,Ucal,0,2026092200,context_1,974,3421,0.03691459930938412,0.004488335734090519,0.06599895609229497,0.02304084005169727,0.0208477976286513,0.025261781423373084,0.00019199329341642815,0.05142963798977467,0.0,0.010079068346431328,0.012970228790771688,0.009138956810477643,0.06849158268555601
0.50,0,1,Ucal,0,2026092200,pooled,2048,6846,0.03592180162331954,0.004995281776986698,0.06565032009035617,0.018738580649493596,0.02137171904158186,0.017892159590513948,0.00014458462241629115,0.05125409774056726,0.0,0.014722275239418995,0.015042048920902308,0.00697153353079763,0.04697020582994189
0.50,0,1,Ucal,1,2026092201,context_0,1074,3425,0.038218136808080005,0.006693125627542192,0.0657636402884341,0.023998914236735166,0.020334736375580365,0.017305604334461308,1.0265579796256142e-05,0.05135334443898842,0.0,0.03094431757941527,0.014880581148730872,0.0031746229365354197,0.06696736919569869
0.50,0,1,Ucal,1,2026092201,context_1,974,3421,0.031675493780655706,0.00611581969190511,0.06425395183566024,0.024377350900781292,0.02149309744832295,0.020451171090003134,3.977263236268016e-05,0.05149182530069563,0.0,0.010079068346431328,0.016812100879633397,0.003948544524976827,0.0671523791154749
0.50,0,1,Ucal,1,2026092201,pooled,2048,6846,0.0348601391590837,0.0006201509216300243,0.06504888706963444,0.021608712904701934,0.020864115564498076,0.01896118878687053,3.268298881904902e-05,0.05119625957699301,0.0,0.014722275239418995,0.016831928090196152,0.002483809920635136,0.04774299250904152
0.50,0,1,Ucal,2,2026092202,context_0,1074,3425,0.03470613113324783,0.00753623514201639,0.06408111825587762,0.0254377442921378,0.025719812706371137,0.006061344113364633,0.00018718994974096278,0.052983813955842694,0.0,0.03094431757941527,0.017720348263867904,0.010472022765613712,0.06499745414844127
0.50,0,1,Ucal,2,2026092202,context_1,974,3421,0.029571770547869303,0.0027324884842705897,0.06501717109916988,0.026804987506707793,0.021793846231088487,0.025182982535678522,9.67917159024121e-05,0.05149552481649948,0.0,0.010079068346431328,0.017822094146067134,0.008460633184817826,0.06517421819459952
0.50,0,1,Ucal,2,2026092202,pooled,2048,6846,0.031470918360369304,0.0026403454843186855,0.06453256370626936,0.020372843786390756,0.022749447824930213,0.015209535372494198,0.00011806331050233485,0.05196590719598424,0.0,0.014722275239418995,0.015182966213509612,0.007419206440515879,0.04753258716150784
0.50,0,1,Ucal,3,2026092203,context_0,1074,3425,0.03239289776507043,0.013059880446004129,0.05949819773419745,0.022085079318884256,0.020711742436604008,0.023922515342283318,2.1310915670681827e-05,0.05155982664564742,0.0,0.03094431757941527,0.011283042428820288,0.007978230602199645,0.06062705705700403
0.50,0,1,Ucal,3,2026092203,context_1,974,3421,0.03665473789322132,0.0062219795216918285,0.06314551734151365,0.029794909602666647,0.020413849768301878,0.036687428785582774,4.616348287218031e-05,0.05144627065846368,0.0,0.010079068346431328,0.02521720377943673,0.010382532387369452,0.06811877593317406
0.50,0,1,Ucal,3,2026092203,pooled,2048,6846,0.03390290906374016,0.003973301610713236,0.061110717628466975,0.018974999315731905,0.02037766223229276,0.03012198894008057,1.103019948317486e-05,0.051205122679186664,0.0,0.014722275239418995,0.015490838359917103,0.006979879725238802,0.04334021439689955
0.50,0,1,Ucal,4,2026092204,context_0,1074,3425,0.03310099850280113,0.009017060033488358,0.06354313733232367,0.01982024478647406,0.022441982462491683,0.015932628446563055,2.8200358956318372e-05,0.05153162550991852,0.0,0.03094431757941527,0.01021267189804783,0.006540117304828427,0.06434128375924875
0.50,0,1,Ucal,4,2026092204,context_1,974,3421,0.03218245217071175,0.004126617303302075,0.06244350474548201,0.026549465992799743,0.020912843922166857,0.024329626768319013,9.077555817631905e-06,0.05131380874884313,0.0,0.010079068346431328,0.019532821121227176,0.005324556152190452,0.06794060145276022
0.50,0,1,Ucal,4,2026092204,pooled,2048,6846,0.03248933826236433,0.002778144606594932,0.06293002187022433,0.022767726183626432,0.021244818172310942,0.02004761819366334,1.3503617449252029e-05,0.05122272092207457,0.0,0.014722275239418995,0.01686049711011435,0.003365714946028179,0.047281116037705566
0.50,0,1,E,0,2026092200,context_0,1074,3425,0.03647528711700754,0.005332869936080782,0.06552637681100268,0.022382486944428428,0.022666207212096,0.009161104557816518,6.431074597708331e-05,0.052146071528028935,0.0,0.03094431757941527,0.01568856591175393,0.006296729649006949,0.06289947531653553
0.50,0,1,E,0,2026092200,context_1,974,3421,0.03704048304750174,0.004292587435836401,0.0662510052858475,0.02324968581368586,0.02156195581468956,0.02525361330043005,0.00016911014209499033,0.05157809500389888,0.0,0.010079068346431328,0.014867861289276758,0.008197511575194761,0.06799308850341929
0.50,0,1,E,0,2026092200,pooled,2048,6846,0.035872803309042856,0.004893484544749427,0.06581425852923434,0.01938650266031647,0.021308268606946457,0.016988123571513025,0.00012483861186308272,0.051180392238335405,0.0,0.014722275239418995,0.015127199390776206,0.0058879449175303755,0.046844972550176056
0.50,0,1,E,1,2026092201,context_0,1074,3425,0.03817760453471164,0.006561362244918023,0.06583142930546632,0.02511928078918294,0.020415131921667107,0.013740811938882241,2.7033746790402395e-05,0.051362410444811095,0.0,0.03094431757941527,0.016036605964730253,0.004459483084382309,0.06761961613246206
0.50,0,1,E,1,2026092201,context_1,974,3421,0.03170880614121452,0.005952003497291302,0.06447463950825222,0.02303119127793733,0.021850176541342026,0.022672252024106485,3.920583001427736e-06,0.05158982685040721,0.0,0.010079068346431328,0.01489741682818807,0.008919956390979854,0.06783798979931208
0.50,0,1,E,1,2026092201,pooled,2048,6846,0.034831085562578246,0.0006251545077580812,0.06519242000192213,0.021621151366324223,0.021075617013282977,0.01810886066543023,2.5748093542946526e-05,0.05120768241559273,0.0,0.014722275239418995,0.01737927346512772,0.0034228250628574337,0.0476881161338678
0.50,0,1,E,2,2026092202,context_0,1074,3425,0.034736770586436594,0.007452904114243375,0.06417825171291733,0.02661684274954913,0.025760010479414508,0.006319790084241841,0.0001157221063265634,0.05321545810453314,0.0,0.03094431757941527,0.019416519087996593,0.010185832802498825,0.06504429402512073
0.50,0,1,E,2,2026092202,context_1,974,3421,0.02981824451029702,0.002684796413951176,0.06523965528938312,0.02646651554234188,0.022150925324107618,0.023714475691971673,3.890258165162433e-05,0.051565564939726055,0.0,0.010079068346431328,0.018378172510341222,0.005823686834955095,0.0673813661128824
0.50,0,1,E,2,2026092202,pooled,2048,6846,0.03138058466267102,0.0026185487015769945,0.06468774879811089,0.019864198002855618,0.022910459557919538,0.014655967881156376,7.167619682339234e-05,0.052123786300373176,0.0,0.014722275239418995,0.015584576940008425,0.005241256972079111,0.047893912322713644
0.50,0,1,E,3,2026092203,context_0,1074,3425,0.032560798453520445,0.01304956808492931,0.059617132491216904,0.021454056853364788,0.02099312684790766,0.023837541103879478,4.983786019686638e-05,0.051695509365825155,0.0,0.03094431757941527,0.012015359711407405,0.00767344394121811,0.06128664341365434
0.50,0,1,E,3,2026092203,context_1,974,3421,0.036951722666500264,0.0064205332056301275,0.06334357532049294,0.029184908559057584,0.02077092886132098,0.036134038042813996,2.3609249377571446e-05,0.05148027662381332,0.0,0.010079068346431328,0.02402513489125453,0.006538829006730019,0.07001278224969885
0.50,0,1,E,3,2026092203,pooled,2048,6846,0.03403765569410083,0.0038712920737497434,0.06125867339452972,0.01907627311052309,0.02048341295668521,0.029820596857069462,2.0243127263510144e-05,0.05123084757762215,0.0,0.014722275239418995,0.015383578326677253,0.004287806573063207,0.04422773426392253
0.50,0,1,E,4,2026092204,context_0,1074,3425,0.033636822628582363,0.009138424368162165,0.06352908016373532,0.019349974005757168,0.0222007958242314,0.017791148687166122,1.4179714046189378e-06,0.051542336725378654,0.0,0.03094431757941527,0.010251206058581163,0.004835508264663378,0.06438717245240427
0.50,0,1,E,4,2026092204,context_1,974,3421,0.03238346817447613,0.0042760291492902475,0.06267902729788445,0.025543497822752295,0.021046748582049024,0.026652217844002526,3.4211256794297335e-06,0.05148624736444778,0.0,0.010079068346431328,0.01894719034351727,0.005821455540899908,0.06783474422735535
0.50,0,1,E,4,2026092204,pooled,2048,6846,0.03260097504865467,0.0027684464146812797,0.06303090394714238,0.02203629975345364,0.021308268606946457,0.022132102190548827,1.7212800932919227e-06,0.05124965949526265,0.0,0.014722275239418995,0.01673503451260495,0.00214679571741798,0.046959925542869534
0.50,0,1,Ecal,0,2026092200,context_0,1074,3425,0.03651382127754088,0.005336008451651504,0.06551084885101784,0.022006480346277762,0.022706404985139428,0.009208182687790403,5.589027955565397e-05,0.052101306199459345,0.0,0.03094431757941527,0.015407913294963023,0.006258356564334022,0.06279845768130074
0.50,0,1,Ecal,0,2026092200,context_1,974,3421,0.036926673021550394,0.00444480525193989,0.06616998524691105,0.022613693899790427,0.021294146494925226,0.02406575095708076,0.0001899528520112761,0.05150784940977329,0.0,0.010079068346431328,0.014249830789877564,0.009679161704009748,0.06799407555145434
0.50,0,1,Ecal,0,2026092200,pooled,2048,6846,0.03584763917151779,0.004967390720347941,0.0657682770956716,0.019427679263215,0.021287118462067878,0.016444205399782946,0.00012573800570630806,0.051187898842051195,0.0,0.014722275239418995,0.015573184511090825,0.0060376151771257824,0.04683668698873836
0.50,0,1,Ecal,1,2026092201,context_0,1074,3425,0.03818925110773702,0.006638762338125048,0.06583891915864734,0.025382241149049817,0.020415131921667107,0.013867132116789804,3.7780500375116024e-05,0.051351802796358155,0.0,0.03094431757941527,0.016267810927930115,0.005021042153380691,0.0679050922843796
0.50,0,1,Ecal,1,2026092201,context_1,974,3421,0.031666030882424145,0.006024273654579325,0.06446498176722973,0.024107008014071948,0.021850176541342026,0.021646369460128476,5.963302690580334e-06,0.05154966345781922,0.0,0.010079068346431328,0.01599220633076245,0.00342352805372827,0.06682869112503331
0.50,0,1,Ecal,1,2026092201,pooled,2048,6846,0.034831085562578246,0.0006328954638774773,0.06519005872540065,0.02246153769756783,0.021075617013282977,0.0176933732488751,2.855927561318532e-05,0.05120635201388083,0.0,0.014722275239418995,0.017987434992829496,0.002322868890683804,0.04759166571755227
0.50,0,1,Ecal,2,2026092202,context_0,1074,3425,0.034698236425903306,0.007474550179743933,0.06417656623256246,0.02617173791468801,0.025719812706371137,0.006839424455869825,0.00010342763741499927,0.053194090501749385,0.0,0.03094431757941527,0.018992643322130156,0.01022584820741134,0.06487624523081385
0.50,0,1,Ecal,2,2026092202,context_1,974,3421,0.02981824451029702,0.002750697153679287,0.06520387500108843,0.02549052647709763,0.022195560210734988,0.023659251781777108,5.4302279680360844e-05,0.0515886544609908,0.0,0.010079068346431328,0.01760821785211556,0.007342046548911649,0.06570337043909999
0.50,0,1,Ecal,2,2026092202,pooled,2048,6846,0.031447378042323115,0.002598791088541018,0.06466741042912551,0.020095245404576308,0.022939799128836647,0.014905073594542101,7.632983578075871e-05,0.05213756219024102,0.0,0.014722275239418995,0.015750583639364563,0.00616048145722777,0.047821351270931206
0.50,0,1,Ecal,3,2026092203,context_0,1074,3425,0.03250250590816517,0.013079264387836426,0.059599179350192974,0.021567075778770387,0.02099312684790766,0.023740541449071728,3.957748929991564e-05,0.05168745732782624,0.0,0.03094431757941527,0.012285098835140566,0.007694120128388667,0.06118747980764658
0.50,0,1,Ecal,3,2026092203,context_1,974,3421,0.03673784637254868,0.006429415738022612,0.06334050691249703,0.028856644740003136,0.021038738181085315,0.036477515742321595,3.032064024337868e-05,0.051480330549782696,0.0,0.010079068346431328,0.023506193427824115,0.008147953527975798,0.06930615686809789
0.50,0,1,Ecal,3,2026092203,pooled,2048,6846,0.03392067571906848,0.0038807496252414916,0.0612509168095499,0.019255294371634944,0.020462262811806742,0.02993157910679624,1.4413561685790773e-05,0.0512476235617368,0.0,0.014722275239418995,0.015267845799759774,0.006214235829826825,0.044196070132428864
0.50,0,1,Ecal,4,2026092204,context_0,1074,3425,0.03367535678911571,0.009166724891684764,0.06353539010112287,0.019441361738027626,0.02236158691640494,0.0176460701157391,3.35490738646689e-07,0.05155073456007251,0.0,0.03094431757941527,0.010906286787647448,0.00472150859539147,0.06447286019037857
0.50,0,1,Ecal,4,2026092204,context_1,974,3421,0.032426243433266444,0.004164076394234967,0.06265470329823641,0.026538375025540763,0.02118065324193119,0.02762721947032447,4.3967287447044365e-06,0.05156002799986053,0.0,0.010079068346431328,0.019845470778113945,0.005915882726988178,0.06772772791936948
0.50,0,1,Ecal,4,2026092204,pooled,2048,6846,0.0326415191505014,0.002837013469057941,0.06302369781746237,0.022529131150028088,0.02137171904158186,0.02251660666309578,5.076670934370389e-06,0.05125416304924628,0.0,0.014722275239418995,0.016633674257987997,0.002883291610050712,0.04757530503287875
0.50,0,2,U,0,2026092300,context_0,1014,3425,0.03227632429978666,0.001496492468402737,0.06053477973872328,0.021863508219307447,0.020403180998562476,0.01696707232801635,0.00010039825779193268,0.051300409590858985,0.0,0.0205065218330238,0.011970220469318935,0.012845358359795984,0.06549290867433233
0.50,0,2,U,0,2026092300,context_1,1034,3421,0.028849709114425748,0.0038947804827214735,0.056393130917545345,0.023494549305638712,0.02261493870334519,0.027858528231857513,7.958424103838359e-05,0.05182911040069201,0.0,0.02518277286098999,0.014153978334748575,0.012171726003431355,0.06613895755681842
0.50,0,2,U,0,2026092300,pooled,2048,6846,0.029742958137667697,0.002693593938891601,0.05844084299174304,0.01642381685277258,0.020444487889449303,0.02242335296756197,6.215974683608337e-05,0.05135894972317191,0.0,0.021296401696702435,0.010524562647734558,0.012489583357150764,0.047956977409354694
0.50,0,2,U,1,2026092301,context_0,1014,3425,0.0346399924138312,0.012972007017225751,0.06532185904052833,0.025006072066367076,0.02608715387103644,0.02354168190761924,4.752882515030271e-05,0.05280180074536244,0.0,0.0205065218330238,0.018953146093788342,0.011669805790951058,0.06845093708578626
0.50,0,2,U,1,2026092301,context_1,1034,3421,0.03294007289727596,0.0059477846622911215,0.06388339278147721,0.023611807829909116,0.02305249599543266,0.022875838025426018,0.0001584812837772366,0.052002766825124565,0.0,0.02518277286098999,0.017586052085454027,0.012100610310159236,0.06206829783253569
0.50,0,2,U,1,2026092301,pooled,2048,6846,0.033498993081599204,0.0034168949987939427,0.06430444135478412,0.01694595533520541,0.021752725566694386,0.02339406477063921,8.311805104676623e-05,0.051311712964835554,0.0,0.021296401696702435,0.010888893338841264,0.011773450720923147,0.04687309827569175
0.50,0,2,U,2,2026092302,context_0,1014,3425,0.034743493711632545,0.014067614292546658,0.062255223847148586,0.020435648254578852,0.024057925988439866,0.012069483753644111,1.8156896167173714e-05,0.05179093705109024,0.0,0.0205065218330238,0.009025318858233669,0.013531073280436285,0.06386522185832288
0.50,0,2,U,2,2026092302,context_1,1034,3421,0.03277337155864757,0.0007259559362672329,0.06298677888243981,0.02092967402078575,0.025179889312914844,0.021643828372493207,3.823715772907865e-05,0.05186572757376395,0.0,0.02518277286098999,0.009751057029279066,0.028234416363446795,0.06434504413679701
0.50,0,2,U,2,2026092302,pooled,2048,6846,0.03338623485380321,0.007278657703947679,0.06262501163028117,0.016554189462405656,0.02338312522550018,0.016872643468647988,3.5629545132594576e-05,0.05153726995490509,0.0,0.021296401696702435,0.008628415830619534,0.020957771210743676,0.04898192351221303
0.50,0,2,U,3,2026092303,context_0,1014,3425,0.03145358411433724,0.004432653665847373,0.06070968234357408,0.020899066184482337,0.02066092982263068,0.02123040617222592,1.1563764470214587e-05,0.05152254415834064,0.0,0.0205065218330238,0.011133344736171495,0.004655162452273511,0.062368982005876816
0.50,0,2,U,3,2026092303,context_1,1034,3421,0.03674580645404085,0.008850475755173266,0.06777542761393004,0.021026072834010725,0.021678283912000107,0.036714131154501714,7.680743461721095e-06,0.05181918799764848,0.0,0.02518277286098999,0.012159297914972403,0.020589688348034384,0.06291738946341148
0.50,0,2,U,3,2026092303,pooled,2048,6846,0.03341970747623357,0.006673846108094788,0.06415333396097188,0.016396598593002572,0.020549990927936745,0.0289721866920281,3.281728656356496e-06,0.05150742177011477,0.0,0.021296401696702435,0.009518750613881466,0.012202022703826292,0.04689282680785314
0.50,0,2,U,4,2026092304,context_0,1014,3425,0.03485990472099809,0.0042347795742499784,0.06458982211435417,0.024637214768901232,0.023777139635753397,0.01705238359470891,0.00014062176680355176,0.05211647767275539,0.0,0.0205065218330238,0.01016913677197936,0.010985680233998218,0.0672278983266551
0.50,0,2,U,4,2026092304,context_1,1034,3421,0.02927049879002852,0.001264843135011771,0.058666839521169946,0.0296454960495214,0.022321659720713205,0.027079142455791197,0.00019441632423656332,0.05217899514042181,0.0,0.02518277286098999,0.02232273740691976,0.017808334546522076,0.06444947493776366
0.50,0,2,U,4,2026092304,pooled,2048,6846,0.031613441727666336,0.002750872344698463,0.06159512239780935,0.021268629988664585,0.02209033528985438,0.02210991655543272,4.638749331762194e-05,0.05182000928486813,0.0,0.021296401696702435,0.015436360861074035,0.014253160859874069,0.04903810629510138
0.50,0,2,Ucal,0,2026092300,context_0,1014,3425,0.03219897933040283,0.001534440104290308,0.06056645988536801,0.021588917500762136,0.020317780255576012,0.017643189823110667,8.771362582136522e-05,0.05128576752510964,0.0,0.0205065218330238,0.012232526442487027,0.009110542549167109,0.0651076260467677
0.50,0,2,Ucal,0,2026092300,context_1,1034,3421,0.028729742705020378,0.0038795282495722684,0.05642039216569464,0.02371764282095538,0.022322943542122164,0.027699436017685083,7.68758041501183e-05,0.05176055615622503,0.0,0.02518277286098999,0.015400203506367595,0.004757186910546237,0.06606894341302404
0.50,0,2,Ucal,0,2026092300,pooled,2048,6846,0.029728067229762456,0.002705008331424211,0.05847075917698721,0.016450329471765553,0.020444487889449303,0.022681738292941664,5.173363480897057e-05,0.05132812053004244,0.0,0.021296401696702435,0.010888640317637468,0.0039360404589825464,0.04762011115966523
0.50,0,2,Ucal,1,2026092301,context_0,1014,3425,0.03451720765551253,0.013026794283022223,0.06532783312150388,0.023477629482853347,0.026044453499543208,0.02389863253743557,2.3223053502543275e-05,0.0527936332235145,0.0,0.0205065218330238,0.017650824972519907,0.006557780714964664,0.06819242035005837
0.50,0,2,Ucal,1,2026092301,context_1,1034,3421,0.032901219730178954,0.0059679553436231365,0.0638439259914468,0.02379134856492581,0.023386204751116135,0.02326333483452689,0.000140387033878744,0.052112476699188254,0.0,0.02518277286098999,0.017586052085454024,0.005832126484580502,0.06289208393963731
0.50,0,2,Ucal,1,2026092301,pooled,2048,6846,0.033498993081599204,0.003434277378201213,0.06428201396372567,0.017592685388989438,0.02181602738978683,0.02377272694492276,7.153817605750941e-05,0.05130207819152574,0.0,0.021296401696702435,0.011756361192158404,0.004755793824003465,0.04615241721514189
0.50,0,2,Ucal,2,2026092302,context_0,1014,3425,0.034642593821782974,0.014094661703501675,0.062328464128879636,0.018232498985488118,0.023972525245453402,0.011865828187690108,3.349358736481347e-05,0.05179894749056317,0.0,0.0205065218330238,0.009511068904237635,0.006516275215192811,0.06318512056419402
0.50,0,2,Ucal,2,2026092302,context_1,1034,3421,0.03273338275551252,0.0006766475302710643,0.06301696930859942,0.02103629872752766,0.025096462123993968,0.02067752778260741,2.072940760800495e-05,0.05185820508327634,0.0,0.02518277286098999,0.009408888235245643,0.01921125673834405,0.06260696000694378
0.50,0,2,Ucal,2,2026092302,pooled,2048,6846,0.03340646139102005,0.007266903401403585,0.06267560674882312,0.01644188727104694,0.023404225833197678,0.016285075493226428,3.710217236545688e-05,0.05155212578333532,0.0,0.021296401696702435,0.007514734929514815,0.012916383938109276,0.04788843370550134
0.50,0,2,Ucal,3,2026092303,context_0,1014,3425,0.03133079935601857,0.004409590118435569,0.06078122174086565,0.020368178109636655,0.02087443168009684,0.020806142670599284,1.244299619174017e-05,0.05154175671293889,0.0,0.0205065218330238,0.011467421019204463,0.004716122940709507,0.06270078326560014
0.50,0,2,Ucal,3,2026092303,context_1,1034,3421,0.03692666233687408,0.008897954223061947,0.06780781103971645,0.021228334198989982,0.021719997506460476,0.03843321163447251,8.895949096550078e-06,0.051829301727268406,0.0,0.02518277286098999,0.012359241930647993,0.010251261810538762,0.062017210910455325
0.50,0,2,Ucal,3,2026092303,pooled,2048,6846,0.033399480939016735,0.006686640132433826,0.06420093768191033,0.01609055518136938,0.0206652422859116,0.029621954840981526,8.85431704102411e-06,0.05152926022075398,0.0,0.021296401696702435,0.008183799157570776,0.003709251846728903,0.04596871307574253
0.50,0,2,Ucal,4,2026092304,context_0,1014,3425,0.03487142688188949,0.004311667124307455,0.06459232473923589,0.023953322470183364,0.023649038521273702,0.017262144023550946,0.0001242335602367015,0.05210714795250798,0.0,0.0205065218330238,0.01016590497679749,0.007452551404641088,0.06708766689949643
0.50,0,2,Ucal,4,2026092304,context_1,1034,3421,0.02944880533552907,0.0012304400140870522,0.0586806825656585,0.030878367675064747,0.0224885140985549,0.027623131811509466,0.00018612396130384036,0.05234869642482375,0.0,0.02518277286098999,0.024539790167146174,0.011374994661771574,0.06524113540100629
0.50,0,2,Ucal,4,2026092304,pooled,2048,6846,0.03167412133931691,0.002772021300876745,0.061602896604353696,0.022298927615157792,0.022216938936039377,0.022488875929426097,4.154113576667587e-05,0.05188841531358372,0.0,0.021296401696702435,0.016263953533978318,0.005544439542718283,0.04786138839164974
0.50,0,2,E,0,2026092300,context_0,1014,3425,0.03224245458716224,0.0018310958759938608,0.06045253379685642,0.020748223122784976,0.01994197775095885,0.019373019918786677,0.0001282661607243939,0.05128425066864448,0.0,0.0205065218330238,0.011397224930498436,0.01164173515221231,0.06581502947152662
0.50,0,2,E,0,2026092300,context_1,1034,3421,0.02891071254104094,0.004265285873272669,0.0562873560077815,0.023669122302269075,0.02148867165291346,0.025521712665839552,7.267421880907042e-05,0.05161321795469525,0.0,0.02518277286098999,0.01566840207241848,0.010046105704870415,0.0647966361488832
0.50,0,2,E,0,2026092300,pooled,2048,6846,0.029749409747008737,0.0030463432529834024,0.058347559305772304,0.016106814006881534,0.020360085458659194,0.02245777152272889,5.91881606412837e-05,0.0512746513102596,0.0,0.021296401696702435,0.011406963681861424,0.009304346867248828,0.04769888804347261
0.50,0,2,E,1,2026092301,context_0,1014,3425,0.03426327590003719,0.012681285275148942,0.06523568413223828,0.0248973120637402,0.02561744978461089,0.023039813860670666,0.00010225000000229159,0.05265675300776978,0.0,0.0205065218330238,0.01860898361507441,0.009249760820639674,0.06769968929729159
0.50,0,2,E,1,2026092301,context_1,1034,3421,0.03274573644977341,0.006370142054090506,0.06381706790996226,0.02325395928846065,0.023427918345576587,0.021617083388727407,7.618018330317783e-05,0.05190431158115734,0.0,0.02518277286098999,0.016908106102447744,0.009790691018976443,0.062079308372790055
0.50,0,2,E,1,2026092301,pooled,2048,6846,0.03314113877200209,0.0030600347181660324,0.06422252370349645,0.017219276556872005,0.021668323135904388,0.022476851631836908,6.813424511284232e-05,0.05130289957898324,0.0,0.021296401696702435,0.010828213727190771,0.008510005702095673,0.04599259810298669
0.50,0,2,E,2,2026092302,context_0,1014,3425,0.034448147062411005,0.014585365262862096,0.06220590296413789,0.020597637807852644,0.02439952896038572,0.011885482342824424,5.6973610882522286e-05,0.05182844735330058,0.0,0.0205065218330238,0.009271879125980827,0.0112097945662379,0.06371572839706187
0.50,0,2,E,2,2026092302,context_1,1034,3421,0.0326046935705,0.001051686705004968,0.06294677407066697,0.022201637390013438,0.025722166040900468,0.02242191158220465,5.7625285212708165e-05,0.0519831224326904,0.0,0.02518277286098999,0.010592411395986507,0.02490267845139253,0.0641634820943164
0.50,0,2,E,2,2026092302,pooled,2048,6846,0.033149536290640214,0.007699508068172525,0.0625803971886208,0.016420186217301222,0.02384733859484517,0.017176616455143998,5.3514405202848e-05,0.051656293422589344,0.0,0.021296401696702435,0.00786085930920737,0.01811057784418614,0.04818583903173039
0.50,0,2,E,3,2026092303,context_0,1014,3425,0.0319044497388975,0.004759443404707889,0.060708506541594334,0.021720411435917,0.0194722736645333,0.020769598936618186,1.1123914968466533e-05,0.0513358453828697,0.0,0.0205065218330238,0.01163113403029601,0.0032226004565263544,0.06375279230295845
0.50,0,2,E,3,2026092303,context_1,1034,3421,0.03667947936826216,0.009162517313802831,0.06770164277030506,0.021813062307893438,0.021636570317539627,0.0364315266763859,2.747880693648665e-05,0.051494775195822816,0.0,0.02518277286098999,0.012610387937887171,0.019290275056273575,0.06306072477435816
0.50,0,2,E,3,2026092303,pooled,2048,6846,0.03371834829217368,0.006992993939002715,0.06409931543041196,0.016584558810267994,0.0205710915356343,0.028599473528262018,3.1007291505354628e-06,0.05126804843527656,0.0,0.021296401696702435,0.008608556439124171,0.010187342511174684,0.04733523692772164
0.50,0,2,E,4,2026092304,context_0,1014,3425,0.03459409044075157,0.004022218561862774,0.06455807108608634,0.02435930872267104,0.022538828862449678,0.0163401856827375,0.00015249368149926356,0.05198071807190571,0.0,0.0205065218330238,0.010951862092328879,0.008107322723332646,0.06766308876512735
0.50,0,2,E,4,2026092304,context_1,1034,3421,0.02924517829440021,0.0013028653535019873,0.05856679804620303,0.031102471003253595,0.02307250442100095,0.027200542969065697,0.00017010609445940633,0.05269896714845178,0.0,0.02518277286098999,0.024782160318019966,0.017057332853412342,0.06564590403410364
0.50,0,2,E,4,2026092304,pooled,2048,6846,0.031163320456932653,0.0026641152540813964,0.06152864760106499,0.02099225615043904,0.022259140151434376,0.021836692719456083,2.723031377666941e-05,0.05185038767439899,0.0,0.021296401696702435,0.015221150983276126,0.011197824337751072,0.049403144188845484
0.50,0,2,Ecal,0,2026092300,context_0,1014,3425,0.03222240797377496,0.0019083240215830087,0.06046499211158853,0.021141281361529197,0.01994197775095885,0.01933703855356189,0.00011893183319760723,0.05127904730607495,0.0,0.0205065218330238,0.01152000968881712,0.010466939369387621,0.06563223607619854
0.50,0,2,Ecal,0,2026092300,context_1,1034,3421,0.02871076852536536,0.004203546158548106,0.05633433778859384,0.023685327928566587,0.021405244463992612,0.025776316229679755,0.00011798592040276819,0.05159467851531003,0.0,0.02518277286098999,0.016120001962799786,0.005011360785323239,0.06505904404812196
0.50,0,2,Ecal,0,2026092300,pooled,2048,6846,0.029787915926188346,0.0030534514507843443,0.058377948328400035,0.016575804934883177,0.02033898485096175,0.02256706934670817,7.22926391152894e-05,0.05126729568401052,0.0,0.021296401696702435,0.011790215996153819,0.004159426307021671,0.04768175202766262
0.50,0,2,Ecal,1,2026092301,context_0,1014,3425,0.0343042041528101,0.012677419474946066,0.06522275384097379,0.024231367451102808,0.025532049041624427,0.02257524753447214,8.620515444666282e-05,0.05265476712321807,0.0,0.0205065218330238,0.017708562054070863,0.007968454959376568,0.06779041289230164
0.50,0,2,Ecal,1,2026092301,context_1,1034,3421,0.03282571697792025,0.006496632961762447,0.06381765516549733,0.0231898636377636,0.023511345534497435,0.022584947075947326,4.256784166550289e-05,0.05196771939005132,0.0,0.02518277286098999,0.015868737132578928,0.0038447487377399826,0.06258945221830534
0.50,0,2,Ecal,1,2026092301,pooled,2048,6846,0.03318159184643571,0.002992985773345041,0.0642134216309811,0.017014598607919856,0.021752725566694386,0.022732732752689166,3.719131042552795e-05,0.051304382181864325,0.0,0.021296401696702435,0.010089892185212493,0.0039551898112265005,0.04590643142907952
0.50,0,2,Ecal,2,2026092302,context_0,1014,3425,0.03436629055686524,0.014715767866308658,0.06218828612002271,0.020410947916636342,0.024228727474412792,0.011842167595299366,6.801831010482689e-05,0.051799763762351465,0.0,0.0205065218330238,0.008894273681342178,0.00636318315976597,0.06304156247617326
0.50,0,2,Ecal,2,2026092302,context_1,1034,3421,0.03272465997990526,0.0009221002351155563,0.0629931288558996,0.02105180364733432,0.025597025257519168,0.02175631396782972,9.302774462545811e-05,0.051943838377777565,0.0,0.02518277286098999,0.009492828880143127,0.014917155635516119,0.06196741929794001
0.50,0,2,Ecal,2,2026092302,pooled,2048,6846,0.033148176039774935,0.0076963133315020105,0.06259472755757294,0.015939971163140887,0.023594131302475174,0.016819321177029417,7.384341538104735e-05,0.051588441325095435,0.0,0.021296401696702435,0.007456328564870796,0.010543383773799153,0.046774542326364264
0.50,0,2,Ecal,3,2026092303,context_0,1014,3425,0.03178166498057883,0.004817302720325874,0.06070778408402976,0.02153227028166823,0.01938687292154684,0.01992196300735856,1.01995480932661e-05,0.05132830505489056,0.0,0.0205065218330238,0.011750380534399404,0.0038600344363139737,0.06335629783111985
0.50,0,2,Ecal,3,2026092303,context_1,1034,3421,0.036959400990208,0.009072693405916307,0.06773746859262715,0.021389177215791696,0.021719997506460476,0.03730672910042497,1.1616156166469667e-05,0.051467361289507726,0.0,0.02518277286098999,0.012316985751272023,0.008527276204069555,0.0626356623536069
0.50,0,2,Ecal,3,2026092303,pooled,2048,6846,0.03375880136660736,0.006975239867213056,0.06411573544686869,0.016300053416544138,0.0205710915356343,0.028606235075361683,4.381799259962817e-06,0.05124095948430209,0.0,0.021296401696702435,0.008374562848869773,0.002529088666931027,0.04657820315897903
0.50,0,2,Ecal,4,2026092304,context_0,1014,3425,0.03463936202660117,0.00407745501829572,0.06455206038359876,0.024128059081588108,0.022504000040552752,0.01620420957502422,0.0001568283924922309,0.05198149916991642,0.0,0.0205065218330238,0.01139021430576893,0.008758537846469782,0.06731420082024668
0.50,0,2,Ecal,4,2026092304,context_1,1034,3421,0.02916520068813,0.0012497361321545826,0.058605588860409494,0.031196583994974693,0.023322785987763606,0.027485130702716742,0.0001863646167586782,0.052810366552127175,0.0,0.02518277286098999,0.024622205105479487,0.011188016054555452,0.06429079922443309
0.50,0,2,Ecal,4,2026092304,pooled,2048,6846,0.031199953071406772,0.002664861622309238,0.06154566555648523,0.021351845997198627,0.022301341366829375,0.021916063315309126,4.122908698600612e-05,0.05186786978979099,0.0,0.021296401696702435,0.015726814413696857,0.006037860211267119,0.04841448910040275
0.50,0,3,U,0,2026092400,context_0,1002,3425,0.044842933492113046,0.00576072196241845,0.07459053221883,0.028242304837827605,0.027471596049016722,0.012224632049698744,0.00018257739483151791,0.05538741824515374,0.0,0.024865050920057714,0.017061032626419736,0.008807095835717337,0.068007868436216
0.50,0,3,U,0,2026092400,context_1,1046,3421,0.032005692241821926,0.002271776885237935,0.06125088960620658,0.026086016660858004,0.021738569577100325,0.03310857711745087,6.261843930939595e-05,0.05136198643900893,0.0,0.01920848789643094,0.01436648269670791,0.008524322873084881,0.06717172712003347
0.50,0,3,U,0,2026092400,pooled,2048,6846,0.03765006927063075,0.003936690474047395,0.06773020445613405,0.017578965863499482,0.022813857932879378,0.022921728603526106,2.4387454929861078e-05,0.05247857815859227,0.0,0.008043213960478746,0.008078360539575556,0.0042402825490592475,0.04730039258523464
0.50,0,3,U,1,2026092401,context_0,1002,3425,0.04124437805132669,0.013930573496354319,0.07249996606035268,0.031231447879631044,0.023247043271878765,0.015514562663579132,1.053886403117396e-05,0.05140638272454959,0.0,0.024865050920057714,0.026098761661578505,0.005472320781211638,0.06851046103493225
0.50,0,3,U,1,2026092401,context_1,1046,3421,0.03470312730847025,0.004358826255332103,0.06725356670514691,0.02765919900076504,0.02461304290135513,0.02107358969192806,1.4767485177181962e-05,0.052616586097193156,0.0,0.01920848789643094,0.02256748094366679,0.004595972900089598,0.06526142080614313
0.50,0,3,U,1,2026092401,pooled,2048,6846,0.03765281693268785,0.00903668928758589,0.06975532923343229,0.01969386467238856,0.02399008844016498,0.018366484636211808,1.6682043556177613e-05,0.05165941929676847,0.0,0.008043213960478746,0.014753198122087063,0.0019229155088287529,0.0461942620126716
0.50,0,3,U,2,2026092402,context_0,1002,3425,0.03821757568460382,0.0002975439931264108,0.06768594651716543,0.025894169249908384,0.021298990890306513,0.02403705571549075,1.5997837328346758e-05,0.05128130618225071,0.0,0.024865050920057714,0.01585101364275816,0.01790602640282061,0.06734702778929931
0.50,0,3,U,2,2026092402,context_1,1046,3421,0.033770312360303645,0.00395072990541471,0.0648909549470079,0.032108939520275985,0.021342051516925642,0.018289273731593114,8.082130678753566e-05,0.0517258617049722,0.0,0.01920848789643094,0.027299755565398317,0.008107372008990761,0.06122390413914604
0.50,0,3,U,2,2026092402,pooled,2048,6846,0.03546858347897791,0.0021089647085199992,0.06612764000753373,0.021770781451188752,0.020043369460708144,0.020955794795329025,3.9649307354295985e-05,0.05133497846836305,0.0,0.008043213960478746,0.017169318266654292,0.010038761443533637,0.04580388197647514
0.50,0,3,U,3,2026092403,context_0,1002,3425,0.036234867220968525,0.00413086154224062,0.06470570655839086,0.024460068360582114,0.022653472799436525,0.02404058810910409,2.8865958039850836e-05,0.05181041988241327,0.0,0.024865050920057714,0.01782070637167614,0.007489447700743092,0.06812486238577144
0.50,0,3,U,3,2026092403,context_1,1046,3421,0.038445340154824426,0.0010237480989662882,0.06917309943029994,0.026486072676042267,0.02465663350384284,0.01539535823550478,2.3990974994959056e-05,0.05189596078228317,0.0,0.01920848789643094,0.02157829819455767,0.003699221574855328,0.06619126300195159
0.50,0,3,U,3,2026092403,pooled,2048,6846,0.03674393346860122,0.0015156945511686987,0.06663209510387626,0.019788354854572247,0.020360858290899175,0.019682178951434412,9.882000960544806e-06,0.05124722047037886,0.0,0.008043213960478746,0.015513199436312814,0.004660223544452457,0.04916577144577004
0.50,0,3,U,4,2026092404,context_0,1002,3425,0.037539920884834044,0.0006029131743580854,0.0716348920770941,0.023055008884354897,0.027926127695938496,0.028961651954474393,6.980597520041471e-05,0.055946347069362114,0.0,0.024865050920057714,0.01612525676676512,0.005252319942501419,0.06593936511494237
0.50,0,3,U,4,2026092404,context_1,1046,3421,0.037819728466042424,0.0011158113355052048,0.06736231639181775,0.022701420064002574,0.022938198941568344,0.02504859710922444,1.205800360129446e-05,0.052120335797745616,0.0,0.01920848789643094,0.014806228627901062,0.0033044282104147914,0.06266917768428584
0.50,0,3,U,4,2026092404,pooled,2048,6846,0.03747560867952976,0.00020016233364556505,0.06918284015046375,0.020439003632526494,0.02398654474870998,0.026899171990902318,3.477504760486896e-05,0.053145237520807166,0.0,0.008043213960478746,0.01631582631423894,0.003739624295030008,0.04688837672677909
0.50,0,3,Ucal,0,2026092400,context_0,1002,3425,0.0447591708753689,0.005727971226646317,0.07462439505992667,0.02782658712208498,0.027690175283989427,0.012476000487953429,0.00012878166454123575,0.05542626507442519,0.0,0.024865050920057714,0.018560914228638724,0.008022233853566789,0.06878217030257006
0.50,0,3,Ucal,0,2026092400,context_1,1046,3421,0.03220399477216224,0.0023122410649340274,0.06133756142706853,0.025770492557101503,0.021738569577100325,0.03317802369948093,5.503130542702354e-05,0.051320834487810774,0.0,0.01920848789643094,0.01495911351309772,0.007646271892989681,0.06656116248464955
0.50,0,3,Ucal,0,2026092400,pooled,2048,6846,0.037670439603278316,0.003942747028185795,0.06779205546018066,0.017880891248544584,0.022622543603436185,0.023085337138719825,1.1246515132673463e-05,0.05241107819296102,0.0,0.008043213960478746,0.008345802128878588,0.0033749332812931573,0.04710704160019958
0.50,0,3,Ucal,1,2026092401,context_0,1002,3425,0.04137996815513878,0.01388414037173946,0.07252612250813778,0.033833132630066126,0.02276616895493888,0.015130396368554413,3.1770052845218465e-05,0.0513855246997121,0.0,0.024865050920057714,0.028402233622042538,0.009541085167907625,0.06927888110877135
0.50,0,3,Ucal,1,2026092401,context_1,1046,3421,0.03468681026262044,0.004361537163119504,0.06724524441630972,0.028039835105441203,0.024902682093675577,0.021765357335909494,1.4102165734883006e-05,0.05270648731816982,0.0,0.01920848789643094,0.02270552863822568,0.008896969391928576,0.0654264516565106
0.50,0,3,Ucal,1,2026092401,pooled,2048,6846,0.03761105872510867,0.009015721940373778,0.06975850043995678,0.021097138818291554,0.023905059849301302,0.018534688638131944,1.8519550237013115e-05,0.05163594254469572,0.0,0.008043213960478746,0.016224910810200124,0.008980268525857918,0.04734954426891977
0.50,0,3,Ucal,2,2026092402,context_0,1002,3425,0.03815709930208372,0.00028726157646846045,0.06760849911337978,0.025905113253258623,0.021342706737301098,0.02450004713406409,4.6233027335490455e-05,0.05128326934317662,0.0,0.024865050920057714,0.016395470651595113,0.010976860527619873,0.06658762182392033
0.50,0,3,Ucal,2,2026092402,context_1,1046,3421,0.033770312360303645,0.0037721378445100236,0.06491189925617624,0.03352049900903372,0.021424805571874345,0.018815239315381982,7.242727893156758e-05,0.051665128876309044,0.0,0.01920848789643094,0.02905987816046792,0.00930170350589392,0.06295388041298315
0.50,0,3,Ucal,2,2026092402,pooled,2048,6846,0.03557043514221553,0.0020119427427116214,0.0661031079291667,0.02173933323988516,0.020085883756139983,0.0214508932002396,5.56160873286045e-05,0.051312584461823046,0.0,0.008043213960478746,0.017332280927834558,0.004937664190418702,0.04566653375223696
0.50,0,3,Ucal,3,2026092403,context_0,1002,3425,0.0362618389653841,0.004162909164130948,0.06470058964500017,0.024160545927952665,0.022478609411458406,0.023920983386441386,1.8463243588661356e-05,0.051786921873210816,0.0,0.024865050920057714,0.01755006806071404,0.0058127133731794315,0.06699752221869529
0.50,0,3,Ucal,3,2026092403,context_1,1046,3421,0.038445340154824426,0.0010585540893974115,0.06914812474319393,0.027099410071838147,0.0248635186412145,0.01533826020717452,1.3247379446208643e-05,0.05195842772270017,0.0,0.01920848789643094,0.021491028273452933,0.006634217538424628,0.06603552487703811
0.50,0,3,Ucal,3,2026092403,pooled,2048,6846,0.03680504446654381,0.001513048081811712,0.06661730617861149,0.019964343556516252,0.020482659067038278,0.01959066265570031,1.7673825834214684e-05,0.05127118001713132,0.0,0.008043213960478746,0.01542338227719619,0.0039439558795760195,0.048518801773575954
0.50,0,3,Ucal,4,2026092404,context_0,1002,3425,0.0375464210910712,0.0005624377801035001,0.07153887668606897,0.023070535732999223,0.027751264307960377,0.029005390944539966,9.592614159266552e-05,0.05582372784948325,0.0,0.024865050920057714,0.016070100777768406,0.012473718001258632,0.06597114781923283
0.50,0,3,Ucal,4,2026092404,context_1,1046,3421,0.03758176542963404,0.0011453000180300524,0.06745664760084298,0.022889864165561335,0.022896821914094034,0.024916871842440985,2.2397973292739815e-05,0.05208688220372475,0.0,0.01920848789643094,0.01536147571285388,0.009883314279734965,0.06304189812088569
0.50,0,3,Ucal,4,2026092404,pooled,2048,6846,0.03727941739185908,0.00023522629928799508,0.06918783261057558,0.020735603167690155,0.023837744714698572,0.026851062745411977,4.2594491215857235e-05,0.05307880588139986,0.0,0.008043213960478746,0.01723754002086864,0.01019192590485091,0.046779768615528565
0.50,0,3,E,0,2026092400,context_0,1002,3425,0.04504095049998358,0.005976148169127234,0.07463879029318768,0.027825027691679275,0.028651923917869193,0.012080094903485508,0.00013501120153550268,0.05588302818609627,0.0,0.024865050920057714,0.01722071236073236,0.008784115088294506,0.06784543258483514
0.50,0,3,E,0,2026092400,context_1,1046,3421,0.032266550531648064,0.0022043182395536367,0.06136008749157412,0.02625561791340963,0.021821323632049028,0.03569054294439754,2.6757054233731575e-05,0.05129453064389574,0.0,0.01920848789643094,0.015791984140526887,0.008614205581216462,0.06532671936836346
0.50,0,3,E,0,2026092400,pooled,2048,6846,0.038013972701733845,0.0040073520104071106,0.06780665082985898,0.01709477568140395,0.022537515012572507,0.024185455313836993,9.644420941807023e-06,0.052470819764427516,0.0,0.008043213960478746,0.007205503757079578,0.00621552891524305,0.046372714597558
0.50,0,3,E,1,2026092401,context_0,1002,3425,0.04169058730559505,0.013987347384968239,0.07260450493624263,0.03149646005484276,0.023290759118873294,0.01660251590746445,2.1963775484606333e-05,0.05138235264941208,0.0,0.024865050920057714,0.0265594560536713,0.005778330113594254,0.06919419540243973
0.50,0,3,E,1,2026092401,context_1,1046,3421,0.03498698034589609,0.004408543823954048,0.06726757116701394,0.027376319738731534,0.025026813176098617,0.021245875104630732,3.3405769774828484e-05,0.052934924419130724,0.0,0.01920848789643094,0.02240883891939456,0.004854151609505603,0.06506140522626554
0.50,0,3,E,1,2026092401,pooled,2048,6846,0.03788931148396918,0.009089508129552311,0.0698046288208343,0.01964865653949274,0.024223917065040124,0.019004291381227,2.4684890382555415e-05,0.05176193221537855,0.0,0.008043213960478746,0.0146106057935543,0.0026755609582187977,0.04558391546493247
0.50,0,3,E,2,2026092402,context_0,1002,3425,0.038490945951499156,0.0003959090788298109,0.06780636095215807,0.024903074563238422,0.021298990890306513,0.02633917459250021,2.7446423034592905e-05,0.051265197865618485,0.0,0.024865050920057714,0.01606042018461857,0.019297336389229668,0.06703904612157016
0.50,0,3,E,2,2026092402,context_1,1046,3421,0.03396449988855299,0.0039462925473153256,0.06511130613685545,0.03161862273251627,0.021797198819143437,0.019870022327743625,6.39762826071029e-05,0.05153466096599558,0.0,0.01920848789643094,0.026759568808520585,0.007721568438793057,0.0644207514839436
0.50,0,3,E,2,2026092402,pooled,2048,6846,0.03598877621667396,0.0021531654288071567,0.06629453365784986,0.020597720882738233,0.020340969528731018,0.022890663735908742,2.7490800607109623e-05,0.051257092591049,0.0,0.008043213960478746,0.015593183994226148,0.011799734356270615,0.04679314647582228
0.50,0,3,E,3,2026092403,context_0,1002,3425,0.03655968191885589,0.0041854768386149046,0.06485530833600306,0.024438206977109744,0.022915767881403704,0.024176477695596693,2.0342573313451756e-05,0.05179035359734684,0.0,0.024865050920057714,0.017800078035877295,0.007984589893545148,0.06744632323913519
0.50,0,3,E,3,2026092403,context_1,1046,3421,0.03886597161151634,0.0012696275665006489,0.06915871364709862,0.025022205352865062,0.023622207816984098,0.014533310502556754,1.0438102406879455e-05,0.05168013587154259,0.0,0.01920848789643094,0.019551778478209082,0.003142401692686601,0.06597135474451947
0.50,0,3,E,3,2026092403,pooled,2048,6846,0.03681777317827589,0.0014144005514726587,0.0666990827496862,0.019201842737242684,0.020360858290899175,0.019280941201629417,1.4863565411019433e-05,0.05121523174793048,0.0,0.008043213960478746,0.015087030435624454,0.005598260781625449,0.048781973226581385
0.50,0,3,E,4,2026092404,context_0,1002,3425,0.037554921871507385,0.0003344626771566673,0.07150323320088679,0.022717399312303266,0.027182958297031434,0.028664357009558467,6.525166147275244e-05,0.05537461848924648,0.0,0.024865050920057714,0.01487411390427889,0.005554976085192125,0.06506992567591031
0.50,0,3,E,4,2026092404,context_1,1046,3421,0.03807644760470419,0.0010921498159770604,0.06743413824524289,0.025113680067253057,0.022648559749247954,0.024457642718501163,3.307174766531136e-07,0.052037066879319784,0.0,0.01920848789643094,0.017017315847657796,0.003716309318216517,0.061460307563106865
0.50,0,3,E,4,2026092404,pooled,2048,6846,0.037730863840857665,0.000319894169881686,0.06916609113770913,0.020962306443749253,0.02362517323753932,0.026446123424137893,2.619454483892311e-05,0.05288796044647899,0.0,0.008043213960478746,0.01731140095519938,0.004180164467874677,0.047657343141450294
0.50,0,3,Ecal,0,2026092400,context_0,1002,3425,0.044957187883239436,0.005912022196682124,0.07467589232262159,0.027264587790796203,0.028739355611858253,0.012463705226487681,0.00010824641269231564,0.05609730989893325,0.0,0.024865050920057714,0.018309626378406288,0.008148092245914297,0.06844883936518681
0.50,0,3,Ecal,0,2026092400,context_1,1046,3421,0.032194648114830804,0.002471833535469835,0.061343399016225694,0.025946918926845298,0.022069585796895108,0.035753728024467454,3.609568617581602e-05,0.05131316665776115,0.0,0.01920848789643094,0.0158561385686654,0.007185349310869852,0.06563112601645044
0.50,0,3,Ecal,0,2026092400,pooled,2048,6846,0.038093542199705954,0.004112910483488763,0.06781885412377563,0.017657988657343374,0.022601286455720238,0.024412202268024458,5.141248860217763e-06,0.05251274265171904,0.0,0.008043213960478746,0.007793919986681045,0.0046106894255171435,0.04666496878600317
0.50,0,3,Ecal,1,2026092401,context_0,1002,3425,0.04173246861396718,0.01390346055628101,0.07260614511660715,0.0333974837427745,0.023378190812862354,0.016501815035015355,1.670299987131731e-05,0.051402336427800295,0.0,0.024865050920057714,0.02794153922994974,0.00963103863906402,0.06880460527410236
0.50,0,3,Ecal,1,2026092401,context_1,1046,3421,0.034788677815555835,0.004407827743726478,0.06730798740979105,0.029395049032221145,0.024902682093675577,0.02190644273275462,4.3177039793181645e-05,0.052857671477657735,0.0,0.01920848789643094,0.0238556833141993,0.008850264150946483,0.06548281246505594
0.50,0,3,Ecal,1,2026092401,pooled,2048,6846,0.03795687341203291,0.009047086768626119,0.06982714111445737,0.020572636554841553,0.024202659917324176,0.019281092165486555,1.9070101215470404e-05,0.051760491672864374,0.0,0.008043213960478746,0.015573060165479087,0.0082993176757925,0.04591835326945064
0.50,0,3,Ecal,2,2026092402,context_0,1002,3425,0.038449064643127084,0.00027949145632073834,0.06777387702121065,0.024519974736230955,0.021298990890306513,0.024450724065106733,5.140840903143266e-05,0.05126806839501588,0.0,0.024865050920057714,0.015949030542198348,0.00980365455411638,0.06527430934487531
0.50,0,3,Ecal,2,2026092402,context_1,1046,3421,0.03376619735821268,0.0039538024277155455,0.0650179329408132,0.03217146286611844,0.021797198819143437,0.019788495719287022,2.7031964418545355e-05,0.05147699192240604,0.0,0.01920848789643094,0.0273148158934734,0.007973901481934055,0.06255565536712188
0.50,0,3,Ecal,2,2026092402,pooled,2048,6846,0.035948035551378876,0.0020998317423011406,0.06623551384838719,0.021164591085027152,0.020383483824162857,0.0219417669175737,2.6279477447839548e-05,0.05124306957532692,0.0,0.008043213960478746,0.016150801634277692,0.0042692130582797656,0.04568394138254338
0.50,0,3,Ecal,3,2026092403,context_0,1002,3425,0.036643444535600034,0.004231868738296342,0.0648196219487276,0.026003498092213376,0.02304691542238735,0.02334579321789848,3.349417383527204e-05,0.05178847921973996,0.0,0.024865050920057714,0.01959106948723682,0.007631052580961505,0.06689987583021585
0.50,0,3,Ecal,3,2026092403,context_1,1046,3421,0.03894529262365243,0.0010872920697555365,0.06916971611235455,0.02607716538432343,0.02403597809172764,0.014840179908000739,1.2363569507144124e-05,0.05177458653972991,0.0,0.01920848789643094,0.019693989473005498,0.008335631952499511,0.06577382666685772
0.50,0,3,Ecal,3,2026092403,pooled,2048,6846,0.03677527545899528,0.0015320235514675264,0.06668760997347915,0.01936395849032517,0.020339601143183228,0.019041458514524878,2.3910749795763163e-05,0.05122358363426023,0.0,0.008043213960478746,0.015046289770329372,0.006268784873435097,0.048170469602876353
0.50,0,3,Ecal,4,2026092404,context_0,1002,3425,0.0376805657966236,0.0003679854218507883,0.07145111019990226,0.023287708923824813,0.027314105838014968,0.02904299541267316,6.348920722448303e-05,0.05546577804515264,0.0,0.024865050920057714,0.014776586805874412,0.009880757777412883,0.06620886723707198
0.50,0,3,Ecal,4,2026092404,context_1,1046,3421,0.037957466086500025,0.0011275548869215675,0.06752391733947233,0.02424497814327507,0.022896821914094034,0.023757478257680695,5.138648667079866e-06,0.0520999848783929,0.0,0.01920848789643094,0.01598332111216351,0.009846384590618814,0.06257690096556491
0.50,0,3,Ecal,4,2026092404,pooled,2048,6846,0.037649382510267504,0.00032228641836480154,0.06918537297265334,0.0212900480970933,0.023816487566982625,0.02626776517568845,3.341257524492702e-05,0.05299124658391952,0.0,0.008043213960478746,0.017657696610207465,0.009018148666915759,0.04685887859767867
0.50,0,4,U,0,2026092500,context_0,1042,3425,0.03642633858611244,0.001236041103554162,0.06682629352509774,0.026459346349610936,0.021656291786646076,0.015396119262594044,3.678037884828926e-05,0.051360560583626834,0.0,0.021091282906258346,0.016155646926172287,0.008903453255389767,0.06487363914284806
0.50,0,4,U,0,2026092500,context_1,1006,3421,0.03802968292251008,0.008087303410272327,0.06861344976101902,0.02727073168677159,0.02651626593409906,0.04165328219114316,7.788012098247508e-05,0.05265779458967517,0.0,0.01543875449437257,0.023395477048650404,0.0074138647700172115,0.0662779476452941
0.50,0,4,U,0,2026092500,pooled,2048,6846,0.03699507477754049,0.0045966081972366865,0.06767170951734915,0.017745576807832696,0.02183331861433535,0.028366326897237906,5.987694949921597e-05,0.051628122612421855,0.0,0.00936835264205375,0.011040830225551593,0.008061294660154043,0.046927127628320145
0.50,0,4,U,1,2026092501,context_0,1042,3425,0.03711771292710936,0.0020394798075461813,0.06740370664297443,0.021977733848750982,0.02310587177433132,0.015008404620461033,0.0001044897751036394,0.05222885484079928,0.0,0.021091282906258346,0.010252309154761018,0.008825522096503122,0.06839590075234228
0.50,0,4,U,1,2026092501,context_1,1006,3421,0.03413946463574413,0.001521782749813079,0.06628415778357356,0.026438846517619557,0.022570407729022857,0.026747253597401016,5.9357969824579e-05,0.05205875641552256,0.0,0.01543875449437257,0.0206133502679307,0.00597118376980272,0.06757945721795915
0.50,0,4,U,1,2026092501,pooled,2048,6846,0.03528805598586887,0.00027439278250377037,0.06680595755803155,0.01666171582032403,0.02237745590814577,0.020832304357788836,8.016653936825194e-05,0.052043010724728715,0.0,0.00936835264205375,0.00924491712469438,0.005018019802376985,0.04608812168516041
0.50,0,4,U,2,2026092502,context_0,1042,3425,0.03731432111006294,0.014914193689417557,0.06721140716624438,0.025880533016009108,0.029093111624198864,0.013467418885276111,0.0001482706348419951,0.055368256664306885,0.0,0.021091282906258346,0.018963083613429674,0.009281317614616808,0.06606031436338551
0.50,0,4,U,2,2026092502,context_1,1006,3421,0.039792796465836555,0.002576104458795795,0.07325185796663819,0.03185182602129953,0.02128165595309206,0.02819073421132033,8.979433111901998e-05,0.051496444603523726,0.0,0.01543875449437257,0.02563096288440363,0.009808355699963764,0.06521507001077453
0.50,0,4,U,2,2026092502,pooled,2048,6846,0.037838316156518725,0.006263421656284611,0.07000163591115324,0.019342146749127823,0.023955151784915807,0.020979311015760727,0.00013414968979938023,0.05200900982178657,0.0,0.00936835264205375,0.014216089799472883,0.008871904088932526,0.04641415273209171
0.50,0,4,U,3,2026092503,context_0,1042,3425,0.04136092591505741,0.003795453354597322,0.07184716480892057,0.02648147185312866,0.02454613654755844,0.032069879528800416,0.0001101061922004975,0.05309615826275398,0.0,0.021091282906258346,0.015541699930962025,0.007316003737699657,0.06591155616313932
0.50,0,4,U,3,2026092503,context_1,1006,3421,0.033798354875502534,0.0020709683720383856,0.06639494537556186,0.025023805789234722,0.025497707113914858,0.03288728344451923,0.00010346384815572651,0.052602747071389976,0.0,0.01543875449437257,0.014925407818346276,0.00694563425751984,0.06657844328654568
0.50,0,4,U,3,2026092503,pooled,2048,6846,0.03679681271676033,0.0008914849068645147,0.06917471519999846,0.017542486662991432,0.023815202292657822,0.03251864685447946,0.00010268531714952456,0.052682376199995884,0.0,0.00936835264205375,0.01106400254547513,0.005312004621196879,0.045728709469907924
0.50,0,4,U,4,2026092504,context_0,1042,3425,0.03494543105493442,0.014493853171451401,0.0676660554913153,0.025282026222045933,0.022357989475693063,0.03263325537932937,9.950818735212318e-05,0.051515770957235585,0.0,0.021091282906258346,0.01637918850731948,0.00922347592886052,0.06504246105391985
0.50,0,4,U,4,2026092504,context_1,1006,3421,0.03689127008901133,0.0007951955157403878,0.0735098209829437,0.021273315564262856,0.024626963051221362,0.02243373810807793,1.3312939072104445e-05,0.05263804348971477,0.0,0.01543875449437257,0.013875467059132535,0.005468296391794136,0.06336115959849088
0.50,0,4,U,4,2026092504,pooled,2048,6846,0.035728513367527415,0.007670962079331381,0.07021055276424389,0.016452063064806642,0.020110500850169855,0.027733839424622528,1.4106715553812278e-05,0.05152409529287975,0.0,0.00936835264205375,0.010385284153616631,0.002981984685916981,0.04499222951929651
0.50,0,4,Ucal,0,2026092500,context_0,1042,3425,0.03640256579713397,0.0012100957001983006,0.06681471585815443,0.026067494719310986,0.021656291786646076,0.015591081032915372,3.352252828874654e-05,0.05136933606215113,0.0,0.021091282906258346,0.015840447188753923,0.006102506764721475,0.0644832356674847
0.50,0,4,Ucal,0,2026092500,context_1,1006,3421,0.03813902958503701,0.0080921897126751,0.06856561061973576,0.026838867332807628,0.02655951665854861,0.04171621888538572,0.00010864647573195237,0.05265321678423622,0.0,0.01543875449437257,0.022856661613660526,0.005783887888443915,0.06606880385502255
0.50,0,4,Ucal,0,2026092500,pooled,2048,6846,0.03701136739390809,0.004585391134496022,0.06763960346624004,0.017573167925457853,0.02183331861433535,0.028498622118919778,6.757262872476406e-05,0.05165110812868338,0.0,0.00936835264205375,0.011163119480402394,0.005405491690642486,0.04689828326526854
0.50,0,4,Ucal,1,2026092501,context_0,1042,3425,0.037001662379217704,0.002017338055750842,0.0673818878518346,0.022569052253275795,0.02323142105242304,0.015589007861589885,0.00010964267633013639,0.05229143987677043,0.0,0.021091282906258346,0.010988681220703695,0.009554221962462299,0.06881509296757471
0.50,0,4,Ucal,1,2026092501,context_1,1006,3421,0.034021138119760486,0.0015041678020020048,0.06625926662318303,0.026050122738838843,0.022527157004573195,0.027047395027112675,6.350869817281258e-05,0.05206698123127554,0.0,0.01543875449437257,0.020406113562165408,0.008543394404407658,0.06720858239900562
0.50,0,4,Ucal,1,2026092501,pooled,2048,6846,0.0352472929009186,0.00027184445736551366,0.06678711924005981,0.01654040240786047,0.02248380268371153,0.02127559681606632,8.794307033519079e-05,0.05207763675626604,0.0,0.00936835264205375,0.009001596402194483,0.008359349693774882,0.046483058161135904
0.50,0,4,Ucal,2,2026092502,context_0,1042,3425,0.03732980921998924,0.014882324681641808,0.0672141924620752,0.02572755077590477,0.028761002658367285,0.013111212653433166,0.00019423265845745156,0.055181275177688165,0.0,0.021091282906258346,0.019003184668087435,0.008739827764049525,0.06507654185068291
0.50,0,4,Ucal,2,2026092502,context_1,1006,3421,0.03975134912468348,0.0025894715679776513,0.07320586023776426,0.030972560033835087,0.02115190377974316,0.027534612142887396,5.7529613745974084e-05,0.05155185042253723,0.0,0.01543875449437257,0.024843463402495436,0.00706382224629617,0.06441734501525759
0.50,0,4,Ucal,2,2026092502,pooled,2048,6846,0.03781793461404359,0.0062404204203967886,0.06998597132612121,0.019775872528054052,0.02365738081333163,0.02048332442795399,0.00013562242853632097,0.05190446878699269,0.0,0.00936835264205375,0.014715371459418081,0.007931466022682835,0.04665163683737478
0.50,0,4,Ucal,3,2026092503,context_0,1042,3425,0.041320824860399674,0.0037767408997107354,0.07182467210799091,0.026605601753591394,0.02471353558501399,0.03204805582982048,0.00011082232149653502,0.053200723336286976,0.0,0.021091282906258346,0.01594629654397524,0.00802624422836579,0.06558476347310024
0.50,0,4,Ucal,3,2026092503,context_1,1006,3421,0.033756907534349456,0.0020297884736535316,0.06633596711748012,0.025270110011799757,0.025324704216116323,0.0324047819234783,0.00013104398874816539,0.05252297340077592,0.0,0.01543875449437257,0.015915138485996717,0.008395764318456766,0.06560098062161905
0.50,0,4,Ucal,3,2026092503,pooled,2048,6846,0.03675604963181006,0.0009022518352378693,0.06913401479756902,0.01766164674883323,0.02379393293754467,0.03226698787760089,0.00011691264951517553,0.05268490156065377,0.0,0.00936835264205375,0.01135412815262558,0.005705031246964731,0.0458475490875276
0.50,0,4,Ucal,4,2026092504,context_0,1042,3425,0.034985532109592155,0.014535920233998361,0.06762377124410743,0.025230684778313563,0.02244168899442084,0.032585431366326134,0.00010400518284240507,0.05152388626585029,0.0,0.021091282906258346,0.016333994680827184,0.009246062456786202,0.06511278741090147
0.50,0,4,Ucal,4,2026092504,context_1,1006,3421,0.03693271743016435,0.0007431990686877733,0.07348726848131285,0.021857835653577695,0.024626963051221362,0.022166773615338642,1.814104987510882e-05,0.05264738289663955,0.0,0.01543875449437257,0.01447850628894504,0.007330544714169104,0.06349400659417377
0.50,0,4,Ucal,4,2026092504,pooled,2048,6846,0.03573734594467615,0.007666460042539337,0.0701758380566104,0.016614496170835293,0.020131770205283117,0.027581706627795508,1.1612666405525255e-05,0.051518746879720544,0.0,0.00936835264205375,0.010123700927249776,0.003475996085542203,0.044972804234052116
0.50,0,4,E,0,2026092500,context_0,1042,3425,0.03665011881452823,0.0012945187355386451,0.06696362575802742,0.02696193853532176,0.02144704298982658,0.0177939110357999,4.8168730326779714e-05,0.05131772428731616,0.0,0.021091282906258346,0.016207566889001455,0.007671394250242849,0.06505260372519214
0.50,0,4,E,0,2026092500,context_1,1006,3421,0.03871550932472001,0.00841184006319279,0.0687951260110992,0.027211006415294742,0.025694502169555933,0.03955324108656781,0.00010830049235597368,0.05238835410167503,0.0,0.01543875449437257,0.022631179012633125,0.008829485993767879,0.06585619375635017
0.50,0,4,E,0,2026092500,pooled,2048,6846,0.03759117028555908,0.0047851051943376775,0.06783597030423891,0.016855874784283208,0.021599355708090573,0.02854644506596392,8.654038552829665e-05,0.051550923586983606,0.0,0.00936835264205375,0.011050874639935163,0.008294426130407175,0.046421844816744155
0.50,0,4,E,1,2026092501,context_0,1042,3425,0.03749366453242048,0.0018397909267408082,0.06760596435387604,0.02262867800349529,0.022980322496239713,0.01485801645488484,0.00011100591130581647,0.05230138536292678,0.0,0.021091282906258346,0.010852261541598962,0.008245164711663665,0.06773227283050999
0.50,0,4,E,1,2026092501,context_1,1006,3421,0.034651400574585045,0.0018402665722854975,0.06646867581770333,0.026543314334177816,0.022613658453472518,0.024598933065926212,9.011348581978036e-05,0.052078455310156535,0.0,0.01543875449437257,0.020340218568714458,0.006045542171122157,0.06813436062902581
0.50,0,4,E,1,2026092501,pooled,2048,6846,0.03581303721391649,1.626759724593775e-05,0.06700202828612754,0.01686682098476671,0.022271109132580014,0.019694947898664716,8.938985848251527e-05,0.05207229598960237,0.0,0.00936835264205375,0.009614736739957499,0.00566718468756264,0.046134451907443495
0.50,0,4,E,2,2026092502,context_0,1042,3425,0.03798303765341832,0.014915494653484507,0.06748427368198037,0.026142354882221764,0.029093111624198864,0.011064409703655784,7.637611252400939e-05,0.05546819834963801,0.0,0.021091282906258346,0.01964480154261121,0.0073611717926123366,0.06632521850758417
0.50,0,4,E,2,2026092502,context_1,1006,3421,0.040655501400240324,0.002497355412893622,0.07362298088484147,0.029342362056581108,0.02050314291299865,0.02887250634396514,5.6655589264108014e-05,0.051580149947592906,0.0,0.01543875449437257,0.02392661637710489,0.011252483907825805,0.06416868992757972
0.50,0,4,E,2,2026092502,pooled,2048,6846,0.038385952953645996,0.006302906936537168,0.07032372987965192,0.019743545489982688,0.023189455000842296,0.020153002360904337,8.373384489077172e-05,0.05191344854255889,0.0,0.00936835264205375,0.01500952849312289,0.008072409291298549,0.04638598763963985
0.50,0,4,E,3,2026092503,context_0,1042,3425,0.04212329195008918,0.0037518401135705447,0.07210785810691205,0.02512018558548529,0.02518813218030469,0.03314763551122407,5.011064801283265e-05,0.053415636030592115,0.0,0.021091282906258346,0.012481153363783349,0.006965103652230728,0.06510872118417352
0.50,0,4,E,3,2026092503,context_1,1006,3421,0.03449954661405841,0.002067849763880184,0.0665952063714061,0.02434280230228586,0.025433725500256993,0.032745593788871305,7.820156262349436e-05,0.05244699771124504,0.0,0.01543875449437257,0.013672202163094076,0.006947927077015052,0.06710616291262983
0.50,0,4,E,3,2026092503,pooled,2048,6846,0.0373860339855433,0.0008711949717196119,0.06940656011672547,0.017053413035240175,0.024049165198902545,0.032987307845578365,5.882759599137714e-05,0.052727470091578965,0.0,0.00936835264205375,0.010576080338290241,0.004932516974332859,0.04545059348339295
0.50,0,4,E,4,2026092504,context_0,1042,3425,0.035094926452621134,0.014548642789586414,0.06781533886354137,0.025821804651929552,0.022650937791240278,0.03094970529740343,0.00012805177129821324,0.05154818917430388,0.0,0.021091282906258346,0.014890818358684657,0.009597012860800922,0.06486285727112628
0.50,0,4,E,4,2026092504,context_1,1006,3421,0.037188453218561235,0.0008552408339428704,0.07375212349088946,0.02051760303550405,0.023848450011127897,0.020920452293084757,1.2101407982689283e-05,0.05242105054016829,0.0,0.01543875449437257,0.013366529788684958,0.006262862341295969,0.06287193319355215
0.50,0,4,E,4,2026092504,pooled,2048,6846,0.03596853202605538,0.0077262250326642756,0.07039799257599236,0.016542248067283417,0.02006796213994355,0.026136796942027682,3.1608433565340124e-05,0.05147104026157789,0.0,0.00936835264205375,0.00958004973089907,0.0041721267827423015,0.045086587442503996
0.50,0,4,Ecal,0,2026092500,context_0,1042,3425,0.03656991670521276,0.00127498916646586,0.06695669815278923,0.02648358837196405,0.02140519323046275,0.01773641928694661,3.588205815056732e-05,0.051329043562418006,0.0,0.021091282906258346,0.016079269530561255,0.0050482903674720905,0.06490967772720282
0.50,0,4,Ecal,0,2026092500,context_1,1006,3421,0.038798404007026166,0.008237912507206593,0.06878638886885126,0.026668054779819754,0.025867505067354468,0.039756054239211094,6.957582087577333e-05,0.05244299435327759,0.0,0.01543875449437257,0.022317846178670723,0.004854981113473468,0.06515162633697084
0.50,0,4,Ecal,0,2026092500,pooled,2048,6846,0.037550407200608815,0.0046897631627601435,0.06782917843215795,0.017382840436689688,0.021599355708090573,0.028613554517417247,6.500140603749656e-05,0.05158740271763709,0.0,0.00936835264205375,0.012029188678741611,0.004863211280172049,0.04639277998520331
0.50,0,4,Ecal,1,2026092501,context_0,1042,3425,0.03738606982453185,0.0017448908811096872,0.06757897430499309,0.022781012239728553,0.02293847273687588,0.015420149049288082,7.978441407707765e-05,0.05228459888708076,0.0,0.021091282906258346,0.01075777189416953,0.009398739818487692,0.06802591561092194
0.50,0,4,Ecal,1,2026092501,context_1,1006,3421,0.03469284791573812,0.001903202855286685,0.06642950203714972,0.025168828610478006,0.022440655555673983,0.025361586066562802,0.00010175763471299766,0.052035703946279384,0.0,0.01543875449437257,0.018889561628357206,0.008957450422566963,0.06715277818969877
0.50,0,4,Ecal,1,2026092501,pooled,2048,6846,0.03569074795906568,6.313473250287407e-05,0.0669696309545119,0.016472855012170398,0.022164762357014256,0.02035869084123458,8.372719995319714e-05,0.05203548816705476,0.0,0.00936835264205375,0.009329395145305591,0.007953891150897932,0.047387834183937896
0.50,0,4,Ecal,2,2026092502,context_0,1042,3425,0.03778253238012963,0.014938737930819044,0.06746000501590167,0.02689387936703932,0.02917681114292664,0.010979974780475674,9.190628023021251e-05,0.05546937710441602,0.0,0.021091282906258346,0.020847833182343335,0.00660219336338359,0.06649552353590343
0.50,0,4,Ecal,2,2026092502,context_1,1006,3421,0.04057260671793422,0.0024358152667388697,0.07353126912182316,0.030721052674972316,0.020632895086347552,0.02901588770669665,1.5087089541845347e-05,0.05157116559679041,0.0,0.01543875449437257,0.024913783968151883,0.004675179160491283,0.06412746962578125
0.50,0,4,Ecal,2,2026092502,pooled,2048,6846,0.03840633449612113,0.0063458259634389365,0.07026226397991714,0.01954923443106621,0.023317071131521205,0.020179786122051277,6.586730615767685e-05,0.0519155168626229,0.0,0.00936835264205375,0.01460253510626896,0.005668634620841124,0.04656547424317793
0.50,0,4,Ecal,3,2026092503,context_0,1042,3425,0.04189518917411761,0.0037261269446866316,0.07204440296136809,0.02577306628942662,0.025229981939668578,0.03382248091166784,6.46909697633297e-05,0.05336969288564252,0.0,0.021091282906258346,0.01356388183954226,0.0071077026612285064,0.06471399097528673
0.50,0,4,Ecal,3,2026092503,context_1,1006,3421,0.034333757249446206,0.0020066782904867193,0.06659311046189544,0.025104301426686036,0.025260722602458457,0.03290812280742007,8.977228820142047e-05,0.0523216731999385,0.0,0.01543875449437257,0.014191349846423219,0.007541640847509876,0.06755733685207067
0.50,0,4,Ecal,3,2026092503,pooled,2048,6846,0.03738183018451857,0.0008874428373120189,0.06937209653347633,0.017390593839900357,0.02398535713356309,0.033407134994389756,7.511951177944978e-05,0.05263617227624978,0.0,0.00936835264205375,0.010534450165045874,0.005213289679939173,0.04508860393008902
0.50,0,4,Ecal,4,2026092504,context_0,1042,3425,0.03509163087077044,0.014478975061806636,0.06782689192326981,0.025944860999411973,0.02290203634742355,0.030802629565469253,0.00012253998469321408,0.05155538118899809,0.0,0.021091282906258346,0.015011121522657838,0.008579919482979275,0.06459246180881573
0.50,0,4,Ecal,4,2026092504,context_1,1006,3421,0.037188453218561235,0.000830148380799191,0.0737607117995134,0.020806612250053425,0.023805199286678236,0.01995484999666229,1.0505604059749705e-05,0.052351235717368466,0.0,0.01543875449437257,0.013164844228348085,0.008716251271553788,0.06358104939233493
0.50,0,4,Ecal,4,2026092504,pooled,2048,6846,0.035921606802167216,0.007678480837819274,0.07039750396790483,0.016646236220939414,0.02015303956039627,0.025597649227388372,3.059021840076757e-05,0.05142612919967379,0.0,0.00936835264205375,0.009416997391097998,0.005260963431322785,0.045328714781548464
0.50,1,0,U,0,2026092100,context_0,1018,3425,0.03635317298320423,0.003078769353553336,0.06834556163878332,0.022218031549634882,0.024358444798570994,0.0010527742058693557,0.0013154862950484204,0.050200401676206485,0.0,0.017184905281574,0.01273860806917327,0.022820316778906866,0.06557480949288276
0.50,1,0,U,0,2026092100,context_1,1030,3421,0.03753594167426516,0.005490507671492525,0.0656675976553844,0.021651488881522674,0.02505182348663526,0.026492914840822904,0.02228696116022752,0.05259138601447781,0.0,0.012927080879661,0.012161148969522615,0.020007480278064683,0.06421416256401298
0.50,1,0,U,0,2026092100,pooled,2048,6846,0.03627047893255725,0.004286172176194184,0.06694392499596677,0.018443697878971262,0.02129338460321195,0.01271883896043255,0.0004727721770945957,0.05104930246543449,0.0,0.011237280152187418,0.013369983484122324,0.0071249035898222225,0.04837591200875433
0.50,1,0,U,1,2026092101,context_0,1018,3425,0.04097861645371742,0.0032107769881846962,0.0684317482630201,0.02464065497740208,0.020848011223421725,0.00808121339042324,0.0011573149578591809,0.050564803392755826,0.0,0.017184905281574,0.017445444013943948,0.02160497360234925,0.06830234602474969
0.50,1,0,U,1,2026092101,context_1,1030,3421,0.03932050238830703,0.005014285234012428,0.071240622577748,0.027303327771275424,0.021511880996735178,0.032256118814893556,0.01858912631764363,0.05197038010732406,0.0,0.012927080879661,0.02067056174450914,0.017909223380824416,0.06552656136441845
0.50,1,0,U,1,2026092101,pooled,2048,6846,0.039814273781566156,0.0009479305182702135,0.06981718539013079,0.019822150370290094,0.019732211190731125,0.019966702454105256,0.000223910791799644,0.05072960101614694,0.0,0.011237280152187418,0.016260429079705527,0.007500069041961986,0.0470218257460335
0.50,1,0,U,2,2026092102,context_0,1018,3425,0.04187877104679244,0.0002782935290947935,0.07358591203224375,0.030274453711460283,0.025024876198501633,0.005457643297868492,0.001006339640613745,0.05143063251783297,0.0,0.017184905281574,0.022572929631794587,0.020196366094813716,0.0697036199669067
0.50,1,0,U,2,2026092102,context_1,1030,3421,0.04140096431863227,0.010689418008468872,0.07049746369666599,0.022096202173196633,0.03026677261162536,0.036258575782473004,0.014304104005594398,0.053767808734171745,0.0,0.012927080879661,0.013152141071765407,0.012935724565050589,0.06437685240470123
0.50,1,0,U,2,2026092102,pooled,2048,6846,0.04118301627047938,0.005246708671181055,0.07191243459734863,0.01835448514688278,0.02026885241216317,0.020850659873187155,0.0008211325821388324,0.05068650594684328,0.0,0.011237280152187418,0.01414150868508348,0.0054520011964386845,0.04534662553320161
0.50,1,0,U,3,2026092103,context_0,1018,3425,0.037711775534209846,0.006331227353268645,0.07009686118111323,0.02332639111820459,0.024930613132656543,0.029381748314102146,0.0017399845541399236,0.051734129612868975,0.0,0.017184905281574,0.01768249002627159,0.02622282543767792,0.0691186050934044
0.50,1,0,U,3,2026092103,context_1,1030,3421,0.039037217482766895,0.001961242090429294,0.0653447317584119,0.027144644240439227,0.022934483781923642,0.020637299794648636,0.015457594837452404,0.05179428758098506,0.0,0.012927080879661,0.019176350951532903,0.017499357368154868,0.06380340926884938
0.50,1,0,U,3,2026092103,pooled,2048,6846,0.03826702458135228,0.004106246049526601,0.06758325696738687,0.018648901478730266,0.022194703217981837,0.02500154917343772,0.002538102877189325,0.05106785191027387,0.0,0.011237280152187418,0.013994098311787984,0.012124825079176879,0.04713809781593366
0.50,1,0,U,4,2026092104,context_0,1018,3425,0.03921858154113056,0.0020389579514739934,0.0680698675309147,0.021671288440227948,0.023472344384667637,0.03532449587816505,0.0011865395608873478,0.050960977669625304,0.0,0.017184905281574,0.014220064093405572,0.021301344909671824,0.06539966286440169
0.50,1,0,U,4,2026092104,context_1,1030,3421,0.04409977655118441,0.004761851397515107,0.07098597171718084,0.022882722815588383,0.022569589576867166,0.012126126837163367,0.020573575596144242,0.05188461891489423,0.0,0.012927080879661,0.014477529097525633,0.020826740517451404,0.0668533084650735
0.50,1,0,U,4,2026092104,pooled,2048,6846,0.04082992268934876,0.0033357538296302086,0.06918668130288273,0.0177033704429818,0.021822654876737957,0.0236387797706398,0.0001896839341095323,0.05126634442155022,0.0,0.011237280152187418,0.010897989682925427,0.008217770294540181,0.04499701560463992
0.50,1,0,Ucal,0,2026092100,context_0,1018,3425,0.036471111674126866,0.003066541041907004,0.06833753434373167,0.02253014348246458,0.024444488508775772,0.00025096528269490104,0.0013804994058378996,0.05020404063776307,0.0,0.017184905281574,0.01360415913668623,0.023140805049348307,0.06554224099347121
0.50,1,0,Ucal,0,2026092100,context_1,1030,3421,0.03749540003800472,0.005464257905046413,0.06565853695832137,0.022055881053013968,0.024755665084198242,0.025657793082355954,0.019942866406224474,0.05247585192582155,0.0,0.012927080879661,0.012769273513429215,0.02003172217792367,0.06493135667406114
0.50,1,0,Ucal,0,2026092100,pooled,2048,6846,0.036304861855142645,0.004267039080696958,0.06693196109766376,0.018778675010075355,0.021268047368205534,0.01271456109812219,0.00024225914441448546,0.05102836791305926,0.0,0.011237280152187418,0.013727532777795062,0.007539321212197011,0.04889730719335216
0.50,1,0,Ucal,1,2026092101,context_0,1018,3425,0.04092814719861665,0.0031160680576449917,0.06843611095013322,0.024747373707023484,0.02102009864383128,0.008271623058021801,0.0012484462977216848,0.050627155140339164,0.0,0.017184905281574,0.017696751339251283,0.022147691584898044,0.06878080690296762
0.50,1,0,Ucal,1,2026092101,context_1,1030,3421,0.039279960752046594,0.004975770234566358,0.07121206991594818,0.027102469404443916,0.021511880996735178,0.03292659869645016,0.016265067274874034,0.05202050057545538,0.0,0.012927080879661,0.020243858504937963,0.01574961535125251,0.06598112981148219
0.50,1,0,Ucal,1,2026092101,pooled,2048,6846,0.03973252100197161,0.0009746534424828967,0.06980596692344535,0.020087477743050936,0.01992419071291543,0.020385426063454087,0.001017224620688116,0.050746743082159575,0.0,0.011237280152187418,0.016423934638894563,0.007566920048509976,0.04740948700163534
0.50,1,0,Ucal,2,2026092102,context_0,1018,3425,0.041919987764293065,0.000284414168003999,0.07357398136773893,0.030968744443946396,0.025110919908706453,0.004736925359504207,0.0009560164594345001,0.05144158183466038,0.0,0.017184905281574,0.02293307138827047,0.019407612932054407,0.06963879026674989
0.50,1,0,Ucal,2,2026092102,context_1,1030,3421,0.04140096431863227,0.010803895663725195,0.0705129554122346,0.0229199609500724,0.030478314327651745,0.0364803985581071,0.012127419141408136,0.053803196280764146,0.0,0.012927080879661,0.01349972206199301,0.012186481987002685,0.06435723831662696
0.50,1,0,Ucal,2,2026092102,pooled,2048,6846,0.041133570177703416,0.005301391618542982,0.07192056210850616,0.017664438984130053,0.02039683876028603,0.02060514255294732,0.0012898359194174341,0.05068367213901273,0.0,0.011237280152187418,0.013562317113666586,0.005940655269688984,0.045446086301772576
0.50,1,0,Ucal,3,2026092103,context_0,1018,3425,0.037794208969211096,0.006231115357972644,0.0701092636539508,0.023057724551439073,0.0252317661183733,0.02944604792128755,0.0018048071339241052,0.0517892228320559,0.0,0.017184905281574,0.017435814498768822,0.026481373481793934,0.0693337442645809
0.50,1,0,Ucal,3,2026092103,context_1,1030,3421,0.03918736017119745,0.0019306761236431724,0.06535369721461312,0.0265413649089443,0.02259601703628139,0.019799687162618887,0.013715889812553644,0.05180297567942866,0.0,0.012927080879661,0.01941960076909554,0.01777834008380897,0.06355505342464461
0.50,1,0,Ucal,3,2026092103,pooled,2048,6846,0.03826702458135228,0.004040448034563994,0.06757566246201106,0.018438739760410185,0.022173372159961346,0.02461058187149512,0.0030935606279684814,0.05105376123038991,0.0,0.011237280152187418,0.013889088005389487,0.012835799228319,0.04705811289722894
0.50,1,0,Ucal,4,2026092104,context_0,1018,3425,0.03913614810612931,0.0019888150455903233,0.06811985829705676,0.022215948483797585,0.023687453660179575,0.036184943625825944,0.0011643133857479004,0.05099477750292502,0.0,0.017184905281574,0.014961965008416712,0.020687859630560797,0.06485817727118415
0.50,1,0,Ucal,4,2026092104,context_1,1030,3421,0.044237436231051364,0.004729136339090662,0.07104399527195329,0.02388252531959664,0.022654206263277743,0.011851409020331799,0.01865793219056948,0.051812833320364536,0.0,0.012927080879661,0.013433171689332857,0.019477969412198835,0.0680087628634507
0.50,1,0,Ucal,4,2026092104,pooled,2048,6846,0.04087888832881442,0.0032941810481593144,0.06922735551213054,0.017847573323303587,0.021822654876737957,0.023929279541566845,0.0002125005165585607,0.05120174479315511,0.0,0.011237280152187418,0.010901295570321516,0.008634055759791337,0.045079535938522236
0.50,1,0,E,0,2026092100,context_0,1018,3425,0.03650952317583289,0.0033419397759138257,0.06835264873208327,0.020853780162639342,0.02379916068223989,0.0005655540367902612,0.0013000074467307767,0.05016506339390492,0.0,0.017184905281574,0.011412934258023245,0.0228801872171328,0.06569416471644407
0.50,1,0,E,0,2026092100,context_1,1030,3421,0.03788987081051837,0.0055103850438580045,0.0657697415393084,0.023149731815239192,0.025644140291509188,0.028320226658731032,0.023473261813864943,0.05318997905746151,0.0,0.012927080879661,0.014958536682846238,0.022496767565719677,0.06521971103897037
0.50,1,0,E,0,2026092100,pooled,2048,6846,0.03691368250150051,0.004427455379484439,0.06699523654624327,0.017962136041681617,0.021652006412574115,0.01387168592067542,0.0008323185391907774,0.05114822006078845,0.0,0.011237280152187418,0.01297301746712445,0.00809022664285135,0.048522137518172186
0.50,1,0,E,1,2026092101,context_0,1018,3425,0.04112202475487886,0.003198363314063592,0.06841948960196173,0.024409659184482336,0.02063290194790976,0.008861982747578545,0.0011501235744383145,0.05053122502025898,0.0,0.017184905281574,0.01773796805675188,0.021967659504618237,0.06861899260781333
0.50,1,0,E,1,2026092101,context_1,1030,3421,0.03930786237939843,0.004995285568034685,0.07140225915093194,0.02916670680150654,0.0227229420658972,0.03278062132297167,0.018397588615607113,0.05257049904975482,0.0,0.012927080879661,0.02257601864874982,0.018823300115361763,0.06564964223755894
0.50,1,0,E,1,2026092101,pooled,2048,6846,0.040038523558379724,0.0009442195184612573,0.06989835571005969,0.01914952402097407,0.0203294808153045,0.02063061794672677,0.0002373641138924444,0.050931156887591485,0.0,0.011237280152187418,0.015292833597677474,0.0072571875341819175,0.04647389312084145
0.50,1,0,E,2,2026092102,context_0,1018,3425,0.042123901468874625,0.0002786093750870206,0.07364523505585217,0.031256735423145124,0.024379548371965765,0.006271036949632339,0.0010666143301947526,0.05127967094956964,0.0,0.017184905281574,0.024091146498591398,0.021084446423725728,0.07123433125312849
0.50,1,0,E,2,2026092102,context_1,1030,3421,0.04142917402213281,0.010748643526694017,0.0706200438780741,0.02244083489782614,0.030351389298035908,0.033534776406963465,0.013349557479934965,0.05388184138272504,0.0,0.012927080879661,0.01435638111432068,0.0136180434694235,0.06386249632044082
0.50,1,0,E,2,2026092102,pooled,2048,6846,0.04134661884188423,0.005276615523501086,0.07201300443354228,0.01841792813770344,0.02003421077393791,0.019910024948427724,0.0010108272587626144,0.05071588784595627,0.0,0.011237280152187418,0.014334437090420923,0.005808123394384102,0.04641174653121145
0.50,1,0,E,3,2026092103,context_0,1018,3425,0.03798565426615952,0.006363991906836682,0.07023422278509063,0.022610937383669805,0.02613522507552346,0.03345974106108224,0.001963490226627273,0.052085512984172445,0.0,0.017184905281574,0.01716856001676657,0.02706372959841317,0.07013490572980381
0.50,1,0,E,3,2026092103,context_1,1030,3421,0.03928493736675631,0.0019406371035710628,0.06541203531400402,0.028599524781392143,0.023061408811539452,0.022681408591057425,0.015081081209825625,0.05174615411429898,0.0,0.012927080879661,0.02167914084766369,0.019046500211565058,0.06496377594745138
0.50,1,0,E,3,2026092103,pooled,2048,6846,0.03846555964518655,0.004110944698437441,0.06765642637307893,0.019780560475061805,0.02277064178453475,0.02803916470119064,0.003018847578767272,0.051220376826313856,0.0,0.011237280152187418,0.014937561164520887,0.013399479062779447,0.04816261210227348
0.50,1,0,E,4,2026092104,context_0,1018,3425,0.039306408268637794,0.0020123556229407315,0.0681244204911116,0.021485475100400657,0.02351536623977002,0.03482862387349117,0.001337424387080934,0.050840544415582965,0.0,0.017184905281574,0.014553198673773554,0.022722204714632165,0.06580633750032366
0.50,1,0,E,4,2026092104,context_1,1030,3421,0.04435767479716357,0.004766399539992888,0.07122373533666315,0.024583676133747553,0.022594526204135684,0.01574222051164821,0.020542014966319272,0.051967700458092646,0.0,0.012927080879661,0.012840756066739189,0.02101351881890582,0.06752729252221636
0.50,1,0,E,4,2026092104,pooled,2048,6846,0.04112999405088713,0.0033219906475228994,0.06931225272487772,0.01655174943570676,0.022334600269229427,0.025211524795570234,3.0509008462360765e-05,0.05127465555196619,0.0,0.011237280152187418,0.009713060934295796,0.008969744057439237,0.04430151274082606
0.50,1,0,Ecal,0,2026092100,context_0,1018,3425,0.03659716493300996,0.0033787509167391675,0.06832288967273054,0.02110892107093416,0.024014269957751855,1.740396328767102e-05,0.0013499004250214926,0.0501802822546512,0.0,0.017184905281574,0.011716422316621691,0.02316759576440846,0.06520683744307808
0.50,1,0,Ecal,0,2026092100,context_1,1030,3421,0.03809257899182056,0.005489132405778486,0.06576653184732197,0.023495675549235047,0.02555952360509861,0.02828196698603329,0.02176361618290923,0.053086610143979245,0.0,0.012927080879661,0.015452575296802634,0.021938420310347043,0.06470671850792532
0.50,1,0,Ecal,0,2026092100,pooled,2048,6846,0.036750176942311474,0.004435162293760527,0.06697700026842977,0.01868249324413991,0.02160934429653316,0.014139081419108038,0.0003246644265081297,0.051177476702454885,0.0,0.011237280152187418,0.013790545263069469,0.007565485933937604,0.048753103677930974
0.50,1,0,Ecal,1,2026092101,context_0,1018,3425,0.04105360131447394,0.0032090700669691378,0.06841866796891205,0.024500608551278665,0.020804989368319315,0.008077379228506917,0.0013336171789902844,0.05053152109640041,0.0,0.017184905281574,0.017902834926754353,0.023288197333808085,0.06914508684135186
0.50,1,0,Ecal,1,2026092101,context_1,1030,3421,0.03914584987243103,0.004947964837613851,0.0713413298983575,0.028527018988720763,0.022172933604228562,0.03239294231469027,0.017012636381235458,0.052274164612331656,0.0,0.012927080879661,0.021541190865272047,0.01870339324598121,0.06589050708064452
0.50,1,0,Ecal,1,2026092101,pooled,2048,6846,0.03995677077878523,0.0009149497456875297,0.06986513814153501,0.01921057618293049,0.020158832351140687,0.020044383750839945,0.0009056545010072657,0.050858203709196546,0.0,0.011237280152187418,0.01500669886909671,0.008307597829491073,0.046867852337913345
0.50,1,0,Ecal,2,2026092102,context_0,1018,3425,0.042082684751374,0.0002904332003335407,0.0736569075488263,0.030744729860368632,0.024078395386249007,0.005945444544355388,0.0010691901632699963,0.05119537907638069,0.0,0.017184905281574,0.023060728561075924,0.020492162267425267,0.07042828896059859
0.50,1,0,Ecal,2,2026092102,context_1,1030,3421,0.0414153105954414,0.011020350085894429,0.07056436487385706,0.021907259796530063,0.03064754770047287,0.03547658723256826,0.010890686458782509,0.054074623430212194,0.0,0.012927080879661,0.013325561283046643,0.013516951890534364,0.06402007721415055
0.50,1,0,Ecal,2,2026092102,pooled,2048,6846,0.041453755695904704,0.00540559198335762,0.07198751748482166,0.018109498633089218,0.020183528180081234,0.020704101738516223,0.0016501139322600729,0.05074148079361831,0.0,0.011237280152187418,0.014027864166941484,0.00686863233056379,0.04561446528926357
0.50,1,0,Ecal,3,2026092103,context_0,1018,3425,0.03793224257542693,0.006377958882131906,0.07024495720702953,0.023095990854745736,0.026565443626547447,0.03221898751007532,0.002076782699666511,0.05225976179329731,0.0,0.017184905281574,0.017786810779275877,0.02750593451493435,0.06949648624356426
0.50,1,0,Ecal,3,2026092103,context_1,1030,3421,0.039459281806483615,0.0020592467055246893,0.06543749021380338,0.028161330816311652,0.02314602549795003,0.02276818882358768,0.013377251481207594,0.05171447629536077,0.0,0.012927080879661,0.021655724098091966,0.01838351845981371,0.06486986026962903
0.50,1,0,Ecal,3,2026092103,pooled,2048,6846,0.03859428202856591,0.00417736182743164,0.06766871938695522,0.01986075053946157,0.022962621306719055,0.027478441156701505,0.0036454064325973957,0.0512779428412314,0.0,0.011237280152187418,0.014733179215534612,0.01388449795686254,0.04792062777595155
0.50,1,0,Ecal,4,2026092104,context_0,1018,3425,0.03914154139863535,0.0019828090583805047,0.0681307553153428,0.02185593009533675,0.02360140994997481,0.03503570640132295,0.0013834781286617731,0.05086848114501087,0.0,0.017184905281574,0.014635632108774815,0.02264925787848919,0.065768573510288
0.50,1,0,Ecal,4,2026092104,context_1,1030,3421,0.0445586885596479,0.004808283952923187,0.07132373842666362,0.023776632228156205,0.022467601174519847,0.015896750765322917,0.017639187655110883,0.0519963930138921,0.0,0.012927080879661,0.012772496463907877,0.020524041218323415,0.06719688854096245
0.50,1,0,Ecal,4,2026092104,pooled,2048,6846,0.041187567998963004,0.0033273574018449848,0.06933416033278302,0.017203292337784712,0.022334600269229427,0.025391062318044083,0.0008537177910765865,0.05131497499099145,0.0,0.011237280152187418,0.010242327454038051,0.009381514777802122,0.04470233654848198
0.50,1,1,U,0,2026092200,context_0,1074,3425,0.036316242128552056,0.0067592976524308065,0.06731665910510756,0.022804923573528077,0.025199668072475534,0.006049596761366086,0.0015464971438535788,0.05223483379694086,0.0,0.03094431757941527,0.014459583191660748,0.02347010553477806,0.06272469906626002
0.50,1,1,U,0,2026092200,context_1,974,3421,0.035346948271683054,0.003316819743695832,0.06547460977396832,0.02271425947372033,0.021799582206798035,0.024957216947882874,0.023313213977070174,0.05184486735648266,0.0,0.010079068346431328,0.015694960059360018,0.023647263905137977,0.06815784673451496
0.50,1,1,U,0,2026092200,pooled,2048,6846,0.035315625093261804,0.005161730635553981,0.0661992201067132,0.017723889852307155,0.02102008999895999,0.015004477199197883,0.001866249341732358,0.05149061041908176,0.0,0.014722275239418995,0.012093781082015982,0.008375092757891911,0.0464555441748321
0.50,1,1,U,1,2026092201,context_0,1074,3425,0.03842934983469898,0.00560165995676007,0.06836823805831635,0.026523770270107237,0.026021876133938804,0.011273232447064574,0.0012122877091193282,0.053214970349359396,0.0,0.03094431757941527,0.018083911755083497,0.022773808561751947,0.06535890243247415
0.50,1,1,U,1,2026092201,context_1,974,3421,0.03170971565460834,0.005932723159083319,0.06411705962352537,0.02744916331631135,0.024657475243448357,0.023483349743395707,0.017821645921226772,0.05217749249179322,0.0,0.010079068346431328,0.019950848270950054,0.014222124118957992,0.06405626052714294
0.50,1,1,U,1,2026092201,pooled,2048,6846,0.03482423454146272,0.000150248165698546,0.0662941792870161,0.01715895515273674,0.023875359557556375,0.016693223055146145,0.0012605664357514743,0.05227480670859339,0.0,0.014722275239418995,0.012133108492711984,0.007877603915990643,0.046198366262771094
0.50,1,1,U,2,2026092202,context_0,1074,3425,0.0335920502394777,0.006433900937423525,0.06663190552818732,0.02181876511436827,0.021118680941386164,0.0040855636107512,0.001589303541152836,0.050364646890982426,0.0,0.03094431757941527,0.011821387691798127,0.024488696416113686,0.06750879568456347
0.50,1,1,U,2,2026092202,context_1,974,3421,0.029102140754492578,0.0034904847177737873,0.06559472599410739,0.02459606440462017,0.024060954755624142,0.023005731282252764,0.02144924991249139,0.051867869988333905,0.0,0.010079068346431328,0.017129649198579525,0.019725138274910323,0.06701835912808986
0.50,1,1,U,2,2026092202,pooled,2048,6846,0.030910017687276414,0.0017055415543119087,0.06599189753342755,0.0152062293236108,0.021504459126541864,0.012679157748960598,0.0014277731315945306,0.05088546137245612,0.0,0.014722275239418995,0.007730887811393873,0.009118861258577658,0.04496677195123362
0.50,1,1,U,3,2026092203,context_0,1074,3425,0.032993361686927236,0.013315520163132083,0.061541927607880846,0.022332467931087823,0.020549392053906212,0.020535318850094186,0.0019729308005915036,0.050294489462552036,0.0,0.03094431757941527,0.01555307111726103,0.026481687825344654,0.06627161923654142
0.50,1,1,U,3,2026092203,context_1,974,3421,0.0371569153474649,0.0075719211651026,0.06326143153777243,0.023516126035633637,0.021896071720466814,0.03634899333546977,0.018698505941427468,0.05257575218620612,0.0,0.010079068346431328,0.011711193462808597,0.01779137752283215,0.06498266613391385
0.50,1,1,U,3,2026092203,pooled,2048,6846,0.033762638655554844,0.0034097184820829256,0.062019076995493985,0.01657173546246432,0.02013820086514151,0.027919325978366577,0.0001402646553670915,0.0511836284943301,0.0,0.014722275239418995,0.011756216236563508,0.007904991811785708,0.04725277581363491
0.50,1,1,U,4,2026092204,context_0,1074,3425,0.033243515827446335,0.01017323652199703,0.0661978346925749,0.022184285908311882,0.02218913849051196,0.014206864051614157,0.0006479005537490885,0.05059131441977208,0.0,0.03094431757941527,0.013321742048321901,0.016027200372772613,0.06370744434517242
0.50,1,1,U,4,2026092204,context_1,974,3421,0.03399627608335953,0.0036238125220197353,0.06327824573955562,0.024033694505095366,0.021637159317045795,0.023267498796789368,0.015123112403730224,0.05143252147643326,0.0,0.010079068346431328,0.014362825066702556,0.012174173051689193,0.06385677661915842
0.50,1,1,U,4,2026092204,pooled,2048,6846,0.03260060843552404,0.0035928931718619073,0.06443688591350798,0.01837251803198677,0.02085460969252717,0.01821501189519828,0.0017430382743108888,0.05078882481067249,0.0,0.014722275239418995,0.011251293732250627,0.005324638904990336,0.04600570821489024
0.50,1,1,Ucal,0,2026092200,context_0,1074,3425,0.03627795232800801,0.006748446263573397,0.06730886217191383,0.022777273181213777,0.02536045916464902,0.006690602498830661,0.0015459614891222564,0.052360930840192915,0.0,0.03094431757941527,0.014272141222840807,0.02317035427244259,0.0629696331502607
0.50,1,1,Ucal,0,2026092200,context_1,974,3421,0.03517584723652184,0.0034183829196734,0.06555475386764188,0.023859263847824212,0.02104078913413243,0.024315179705748577,0.021299540775504992,0.052101738516064054,0.0,0.010079068346431328,0.016807116787908253,0.023708409144697733,0.06786409581861279
0.50,1,1,Ucal,0,2026092200,pooled,2048,6846,0.035315625093261804,0.005203887435335814,0.06623501079698621,0.017364832115391707,0.02169689463507174,0.015042631047144261,0.0014779480537706023,0.051746871592071565,0.0,0.014722275239418995,0.011911332623705424,0.00860914061776078,0.04612834783833471
0.50,1,1,Ucal,1,2026092201,context_0,1074,3425,0.03850641815576561,0.005647204798750479,0.06837083418311402,0.027291209389785645,0.025499305084374924,0.012022287596478554,0.0012755741395207433,0.052895982695727976,0.0,0.03094431757941527,0.01897019744734968,0.022675215461736745,0.06547723469083744
0.50,1,1,Ucal,1,2026092201,context_1,974,3421,0.03170747468861729,0.005921695294882684,0.06415829389764996,0.02874324200048552,0.024880649676585265,0.021138766955346347,0.016431332482709365,0.052186625131601716,0.0,0.010079068346431328,0.02103804599334015,0.01613659277852055,0.06542108451527426
0.50,1,1,Ucal,1,2026092201,pooled,2048,6846,0.03479552890627419,0.00017800320499330763,0.06631202102210337,0.017481498709334017,0.02381190912292097,0.01599293275302205,0.0009174198455167218,0.05213183749793036,0.0,0.014722275239418995,0.012174309978345992,0.007859560323938771,0.04667748506934565
0.50,1,1,Ucal,2,2026092202,context_0,1074,3425,0.03366911856054433,0.006404699581378917,0.06663808894542213,0.02187870592685207,0.021158878714429535,0.003937962539477383,0.0016027996198326303,0.05039014024157033,0.0,0.03094431757941527,0.011885691022965517,0.02375684254046794,0.06720037380970996
0.50,1,1,Ucal,2,2026092202,context_1,974,3421,0.029157873193213057,0.003429259518725799,0.06555472538492477,0.023592467423712238,0.023793145435859808,0.023440409810405502,0.018177876399112947,0.05180073598222297,0.0,0.010079068346431328,0.014971734386533568,0.01913232048098296,0.06746875901791269
0.50,1,1,Ucal,2,2026092202,pooled,2048,6846,0.030910017687276414,0.0017197017193757056,0.06597487963416347,0.015257487952105311,0.021441008691906405,0.012800446046866518,0.0007113953679276225,0.050862388604136034,0.0,0.014722275239418995,0.008713018942521389,0.009605053333543962,0.04571952434856742
0.50,1,1,Ucal,3,2026092203,context_0,1074,3425,0.03303189584746058,0.013304958238435834,0.06154477295615418,0.02182421532805542,0.02050919428086284,0.020661802908391813,0.0019843236010061434,0.050305294697982034,0.0,0.03094431757941527,0.014936524548728031,0.026203755497176566,0.0664700580003314
0.50,1,1,Ucal,3,2026092203,context_1,974,3421,0.03694944940392825,0.007422420092662166,0.0631363144837028,0.02399937337414625,0.02194070660709424,0.03780794736067354,0.01637168006152616,0.05257000421627591,0.0,0.010079068346431328,0.011613181674089796,0.016894130181434805,0.06591615308664105
0.50,1,1,Ucal,3,2026092203,pooled,2048,6846,0.03382345480832505,0.00347763339100723,0.061962649334464735,0.016340875372760723,0.020201651299777024,0.028671844022878534,0.0006412378079501888,0.051197765186148776,0.0,0.014722275239418995,0.011188598810708533,0.008942339321341114,0.04804573237445956
0.50,1,1,Ucal,4,2026092204,context_0,1074,3425,0.033243515827446335,0.010188956819626891,0.06619812232004056,0.02199813797790205,0.022229336263555333,0.014110270826669505,0.0006920061378026987,0.050568496621694305,0.0,0.03094431757941527,0.013213817169614511,0.015991172689827717,0.06375348028557248
0.50,1,1,Ucal,4,2026092204,context_1,974,3421,0.03399627608335953,0.0036277725908608373,0.06320763829557913,0.024239120262081894,0.02168179420367322,0.02372669646030158,0.01265361516674729,0.05148220868514119,0.0,0.010079068346431328,0.014049708672129145,0.013703039284408374,0.06279625906876336
0.50,1,1,Ucal,4,2026092204,pooled,2048,6846,0.03253979228275389,0.00359983095688646,0.06441251363539695,0.018648187641625152,0.020918060127162685,0.018382252944708688,0.0011763102028853646,0.050835956585667044,0.0,0.014722275239418995,0.012088133905769028,0.005433379908580445,0.04671891270434825
0.50,1,1,E,0,2026092200,context_0,1074,3425,0.036082637268304074,0.006932885543574037,0.06720528399030469,0.02309527095567023,0.024878085888128565,0.006859894785228637,0.0016802782509953052,0.05223258261177267,0.0,0.03094431757941527,0.014767856475927281,0.025503814166947067,0.0636129052296171
0.50,1,1,E,0,2026092200,context_1,974,3421,0.03518527783817238,0.0036762158923150786,0.06553270692088185,0.02243887064076783,0.021263963567269367,0.023535996963534936,0.021935171896394684,0.05200450889009664,0.0,0.010079068346431328,0.015348333357441167,0.02345503309977976,0.0684909878285324
0.50,1,1,E,0,2026092200,pooled,2048,6846,0.03546717429017593,0.005423246437161836,0.06617874297648467,0.01747848746771387,0.021400792606772745,0.014729966444783513,0.0012988250450729835,0.051679046591800414,0.0,0.014722275239418995,0.011519181084174865,0.009855149042193513,0.04595038613306796
0.50,1,1,E,1,2026092201,context_0,1074,3425,0.038441653360157035,0.005372518822918062,0.06823009961832005,0.025182820520458494,0.02501693180785447,0.01351211750180259,0.0010458843573929173,0.05278039324720501,0.0,0.03094431757941527,0.016966421099617428,0.020663573055334658,0.06432150330524893
0.50,1,1,E,1,2026092201,context_1,974,3421,0.031751912700416274,0.006012224750080617,0.06404045175911413,0.029475742150171413,0.02501455433646743,0.0244561786914375,0.01545419152365067,0.05229577126634362,0.0,0.010079068346431328,0.021090413336685994,0.014068546656002726,0.06544932942407401
0.50,1,1,E,1,2026092201,pooled,2048,6846,0.03485535527770511,9.853610562351317e-06,0.06618334310474935,0.018626389655523292,0.023515807094622088,0.0183162575914102,0.001143127747079021,0.05209347046254903,0.0,0.014722275239418995,0.012485063891712677,0.007513223031425174,0.046896494097959894
0.50,1,1,E,2,2026092202,context_0,1074,3425,0.0337573339264276,0.006614282485659845,0.06669665275255518,0.02175587118189185,0.02174632095632359,0.0044898006414024055,0.0016161359363479418,0.05052974064591028,0.0,0.03094431757941527,0.011731554380832277,0.02531251918718793,0.06740034784619826
0.50,1,1,E,2,2026092202,context_1,974,3421,0.028942301849671837,0.003506258318297978,0.06558596186286288,0.023369531986522498,0.024328764075388476,0.024495587652630033,0.017578204670336578,0.05183915168130529,0.0,0.010079068346431328,0.016610111811138445,0.016049555194316795,0.06622445366490605
0.50,1,1,E,2,2026092202,pooled,2048,6846,0.030902109565362046,0.0017925211274393584,0.06602758144525508,0.01452267981935083,0.02228701448704612,0.01359391438140213,0.00049143821001792,0.0509693738575115,0.0,0.014722275239418995,0.007053961123244044,0.01011439902517701,0.044964869895337434
0.50,1,1,E,3,2026092203,context_0,1074,3425,0.03275793775452862,0.013406979567489185,0.06148080962569167,0.021353347463781983,0.021192556422600206,0.019121087678059354,0.001997982290066367,0.050337564681926364,0.0,0.03094431757941527,0.012613461799983686,0.026429140496774035,0.06636666850949546
0.50,1,1,E,3,2026092203,context_1,974,3421,0.03682900295149494,0.007430927970331646,0.06309597110962066,0.02347774846058991,0.02256559501987765,0.03731973683883209,0.017250846318105334,0.05289686619021221,0.0,0.010079068346431328,0.010785831824134944,0.016228074399065196,0.06662259242788848
0.50,1,1,E,3,2026092203,pooled,2048,6846,0.03372424457666956,0.0035284442606494538,0.06191350762180436,0.01662935683311793,0.02047660318319744,0.0276632425056422,0.0004469867185509825,0.05132349360575381,0.0,0.014722275239418995,0.011178927907127881,0.00897048862302702,0.04871230612510125
0.50,1,1,E,4,2026092204,context_0,1074,3425,0.032960083145854746,0.010173412418095157,0.06605673781051868,0.020665080878410933,0.022309731809642075,0.012637300508333338,0.0008570065660723244,0.050663447154951795,0.0,0.03094431757941527,0.012438616588608795,0.018156111157068423,0.06405401566055105
0.50,1,1,E,4,2026092204,context_1,974,3421,0.03402534717355593,0.0036335914104553097,0.06326037771642373,0.025053660031044672,0.021637159317045795,0.025230270847696842,0.012060402327517344,0.051445505106674866,0.0,0.010079068346431328,0.014771554968399573,0.012523111736291831,0.06280731382821378
0.50,1,1,E,4,2026092204,pooled,2048,6846,0.032680582718324414,0.003588462497986211,0.06436824665019304,0.018706185435197933,0.02064310824374227,0.01829412754946999,0.0005679759386084636,0.050810311653168884,0.0,0.014722275239418995,0.011635475635938617,0.006166119902995642,0.04673628270235603
0.50,1,1,Ecal,0,2026092200,context_0,1074,3425,0.036159705589370705,0.007003079671352992,0.06718859706079792,0.023760807179201714,0.024556503703781596,0.006537172467506708,0.001684126668401943,0.052102507539491964,0.0,0.03094431757941527,0.014883458957527212,0.025053483533360055,0.06380055602741838
0.50,1,1,Ecal,0,2026092200,context_1,974,3421,0.035270828355753014,0.003646628230793587,0.06559027449348404,0.02293142478603931,0.020906884474250265,0.023478629936568865,0.02060015843181874,0.052142823308159246,0.0,0.010079068346431328,0.015947186980505602,0.023706219988303925,0.0685588503419746
0.50,1,1,Ecal,0,2026092200,pooled,2048,6846,0.035446902239252565,0.005445726629709236,0.0661958767767682,0.01760962527742916,0.021633444200436225,0.014560591517275775,0.0010796705201073127,0.05171900759916489,0.0,0.014722275239418995,0.011843533898949134,0.009774784511024887,0.04593427800757093
0.50,1,1,Ecal,1,2026092201,context_0,1074,3425,0.038364585039090404,0.005428463240739538,0.06823137357292297,0.025990632992597136,0.024735547396550817,0.01359715512716414,0.0009678129523773772,0.05257969916988957,0.0,0.03094431757941527,0.017947535384937104,0.019309434524836397,0.06480593761778831
0.50,1,1,Ecal,1,2026092201,context_1,974,3421,0.031751912700416274,0.0059619518532248094,0.06405364319017995,0.02921790794003165,0.025326998542859136,0.02373553081692005,0.01346290780480068,0.052357865684680586,0.0,0.010079068346431328,0.021394257487038236,0.01429193176696651,0.06523676223422287
0.50,1,1,Ecal,1,2026092201,pooled,2048,6846,0.03478376517039222,4.279225645594138e-05,0.06618659845694629,0.01817148391634279,0.023558107384379023,0.018030880573662422,0.000935786799156086,0.0520777204438579,0.0,0.014722275239418995,0.012464791840789309,0.0071373219314706865,0.046441067582906254
0.50,1,1,Ecal,2,2026092202,context_0,1074,3425,0.033875434049071396,0.006634758655859269,0.06669132374938148,0.02174711908156728,0.02174632095632359,0.004261542570250909,0.0015721084060453662,0.05053127165222206,0.0,0.03094431757941527,0.011731554380832274,0.0245033503988051,0.0672150655373739
0.50,1,1,Ecal,2,2026092202,context_1,974,3421,0.02902785236725247,0.0034846427918818076,0.06558035582952383,0.023894187009540796,0.023971684982369346,0.02500579194791351,0.01624798796785404,0.051802400114390634,0.0,0.010079068346431328,0.01630185761474264,0.016550814803501488,0.0677885465636833
0.50,1,1,Ecal,2,2026092202,pooled,2048,6846,0.03096292571813225,0.00181306293538074,0.06602222952362373,0.014937519059928878,0.022096663183139686,0.013712019109784868,0.0003319472799000363,0.050939587973563544,0.0,0.014722275239418995,0.0077362282826532475,0.010289297162562815,0.04550487558219967
0.50,1,1,Ecal,3,2026092203,context_0,1074,3425,0.032796471915061964,0.013405586547624958,0.06147984529096971,0.022307818251152748,0.020911172011296608,0.019423777055283004,0.00196384116352153,0.050267016429183825,0.0,0.03094431757941527,0.013758059027101782,0.02621466190558261,0.06730305790583123
0.50,1,1,Ecal,3,2026092203,context_1,974,3421,0.03674345243391436,0.007521769785021286,0.06304415026086797,0.023235302755543395,0.022431690359995482,0.03731299981871235,0.015094916696987148,0.052821661292666244,0.0,0.010079068346431328,0.01018135442867658,0.015027975980528333,0.06616917072514045
0.50,1,1,Ecal,3,2026092203,pooled,2048,6846,0.033683700474822775,0.003485109483780546,0.06189156240031207,0.016759040958540222,0.02022280144465549,0.02781536312093469,0.0009037863709623513,0.05124796775776924,0.0,0.014722275239418995,0.010904790097781046,0.008839243759574199,0.0483458423442788
0.50,1,1,Ecal,4,2026092204,context_0,1074,3425,0.032955647072204,0.010150730836361881,0.06606654681088285,0.020778754517769588,0.021988149625295106,0.012877844619521447,0.0008851248191687794,0.05059022858153297,0.0,0.03094431757941527,0.01263128739127535,0.018046234771314246,0.06378094969253184
0.50,1,1,Ecal,4,2026092204,context_1,974,3421,0.033982571914765614,0.003637650630898704,0.06324706469584561,0.02435867634566894,0.021547889543791054,0.026171471044942038,0.009911518421087992,0.05144129489847656,0.0,0.010079068346431328,0.014258251862915749,0.01333579641533174,0.06304645839061386
0.50,1,1,Ecal,4,2026092204,pooled,2048,6846,0.03264377083202302,0.003575493940618465,0.06437004587729393,0.01894452094056074,0.020600807953985223,0.018871810571659764,7.965422918851037e-05,0.050800647832068634,0.0,0.014722275239418995,0.011880384694663047,0.006567581458726543,0.047170659713057984
0.50,1,2,U,0,2026092300,context_0,1014,3425,0.034935531223847405,0.002780810102927529,0.06306729026722066,0.02587443311030855,0.023314082756415333,0.014761521054702659,0.0014150958330408658,0.05212450838384341,0.0,0.0205065218330238,0.019233732797509295,0.02177474086801421,0.07226196976729408
0.50,1,2,U,0,2026092300,context_1,1034,3421,0.030774615121015703,0.004402770430345723,0.05713265382026737,0.02621190536837361,0.021860322578893365,0.01718144880418808,0.020285627702890524,0.051663945991400624,0.0,0.02518277286098999,0.018222581928606565,0.024681314927767473,0.06729077140009505
0.50,1,2,U,0,2026092300,pooled,2048,6846,0.03245417757652691,0.0035925259069509033,0.05993139753600988,0.022408569923501084,0.01999072990066808,0.01596211697032829,0.000397235874581809,0.05108990296282849,0.0,0.021296401696702435,0.017137157684865005,0.01565281453210991,0.05013241247700588
0.50,1,2,U,1,2026092301,context_0,1014,3425,0.03618904849447824,0.013450404199502377,0.06699409340258491,0.02244094865140858,0.028707300095854593,0.012523281690277333,0.00148298180236237,0.054596895382784366,0.0,0.0205065218330238,0.017952095165404466,0.025991677450737233,0.07183759079974435
0.50,1,2,U,1,2026092301,context_1,1034,3421,0.03545444072386317,0.004871617999081868,0.0644635466565028,0.02261529229836499,0.02323687119608775,0.01656050751909642,0.02410379103643827,0.05201554637720025,0.0,0.02518277286098999,0.015294561596989307,0.02784918950721672,0.06495368548563858
0.50,1,2,U,1,2026092301,pooled,2048,6846,0.03535452266244743,0.004193200202766984,0.06555292633763682,0.01896539810669863,0.02123566575482061,0.014617084758898488,0.0003048403186512866,0.05147977410918179,0.0,0.021296401696702435,0.015077080734474054,0.017754845435734707,0.04734502287477138
0.50,1,2,U,2,2026092302,context_0,1014,3425,0.036786091584165126,0.013209292641722051,0.06518221359623692,0.022156588642360135,0.02039464375008765,0.0014691143331458795,0.0016552498765060818,0.05024249817876334,0.0,0.0205065218330238,0.014695873102317887,0.02752847259795651,0.06738153748346316
0.50,1,2,U,2,2026092302,context_1,1034,3421,0.03455916702035494,0.000580964338484047,0.06329765331950084,0.022699380235292197,0.02602346228150587,0.016756465687143327,0.014842681351626294,0.05234705575676223,0.0,0.02518277286098999,0.01484687166447701,0.015044638013929728,0.061808832544449924
0.50,1,2,U,2,2026092302,pooled,2048,6846,0.03547705468154744,0.006793979197259627,0.06417289226245594,0.01778228479908482,0.02110506137728066,0.009208676796651535,0.00252606637074948,0.05096949917896929,0.0,0.021296401696702435,0.013403150005285703,0.01022250887604383,0.04645285727436042
0.50,1,2,U,3,2026092303,context_0,1014,3425,0.03332374637306046,0.004316865876022076,0.06334787724951649,0.02282110011406756,0.02597447632028771,0.0030671434129537767,0.0016463216256367183,0.052541731991732094,0.0,0.0205065218330238,0.014607969271610262,0.029733621232727134,0.06771268816749179
0.50,1,2,U,3,2026092303,context_1,1034,3421,0.038789031418613784,0.008457763820559884,0.06831825302066728,0.025791975181133034,0.021985463362274693,0.025948847375896214,0.01804580994418034,0.051623050098460486,0.0,0.02518277286098999,0.019775914836008227,0.01806745532303875,0.06507251620308006
0.50,1,2,U,3,2026092303,pooled,2048,6846,0.03580738390756161,0.006425977253206059,0.06567544708916453,0.017505511295111777,0.02033159223894726,0.014499001098635902,0.0014944502147085127,0.05092520573319286,0.0,0.021296401696702435,0.013470354063847395,0.01490171152796221,0.04810746453098661
0.50,1,2,U,4,2026092304,context_0,1014,3425,0.03697495769459069,0.0033369595049606154,0.06773063291537726,0.02404062796382646,0.024094566598141798,0.006587969650162756,0.0011677167240612143,0.05164070520488265,0.0,0.0205065218330238,0.015343073653226619,0.024447300569369095,0.07097158226328275
0.50,1,2,U,4,2026092304,context_1,1034,3421,0.030526925206813826,0.0016576358216671067,0.05857996625385128,0.02732070858900306,0.02379210858355807,0.02281295583949154,0.023915652768265933,0.05317115861791621,0.0,0.02518277286098999,0.02005056880142536,0.024248046376703483,0.0665218890485926
0.50,1,2,U,4,2026092304,pooled,2048,6846,0.0332627660523504,0.0024972214712171174,0.06308517812926913,0.01950094143349584,0.022129616088085724,0.014801548065172226,0.0008387988693133383,0.0510801911557877,0.0,0.021296401696702435,0.014382780198663615,0.01117429329630017,0.048204815578263
0.50,1,2,Ucal,0,2026092300,context_0,1014,3425,0.03481274646552873,0.0027432496512218513,0.0631097215061707,0.025976325215977838,0.02254547606953705,0.015843843614669922,0.001383657926187796,0.05156540575346624,0.0,0.0205065218330238,0.01890630677532617,0.02060419559109854,0.0713127534411024
0.50,1,2,Ucal,0,2026092300,context_1,1034,3421,0.030774615121015703,0.0043772182286450165,0.05713450752599013,0.026361004434276573,0.021860322578893365,0.01721890056886026,0.020087168616058138,0.051662917149430866,0.0,0.02518277286098999,0.01830255953487685,0.023783479772592816,0.0670967375457716
0.50,1,2,Ucal,0,2026092300,pooled,2048,6846,0.03241372450209323,0.0035609774177164343,0.05995122494887796,0.022484370464566326,0.020054031723760524,0.016514397049706225,0.000200139197377866,0.0509696551638314,0.0,0.021296401696702435,0.017056251535997678,0.008973126432772243,0.04959350536127472
0.50,1,2,Ucal,1,2026092301,context_0,1014,3425,0.036344573459244245,0.013422733459369712,0.06707750759242197,0.022855522468155854,0.026828483750152343,0.012105727366732724,0.0015178541095886232,0.05334529588956175,0.0,0.0205065218330238,0.018074879923723128,0.02269874740229357,0.07098799893029183
0.50,1,2,Ucal,1,2026092301,context_1,1034,3421,0.03541445192072801,0.004835038236657083,0.06445410137745258,0.02317430584185394,0.02323687119608775,0.016548738586143794,0.023884936248099814,0.051980029183263846,0.0,0.02518277286098999,0.01633427047850249,0.027338545520901703,0.06538600616541713
0.50,1,2,Ucal,1,2026092301,pooled,2048,6846,0.03541520227409789,0.004198964600836134,0.06559099266607311,0.01833630723047102,0.021256766362518165,0.014370187494457926,0.00046333766246132654,0.05126052474128595,0.0,0.021296401696702435,0.014412814049720965,0.009911923370248805,0.046209651864992304
0.50,1,2,Ucal,2,2026092302,context_0,1014,3425,0.03674516333139227,0.013348589424152624,0.06529506429875663,0.023242748129660974,0.020351943378594417,0.001456672260029379,0.001752466453802544,0.05019785709560539,0.0,0.0205065218330238,0.01743806603810144,0.026279029756437144,0.06648536077825126
0.50,1,2,Ucal,2,2026092302,context_1,1034,3421,0.03451917821721984,0.0005713449235900821,0.06329117571184939,0.023263141317630867,0.026190316659347623,0.016770160502602008,0.014201446724984107,0.05239674394969425,0.0,0.02518277286098999,0.015006826877017477,0.013482450038453418,0.06160751100994028
0.50,1,2,Ucal,2,2026092302,pooled,2048,6846,0.0354568281443306,0.006859662474278064,0.06422698896824494,0.018160703197462876,0.021188801961336212,0.009215158868186607,0.0026867806479244846,0.05099509131000582,0.0,0.021296401696702435,0.01344360307971936,0.008980989481177898,0.045609756790041235
0.50,1,2,Ucal,3,2026092303,context_0,1014,3425,0.03336467462583331,0.0042862368273753615,0.06334792853093803,0.02150377530517342,0.025675573719835088,0.002938622538980376,0.0015398393191658516,0.05231267272621467,0.0,0.0205065218330238,0.013502906446742256,0.02292849439797076,0.06599968764864503
0.50,1,2,Ucal,3,2026092303,context_1,1034,3421,0.03882902022174889,0.008481652128127227,0.06835447542323211,0.025243548192938805,0.02202717695673506,0.026023981746603628,0.018105580811936917,0.05166596112506648,0.0,0.02518277286098999,0.01929604919838679,0.01753296416412002,0.06503017719772368
0.50,1,2,Ucal,3,2026092303,pooled,2048,6846,0.03580738390756161,0.006423203938119074,0.06568343916161205,0.017750961734322866,0.020015083123484767,0.014472263549136721,0.0009533037166325684,0.05087480027691164,0.0,0.021296401696702435,0.013733299047666157,0.008673401603371782,0.046647176391040386
0.50,1,2,Ucal,4,2026092304,context_0,1014,3425,0.0369563829829781,0.0035459549496854514,0.06782916355766042,0.024041424654642603,0.023325959911263627,0.0067455567375275804,0.0010949150076509369,0.051359806228000085,0.0,0.0205065218330238,0.015581326086100961,0.02127207355719319,0.06826474558410812
0.50,1,2,Ucal,4,2026092304,context_1,1034,3421,0.030526925206813826,0.001736035536791032,0.05856571940112669,0.0274344639647102,0.02383382217801855,0.023153963683520476,0.02345284050902062,0.05320691292889217,0.0,0.02518277286098999,0.02020061349552115,0.02305341877149813,0.06642408062576967
0.50,1,2,Ucal,4,2026092304,pooled,2048,6846,0.03328299258956724,0.0026407868806830933,0.06312323470905476,0.018633230248577545,0.022171817303480723,0.015046987862244052,0.0010791249831399556,0.05109306319842443,0.0,0.021296401696702435,0.013472407319208058,0.005903017165295104,0.04737874230751722
0.50,1,2,E,0,2026092300,context_0,1014,3425,0.03490527812711297,0.0028690111653427415,0.06267872609267192,0.024149052383016602,0.023100580898949175,0.011697871880499977,0.001628283260252755,0.052197801054145114,0.0,0.0205065218330238,0.017592956123566914,0.024203062718293415,0.07324889374080064
0.50,1,2,E,0,2026092300,context_1,1034,3421,0.030753714450722947,0.004763233872934176,0.056916411934543,0.02582519816039592,0.02156832741767034,0.014061177085172474,0.019741952553507774,0.05163516611506129,0.0,0.02518277286098999,0.017602697042480214,0.025079880631190304,0.06818605089092222
0.50,1,2,E,0,2026092300,pooled,2048,6846,0.032189147293746334,0.003817891996903966,0.059633802855278514,0.021407649259222634,0.0202554308934636,0.012860006717502509,0.0009403379135374777,0.051347873706354234,0.0,0.021296401696702435,0.01591570355433338,0.01588375183761766,0.050430559794520685
0.50,1,2,E,1,2026092301,context_0,1014,3425,0.03657711297665123,0.013415509777234312,0.06684286660693811,0.021355133687100382,0.02866459972436136,0.013350172360757029,0.00158040988156099,0.05462502404874008,0.0,0.0205065218330238,0.016711854458763796,0.025544818378359584,0.0720485980529273
0.50,1,2,E,1,2026092301,context_1,1034,3421,0.035011958549409306,0.005120397379394335,0.06427474398304359,0.02214768579064533,0.02323687119608775,0.015563613154758918,0.022822772284114348,0.05201938625282512,0.0,0.02518277286098999,0.014619849644398757,0.02847646391992554,0.06403736235168671
0.50,1,2,E,1,2026092301,pooled,2048,6846,0.035320089471452765,0.004049347905433007,0.06538530755742382,0.017398091444493623,0.021172363931728166,0.014540804399610655,0.00010779476685482403,0.051383401970976864,0.0,0.021296401696702435,0.013228425245522533,0.018904328966028883,0.047347066519898395
0.50,1,2,E,2,2026092302,context_0,1014,3425,0.03674605825166416,0.0132038421090872,0.06489082188905305,0.021851522389463463,0.02013844152112826,0.004118168253757132,0.0016257709987022207,0.050222077327820934,0.0,0.0205065218330238,0.014436666657810637,0.026556683152002596,0.06687890564729299
0.50,1,2,E,2,2026092302,context_1,1034,3421,0.03489119933748669,0.0009244567704771112,0.06297333279355494,0.02125135846338578,0.0249595824847397,0.016304314423186486,0.014211828125352446,0.05219644438920302,0.0,0.02518277286098999,0.013207330735936986,0.013539795493099065,0.062236607582864804
0.50,1,2,E,2,2026092302,pooled,2048,6846,0.03565739914947014,0.006967819952820346,0.06387489210247334,0.016906292486365812,0.020619747400238114,0.010278508048803037,0.0026669095000846944,0.050897247854151985,0.0,0.021296401696702435,0.012454523474875913,0.01035293557884266,0.046014734003466284
0.50,1,2,E,3,2026092303,context_0,1014,3425,0.03324188986751464,0.004457627241608788,0.06317556649833718,0.022591189579496664,0.025035068147436612,0.0015128192134658963,0.0019014695839466938,0.05226810400757562,0.0,0.0205065218330238,0.014271748274462098,0.029231914807345355,0.06728366686378942
0.50,1,2,E,3,2026092303,context_1,1034,3421,0.03850100986775579,0.008773348471233745,0.06804790265795091,0.025106480763115998,0.021943749767814213,0.026933678574576722,0.01588365837399651,0.0514895355915293,0.0,0.02518277286098999,0.019461272067455994,0.017186738357382114,0.06501810310581448
0.50,1,2,E,3,2026092303,pooled,2048,6846,0.03564983205307809,0.006656777880440791,0.06547169286975248,0.017378366186575914,0.020226089200459763,0.014221097719851292,0.0024533069160868094,0.05098838640359288,0.0,0.021296401696702435,0.012843331410125705,0.014343694597382864,0.048105445485674816
0.50,1,2,E,4,2026092304,context_0,1014,3425,0.037164562501057874,0.0032582804871121047,0.06764308437285,0.021827335643505374,0.02366756288320948,0.008253897173277402,0.0011090440572791575,0.05144914620748236,0.0,0.0205065218330238,0.013219544142557112,0.023340879560784067,0.07043500183306017
0.50,1,2,E,4,2026092304,context_1,1034,3421,0.030330945203724258,0.0015954259288053416,0.05834971190647628,0.0281726734001007,0.024000676555860245,0.020766083454458725,0.022908823264284416,0.053080143010245454,0.0,0.02518277286098999,0.02036871976981427,0.023475912979492933,0.0663441885571297
0.50,1,2,E,4,2026092304,pooled,2048,6846,0.033335175593905475,0.0024267712944079116,0.0629266907373203,0.019945521303878062,0.021770905757228176,0.014616766520800462,0.0006824014942845638,0.05099916147559007,0.0,0.021296401696702435,0.013806703173300506,0.010886981859869799,0.048626697213407455
0.50,1,2,Ecal,0,2026092300,context_0,1014,3425,0.035021731062469974,0.002827616033426471,0.06272311630720785,0.023960300602639786,0.022630876812523515,0.012628283433395074,0.001647687079319175,0.05176575514968738,0.0,0.0205065218330238,0.018576009321840968,0.022651638762538288,0.07217804029707732
0.50,1,2,Ecal,0,2026092300,context_1,1034,3421,0.030771330931718244,0.004804781496803684,0.0569237836864941,0.026252030077590024,0.02156832741767034,0.014060244081453968,0.019231815469924557,0.05162230087224013,0.0,0.02518277286098999,0.017722663451885598,0.023346088054945237,0.0678771512209655
0.50,1,2,Ecal,0,2026092300,pooled,2048,6846,0.032252417260809296,0.003818197784202877,0.059659875972573995,0.02201286044679951,0.019874442235339407,0.013317839332685502,0.0009223200388196393,0.05121018984728701,0.0,0.021296401696702435,0.016475701347170198,0.00914148146980642,0.04950782167278548
0.50,1,2,Ecal,1,2026092301,context_0,1014,3425,0.03665896948219699,0.013422047847607326,0.06680839854090695,0.02148640278471024,0.027810592294496672,0.01283552442231517,0.0015299758234228748,0.054004821731234914,0.0,0.0205065218330238,0.016957423975401134,0.023205084578271442,0.07131072120464312
0.50,1,2,Ecal,1,2026092301,context_1,1034,3421,0.03505194735254441,0.005152179027394763,0.06427514144816682,0.02341316656116738,0.02323687119608775,0.017142833978631658,0.021966724338745233,0.05216913592936741,0.0,0.02518277286098999,0.01661928980115487,0.025806194992486525,0.06410562037095276
0.50,1,2,Ecal,1,2026092301,pooled,2048,6846,0.0354212221575369,0.004037205501776273,0.06536522158515597,0.017373903163407763,0.02119346453942561,0.015064503010014371,0.00010514207963000302,0.05116920167639368,0.0,0.021296401696702435,0.013640996592079214,0.011371322768873756,0.046430389450247155
0.50,1,2,Ecal,2,2026092302,context_0,1014,3425,0.0367356596075224,0.013235563125598324,0.06498065549590717,0.02396465116326271,0.02039464375008765,0.005914514661609707,0.0018288781929110365,0.05017141865059063,0.0,0.0205065218330238,0.01660586405477373,0.025274719507199315,0.0670354517812103
0.50,1,2,Ecal,2,2026092302,context_1,1034,3421,0.034931188140621794,0.0009297797904603073,0.06299200052581802,0.021285181981309645,0.025293291240423205,0.017058783546190323,0.01356799700696687,0.05222347484283208,0.0,0.02518277286098999,0.013087364326531584,0.01244826888436761,0.061824610171425105
0.50,1,2,Ecal,2,2026092302,pooled,2048,6846,0.03561694607503646,0.0069875442010045976,0.0639278608280006,0.01695810377670087,0.02078855226181814,0.011557332217126196,0.002987701048936236,0.05090549910217632,0.0,0.021296401696702435,0.01204999273053936,0.007959109493361295,0.04531641631172152
0.50,1,2,Ecal,3,2026092303,context_0,1014,3425,0.033200961614741786,0.004562219099575959,0.06319812588247704,0.02294051740880034,0.024132511434217824,0.002200458020304441,0.001803086620315079,0.05189529929034876,0.0,0.0205065218330238,0.014177835051632616,0.024263593301706486,0.0665938473461685
0.50,1,2,Ecal,3,2026092303,context_1,1034,3421,0.03854099867089095,0.0088137920240026,0.06805868292783968,0.02478240123890753,0.021902036173353845,0.02707600540303133,0.015006258337437517,0.05151396472425723,0.0,0.02518277286098999,0.01922133924864525,0.015072367663560678,0.0645853191719656
0.50,1,2,Ecal,3,2026092303,pooled,2048,6846,0.03562960551586125,0.006728104679993084,0.06548026040480581,0.017479936600726515,0.019674220785205532,0.014630355107475165,0.002408452146319205,0.0508927124017653,0.0,0.021296401696702435,0.01345012752663057,0.009446693059877172,0.04664200619436834
0.50,1,2,Ecal,4,2026092304,context_0,1014,3425,0.03724641900660369,0.0032559067942092845,0.06766590358047299,0.02294235099318046,0.02237023369275981,0.008833398876074997,0.0012197473147974361,0.05100872664668081,0.0,0.0205065218330238,0.014271621997368505,0.022235575103920012,0.06859154459671082
0.50,1,2,Ecal,4,2026092304,context_1,1034,3421,0.03044496510727107,0.0015930797910220405,0.05837508774465724,0.028707828619497413,0.024125817339241573,0.02123607621960917,0.021844247920833434,0.0531265858031412,0.0,0.02518277286098999,0.021308568161779815,0.021380112466849698,0.06542675538545174
0.50,1,2,Ecal,4,2026092304,pooled,2048,6846,0.033355402131122314,0.002424393358185354,0.06295022473065195,0.019802276772808575,0.02191861001111073,0.01513980012878094,0.0002832492924957804,0.051062289186677295,0.0,0.021296401696702435,0.013732110723045012,0.0056984933869080965,0.04676100570438052
0.50,1,3,U,0,2026092400,context_0,1002,3425,0.04075662253506729,0.007029533869993505,0.07059071028891216,0.023894598305714543,0.022029697467378373,0.006977917293421468,0.0010746673953542694,0.05142954748768668,0.0,0.024865050920057714,0.015328602787942257,0.021910517284648007,0.06662437571873508
0.50,1,3,U,0,2026092400,context_1,1046,3421,0.027096397185071175,0.0015188150800290968,0.05345764455477494,0.0302122528273593,0.02849922831935775,0.028046499566616437,0.015206876142746795,0.053180572627865,0.0,0.01920848789643094,0.02267206575033025,0.014580911416901205,0.06757358818619978
0.50,1,3,U,0,2026092400,pooled,2048,6846,0.03301039321127153,0.004209829671548717,0.06181035119946987,0.01871363653893769,0.02207158270714865,0.017921821187907666,0.0015141205870297554,0.05084846434047936,0.0,0.008043213960478746,0.013119266876964651,0.006726346638174558,0.04523856009817185
0.50,1,3,U,1,2026092401,context_0,1002,3425,0.0381177844694201,0.015028681436404123,0.0682718953323211,0.023111532019254595,0.023475177837641192,0.0016860841433860019,0.0007924556405571408,0.050454688701301244,0.0,0.024865050920057714,0.013576677948909172,0.015573073958183605,0.0655693662860389
0.50,1,3,U,1,2026092401,context_1,1046,3421,0.030168292612180625,0.004899207007137032,0.06024250754285099,0.02996877081446778,0.030485325638126337,0.013886564401869458,0.02086047588689041,0.05701476387261649,0.0,0.01920848789643094,0.017385430797617667,0.01965638414082489,0.0656825990772959
0.50,1,3,U,1,2026092401,pooled,2048,6846,0.03343601186035122,0.009885403794428814,0.06413273710547333,0.020119142051121974,0.027088269568105616,0.007900439303671375,0.0007413191251110958,0.0522641679804778,0.0,0.008043213960478746,0.012166552263887864,0.00646209131787728,0.048606090204709046
0.50,1,3,U,2,2026092402,context_0,1002,3425,0.033780011499312756,0.001351107517203621,0.06348721905179062,0.024617191491439896,0.02203693782108415,0.01224526123924885,0.001679457699727736,0.05018177892196528,0.0,0.024865050920057714,0.014412239699472355,0.02556380943637268,0.06764491024779588
0.50,1,3,U,2,2026092402,context_1,1046,3421,0.029218908501838836,0.003973827417643466,0.057612585098293194,0.02477322577196102,0.024044506402111143,0.010849882375894265,0.016524616148770738,0.0516918415070271,0.0,0.01920848789643094,0.01627197208747329,0.018923110007870166,0.06232610581842246
0.50,1,3,U,2,2026092402,pooled,2048,6846,0.03055682693969264,0.0026571425455257144,0.06040498328628031,0.018531260736789103,0.022532576173387026,0.011636772384385347,0.002552481108259858,0.05084453486086846,0.0,0.008043213960478746,0.010750932245821587,0.013496912077295205,0.046185791267939424
0.50,1,3,U,3,2026092403,context_0,1002,3425,0.03141416728412372,0.003825305938814758,0.06101391009431183,0.024177264980581262,0.02288402582359439,0.007517364540714319,0.0010841189577464592,0.050519517336273995,0.0,0.024865050920057714,0.01472121170880232,0.017523040527173895,0.06955448026648166
0.50,1,3,U,3,2026092403,context_1,1046,3421,0.03453867018734652,0.0013813532556133734,0.060596509601576067,0.027283134759931167,0.025207832610572245,0.008374628602971598,0.02092853231415978,0.05325864723312016,0.0,0.01920848789643094,0.018005124997477376,0.022727211421924586,0.06807740190962489
0.50,1,3,U,3,2026092403,pooled,2048,6846,0.03224632805806987,0.0011897746522583229,0.06044950582669287,0.01821628531518335,0.022600413170553946,0.008004802938329683,0.00014934222647341663,0.05131166577510643,0.0,0.008043213960478746,0.012002639706257229,0.010493424520438386,0.046572070504593714
0.50,1,3,U,4,2026092404,context_0,1002,3425,0.032855407597796815,0.00047549851204835893,0.0662512067427736,0.023880280722062594,0.027281777942457675,0.019630552965216,0.001070493458283838,0.05411619094480838,0.0,0.024865050920057714,0.01624282740202586,0.020350910239166298,0.06804055593534543
0.50,1,3,U,4,2026092404,context_1,1046,3421,0.034256359792723345,0.000607561860511754,0.059968484945162326,0.02038397378709977,0.02400266930857109,0.02129173328298896,0.014164291461220155,0.0532873188015893,0.0,0.01920848789643094,0.009798755030652827,0.014758988219307698,0.06318475734952077
0.50,1,3,U,4,2026092404,pooled,2048,6846,0.03317611731191722,1.693417841732662e-05,0.06285938143407253,0.014743196511493402,0.02387061597392759,0.02058597072373014,0.002015809115846468,0.05339268343058567,0.0,0.008043213960478746,0.008565711783543293,0.010302095060145199,0.04577632309122644
0.50,1,3,Ucal,0,2026092400,context_0,1002,3425,0.040876081892152916,0.007036549323191638,0.07065458107596106,0.02323090059352016,0.021428756455064035,0.006919681290545501,0.0010155101283567292,0.051195180161193156,0.0,0.024865050920057714,0.01497972246440176,0.020038614724896778,0.06621587321352206
0.50,1,3,Ucal,0,2026092400,context_1,1046,3421,0.027056736679003157,0.001458781669291688,0.0534421315595371,0.030016949327494755,0.028085458044614264,0.026957294925877964,0.012777480163152194,0.05301988103896982,0.0,0.01920848789643094,0.022394442207853853,0.011747191938303404,0.06732450416575049
0.50,1,3,Ucal,0,2026092400,pooled,2048,6846,0.033030763543919095,0.004183160643732246,0.06183190585123696,0.01860377608665149,0.02217786844572822,0.017331496157395515,0.0019684677637905705,0.050861251184845836,0.0,0.008043213960478746,0.012895193217841789,0.007160398572571001,0.04477671000292683
0.50,1,3,Ucal,1,2026092401,context_0,1002,3425,0.03796036221224813,0.015122266191771913,0.06828728140954846,0.023129028706246627,0.023912336307586546,0.0019876931778623624,0.000922610933333312,0.05047133644591734,0.0,0.024865050920057714,0.01365517686442918,0.01667646484801102,0.06613915140655553
0.50,1,3,Ucal,1,2026092401,context_1,1046,3421,0.030207953118248698,0.004983758174560934,0.06027682266019154,0.029774296475501384,0.030402571583177662,0.013651732431816568,0.020172652939150992,0.05677803261796352,0.0,0.01920848789643094,0.017940677882570435,0.019928776370084535,0.06573312954280847
0.50,1,3,Ucal,1,2026092401,pooled,2048,6846,0.03347023854216091,0.009974684498721095,0.06416031872765263,0.019876252627516775,0.027258326749832973,0.007928789849060563,0.0003248174103813069,0.05229843928264767,0.0,0.008043213960478746,0.01251917559706682,0.005377584179954488,0.0490072684059729
0.50,1,3,Ucal,2,2026092402,context_0,1002,3425,0.033905655424428915,0.0013960443416908008,0.06349339437311338,0.02431780407587412,0.022474096291029505,0.013324022065164878,0.0017775079474128485,0.05024494183648502,0.0,0.024865050920057714,0.014154218744908643,0.02541521614221315,0.06712225796309201
0.50,1,3,Ucal,2,2026092402,context_1,1046,3421,0.02908462226693781,0.004026040377387101,0.05761482528665752,0.02511692974085825,0.024168637484534183,0.01127560004296728,0.014663004992388692,0.05170442365214711,0.0,0.01920848789643094,0.01626092050556663,0.017054908593008414,0.062016636202973194
0.50,1,3,Ucal,2,2026092402,pooled,2048,6846,0.03061793793763523,0.0027060912715483523,0.060409729946180844,0.018744325890215057,0.022716675391320718,0.012382798921999214,0.003168139242551736,0.05087994963368954,0.0,0.008043213960478746,0.01105648723553458,0.010359257184052704,0.0457612792359529
0.50,1,3,Ucal,3,2026092403,context_0,1002,3425,0.0312885233590075,0.003883720336467599,0.061001686320646446,0.023993386156653133,0.023233752599550628,0.008944959151790957,0.0010914135680974222,0.05057469280155387,0.0,0.024865050920057714,0.014841591932694383,0.01818882496904349,0.06984502299311977
0.50,1,3,Ucal,3,2026092403,context_1,1046,3421,0.03442232381602128,0.0014534359604472648,0.060599920855716624,0.027811148706100623,0.025621602885315675,0.009023077942285615,0.019642844439730814,0.053434256257753686,0.0,0.01920848789643094,0.01795589276471469,0.021285972810580114,0.06813080536925474
0.50,1,3,Ucal,3,2026092403,pooled,2048,6846,0.03222595772542236,0.001180908803540003,0.06043122876733374,0.018933365435037076,0.022834241795429033,0.009035420867441371,9.973409990868612e-05,0.05140362875762591,0.0,0.008043213960478746,0.01263412001833069,0.009153207646655172,0.046903646289466125
0.50,1,3,Ucal,4,2026092404,context_0,1002,3425,0.03293917021454096,0.00040437173200638476,0.06617663613726736,0.02382238298400239,0.027675220565408498,0.022120387516925105,0.001115927479708389,0.05424721251361833,0.0,0.024865050920057714,0.016991427251499047,0.01925733704184179,0.06853679366787206
0.50,1,3,Ucal,4,2026092404,context_1,1046,3421,0.03413737827451918,0.000581486883549404,0.059964969169133624,0.02104825788772042,0.02391991525362236,0.021575435456489697,0.013415106000468538,0.05318233948483818,0.0,0.01920848789643094,0.0098384155367209,0.01459663038680731,0.06367553772295244
0.50,1,3,Ucal,4,2026092404,pooled,2048,6846,0.033162447268069606,6.172955415089092e-06,0.06281630610553693,0.014795648565381134,0.023828101678495806,0.02193896390891406,0.002226326837767436,0.053357709995497896,0.0,0.008043213960478746,0.008362008457067995,0.009275389066713926,0.04566034895941849
0.50,1,3,E,0,2026092400,context_0,1002,3425,0.0486773447306878,0.007066651933731426,0.07522037072688155,0.024803739406983476,0.03641221112858056,0.0016444283132070053,0.0008508950991225031,0.06363231931064744,0.0,0.024865050920057714,0.014111397672297004,0.021817792310129286,0.06704091619443232
0.50,1,3,E,0,2026092400,context_1,1046,3421,0.03581677727927518,0.002201632656221442,0.05920135996758415,0.02825930117024264,0.022705995448469185,0.030449007832327832,0.018192045276402932,0.05282887168867772,0.0,0.01920848789643094,0.021782013981169718,0.01989849394859713,0.06734072981259064
0.50,1,3,E,0,2026092400,pooled,2048,6846,0.04103521163903362,0.004573131850506617,0.06699221063931511,0.01771475798492407,0.02933178092561034,0.014942527578445358,0.00035225298792611673,0.05644761390002552,0.0,0.008043213960478746,0.01255134423196098,0.014289910489413072,0.046007791164082705
0.50,1,3,E,1,2026092401,context_0,1002,3425,0.04499188101666213,0.0148715041611511,0.0728524993936572,0.022618537564498494,0.02691590474378358,0.007059951194125905,0.0009787722505389218,0.05413023891899054,0.0,0.024865050920057714,0.012163168341423334,0.019100711254299248,0.06806017738635245
0.50,1,3,E,1,2026092401,context_1,1046,3421,0.038603143723271616,0.004476352350537517,0.06533147458275847,0.030045674803876436,0.02303701166826394,0.01376325822409212,0.02527756204648727,0.052013287991831116,0.0,0.01920848789643094,0.015361894940766464,0.033538002590563804,0.07059180005186969
0.50,1,3,E,1,2026092401,pooled,2048,6846,0.04129989067178402,0.009587052244872966,0.06901990826603073,0.019110951011332436,0.023000519967720567,0.010480185794054117,0.0015038171978227523,0.05223112549150433,0.0,0.008043213960478746,0.01177793315519645,0.020130374587011123,0.049231960942233206
0.50,1,3,E,2,2026092402,context_0,1002,3425,0.04140040036622672,0.0012483092773276493,0.06950520389699062,0.024773899406359316,0.031789412192768984,0.01965199878863161,0.002206046582189068,0.05636570544492222,0.0,0.024865050920057714,0.01772455725366204,0.034325561006039076,0.06928650505544502
0.50,1,3,E,2,2026092402,context_1,1046,3421,0.036685285177160076,0.004220249138143868,0.06363316535540571,0.02402748695261501,0.028055676259364892,0.00846539481335934,0.016859482521159833,0.054235380634285964,0.0,0.01920848789643094,0.013621301218295998,0.02432952642501348,0.06382949335273154
0.50,1,3,E,2,2026092402,pooled,2048,6846,0.038582762082254696,0.002733795652446594,0.06650895496551096,0.018242116063612316,0.02850067214837243,0.013949613403050065,0.003222994006990585,0.05499310396217362,0.0,0.008043213960478746,0.013735218063910764,0.02249598349667472,0.04713138061728978
0.50,1,3,E,3,2026092403,context_0,1002,3425,0.039003848843770006,0.003991264358356126,0.06556694233808937,0.02275006586884823,0.030423140090329204,0.011333908195912762,0.0011170579172762522,0.05452948540559792,0.0,0.024865050920057714,0.013734227891439932,0.02418079922883038,0.06821507732374416
0.50,1,3,E,3,2026092403,context_1,1046,3421,0.04184190441709462,0.0018395645610338584,0.06668068944655563,0.029647849001196217,0.025023108987032583,0.008085869324981801,0.0227958154744953,0.05268794939510078,0.0,0.01920848789643094,0.02031720557371585,0.028001871338751847,0.0694730371055567
0.50,1,3,E,3,2026092403,pooled,2048,6846,0.04048195138364008,0.0010357130446952162,0.06565759390190544,0.017573690821078507,0.027609951960620882,0.00972140828043326,0.00038317228910476897,0.053063573437193604,0.0,0.008043213960478746,0.011827517551314497,0.021860003163008724,0.04886651153816928
0.50,1,3,E,4,2026092404,context_0,1002,3425,0.04058199850638061,0.0003604284276934751,0.07004827344263956,0.02167462048708477,0.023954279619856383,0.018951820448678255,0.001367694355439228,0.050630528288583276,0.0,0.024865050920057714,0.01188629183457995,0.025616604099202217,0.0694586773732073
0.50,1,3,E,4,2026092404,context_1,1046,3421,0.041672801980230156,0.0004715885234826049,0.06615567232412377,0.02015858126763137,0.02738159955307029,0.020095769285977103,0.015037433857359922,0.05431504746420556,0.0,0.01920848789643094,0.01197448800709304,0.022373170596329248,0.06552736288867532
0.50,1,3,E,4,2026092404,pooled,2048,6846,0.04062764735267227,0.00032309075187075484,0.0677363770504232,0.0155425453763673,0.024589356968643228,0.019642335292991975,0.002428656570459483,0.05195573665362597,0.0,0.008043213960478746,0.008130448948628452,0.01709179175113012,0.04779591661869034
0.50,1,3,Ecal,0,2026092400,context_0,1002,3425,0.0486773447306878,0.007158684016164552,0.07528507321749965,0.023910638686478112,0.03475100894278821,0.0010388126472144071,0.0010864074309322844,0.06136965543494873,0.0,0.024865050920057714,0.014327900966390044,0.020913070795040217,0.06633484466272473
0.50,1,3,Ecal,0,2026092400,context_1,1046,3421,0.03577711677320716,0.0022183073852949362,0.05918916276127439,0.028442886099892217,0.022296279013001685,0.03188703808449318,0.014623053306882156,0.05270462428939546,0.0,0.01920848789643094,0.02182167448723779,0.013977396383726155,0.06645779959655432
0.50,1,3,Ecal,0,2026092400,pooled,2048,6846,0.041072887637759126,0.004626505676390951,0.0670164587897934,0.017962323730419567,0.028120123505802952,0.017006491926181422,0.0015433963815995808,0.05555222925976073,0.0,0.008043213960478746,0.0124599746940511,0.006582013466689253,0.04406117926912705
0.50,1,3,Ecal,1,2026092401,context_0,1002,3425,0.04493780473505793,0.014995350243897665,0.07300709608086123,0.023472854000610003,0.026565136478497564,0.005751967051994641,0.0009472417561618303,0.053928180267070705,0.0,0.024865050920057714,0.012288812266539552,0.016879949703258894,0.06648267540488392
0.50,1,3,Ecal,1,2026092401,context_1,1046,3421,0.03840484119293125,0.004534839642868908,0.0652951075182011,0.030312213748003143,0.02204396300887962,0.01549256364642794,0.02234017482477403,0.05180951924493336,0.0,0.01920848789643094,0.015873228384860952,0.027367241467297347,0.06919001524062518
0.50,1,3,Ecal,1,2026092401,pooled,2048,6846,0.0411890961052076,0.00967942646848206,0.06907503000282694,0.019251750589424976,0.022283304687748418,0.010697653353883979,0.0009216317202369907,0.0519212824120315,0.0,0.008043213960478746,0.011859414485786594,0.008314131086224214,0.0480656023006738
0.50,1,3,Ecal,2,2026092402,context_0,1002,3425,0.04136225462070664,0.001311362691929885,0.06952275480960132,0.02475671140115645,0.029822199078014866,0.021531421866473333,0.0026520908961920517,0.05486865629584027,0.0,0.024865050920057714,0.01625871146063946,0.029521309692056255,0.06781657304315321
0.50,1,3,Ecal,2,2026092402,context_1,1046,3421,0.03672494568322815,0.004189317282987111,0.0636690312743861,0.025696173574517336,0.027724660039570137,0.010350324356985824,0.013418523223589884,0.053981136754071096,0.0,0.01920848789643094,0.01508873994281412,0.01812502261484608,0.06348360075989519
0.50,1,3,Ecal,2,2026092402,pooled,2048,6846,0.038650145152251625,0.0027477888462813208,0.06653659086804097,0.018417326440027436,0.0274590719102924,0.015828840584085013,0.0047585276984591675,0.05422571595239248,0.0,0.008043213960478746,0.013511144404787907,0.013188582794951222,0.04642387906694799
0.50,1,3,Ecal,3,2026092403,context_0,1002,3425,0.0392457891042679,0.004017615271191486,0.06546451139478397,0.022070430599426684,0.028503563429036816,0.013184229105732845,0.0013628623794024572,0.05355241904283064,0.0,0.024865050920057714,0.014289667373343336,0.019853143100245524,0.06767212665330824
0.50,1,3,Ecal,3,2026092403,context_1,1046,3421,0.04199847831472914,0.001828684065142077,0.06675038755361329,0.030768297805896055,0.024940354932083908,0.009109964852308819,0.020148175230901053,0.05261223833613955,0.0,0.01920848789643094,0.021556252988520243,0.022296942117099493,0.06818354949480612
0.50,1,3,Ecal,3,2026092403,pooled,2048,6846,0.04050232171628759,0.0010537100347017814,0.06565014915602557,0.018776722238029286,0.02663212316568858,0.011144949030320858,0.0006060847146834233,0.05263312227370104,0.0,0.008043213960478746,0.013192329838699137,0.010048457547096863,0.04631607272450213
0.50,1,3,Ecal,4,2026092404,context_0,1002,3425,0.04083328635661304,0.0003119312941388074,0.07009121980999437,0.024342897698814397,0.023082199211539145,0.022833861807987604,0.0015222502332025395,0.05054775899884335,0.0,0.024865050920057714,0.01323359045471896,0.0231962256118084,0.07022645677327509
0.50,1,3,Ecal,4,2026092404,context_1,1046,3421,0.0417521229923663,0.0004425875585952117,0.06614459754652981,0.019873488305122956,0.0264713049486347,0.022240057788891168,0.01129433427299241,0.05383821519073325,0.0,0.01920848789643094,0.010815749784504294,0.014366743370536903,0.06310997815471367
0.50,1,3,Ecal,4,2026092404,pooled,2048,6846,0.04076967902757028,0.0002840391862673051,0.06775018914425929,0.015671566849591794,0.023760328207722392,0.022635350839223245,0.003718014418613195,0.051698720658664245,0.0,0.008043213960478746,0.008028597285390782,0.010721605802086972,0.04580953110895726
0.50,1,4,U,0,2026092500,context_0,1042,3425,0.04393942456090316,0.003923264538633002,0.07052134712380924,0.021284643500416096,0.02218595040688473,0.007379279648167675,0.0010862213306363079,0.05015434386651681,0.0,0.021091282906258346,0.013168215915912837,0.02109310590303442,0.067918125942912
0.50,1,4,U,0,2026092500,context_1,1006,3421,0.04496326243072013,0.008406880647862859,0.06920728555166768,0.026812143734030867,0.0247667179335731,0.028762378819929338,0.01938092466683465,0.052897367866678126,0.0,0.01543875449437257,0.019697911975663583,0.019983319432447896,0.0675242884179862
0.50,1,4,U,0,2026092500,pooled,2048,6846,0.043926499243672035,0.006118941509557748,0.06985522358017741,0.01810355039836496,0.022205904442114177,0.01779949636615008,0.0009945573001360931,0.05120032131504977,0.0,0.00936835264205375,0.01258472775247186,0.006645139863905579,0.04733721304460488
0.50,1,4,U,1,2026092501,context_0,1042,3425,0.045235107579452594,0.0011566355131778603,0.06986994010552855,0.01991786793292374,0.022290609957047125,0.0056017187979467975,0.0008749456411044488,0.05061824249049974,0.0,0.021091282906258346,0.012265779094179112,0.017336460516956566,0.06748817451245966
0.50,1,4,U,1,2026092501,context_1,1006,3421,0.041844832036946555,0.002945329791659644,0.06612435305113619,0.025144052267533933,0.026917066789453714,0.021053005213479623,0.015268454752636829,0.05333181823874554,0.0,0.01543875449437257,0.013953938692939937,0.012356452590659192,0.06470676774218713
0.50,1,4,U,1,2026092501,pooled,2048,6846,0.04344564650098737,0.0020464190886790388,0.06798254745677564,0.015099972784122439,0.02370154970843963,0.013117850422503824,0.0004708388164730293,0.05179139767068469,0.0,0.00936835264205375,0.010219170925075287,0.0019094954022665046,0.04590868303172022
0.50,1,4,U,2,2026092502,context_0,1042,3425,0.044279613308113475,0.016257050535286123,0.07169785393803715,0.02204141313555709,0.02708427364271737,0.0022943667373845206,0.0014866390901584025,0.05124610943946045,0.0,0.021091282906258346,0.013250724785814393,0.022795946176274923,0.06762306969658444
0.50,1,4,U,2,2026092502,context_1,1006,3421,0.04753809748886678,0.0006127376995349752,0.073310128689275,0.022925885541202746,0.024254383025640258,0.022339642214733682,0.014784842781828914,0.05207663721304687,0.0,0.01543875449437257,0.016028115753094194,0.015027278337576394,0.06286661894075457
0.50,1,4,U,2,2026092502,pooled,2048,6846,0.04532136860906366,0.007926623085662679,0.07220915976468073,0.016723646654874996,0.02537869470692422,0.009851190505564628,0.0009611829701582711,0.051554139617968515,0.0,0.00936835264205375,0.011842779970771248,0.007904878841696017,0.0453090806646791
0.50,1,4,U,3,2026092503,context_0,1042,3425,0.04830849757535133,0.006592509081170157,0.07533740987160292,0.021846989809689046,0.028325061806368068,0.027112163383144178,0.0015996634409742622,0.05274731804718873,0.0,0.021091282906258346,0.017029360006166533,0.023569038827289408,0.06469287058014529
0.50,1,4,U,3,2026092503,context_1,1006,3421,0.042766663383223213,0.0010799089725795849,0.0670034459180239,0.022420599203238595,0.032299017773272265,0.02741964084125502,0.015086171815904423,0.05675526422332465,0.0,0.01543875449437257,0.01186465573349649,0.013670989260795076,0.06384073432325668
0.50,1,4,U,3,2026092503,pooled,2048,6846,0.04403823875869256,0.0028018299035600775,0.0712058352631586,0.01940627754649972,0.028245046999293144,0.027152309649949774,0.0014081652820747519,0.05444522509484368,0.0,0.00936835264205375,0.014260591597269558,0.005830022294484085,0.046717856915074185
0.50,1,4,U,4,2026092504,context_0,1042,3425,0.04275928936608109,0.016901165667162415,0.07101789264886249,0.024196742533774167,0.02285255865772967,0.016152474265444097,0.0018090189693317584,0.05083687459425125,0.0,0.021091282906258346,0.014553935952013325,0.023990930642411146,0.06640952283810976
0.50,1,4,U,4,2026092504,context_1,1006,3421,0.04435054529015614,0.0026072278683157753,0.07365008421696198,0.0253798986203969,0.022344525674960314,0.014855530452153584,0.014115009708410023,0.051678614562008944,0.0,0.01543875449437257,0.016642257273763547,0.015164054075462424,0.06759302655033092
0.50,1,4,U,4,2026092504,pooled,2048,6846,0.0433578032041525,0.009799152847778438,0.07182563484730509,0.015019017055909016,0.02193833489721264,0.015370736114086916,0.001838448795477305,0.05111990993497971,0.0,0.00936835264205375,0.009734274957871826,0.006195254618377941,0.04878631135671667
0.50,1,4,Ucal,0,2026092500,context_0,1042,3425,0.04398028019083844,0.003982805536907658,0.07054552441978726,0.022174419159450676,0.021893002091337543,0.008046085319975138,0.001172869672789603,0.0501295075485141,0.0,0.021091282906258346,0.014161378800282499,0.022652681378521704,0.06919408130155451
0.50,1,4,Ucal,0,2026092500,context_1,1006,3421,0.045046157113026286,0.00846585200670421,0.06923899596908355,0.026691190918788195,0.02442071213797603,0.028483080766675814,0.018740740428911384,0.05274152085093179,0.0,0.01543875449437257,0.019420383474499113,0.0226740795711638,0.0676936685155345
0.50,1,4,Ucal,0,2026092500,pooled,2048,6846,0.043926499243672035,0.006178401250766503,0.06988323335695311,0.018041478605204095,0.022023412317665247,0.01800940496821221,0.000668486416230369,0.051121884971664984,0.0,0.00936835264205375,0.012475032762599626,0.010958396161233393,0.04708586973230823
0.50,1,4,Ucal,1,2026092501,context_0,1042,3425,0.04543561285274128,0.0011460402472064344,0.06986422239657869,0.019867465072592756,0.02191396212277219,0.006249188146960891,0.000892082959933625,0.05047071231544184,0.0,0.021091282906258346,0.013027699132676122,0.016180799238457638,0.06811003681357825
0.50,1,4,Ucal,1,2026092501,context_1,1006,3421,0.04169786043955226,0.002890260779971239,0.06623504361590325,0.02427732638561566,0.026181804473810022,0.01937303818602977,0.014223077113016916,0.05283822993257622,0.0,0.01543875449437257,0.013658893647772084,0.015636931111557985,0.0655095217207948
0.50,1,4,Ucal,1,2026092501,pooled,2048,6846,0.04348447422300794,0.00201392194250561,0.06803380709208749,0.015736292664805,0.023127277120384537,0.012614326168612883,0.0001704778088704971,0.05150671535647959,0.0,0.00936835264205375,0.010830617199329314,0.005115910579212195,0.046566755471169424
0.50,1,4,Ucal,2,2026092502,context_0,1042,3425,0.044279613308113475,0.01631494010247646,0.07170180326956896,0.021686122706726842,0.026875024845897932,0.0034421363812115746,0.0014578780885346073,0.05117084383551071,0.0,0.021091282906258346,0.012372546850159562,0.02357640030802982,0.06755514955676643
0.50,1,4,Ucal,2,2026092502,context_1,1006,3421,0.047455202806560626,0.000678058088274176,0.07333243091725095,0.023049732306515695,0.023389368536647526,0.021790510084281026,0.014193151047712085,0.051895161091274025,0.0,0.01543875449437257,0.015323206594454679,0.015844490797976063,0.06451606677117842
0.50,1,4,Ucal,2,2026092502,pooled,2048,6846,0.04536213169401393,0.007923816647682368,0.07222384114899595,0.016951425550692643,0.02488949953932168,0.008981028492345264,0.0010777756694592792,0.05141835306134181,0.0,0.00936835264205375,0.012270792362749073,0.009483416020004416,0.0459993070376739
0.50,1,4,Ucal,3,2026092503,context_0,1042,3425,0.04822829546603585,0.006575884713337442,0.07533079822340526,0.021950756050655326,0.02773916517527375,0.026226892898685794,0.0015217565643629995,0.05236545015232843,0.0,0.021091282906258346,0.017714747137102915,0.02378575002743704,0.06500841676699019
0.50,1,4,Ucal,3,2026092503,context_1,1006,3421,0.04280811072437629,0.001058255937600926,0.06701867916551031,0.0236032078640541,0.03238551922217153,0.026976091030678398,0.013699922382687621,0.05659156694115522,0.0,0.01543875449437257,0.012657493864722471,0.014674449311333784,0.06403928052276427
0.50,1,4,Ucal,3,2026092503,pooled,2048,6846,0.04399747567374229,0.002802962815999224,0.07121079364105859,0.019716876361692146,0.027883467962369513,0.026488181165998548,0.001629483872905825,0.05413786264213503,0.0,0.00936835264205375,0.014403262394595473,0.00727716484059204,0.04706446391249082
0.50,1,4,Ucal,4,2026092504,context_0,1042,3425,0.04275928936608109,0.016954955684806663,0.07100681244433993,0.023464680850474474,0.022099262989179802,0.01655720530554515,0.0017429753492077074,0.05096520568704628,0.0,0.021091282906258346,0.013792015913516312,0.024298396101706393,0.06589116306283485
0.50,1,4,Ucal,4,2026092504,context_1,1006,3421,0.044499746834859355,0.0025377342286110514,0.07365833424216947,0.025970597451583994,0.022344525674960314,0.014675685321359419,0.013618596081018813,0.05172180820561485,0.0,0.01543875449437257,0.018120137439132912,0.01664228810549464,0.06911792716178101
0.50,1,4,Ucal,4,2026092504,pooled,2048,6846,0.04345971091652817,0.009792082596235825,0.07182386573955343,0.014902328231860665,0.02166183328074167,0.015489549500972033,0.001832100403979256,0.05120653787619628,0.0,0.00936835264205375,0.009604198425524459,0.00800615705927473,0.04931323285139023
0.50,1,4,E,0,2026092500,context_0,1042,3425,0.043854814323556424,0.003736801918506081,0.07032792863862727,0.020251668754144664,0.021432654738334833,0.00979634945338996,0.0015237036471807829,0.05012413706289848,0.0,0.021091282906258346,0.011072329533506595,0.024403008553702782,0.06857738864419079
0.50,1,4,E,0,2026092500,context_1,1006,3421,0.0447059553824834,0.008807966222450206,0.06902889179586277,0.025951712428001258,0.024161207791278172,0.026671572188393347,0.018419827166997527,0.052845518322222805,0.0,0.01543875449437257,0.019710514862570555,0.018874910816464547,0.06548945444916265
0.50,1,4,E,0,2026092500,pooled,2048,6846,0.043766169004747224,0.006218912179998915,0.0696720733791419,0.018659020667227858,0.021725641346081126,0.018012901492315297,0.00013497040835509788,0.051183892025184044,0.0,0.00936835264205375,0.014018723638857943,0.00678622090959127,0.047242656398496924
0.50,1,4,E,1,2026092501,context_0,1042,3425,0.04484464543776012,0.0013302066298967164,0.06961963913279244,0.020754801321823037,0.023239672127459587,0.007663509779724173,0.0010160710290407107,0.05111940234066536,0.0,0.021091282906258346,0.014631448389244054,0.01839487920455986,0.06893935833199218
0.50,1,4,E,1,2026092501,context_1,1006,3421,0.041639945911674026,0.0026441461441720267,0.06589834309125965,0.024309634855603036,0.027306323309500447,0.019107090127684342,0.013461119652859857,0.05345246640067859,0.0,0.01543875449437257,0.013675389604754479,0.011136824819736619,0.06419749584035962
0.50,1,4,E,1,2026092501,pooled,2048,6846,0.0431033411049514,0.0019875476849860237,0.06775321367617489,0.015040800768486658,0.024445977137400043,0.013201050700380315,0.0002754352216625816,0.05217987746066938,0.0,0.00936835264205375,0.00950036702399442,0.002741390740295714,0.045909721719506746
0.50,1,4,E,2,2026092502,context_0,1042,3425,0.04373687366973622,0.0162316662043966,0.07152203966668513,0.021351697893617592,0.027795719551903353,0.000617734575816764,0.001181303902834043,0.05167398036216998,0.0,0.021091282906258346,0.012871117182593204,0.0195206752910903,0.0661144806842791
0.50,1,4,E,2,2026092502,context_1,1006,3421,0.04712682464227169,0.0005379737792384628,0.0730045401188034,0.023485280789801912,0.02291361056770158,0.024783256063804535,0.014803273444789197,0.051855894090811025,0.0,0.01543875449437257,0.016111010435400343,0.015483939127045092,0.06387943434711553
0.50,1,4,E,2,2026092502,pooled,2048,6846,0.04482864525128438,0.007954224675455777,0.07195510505970025,0.0167508370870867,0.025123462445566402,0.01191177966277876,0.0002632345424337379,0.051585542980870196,0.0,0.00936835264205375,0.011435149121268565,0.007330807967329127,0.04687878963988063
0.50,1,4,E,3,2026092503,context_0,1042,3425,0.047902324325465206,0.0065726331274652446,0.0751028740896773,0.023183446256019622,0.02669292119117661,0.025711326038209137,0.0013598435956165195,0.05212791411906851,0.0,0.021091282906258346,0.016684231553914797,0.021873958899558434,0.0648825820449554
0.50,1,4,E,3,2026092503,context_1,1006,3421,0.042216520037990535,0.0009026590244412228,0.06680624409427179,0.022279790261227898,0.03143400328427959,0.026313456040357106,0.014800996487741497,0.056450702416890805,0.0,0.01543875449437257,0.010621235498904525,0.015066627828164609,0.06504853754712091
0.50,1,4,E,3,2026092503,pooled,2048,6846,0.04365677827816922,0.002877660312906572,0.0709918486485071,0.02004744201394108,0.027032693757843396,0.025891062948838,0.0010158564671506852,0.053944544714186464,0.0,0.00936835264205375,0.014438184866186974,0.0053891480870913375,0.046695570481282346
0.50,1,4,E,4,2026092504,context_0,1042,3425,0.042478255310576474,0.016775979723030767,0.07079540675938865,0.024149290388147313,0.022350361545363073,0.016482767951240138,0.0017936268562776729,0.050616398792227256,0.0,0.021091282906258346,0.015329404602347906,0.023239329042974963,0.06585636752570331
0.50,1,4,E,4,2026092504,context_1,1006,3421,0.04429629568926069,0.0024113302185055814,0.07343029398268423,0.024312895496909674,0.021479511185967637,0.013048803258707456,0.014001593587478961,0.05169377098982995,0.0,0.01543875449437257,0.015966242538764414,0.014914191408903753,0.06972438481039395
0.50,1,4,E,4,2026092504,pooled,2048,6846,0.0430555315304843,0.009643329505189537,0.07162908265582822,0.01553465626755645,0.021449139729610156,0.014660160917628687,0.0017248520209094988,0.05099184538611233,0.0,0.00936835264205375,0.01084473315334651,0.006237240379207763,0.04924691542496671
0.50,1,4,Ecal,0,2026092500,context_0,1042,3425,0.04377461221424095,0.003710783782841666,0.07038722328141886,0.02010740362557884,0.021181556182151534,0.009035805001572444,0.0014622566256481417,0.0500708998244726,0.0,0.021091282906258346,0.010711420041586987,0.02510603402286181,0.06887384670552087
0.50,1,4,Ecal,0,2026092500,context_1,1006,3421,0.044830297405942576,0.008749056181501756,0.06896332338236262,0.025827997737926617,0.024204458515727834,0.027312857057284576,0.017534706933266045,0.05279576506307564,0.0,0.01543875449437257,0.01942038347449907,0.019696240655879684,0.06532753083981066
0.50,1,4,Ecal,0,2026092500,pooled,2048,6846,0.043705024377321766,0.006176421519939811,0.06966916860911249,0.018108256968951044,0.021598025215402217,0.017941009063520225,0.00026319590164491577,0.05108371494362954,0.0,0.00936835264205375,0.013244225024802835,0.009778508498213535,0.04691470029434401
0.50,1,4,Ecal,1,2026092501,context_0,1042,3425,0.04488474649241786,0.001298529474226429,0.06959459304972604,0.02054685937338776,0.022570075977637383,0.008159721240678472,0.0010803714432424155,0.05079542049300402,0.0,0.021091282906258346,0.014350741006639864,0.01796593264730298,0.06907181587644556
0.50,1,4,Ecal,1,2026092501,context_1,1006,3421,0.041638259066063776,0.002736381329533781,0.06590804192496522,0.02341355614601423,0.026917066789453714,0.018667663691672484,0.012714123079060613,0.05324178518613537,0.0,0.01543875449437257,0.014172757698591259,0.012314720811703268,0.06417952855632013
0.50,1,4,Ecal,1,2026092501,pooled,2048,6846,0.043082959562476264,0.0020165980426410618,0.06774059041956196,0.015077535969539655,0.023892973904457993,0.01322964397477605,0.0005970691830985211,0.05189275447874884,0.0,0.00936835264205375,0.00979115853309748,0.004851312762231455,0.046947704310373775
0.50,1,4,Ecal,2,2026092502,context_0,1042,3425,0.043817075779051695,0.016277119448457215,0.07152043439827996,0.020832272827454697,0.027795719551903353,0.0006668825067781825,0.0011547654464648415,0.051685825017131724,0.0,0.021091282906258346,0.012309995347126441,0.01987837075617128,0.06580671000087111
0.50,1,4,Ecal,2,2026092502,context_1,1006,3421,0.04720971932457779,0.0005121654732378239,0.0730736914158412,0.023590176908524503,0.022394601874305975,0.024710470024578227,0.014150452484263762,0.051771282878545134,0.0,0.01543875449437257,0.016525483846931005,0.01650764877196525,0.06452540932561793
0.50,1,4,Ecal,2,2026092502,pooled,2048,6846,0.04480826370880925,0.007989550330187726,0.07198712431746974,0.016282160156701263,0.02486823018420853,0.011852774552481599,0.0004596034205472145,0.05152019711566569,0.0,0.00936835264205375,0.011985450768097193,0.008264083205865736,0.046729163524987835
0.50,1,4,Ecal,3,2026092503,context_0,1042,3425,0.04814293065341163,0.006593961406456372,0.07511538704256465,0.02286150409787701,0.026483672394357227,0.024879200203248242,0.0012543191216459007,0.05205437820523295,0.0,0.021091282906258346,0.016949157896851058,0.02203509557627773,0.06492425027064476
0.50,1,4,Ecal,3,2026092503,context_1,1006,3421,0.04234086206144977,0.0008140343871884737,0.06686980961980242,0.022834023769880633,0.030612239519736517,0.024874459495107484,0.013346638464926688,0.05573617715106673,0.0,0.01543875449437257,0.011472916882102913,0.016351866900376457,0.06546195801504409
0.50,1,4,Ecal,3,2026092503,pooled,2048,6846,0.043785798209656335,0.002932449434793802,0.0710271208697348,0.020997247098845578,0.026415882459561946,0.02475914051811376,0.0011521217731193835,0.053611452076218216,0.0,0.00936835264205375,0.015273828107667451,0.008783081418125926,0.04671343941272166
0.50,1,4,Ecal,4,2026092504,context_0,1042,3425,0.04251835636523421,0.016791327498321514,0.07082385011226651,0.024378973313857282,0.021722615154904812,0.01630899501145132,0.0017376925642009562,0.05072018699282665,0.0,0.021091282906258346,0.015690314094267542,0.024010737736865823,0.06637325599615092
0.50,1,4,Ecal,4,2026092504,context_1,1006,3421,0.04433774303041377,0.002377132352400041,0.07342494652831515,0.024979150007788137,0.021998519879363243,0.013375267454429088,0.01258759256879563,0.05169657387370946,0.0,0.01543875449437257,0.016525391984004288,0.015502812211186781,0.07015749974907326
0.50,1,4,Ecal,4,2026092504,pooled,2048,6846,0.04307591307295944,0.009634174687555666,0.07164088717008507,0.015043750362209478,0.021449139729610156,0.014728175774423355,0.001994088533716319,0.05106020643464593,0.0,0.00936835264205375,0.01037595767641842,0.008941251059596537,0.04980981825799823
