kappa,source,trial,tape,group,dimension,bin,entities,transitions,adequate,continuation,oracle_continuation,occupancy,law_residual,oracle_information_shift,continuation_lo,continuation_hi,occupancy_lo,occupancy_hi
0,real,-1,-1,0,all,all,6193,142270,True,0.31215997750755603,0.3141692437920821,1.0,-0.0020092662845260217,0.0,0.30781918701246974,0.3157288534387018,1.0,1.0
0,real,-1,-1,0,history,1-4,6193,24772,True,0.3127724850637817,0.31373012413247797,0.1741196316862304,-0.0009576390686962742,0.0,0.3037300177619893,0.32153540287421284,0.17317479019379978,0.17510200399736914
0,real,-1,-1,0,history,5-8,6193,24772,True,0.309865977716777,0.31387165001336653,0.1741196316862304,-0.004005672296589568,0.0,0.30061359599547877,0.31794061844017435,0.17317479019379978,0.17510200399736914
0,real,-1,-1,0,history,9-16,6193,49173,True,0.3138307607833567,0.3151005160488541,0.3456315456526323,-0.0012697552654973583,0.0,0.3070070937073649,0.3205325047244103,0.3439567115692369,0.34747141620773203
0,real,-1,-1,0,history,17-31,5470,43553,True,0.31122999563749915,0.31353682845012637,0.3061291909749069,-0.0023068328126272498,0.0,0.30446392138327716,0.31771625518211,0.3023909656536348,0.30971440842811965
0,real,-1,-1,0,run,1,6193,99784,True,0.16191974665276998,0.16253716925055217,0.7013706333028749,-0.0006174225977821959,0.0,0.15958432867246258,0.1640748916765217,0.6978682986960172,0.7058761363208297
0,real,-1,-1,0,run,2-3,6005,23962,True,0.6350054252566564,0.6405109967867622,0.1684262318127504,-0.005505571530105803,0.0,0.6284491780957914,0.6408101788365819,0.16654085302065852,0.1701469513739666
0,real,-1,-1,0,run,4-7,4627,15156,True,0.7088941673264714,0.713233628440721,0.10652983763267028,-0.004339461114249736,0.0,0.7021276792249214,0.715974201519068,0.104203975716651,0.10847709235100349
0,real,-1,-1,0,run,8+,1187,3368,True,0.6811163895486936,0.6890011995696124,0.023673297251704504,-0.007884810020918715,0.0,0.6623878091163728,0.6978671741050309,0.022077647728230267,0.02526302967544332
0,real,-1,-1,1,all,all,653,15001,True,0.31017932137857473,0.3128985625866,1.0,-0.0027192412080251993,0.0,0.2982199730063385,0.32446589196815434,1.0,1.0
0,real,-1,-1,1,history,1-4,653,2612,True,0.3093415007656968,0.31376606950027075,0.17412172521831878,-0.004424568734573985,0.0,0.28404479326186827,0.3380647013782542,0.1712859927548241,0.17718204605163487
0,real,-1,-1,1,history,5-8,653,2612,True,0.29058192955589585,0.30646952236342584,0.17412172521831878,-0.015887592807529948,0.0,0.26531393568147016,0.3173908882082695,0.1712859927548241,0.17718204605163487
0,real,-1,-1,1,history,9-16,653,5187,True,0.3101985733564681,0.3105272217232208,0.3457769482034531,-0.0003286483667526977,0.0,0.2901170961022656,0.3326916863869864,0.3402966834872463,0.3514483213877502
0,real,-1,-1,1,history,17-31,582,4590,True,0.3217864923747277,0.3187431965872035,0.3059796013599093,0.0030432957875241185,0.0,0.3009004873271927,0.3442719284722509,0.2944697774904271,0.3170386878929829
0,real,-1,-1,1,run,1,653,10565,True,0.1632749645054425,0.16333023823963275,0.7042863809079395,-5.5273734190256006e-05,0.0,0.15552566903573942,0.1706681446876729,0.6911945988731176,0.715787633913303
0,real,-1,-1,1,run,2-3,633,2528,True,0.6253955696202531,0.6391771061291184,0.1685220985267649,-0.013781536508865324,0.0,0.6075133797264355,0.641782234074575,0.16242138680840948,0.1743855882360755
0,real,-1,-1,1,run,4-7,479,1570,True,0.7133757961783439,0.7128833602491957,0.10465968935404306,0.0004924359291482337,0.0,0.6917529494396191,0.7370417680454177,0.09881598274855742,0.11220965780399707
0,real,-1,-1,1,run,8+,119,338,True,0.6715976331360947,0.6897655931189857,0.022531831211252584,-0.018167959982890974,0.0,0.6183877415056629,0.7196165551656064,0.017926472619540935,0.028411477457800274
0,U,0,20264401,0,all,all,1834,41976,True,0.3220649895178197,0.3182557911138058,1.0,0.0038091984040139236,0.0,0.3151906974022373,0.3296057230525097,1.0,1.0
0,U,0,20264401,0,history,1-4,1834,7336,True,0.30288985823336967,0.3093785344994157,0.1747665332570993,-0.006488676266045986,0.0,0.2877521810250818,0.3161123227917121,0.17306356241524756,0.1764467857463323
0,U,0,20264401,0,history,5-8,1834,7336,True,0.3174754634678299,0.31489306559991687,0.1747665332570993,0.0025823978679130107,0.0,0.3020583424209378,0.3330220828789531,0.17306356241524756,0.1764467857463323
0,U,0,20264401,0,history,9-16,1834,14569,True,0.3276820646578351,0.3205625376367715,0.34707928340003813,0.007119527021063636,0.0,0.31389310911196433,0.34112119362602483,0.34380931269881687,0.3500167168084319
0,U,0,20264401,0,history,17-31,1605,12735,True,0.32932862190812723,0.32266768893869524,0.3033876500857633,0.0066609329694319475,0.0,0.3155322366064716,0.34392095059766864,0.297189830592896,0.3100135793325892
0,U,0,20264401,0,run,1,1834,29051,True,0.16966713710371414,0.16345873318034815,0.6920859538784067,0.0062084039233659995,0.0,0.16582468617952362,0.17416190541749846,0.6844048519564188,0.698717830532615
0,U,0,20264401,0,run,2-3,1798,7318,True,0.6191582399562722,0.6341797086027385,0.174337716790547,-0.015021468646466246,0.0,0.6088971432980659,0.631448919189222,0.17129034020378156,0.17776526971733958
0,U,0,20264401,0,run,4-7,1359,4513,True,0.7323288278307113,0.71271878760444,0.1075138174194778,0.01961004022627123,0.0,0.7203487437411032,0.7453989810773364,0.10355183646140662,0.11161464941930996
0,U,0,20264401,0,run,8+,387,1094,True,0.6892138939670932,0.6883349489553376,0.026062511911568515,0.0008789450117556881,0.0,0.6591218336981048,0.7138087193736097,0.0232172518565156,0.028949090764143887
0,U,0,20264401,1,all,all,214,4896,True,0.29840686274509803,0.3051343515294552,1.0,-0.006727488784357115,0.0,0.27326742887073935,0.31940562081315294,1.0,1.0
0,U,0,20264401,1,history,1-4,214,856,True,0.3072429906542056,0.31032518468673775,0.17483660130718953,-0.0030821940325321553,0.0,0.2663259345794392,0.35052570093457935,0.16990616602454553,0.17994628958996817
0,U,0,20264401,1,history,5-8,214,856,True,0.308411214953271,0.3079075597274924,0.17483660130718953,0.000503655225778603,0.0,0.26401869158878505,0.3516647196261682,0.16990616602454553,0.17994628958996817
0,U,0,20264401,1,history,9-16,214,1698,True,0.30859835100117783,0.31581382076232456,0.34681372549019607,-0.007215469761146741,0.0,0.27202708596090003,0.34596217866212126,0.337237822412399,0.3565010329272227
0,U,0,20264401,1,history,17-31,182,1486,True,0.2759084791386272,0.28834366636285613,0.3035130718954248,-0.012435187224228957,0.0,0.2424812273077346,0.31189567573035976,0.28406772579222855,0.32274112949090544
0,U,0,20264401,1,run,1,214,3504,True,0.16238584474885845,0.16262330677228964,0.7156862745098039,-0.00023746202343119665,0.0,0.15055999328295094,0.1736449771710383,0.6957138398289963,0.7394470797248809
0,U,0,20264401,1,run,2-3,211,829,True,0.5934861278648975,0.63286592268508,0.1693218954248366,-0.039379794820182654,0.0,0.558161805050368,0.6274062499999999,0.15881211615063906,0.17871096028781625
0,U,0,20264401,1,run,4-7,143,456,True,0.7105263157894737,0.7146337706665143,0.09313725490196079,-0.004107454877040556,0.0,0.6721698113207547,0.7505117924836815,0.08054529836920286,0.10383898225517957
0,U,0,20264401,1,run,8+,35,107,False,0.7102803738317757,0.6877277460583887,0.02185457516339869,0.02255262777338687,0.0,0.5920913639733135,0.7826422436929683,0.013791479874944916,0.030577434542195935
0,U,0,20264402,0,all,all,1834,41976,True,0.3152992186011054,0.3144060516947595,1.0,0.00089316690634591,0.0,0.3081213959590695,0.32248804166819284,1.0,1.0
0,U,0,20264402,0,history,1-4,1834,7336,True,0.3122955288985823,0.31536449068155503,0.1747665332570993,-0.0030689617829727346,0.0,0.2976997001090512,0.32935523446019627,0.17325934707938337,0.17662350837035765
0,U,0,20264402,0,history,5-8,1834,7336,True,0.31938386041439476,0.3130370483188329,0.1747665332570993,0.00634681209556188,0.0,0.3031624863685932,0.3352099236641221,0.17325934707938337,0.17662350837035765
0,U,0,20264402,0,history,9-16,1834,14569,True,0.32438739789964993,0.32084198238692613,0.34707928340003813,0.003545415512723764,0.0,0.31082631339296224,0.33466939027739634,0.3440958278759553,0.3506010422574394
0,U,0,20264402,0,history,17-31,1605,12735,True,0.30427954456223005,0.3072797718443071,0.3033876500857633,-0.0030002272820769988,0.0,0.2918987809445854,0.31637448487622166,0.29622496351035066,0.3093490942585201
0,U,0,20264402,0,run,1,1834,29321,True,0.16868456055386924,0.16310896077652381,0.6985182008766915,0.005575599777345437,0.0,0.1646584287967325,0.17300183725869592,0.6917117466818434,0.7056572290082569
0,U,0,20264402,0,run,2-3,1799,7190,True,0.6072322670375522,0.6322143584385677,0.1712883552506194,-0.0249820914010156,0.0,0.5964921887921881,0.6179234461133291,0.16790156461980654,0.17436440279386856
0,U,0,20264402,0,run,4-7,1316,4369,True,0.7237354085603113,0.7128190819999888,0.10408328568705927,0.01091632656032255,0.0,0.7108293875187356,0.7355009289733376,0.10028577502686388,0.10788819704962364
0,U,0,20264402,0,run,8+,365,1096,True,0.6943430656934306,0.6889258946893402,0.026110158185629884,0.005417171004090564,0.0,0.6643982282093686,0.7178961326460802,0.02309129821947734,0.02917197001311553
0,U,0,20264402,1,all,all,214,4896,True,0.32822712418300654,0.32243254944792155,1.0,0.005794574735084945,0.0,0.3081629010328754,0.34759418253685853,1.0,1.0
0,U,0,20264402,1,history,1-4,214,856,True,0.352803738317757,0.33365266696646806,0.17483660130718953,0.01915107135128892,0.0,0.30838200934579435,0.40186915887850466,0.16946971486523194,0.17941731293229932
0,U,0,20264402,1,history,5-8,214,856,True,0.32710280373831774,0.3261356758659479,0.17483660130718953,0.0009671278723698955,0.0,0.28501752336448594,0.37389018691588777,0.16946971486523194,0.17941731293229932
0,U,0,20264402,1,history,9-16,214,1698,True,0.3303886925795053,0.32034332773996765,0.34681372549019607,0.010045364839537604,0.0,0.29445109195796276,0.3689955663980223,0.3369649193826225,0.3553381280474474
0,U,0,20264402,1,history,17-31,182,1486,True,0.3122476446837147,0.3162233984724165,0.3035130718954248,-0.003975753788701823,0.0,0.2703529012505289,0.351151519986438,0.2858894511483067,0.3239024276504237
0,U,0,20264402,1,run,1,214,3352,True,0.17153937947494033,0.16330531138106716,0.684640522875817,0.008234068093873182,0.0,0.15951644582903918,0.1852252521112957,0.6657063008260667,0.704515092044839
0,U,0,20264402,1,run,2-3,211,850,True,0.6129411764705882,0.6368092985076782,0.1736111111111111,-0.023868122037090118,0.0,0.5851971947766645,0.6443179786243979,0.1642276589370493,0.1837961145194274
0,U,0,20264402,1,run,4-7,162,540,True,0.7611111111111111,0.7113536076808596,0.11029411764705882,0.04975750343025143,0.0,0.7241344827586207,0.7967795463436219,0.09963543392349261,0.12141228367969636
0,U,0,20264402,1,run,8+,60,154,False,0.6493506493506493,0.6870877043408844,0.03145424836601307,-0.03773705499023499,0.0,0.5640625,0.7158725064191191,0.022987211084197816,0.04037408891752111
0,U,0,20264403,0,all,all,1834,41976,True,0.31186868686868685,0.3132782979558089,1.0,-0.0014096110871220362,0.0,0.30459132042217674,0.31897305808469795,1.0,1.0
0,U,0,20264403,0,history,1-4,1834,7336,True,0.30179934569247546,0.3095170960601391,0.1747665332570993,-0.0077177503676636745,0.0,0.28707061068702294,0.31625204471101415,0.17313299687880027,0.17646089585689417
0,U,0,20264403,0,history,5-8,1834,7336,True,0.3053435114503817,0.31011213105610635,0.1747665332570993,-0.004768619605724719,0.0,0.2893913576881134,0.3206277262813522,0.17313299687880027,0.17646089585689417
0,U,0,20264403,0,history,9-16,1834,14569,True,0.31608209211339144,0.3144536561933239,0.34707928340003813,0.0016284359200675969,0.0,0.3038497089778329,0.3271838021498846,0.34399169584266065,0.3500962948715459
0,U,0,20264403,0,history,17-31,1605,12735,True,0.3166077738515901,0.3159241859275793,0.3033876500857633,0.000683587924010821,0.0,0.30389731111003015,0.3290337169473093,0.2970596910381953,0.3098934546099264
0,U,0,20264403,0,run,1,1834,29451,True,0.16644596108790874,0.16351080712324742,0.7016152086906804,0.0029351539646613346,0.0,0.16220110034333096,0.17066812114993885,0.6948339526157937,0.70869454046547
0,U,0,20264403,0,run,2-3,1788,7135,True,0.6050455501051156,0.6333388322338357,0.16997808271393178,-0.028293282128720097,0.0,0.5939046637055838,0.617131437095558,0.1663942895647492,0.17335893511396774
0,U,0,20264403,0,run,4-7,1308,4320,True,0.7233796296296297,0.7127149361749073,0.10291595197255575,0.01066469345472241,0.0,0.7095771759264169,0.7363431708195666,0.0994022598523118,0.10649863765144593
0,U,0,20264403,0,run,8+,354,1070,True,0.6981308411214954,0.6886093104133257,0.025490756622832095,0.009521530708169605,0.0,0.6680543431953211,0.7242117922819077,0.022549371931155623,0.02891657086906227
0,U,0,20264403,1,all,all,214,4896,True,0.3188316993464052,0.3164759597405834,1.0,0.0023557396058218123,0.0,0.2964929856909891,0.3414884637903753,1.0,1.0
0,U,0,20264403,1,history,1-4,214,856,True,0.3247663551401869,0.32358145122365095,0.17483660130718953,0.001184903916535982,0.0,0.28154205607476634,0.3773364485981308,0.16990616602454553,0.18040137217306937
0,U,0,20264403,1,history,5-8,214,856,True,0.316588785046729,0.3107367973043671,0.17483660130718953,0.0058519877423619015,0.0,0.2698306074766355,0.3645151869158878,0.16990616602454553,0.18040137217306937
0,U,0,20264403,1,history,9-16,214,1698,True,0.3032979976442874,0.30928569704902636,0.34681372549019607,-0.00598769940473901,0.0,0.2653836731431395,0.33903854330741645,0.33723311774347886,0.35756953223767385
0,U,0,20264403,1,history,17-31,182,1486,True,0.3344549125168237,0.32390495596276325,0.3035130718954248,0.010549956554060458,0.0,0.2962641301544881,0.3736723361211972,0.2817056468605141,0.32288216962448824
0,U,0,20264403,1,run,1,214,3403,True,0.17425800764031737,0.16346839103034164,0.6950571895424836,0.010789616609975756,0.0,0.16042435695476345,0.1877060132027778,0.6720317180455991,0.717358752454809
0,U,0,20264403,1,run,2-3,208,863,True,0.6048667439165701,0.6342327469070369,0.17626633986928106,-0.0293660029904668,0.0,0.5730172574337327,0.6392176280386885,0.16601999860881078,0.18771202074298157
0,U,0,20264403,1,run,4-7,155,497,True,0.7142857142857143,0.7130021717136759,0.10151143790849673,0.0012835425720384302,0.0,0.6611680959227688,0.7528347351670834,0.08984993960870699,0.11354013738129053
0,U,0,20264403,1,run,8+,44,133,False,0.6842105263157895,0.6878077014373997,0.027165032679738563,-0.0035971751216101935,0.0,0.5953717495190219,0.7452287203242617,0.01821830666096154,0.03581051921196068
0,G,0,20264401,0,all,all,1834,41976,True,0.3231132075471698,0.31877178869566186,1.0,0.004341418851507961,0.0,0.31552039694761813,0.3300792542890874,1.0,1.0
0,G,0,20264401,0,history,1-4,1834,7336,True,0.30302617230098144,0.30958229068265136,0.1747665332570993,-0.0065561183816698985,0.0,0.28652194656488544,0.31993593238822243,0.17309561801860954,0.1763288846476619
0,G,0,20264401,0,history,5-8,1834,7336,True,0.31624863685932386,0.3142995143092347,0.1747665332570993,0.001949122550089155,0.0,0.30260019083969464,0.3300197655398037,0.17309561801860954,0.1763288846476619
0,G,0,20264401,0,history,9-16,1834,14569,True,0.32891756469215455,0.3220264296748663,0.34707928340003813,0.006891135017288311,0.0,0.31561566175650224,0.341337892013281,0.34399743781383424,0.3500798915506959
0,G,0,20264401,0,history,17-31,1605,12735,True,0.3319984295249313,0.3229183060020022,0.3033876500857633,0.009080123522929027,0.0,0.31803687086105814,0.34534681932445443,0.2972623391539802,0.3098105763002329
0,G,0,20264401,0,run,1,1834,29019,True,0.16888934835797237,0.16329455111121846,0.6913236134934249,0.005594797246753908,0.0,0.16492816033138127,0.17292958757382962,0.684709898624018,0.698529898495788
0,G,0,20264401,0,run,2-3,1792,7303,True,0.624127071066685,0.6353589436970206,0.1739803697350867,-0.011231872630335794,0.0,0.6126104087138923,0.6346003506110062,0.17070203507228254,0.17714772591750308
0,G,0,20264401,0,run,4-7,1356,4539,True,0.7332011456267901,0.7126084199128891,0.10813321898227558,0.020592725713901,0.0,0.7203291838521724,0.7457968538698404,0.10421879853997428,0.11186387408483038
0,G,0,20264401,0,run,8+,392,1115,True,0.6959641255605381,0.6883982419629666,0.026562797789212885,0.007565883597571481,0.0,0.6654150968758518,0.7229267665834146,0.023630790576548294,0.029768327913406625
0,G,0,20264401,1,all,all,214,4896,True,0.3043300653594771,0.30841272182070345,1.0,-0.004082656461226334,0.0,0.2845930524623303,0.3260646624564741,1.0,1.0
0,G,0,20264401,1,history,1-4,214,856,True,0.31542056074766356,0.31408055816353786,0.17483660130718953,0.0013400025841257173,0.0,0.2698014018691589,0.3598422897196261,0.17011044277877296,0.18052122242674484
0,G,0,20264401,1,history,5-8,214,856,True,0.3119158878504673,0.3109505039627263,0.17483660130718953,0.000965383887741016,0.0,0.27102803738317754,0.35522780373831764,0.17011044277877296,0.18052122242674484
0,G,0,20264401,1,history,9-16,214,1698,True,0.30742049469964666,0.3139357965766974,0.34681372549019607,-0.0065153018770507795,0.0,0.26915980169752385,0.3474631547112395,0.3380364959196594,0.35735643258049415
0,G,0,20264401,1,history,17-31,182,1486,True,0.29004037685060563,0.2973749086587145,0.3035130718954248,-0.007334531808108898,0.0,0.25342448060271405,0.3265373959240799,0.2815099564404061,0.32154024049226726
0,G,0,20264401,1,run,1,214,3481,True,0.16288422866992244,0.16299091771222646,0.7109885620915033,-0.00010668904230405168,0.0,0.15264492490055329,0.17340578744255716,0.6897246308198723,0.7293390530631323
0,G,0,20264401,1,run,2-3,213,837,True,0.6081242532855436,0.6363867495076131,0.17095588235294118,-0.028262496222069413,0.0,0.5756030738389575,0.6419087848137787,0.1620525260400674,0.17904355027833124
0,G,0,20264401,1,run,4-7,149,473,True,0.718816067653277,0.7140742041101112,0.09660947712418301,0.004741863543165706,0.0,0.6784847799879445,0.7577066115702479,0.08523584794373948,0.10861641408671872
0,G,0,20264401,1,run,8+,36,105,False,0.7047619047619048,0.6876618437709427,0.02144607843137255,0.01710006099096192,0.0,0.5802334943639291,0.7710474541591248,0.013178183265190921,0.03042478029254197
0,G,0,20264402,0,all,all,1834,41976,True,0.3178482942633886,0.3156999065269744,1.0,0.0021483877364141977,0.0,0.3099848971497886,0.3253958317458839,1.0,1.0
0,G,0,20264402,0,history,1-4,1834,7336,True,0.3090239912758997,0.31404732005580005,0.1747665332570993,-0.005023328779900353,0.0,0.29238685932388225,0.32525218102508174,0.1732433897326577,0.17658577645827286
0,G,0,20264402,0,history,5-8,1834,7336,True,0.321701199563795,0.3142819592878158,0.1747665332570993,0.007419240275979131,0.0,0.3053230643402399,0.33683546892039257,0.1732433897326577,0.17658577645827286
0,G,0,20264402,0,history,9-16,1834,14569,True,0.3240442034456723,0.3205353725125265,0.34707928340003813,0.003508830933145885,0.0,0.31193696520835873,0.33649985752162687,0.34412541240584676,0.3504627281633766
0,G,0,20264402,0,history,17-31,1605,12735,True,0.31362387122104435,0.31193685441511687,0.3033876500857633,0.0016870168059274456,0.0,0.30117680092869664,0.32730401728030634,0.29631627679288464,0.3093882171949603
0,G,0,20264402,0,run,1,1834,29237,True,0.1687587645791292,0.16308721330165288,0.696517057366114,0.0056715512774762975,0.0,0.16417366314531265,0.17306747126961777,0.688798574203825,0.7041218911470697
0,G,0,20264402,0,run,2-3,1801,7223,True,0.614426138723522,0.633903045135734,0.17207451877263197,-0.019476906412211985,0.0,0.6024361021384348,0.6248336077572252,0.16853490893123155,0.17539261107012533
0,G,0,20264402,0,run,4-7,1336,4426,True,0.7275192046995029,0.7127039370645969,0.10544120449780828,0.01481526763490605,0.0,0.7146429496987041,0.738893513253459,0.10154500895728877,0.10908714534760482
0,G,0,20264402,0,run,8+,377,1090,True,0.6880733944954128,0.6885588079014121,0.02596721936344578,-0.0004854134059992358,0.0,0.6614653171987124,0.7137077652637819,0.023004217736990372,0.02883345192904234
0,G,0,20264402,1,all,all,214,4896,True,0.3312908496732026,0.32444517825154756,1.0,0.006845671421655056,0.0,0.31286551405691054,0.3520189119574853,1.0,1.0
0,G,0,20264402,1,history,1-4,214,856,True,0.35514018691588783,0.3336943142644756,0.17483660130718953,0.02144587265141231,0.0,0.31305490654205603,0.3972254672897196,0.16974023398770574,0.18002387173522819
0,G,0,20264402,1,history,5-8,214,856,True,0.31542056074766356,0.32494967165930894,0.17483660130718953,-0.009529110911645421,0.0,0.2675233644859813,0.3633469626168224,0.16974023398770574,0.18002387173522819
0,G,0,20264402,1,history,9-16,214,1698,True,0.31743227326266193,0.3123330202014864,0.34681372549019607,0.00509925306117558,0.0,0.27454200395829415,0.35711549793753683,0.3372909823986544,0.35678340390143654
0,G,0,20264402,1,history,17-31,182,1486,True,0.34253028263795426,0.33266680515928226,0.3035130718954248,0.00986347747867198,0.0,0.30319627099679386,0.3836475441883904,0.2830327693461104,0.3232916917649845
0,G,0,20264402,1,run,1,214,3339,True,0.1707097933513028,0.16371575280116968,0.6819852941176471,0.006994040550133105,0.0,0.1588041143116289,0.18367012871886276,0.6617866193779173,0.6998669197879284
0,G,0,20264402,1,run,2-3,211,850,True,0.62,0.6387636660310418,0.1736111111111111,-0.01876366603104185,0.0,0.5863133474105356,0.6487483884601692,0.16416726458560332,0.18281091851657658
0,G,0,20264402,1,run,4-7,158,541,True,0.7615526802218114,0.7113358965249036,0.11049836601307189,0.05021678369690792,0.0,0.7282217044009505,0.7953357237116265,0.0998350478959335,0.12188881844988166
0,G,0,20264402,1,run,8+,60,166,False,0.6807228915662651,0.6870774576512826,0.03390522875816993,-0.0063545660850174825,0.0,0.5960113239977757,0.7344751888911578,0.025657737005009076,0.042677859462057266
0,G,0,20264403,0,all,all,1834,41976,True,0.30951019630264914,0.3122848227913275,1.0,-0.00277462648867834,0.0,0.3014999682101174,0.3173062523227939,1.0,1.0
0,G,0,20264403,0,history,1-4,1834,7336,True,0.3016630316248637,0.3091233973008017,0.1747665332570993,-0.007460365675937975,0.0,0.28488276990185385,0.316528080697928,0.1729520738713513,0.1765080236738053
0,G,0,20264403,0,history,5-8,1834,7336,True,0.3071155943293348,0.31152456888217134,0.1747665332570993,-0.0044089745528365755,0.0,0.29157579062159217,0.32349713740458014,0.1729520738713513,0.1765080236738053
0,G,0,20264403,0,history,9-16,1834,14569,True,0.3081886196719061,0.311121244626816,0.34707928340003813,-0.0029326249549098565,0.0,0.295286096871567,0.3205132112379171,0.34353317628476465,0.3503986663734652
0,G,0,20264403,0,history,17-31,1605,12735,True,0.31692186886533175,0.31587505524950066,0.3033876500857633,0.0010468136158311586,0.0,0.3032256640431041,0.32890216307030684,0.29654418645233127,0.31055222529232696
0,G,0,20264403,0,run,1,1834,29549,True,0.1648109919117398,0.1634937650117717,0.7039498761196874,0.0013172268999681095,0.0,0.1605905356861852,0.1695447475592153,0.6962827989341719,0.7117018200268177
0,G,0,20264403,0,run,2-3,1788,7115,True,0.6075895994378074,0.6346889130585227,0.16950161997331809,-0.027099313620715302,0.0,0.5947734125255482,0.6200934933321208,0.16618002508200863,0.17310200370894643
0,G,0,20264403,0,run,4-7,1307,4296,True,0.7188081936685289,0.7127432929311813,0.10234419668381932,0.006064900737347513,0.0,0.7055799625764438,0.7316932496424718,0.09825388711538774,0.10617438282622309
0,G,0,20264403,0,run,8+,336,1016,True,0.6998031496062992,0.6886158034568653,0.024204307223175146,0.011187346149433858,0.0,0.6669818993046229,0.727189344051997,0.021140859671336693,0.0273264331276019
0,G,0,20264403,1,all,all,214,4896,True,0.31004901960784315,0.3129453012515897,1.0,-0.002896281643746609,0.0,0.2870117195215874,0.3325749447326201,1.0,1.0
0,G,0,20264403,1,history,1-4,214,856,True,0.3247663551401869,0.32311109498576107,0.17483660130718953,0.0016552601544257645,0.0,0.2780373831775701,0.37149532710280375,0.16950327289260994,0.17990752416981926
0,G,0,20264403,1,history,5-8,214,856,True,0.3107476635514019,0.3141197480008095,0.17483660130718953,-0.003372084449407685,0.0,0.26635514018691586,0.35397196261682246,0.16950327289260994,0.17990752416981926
0,G,0,20264403,1,history,9-16,214,1698,True,0.2956419316843345,0.3033145740143237,0.34681372549019607,-0.007672642329989168,0.0,0.2564304447629731,0.32843311439489825,0.3369652855873356,0.35586440109797535
0,G,0,20264403,1,history,17-31,182,1486,True,0.31763122476446837,0.3174175280315998,0.3035130718954248,0.00021369673286859752,0.0,0.2777150384890431,0.3589555684255085,0.28455147637659345,0.3238452529338445
0,G,0,20264403,1,run,1,214,3439,True,0.1642919453329456,0.16331884270254515,0.7024101307189542,0.0009731026304004676,0.0,0.1515750739191755,0.1791134728144989,0.6807939282497882,0.7245937784850742
0,G,0,20264403,1,run,2-3,206,834,True,0.6115107913669064,0.6351003707193374,0.17034313725490197,-0.023589579352430945,0.0,0.576081437327931,0.646012632963771,0.1606267964342455,0.18161517790807394
0,G,0,20264403,1,run,4-7,155,495,True,0.7212121212121212,0.7129520550380697,0.10110294117647059,0.00826006617405142,0.0,0.6770527951088727,0.7671567823257593,0.09007210034177338,0.11354766725993622
0,G,0,20264403,1,run,8+,45,128,False,0.671875,0.6870446753903019,0.026143790849673203,-0.015169675390301913,0.0,0.5822623353138724,0.7368825910931174,0.01806738322391882,0.035070268001404406
0,U,1,20264401,0,all,all,1834,41976,True,0.32127882599580715,0.31759497262061653,1.0,0.0036838533751905847,0.0,0.31467654473583834,0.3284642951943395,1.0,1.0
0,U,1,20264401,0,history,1-4,1834,7336,True,0.31215921483097053,0.31410521806571123,0.1747665332570993,-0.0019460032347406926,0.0,0.29879362050163577,0.3285271264994547,0.1729468762919115,0.17635060501318786
0,U,1,20264401,0,history,5-8,1834,7336,True,0.3202017448200654,0.31653431265412957,0.1747665332570993,0.003667432165935814,0.0,0.30520038167938934,0.33588127044711014,0.1729468762919115,0.17635060501318786
0,U,1,20264401,0,history,9-16,1834,14569,True,0.32576017571556043,0.3197074118971796,0.34707928340003813,0.006052763818380896,0.0,0.3125253164516674,0.3384925621796127,0.3435342707742149,0.35025764326942116
0,U,1,20264401,0,history,17-31,1605,12735,True,0.3220259128386337,0.31779958299428646,0.3033876500857633,0.004226329844347179,0.0,0.3082105126654265,0.3363838829807226,0.29706156267421646,0.31077393352692356
0,U,1,20264401,0,run,1,1834,29093,True,0.16894098236689237,0.16293877911515406,0.6930865256336954,0.006002203251738319,0.0,0.1642738072632686,0.1733425989732815,0.6859301912469185,0.6995735941475099
0,U,1,20264401,0,run,2-3,1800,7306,True,0.6278401313988503,0.6349766006911256,0.17405183914617878,-0.007136469292275356,0.0,0.6165889487907257,0.6389828222504005,0.17034457869759428,0.17721695293985995
0,U,1,20264401,0,run,4-7,1380,4582,True,0.7228284591881274,0.7129013175762805,0.10915761387459501,0.009927141611846891,0.0,0.7098881713655694,0.734975393300848,0.10520317205583954,0.11296451603067986
0,U,1,20264401,0,run,8+,362,995,True,0.6753768844221105,0.6887796865748156,0.02370402134553078,-0.013402802152705142,0.0,0.6463272169403359,0.7026475050765475,0.020791278576154655,0.026709884715044877
0,U,1,20264401,1,all,all,214,4896,True,0.3043300653594771,0.3073162744978537,1.0,-0.0029862091383766097,0.0,0.28596970539737754,0.3263539394295141,1.0,1.0
0,U,1,20264401,1,history,1-4,214,856,True,0.3235981308411215,0.31694437958872096,0.17483660130718953,0.006653751252400562,0.0,0.27920560747663553,0.3703563084112149,0.1705502043836687,0.18044035112300613
0,U,1,20264401,1,history,5-8,214,856,True,0.32710280373831774,0.31870845888251903,0.17483660130718953,0.008394344855798716,0.0,0.28501752336448594,0.3691880841121495,0.1705502043836687,0.18044035112300613
0,U,1,20264401,1,history,9-16,214,1698,True,0.3115429917550059,0.3154130757252562,0.34681372549019607,-0.003870083970250265,0.0,0.27647927036449904,0.3502577957375744,0.33870270597029617,0.3569014025947071
0,U,1,20264401,1,history,17-31,182,1486,True,0.2718707940780619,0.28595575210540075,0.3035130718954248,-0.014084958027338834,0.0,0.24068979711849456,0.3073731495109623,0.2816686594135785,0.32020501044447747
0,U,1,20264401,1,run,1,214,3479,True,0.17073871802242024,0.1630738473255081,0.7105800653594772,0.00766487069691214,0.0,0.15807410394317145,0.1834368384016347,0.6900692855326722,0.7279599310317093
0,U,1,20264401,1,run,2-3,210,864,True,0.5949074074074074,0.6307670102053885,0.17647058823529413,-0.035859602797981206,0.0,0.5646906166581321,0.6244296042617961,0.16704541240936058,0.1867905649994965
0,U,1,20264401,1,run,4-7,148,454,True,0.6938325991189427,0.7143085155314223,0.09272875816993464,-0.02047591641247947,0.0,0.6441060036454773,0.733668194925433,0.08145811777073285,0.10499405581024192
0,U,1,20264401,1,run,8+,36,99,False,0.6767676767676768,0.6869474972457351,0.02022058823529412,-0.01017982047805827,0.0,0.5788070175438597,0.7607226107226106,0.012923899896226351,0.028850931803769457
0,U,1,20264402,0,all,all,1834,41976,True,0.3179912330855727,0.31578032584376,1.0,0.002210907241812714,0.0,0.3116229249404701,0.3252530094881268,1.0,1.0
0,U,1,20264402,0,history,1-4,1834,7336,True,0.319247546346783,0.3177372270540401,0.1747665332570993,0.0015103192927429239,0.0,0.30559910032715376,0.3372478189749182,0.17290865904690078,0.1765210838959496
0,U,1,20264402,0,history,5-8,1834,7336,True,0.3234732824427481,0.317356384339166,0.1747665332570993,0.006116898103582094,0.0,0.3075109051254089,0.33956175027262814,0.17290865904690078,0.1765210838959496
0,U,1,20264402,0,history,9-16,1834,14569,True,0.3220536756126021,0.31987573685299064,0.34707928340003813,0.0021779387596114297,0.0,0.31006136956109803,0.3342285741441425,0.34346477913232515,0.3503453271095346
0,U,1,20264402,0,history,17-31,1605,12735,True,0.3094621122889674,0.30905996185519347,0.3033876500857633,0.0004021504337739489,0.0,0.2980661309644995,0.32203830368766767,0.29663016273762594,0.3105465487247927
0,U,1,20264402,0,run,1,1834,29205,True,0.16860126690635166,0.16268689266570044,0.6957547169811321,0.005914374240651204,0.0,0.164599620596121,0.1733173623116644,0.6887114337306238,0.7021144565677574
0,U,1,20264402,0,run,2-3,1799,7307,True,0.6239222663199672,0.634002288121399,0.17407566228320945,-0.010080021801431858,0.0,0.6118441217941749,0.6350812324344116,0.1706737073171871,0.17777150575334416
0,U,1,20264402,0,run,4-7,1365,4471,True,0.7179601878774323,0.7130235931457968,0.10651324566418906,0.00493659473163559,0.0,0.703561605003271,0.7325805851832725,0.10261132189869483,0.11039151750608463
0,U,1,20264402,0,run,8+,362,993,True,0.6596173212487412,0.6881581601792226,0.02365637507146941,-0.028540838930481396,0.0,0.6282926158616754,0.6875307468694096,0.020790013321503986,0.026749146873898174
0,U,1,20264402,1,all,all,214,4896,True,0.3312908496732026,0.323690771132962,1.0,0.00760007854024066,0.0,0.30862079761462596,0.3514893135378194,1.0,1.0
0,U,1,20264402,1,history,1-4,214,856,True,0.3574766355140187,0.33322348249790634,0.17483660130718953,0.02425315301611238,0.0,0.3107476635514019,0.40654205607476634,0.16984126984126985,0.1792322970393556
0,U,1,20264402,1,history,5-8,214,856,True,0.32242990654205606,0.3333927180021063,0.17483660130718953,-0.010962811460050258,0.0,0.2745035046728972,0.36682242990654207,0.16984126984126985,0.1792322970393556
0,U,1,20264402,1,history,9-16,214,1698,True,0.3392226148409894,0.32119164950851653,0.34681372549019607,0.018030965332472903,0.0,0.306211941169726,0.37589705882352936,0.33768008074862277,0.35532393534507384
0,U,1,20264402,1,history,17-31,182,1486,True,0.3122476446837147,0.3154664380710026,0.3035130718954248,-0.00321879338728795,0.0,0.2717016806722689,0.350013077716984,0.2870245004297153,0.32236323457174976
0,U,1,20264402,1,run,1,214,3337,True,0.16721606233143543,0.16219521548411486,0.6815767973856209,0.005020846847320553,0.0,0.15409390476414325,0.17961280118138223,0.6622596651292557,0.70474328529519
0,U,1,20264402,1,run,2-3,212,830,True,0.636144578313253,0.6357442712238748,0.16952614379084968,0.00040030708937825716,0.0,0.6022150934901213,0.6687572286476868,0.15926914976932907,0.17992121022914137
0,U,1,20264402,1,run,4-7,160,589,True,0.7623089983022071,0.7127198355704605,0.12030228758169935,0.049589162731746655,0.0,0.7300231036648693,0.7907867577008574,0.10748054337059573,0.13092116001480136
0,U,1,20264402,1,run,8+,59,140,False,0.6214285714285714,0.6863203794976652,0.028594771241830064,-0.06489180806909382,0.0,0.5199901960784314,0.6987198795180722,0.020618091286156173,0.03673065163455798
0,U,1,20264403,0,all,all,1834,41976,True,0.31356012959786544,0.3140011250753409,1.0,-0.000440995477475393,0.0,0.30608647616476276,0.3202210384492211,1.0,1.0
0,U,1,20264403,0,history,1-4,1834,7336,True,0.3080697928026172,0.31281335906860447,0.1747665332570993,-0.0047435662659872455,0.0,0.2926594874591058,0.3244308887677208,0.1730227446227654,0.17646927934943732
0,U,1,20264403,0,history,5-8,1834,7336,True,0.3218375136314068,0.3164431145530236,0.1747665332570993,0.005394399078383156,0.0,0.3065567066521265,0.3346612595419847,0.1730227446227654,0.17646927934943732
0,U,1,20264403,0,history,9-16,1834,14569,True,0.3108655364129316,0.3125284017636646,0.34707928340003813,-0.001662865350733062,0.0,0.29852697051451965,0.3226762039688414,0.3437796192909675,0.35026013412271656
0,U,1,20264403,0,history,17-31,1605,12735,True,0.31503729878288184,0.31496344329638115,0.3033876500857633,7.385548650070547e-05,0.0,0.3033548407983266,0.3295156282705578,0.2967209554633322,0.31010473308016123
0,U,1,20264403,0,run,1,1834,29371,True,0.16686527527152634,0.1628190465099159,0.6997093577282256,0.004046228761610425,0.0,0.16246351907361173,0.17112101371976524,0.6932701104746436,0.7066400499593681
0,U,1,20264403,0,run,2-3,1791,7178,True,0.6136806910002787,0.6342625482298656,0.1710024776062512,-0.020581857229587046,0.0,0.6026784059888831,0.6247809496769563,0.16765512343894806,0.1743626726759693
0,U,1,20264403,0,run,4-7,1351,4419,True,0.7175831636116768,0.7132470869939015,0.10527444253859349,0.0043360766177753095,0.0,0.7045156339433839,0.7299257497729583,0.10151884533172367,0.10896586546412007
0,U,1,20264403,0,run,8+,349,1008,True,0.6795634920634921,0.6882713913687899,0.024013722126929673,-0.008707899305297804,0.0,0.6496549662711762,0.7072466485402197,0.02107597272395011,0.02677208388837102
0,U,1,20264403,1,all,all,214,4896,True,0.306781045751634,0.3110170601867979,1.0,-0.004236014435163886,0.0,0.2854729913512043,0.3283462258434444,1.0,1.0
0,U,1,20264403,1,history,1-4,214,856,True,0.3235981308411215,0.3228573812597306,0.17483660130718953,0.0007407495813909183,0.0,0.2803738317757009,0.3727219626168224,0.1702779464055136,0.18093713351938345
0,U,1,20264403,1,history,5-8,214,856,True,0.3037383177570093,0.3057659462118826,0.17483660130718953,-0.002027628454873261,0.0,0.26635514018691586,0.34813084112149534,0.1702779464055136,0.18093713351938345
0,U,1,20264403,1,history,9-16,214,1698,True,0.303886925795053,0.3110320418133489,0.34681372549019607,-0.007145116018295962,0.0,0.26702941176470585,0.3417786187159506,0.33797725256533684,0.35845581331739945
0,U,1,20264403,1,history,17-31,182,1486,True,0.3021534320323015,0.3072042741317597,0.3035130718954248,-0.005050842099458243,0.0,0.2674137288214861,0.3401108258369453,0.28011733436150493,0.3210731712899785
0,U,1,20264403,1,run,1,214,3452,True,0.164252607184241,0.16199189575360304,0.7050653594771242,0.0022607114306379917,0.0,0.15242617995312188,0.17670383436034603,0.6838241220019544,0.7250847864195854
0,U,1,20264403,1,run,2-3,210,853,True,0.634232121922626,0.6375960381480119,0.17422385620915032,-0.003363916225385846,0.0,0.6026376723810253,0.6630904436635475,0.16423370946121424,0.18316267928676822
0,U,1,20264403,1,run,4-7,163,499,True,0.6733466933867736,0.7144057705533319,0.10191993464052287,-0.04105907716655824,0.0,0.6334692683676051,0.7145978082003931,0.09007538640836578,0.11439302013659512
0,U,1,20264403,1,run,8+,35,92,False,0.6304347826086957,0.6868000270299788,0.018790849673202614,-0.05636524442128314,0.0,0.5254310344827586,0.7073332613857112,0.013062397714576459,0.02649932426648003
0,G,1,20264401,0,all,all,1834,41976,True,0.32032590051457976,0.31705793355122364,1.0,0.0032679669633561294,0.0,0.31379523012674587,0.32758963705399485,1.0,1.0
0,G,1,20264401,0,history,1-4,1834,7336,True,0.3136586695747001,0.31468961484580693,0.1747665332570993,-0.0010309452711068923,0.0,0.298657306434024,0.32960741548527805,0.17321843689223407,0.1765499714539097
0,G,1,20264401,0,history,5-8,1834,7336,True,0.32265539803707743,0.3179483770589824,0.1747665332570993,0.004707020978095025,0.0,0.308056161395856,0.338876772082879,0.17321843689223407,0.1765499714539097
0,G,1,20264401,0,history,9-16,1834,14569,True,0.3209554533598737,0.316904246860272,0.34707928340003813,0.004051206499601683,0.0,0.30800781162587476,0.33454686511316245,0.3440550247191969,0.3504867268266133
0,G,1,20264401,0,history,17-31,1605,12735,True,0.3221044365920691,0.318085083441329,0.3033876500857633,0.004019353150740091,0.0,0.30918410038353206,0.33600402934556556,0.29640517589615356,0.3095768860841218
0,G,1,20264401,0,run,1,1834,29133,True,0.1687776748017712,0.16299331939193518,0.6940394511149228,0.0057843554098360225,0.0,0.16467563655760611,0.17337540498804038,0.6864877451860067,0.7004155538479335
0,G,1,20264401,0,run,2-3,1799,7311,True,0.6276843113117221,0.6348497492341522,0.1741709548313322,-0.0071654379224301915,0.0,0.6173431507315689,0.6393524896301624,0.17118710749686222,0.17797002585204733
0,G,1,20264401,0,run,4-7,1354,4533,True,0.7200529450694904,0.7128130906377136,0.10799028016009148,0.007239854431776775,0.0,0.7069973482076058,0.7327882816664958,0.1039378567214276,0.11202596727189151
0,G,1,20264401,0,run,8+,362,999,True,0.6766766766766766,0.6884596480373103,0.023799313893653515,-0.011782971360633604,0.0,0.645896482466616,0.7045167740785083,0.021355069919354073,0.02665175765589161
0,G,1,20264401,1,all,all,214,4896,True,0.30718954248366015,0.30938242935036847,1.0,-0.002192886866708337,0.0,0.28581893617441756,0.32853903845761917,1.0,1.0
0,G,1,20264401,1,history,1-4,214,856,True,0.3282710280373832,0.31849097585039965,0.17483660130718953,0.009780052186983534,0.0,0.286214953271028,0.3727219626168224,0.17044747588223758,0.17968094038623006
0,G,1,20264401,1,history,5-8,214,856,True,0.3189252336448598,0.31766496975719244,0.17483660130718953,0.001260263887667332,0.0,0.27333528037383176,0.36682242990654207,0.17044747588223758,0.17968094038623006
0,G,1,20264401,1,history,9-16,214,1698,True,0.30918727915194344,0.3137033286653097,0.34681372549019607,-0.004516049513366232,0.0,0.27652739474837223,0.34667203948850733,0.3384340730065461,0.35633380189452024
0,G,1,20264401,1,history,17-31,182,1486,True,0.2860026917900404,0.2944270744183104,0.3035130718954248,-0.008424382628270048,0.0,0.24738851862031055,0.32012899775484754,0.2843594719962561,0.32060310652219515
0,G,1,20264401,1,run,1,214,3460,True,0.16907514450867053,0.16298119165228833,0.7066993464052288,0.006093952856382168,0.0,0.1541829927906788,0.18284597359289803,0.6847293498872031,0.7279470818297181
0,G,1,20264401,1,run,2-3,208,861,True,0.5981416957026713,0.6308907906508433,0.17585784313725492,-0.032749094948171936,0.0,0.5681487226135498,0.6339038985516449,0.16335982843566238,0.18639825043802932
0,G,1,20264401,1,run,4-7,150,467,True,0.702355460385439,0.7141852140049209,0.09538398692810457,-0.011829753619481723,0.0,0.6572586218244044,0.7378698566805363,0.0844394911376625,0.10766984748457376
0,G,1,20264401,1,run,8+,37,108,False,0.7037037037037037,0.6861109749241882,0.022058823529411766,0.017592728779515582,0.0,0.6249594155844156,0.7692528735632184,0.014664786131463313,0.03041756252263677
0,G,1,20264402,0,all,all,1834,41976,True,0.3173956546598056,0.31529840398577813,1.0,0.0020972506740274924,0.0,0.3107457845702957,0.3234440462589694,1.0,1.0
0,G,1,20264402,0,history,1-4,1834,7336,True,0.31883860414394766,0.31749675342969086,0.1747665332570993,0.0013418507142567964,0.0,0.30438931297709926,0.33465444383860415,0.17306784939133718,0.17641909651634
0,G,1,20264402,0,history,5-8,1834,7336,True,0.3287895310796074,0.319467701966615,0.1747665332570993,0.00932182911299242,0.0,0.3113345147219193,0.34461559432933475,0.17306784939133718,0.17641909651634
0,G,1,20264402,0,history,9-16,1834,14569,True,0.3200631477795319,0.31886199266315474,0.34707928340003813,0.00120115511637717,0.0,0.3093276865320122,0.3318246017306895,0.3438430967208743,0.35033200093590283
0,G,1,20264402,0,history,17-31,1605,12735,True,0.3069493521790342,0.30755352884257725,0.3033876500857633,-0.0006041766635430843,0.0,0.2951277434329115,0.31849098480484184,0.29675924695393285,0.310059115607233
0,G,1,20264402,0,run,1,1834,29242,True,0.16992681759113604,0.1627390706793274,0.6966361730512673,0.007187746911808631,0.0,0.16626467281164323,0.1742805118565054,0.6904247319714008,0.7030220494980934
0,G,1,20264402,0,run,2-3,1800,7300,True,0.6187671232876713,0.6337238703488691,0.17390890032399467,-0.014956747061197899,0.0,0.6075256199287716,0.6306612251400949,0.17083060012551823,0.17715169801329078
0,G,1,20264402,0,run,4-7,1344,4428,True,0.7149954832881662,0.7131046482656114,0.10548885077186965,0.0018908350225548484,0.0,0.7026908860254736,0.7283799744934745,0.10168033476295252,0.10903266836058549
0,G,1,20264402,0,run,8+,363,1006,True,0.6669980119284294,0.6882090107706342,0.023966075852868307,-0.021210998842204964,0.0,0.6382996191950261,0.6929145243771093,0.020990533256838136,0.02666633834677347
0,G,1,20264402,1,all,all,214,4896,True,0.32741013071895425,0.3212227399821594,1.0,0.006187390736794865,0.0,0.30829800931808554,0.3481042330006262,1.0,1.0
0,G,1,20264402,1,history,1-4,214,856,True,0.352803738317757,0.3311577363629549,0.17483660130718953,0.02164600195480202,0.0,0.2931950934579439,0.398393691588785,0.16990869392616118,0.18003432038256778
0,G,1,20264402,1,history,5-8,214,856,True,0.3317757009345794,0.33608086506084006,0.17483660130718953,-0.0043051641262606,0.0,0.2920268691588785,0.3808703271028037,0.16990869392616118,0.18003432038256778
0,G,1,20264402,1,history,9-16,214,1698,True,0.3138987043580683,0.3100254224054534,0.34681372549019607,0.003873281952614914,0.0,0.27576862282921416,0.35414472952301485,0.3380279517458361,0.35647733598736703
0,G,1,20264402,1,history,17-31,182,1486,True,0.32570659488559894,0.31973561567255987,0.3035130718954248,0.005970979213039079,0.0,0.28853479956037864,0.35646406388642415,0.28361141951223057,0.32209583799380165
0,G,1,20264402,1,run,1,214,3360,True,0.16875,0.16260486097185953,0.6862745098039216,0.00614513902814045,0.0,0.15769395736172478,0.18243772437851385,0.6660935740913532,0.7052002358748078
0,G,1,20264402,1,run,2-3,211,850,True,0.6294117647058823,0.6369177003559974,0.1736111111111111,-0.007505935650115029,0.0,0.5990512869451413,0.6591576074175113,0.1635510943244062,0.18353121138079787
0,G,1,20264402,1,run,4-7,152,547,True,0.7586837294332724,0.7123079135219533,0.11172385620915033,0.04637581591131904,0.0,0.7263534372736365,0.7917540834325212,0.10036716037900804,0.12441795664278078
0,G,1,20264402,1,run,8+,57,139,False,0.6187050359712231,0.6859117128640143,0.028390522875816993,-0.0672066768927914,0.0,0.5226932789432789,0.6917553673339976,0.021349916619013184,0.03600497948409769
0,G,1,20264403,0,all,all,1834,41976,True,0.3137268915570802,0.31403068145012647,1.0,-0.00030378989304622595,0.0,0.3068461569033156,0.3197475375050493,1.0,1.0
0,G,1,20264403,0,history,1-4,1834,7336,True,0.3083424209378408,0.31295987383694646,0.1747665332570993,-0.004617452899105647,0.0,0.29021264994547435,0.3232142857142857,0.1731773416800353,0.17664849469854393
0,G,1,20264403,0,history,5-8,1834,7336,True,0.32006543075245364,0.31521839255554873,0.1747665332570993,0.004847038196904941,0.0,0.3049277535441658,0.3349270719738277,0.1731773416800353,0.17664849469854393
0,G,1,20264403,0,history,9-16,1834,14569,True,0.31004186972338527,0.31249112491733094,0.34707928340003813,-0.0024492551939456586,0.0,0.29823082161512254,0.3230682505151523,0.3439529260025194,0.350530830675692
0,G,1,20264403,0,history,17-31,1605,12735,True,0.3173930113859442,0.31572461117978556,0.3033876500857633,0.00166840020615864,0.0,0.30581377178041874,0.3285555695195006,0.2961970616742181,0.3095613855177502
0,G,1,20264403,0,run,1,1834,29373,True,0.1663772852619753,0.16285500269825343,0.699757004002287,0.0035222825637218308,0.0,0.1624617313589892,0.1705322630529079,0.6938550611414235,0.7064237351427701
0,G,1,20264403,0,run,2-3,1789,7185,True,0.6154488517745302,0.6346266891596153,0.17116923956546598,-0.019177837385085054,0.0,0.6054705738195802,0.6254354403164294,0.16786355185706528,0.174390304412543
0,G,1,20264403,0,run,4-7,1335,4420,True,0.7201357466063348,0.7130333187934772,0.10529826567562417,0.007102427812857726,0.0,0.706023952883558,0.7326815698117217,0.1015612557378317,0.10893163721550135
0,G,1,20264403,0,run,8+,347,998,True,0.6783567134268537,0.6881882360878806,0.023775490756622834,-0.009831522661026854,0.0,0.6469280126026621,0.7035554296625017,0.020440470529968374,0.026777091393772625
0,G,1,20264403,1,all,all,214,4896,True,0.30923202614379086,0.3127677506882813,1.0,-0.003535724544490404,0.0,0.2879813925081433,0.3308454261089163,1.0,1.0
0,G,1,20264403,1,history,1-4,214,856,True,0.3189252336448598,0.3197450156632176,0.17483660130718953,-0.000819782018357839,0.0,0.2756133177570093,0.36813668224299056,0.16953852247969894,0.1802124240677515
0,G,1,20264403,1,history,5-8,214,856,True,0.30957943925233644,0.311397886891411,0.17483660130718953,-0.0018184476390745558,0.0,0.2675233644859813,0.35630841121495327,0.16953852247969894,0.1802124240677515
0,G,1,20264403,1,history,9-16,214,1698,True,0.3133097762073027,0.31699827221603005,0.34681372549019607,-0.003688496008727378,0.0,0.2777000049279821,0.3482244050291872,0.33710289494135937,0.3573565884251033
0,G,1,20264403,1,history,17-31,182,1486,True,0.29878869448183043,0.30470357776597834,0.3035130718954248,-0.005914883284147912,0.0,0.2641962227191568,0.3392548564230746,0.28192161820480405,0.32357175754108586
0,G,1,20264403,1,run,1,214,3440,True,0.1633720930232558,0.16180803808930147,0.7026143790849673,0.0015640549339543557,0.0,0.15224310316961331,0.1760095343986163,0.6826791341936692,0.7242087565585368
0,G,1,20264403,1,run,2-3,209,842,True,0.6294536817102138,0.6403569810986393,0.17197712418300654,-0.010903299388425417,0.0,0.5997692521994727,0.6563269743455269,0.16291940209060268,0.18091083576731562
0,G,1,20264403,1,run,4-7,168,504,True,0.6944444444444444,0.7142411169643225,0.10294117647058823,-0.019796672519878055,0.0,0.6489880009209226,0.7317264422644226,0.09239422997651453,0.11347348612517741
0,G,1,20264403,1,run,8+,39,110,False,0.6545454545454545,0.6866650482505022,0.02246732026143791,-0.0321195937050478,0.0,0.5599705882352942,0.7234374999999997,0.01502866429387869,0.030731893010933042
0,U,2,20264401,0,all,all,1834,41976,True,0.3201114922813036,0.3170245977096221,1.0,0.0030868945716815382,0.0,0.31277151874533016,0.3272939709171108,1.0,1.0
0,U,2,20264401,0,history,1-4,1834,7336,True,0.30193565976008724,0.30739308618290406,0.1747665332570993,-0.0054574264228168115,0.0,0.28814749182115595,0.31775149945474374,0.17315710782277827,0.1764114606484419
0,U,2,20264401,0,history,5-8,1834,7336,True,0.3271537622682661,0.32167301570947865,0.1747665332570993,0.005480746558787381,0.0,0.3128373773173392,0.3424379770992366,0.17315710782277827,0.1764114606484419
0,U,2,20264401,0,history,9-16,1834,14569,True,0.3278879813302217,0.3202618105760374,0.34707928340003813,0.007626170754184298,0.0,0.3155899705180393,0.34037057497254447,0.34404430243885786,0.35026176970607037
0,U,2,20264401,0,history,17-31,1605,12735,True,0.3176285826462505,0.316191697816591,0.3033876500857633,0.0014368848296594519,0.0,0.30295209323394,0.3299117889872291,0.2969049492836367,0.3096880848790068
0,U,2,20264401,0,run,1,1834,29127,True,0.16785113468603013,0.163224036278236,0.6938965122927387,0.0046270984077941245,0.0,0.16362681763070366,0.17203193028712127,0.686697310647487,0.7014243334236451
0,U,2,20264401,0,run,2-3,1792,7244,True,0.6225842076200994,0.6328868995805771,0.17257480465027636,-0.010302691960477775,0.0,0.6110616910699087,0.6342501222969739,0.169494991210878,0.176010500752123
0,U,2,20264401,0,run,4-7,1365,4506,True,0.7290279627163782,0.7129446066821684,0.107347055460263,0.016083356034209698,0.0,0.716556613402804,0.7420583186698074,0.10316952651657263,0.1114017658177477
0,U,2,20264401,0,run,8+,386,1099,True,0.6851683348498635,0.6879316747146162,0.026181627596721935,-0.002763339864752649,0.0,0.6583100096813906,0.7083386752136752,0.023473740848998746,0.02938117219163601
0,U,2,20264401,1,all,all,214,4896,True,0.31433823529411764,0.31268661798100794,1.0,0.0016516173131097135,0.0,0.29339849493132103,0.3361575738821059,1.0,1.0
0,U,2,20264401,1,history,1-4,214,856,True,0.3469626168224299,0.32158400009957566,0.17483660130718953,0.02537861672285416,0.0,0.30721378504672897,0.3901869158878505,0.16993989714210084,0.1797941608905692
0,U,2,20264401,1,history,5-8,214,856,True,0.3399532710280374,0.3336075137177719,0.17483660130718953,0.0063457573102654735,0.0,0.2955607476635514,0.3867114485981308,0.16993989714210084,0.1797941608905692
0,U,2,20264401,1,history,9-16,214,1698,True,0.3032979976442874,0.30856966684209913,0.34681372549019607,-0.005271669197811736,0.0,0.2632813901485601,0.34393910684204715,0.3381007718939781,0.35615595878459
0,U,2,20264401,1,history,17-31,182,1486,True,0.2934051144010767,0.30021430115039094,0.3035130718954248,-0.006809186749314215,0.0,0.2578681881828099,0.32699346250312433,0.2843925418278024,0.32216638029782363
0,U,2,20264401,1,run,1,214,3431,True,0.17137860682016906,0.16335822219883042,0.7007761437908496,0.008020384621338625,0.0,0.15930892456270823,0.18412613618171791,0.6802002336708579,0.7209419703978028
0,U,2,20264401,1,run,2-3,209,846,True,0.5862884160756501,0.6290799439583746,0.17279411764705882,-0.04279152788272452,0.0,0.5520397316821466,0.6171728217216692,0.16344387590788834,0.18217285399331484
0,U,2,20264401,1,run,4-7,152,495,True,0.7454545454545455,0.7130061641475625,0.10110294117647059,0.03244838130698302,0.0,0.7076431361405787,0.7786918598972474,0.0892679780004976,0.11268088442341868
0,U,2,20264401,1,run,8+,44,124,False,0.6935483870967742,0.6878382050725752,0.025326797385620915,0.0057101820241990215,0.0,0.6063610189342182,0.7631578947368421,0.01653870208019444,0.03318338028423348
0,U,2,20264402,0,all,all,1834,41976,True,0.31861063464837047,0.315970720222131,1.0,0.0026399144262394514,0.0,0.31166427249848794,0.3260890162841032,1.0,1.0
0,U,2,20264402,0,history,1-4,1834,7336,True,0.3052071973827699,0.30990425519511866,0.1747665332570993,-0.004697057812348747,0.0,0.28911191384950924,0.3200756543075245,0.17314515365030828,0.17658843234877108
0,U,2,20264402,0,history,5-8,1834,7336,True,0.33655943293347873,0.32464967112907667,0.1747665332570993,0.011909761804402052,0.0,0.3203312431842966,0.3530704743729553,0.17314515365030828,0.17658843234877108
0,U,2,20264402,0,history,9-16,1834,14569,True,0.32294598119294393,0.32057920878584956,0.34707928340003813,0.0023667724070943366,0.0,0.3108442319032118,0.3343233665458353,0.3438675309049517,0.3504490079779628
0,U,2,20264402,0,history,17-31,1605,12735,True,0.3110325873576757,0.3091936282472582,0.3033876500857633,0.0018389591104174927,0.0,0.297674403578106,0.3231883764813558,0.2963879241680949,0.30973381394289656
0,U,2,20264402,0,run,1,1834,29194,True,0.16647256285538126,0.16297412926452368,0.6954926624737946,0.0034984335908575565,0.0,0.16230252524060715,0.170811213464072,0.6879154910904868,0.7021630696662481
0,U,2,20264402,0,run,2-3,1797,7169,True,0.6219835402427116,0.6319126396082326,0.17078806937297503,-0.009929099365520885,0.0,0.6103728702058329,0.6354135300586118,0.16742702495208173,0.1739650052366342
0,U,2,20264402,0,run,4-7,1347,4464,True,0.7331989247311828,0.7131644368482909,0.10634648370497427,0.02003448788289183,0.0,0.7208211919420107,0.746483668663148,0.10256035673309748,0.11028710980478568
0,U,2,20264402,0,run,8+,390,1149,True,0.68059181897302,0.6889229441718695,0.027372784448256145,-0.00833112519884959,0.0,0.6551607047333549,0.7042898886525438,0.024792536017313124,0.031150078820578533
0,U,2,20264402,1,all,all,214,4896,True,0.33169934640522875,0.3233044251193722,1.0,0.008394921285856574,0.0,0.3116613751890542,0.3507783708455863,1.0,1.0
0,U,2,20264402,1,history,1-4,214,856,True,0.34345794392523366,0.32651388004504694,0.17483660130718953,0.01694406388018667,0.0,0.3048481308411215,0.3902161214953271,0.17007664393153774,0.17968282699837188
0,U,2,20264402,1,history,5-8,214,856,True,0.3352803738317757,0.3310458892630974,0.17483660130718953,0.0042344845686782965,0.0,0.2850467289719626,0.38437499999999997,0.17007664393153774,0.17968282699837188
0,U,2,20264402,1,history,9-16,214,1698,True,0.3209658421672556,0.3172536743270089,0.34681372549019607,0.003712167840246676,0.0,0.28594485833296723,0.3553026097763049,0.3375655004733279,0.35615678827516395
0,U,2,20264402,1,history,17-31,182,1486,True,0.3351278600269179,0.32391020447470625,0.3035130718954248,0.011217655552211655,0.0,0.2951227966719149,0.37333788733613454,0.28409192166090785,0.3221976364111423
0,U,2,20264402,1,run,1,214,3343,True,0.1693090038887227,0.1629414173686366,0.6828022875816994,0.006367586520086097,0.0,0.15770646332325214,0.1816597676920975,0.6638941007332421,0.7023674926405876
0,U,2,20264402,1,run,2-3,212,838,True,0.6229116945107399,0.6367683909981215,0.17116013071895425,-0.01385669648738167,0.0,0.5871902847207129,0.6589429132352567,0.16142134654221538,0.18054494911333746
0,U,2,20264402,1,run,4-7,155,555,True,0.7675675675675676,0.711449754397263,0.1133578431372549,0.0561178131703046,0.0,0.7376339401033918,0.7992704000209297,0.10222944475944466,0.12391388694675394
0,U,2,20264402,1,run,8+,59,160,False,0.6875,0.6857423860886703,0.032679738562091505,0.0017576139113296904,0.0,0.6091757895211065,0.745874328313025,0.025817872943927594,0.04229216121156108
0,U,2,20264403,0,all,all,1834,41976,True,0.31398894606441774,0.31404117746521226,1.0,-5.223140079453106e-05,0.0,0.30654162473363455,0.3212885393481037,1.0,1.0
0,U,2,20264403,0,history,1-4,1834,7336,True,0.29880043620501634,0.30652218403259723,0.1747665332570993,-0.007721747827580825,0.0,0.28134882769901853,0.3142107415485278,0.17295085181498843,0.1764238698292695
0,U,2,20264403,0,history,5-8,1834,7336,True,0.32729007633587787,0.32059938375031255,0.1747665332570993,0.0066906925855653296,0.0,0.31201267720828785,0.3418824972737186,0.17295085181498843,0.1764238698292695
0,U,2,20264403,0,history,9-16,1834,14569,True,0.3090122863614524,0.3126290464883991,0.34707928340003813,-0.003616760126946669,0.0,0.2962531957096264,0.320531868147615,0.34350170115322665,0.35014911913771085
0,U,2,20264403,0,history,17-31,1605,12735,True,0.32076953278366704,0.3162101347259395,0.3033876500857633,0.00455939805772756,0.0,0.3093766122180928,0.334765277583034,0.2970677294056936,0.31059659521679656
0,U,2,20264403,0,run,1,1834,29367,True,0.16504920488984234,0.163191626562472,0.6996140651801029,0.0018575783273703278,0.0,0.16064437229053344,0.16991279217568192,0.6925445072554988,0.7067440314065384
0,U,2,20264403,0,run,2-3,1785,7153,True,0.6190409618341954,0.6326729777131356,0.17040689918048407,-0.01363201587894018,0.0,0.6068079315158722,0.6305046343247748,0.16688130272039708,0.1738932919209884
0,U,2,20264403,0,run,4-7,1332,4427,True,0.7230630223627739,0.7130068543920919,0.10546502763483896,0.010056167970681977,0.0,0.7096471646604212,0.7350648081113391,0.10144601642667225,0.10929919022789737
0,U,2,20264403,0,run,8+,364,1029,True,0.6841593780369291,0.687806427642163,0.024514008004574043,-0.003647049605233918,0.0,0.6545261354035803,0.7112280066692993,0.02180660040669317,0.02739352204879967
0,U,2,20264403,1,all,all,214,4896,True,0.31147875816993464,0.3129038897867426,1.0,-0.0014251316168079624,0.0,0.2898514284922237,0.3340262229388289,1.0,1.0
0,U,2,20264403,1,history,1-4,214,856,True,0.3235981308411215,0.3230871977504074,0.17483660130718953,0.0005109330907141107,0.0,0.2827102803738318,0.3622371495327102,0.17000571397046074,0.18013657628920787
0,U,2,20264403,1,history,5-8,214,856,True,0.3037383177570093,0.3078765978411137,0.17483660130718953,-0.0041382800841043565,0.0,0.2558411214953271,0.35046728971962615,0.17000571397046074,0.18013657628920787
0,U,2,20264403,1,history,9-16,214,1698,True,0.31919905771495877,0.31650243860799665,0.34681372549019607,0.002696619106962128,0.0,0.28048438524977487,0.35897597172047035,0.3380386627845615,0.35663308745348216
0,U,2,20264403,1,history,17-31,182,1486,True,0.3001345895020188,0.3058218671690252,0.3035130718954248,-0.005687277667006351,0.0,0.2590458160642463,0.3384154232123325,0.28303643673577883,0.32183658686005695
0,U,2,20264403,1,run,1,214,3430,True,0.16822157434402332,0.1625471133960307,0.7005718954248366,0.005674460947992627,0.0,0.15477833102373534,0.18287280909403514,0.6791823575022524,0.7222568578553615
0,U,2,20264403,1,run,2-3,206,856,True,0.6156542056074766,0.6330627055132226,0.17483660130718953,-0.01740849990574599,0.0,0.5825079799428619,0.6470081430407275,0.16476481791243006,0.18619203474515933
0,U,2,20264403,1,run,4-7,165,507,True,0.7061143984220908,0.7133929383826706,0.10355392156862746,-0.0072785399605799364,0.0,0.6659448037395146,0.7441710773764516,0.0912679207645109,0.1151637509419
0,U,2,20264403,1,run,8+,39,103,False,0.6116504854368932,0.6878538812444067,0.021037581699346407,-0.07620339580751365,0.0,0.48748355263157894,0.6972661781909981,0.013637911434997232,0.02878873888744436
0,G,2,20264401,0,all,all,1834,41976,True,0.32049266247379454,0.31718571394689515,1.0,0.003306948526899359,0.0,0.31408036109494825,0.3273599759209677,1.0,1.0
0,G,2,20264401,0,history,1-4,1834,7336,True,0.2989367502726281,0.30628550477197974,0.1747665332570993,-0.007348754499351587,0.0,0.28393538713195204,0.31598964013086145,0.17311655222660757,0.17641241607371427
0,G,2,20264401,0,history,5-8,1834,7336,True,0.32470010905125407,0.3204422736968024,0.1747665332570993,0.004257835354451699,0.0,0.31038372410032716,0.34051594874591057,0.17311655222660757,0.17641241607371427
0,G,2,20264401,0,history,9-16,1834,14569,True,0.3262406479511291,0.31847987915547205,0.34707928340003813,0.007760768795656999,0.0,0.3125539531964426,0.3382264962003529,0.343842573487816,0.3503725174333092
0,G,2,20264401,0,history,17-31,1605,12735,True,0.32391048292108365,0.3201082988906018,0.3033876500857633,0.003802184030481842,0.0,0.3110860999687454,0.33656845531988455,0.29680077393462123,0.3098346277181801
0,G,2,20264401,0,run,1,1834,29118,True,0.16907067793117658,0.16332788498670586,0.6936821040594625,0.005742792944470745,0.0,0.1646586625095562,0.17355606966159953,0.6867765098933928,0.7003131999476202
0,G,2,20264401,0,run,2-3,1784,7281,True,0.6185963466556792,0.6331129680176314,0.17345626072041168,-0.014516621361952252,0.0,0.6080196641951794,0.6307580215745963,0.17024533349238766,0.1765097802140885
0,G,2,20264401,0,run,4-7,1354,4481,True,0.730863646507476,0.7130377955359836,0.1067514770344959,0.017825850971492394,0.0,0.7181736901475078,0.7426360270528962,0.10278547342022748,0.11123587423534417
0,G,2,20264401,0,run,8+,389,1096,True,0.6852189781021898,0.6875805580828968,0.026110158185629884,-0.002361579980706914,0.0,0.6541585633210163,0.7125532410188634,0.02327541272668598,0.029172352231629523
0,G,2,20264401,1,all,all,214,4896,True,0.3196486928104575,0.31487575206990964,1.0,0.004772940740547911,0.0,0.2982774386004594,0.3368133478940532,1.0,1.0
0,G,2,20264401,1,history,1-4,214,856,True,0.34345794392523366,0.31975491191117317,0.17483660130718953,0.023703032014060463,0.0,0.3025116822429907,0.3855140186915888,0.16994073977590637,0.17983193277310924
0,G,2,20264401,1,history,5-8,214,856,True,0.34345794392523366,0.3360042924358041,0.17483660130718953,0.007453651489429563,0.0,0.2955607476635514,0.3925525700934579,0.16994073977590637,0.17983193277310924
0,G,2,20264401,1,history,9-16,214,1698,True,0.31625441696113077,0.31540864833440374,0.34681372549019607,0.0008457686267269947,0.0,0.28039138134592684,0.35114661256730556,0.3376925950223592,0.35641926583689876
0,G,2,20264401,1,history,17-31,182,1486,True,0.2960969044414536,0.2992852747923602,0.3035130718954248,-0.0031883703509066803,0.0,0.2619560759443022,0.33184438604753785,0.28363872669580115,0.32207642631358435
0,G,2,20264401,1,run,1,214,3405,True,0.1762114537444934,0.16259249744405255,0.6954656862745098,0.013618956300440832,0.0,0.1627746821970141,0.1898673141249264,0.6790218933258299,0.7158386671890637
0,G,2,20264401,1,run,2-3,210,880,True,0.5965909090909091,0.6304793186198664,0.17973856209150327,-0.03388840952895724,0.0,0.5611055227706246,0.6272616191237892,0.16992089098752655,0.18951627188660686
0,G,2,20264401,1,run,4-7,151,493,True,0.7241379310344828,0.7140620226234553,0.10069444444444445,0.010075908411027469,0.0,0.6844486506288925,0.7561838740639791,0.0883183965664022,0.11062804786858683
0,G,2,20264401,1,run,8+,40,118,False,0.7033898305084746,0.6877105999867171,0.024101307189542485,0.0156792305217574,0.0,0.621209858103062,0.7714466546112116,0.01696853698834541,0.032933789631789195
0,G,2,20264402,0,all,all,1834,41976,True,0.3182771107299409,0.31547896713928286,1.0,0.0027981435906579925,0.0,0.3104080533519436,0.32542688878949655,1.0,1.0
0,G,2,20264402,0,history,1-4,1834,7336,True,0.30616139585605234,0.3101210863135158,0.1747665332570993,-0.003959690457463498,0.0,0.2900729280261723,0.32142857142857145,0.1732352076567043,0.17662680368707642
0,G,2,20264402,0,history,5-8,1834,7336,True,0.33478735005452565,0.3231887997775905,0.1747665332570993,0.011598550276935127,0.0,0.31785373500545255,0.35156079607415486,0.1732352076567043,0.17662680368707642
0,G,2,20264402,0,history,9-16,1834,14569,True,0.32191639783101106,0.3201421026479353,0.34707928340003813,0.0017742951830757674,0.0,0.31053062938884046,0.3351059590840753,0.34420187748805675,0.35058836112377073
0,G,2,20264402,0,history,17-31,1605,12735,True,0.3115822536317236,0.30878943908884293,0.3033876500857633,0.0027928145428806547,0.0,0.29754955890020185,0.3235616066876513,0.2961978537935045,0.3093267970991252
0,G,2,20264402,0,run,1,1834,29226,True,0.16817217546020666,0.16298148299911744,0.6962550028587764,0.005190692461089218,0.0,0.1641709886040725,0.17242321403216088,0.6893079230586315,0.7041169069510486
0,G,2,20264402,0,run,2-3,1807,7218,True,0.6176226101413134,0.6316512824030779,0.17195540308747856,-0.014028672261764448,0.0,0.6062610098243166,0.627635325002532,0.16883973600368035,0.17495310607320144
0,G,2,20264402,0,run,4-7,1350,4426,True,0.7293267058291911,0.7135162010259709,0.10544120449780828,0.01581050480322013,0.0,0.7157268583313895,0.741005818045361,0.10099201926330399,0.10936738645481393
0,G,2,20264402,0,run,8+,375,1106,True,0.6862567811934901,0.6889390961844215,0.026348389555936727,-0.0026823149909314045,0.0,0.6608408595500338,0.7117554545621645,0.02321171287780578,0.029375525864764947
0,G,2,20264402,1,all,all,214,4896,True,0.3255718954248366,0.32050059398753755,1.0,0.005071301437299096,0.0,0.3071230642637063,0.3428434344352296,1.0,1.0
0,G,2,20264402,1,history,1-4,214,856,True,0.34579439252336447,0.3277358868994276,0.17483660130718953,0.018058505623936825,0.0,0.2943633177570093,0.39135514018691586,0.1705119922141551,0.1800588977702987
0,G,2,20264402,1,history,5-8,214,856,True,0.3212616822429907,0.3265694270660517,0.17483660130718953,-0.005307744823061051,0.0,0.276839953271028,0.3633177570093458,0.1705119922141551,0.1800588977702987
0,G,2,20264402,1,history,9-16,214,1698,True,0.3215547703180212,0.3184736173189417,0.34681372549019607,0.0030811529990794452,0.0,0.2825127210952541,0.3591288211627313,0.3387713688894073,0.3566639996703455
0,G,2,20264402,1,history,17-31,182,1486,True,0.32099596231493943,0.3151529994622949,0.3035130718954248,0.005842962852644554,0.0,0.28184996055963796,0.35924028405789304,0.2834559139630861,0.32016308250190006
0,G,2,20264402,1,run,1,214,3369,True,0.1668150786583556,0.1622476862704184,0.6881127450980392,0.004567392387937191,0.0,0.15625,0.17760626522351183,0.6710003265744702,0.7065612155515126
0,G,2,20264402,1,run,2-3,213,827,True,0.6142684401451027,0.6387671002611395,0.16891339869281047,-0.024498660116036818,0.0,0.5821048006385002,0.6491284704664211,0.16115131879650837,0.17716148192039138
0,G,2,20264402,1,run,4-7,156,546,True,0.7673992673992674,0.7118718583791086,0.11151960784313726,0.055527409020158784,0.0,0.7343353411207633,0.7993010752688172,0.10111408501256217,0.12203466546661215
0,G,2,20264402,1,run,8+,56,154,False,0.6818181818181818,0.6858183540713525,0.03145424836601307,-0.004000172253170641,0.0,0.5982843137254902,0.7362045846956393,0.021478396752737963,0.040985645943903214
0,G,2,20264403,0,all,all,1834,41976,True,0.31548980369735086,0.3149862396495094,1.0,0.0005035640478414809,0.0,0.30855806189527124,0.32296327501725375,1.0,1.0
0,G,2,20264403,0,history,1-4,1834,7336,True,0.3005725190839695,0.30676243145367393,0.1747665332570993,-0.006189912369704464,0.0,0.2849918211559433,0.3184398854961832,0.17305458107388721,0.17652947307367142
0,G,2,20264403,0,history,5-8,1834,7336,True,0.32988004362050166,0.32264268308298694,0.1747665332570993,0.007237360537514616,0.0,0.31337581788440566,0.3471953380588877,0.17305458107388721,0.17652947307367142
0,G,2,20264403,0,history,9-16,1834,14569,True,0.3123069531196376,0.3143990124565977,0.34707928340003813,-0.0020920593369600587,0.0,0.3011629144292671,0.32483704451460593,0.343822715836121,0.350610111949961
0,G,2,20264403,0,history,17-31,1605,12735,True,0.31943462897526503,0.3159848655521547,0.3033876500857633,0.0034497634231103096,0.0,0.3077439383436423,0.3327116076753494,0.29631483368347217,0.3100757952881364
0,G,2,20264403,0,run,1,1834,29302,True,0.16654153300116034,0.16329679380219692,0.6980655612731085,0.0032447391989634086,0.0,0.16208159998406502,0.17138296467148817,0.6904508632708779,0.704952136521904
0,G,2,20264403,0,run,2-3,1791,7202,True,0.616634268258817,0.6334080989834862,0.1715742328949876,-0.016773830724669272,0.0,0.6060823165088796,0.6280123558127313,0.1685245907985328,0.1755135509166921
0,G,2,20264403,0,run,4-7,1343,4442,True,0.7239981990094552,0.7129046589900725,0.10582237469029922,0.011093540019382696,0.0,0.7111618456100045,0.736323194781049,0.10195700088292214,0.10954065348627572
0,G,2,20264403,0,run,8+,363,1030,True,0.6854368932038835,0.6877787567212249,0.024537831141604727,-0.002341863517341435,0.0,0.6553748194168215,0.7125707116788321,0.021722003659668476,0.02750725346746777
0,G,2,20264403,1,all,all,214,4896,True,0.3145424836601307,0.3140244725444799,1.0,0.0005180111156507974,0.0,0.2912866930224086,0.3366486705502589,1.0,1.0
0,G,2,20264403,1,history,1-4,214,856,True,0.3247663551401869,0.3236722550421441,0.17483660130718953,0.0010941000980428778,0.0,0.2780373831775701,0.37619742990654204,0.1698075778615354,0.17990752416981926
0,G,2,20264403,1,history,5-8,214,856,True,0.30490654205607476,0.3093587901798933,0.17483660130718953,-0.004452248123818527,0.0,0.2616530373831775,0.35049649532710275,0.1698075778615354,0.17990752416981926
0,G,2,20264403,1,history,9-16,214,1698,True,0.31625441696113077,0.3125506217757142,0.34681372549019607,0.003703795185416552,0.0,0.2742193533902111,0.3505349978709991,0.33725035638171635,0.356496160152332
0,G,2,20264403,1,history,17-31,182,1486,True,0.3122476446837147,0.3128386857957921,0.3035130718954248,-0.0005910411120774235,0.0,0.2719405907511361,0.35021684358631067,0.28393162054791693,0.3228772102910227
0,G,2,20264403,1,run,1,214,3421,True,0.16807950891552179,0.16277040607277052,0.6987336601307189,0.0053091028427512555,0.0,0.15524735669169806,0.1810907048287859,0.6775333603402877,0.721875555992184
0,G,2,20264403,1,run,2-3,204,850,True,0.6164705882352941,0.6322944177600454,0.1736111111111111,-0.01582382952475121,0.0,0.5799648268398269,0.6500189173457509,0.16261149891641485,0.18388465920245578
0,G,2,20264403,1,run,4-7,164,513,True,0.7251461988304093,0.7137490234850297,0.10477941176470588,0.011397175345379599,0.0,0.6857113880034773,0.7584867166830938,0.092220090722466,0.11700550021479891
0,G,2,20264403,1,run,8+,42,112,False,0.6160714285714286,0.6877031630264906,0.02287581699346405,-0.07163173445506199,0.0,0.49985632183908046,0.6964316502463054,0.014819784781036975,0.03196734235172002
0,JOINT_BIN,-1,20264501,0,all,all,1834,41976,True,0.31672860682294646,0.31630793117366085,1.0,0.00042067564928557856,0.0,0.3097528141266209,0.32378061228213734,1.0,1.0
0,JOINT_BIN,-1,20264501,0,history,1-4,1834,7336,True,0.3169302071973828,0.31583177427319087,0.1747665332570993,0.0010984329241918956,0.0,0.30179934569247546,0.3330186750272628,0.17293688608913693,0.17628820375648407
0,JOINT_BIN,-1,20264501,0,history,5-8,1834,7336,True,0.313113413304253,0.31525802260804353,0.1747665332570993,-0.0021446093037904563,0.0,0.29713399672846236,0.32838740458015264,0.17293688608913693,0.17628820375648407
0,JOINT_BIN,-1,20264501,0,history,9-16,1834,14569,True,0.32177912004942,0.31897616069577117,0.34707928340003813,0.0028029593536488804,0.0,0.3090793600602566,0.33418533081493645,0.3436179095922416,0.34994243075713327
0,JOINT_BIN,-1,20264501,0,history,17-31,1605,12735,True,0.31291715744012566,0.3141345334784581,0.3033876500857633,-0.0012173760383324705,0.0,0.2999351640847394,0.32617418551695054,0.2974635480062032,0.31047291751230854
0,JOINT_BIN,-1,20264501,0,run,1,1834,29268,True,0.16499248325816593,0.1625517864582174,0.6972555746140652,0.002440696799948496,0.0,0.1611879317208802,0.16941427119921407,0.6906075244840766,0.7041507620723328
0,JOINT_BIN,-1,20264501,0,run,2-3,1794,7190,True,0.6347705146036161,0.6412113187419727,0.1712883552506194,-0.006440804138356512,0.0,0.6230194318830417,0.6470174624033486,0.16831492336236878,0.1744636110200159
0,JOINT_BIN,-1,20264501,0,run,4-7,1373,4498,True,0.7100933748332592,0.7129882438712218,0.10715647036401753,-0.0028948690379626595,0.0,0.6974569118903318,0.722288082378206,0.10325618809556884,0.11080445333923773
0,JOINT_BIN,-1,20264501,0,run,8+,352,1020,True,0.6941176470588235,0.688672088430335,0.024299599771297885,0.005445558628488491,0.0,0.665660248253741,0.7186544255260875,0.021295430392015584,0.02726649185474103
0,JOINT_BIN,-1,20264501,1,all,all,214,4896,True,0.32883986928104575,0.3212496725838939,1.0,0.007590196697151799,0.0,0.3114059135279969,0.35128423806604797,1.0,1.0
0,JOINT_BIN,-1,20264501,1,history,1-4,214,856,True,0.3060747663551402,0.30242271858010566,0.17483660130718953,0.0036520477750344735,0.0,0.2628504672897196,0.35397196261682246,0.17011044277877296,0.18013752496538346
0,JOINT_BIN,-1,20264501,1,history,5-8,214,856,True,0.37149532710280375,0.3473897873892526,0.17483660130718953,0.024105539713551116,0.0,0.3247663551401869,0.4182535046728972,0.17011044277877296,0.18013752496538346
0,JOINT_BIN,-1,20264501,1,history,9-16,214,1698,True,0.3286219081272085,0.32437146426738056,0.34681372549019607,0.004250443859827948,0.0,0.28954843679673165,0.36523781561949503,0.33808685745404327,0.35692213445786564
0,JOINT_BIN,-1,20264501,1,history,17-31,182,1486,True,0.31763122476446837,0.313469815299436,0.3035130718954248,0.004161409465032359,0.0,0.2829861498755525,0.35657171931867154,0.28258512195442875,0.3216854357823633
0,JOINT_BIN,-1,20264501,1,run,1,214,3355,True,0.16810730253353204,0.1615685434560699,0.6852532679738562,0.00653875907746217,0.0,0.15575729022407958,0.18232772105039194,0.6630605618947483,0.7024791512761227
0,JOINT_BIN,-1,20264501,1,run,2-3,207,842,True,0.6448931116389549,0.636278529772908,0.17197712418300654,0.008614581866046814,0.0,0.6136556836485997,0.675737836702377,0.16204050711193568,0.18273345568843827
0,JOINT_BIN,-1,20264501,1,run,4-7,166,578,True,0.7352941176470589,0.7126068946480244,0.11805555555555555,0.022687222999034428,0.0,0.7025180498254523,0.7682815624273425,0.10804069825899701,0.1279825704635979
0,JOINT_BIN,-1,20264501,1,run,8+,49,121,False,0.6446280991735537,0.6871291446304436,0.0247140522875817,-0.04250104545688997,0.0,0.5493402225755167,0.7206392228424215,0.017446256822033296,0.03266346017478169
0,JOINT_BIN,-1,20264502,0,all,all,1834,41976,True,0.31520392605298264,0.31573300176675084,1.0,-0.0005290757137681709,0.0,0.3074401004455821,0.32191869421221414,1.0,1.0
0,JOINT_BIN,-1,20264502,0,history,1-4,1834,7336,True,0.3137949836423119,0.31476855594047265,0.1747665332570993,-0.0009735722981607547,0.0,0.2979757360959651,0.328530534351145,0.17317703520619623,0.17653913833449608
0,JOINT_BIN,-1,20264502,0,history,5-8,1834,7336,True,0.3095692475463468,0.3134281941855591,0.1747665332570993,-0.003858946639212338,0.0,0.2947007906215921,0.326342693565976,0.17317703520619623,0.17653913833449608
0,JOINT_BIN,-1,20264502,0,history,9-16,1834,14569,True,0.3115519253208868,0.31394977009632785,0.34707928340003813,-0.0023978447754409798,0.0,0.299016034280194,0.32347404059168433,0.3440341754583375,0.3503412175411792
0,JOINT_BIN,-1,20264502,0,history,17-31,1605,12735,True,0.3234393404004711,0.31965629546157553,0.3033876500857633,0.0037830449388956333,0.0,0.3086913268800106,0.33654121850754315,0.29660955726866906,0.30968781874071755
0,JOINT_BIN,-1,20264502,0,run,1,1834,29334,True,0.16479170927933456,0.1626986646790934,0.6988279016580904,0.0020930446002411424,0.0,0.1606867422121011,0.16883924638336523,0.692654918008068,0.7062335194151155
0,JOINT_BIN,-1,20264502,0,run,2-3,1798,7156,True,0.6295416433761878,0.6419822009869646,0.17047836859157614,-0.012440557610776778,0.0,0.6196029286211825,0.6403646474484962,0.16759178336292022,0.1738874732697617
0,JOINT_BIN,-1,20264502,0,run,4-7,1379,4439,True,0.7150259067357513,0.7130355039102857,0.10575090527920716,0.0019904028254656126,0.0,0.7022748280142314,0.7268193434659285,0.10195182858517775,0.10956817439190392
0,JOINT_BIN,-1,20264502,0,run,8+,361,1047,True,0.6857688634192932,0.6890321111214228,0.02494282447112636,-0.003263247702129575,0.0,0.6527741857969913,0.7118914745569409,0.021770495547018803,0.028025486615288413
0,JOINT_BIN,-1,20264502,1,all,all,214,4896,True,0.3180147058823529,0.31740744686270456,1.0,0.0006072590196483916,0.0,0.2983012532264736,0.33609336621048036,1.0,1.0
0,JOINT_BIN,-1,20264502,1,history,1-4,214,856,True,0.3142523364485981,0.31645915470734776,0.17483660130718953,-0.0022068182587496304,0.0,0.2651577102803738,0.3633177570093458,0.17030928836188544,0.17990846965817414
0,JOINT_BIN,-1,20264502,1,history,5-8,214,856,True,0.3002336448598131,0.30592005731083804,0.17483660130718953,-0.005686412451024962,0.0,0.2593165887850467,0.34474299065420555,0.17030928836188544,0.17990846965817414
0,JOINT_BIN,-1,20264502,1,history,9-16,214,1698,True,0.34275618374558303,0.3323488556839273,0.34681372549019607,0.010407328061655697,0.0,0.3068168433451119,0.3764705882352941,0.3381702307901947,0.3563387258780067
0,JOINT_BIN,-1,20264502,1,history,17-31,182,1486,True,0.3021534320323015,0.30749791211367816,0.3035130718954248,-0.005344480081376709,0.0,0.26297186591493826,0.34551190658820735,0.2840622371740959,0.3211304871267185
0,JOINT_BIN,-1,20264502,1,run,1,214,3407,True,0.15967126504255943,0.1616308016790709,0.6958741830065359,-0.0019595366365114456,0.0,0.14846822373613158,0.1723849771089707,0.6779965267219602,0.7152922462825739
0,JOINT_BIN,-1,20264502,1,run,2-3,208,807,True,0.6468401486988847,0.6452069121387777,0.16482843137254902,0.0016332365601070009,0.0,0.611676112766893,0.6802620173364854,0.1545807248994155,0.1740677297832827
0,JOINT_BIN,-1,20264502,1,run,4-7,163,559,True,0.7316636851520573,0.71212903893617,0.11417483660130719,0.019534646215887273,0.0,0.6947901105979415,0.7692449355432781,0.10259512076878044,0.12551564732505013
0,JOINT_BIN,-1,20264502,1,run,8+,45,123,False,0.6666666666666666,0.6877122573812545,0.025122549019607844,-0.02104559071458783,0.0,0.5809285714285715,0.7338242692559239,0.01666898470361738,0.03387765296481727
0,JOINT_BIN,-1,20264503,0,all,all,1834,41976,True,0.31027253668763105,0.31305151732727243,1.0,-0.0027789806396414296,0.0,0.30207429356397436,0.31755298964965056,1.0,1.0
0,JOINT_BIN,-1,20264503,0,history,1-4,1834,7336,True,0.30602508178844057,0.3107133084077813,0.1747665332570993,-0.004688226619340748,0.0,0.2899400218102508,0.322546346782988,0.17308744989452646,0.1764994241414686
0,JOINT_BIN,-1,20264503,0,history,5-8,1834,7336,True,0.3105234460196292,0.31223866043453535,0.1747665332570993,-0.0017152144149061722,0.0,0.29469397491821153,0.3268845419847328,0.17308744989452646,0.1764994241414686
0,JOINT_BIN,-1,20264503,0,history,9-16,1834,14569,True,0.3126501475736152,0.3153644663899817,0.34707928340003813,-0.0027143188163665046,0.0,0.30049327822818866,0.32456279857639836,0.34388608046752717,0.35034853034637464
0,JOINT_BIN,-1,20264503,0,history,17-31,1605,12735,True,0.3098547310561445,0.31222064680539535,0.3033876500857633,-0.0023659157492508533,0.0,0.29634339218741984,0.32427978784612776,0.2967603630979853,0.30993766359797076
0,JOINT_BIN,-1,20264503,0,run,1,1834,29538,True,0.16040354797210374,0.1628189713582724,0.7036878216123499,-0.0024154233861686707,0.0,0.15602580772261623,0.16483706546655058,0.6964025912994437,0.711571574958279
0,JOINT_BIN,-1,20264503,0,run,2-3,1779,7003,True,0.632157646722833,0.6399624254922068,0.16683342862588146,-0.007804778769373792,0.0,0.6214339334491646,0.6446330199218799,0.16339962764888546,0.17002373468984758
0,JOINT_BIN,-1,20264503,0,run,4-7,1334,4405,True,0.7144154370034053,0.7128618659946921,0.1049409186201639,0.0015535710087131668,0.0,0.700733208775552,0.7276407406402002,0.10071578227108305,0.10907019234181604
0,JOINT_BIN,-1,20264503,0,run,8+,356,1030,True,0.6912621359223301,0.68882556302951,0.024537831141604727,0.002436572892820114,0.0,0.6604672812893198,0.7218714053150866,0.021631666189718183,0.02748196155723832
0,JOINT_BIN,-1,20264503,1,all,all,214,4896,True,0.3047385620915033,0.3113545273190308,1.0,-0.006615965227527555,0.0,0.2843213597528448,0.33131167992541477,1.0,1.0
0,JOINT_BIN,-1,20264503,1,history,1-4,214,856,True,0.3317757009345794,0.32260472023136294,0.17483660130718953,0.00917098070321646,0.0,0.2826810747663551,0.3878796728971962,0.16933645250347443,0.1804518002488511
0,JOINT_BIN,-1,20264503,1,history,5-8,214,856,True,0.31542056074766356,0.3218178357612213,0.17483660130718953,-0.0063972750135577365,0.0,0.2709988317757009,0.36568341121495324,0.16933645250347443,0.1804518002488511
0,JOINT_BIN,-1,20264503,1,history,9-16,214,1698,True,0.2944640753828033,0.3025782399008848,0.34681372549019607,-0.008114164518081463,0.0,0.2612683343628682,0.33176470588235296,0.3366373931554222,0.35753443209120095
0,JOINT_BIN,-1,20264503,1,history,17-31,182,1486,True,0.29475100942126514,0.3088749707083583,0.3035130718954248,-0.014123961287093168,0.0,0.2594161446546224,0.33179563358101855,0.28161329856072786,0.3244395412331443
0,JOINT_BIN,-1,20264503,1,run,1,214,3463,True,0.1547790932717297,0.1631589891869196,0.707312091503268,-0.008379895915189896,0.0,0.14425491061250975,0.16882742782363902,0.6827588462926456,0.7281928203330224
0,JOINT_BIN,-1,20264503,1,run,2-3,207,796,True,0.6256281407035176,0.6396206985875135,0.16258169934640523,-0.01399255788399586,0.0,0.5907870399447306,0.6582048080236244,0.15263980527312065,0.17402189157329365
0,JOINT_BIN,-1,20264503,1,run,4-7,147,506,True,0.7252964426877471,0.7119453671414516,0.10334967320261437,0.013351075546295398,0.0,0.6825380461462935,0.7603927811248602,0.09172660111832716,0.11708062396548786
0,JOINT_BIN,-1,20264503,1,run,8+,45,131,False,0.6946564885496184,0.6869446896979928,0.026756535947712417,0.007711798851625499,0.0,0.6211910774410775,0.7597467532467532,0.01955350125378944,0.035787597889289924
0,JOINT_BIN,-1,20264504,0,all,all,1834,41976,True,0.3228035067657709,0.3195207877964157,1.0,0.0032827189693552094,0.0,0.31477281103826865,0.3295809353887102,1.0,1.0
0,JOINT_BIN,-1,20264504,0,history,1-4,1834,7336,True,0.3234732824427481,0.3184631985474541,0.1747665332570993,0.005010083895294034,0.0,0.30779375681570337,0.3390403489640131,0.1730501928547408,0.17654667886863476
0,JOINT_BIN,-1,20264504,0,history,5-8,1834,7336,True,0.3286532170119956,0.3242409983159736,0.1747665332570993,0.004412218696022052,0.0,0.3148854961832061,0.34542325517993455,0.1730501928547408,0.17654667886863476
0,JOINT_BIN,-1,20264504,0,history,9-16,1834,14569,True,0.3166998421305512,0.31525464984088275,0.34707928340003813,0.0014451922896684486,0.0,0.3040609497993663,0.32984431362282335,0.34377724689522987,0.35058774221324834
0,JOINT_BIN,-1,20264504,0,history,17-31,1605,12735,True,0.32603062426383983,0.3222914492988159,0.3033876500857633,0.0037391749650239367,0.0,0.3123468641673987,0.3395338108140291,0.296301859318722,0.3101247921316553
0,JOINT_BIN,-1,20264504,0,run,1,1834,29003,True,0.16381064027859188,0.162296358399093,0.6909424433009339,0.001514281879498875,0.0,0.1595027171823542,0.16757418649220868,0.6845274409985436,0.6989818083691502
0,JOINT_BIN,-1,20264504,0,run,2-3,1772,7085,True,0.6458715596330276,0.6401694353413091,0.16878692586239757,0.005702124291718384,0.0,0.6358477065014713,0.6559563060614904,0.16536854239553742,0.17187970966968283
0,JOINT_BIN,-1,20264504,0,run,4-7,1399,4769,True,0.7221639756762424,0.7123109594650878,0.11361254049933295,0.00985301621115457,0.0,0.7101123839625215,0.732445684234729,0.10964359605493358,0.11721453656385412
0,JOINT_BIN,-1,20264504,0,run,8+,376,1119,True,0.6961572832886506,0.690359151752701,0.02665809033733562,0.005798131535949527,0.0,0.6701508938051726,0.7222328244274809,0.023516555955805978,0.02984475488519684
0,JOINT_BIN,-1,20264504,1,all,all,214,4896,True,0.33231209150326796,0.3241021489528896,1.0,0.008209942550378371,0.0,0.3079720782890904,0.3542520274315572,1.0,1.0
0,JOINT_BIN,-1,20264504,1,history,1-4,214,856,True,0.3130841121495327,0.31593963937381014,0.17483660130718953,-0.00285552722427741,0.0,0.26635514018691586,0.3621495327102804,0.17050776227363992,0.18074515223398305
0,JOINT_BIN,-1,20264504,1,history,5-8,214,856,True,0.3107476635514019,0.31403618501715747,0.17483660130718953,-0.0032885214657555817,0.0,0.2639894859813084,0.3633469626168224,0.17050776227363992,0.18074515223398305
0,JOINT_BIN,-1,20264504,1,history,9-16,214,1698,True,0.34334511189634864,0.32687660205078894,0.34681372549019607,0.016468509845559715,0.0,0.3046032122278023,0.37782277637270095,0.3374387054186408,0.3579611155501144
0,JOINT_BIN,-1,20264504,1,history,17-31,182,1486,True,0.34320323014804843,0.3314322646786269,0.3035130718954248,0.011770965469421498,0.0,0.2999255742978939,0.3858711104369573,0.2802838792891169,0.3213957466472946
0,JOINT_BIN,-1,20264504,1,run,1,214,3345,True,0.16412556053811658,0.16283509380858,0.6832107843137255,0.001290466729536592,0.0,0.15179426219682743,0.17695215889695634,0.6613160180494154,0.7071259471136212
0,JOINT_BIN,-1,20264504,1,run,2-3,207,828,True,0.6557971014492754,0.6409862838297252,0.16911764705882354,0.014810817619550097,0.0,0.6220657276995305,0.6837646837349397,0.15865083813794575,0.17813902600598067
0,JOINT_BIN,-1,20264504,1,run,4-7,163,573,True,0.743455497382199,0.7117337867587853,0.1170343137254902,0.03172171062341362,0.0,0.7072138159521337,0.7757877492835275,0.10501513359162085,0.12769288824085104
0,JOINT_BIN,-1,20264504,1,run,8+,48,150,False,0.7266666666666667,0.6904041977323393,0.030637254901960783,0.03626246893432742,0.0,0.6393130366900859,0.7807573097081438,0.020626761807048023,0.04093715389720113
0,JOINT_BIN,-1,20264505,0,all,all,1834,41976,True,0.31715742328949875,0.31660200652178555,1.0,0.0005554167677132285,0.0,0.30986534324322207,0.32347295959890965,1.0,1.0
0,JOINT_BIN,-1,20264505,0,history,1-4,1834,7336,True,0.31952017448200654,0.31924618019878276,0.1747665332570993,0.0002739942832237161,0.0,0.30464490185387133,0.33479075790621593,0.17307080986073245,0.1766332906516287
0,JOINT_BIN,-1,20264505,0,history,5-8,1834,7336,True,0.3053435114503817,0.3092805006817589,0.1747665332570993,-0.003936989231377157,0.0,0.2893845419847328,0.3203414667393675,0.17307080986073245,0.1766332906516287
0,JOINT_BIN,-1,20264505,0,history,9-16,1834,14569,True,0.31615073100418695,0.31544916810694834,0.34707928340003813,0.000701562897238586,0.0,0.30384676906728547,0.32845959289863685,0.3437719766902055,0.3506869698409868
0,JOINT_BIN,-1,20264505,0,history,17-31,1605,12735,True,0.3237534354142128,0.3206152465385697,0.3033876500857633,0.003138188875643122,0.0,0.3112971550398303,0.3346964426981639,0.29604555001632865,0.3101441990188217
0,JOINT_BIN,-1,20264505,0,run,1,1834,29242,True,0.16531017030298886,0.16274521437810338,0.6966361730512673,0.0025649559248854758,0.0,0.16106265392455277,0.16932505772250797,0.6901996478109016,0.7037578871611295
0,JOINT_BIN,-1,20264505,0,run,2-3,1776,7195,True,0.6344683808200139,0.6403831055042115,0.17140747093577283,-0.005914724684197575,0.0,0.6233687158569484,0.6457218115982744,0.16790692278725516,0.17431283003681944
0,JOINT_BIN,-1,20264505,0,run,4-7,1372,4513,True,0.7103922003102149,0.712517383947279,0.1075138174194778,-0.0021251836370640128,0.0,0.6979364467286346,0.7242296271862172,0.10339980278208513,0.11119364758452226
0,JOINT_BIN,-1,20264505,0,run,8+,340,1026,True,0.6900584795321637,0.6896129328041902,0.02444253859348199,0.00044554672797349307,0.0,0.6589833592070403,0.7152975140336808,0.02146112679661236,0.027285362133937775
0,JOINT_BIN,-1,20264505,1,all,all,214,4896,True,0.31924019607843135,0.3159183947816521,1.0,0.003321801296779255,0.0,0.29904190015459375,0.34073420800386495,1.0,1.0
0,JOINT_BIN,-1,20264505,1,history,1-4,214,856,True,0.3107476635514019,0.3166782017296215,0.17483660130718953,-0.005930538178219616,0.0,0.2663259345794392,0.35633761682242987,0.16957210776545167,0.18005984485055207
0,JOINT_BIN,-1,20264505,1,history,5-8,214,856,True,0.35630841121495327,0.32608059232370556,0.17483660130718953,0.03022781889124766,0.0,0.3083235981308411,0.40654205607476634,0.16957210776545167,0.18005984485055207
0,JOINT_BIN,-1,20264505,1,history,9-16,214,1698,True,0.3168433451118963,0.3185335341763754,0.34681372549019607,-0.0016901890644790466,0.0,0.27981830475941194,0.3509811445542577,0.3372067471890108,0.3567540851244583
0,JOINT_BIN,-1,20264505,1,history,17-31,182,1486,True,0.30551816958277256,0.3066386218774128,0.3035130718954248,-0.001120452294640206,0.0,0.2661757122393761,0.34048611675054485,0.2831262251744376,0.3241373806695695
0,JOINT_BIN,-1,20264505,1,run,1,214,3406,True,0.16236054022313565,0.1611192557535715,0.6956699346405228,0.0012412844695641329,0.0,0.15072525380742757,0.17378188283512472,0.6738975221929668,0.7151182458430069
0,JOINT_BIN,-1,20264505,1,run,2-3,211,834,True,0.6462829736211031,0.6390144797215818,0.17034313725490197,0.0072684938995213185,0.0,0.6145280623132735,0.676727398933306,0.16059654098484136,0.17901971126332325
0,JOINT_BIN,-1,20264505,1,run,4-7,158,535,True,0.7345794392523365,0.7134612600153616,0.10927287581699346,0.021118179236974833,0.0,0.6968926598735767,0.7673001588487218,0.09899906742937709,0.11990355936136374
0,JOINT_BIN,-1,20264505,1,run,8+,43,121,False,0.6446280991735537,0.6886316161841862,0.0247140522875817,-0.04400351701063249,0.0,0.5226843009931245,0.7329738770844539,0.01629207495142882,0.033553299522704076
0,JOINT_BIN,-1,20264506,0,all,all,1834,41976,True,0.3157518582046884,0.31534139511682147,1.0,0.00041046308786689347,0.0,0.30864740009969416,0.32360265901416824,1.0,1.0
0,JOINT_BIN,-1,20264506,0,history,1-4,1834,7336,True,0.3062977099236641,0.3125960476705362,0.1747665332570993,-0.006298337746872094,0.0,0.2915451199563795,0.3234766902944384,0.1732256974849267,0.17643564408041276
0,JOINT_BIN,-1,20264506,0,history,5-8,1834,7336,True,0.3165212649945474,0.3116000774481964,0.1747665332570993,0.004921187546351002,0.0,0.3005691112322792,0.33275967829880043,0.1732256974849267,0.17643564408041276
0,JOINT_BIN,-1,20264506,0,history,9-16,1834,14569,True,0.32198503672180656,0.32094141950361205,0.34707928340003813,0.0010436172181945383,0.0,0.30918787966713995,0.33383645123968986,0.3442556464686119,0.35037062081084025
0,JOINT_BIN,-1,20264506,0,history,17-31,1605,12735,True,0.31362387122104435,0.312671541955599,0.3033876500857633,0.000952329265445404,0.0,0.2996077504062986,0.3266655696675664,0.2967580910283342,0.3092879847077089
0,JOINT_BIN,-1,20264506,0,run,1,1834,29317,True,0.16492137667564893,0.16225814213974496,0.6984229083285687,0.0026632345359039857,0.0,0.16035541358578648,0.16886172757930104,0.6906117067807349,0.7052799435371897
0,JOINT_BIN,-1,20264506,0,run,2-3,1788,7193,True,0.639371611288753,0.6401951850007878,0.17135982466171146,-0.0008235737120347797,0.0,0.6301106202618335,0.6498851137647558,0.16821344585676837,0.17454236473681023
0,JOINT_BIN,-1,20264506,0,run,4-7,1401,4534,True,0.7075430083811204,0.7133035263054099,0.10801410329712216,-0.005760517924289494,0.0,0.6945021148767058,0.7213328702074635,0.10429227727107758,0.11205357254588023
0,JOINT_BIN,-1,20264506,0,run,8+,349,932,True,0.6566523605150214,0.6875604016452809,0.022203163712597673,-0.03090804113025936,0.0,0.6237859490919542,0.6836241190805507,0.019673242757983638,0.025055113119294266
0,JOINT_BIN,-1,20264506,1,all,all,214,4896,True,0.3196486928104575,0.3175555510368163,1.0,0.0020931417736411813,0.0,0.29653237170169616,0.3417336242873838,1.0,1.0
0,JOINT_BIN,-1,20264506,1,history,1-4,214,856,True,0.3119158878504673,0.31428751219814716,0.17483660130718953,-0.0023716243476798724,0.0,0.26749415887850464,0.3574766355140187,0.1699744846237696,0.18055548407954145
0,JOINT_BIN,-1,20264506,1,history,5-8,214,856,True,0.31542056074766356,0.3126157320466318,0.17483660130718953,0.0028048287010317627,0.0,0.2709988317757009,0.36568341121495324,0.1699744846237696,0.18055548407954145
0,JOINT_BIN,-1,20264506,1,history,9-16,214,1698,True,0.32332155477031804,0.3177102708322794,0.34681372549019607,0.00561128393803863,0.0,0.2853613516634004,0.36323029966703657,0.33762614654938256,0.357493515815614
0,JOINT_BIN,-1,20264506,1,history,17-31,182,1486,True,0.3223418573351279,0.32210683777221505,0.3035130718954248,0.00023501956291279607,0.0,0.28748717599306967,0.35756196645364746,0.28108847873558634,0.32248622022539397
0,JOINT_BIN,-1,20264506,1,run,1,214,3394,True,0.16823806717737183,0.16249921879083043,0.693218954248366,0.005738848386541435,0.0,0.15726236850131486,0.1817918097968678,0.6704501864370421,0.7152946487860886
0,JOINT_BIN,-1,20264506,1,run,2-3,213,851,True,0.618096357226792,0.6370007987664332,0.17381535947712418,-0.01890444153964118,0.0,0.5847278337811357,0.6489700941939339,0.16541195741775444,0.18418963880549655
0,JOINT_BIN,-1,20264506,1,run,4-7,157,523,True,0.7323135755258127,0.7139701079870828,0.1068218954248366,0.01834346753872985,0.0,0.6905504186698472,0.7683057959611854,0.09369115477894908,0.11984755620396917
0,JOINT_BIN,-1,20264506,1,run,8+,49,128,False,0.6640625,0.6854342427554334,0.026143790849673203,-0.02137174275543336,0.0,0.5713951935914553,0.7288190267905958,0.018643556948238334,0.03459697217466689
0,JOINT_BIN,-1,20264507,0,all,all,1834,41976,True,0.3178006479893272,0.31670641228926866,1.0,0.00109423570005851,0.0,0.310839141293884,0.3251469382075112,1.0,1.0
0,JOINT_BIN,-1,20264507,0,history,1-4,1834,7336,True,0.3125681570338059,0.31403862132112487,0.1747665332570993,-0.0014704642873189966,0.0,0.29688181570338057,0.3286566248636859,0.1729405553701835,0.17654572266133928
0,JOINT_BIN,-1,20264507,0,history,5-8,1834,7336,True,0.3218375136314068,0.31649671454884304,0.1747665332570993,0.005340799082563741,0.0,0.30506406761177757,0.337789667393675,0.1729405553701835,0.17654572266133928
0,JOINT_BIN,-1,20264507,0,history,9-16,1834,14569,True,0.3171803143661198,0.3170150798113012,0.34707928340003813,0.0001652345548185653,0.0,0.3049978110924232,0.331113695035952,0.3435899001687732,0.35037675791908535
0,JOINT_BIN,-1,20264507,0,history,17-31,1605,12735,True,0.31919905771495877,0.31801087087093927,0.3033876500857633,0.0011881868440195408,0.0,0.3053957936641024,0.3321814833602515,0.29656706421953644,0.31057044884963697
0,JOINT_BIN,-1,20264507,0,run,1,1834,29235,True,0.16384470668719,0.16231936600996175,0.6964694110920526,0.0015253406772282752,0.0,0.16020738404764184,0.16821088418711685,0.6889550631633342,0.7034087895678592
0,JOINT_BIN,-1,20264507,0,run,2-3,1795,7119,True,0.6396965865992414,0.6412035131776022,0.16959691252144082,-0.0015069265783606263,0.0,0.6292384487497626,0.6494824119920397,0.16663240930558249,0.17311141036640784
0,JOINT_BIN,-1,20264507,0,run,4-7,1387,4598,True,0.7203131796433232,0.7132799291149737,0.10953878406708595,0.0070332505283495095,0.0,0.708045729032623,0.734034159472756,0.10579273449060525,0.11340072947874315
0,JOINT_BIN,-1,20264507,0,run,8+,376,1024,True,0.66796875,0.6877663794639789,0.02439489231942062,-0.01979762946397889,0.0,0.6382947118241237,0.6933920527670527,0.02164578637385206,0.027560846336281357
0,JOINT_BIN,-1,20264507,1,all,all,214,4896,True,0.32516339869281047,0.321402423766201,1.0,0.0037609749266094435,0.0,0.3030545172451337,0.3470905478473721,1.0,1.0
0,JOINT_BIN,-1,20264507,1,history,1-4,214,856,True,0.27686915887850466,0.303228264019984,0.17483660130718953,-0.026359105141479378,0.0,0.23244742990654207,0.3247955607476635,0.17031436530043773,0.18105290191139745
0,JOINT_BIN,-1,20264507,1,history,5-8,214,856,True,0.3422897196261682,0.3159934131660153,0.17483660130718953,0.026296306460152904,0.0,0.2978679906542056,0.3867114485981308,0.17031436530043773,0.18105290191139745
0,JOINT_BIN,-1,20264507,1,history,9-16,214,1698,True,0.37161366313309774,0.35128163030360604,0.34681372549019607,0.02033203282949177,0.0,0.334491535628423,0.4108367661460982,0.33784847082026054,0.35850891609404106
0,JOINT_BIN,-1,20264507,1,history,17-31,182,1486,True,0.29004037685060563,0.3008454258631102,0.3035130718954248,-0.010805049012504528,0.0,0.254449245459801,0.3253087540753209,0.2795235421329807,0.3213130668104093
0,JOINT_BIN,-1,20264507,1,run,1,214,3366,True,0.1628045157456922,0.1625406958451696,0.6875,0.00026381990052258547,0.0,0.15074664241732147,0.17542106228999982,0.6656335521511828,0.708827954340876
0,JOINT_BIN,-1,20264507,1,run,2-3,213,819,True,0.652014652014652,0.639344781621116,0.16727941176470587,0.01266987039353592,0.0,0.6183736825742947,0.6844123564963859,0.1585835402103372,0.176847039879348
0,JOINT_BIN,-1,20264507,1,run,4-7,164,555,True,0.7243243243243244,0.7121519146673084,0.1133578431372549,0.012172409657015906,0.0,0.6794525243115941,0.7615800442591917,0.10075127310308088,0.12536594338547066
0,JOINT_BIN,-1,20264507,1,run,8+,52,156,False,0.6923076923076923,0.6897858702335188,0.031862745098039214,0.0025218220741735106,0.0,0.624775,0.7485046012269938,0.02236492433125109,0.040980515782672734
0,JOINT_BIN,-1,20264508,0,all,all,1834,41976,True,0.31239279588336194,0.31401447244026837,1.0,-0.001621676556906454,0.0,0.304670054235804,0.3197939533634269,1.0,1.0
0,JOINT_BIN,-1,20264508,0,history,1-4,1834,7336,True,0.3249727371864776,0.3197050697601042,0.1747665332570993,0.005267667426373467,0.0,0.30792666303162486,0.3402467284623773,0.1729207843286389,0.17662659102769293
0,JOINT_BIN,-1,20264508,0,history,5-8,1834,7336,True,0.3099781897491821,0.31626555132139933,0.1747665332570993,-0.0062873615722172475,0.0,0.2936170937840785,0.3257940294438386,0.1729207843286389,0.17662659102769293
0,JOINT_BIN,-1,20264508,0,history,9-16,1834,14569,True,0.3057862584940627,0.30883289659374236,0.34707928340003813,-0.003046638099679658,0.0,0.29339733487073627,0.31821991299106506,0.3435560968389729,0.350550785983326
0,JOINT_BIN,-1,20264508,0,history,17-31,1605,12735,True,0.3140950137416568,0.3153674557066794,0.3033876500857633,-0.0012724419650225667,0.0,0.3021091150938133,0.3280530327476992,0.2963221630039477,0.3103702974606214
0,JOINT_BIN,-1,20264508,0,run,1,1834,29440,True,0.15828804347826086,0.16173610474622704,0.7013531541833429,-0.0034480612679661732,0.0,0.1544086624555095,0.16214569418395464,0.6942118176157883,0.7089683320832038
0,JOINT_BIN,-1,20264508,0,run,2-3,1780,6955,True,0.6475916606757728,0.6419798966390708,0.1656899180484086,0.005611764036701963,0.0,0.6355452344987376,0.6590684285011633,0.1625348397119655,0.16879204849203094
0,JOINT_BIN,-1,20264508,0,run,4-7,1394,4557,True,0.7094579767390827,0.7129423938804123,0.1085620354488279,-0.003484417141329513,0.0,0.697182753587386,0.7216658595410395,0.10432637498538955,0.11231099439023115
0,JOINT_BIN,-1,20264508,0,run,8+,346,1024,True,0.69921875,0.6891717786972703,0.02439489231942062,0.010046971302729718,0.0,0.6633563177135753,0.7249587939272285,0.021057043177724576,0.027453338072113493
0,JOINT_BIN,-1,20264508,1,all,all,214,4896,True,0.3261846405228758,0.3202821623818725,1.0,0.005902478141003329,0.0,0.305184400043578,0.35108139805496674,1.0,1.0
0,JOINT_BIN,-1,20264508,1,history,1-4,214,856,True,0.2897196261682243,0.30668299529203785,0.17483660130718953,-0.01696336912381357,0.0,0.24763434579439253,0.338785046728972,0.16963931827189854,0.1799850721078403
0,JOINT_BIN,-1,20264508,1,history,5-8,214,856,True,0.3364485981308411,0.31397293760433176,0.17483660130718953,0.022475660526509313,0.0,0.289661214953271,0.3808995327102803,0.16963931827189854,0.1799850721078403
0,JOINT_BIN,-1,20264508,1,history,9-16,214,1698,True,0.33451118963486454,0.3289149478538802,0.34681372549019607,0.005596241780984291,0.0,0.2943492060037954,0.3753849160161101,0.3372860876481506,0.3565593755568315
0,JOINT_BIN,-1,20264508,1,history,17-31,182,1486,True,0.33176312247644685,0.32188587281727227,0.3035130718954248,0.009877249659174575,0.0,0.2907090251876722,0.37705822036093595,0.2840616193269243,0.32303032245448854
0,JOINT_BIN,-1,20264508,1,run,1,214,3380,True,0.16153846153846155,0.16224925375084984,0.690359477124183,-0.0007107922123883158,0.0,0.1495600280746077,0.17474253213222093,0.6646285626315156,0.7117937933278843
0,JOINT_BIN,-1,20264508,1,run,2-3,209,819,True,0.6617826617826618,0.6431130088518673,0.16727941176470587,0.018669652930794506,0.0,0.6295785741220548,0.6944843528787163,0.15827954943010825,0.17745858936516481
0,JOINT_BIN,-1,20264508,1,run,4-7,150,566,True,0.7491166077738516,0.7118997896122232,0.1156045751633987,0.03721681816162837,0.0,0.7185548318551367,0.7802996466736181,0.10259749333083935,0.1289050713655819
0,JOINT_BIN,-1,20264508,1,run,8+,50,131,False,0.648854961832061,0.6874362914013553,0.026756535947712417,-0.03858132956929425,0.0,0.5499404761904763,0.7225384970742224,0.019069746960066455,0.03599153366264179
0,JOINT_BIN,-1,20264509,0,all,all,1834,41976,True,0.3153468648751668,0.3158428992354817,1.0,-0.000496034360314978,0.0,0.3084176576432261,0.32281358036736274,1.0,1.0
0,JOINT_BIN,-1,20264509,0,history,1-4,1834,7336,True,0.31297709923664124,0.31724143850008574,0.1747665332570993,-0.004264339263444541,0.0,0.2992059705561614,0.32825109051254087,0.17290427809845826,0.17619865113052363
0,JOINT_BIN,-1,20264509,0,history,5-8,1834,7336,True,0.30861504907306436,0.3093924900286006,0.1747665332570993,-0.0007774409555362265,0.0,0.29334787350054525,0.32538167938931295,0.17290427809845826,0.17619865113052363
0,JOINT_BIN,-1,20264509,0,history,9-16,1834,14569,True,0.32198503672180656,0.31719376327887,0.34707928340003813,0.004791273442936581,0.0,0.30981687269894187,0.3350073916009329,0.3434723649793269,0.3498015050581372
0,JOINT_BIN,-1,20264509,0,history,17-31,1605,12735,True,0.312995681193561,0.3172076247673562,0.3033876500857633,-0.004211943573795186,0.0,0.3005485918744229,0.3264535750734662,0.29778929466439136,0.31072193001987125
0,JOINT_BIN,-1,20264509,0,run,1,1834,29288,True,0.16218246380770282,0.16237656176827192,0.6977320373546788,-0.0001940979605691019,0.0,0.1579048381650358,0.1661471153832606,0.6904200383487066,0.7043578105568296
0,JOINT_BIN,-1,20264509,0,run,2-3,1784,7095,True,0.6400281888653981,0.6396548345220331,0.1690251572327044,0.0003733543433651359,0.0,0.6290646114864865,0.6504273138275775,0.1657404985267022,0.17251591675542952
0,JOINT_BIN,-1,20264509,0,run,4-7,1388,4631,True,0.7158281148779961,0.7130504620523292,0.11032494758909853,0.0027776528256668654,0.0,0.7014747564430283,0.7289654161848788,0.10655741205559782,0.11482897904257824
0,JOINT_BIN,-1,20264509,0,run,8+,355,962,True,0.6559251559251559,0.6877848820595349,0.0229178578235182,-0.031859726134379,0.0,0.6233883731769366,0.6838610997337702,0.020225287250035733,0.02585088378267046
0,JOINT_BIN,-1,20264509,1,all,all,214,4896,True,0.30943627450980393,0.3140418176780203,1.0,-0.004605543168216324,0.0,0.28878706389401615,0.33130656413940773,1.0,1.0
0,JOINT_BIN,-1,20264509,1,history,1-4,214,856,True,0.28154205607476634,0.3019341770971755,0.17483660130718953,-0.020392121022409164,0.0,0.2336448598130841,0.33066588785046724,0.16987413255968525,0.18086642098741731
0,JOINT_BIN,-1,20264509,1,history,5-8,214,856,True,0.2967289719626168,0.2935353902639404,0.17483660130718953,0.0031935816986764557,0.0,0.2558411214953271,0.34582359813084107,0.16987413255968525,0.18086642098741731
0,JOINT_BIN,-1,20264509,1,history,9-16,214,1698,True,0.31507656065959955,0.32034959484577485,0.34681372549019607,-0.005273034186175264,0.0,0.28134788005446754,0.35254973805040063,0.3371013378123527,0.3585466715615557
0,JOINT_BIN,-1,20264509,1,history,17-31,182,1486,True,0.3263795423956931,0.3256212500957916,0.3035130718954248,0.0007582922999015198,0.0,0.28907505776572234,0.3685715234847094,0.2797301648951558,0.3232207037898559
0,JOINT_BIN,-1,20264509,1,run,1,214,3440,True,0.15465116279069768,0.1626118509506905,0.7026143790849673,-0.00796068815999281,0.0,0.14198015326876268,0.16789254245184637,0.6805830316093291,0.7218716877358067
0,JOINT_BIN,-1,20264509,1,run,2-3,209,792,True,0.6363636363636364,0.6413423577867553,0.16176470588235295,-0.004978721423118921,0.0,0.6026649350649351,0.667913215271827,0.15182462349804987,0.17156723429416265
0,JOINT_BIN,-1,20264509,1,run,4-7,155,541,True,0.7375231053604436,0.7128214574742371,0.11049836601307189,0.024701647886206535,0.0,0.7045925644032117,0.7702807548928239,0.09907738820626566,0.12269598314213144
0,JOINT_BIN,-1,20264509,1,run,8+,46,123,False,0.6504065040650406,0.6876781806547919,0.025122549019607844,-0.03727167658975133,0.0,0.5591318785578747,0.7143502581755593,0.017619799856920138,0.03372914512086531
0,JOINT_BIN,-1,20264510,0,all,all,1834,41976,True,0.31432246998284735,0.3146991495863759,1.0,-0.00037667960352859634,0.0,0.3072317516612252,0.3217556520271479,1.0,1.0
0,JOINT_BIN,-1,20264510,0,history,1-4,1834,7336,True,0.31706652126499457,0.31483027658076135,0.1747665332570993,0.002236244684233229,0.0,0.3031624863685932,0.33329130316248634,0.17306784939133718,0.1766450923329721
0,JOINT_BIN,-1,20264510,0,history,5-8,1834,7336,True,0.3112050163576881,0.3164567280315785,0.1747665332570993,-0.005251711673890427,0.0,0.2949529716466739,0.3292052889858233,0.17306784939133718,0.1766450923329721
0,JOINT_BIN,-1,20264510,0,history,9-16,1834,14569,True,0.3158075365502093,0.31493524041972726,0.34707928340003813,0.0008722961304821114,0.0,0.30384171075490574,0.3290149086757208,0.34395104337866267,0.35075079249508134
0,JOINT_BIN,-1,20264510,0,history,17-31,1605,12735,True,0.31283863368669024,0.3133410694563475,0.3033876500857633,-0.0005024357696572477,0.0,0.2997143297673659,0.3250236174338982,0.2958985322123946,0.3098300717518149
0,JOINT_BIN,-1,20264510,0,run,1,1834,29363,True,0.16210877635119028,0.16220506264730641,0.6995187726319801,-9.628629611614233e-05,0.0,0.15791562914990584,0.16623665293835363,0.692069813556511,0.7064524069452119
0,JOINT_BIN,-1,20264510,0,run,2-3,1782,7058,True,0.6387078492490791,0.6391115726755465,0.16814370116256908,-0.00040372342646755147,0.0,0.62738676810141,0.6514633608055576,0.1648002562540683,0.171273093767708
0,JOINT_BIN,-1,20264510,0,run,4-7,1370,4535,True,0.7071664829106946,0.712939580365874,0.10803792643415285,-0.00577309745517938,0.0,0.6953724267757483,0.7196730260160459,0.10437139961030457,0.11225524030356046
0,JOINT_BIN,-1,20264510,0,run,8+,340,1020,True,0.7049019607843138,0.6891703643349134,0.024299599771297885,0.015731596449400406,0.0,0.6751723639369108,0.7343785976609745,0.021396223069966924,0.027577763109624117
0,JOINT_BIN,-1,20264510,1,all,all,214,4896,True,0.31209150326797386,0.31323465198698386,1.0,-0.0011431487190099753,0.0,0.29278970316169967,0.33489586033573493,1.0,1.0
0,JOINT_BIN,-1,20264510,1,history,1-4,214,856,True,0.3247663551401869,0.3217482554796634,0.17483660130718953,0.0030180996605235298,0.0,0.2827102803738318,0.37152453271028035,0.17011044277877296,0.1805193142420816
0,JOINT_BIN,-1,20264510,1,history,5-8,214,856,True,0.308411214953271,0.3126673011867182,0.17483660130718953,-0.004256086233447229,0.0,0.2686623831775701,0.35403037383177566,0.17011044277877296,0.1805193142420816
0,JOINT_BIN,-1,20264510,1,history,9-16,214,1698,True,0.2838633686690224,0.29296531354581207,0.34681372549019607,-0.009101944876789673,0.0,0.24923579779903063,0.31802721864761624,0.3379559552946701,0.35776107526253653
0,JOINT_BIN,-1,20264510,1,history,17-31,182,1486,True,0.3391655450874832,0.3318183292200951,0.3035130718954248,0.007347215867388098,0.0,0.30345837984026497,0.3755319233468858,0.2814988762800078,0.3216853848135635
0,JOINT_BIN,-1,20264510,1,run,1,214,3444,True,0.16608594657375145,0.16295249288980002,0.7034313725490197,0.0031334536839513955,0.0,0.1551217871820197,0.17970345491063142,0.681648304752615,0.7221624502607747
0,JOINT_BIN,-1,20264510,1,run,2-3,208,874,True,0.6441647597254004,0.6427459352537662,0.17851307189542484,0.0014188244716341152,0.0,0.6134988444316047,0.6730654682800588,0.1686095039421879,0.18956140937834173
0,JOINT_BIN,-1,20264510,1,run,4-7,156,499,True,0.6733466933867736,0.7137049054089104,0.10191993464052287,-0.04035821202213689,0.0,0.6365219669746749,0.7027451980282169,0.09008270774351552,0.11293840652730358
0,JOINT_BIN,-1,20264510,1,run,8+,31,79,False,0.7215189873417721,0.6897439924678904,0.01613562091503268,0.0317749948738816,0.0,0.6268190298507463,0.79798443147067,0.010793414249166222,0.021965005992800327
0,JOINT_BIN,-1,20264511,0,all,all,1834,41976,True,0.31353630646083475,0.31484470123190067,1.0,-0.001308394771065907,0.0,0.30692590310743567,0.3203319184593434,1.0,1.0
0,JOINT_BIN,-1,20264511,0,history,1-4,1834,7336,True,0.31284078516902947,0.31475087326237944,0.1747665332570993,-0.0019100880933499837,0.0,0.29741344056706653,0.3275661123227917,0.17318960688549595,0.1766577472486387
0,JOINT_BIN,-1,20264511,0,history,5-8,1834,7336,True,0.31284078516902947,0.31495771093883645,0.1747665332570993,-0.0021169257698070015,0.0,0.297430479825518,0.3293381952017448,0.17318960688549595,0.1766577472486387
0,JOINT_BIN,-1,20264511,0,history,9-16,1834,14569,True,0.30921820303383896,0.3121765128462254,0.34707928340003813,-0.002958309812386408,0.0,0.29606888180175867,0.32116055362652013,0.3440052461773079,0.35045852329428895
0,JOINT_BIN,-1,20264511,0,history,17-31,1605,12735,True,0.3192775814683942,0.3178860926229671,0.3033876500857633,0.0013914888454271467,0.0,0.3062439779801352,0.3336553603536539,0.2962611322797494,0.3096251648375804
0,JOINT_BIN,-1,20264511,0,run,1,1834,29394,True,0.16377492005171124,0.16259297980693196,0.7002572898799314,0.0011819402447792882,0.0,0.15988201275511363,0.1675461846112961,0.6935470777345261,0.7068299760778513
0,JOINT_BIN,-1,20264511,0,run,2-3,1793,7138,True,0.6407957411039507,0.6412470934789533,0.17004955212502382,-0.00045135237500261254,0.0,0.6302147317617904,0.6509703821267093,0.16696013136460627,0.17291968559962653
0,JOINT_BIN,-1,20264511,0,run,4-7,1401,4494,True,0.696706720071206,0.7133864384431859,0.1070611778158948,-0.016679718371979884,0.0,0.6827407918120031,0.7088372085010671,0.1032710914544852,0.11104921760059801
0,JOINT_BIN,-1,20264511,0,run,8+,342,950,True,0.6757894736842105,0.6878765503672196,0.02263198017914999,-0.012087076683009134,0.0,0.6447407792284364,0.7047530841214288,0.019586517097149106,0.02539382552620465
0,JOINT_BIN,-1,20264511,1,all,all,214,4896,True,0.31229575163398693,0.31325514915918234,1.0,-0.0009593975251954283,0.0,0.287935794910933,0.3333482054332738,1.0,1.0
0,JOINT_BIN,-1,20264511,1,history,1-4,214,856,True,0.3177570093457944,0.32342481305816084,0.17483660130718953,-0.005667803712366446,0.0,0.2745035046728972,0.36568341121495324,0.16950411152776337,0.17987634451965195
0,JOINT_BIN,-1,20264511,1,history,5-8,214,856,True,0.3037383177570093,0.30766908126887005,0.17483660130718953,-0.003930763511860765,0.0,0.2558411214953271,0.34813084112149534,0.16950411152776337,0.17987634451965195
0,JOINT_BIN,-1,20264511,1,history,9-16,214,1698,True,0.31919905771495877,0.3210488497917139,0.34681372549019607,-0.0018497920767550408,0.0,0.2786555188729102,0.35517600091726864,0.3370230853217969,0.3566882813102491
0,JOINT_BIN,-1,20264511,1,history,17-31,182,1486,True,0.3061911170928668,0.3017092125121724,0.3035130718954248,0.004481904580694309,0.0,0.27221990558615267,0.3434241956970876,0.2840722322468542,0.32396869162267644
0,JOINT_BIN,-1,20264511,1,run,1,214,3439,True,0.16574585635359115,0.16279631673738,0.7024101307189542,0.002949539616211144,0.0,0.15344588184206745,0.17815430253979248,0.6816633299311716,0.7264784622361262
0,JOINT_BIN,-1,20264511,1,run,2-3,208,844,True,0.6481042654028436,0.6378503871828939,0.17238562091503268,0.010253878219949619,0.0,0.6128670710641546,0.6837509897501339,0.16206596735841294,0.1817291243406213
0,JOINT_BIN,-1,20264511,1,run,4-7,154,526,True,0.6825095057034221,0.7136427364439929,0.10743464052287582,-0.031133230740570783,0.0,0.6392263125902287,0.7205166642083459,0.09393635966397065,0.12047320906697036
0,JOINT_BIN,-1,20264511,1,run,8+,36,87,False,0.6091954022988506,0.6910215042713126,0.017769607843137254,-0.08182610197246187,0.0,0.4847860962566845,0.7033333333333334,0.011364205570026048,0.02523114775682169
0,JOINT_BIN,-1,20264512,0,all,all,1834,41976,True,0.3177291785782352,0.31661143551352877,1.0,0.0011177430647064067,0.0,0.3095228082525544,0.32500676117153876,1.0,1.0
0,JOINT_BIN,-1,20264512,0,history,1-4,1834,7336,True,0.3112050163576881,0.3145406865579722,0.1747665332570993,-0.0033356702002840357,0.0,0.2942952562704471,0.32879975463467825,0.17314443871342433,0.17655411422107772
0,JOINT_BIN,-1,20264512,0,history,5-8,1834,7336,True,0.3212922573609597,0.3177510697062121,0.1747665332570993,0.003541187654747556,0.0,0.3061409487459106,0.33806229552889855,0.17314443871342433,0.17655411422107772
0,JOINT_BIN,-1,20264512,0,history,9-16,1834,14569,True,0.3262406479511291,0.321592233934225,0.34707928340003813,0.004648414016904121,0.0,0.3131225567446578,0.33923972849632683,0.34390561177528356,0.3505411777849555
0,JOINT_BIN,-1,20264512,0,history,17-31,1605,12735,True,0.30969768354927363,0.3114497084392701,0.3033876500857633,-0.0017520248899964227,0.0,0.29624545391590484,0.3241775002780308,0.29646503525873336,0.3099200130193056
0,JOINT_BIN,-1,20264512,0,run,1,1834,29238,True,0.16382789520487037,0.16271731215034874,0.6965408805031447,0.0011105830545216084,0.0,0.15964769501797157,0.16859541833565925,0.6889343864915055,0.7044085591417372
0,JOINT_BIN,-1,20264512,0,run,2-3,1791,7109,True,0.6303277535518357,0.6398477195351022,0.16935868115113398,-0.00951996598326657,0.0,0.6196822581494678,0.6411718359913496,0.16620495915599762,0.17308937537467287
0,JOINT_BIN,-1,20264512,0,run,4-7,1344,4496,True,0.7308718861209964,0.7127112217964948,0.10710882408995616,0.01816066432450152,0.0,0.7184760671549855,0.7437610629090564,0.10298904317612674,0.11096636768396276
0,JOINT_BIN,-1,20264512,0,run,8+,395,1133,True,0.6884377758164166,0.6880191995515477,0.026991614255765198,0.000418576264868942,0.0,0.6598516476048079,0.7126407236541701,0.024110799832685187,0.03002066615097925
0,JOINT_BIN,-1,20264512,1,all,all,214,4896,True,0.3125,0.3145216030890395,1.0,-0.0020216030890394844,0.0,0.2936524825528086,0.3326299056819823,1.0,1.0
0,JOINT_BIN,-1,20264512,1,history,1-4,214,856,True,0.30957943925233644,0.3137180204156839,0.17483660130718953,-0.004138581163347462,0.0,0.26282126168224296,0.352803738317757,0.17000824287561025,0.1799850721078403
0,JOINT_BIN,-1,20264512,1,history,5-8,214,856,True,0.2955607476635514,0.30396212678904,0.17483660130718953,-0.00840137912548865,0.0,0.2546728971962617,0.3364485981308411,0.17000824287561025,0.1799850721078403
0,JOINT_BIN,-1,20264512,1,history,9-16,214,1698,True,0.3209658421672556,0.32322070819740223,0.34681372549019607,-0.002254866030146598,0.0,0.28173476425419547,0.3571332939098305,0.33789562159046393,0.3567529485213356
0,JOINT_BIN,-1,20264512,1,history,17-31,182,1486,True,0.3142664872139973,0.3111270526228161,0.3035130718954248,0.0031394345911812368,0.0,0.2763651347535983,0.34953462998102464,0.28339652720574976,0.32216293424701953
0,JOINT_BIN,-1,20264512,1,run,1,214,3431,True,0.16758962401632177,0.1622964811918347,0.7007761437908496,0.005293142824487062,0.0,0.15588784491489285,0.1783124378419774,0.6802881191403011,0.7200405036772872
0,JOINT_BIN,-1,20264512,1,run,2-3,211,847,True,0.6127508854781583,0.6434095592730203,0.1729983660130719,-0.030658673794862274,0.0,0.5787376505522561,0.6458968558521674,0.16341964056341912,0.1812193983550579
0,JOINT_BIN,-1,20264512,1,run,4-7,156,518,True,0.7355212355212355,0.7134011615671679,0.10580065359477124,0.022120073954067582,0.0,0.6931666573133547,0.7726617683506134,0.09400207033499954,0.11844709629444544
0,JOINT_BIN,-1,20264512,1,run,8+,47,100,False,0.55,0.6854884335871109,0.02042483660130719,-0.13548843358711093,0.0,0.42857142857142855,0.6393932644333571,0.014327095202775784,0.029044416008067717
0,JOINT_BIN,-1,20264513,0,all,all,1834,41976,True,0.3167762530970078,0.31642525532471383,1.0,0.00035099777229406694,0.0,0.30907158364046816,0.3235549190404772,1.0,1.0
0,JOINT_BIN,-1,20264513,0,history,1-4,1834,7336,True,0.3137949836423119,0.31480225166932,0.1747665332570993,-0.001007268027008115,0.0,0.29770310796074156,0.33056161395856054,0.17314423448912136,0.1764822276053339
0,JOINT_BIN,-1,20264513,0,history,5-8,1834,7336,True,0.31161395856052343,0.31569277454612915,0.1747665332570993,-0.004078815985605669,0.0,0.2973009814612868,0.32661532170119956,0.17314423448912136,0.1764822276053339
0,JOINT_BIN,-1,20264513,0,history,9-16,1834,14569,True,0.31649392545816457,0.3145350822348194,0.34707928340003813,0.001958843223345197,0.0,0.30422784566632255,0.328792040380665,0.34403494083204483,0.35039711570975823
0,JOINT_BIN,-1,20264513,0,history,17-31,1605,12735,True,0.3217903415783274,0.31994451449662864,0.3033876500857633,0.001845827081698805,0.0,0.30665722801055706,0.33607212812802156,0.2965455631123891,0.3097130373222015
0,JOINT_BIN,-1,20264513,0,run,1,1834,29242,True,0.1627111688666986,0.1622622209485823,0.6966361730512673,0.0004489479181162776,0.0,0.15899916314572798,0.16676991512560152,0.6901195938684589,0.7041535273361057
0,JOINT_BIN,-1,20264513,0,run,2-3,1786,7079,True,0.641192258793615,0.6401384763665957,0.16864398704021347,0.001053782427019137,0.0,0.6297701155462863,0.6523526844090148,0.16570454657320433,0.17196031745516674
0,JOINT_BIN,-1,20264513,0,run,4-7,1400,4608,True,0.7107204861111112,0.712924699218619,0.1097770154373928,-0.0022042131075079158,0.0,0.6985608825040037,0.7229688674381479,0.10560456457562484,0.11350131797112199
0,JOINT_BIN,-1,20264513,0,run,8+,367,1047,True,0.6924546322827125,0.6883451426296202,0.02494282447112636,0.0041094896530922366,0.0,0.6649689251894934,0.718680776194267,0.022245870779430212,0.02795318291605724
0,JOINT_BIN,-1,20264513,1,all,all,214,4896,True,0.3159722222222222,0.3158971309140053,1.0,7.509130821690759e-05,0.0,0.2944511377932705,0.3350008744750049,1.0,1.0
0,JOINT_BIN,-1,20264513,1,history,1-4,214,856,True,0.30257009345794394,0.3095343635604829,0.17483660130718953,-0.00696427010253902,0.0,0.254643691588785,0.3493282710280374,0.1701442550621757,0.1801735435199238
0,JOINT_BIN,-1,20264513,1,history,5-8,214,856,True,0.3282710280373832,0.3217000560062306,0.17483660130718953,0.006570972031152537,0.0,0.2826810747663551,0.37616822429906543,0.1701442550621757,0.1801735435199238
0,JOINT_BIN,-1,20264513,1,history,9-16,214,1698,True,0.31036513545347466,0.3109849808687954,0.34681372549019607,-0.0006198454153206751,0.0,0.2750440823368334,0.34613454883548395,0.3381634698435523,0.3569789829755796
0,JOINT_BIN,-1,20264513,1,history,17-31,182,1486,True,0.32301480484522205,0.3218325654714998,0.3035130718954248,0.0011822393737222852,0.0,0.2891092576927144,0.358027636415041,0.28276649145098975,0.3216850983864278
0,JOINT_BIN,-1,20264513,1,run,1,214,3419,True,0.16291313249488154,0.16303820866502697,0.6983251633986928,-0.00012507617014542255,0.0,0.14922464602623411,0.17554928485712687,0.6797340479634035,0.7194278008894345
0,JOINT_BIN,-1,20264513,1,run,2-3,205,839,True,0.6412395709177592,0.6400789668759553,0.17136437908496732,0.001160604041803852,0.0,0.6118318448093729,0.6751719991173875,0.16104960196450277,0.18161033660846113
0,JOINT_BIN,-1,20264513,1,run,4-7,156,537,True,0.7206703910614525,0.7128406582969017,0.1096813725490196,0.007829732764550791,0.0,0.6857476943346509,0.758638381369017,0.09907435965140007,0.12167638070367277
0,JOINT_BIN,-1,20264513,1,run,8+,39,101,False,0.6435643564356436,0.6869607011374259,0.02062908496732026,-0.04339634470178246,0.0,0.5324469833963504,0.7324034725594949,0.014366019934912265,0.02921035881303625
0,JOINT_BIN,-1,20264514,0,all,all,1834,41976,True,0.3079616923956547,0.311961645063863,1.0,-0.0039999526682083005,0.0,0.30127337568928314,0.3144306859692695,1.0,1.0
0,JOINT_BIN,-1,20264514,0,history,1-4,1834,7336,True,0.30493456924754636,0.3096534894996849,0.1747665332570993,-0.0047189202521385615,0.0,0.2885700654307525,0.32103326063249726,0.17311205867022267,0.1764269455222574
0,JOINT_BIN,-1,20264514,0,history,5-8,1834,7336,True,0.32142857142857145,0.319468096830356,0.1747665332570993,0.0019604745982154392,0.0,0.30616139585605234,0.338876772082879,0.17311205867022267,0.1764269455222574
0,JOINT_BIN,-1,20264514,0,history,9-16,1834,14569,True,0.30647264740201796,0.3109699353030005,0.34707928340003813,-0.004497287900982489,0.0,0.2943939510350589,0.3185319272548329,0.3438531413409684,0.3502823482200995
0,JOINT_BIN,-1,20264514,0,history,17-31,1605,12735,True,0.3036513545347468,0.3101016936359732,0.3033876500857633,-0.0064503391012263635,0.0,0.29248167181955703,0.3158330522924521,0.2969197842881387,0.30988774575008915
0,JOINT_BIN,-1,20264514,0,run,1,1834,29615,True,0.15954752659125443,0.16245844661651504,0.7055222031637126,-0.0029109200252606117,0.0,0.15553894783779484,0.16302394281191732,0.6992390581788587,0.7124884333369346
0,JOINT_BIN,-1,20264514,0,run,2-3,1766,7012,True,0.6373359954363947,0.640918303208087,0.1670478368591576,-0.0035823077716921827,0.0,0.6250159463105602,0.6490684237880499,0.16353790495035947,0.17004975433772643
0,JOINT_BIN,-1,20264514,0,run,4-7,1344,4437,True,0.7049808429118773,0.7127357414720265,0.1057032590051458,-0.007754898560149108,0.0,0.6928504653754137,0.7169679653251928,0.10180548878304749,0.10926449289640176
0,JOINT_BIN,-1,20264514,0,run,8+,340,912,True,0.6633771929824561,0.6876836509277757,0.02172670097198399,-0.024306457945319562,0.0,0.6336112169110645,0.6892523099367807,0.019108351828118396,0.02388876812931001
0,JOINT_BIN,-1,20264514,1,all,all,214,4896,True,0.31495098039215685,0.31548609180897313,1.0,-0.0005351114168162317,0.0,0.2920045171278217,0.3374036335480772,1.0,1.0
0,JOINT_BIN,-1,20264514,1,history,1-4,214,856,True,0.2803738317757009,0.29486267222202617,0.17483660130718953,-0.014488840446325235,0.0,0.2371495327102804,0.3282710280373832,0.16943784639746634,0.18070699579285407
0,JOINT_BIN,-1,20264514,1,history,5-8,214,856,True,0.2897196261682243,0.3055580288020958,0.17483660130718953,-0.0158384026338715,0.0,0.24766355140186916,0.3341121495327103,0.16943784639746634,0.18070699579285407
0,JOINT_BIN,-1,20264514,1,history,9-16,214,1698,True,0.32685512367491165,0.32218190328794594,0.34681372549019607,0.004673220386965743,0.0,0.28693408612356897,0.36387255471544644,0.3367534736760951,0.357887320687194
0,JOINT_BIN,-1,20264514,1,history,17-31,182,1486,True,0.33580080753701214,0.32543399302634707,0.3035130718954248,0.010366814510665078,0.0,0.2978914570320857,0.37776227668561135,0.28087876919414195,0.3242527711797308
0,JOINT_BIN,-1,20264514,1,run,1,214,3428,True,0.15198366394399065,0.16195421682439068,0.7001633986928104,-0.009970552880399972,0.0,0.1412332227902105,0.1653215916256584,0.6770191046741729,0.7230877166744077
0,JOINT_BIN,-1,20264514,1,run,2-3,201,775,True,0.6761290322580645,0.6430463157253179,0.1582924836601307,0.033082716532746595,0.0,0.6387383451804767,0.7091842629482071,0.14890094794758665,0.16792407735054535
0,JOINT_BIN,-1,20264514,1,run,4-7,156,565,True,0.7221238938053097,0.7132297383787738,0.11540032679738563,0.0088941554265359,0.0,0.6870319296164492,0.7584415385557666,0.10439432003589424,0.12651435943395936
0,JOINT_BIN,-1,20264514,1,run,8+,44,128,False,0.6953125,0.6883215105593169,0.026143790849673203,0.006990989440683104,0.0,0.5861793837123991,0.7752017085904129,0.01738028600619462,0.03571944673823286
0,JOINT_BIN,-1,20264515,0,all,all,1834,41976,True,0.31353630646083475,0.3142196414082123,1.0,-0.0006833349473775312,0.0,0.305587418942815,0.32115129068957154,1.0,1.0
0,JOINT_BIN,-1,20264515,0,history,1-4,1834,7336,True,0.3107960741548528,0.3124420893615861,0.1747665332570993,-0.0016460152067332742,0.0,0.29575722464558346,0.32716398582333694,0.1729409629527706,0.176486791847981
0,JOINT_BIN,-1,20264515,0,history,5-8,1834,7336,True,0.31720283533260635,0.3162362525637206,0.1747665332570993,0.0009665827688856714,0.0,0.30139040348964014,0.33084105779716466,0.1729409629527706,0.176486791847981
0,JOINT_BIN,-1,20264515,0,history,9-16,1834,14569,True,0.3108655364129316,0.31469387732100057,0.34707928340003813,-0.00382834090806898,0.0,0.29712993047560704,0.3237142256098545,0.34368859301943416,0.3503558816025756
0,JOINT_BIN,-1,20264515,0,history,17-31,1605,12735,True,0.3160581075775422,0.3135393995050971,0.3033876500857633,0.002518708072445051,0.0,0.30282920898877225,0.33058462972266817,0.29681250014926047,0.3102680505244079
0,JOINT_BIN,-1,20264515,0,run,1,1834,29427,True,0.16036293200122337,0.16214497905724046,0.701043453401944,-0.0017820470560171015,0.0,0.15588646702684839,0.1647970033533701,0.6934212123767015,0.7089425711611321
0,JOINT_BIN,-1,20264515,0,run,2-3,1790,7030,True,0.6452347083926031,0.6411267372416772,0.16747665332570993,0.0041079711509258475,0.0,0.6335816981019122,0.6546959866197585,0.1641174638553017,0.17100657897461685
0,JOINT_BIN,-1,20264515,0,run,4-7,1367,4474,True,0.7141260616897631,0.7132617155201474,0.10658471507528111,0.0008643461696155937,0.0,0.7000443367722738,0.7283710835915964,0.10249500765125248,0.110410093719764
0,JOINT_BIN,-1,20264515,0,run,8+,361,1045,True,0.6803827751196172,0.6889851588397827,0.02489517819706499,-0.008602383720165429,0.0,0.652603668261563,0.7081219906263159,0.022203578810095825,0.02815988140250375
0,JOINT_BIN,-1,20264515,1,all,all,214,4896,True,0.29473039215686275,0.3055202781946932,1.0,-0.010789886037830444,0.0,0.27572104441748935,0.31635754614434813,1.0,1.0
0,JOINT_BIN,-1,20264515,1,history,1-4,214,856,True,0.3399532710280374,0.3250882259517052,0.17483660130718953,0.01486504507633219,0.0,0.2897196261682243,0.3901869158878505,0.16936912046104602,0.18002766564171796
0,JOINT_BIN,-1,20264515,1,history,5-8,214,856,True,0.29439252336448596,0.30809068089806674,0.17483660130718953,-0.013698157533580746,0.0,0.24997079439252337,0.3341121495327103,0.16936912046104602,0.18002766564171796
0,JOINT_BIN,-1,20264515,1,history,9-16,214,1698,True,0.3027090694935218,0.3108971539572706,0.34681372549019607,-0.008188084463748775,0.0,0.26875983267207176,0.33254441364896176,0.336363778594926,0.35651308339399823
0,JOINT_BIN,-1,20264515,1,history,17-31,182,1486,True,0.2597577388963661,0.28662366780509263,0.3035130718954248,-0.026865928908726546,0.0,0.22386908493615124,0.30251775032564476,0.2832412149243623,0.32490946531903836
0,JOINT_BIN,-1,20264515,1,run,1,214,3512,True,0.15290432801822323,0.16225463999095469,0.7173202614379085,-0.009350311972731451,0.0,0.14169687544833623,0.16494799652444758,0.695689552571404,0.7359859854371366
0,JOINT_BIN,-1,20264515,1,run,2-3,204,795,True,0.6264150943396226,0.639922092699264,0.16237745098039216,-0.013506998359641424,0.0,0.5946782213687951,0.655655470624591,0.15267357253873612,0.17214857090308128
0,JOINT_BIN,-1,20264515,1,run,4-7,154,491,True,0.6904276985743381,0.7123490810123828,0.1002859477124183,-0.0219213824380447,0.0,0.6482454361054767,0.7286981513875711,0.08933653915530977,0.11122819589563401
0,JOINT_BIN,-1,20264515,1,run,8+,32,98,False,0.7040816326530612,0.6886482032652053,0.020016339869281044,0.01543342938785605,0.0,0.5780237268518519,0.7881569740320323,0.01288349435123938,0.027462204713867976
0,JOINT_BIN,-1,20264516,0,all,all,1834,41976,True,0.31265485039069946,0.3144030735633777,1.0,-0.001748223172678203,0.0,0.30607358996832784,0.3198277606823087,1.0,1.0
0,JOINT_BIN,-1,20264516,0,history,1-4,1834,7336,True,0.3176117775354417,0.3159472143604061,0.1747665332570993,0.0016645631750355338,0.0,0.3023411941112323,0.3319281624863686,0.1729739925962604,0.17646132039841322
0,JOINT_BIN,-1,20264516,0,history,5-8,1834,7336,True,0.31352235550708835,0.31639959384005684,0.1747665332570993,-0.0028772383329685133,0.0,0.2985209923664122,0.32825449836423115,0.1729739925962604,0.17646132039841322
0,JOINT_BIN,-1,20264516,0,history,9-16,1834,14569,True,0.3066785640744046,0.31150857234174034,0.34707928340003813,-0.004830008267335797,0.0,0.29496622654522897,0.32188387849286926,0.34381506620267044,0.35014127726028277
0,JOINT_BIN,-1,20264516,0,history,17-31,1605,12735,True,0.31613663133097764,0.31567482061177293,0.3033876500857633,0.00046181071920466045,0.0,0.3015717781404215,0.33099722404292775,0.29695715647694254,0.31021580016353645
0,JOINT_BIN,-1,20264516,0,run,1,1834,29418,True,0.15864436739411245,0.1620383938553738,0.7008290451686678,-0.0033940264612613348,0.0,0.1549815466999655,0.16281011543478768,0.6938109106477226,0.7073397871948296
0,JOINT_BIN,-1,20264516,0,run,2-3,1782,7034,True,0.6511231162922946,0.6419252522126871,0.16757194587383267,0.009197864079607423,0.0,0.6412498299715592,0.6620447766461375,0.16415290822623488,0.17075922091772983
0,JOINT_BIN,-1,20264516,0,run,4-7,1385,4548,True,0.7036059806508356,0.7128517306180867,0.10834762721555175,-0.009245749967251065,0.0,0.6915560177203728,0.7156300055125381,0.10464006139509659,0.1121168493058603
0,JOINT_BIN,-1,20264516,0,run,8+,348,976,True,0.6936475409836066,0.6897398058850973,0.02325138174194778,0.003907735098509134,0.0,0.6620730841029848,0.7270188983230237,0.02054576517630487,0.026096865771600187
0,JOINT_BIN,-1,20264516,1,all,all,214,4896,True,0.315359477124183,0.3157052216492038,1.0,-0.00034574452502074844,0.0,0.2944301245197504,0.3374880925933931,1.0,1.0
0,JOINT_BIN,-1,20264516,1,history,1-4,214,856,True,0.3411214953271028,0.3338513751729297,0.17483660130718953,0.007270120154173095,0.0,0.2885514018691589,0.3879088785046728,0.1697057411134838,0.1801735435199238
0,JOINT_BIN,-1,20264516,1,history,5-8,214,856,True,0.2780373831775701,0.29365677408967783,0.17483660130718953,-0.015619390912107721,0.0,0.2383177570093458,0.3235981308411215,0.1697057411134838,0.1801735435199238
0,JOINT_BIN,-1,20264516,1,history,9-16,214,1698,True,0.3250883392226148,0.32250316128671624,0.34681372549019607,0.002585177935898511,0.0,0.29149676667556335,0.36268194139424637,0.3376288556218165,0.3572635459873008
0,JOINT_BIN,-1,20264516,1,history,17-31,182,1486,True,0.31090174966352624,0.31018534425361055,0.3035130718954248,0.00071640540991573,0.0,0.26785570269328424,0.34985913606776914,0.28237455573824505,0.3230495634415115
0,JOINT_BIN,-1,20264516,1,run,1,214,3416,True,0.16100702576112413,0.16163380823022833,0.6977124183006536,-0.0006267824691041877,0.0,0.1504764539337051,0.17311455993892505,0.6758140729465242,0.7180598643036151
0,JOINT_BIN,-1,20264516,1,run,2-3,209,822,True,0.6447688564476886,0.6416637567212743,0.16789215686274508,0.0031050997264142925,0.0,0.6151161761071908,0.6784036154353013,0.15919065425326873,0.17693700027613726
0,JOINT_BIN,-1,20264516,1,run,4-7,161,537,True,0.6945996275605214,0.7131366203966047,0.1096813725490196,-0.018536992836083198,0.0,0.6578933969342909,0.7311543254319893,0.09720514989676625,0.12162063427367333
0,JOINT_BIN,-1,20264516,1,run,8+,37,121,False,0.7520661157024794,0.6871876289436163,0.0247140522875817,0.06487848675886312,0.0,0.6746454845932401,0.8085184605757196,0.016145139185757034,0.03383258794583938
0,JOINT_BIN,-1,20264517,0,all,all,1834,41976,True,0.3198256146369354,0.3180227729374779,1.0,0.0018028416994574743,0.0,0.3129186148649002,0.3271913088220303,1.0,1.0
0,JOINT_BIN,-1,20264517,0,history,1-4,1834,7336,True,0.32197382769901856,0.3175355471459133,0.1747665332570993,0.004438280553105239,0.0,0.3075211286804798,0.3391562159214831,0.1729610443883392,0.17658439427209127
0,JOINT_BIN,-1,20264517,0,history,5-8,1834,7336,True,0.3139312977099237,0.3176179092896656,0.1747665332570993,-0.0036866115797419595,0.0,0.29836763904034896,0.32947450926935656,0.1729610443883392,0.17658439427209127
0,JOINT_BIN,-1,20264517,0,history,9-16,1834,14569,True,0.3237010089916947,0.31850074009030527,0.34707928340003813,0.00520026890138942,0.0,0.311450504599848,0.33626827798073716,0.34357758653376497,0.3504389459174341
0,JOINT_BIN,-1,20264517,0,history,17-31,1605,12735,True,0.31755005889281507,0.31798986085877573,0.3033876500857633,-0.00043980196596062597,0.0,0.3049287756365613,0.33235966423788027,0.29630936032033545,0.3105084592948555
0,JOINT_BIN,-1,20264517,0,run,1,1834,29131,True,0.1621983454052384,0.16221231375215084,0.6939918048408614,-1.3968346912416209e-05,0.0,0.15813909335210885,0.16645363603342236,0.6866517127160485,0.7005679319602084
0,JOINT_BIN,-1,20264517,0,run,2-3,1789,7103,True,0.6505701816134027,0.6417004158302753,0.16921574232894987,0.008869765783127474,0.0,0.6397075146537715,0.6613720121107426,0.16616481186970494,0.17247030317752327
0,JOINT_BIN,-1,20264517,0,run,4-7,1393,4691,True,0.7203154977616713,0.712543211596032,0.11175433581093959,0.0077722861656393675,0.0,0.7077049658902341,0.732999417037225,0.10800849275221874,0.11554796573456573
0,JOINT_BIN,-1,20264517,0,run,8+,392,1051,True,0.6660323501427212,0.6882766371743446,0.025038117019249094,-0.022244287031623396,0.0,0.632693161244083,0.6944621879588839,0.0221436715834276,0.02789440475199877
0,JOINT_BIN,-1,20264517,1,all,all,214,4896,True,0.30861928104575165,0.3118265616745694,1.0,-0.003207280628817767,0.0,0.28574077054670444,0.32846117159029453,1.0,1.0
0,JOINT_BIN,-1,20264517,1,history,1-4,214,856,True,0.27102803738317754,0.3010463128977882,0.17483660130718953,-0.030018275514610695,0.0,0.22780373831775702,0.3107476635514019,0.17017385756943643,0.1796866049808198
0,JOINT_BIN,-1,20264517,1,history,5-8,214,856,True,0.3282710280373832,0.3082732230564466,0.17483660130718953,0.019997804980936597,0.0,0.2885514018691589,0.3750876168224298,0.17017385756943643,0.1796866049808198
0,JOINT_BIN,-1,20264517,1,history,9-16,214,1698,True,0.3209658421672556,0.3206829539891741,0.34681372549019607,0.00028288817808145233,0.0,0.28406069644839066,0.3555379177524921,0.33796750182128166,0.3562484402284986
0,JOINT_BIN,-1,20264517,1,history,17-31,182,1486,True,0.30484522207267833,0.3099634369503695,0.3035130718954248,-0.005118214877691157,0.0,0.26546708225136595,0.3423765517728751,0.2844052746312228,0.32130251059173154
0,JOINT_BIN,-1,20264517,1,run,1,214,3443,True,0.16787685158292187,0.16269342575110163,0.7032271241830066,0.005183425831820249,0.0,0.15598002908578362,0.18328220302062154,0.6836609193693528,0.7261202836464264
0,JOINT_BIN,-1,20264517,1,run,2-3,208,846,True,0.6122931442080378,0.6327666844525579,0.17279411764705882,-0.020473540244520094,0.0,0.5781981701221879,0.6447514947756494,0.16314713490472896,0.18375483450509142
0,JOINT_BIN,-1,20264517,1,run,4-7,153,510,True,0.6941176470588235,0.7144169227540631,0.10416666666666667,-0.020299275695239597,0.0,0.6510775729646697,0.728282627212799,0.09125829379494403,0.11599739889425797
0,JOINT_BIN,-1,20264517,1,run,8+,38,97,False,0.6288659793814433,0.6894446953217805,0.019812091503267973,-0.0605787159403373,0.0,0.5070422535211268,0.722233893557423,0.01289043750995174,0.02769103325642958
0,JOINT_BIN,-1,20264518,0,all,all,1834,41976,True,0.31239279588336194,0.3148495568275114,1.0,-0.002456760944149518,0.0,0.30553395483294427,0.3197475362109146,1.0,1.0
0,JOINT_BIN,-1,20264518,0,history,1-4,1834,7336,True,0.30670665212649945,0.3129788441683656,0.1747665332570993,-0.006272192041866143,0.0,0.29088058887677204,0.320764040348964,0.1730392734992334,0.17644826906271097
0,JOINT_BIN,-1,20264518,0,history,5-8,1834,7336,True,0.30929661941112324,0.31078247161499256,0.1747665332570993,-0.0014858522038693081,0.0,0.29579130316248636,0.32620637949836423,0.1730392734992334,0.17644826906271097
0,JOINT_BIN,-1,20264518,0,history,9-16,1834,14569,True,0.31464067540668544,0.3155921744766303,0.34707928340003813,-0.0009514990699448923,0.0,0.3032187924874934,0.32811340334665856,0.3437195205244237,0.35014028710740325
0,JOINT_BIN,-1,20264518,0,history,17-31,1605,12735,True,0.314880251276011,0.31742046288613096,0.3033876500857633,-0.0025402116101199647,0.0,0.303250562154411,0.3262119021254632,0.2968351032283242,0.3102531255758066
0,JOINT_BIN,-1,20264518,0,run,1,1834,29408,True,0.15992247007616975,0.16236031777420099,0.700590813798361,-0.0024378476980312118,0.0,0.1563288143379654,0.16382789116224716,0.6931300238459193,0.7071390925651599
0,JOINT_BIN,-1,20264518,0,run,2-3,1786,7068,True,0.6437464629315224,0.6426397494797716,0.16838193253287592,0.0011067134517507634,0.0,0.6320829431682331,0.6564377357165533,0.16552320859001407,0.1716976799576895
0,JOINT_BIN,-1,20264518,0,run,4-7,1385,4493,True,0.7068773647896728,0.7134525111072068,0.10703735467886412,-0.006575146317533893,0.0,0.6941085593429153,0.7183494563635009,0.1028650022427807,0.11111645502735724
0,JOINT_BIN,-1,20264518,0,run,8+,358,1007,True,0.6792452830188679,0.6888906559684339,0.023989898989898988,-0.009645372949565937,0.0,0.651805613002861,0.7068109918345791,0.02122092107913621,0.027028994436961207
0,JOINT_BIN,-1,20264518,1,all,all,214,4896,True,0.3151552287581699,0.3149077067037486,1.0,0.0002475220544212624,0.0,0.29481222156173514,0.3393301606653828,1.0,1.0
0,JOINT_BIN,-1,20264518,1,history,1-4,214,856,True,0.3446261682242991,0.33164886203796046,0.17483660130718953,0.012977306186338562,0.0,0.299036214953271,0.39605724299065415,0.16966874368308982,0.18059262306907256
0,JOINT_BIN,-1,20264518,1,history,5-8,214,856,True,0.32710280373831774,0.3186097107752045,0.17483660130718953,0.008493092963113248,0.0,0.28618574766355137,0.3773364485981308,0.16966874368308982,0.18059262306907256
0,JOINT_BIN,-1,20264518,1,history,9-16,214,1698,True,0.3003533568904594,0.30474070277946946,0.34681372549019607,-0.0043873458890100435,0.0,0.26500684017315945,0.33862504221546774,0.336825162645105,0.35755993849960144
0,JOINT_BIN,-1,20264518,1,history,17-31,182,1486,True,0.3082099596231494,0.3147490446661812,0.3035130718954248,-0.006539085043031765,0.0,0.2717342433092594,0.35106218355978935,0.28095172601808527,0.32408512987076704
0,JOINT_BIN,-1,20264518,1,run,1,214,3424,True,0.16325934579439252,0.161923624769047,0.6993464052287581,0.0013357210253455288,0.0,0.15310178331646226,0.17665288450056102,0.675369060224814,0.7190531420533226
0,JOINT_BIN,-1,20264518,1,run,2-3,211,838,True,0.6551312649164678,0.6418865921030886,0.17116013071895425,0.013244672813379084,0.0,0.6199977375565611,0.6923169267707082,0.16290032045008432,0.18100241160442068
0,JOINT_BIN,-1,20264518,1,run,4-7,162,539,True,0.699443413729128,0.7126401330167103,0.11008986928104575,-0.013196719287582264,0.0,0.662085944654304,0.7304495829651273,0.09950750118484078,0.12228283093917176
0,JOINT_BIN,-1,20264518,1,run,8+,37,95,False,0.6105263157894737,0.6878699466730674,0.01940359477124183,-0.07734363088359379,0.0,0.47761194029850745,0.6869581812147362,0.012644616467276567,0.02672765787921082
0,JOINT_BIN,-1,20264519,0,all,all,1834,41976,True,0.31865828092243187,0.317363981595712,1.0,0.0012942993267198713,0.0,0.31099443940426824,0.32600711306474056,1.0,1.0
0,JOINT_BIN,-1,20264519,0,history,1-4,1834,7336,True,0.3218375136314068,0.31816553403738124,0.1747665332570993,0.0036719795940255203,0.0,0.30560932388222467,0.33642311886586695,0.17285915677823735,0.17645240704832668
0,JOINT_BIN,-1,20264519,0,history,5-8,1834,7336,True,0.31025081788440567,0.3137424764643892,0.1747665332570993,-0.0034916585799834865,0.0,0.29525286259541983,0.3244342966194111,0.17285915677823735,0.17645240704832668
0,JOINT_BIN,-1,20264519,0,history,9-16,1834,14569,True,0.3204063422335095,0.31794062559187625,0.34707928340003813,0.0024657166416332766,0.0,0.3072530322881064,0.3341370415204224,0.3435373199942088,0.3503237146303357
0,JOINT_BIN,-1,20264519,0,history,17-31,1605,12735,True,0.31967020023557124,0.31832872808579304,0.3033876500857633,0.0013414721497782276,0.0,0.30605938310005726,0.3330145768093868,0.2967801716836498,0.3107985302401051
0,JOINT_BIN,-1,20264519,0,run,1,1834,29187,True,0.16411416041388288,0.1625351548624422,0.6953259005145798,0.001579005551440698,0.0,0.16011040575956983,0.16815980937143157,0.6880781020060986,0.7027682214196764
0,JOINT_BIN,-1,20264519,0,run,2-3,1784,7136,True,0.6434977578475336,0.6408750744562723,0.17000190585096245,0.0026226833912612194,0.0,0.6330003224149274,0.6554906569384513,0.16694008700471605,0.17326211489611593
0,JOINT_BIN,-1,20264519,0,run,4-7,1379,4639,True,0.7148092261263204,0.7126378041842857,0.110515532685344,0.0021714219420346597,0.0,0.7008693643022519,0.727959090381222,0.10679439590782308,0.11472318428364557
0,JOINT_BIN,-1,20264519,0,run,8+,363,1014,True,0.6686390532544378,0.6889010074562575,0.02415666094911378,-0.02026195420181972,0.0,0.6422583150584796,0.6946292590817019,0.021224246205664276,0.027222751014959606
0,JOINT_BIN,-1,20264519,1,all,all,214,4896,True,0.309640522875817,0.31336212665392227,1.0,-0.0037216037781052902,0.0,0.28778255255149005,0.32956891506596525,1.0,1.0
0,JOINT_BIN,-1,20264519,1,history,1-4,214,856,True,0.3212616822429907,0.3234400455848613,0.17483660130718953,-0.0021783633418706277,0.0,0.276839953271028,0.36688084112149527,0.16956791292803416,0.18002197717611867
0,JOINT_BIN,-1,20264519,1,history,5-8,214,856,True,0.308411214953271,0.3059419274571331,0.17483660130718953,0.0024692874961378883,0.0,0.2616530373831775,0.35867406542056074,0.16956791292803416,0.18002197717611867
0,JOINT_BIN,-1,20264519,1,history,9-16,214,1698,True,0.31566548881036516,0.3147308354222084,0.34681372549019607,0.0009346533881567617,0.0,0.281867577813939,0.3474720951985035,0.33662822661939057,0.3564100986077389
0,JOINT_BIN,-1,20264519,1,history,17-31,182,1486,True,0.29676985195154776,0.31026719019296534,0.3035130718954248,-0.01349733824141753,0.0,0.25725855060871144,0.337911962764904,0.2839011566771819,0.32429553118845167
0,JOINT_BIN,-1,20264519,1,run,1,214,3440,True,0.16104651162790698,0.16209212474427176,0.7026143790849673,-0.0010456131163647762,0.0,0.14938757138169567,0.1738611872784887,0.6830554952978938,0.7240245118951726
0,JOINT_BIN,-1,20264519,1,run,2-3,209,813,True,0.6383763837638377,0.6398572085314186,0.16605392156862744,-0.0014808247675808933,0.0,0.6063285915902455,0.6720815968631628,0.15625656565270096,0.1760457721822227
0,JOINT_BIN,-1,20264519,1,run,4-7,155,523,True,0.6864244741873805,0.714132924877609,0.1068218954248366,-0.027708450690228547,0.0,0.6465162784170643,0.7213420032359495,0.09419008950666566,0.11939581661316212
0,JOINT_BIN,-1,20264519,1,run,8+,41,120,False,0.7,0.6910719394189655,0.024509803921568627,0.008928060581034436,0.0,0.6037302656911822,0.7718182491117253,0.016225889503057662,0.0326216513864494
0,JOINT_BIN,-1,20264520,0,all,all,1834,41976,True,0.31382218410520296,0.314686970162214,1.0,-0.0008647860570109294,0.0,0.3067049355103957,0.32186244087537647,1.0,1.0
0,JOINT_BIN,-1,20264520,0,history,1-4,1834,7336,True,0.321701199563795,0.31802805279828045,0.1747665332570993,0.0036731467655145658,0.0,0.30657033805888767,0.3369751908396946,0.1729604329856344,0.17635463243425165
0,JOINT_BIN,-1,20264520,0,history,5-8,1834,7336,True,0.3324700109051254,0.3230269167887225,0.1747665332570993,0.0094430941164029,0.0,0.31773446019629226,0.34897082878953106,0.1729604329856344,0.17635463243425165
0,JOINT_BIN,-1,20264520,0,history,9-16,1834,14569,True,0.3095613974878166,0.3134674385814864,0.34707928340003813,-0.0039060410936698057,0.0,0.2963508337386826,0.3229822935968705,0.3436010478913479,0.3500022236645992
0,JOINT_BIN,-1,20264520,0,history,17-31,1605,12735,True,0.3034157832744405,0.309353269724787,0.3033876500857633,-0.005937486450346438,0.0,0.29018630468892653,0.31643246663291946,0.2972955430549546,0.3105113471923925
0,JOINT_BIN,-1,20264520,0,run,1,1834,29368,True,0.16255788613456823,0.16237419902478697,0.6996378883171336,0.00018368710978124088,0.0,0.15889374654566052,0.16727862827833,0.6919460826864506,0.7066761787648929
0,JOINT_BIN,-1,20264520,0,run,2-3,1788,7164,True,0.6395868230039085,0.6395175952996273,0.17066895368782162,6.922770428113228e-05,0.0,0.6291268617824427,0.6512845564127959,0.16758566690273674,0.1741415917212715
0,JOINT_BIN,-1,20264520,0,run,4-7,1369,4434,True,0.7052322958953541,0.7132582386595006,0.10563178959405374,-0.008025942764146586,0.0,0.6915435777186577,0.7178496281961315,0.10172841037708981,0.10974929260519062
0,JOINT_BIN,-1,20264520,0,run,8+,357,1010,True,0.6831683168316832,0.6897066332934558,0.024061368400991042,-0.006538316461772601,0.0,0.6510195765279241,0.7127787759121115,0.02117009529084791,0.027181813449411323
0,JOINT_BIN,-1,20264520,1,all,all,214,4896,True,0.3055555555555556,0.31143010143500394,1.0,-0.005874545879448389,0.0,0.286169271456364,0.3277093287668622,1.0,1.0
0,JOINT_BIN,-1,20264520,1,history,1-4,214,856,True,0.33294392523364486,0.32903057516170153,0.17483660130718953,0.003913350071943364,0.0,0.28384929906542056,0.3820385514018691,0.16953014441474146,0.17946057696877524
0,JOINT_BIN,-1,20264520,1,history,5-8,214,856,True,0.3002336448598131,0.302624750872142,0.17483660130718953,-0.002391106012328939,0.0,0.2546728971962617,0.34813084112149534,0.16953014441474146,0.17946057696877524
0,JOINT_BIN,-1,20264520,1,history,9-16,214,1698,True,0.31919905771495877,0.3225552079049273,0.34681372549019607,-0.0033561501899685097,0.0,0.2835915210662105,0.35534667579465495,0.336497369094624,0.35577904402554605
0,JOINT_BIN,-1,20264520,1,history,17-31,182,1486,True,0.2772543741588156,0.2936514633366371,0.3035130718954248,-0.01639708917782149,0.0,0.24305186702808895,0.3130710147119042,0.2851608161657383,0.3242457902811039
0,JOINT_BIN,-1,20264520,1,run,1,214,3460,True,0.16156069364161849,0.1623479469996164,0.7066993464052288,-0.0007872533579979148,0.0,0.15045985929455347,0.1724101558838189,0.6843198742604681,0.7277778515881029
0,JOINT_BIN,-1,20264520,1,run,2-3,207,827,True,0.6142684401451027,0.643223927427671,0.16891339869281047,-0.028955487282568235,0.0,0.5755336479047298,0.65432325708061,0.15948912409211077,0.1779199993240068
0,JOINT_BIN,-1,20264520,1,run,4-7,153,509,True,0.7210216110019646,0.7118832756952167,0.1039624183006536,0.00913833530674802,0.0,0.680608756530141,0.7582614628358336,0.09166598973662785,0.11763723768206764
0,JOINT_BIN,-1,20264520,1,run,8+,39,100,False,0.62,0.6874310469555734,0.02042483660130719,-0.06743104695557346,0.0,0.5184865900383141,0.7029397233201581,0.01303871106614755,0.028745812291402887
0,JOINT_BIN,-1,20264521,0,all,all,1834,41976,True,0.3164903754526396,0.3165019620937825,1.0,-1.1586641142910681e-05,0.0,0.3094676560143323,0.32434169438230626,1.0,1.0
0,JOINT_BIN,-1,20264521,0,history,1-4,1834,7336,True,0.31952017448200654,0.31710931824579647,0.1747665332570993,0.0024108562362100583,0.0,0.3038406488549618,0.3376533533260632,0.1729205805565586,0.17647352446335315
0,JOINT_BIN,-1,20264521,0,history,5-8,1834,7336,True,0.3176117775354417,0.3178417069387538,0.1747665332570993,-0.00022992940331210312,0.0,0.30246728462377315,0.3330152671755725,0.1729205805565586,0.17647352446335315
0,JOINT_BIN,-1,20264521,0,history,9-16,1834,14569,True,0.31745486992930194,0.3154646708635096,0.34707928340003813,0.001990199065792352,0.0,0.3034009807974401,0.3298886955648375,0.3436148717020163,0.35032559193366697
0,JOINT_BIN,-1,20264521,0,history,17-31,1605,12735,True,0.312995681193561,0.31656700826731704,0.3033876500857633,-0.0035713270737560234,0.0,0.29981518944958474,0.3267780240436691,0.29681634279819114,0.3105029985771294
0,JOINT_BIN,-1,20264521,0,run,1,1834,29253,True,0.16176118688681504,0.16232621776189582,0.6968982275586049,-0.0005650308750808042,0.0,0.15754167514482958,0.1659149309689577,0.6891894026682643,0.7033641102504314
0,JOINT_BIN,-1,20264521,0,run,2-3,1781,7120,True,0.6425561797752809,0.6415447502337572,0.1696207356584715,0.0010114295415236559,0.0,0.6302338187925428,0.6543174544205417,0.16631622794963463,0.1730506982401352
0,JOINT_BIN,-1,20264521,0,run,4-7,1384,4532,True,0.7111650485436893,0.7128881344621696,0.10796645702306079,-0.0017230859184803355,0.0,0.6982367424546154,0.7237739942945557,0.10421393749726932,0.11215579513402936
0,JOINT_BIN,-1,20264521,0,run,8+,357,1071,True,0.7049486461251168,0.6894023021596374,0.02551457975986278,0.01554634396547935,0.0,0.6776573374428316,0.7317349905275938,0.022328040553704683,0.02891721012289763
0,JOINT_BIN,-1,20264521,1,all,all,214,4896,True,0.3241421568627451,0.3215969856113277,1.0,0.0025451712514173346,0.0,0.3019649491653349,0.34530028332195245,1.0,1.0
0,JOINT_BIN,-1,20264521,1,history,1-4,214,856,True,0.3107476635514019,0.3124642175168301,0.17483660130718953,-0.0017165539654282738,0.0,0.2651577102803738,0.36098130841121495,0.16983622105203558,0.17956786238724565
0,JOINT_BIN,-1,20264521,1,history,5-8,214,856,True,0.32710280373831774,0.32024269013105977,0.17483660130718953,0.0068601136072579645,0.0,0.2721378504672897,0.37619742990654204,0.16983622105203558,0.17956786238724565
0,JOINT_BIN,-1,20264521,1,history,9-16,214,1698,True,0.31861012956419316,0.32090792565990345,0.34681372549019607,-0.0022977960957102396,0.0,0.2804209434068091,0.3547901343757431,0.33716173150454054,0.355918185252951
0,JOINT_BIN,-1,20264521,1,history,17-31,182,1486,True,0.3364737550471063,0.32842535049525634,0.3035130718954248,0.00804840455184997,0.0,0.29894099322635564,0.3760175440965174,0.285239661409703,0.3232262423590673
0,JOINT_BIN,-1,20264521,1,run,1,214,3376,True,0.16528436018957346,0.16375107723271973,0.6895424836601307,0.0015332829568537535,0.0,0.15437343143603222,0.17697566715711813,0.668911727886507,0.7110844897081267
0,JOINT_BIN,-1,20264521,1,run,2-3,205,817,True,0.6291309669522643,0.6422645692399804,0.16687091503267973,-0.013133602287716083,0.0,0.5937934371426058,0.6635406713922296,0.15940849711979402,0.17546643373302426
0,JOINT_BIN,-1,20264521,1,run,4-7,160,559,True,0.7352415026833632,0.7113877771147887,0.11417483660130719,0.02385372556857438,0.0,0.6993798892659403,0.7644192677504115,0.10178418027500312,0.12643758284171996
0,JOINT_BIN,-1,20264521,1,run,8+,42,144,False,0.7222222222222222,0.6897172523553335,0.029411764705882353,0.03250496986688865,0.0,0.6342904617537314,0.781465984346779,0.019416167403528018,0.038508185708183956
0,JOINT_BIN,-1,20264522,0,all,all,1834,41976,True,0.3162997903563941,0.3160291132748757,1.0,0.0002706770815185005,0.0,0.30870978606833854,0.3238567458495393,1.0,1.0
0,JOINT_BIN,-1,20264522,0,history,1-4,1834,7336,True,0.32360959651035986,0.3235491190625408,0.1747665332570993,6.0477447819087955e-05,0.0,0.30779716466739365,0.34051594874591057,0.17311675647018746,0.1766184052362319
0,JOINT_BIN,-1,20264522,0,history,5-8,1834,7336,True,0.30616139585605234,0.3071436519322644,0.1747665332570993,-0.0009822560762120206,0.0,0.2903387404580152,0.32142857142857145,0.17311675647018746,0.1766184052362319
0,JOINT_BIN,-1,20264522,0,history,9-16,1834,14569,True,0.32239687006657974,0.3188611869400632,0.34707928340003813,0.003535683126516545,0.0,0.308351392359651,0.3358177627296607,0.3440820910295536,0.3505656147415666
0,JOINT_BIN,-1,20264522,0,history,17-31,1605,12735,True,0.31095406360424027,0.31357575644118635,0.3033876500857633,-0.0026216928369460863,0.0,0.2980408260974991,0.32301069357847795,0.2961999716038828,0.3097102711429088
0,JOINT_BIN,-1,20264522,0,run,1,1834,29272,True,0.16575567094834653,0.162436392267813,0.697350867162188,0.003319278680533551,0.0,0.16159698669111122,0.16999671547647935,0.6900500574722773,0.7045914028411597
0,JOINT_BIN,-1,20264522,0,run,2-3,1785,7211,True,0.6325058937734017,0.6402931405691794,0.17178864112826378,-0.007787246795777802,0.0,0.6205014282753951,0.6421925622397479,0.1684271737203554,0.17505762294597027
0,JOINT_BIN,-1,20264522,0,run,4-7,1356,4484,True,0.703835860838537,0.7128271090238254,0.10682294644558796,-0.008991248185288332,0.0,0.6909026168038797,0.7177147098572305,0.10295801684822202,0.110577407787893
0,JOINT_BIN,-1,20264522,0,run,8+,337,1009,True,0.7016848364717542,0.6911094061997729,0.024037545263960357,0.010575430271981266,0.0,0.6715785607775998,0.7309106999195495,0.02088248342683953,0.027424131772803888
0,JOINT_BIN,-1,20264522,1,all,all,214,4896,True,0.31066176470588236,0.3135662009193128,1.0,-0.0029044362134304845,0.0,0.29011612270997406,0.33402759548497174,1.0,1.0
0,JOINT_BIN,-1,20264522,1,history,1-4,214,856,True,0.31542056074766356,0.31450587199047886,0.17483660130718953,0.0009146887571846841,0.0,0.26749415887850464,0.36106892523364476,0.17020685109762898,0.18029594918639844
0,JOINT_BIN,-1,20264522,1,history,5-8,214,856,True,0.3119158878504673,0.3195732889460294,0.17483660130718953,-0.007657401095562124,0.0,0.2639894859813084,0.3644859813084112,0.17020685109762898,0.18029594918639844
0,JOINT_BIN,-1,20264522,1,history,9-16,214,1698,True,0.32037691401649,0.3144463083378861,0.34681372549019607,0.005930605678603899,0.0,0.28528404267797935,0.35648439849033564,0.33853804306508734,0.3576257615394848
0,JOINT_BIN,-1,20264522,1,history,17-31,182,1486,True,0.2960969044414536,0.3085589006605478,0.3035130718954248,-0.012461996219094208,0.0,0.2629562473074394,0.3374354154699595,0.28192639219551086,0.3215945090976947
0,JOINT_BIN,-1,20264522,1,run,1,214,3439,True,0.15673160802558883,0.16214492682548065,0.7024101307189542,-0.005413318799891815,0.0,0.1443505853606319,0.16800588235294117,0.6796969735870222,0.7228504662619865
0,JOINT_BIN,-1,20264522,1,run,2-3,210,791,True,0.638432364096081,0.6400093696679767,0.16156045751633988,-0.0015770055718958705,0.0,0.6070919078164456,0.6720317242151351,0.1525790485424615,0.1708477933907156
0,JOINT_BIN,-1,20264522,1,run,4-7,160,540,True,0.7222222222222222,0.7120199375689596,0.11029411764705882,0.010202284653262585,0.0,0.6907964405715763,0.757581317764804,0.09873448377596918,0.12180478282572833
0,JOINT_BIN,-1,20264522,1,run,8+,44,126,False,0.6904761904761905,0.6894090369326973,0.025735294117647058,0.0010671535434931259,0.0,0.5887074829931973,0.7640475555386198,0.017655623753818482,0.036425390211284533
0,JOINT_BIN,-1,20264523,0,all,all,1834,41976,True,0.3242805412616733,0.3198586502456325,1.0,0.004421891016040879,0.0,0.3165437149441643,0.33229510905862286,1.0,1.0
0,JOINT_BIN,-1,20264523,0,history,1-4,1834,7336,True,0.33342420937840783,0.32230708119744533,0.1747665332570993,0.011117128180962454,0.0,0.31841603053435114,0.3487016085059978,0.1730674411354177,0.17642673336379597
0,JOINT_BIN,-1,20264523,0,history,5-8,1834,7336,True,0.3286532170119956,0.3267952097576169,0.1747665332570993,0.0018580072543786913,0.0,0.3126976553980371,0.34378748636859324,0.1730674411354177,0.17642673336379597
0,JOINT_BIN,-1,20264523,0,history,9-16,1834,14569,True,0.32294598119294393,0.31864286079452436,0.34707928340003813,0.004303120398419519,0.0,0.3105763898427306,0.3360785828359677,0.34409962164554897,0.35025744411680354
0,JOINT_BIN,-1,20264523,0,history,17-31,1605,12735,True,0.31802120141342755,0.31584330250089554,0.3033876500857633,0.0021778989125320228,0.0,0.3045014748870162,0.3317298656959818,0.29688900670358453,0.30969924978995333
0,JOINT_BIN,-1,20264523,0,run,1,1834,28959,True,0.1660623640319072,0.16213399403522935,0.6898942252715837,0.003928369996677827,0.0,0.1618258876283754,0.17020572819691096,0.6822701193149746,0.6975155088502613
0,JOINT_BIN,-1,20264523,0,run,2-3,1792,7220,True,0.650415512465374,0.6404929037079636,0.17200304936153993,0.009922608757410172,0.0,0.639243734081123,0.6615017192561148,0.16877183836979426,0.17556657605723355
0,JOINT_BIN,-1,20264523,0,run,4-7,1423,4761,True,0.71686620457887,0.7129338293547167,0.11342195540308748,0.003932375224153304,0.0,0.7043527086666547,0.7294248806963691,0.10911053774245047,0.11774394470973906
0,JOINT_BIN,-1,20264523,0,run,8+,378,1036,True,0.6698841698841699,0.6877525512694562,0.02468076996378883,-0.01786838138528628,0.0,0.6406393804962106,0.6945886015284561,0.021903091442672943,0.02777008751194815
0,JOINT_BIN,-1,20264523,1,all,all,214,4896,True,0.3366013071895425,0.3272672888042178,1.0,0.009334018385324697,0.0,0.31470454280688365,0.356334796834318,1.0,1.0
0,JOINT_BIN,-1,20264523,1,history,1-4,214,856,True,0.33060747663551404,0.3226684821154567,0.17483660130718953,0.0079389945200573,0.0,0.28498831775700934,0.37383177570093457,0.1698067358961553,0.17975923776334307
0,JOINT_BIN,-1,20264523,1,history,5-8,214,856,True,0.3119158878504673,0.31601309527061694,0.17483660130718953,-0.004097207420149671,0.0,0.26749415887850464,0.35867406542056074,0.1698067358961553,0.17975923776334307
0,JOINT_BIN,-1,20264523,1,history,9-16,214,1698,True,0.31919905771495877,0.3159132404454485,0.34681372549019607,0.0032858172695103675,0.0,0.2847855852762206,0.35647377954114196,0.3373753678925747,0.35637113015953664
0,JOINT_BIN,-1,20264523,1,history,17-31,182,1486,True,0.37415881561238223,0.34937317191561224,0.3035130718954248,0.024785643696769978,0.0,0.33596069752041635,0.4126417244547121,0.28443864920355555,0.3228791189366014
0,JOINT_BIN,-1,20264523,1,run,1,214,3309,True,0.17014203686914475,0.1622588088027638,0.6758578431372549,0.007883228066380954,0.0,0.15741840722182887,0.18142994030905188,0.6557532484177729,0.6971788426773724
0,JOINT_BIN,-1,20264523,1,run,2-3,210,859,True,0.6519208381839348,0.6406208618754322,0.17544934640522875,0.01129997630850252,0.0,0.619363456870558,0.6801067323481117,0.16576055062257603,0.18364833764455263
0,JOINT_BIN,-1,20264523,1,run,4-7,168,582,True,0.7371134020618557,0.7122406063235103,0.11887254901960784,0.024872795738345395,0.0,0.6980721409905144,0.7709056408854388,0.10709401750619904,0.13039142126259112
0,JOINT_BIN,-1,20264523,1,run,8+,54,146,False,0.6575342465753424,0.6888280440125036,0.0298202614379085,-0.03129379743716121,0.0,0.5747104992279979,0.720436114615246,0.02122747360204668,0.039634290213627854
0,JOINT_BIN,-1,20264524,0,all,all,1834,41976,True,0.3137745378311416,0.3150871839158309,1.0,-0.0013126460846893042,0.0,0.3068218810683789,0.32125238888252167,1.0,1.0
0,JOINT_BIN,-1,20264524,0,history,1-4,1834,7336,True,0.306979280261723,0.31104931782937145,0.1747665332570993,-0.004070037567648436,0.0,0.29225395310796076,0.32361300436205015,0.17289235883647208,0.17645888099811605
0,JOINT_BIN,-1,20264524,0,history,5-8,1834,7336,True,0.31461286804798255,0.3145564877425936,0.1747665332570993,5.63803053889173e-05,0.0,0.29988413304253003,0.33056161395856054,0.17289235883647208,0.17645888099811605
0,JOINT_BIN,-1,20264524,0,history,9-16,1834,14569,True,0.30963003637861214,0.31234779622301156,0.34707928340003813,-0.002717759844399419,0.0,0.297568470101327,0.32219720791109224,0.34366075519556355,0.35033204274957813
0,JOINT_BIN,-1,20264524,0,history,17-31,1605,12735,True,0.32194738908519827,0.3208527993091423,0.3033876500857633,0.0010945897760559669,0.0,0.309477345446328,0.3359705467648441,0.2968096730949859,0.31050795114703444
0,JOINT_BIN,-1,20264524,0,run,1,1834,29362,True,0.16276139227573053,0.16278807704566933,0.6994949494949495,-2.6684769938767992e-05,0.0,0.15866656721008562,0.1673945216760436,0.6916274995898095,0.7065489400806282
0,JOINT_BIN,-1,20264524,0,run,2-3,1774,7140,True,0.6322128851540616,0.6397031529991496,0.1700971983990852,-0.00749026784508801,0.0,0.6204971306062445,0.6440448586778963,0.16655227933914657,0.17343787116004897
0,JOINT_BIN,-1,20264524,0,run,4-7,1354,4521,True,0.7186463171864632,0.7128056369446415,0.10770440251572327,0.0058406802418216166,0.0,0.705126481897751,0.7317753168285329,0.10378226423528186,0.11223448828857671
0,JOINT_BIN,-1,20264524,0,run,8+,363,953,True,0.6600209863588667,0.6886057888723224,0.022703449590242043,-0.02858480251345568,0.0,0.6310667931242107,0.6891764177764477,0.02012639654593765,0.02579962639071014
0,JOINT_BIN,-1,20264524,1,all,all,214,4896,True,0.30800653594771243,0.31165467693124693,1.0,-0.0036481409835345574,0.0,0.28792884226423343,0.32905709207390915,1.0,1.0
0,JOINT_BIN,-1,20264524,1,history,1-4,214,856,True,0.3130841121495327,0.316241289824113,0.17483660130718953,-0.003157177674580315,0.0,0.2639894859813084,0.35636682242990647,0.1697057411134838,0.17968094038623006
0,JOINT_BIN,-1,20264524,1,history,5-8,214,856,True,0.3119158878504673,0.3088865611562361,0.17483660130718953,0.0030293266942311996,0.0,0.26282126168224296,0.3598422897196261,0.1697057411134838,0.17968094038623006
0,JOINT_BIN,-1,20264524,1,history,9-16,214,1698,True,0.28032979976442873,0.29554973945083723,0.34681372549019607,-0.01521993968640844,0.0,0.2477670212021067,0.3119950749982719,0.33709926118332384,0.356232570523412
0,JOINT_BIN,-1,20264524,1,history,17-31,182,1486,True,0.3344549125168237,0.32900969059803825,0.3035130718954248,0.005445221918785445,0.0,0.2982405963557091,0.3730412737027227,0.2844196053736356,0.3237657232858507
0,JOINT_BIN,-1,20264524,1,run,1,214,3459,True,0.1555362821624747,0.1617098274079159,0.7064950980392157,-0.006173545245441194,0.0,0.14378128788388111,0.16744881762296437,0.6860292870321828,0.7266786059957081
0,JOINT_BIN,-1,20264524,1,run,2-3,205,815,True,0.6674846625766871,0.6433629695503749,0.1664624183006536,0.0241216930263122,0.0,0.6342902887984855,0.7004198624702459,0.15761850435017832,0.17687132618388152
0,JOINT_BIN,-1,20264524,1,run,4-7,158,536,True,0.7014925373134329,0.714763619293917,0.10947712418300654,-0.013271081980484073,0.0,0.657733927243951,0.742397229161935,0.0967687281340833,0.12097354458231951
0,JOINT_BIN,-1,20264524,1,run,8+,37,86,False,0.5813953488372093,0.6866614549570824,0.017565359477124183,-0.10526610611987311,0.0,0.4542929292929293,0.673951182303585,0.011418447441392332,0.025148861635588434
0,JOINT_BIN,-1,20264525,0,all,all,1834,41976,True,0.3084381551362683,0.3117673689555271,1.0,-0.003329213819258695,0.0,0.299925544210328,0.3159128588415803,1.0,1.0
0,JOINT_BIN,-1,20264525,0,history,1-4,1834,7336,True,0.31338604143947657,0.3135065737637478,0.1747665332570993,-0.00012053232427125487,0.0,0.2985175845147219,0.3292052889858233,0.17301764408079592,0.17658025010874262
0,JOINT_BIN,-1,20264525,0,history,5-8,1834,7336,True,0.31515812431842966,0.31800053949855156,0.1747665332570993,-0.0028424151801218953,0.0,0.29960128135223557,0.3312772628135223,0.17301764408079592,0.17658025010874262
0,JOINT_BIN,-1,20264525,0,history,9-16,1834,14569,True,0.3120323975564555,0.3133235397205933,0.34707928340003813,-0.001291142164137743,0.0,0.29980738557339465,0.3238532685364565,0.3436010559300329,0.3504164777921313
0,JOINT_BIN,-1,20264525,0,history,17-31,1605,12735,True,0.2976050255202199,0.30539460119321965,0.3033876500857633,-0.00778957567299977,0.0,0.2852493616054257,0.30937717717109525,0.29642302199038345,0.3103202435225364
0,JOINT_BIN,-1,20264525,0,run,1,1834,29595,True,0.15948639972968406,0.16239512197352368,0.7050457404230989,-0.00290872224383961,0.0,0.1551682641737371,0.16381495676713453,0.6980274101112794,0.7132511044592668
0,JOINT_BIN,-1,20264525,0,run,2-3,1779,6983,True,0.6338250035801232,0.6381746932969713,0.16635696588526777,-0.004349689716848013,0.0,0.622737954818324,0.6452361356625297,0.1629159536217663,0.16966827966434267
0,JOINT_BIN,-1,20264525,0,run,4-7,1348,4357,True,0.7096626118889144,0.7130590164499051,0.10379740804269107,-0.003396404560990607,0.0,0.6964091177430579,0.7216697023492085,0.09979714770007166,0.10740112820179554
0,JOINT_BIN,-1,20264525,0,run,8+,354,1041,True,0.681075888568684,0.6892328784877847,0.02479988564894225,-0.00815698991910087,0.0,0.646549088771311,0.7072337116492406,0.021515346974331342,0.02803219195480579
0,JOINT_BIN,-1,20264525,1,all,all,214,4896,True,0.309640522875817,0.3118219892726307,1.0,-0.002181466396813708,0.0,0.28991751126993076,0.331930314591849,1.0,1.0
0,JOINT_BIN,-1,20264525,1,history,1-4,214,856,True,0.35630841121495327,0.3326343078716176,0.17483660130718953,0.02367410334333572,0.0,0.29906542056074764,0.4077102803738318,0.1702457726095567,0.18040517889139357
0,JOINT_BIN,-1,20264525,1,history,5-8,214,856,True,0.2908878504672897,0.311842518735712,0.17483660130718953,-0.020954668268422284,0.0,0.24763434579439253,0.3364778037383177,0.1702457726095567,0.18040517889139357
0,JOINT_BIN,-1,20264525,1,history,9-16,214,1698,True,0.3050647820965842,0.30531070326502874,0.34681372549019607,-0.0002459211684444741,0.0,0.2710967906607492,0.3417747696251645,0.33784045777732397,0.3572380261913493
0,JOINT_BIN,-1,20264525,1,history,17-31,182,1486,True,0.29878869448183043,0.307261589339776,0.3035130718954248,-0.008472894857945562,0.0,0.2659505819685005,0.3361564396935161,0.2821546318066647,0.3216228601923022
0,JOINT_BIN,-1,20264525,1,run,1,214,3447,True,0.16391064693936758,0.16232832743517206,0.7040441176470589,0.0015823195041954929,0.0,0.15192910629751383,0.17671022423308005,0.6832416793614333,0.722390464431644
0,JOINT_BIN,-1,20264525,1,run,2-3,208,835,True,0.6335329341317365,0.6366488661625267,0.17054738562091504,-0.0031159320307902493,0.0,0.6035893668637032,0.6626660067972905,0.16186738805810522,0.18083861300254556
0,JOINT_BIN,-1,20264525,1,run,4-7,162,507,True,0.6903353057199211,0.7135252239225198,0.10355392156862746,-0.023189918202598758,0.0,0.6506676968643358,0.7356421500232543,0.09343786424352947,0.11523997778421632
0,JOINT_BIN,-1,20264525,1,run,8+,36,107,False,0.6728971962616822,0.6894918040685453,0.02185457516339869,-0.01659460780686312,0.0,0.5768835616438356,0.7373174706649283,0.014669225416169399,0.030411523053985076
0,JOINT_BIN,-1,20264526,0,all,all,1834,41976,True,0.31765770916714314,0.3165989591902001,1.0,0.001058749976943046,0.0,0.3096787742967564,0.32503410063240923,1.0,1.0
0,JOINT_BIN,-1,20264526,0,history,1-4,1834,7336,True,0.3249727371864776,0.32021658311726586,0.1747665332570993,0.00475615406921182,0.0,0.30888426935659763,0.33916303162486366,0.1731698810483821,0.17648212145207948
0,JOINT_BIN,-1,20264526,0,history,5-8,1834,7336,True,0.30561613958560524,0.3124435338491676,0.1747665332570993,-0.006827394263562389,0.0,0.2896503544165758,0.32143197928026174,0.1731698810483821,0.17648212145207948
0,JOINT_BIN,-1,20264526,0,history,9-16,1834,14569,True,0.31601345322259594,0.3151289671878967,0.34707928340003813,0.0008844860346992416,0.0,0.30414651683385874,0.33107526998623504,0.3441311787871428,0.3503179733622112
0,JOINT_BIN,-1,20264526,0,history,17-31,1605,12735,True,0.32226148409893995,0.3185904491512851,0.3033876500857633,0.003671034947654798,0.0,0.3083660285875436,0.33498238204863845,0.2967177837336298,0.30947052852725254
0,JOINT_BIN,-1,20264526,0,run,1,1834,29239,True,0.16296726974246725,0.1623565891129697,0.6965647036401753,0.0006106806294975621,0.0,0.1590325981985524,0.1670728552291304,0.6891524032455013,0.7041811144328306
0,JOINT_BIN,-1,20264526,0,run,2-3,1772,7082,True,0.6412030499858797,0.6404875655827267,0.1687154564513055,0.0007154844031529734,0.0,0.6288755783699627,0.6513100990422067,0.16563374780202672,0.1721489331896296
0,JOINT_BIN,-1,20264526,0,run,4-7,1372,4552,True,0.7144112478031635,0.7129994171915786,0.10844291976367448,0.0014118306115849834,0.0,0.7027569902888975,0.7268019297747192,0.10449497880336195,0.112274559511576
0,JOINT_BIN,-1,20264526,0,run,8+,363,1103,True,0.7035358114233907,0.6898525071448613,0.026276920144844673,0.013683304278529389,0.0,0.6715928705333669,0.736948944129259,0.02287849180639751,0.029946130195725063
0,JOINT_BIN,-1,20264526,1,all,all,214,4896,True,0.31985294117647056,0.3187541875573028,1.0,0.0010987536191678622,0.0,0.30013709309631975,0.34168813794586655,1.0,1.0
0,JOINT_BIN,-1,20264526,1,history,1-4,214,856,True,0.3247663551401869,0.31648542754121367,0.17483660130718953,0.008280927598973267,0.0,0.2791471962616823,0.3726927570093458,0.17011044277877296,0.1800210304942166
0,JOINT_BIN,-1,20264526,1,history,5-8,214,856,True,0.30490654205607476,0.31999427781629886,0.17483660130718953,-0.015087735760224064,0.0,0.26282126168224296,0.3516647196261682,0.17011044277877296,0.1800210304942166
0,JOINT_BIN,-1,20264526,1,history,9-16,214,1698,True,0.336866902237927,0.3225853321245391,0.34681372549019607,0.014281570113387902,0.0,0.29986138607680113,0.3755186679995391,0.33743135228050974,0.35667758346118866
0,JOINT_BIN,-1,20264526,1,history,17-31,182,1486,True,0.3061911170928668,0.3149690313237255,0.3035130718954248,-0.008777914230858764,0.0,0.2674904772287132,0.3460536773094546,0.28326635982612963,0.32226041020974194
0,JOINT_BIN,-1,20264526,1,run,1,214,3387,True,0.16563330380868024,0.16149694027263048,0.6917892156862745,0.004136363536049776,0.0,0.15383663366336633,0.17899227609547075,0.6718028526691141,0.7114354118708434
0,JOINT_BIN,-1,20264526,1,run,2-3,209,846,True,0.6583924349881797,0.642109091814644,0.17279411764705882,0.016283343173535646,0.0,0.6290678036302664,0.693730099535038,0.16348408575085785,0.18204951510902118
0,JOINT_BIN,-1,20264526,1,run,4-7,169,570,True,0.6982456140350877,0.7131455849918386,0.11642156862745098,-0.014899970956750847,0.0,0.6570592004267166,0.7334834061639748,0.10372381221674841,0.12983276648686617
0,JOINT_BIN,-1,20264526,1,run,8+,46,93,False,0.5376344086021505,0.6872375317915904,0.018995098039215685,-0.14960312318943994,0.0,0.4520171609212705,0.6117931688804554,0.013205896473434422,0.02463852837299693
0,JOINT_BIN,-1,20264527,0,all,all,1834,41976,True,0.31622832094530207,0.3159688065321094,1.0,0.0002595144131926227,0.0,0.30905158740897964,0.3237652151755372,1.0,1.0
0,JOINT_BIN,-1,20264527,0,history,1-4,1834,7336,True,0.3202017448200654,0.31772293443919314,0.1747665332570993,0.0024788103808722865,0.0,0.3042495910577972,0.33671960196292255,0.1731647717812391,0.17635071100827876
0,JOINT_BIN,-1,20264527,0,history,5-8,1834,7336,True,0.31583969465648853,0.31632576754962227,0.1747665332570993,-0.00048607289313373525,0.0,0.29879702835332606,0.3319281624863686,0.1731647717812391,0.17635071100827876
0,JOINT_BIN,-1,20264527,0,history,9-16,1834,14569,True,0.3199258699979408,0.3180605031310484,0.34707928340003813,0.0018653668668924422,0.0,0.3068338942865701,0.3319881625879866,0.3440825278999829,0.350030691572844
0,JOINT_BIN,-1,20264527,0,history,17-31,1605,12735,True,0.3099332548095799,0.31235978602949604,0.3033876500857633,-0.0024265312199161747,0.0,0.2963944111054966,0.3224839159832258,0.29727948521622616,0.30944450202904217
0,JOINT_BIN,-1,20264527,0,run,1,1834,29284,True,0.16186313345171424,0.16213458218233398,0.6976367448065561,-0.000271448730619736,0.0,0.1573466644871442,0.16583953703871668,0.6903882671595132,0.704679533119819
0,JOINT_BIN,-1,20264527,0,run,2-3,1788,7102,True,0.6413686285553365,0.641191496022852,0.1691919191919192,0.0001771325324845794,0.0,0.6312873827446256,0.6529704176512872,0.16578464604120866,0.1725368215586157
0,JOINT_BIN,-1,20264527,0,run,4-7,1360,4537,True,0.7174344280361472,0.7132478610529819,0.10808557270821421,0.004186566983165376,0.0,0.7049903875460922,0.7294780563929828,0.1041020774198113,0.11223376694669587
0,JOINT_BIN,-1,20264527,0,run,8+,355,1053,True,0.6875593542260209,0.6888983551877349,0.025085763293310463,-0.001339000961714079,0.0,0.6564764160628904,0.7138082996694822,0.022192595449976756,0.02809017425858584
0,JOINT_BIN,-1,20264527,1,all,all,214,4896,True,0.29534313725490197,0.3060141782900901,1.0,-0.010671041035188185,0.0,0.27694811355077537,0.3165539908054573,1.0,1.0
0,JOINT_BIN,-1,20264527,1,history,1-4,214,856,True,0.28738317757009346,0.2990048024591977,0.17483660130718953,-0.01162162488910423,0.0,0.24649532710280375,0.33066588785046724,0.16960486639534494,0.17975734877236924
0,JOINT_BIN,-1,20264527,1,history,5-8,214,856,True,0.32593457943925236,0.3211148324059199,0.17483660130718953,0.004819747033332359,0.0,0.2826810747663551,0.37383177570093457,0.16960486639534494,0.17975734877236924
0,JOINT_BIN,-1,20264527,1,history,9-16,214,1698,True,0.2956419316843345,0.30667867471641197,0.34681372549019607,-0.011036743032077478,0.0,0.2614693757361602,0.33199922100525003,0.3376162901106406,0.3566169121720172
0,JOINT_BIN,-1,20264527,1,history,17-31,182,1486,True,0.2819650067294751,0.3005939567935889,0.3035130718954248,-0.01862895006411378,0.0,0.24391215115767234,0.3229749984756891,0.28412133552039287,0.32318048399717775
0,JOINT_BIN,-1,20264527,1,run,1,214,3507,True,0.15226689478186484,0.16286505510859806,0.7162990196078431,-0.0105981603267332,0.0,0.1415189544337304,0.1629421028090466,0.6961497821352614,0.7339490906542603
0,JOINT_BIN,-1,20264527,1,run,2-3,208,784,True,0.6084183673469388,0.6364325428106288,0.16013071895424835,-0.02801417546369006,0.0,0.5714060813242173,0.6458692319580628,0.15007216352049954,0.16916439236779493
0,JOINT_BIN,-1,20264527,1,run,4-7,151,474,True,0.7215189873417721,0.7131303566328926,0.09681372549019608,0.00838863070887959,0.0,0.6811084223891156,0.7581339442780393,0.08656160961727095,0.10697901499998014
0,JOINT_BIN,-1,20264527,1,run,8+,42,131,False,0.7099236641221374,0.6877157712588087,0.026756535947712417,0.02220789286332866,0.0,0.6121561668145519,0.7897888881328252,0.018158819426020417,0.03775203288822505
0,JOINT_BIN,-1,20264528,0,all,all,1834,41976,True,0.31520392605298264,0.31600818476427417,1.0,-0.0008042587112915406,0.0,0.30792207071158745,0.3230023193355596,1.0,1.0
0,JOINT_BIN,-1,20264528,0,history,1-4,1834,7336,True,0.2958015267175573,0.30850979947924606,0.1747665332570993,-0.012708272761688792,0.0,0.27997887131952015,0.3129941384950927,0.1731822474032106,0.17626585967240774
0,JOINT_BIN,-1,20264528,0,history,5-8,1834,7336,True,0.3169302071973828,0.31192849320352956,0.1747665332570993,0.005001713993853192,0.0,0.30247069247546343,0.33383996728462373,0.1731822474032106,0.17626585967240774
0,JOINT_BIN,-1,20264528,0,history,9-16,1834,14569,True,0.3285057313473814,0.324638530019718,0.34707928340003813,0.0038672013276634747,0.0,0.3153456295298958,0.34137133545427695,0.34415172834154595,0.34990058287783893
0,JOINT_BIN,-1,20264528,0,history,17-31,1605,12735,True,0.31016882606988616,0.3128045154838682,0.3033876500857633,-0.0026356894139820137,0.0,0.29760818871955325,0.32231170664584513,0.2975483593293236,0.3094483030086702
0,JOINT_BIN,-1,20264528,0,run,1,1834,29293,True,0.16116478339535042,0.16250988166938668,0.6978511530398323,-0.0013450982740362497,0.0,0.15709961318607524,0.16578356184220222,0.6903097644155919,0.7053110963021375
0,JOINT_BIN,-1,20264528,0,run,2-3,1786,7026,True,0.6404782237403929,0.6401827134103946,0.1673813607775872,0.00029551032999820896,0.0,0.6286974406236525,0.6505042491434156,0.1638412849511663,0.17103570162754173
0,JOINT_BIN,-1,20264528,0,run,4-7,1369,4540,True,0.7136563876651982,0.7129834517775214,0.10815704211930627,0.000672935887676902,0.0,0.6997696285084624,0.7260989615359351,0.10455720296805311,0.11232739816850064
0,JOINT_BIN,-1,20264528,0,run,8+,366,1117,True,0.6893464637421666,0.6888889744247543,0.02661044406327425,0.00045748931741234873,0.0,0.6657687223850918,0.7116378581904009,0.02355264064569141,0.029808491294248014
0,JOINT_BIN,-1,20264528,1,all,all,214,4896,True,0.32516339869281047,0.3199390582345379,1.0,0.005224340458272605,0.0,0.30453891897836216,0.3458786528207429,1.0,1.0
0,JOINT_BIN,-1,20264528,1,history,1-4,214,856,True,0.3177570093457944,0.3181751856420052,0.17483660130718953,-0.00041817629621074764,0.0,0.26985981308411217,0.3633177570093458,0.1701408771573354,0.1797620742286584
0,JOINT_BIN,-1,20264528,1,history,5-8,214,856,True,0.3107476635514019,0.309687576851743,0.17483660130718953,0.001060086699658857,0.0,0.27102803738317754,0.35516939252336444,0.1701408771573354,0.1797620742286584
0,JOINT_BIN,-1,20264528,1,history,9-16,214,1698,True,0.3286219081272085,0.32173529155575936,0.34681372549019607,0.006886616571449079,0.0,0.2927549302549302,0.3649377861735845,0.337704865472896,0.35648901605301225
0,JOINT_BIN,-1,20264528,1,history,17-31,182,1486,True,0.33378196500672946,0.32480792689096194,0.3035130718954248,0.008974038115767538,0.0,0.29004370686553493,0.3750909160018815,0.2836929467218736,0.32149826259873454
0,JOINT_BIN,-1,20264528,1,run,1,214,3376,True,0.16824644549763032,0.1626237760542964,0.6895424836601307,0.005622669443333916,0.0,0.15685534154615852,0.18029399649100328,0.668857481024296,0.7090166491639617
0,JOINT_BIN,-1,20264528,1,run,2-3,210,833,True,0.6458583433373349,0.6382185328265398,0.1701388888888889,0.007639810510795018,0.0,0.6141401416397525,0.6753841968027664,0.1609953307873537,0.17938101928081138
0,JOINT_BIN,-1,20264528,1,run,4-7,166,549,True,0.6994535519125683,0.7121019504655592,0.11213235294117647,-0.012648398552990877,0.0,0.6623432257479475,0.7368744796966052,0.10144509704334044,0.12285244532595647
0,JOINT_BIN,-1,20264528,1,run,8+,42,138,False,0.7391304347826086,0.6871286413542962,0.028186274509803922,0.05200179342831242,0.0,0.6538265306122449,0.8109891776273784,0.0191041226017335,0.038586443574618226
0,JOINT_BIN,-1,20264529,0,all,all,1834,41976,True,0.3189918048408614,0.31717294732768375,1.0,0.001818857513177739,0.0,0.3110695705546182,0.32698368305868125,1.0,1.0
0,JOINT_BIN,-1,20264529,0,history,1-4,1834,7336,True,0.3101145038167939,0.31447930946846425,0.1747665332570993,-0.004364805651670341,0.0,0.2944315703380589,0.32674482006543076,0.17316487391989957,0.17648328941887584
0,JOINT_BIN,-1,20264529,0,history,5-8,1834,7336,True,0.3212922573609597,0.31549667145613824,0.1747665332570993,0.0057955859048214025,0.0,0.30819929116684847,0.337789667393675,0.17316487391989957,0.17648328941887584
0,JOINT_BIN,-1,20264529,0,history,9-16,1834,14569,True,0.3200631477795319,0.31952649470545097,0.34707928340003813,0.000536653074080941,0.0,0.30810813144814075,0.3340431423059831,0.34383298272302076,0.35041418083801534
0,JOINT_BIN,-1,20264529,0,history,17-31,1605,12735,True,0.3215547703180212,0.3169977494778369,0.3033876500857633,0.004557020840184323,0.0,0.3060669948015383,0.3347227604418974,0.29662048560009635,0.3099334933303205
0,JOINT_BIN,-1,20264529,0,run,1,1834,29187,True,0.16377154212491862,0.16266690760345578,0.6953259005145798,0.0011046345214628243,0.0,0.1595504159285524,0.1678975821305922,0.687554368164376,0.7028857623139085
0,JOINT_BIN,-1,20264529,0,run,2-3,1781,7141,True,0.6409466461279932,0.6395228954757824,0.17012102153611589,0.0014237506522108475,0.0,0.6299905928820704,0.6523499083399145,0.16677832838957882,0.17347583983347536
0,JOINT_BIN,-1,20264529,0,run,4-7,1351,4560,True,0.7195175438596492,0.712702558287253,0.10863350485991996,0.0068149855723960715,0.0,0.7055787548225124,0.7322974992894639,0.10472933150740031,0.1129560672121394
0,JOINT_BIN,-1,20264529,0,run,8+,374,1088,True,0.6911764705882353,0.688544064726425,0.02591957308938441,0.0026324058618102616,0.0,0.6595550634645237,0.7152976743267008,0.022793342804330173,0.02864076056504455
0,JOINT_BIN,-1,20264529,1,all,all,214,4896,True,0.30392156862745096,0.3099703108250762,1.0,-0.00604874219762519,0.0,0.28789777726192833,0.3229828588566177,1.0,1.0
0,JOINT_BIN,-1,20264529,1,history,1-4,214,856,True,0.3014018691588785,0.30779471815833365,0.17483660130718953,-0.006392848999455145,0.0,0.2593165887850467,0.34345794392523366,0.16974023398770574,0.17990752416981926
0,JOINT_BIN,-1,20264529,1,history,5-8,214,856,True,0.29439252336448596,0.30861164546853687,0.17483660130718953,-0.01421912210405085,0.0,0.2511390186915888,0.339982476635514,0.16974023398770574,0.17990752416981926
0,JOINT_BIN,-1,20264529,1,history,9-16,214,1698,True,0.31448763250883394,0.31474416337036765,0.34681372549019607,-0.00025653086153368514,0.0,0.27905569765494487,0.35232545862182063,0.3371611617282957,0.35664813057860567
0,JOINT_BIN,-1,20264529,1,history,17-31,182,1486,True,0.29878869448183043,0.30655128205389476,0.3035130718954248,-0.007762587572064326,0.0,0.2682540625649862,0.3333333333333333,0.2839383601736789,0.3232927230419739
0,JOINT_BIN,-1,20264529,1,run,1,214,3471,True,0.16104868913857678,0.1622906358186305,0.7089460784313726,-0.0012419466800537196,0.0,0.15061852437622048,0.17318963189928205,0.6894754924295767,0.7244082637389858
0,JOINT_BIN,-1,20264529,1,run,2-3,208,831,True,0.6293622141997594,0.640598935523045,0.16973039215686275,-0.011236721323285638,0.0,0.5974521717614067,0.6617503496188027,0.16126671663210426,0.1787878150447448
0,JOINT_BIN,-1,20264529,1,run,4-7,158,510,True,0.6980392156862745,0.7146500188924395,0.10416666666666667,-0.016610803206165016,0.0,0.6613030180164299,0.7364908102425963,0.09410942711226554,0.11588332092238358
0,JOINT_BIN,-1,20264529,1,run,8+,38,84,False,0.5952380952380952,0.6844597597418088,0.01715686274509804,-0.08922166450371358,0.0,0.4735608552631579,0.7023956859971711,0.011481408621012325,0.02318120357530814
0,JOINT_BIN,-1,20264530,0,all,all,1834,41976,True,0.31022489041356965,0.31269348104185896,1.0,-0.0024685906282893035,0.0,0.30365310720179933,0.3170978026072352,1.0,1.0
0,JOINT_BIN,-1,20264530,0,history,1-4,1834,7336,True,0.31038713195201745,0.31339911408595955,0.1747665332570993,-0.003011982133942089,0.0,0.29511654852780805,0.32674822791712105,0.17283818312035096,0.17655846965259497
0,JOINT_BIN,-1,20264530,0,history,5-8,1834,7336,True,0.309432933478735,0.3120575450520914,0.1747665332570993,-0.0026246115733564155,0.0,0.2942884405670665,0.32483983097055613,0.17283818312035096,0.17655846965259497
0,JOINT_BIN,-1,20264530,0,history,9-16,1834,14569,True,0.3103850641773629,0.3118620936446746,0.34707928340003813,-0.0014770294673116609,0.0,0.2969351776011142,0.3221521525847583,0.34333808075025196,0.3504297110473503
0,JOINT_BIN,-1,20264530,0,history,17-31,1605,12735,True,0.31040439733019237,0.31360444966368795,0.3033876500857633,-0.0032000523334955945,0.0,0.29886218766014006,0.3228080859556667,0.2964419743449364,0.31095499688290784
0,JOINT_BIN,-1,20264530,0,run,1,1834,29534,True,0.1635064671226383,0.1624732606235189,0.7035925290642272,0.0010332064991194156,0.0,0.15992325904792004,0.16763023311389671,0.6967818334069914,0.7098463947281825
0,JOINT_BIN,-1,20264530,0,run,2-3,1778,7147,True,0.6301944871974255,0.6398118779864279,0.1702639603583,-0.009617390789002474,0.0,0.6189733831661389,0.6401614851973553,0.16731523083041436,0.17360403859941612
0,JOINT_BIN,-1,20264530,0,run,4-7,1374,4394,True,0.6982248520710059,0.7132809384328971,0.10467886411282638,-0.015056086361891215,0.0,0.6852949414155012,0.7107525845215521,0.10109278441287638,0.10828499850883709
0,JOINT_BIN,-1,20264530,0,run,8+,324,901,True,0.6892341842397336,0.6883955000165526,0.021464646464646464,0.0008386842231809669,0.0,0.657853731410427,0.7197384489425505,0.01855460620428339,0.024208524981799633
0,JOINT_BIN,-1,20264530,1,all,all,214,4896,True,0.31719771241830064,0.31720336043969255,1.0,-5.6480213919307835e-06,0.0,0.2977126928948586,0.3363437747200469,1.0,1.0
0,JOINT_BIN,-1,20264530,1,history,1-4,214,856,True,0.3422897196261682,0.32033828113338364,0.17483660130718953,0.021951438492784612,0.0,0.3002044392523364,0.3925233644859813,0.16970154128814943,0.18055262602826408
0,JOINT_BIN,-1,20264530,1,history,5-8,214,856,True,0.36098130841121495,0.3423007601749474,0.17483660130718953,0.018680548236267493,0.0,0.316588785046729,0.4088785046728972,0.16970154128814943,0.18055262602826408
0,JOINT_BIN,-1,20264530,1,history,9-16,214,1698,True,0.2968197879858657,0.3043859189854669,0.34681372549019607,-0.007566130999601166,0.0,0.25927726681811525,0.3337425598618747,0.3370323218633852,0.35720376376155827
0,JOINT_BIN,-1,20264530,1,history,17-31,182,1486,True,0.30080753701211305,0.31558636804541096,0.3035130718954248,-0.01477883103329793,0.0,0.26210132421721255,0.3351277205389258,0.28178143747555556,0.3235662734948882
0,JOINT_BIN,-1,20264530,1,run,1,214,3400,True,0.16647058823529412,0.16208341337368626,0.6944444444444444,0.004387174861607851,0.0,0.15500565495123672,0.18022748885538256,0.675105283105262,0.7139014341719103
0,JOINT_BIN,-1,20264530,1,run,2-3,212,860,True,0.6302325581395349,0.6413009279944121,0.17565359477124182,-0.011068369854877073,0.0,0.596722027972028,0.6620352351466902,0.16584880488313114,0.18518783339008058
0,JOINT_BIN,-1,20264530,1,run,4-7,164,519,True,0.6994219653179191,0.7133245938825151,0.10600490196078431,-0.01390262856459616,0.0,0.6605681704823183,0.7364626196310509,0.0947499112945625,0.11703360671405316
0,JOINT_BIN,-1,20264530,1,run,8+,37,117,False,0.7008547008547008,0.6855537174528367,0.02389705882352941,0.015300983401864197,0.0,0.6131960784313725,0.7686995577667219,0.016070424953591466,0.033178962834920056
0,JOINT_CONT,-1,20264501,0,all,all,1834,41976,True,0.31672860682294646,0.31630793117366085,1.0,0.00042067564928557856,0.0,0.3097528141266209,0.32378061228213734,1.0,1.0
0,JOINT_CONT,-1,20264501,0,history,1-4,1834,7336,True,0.3169302071973828,0.31583177427319087,0.1747665332570993,0.0010984329241918956,0.0,0.30179934569247546,0.3330186750272628,0.17293688608913693,0.17628820375648407
0,JOINT_CONT,-1,20264501,0,history,5-8,1834,7336,True,0.313113413304253,0.31525802260804353,0.1747665332570993,-0.0021446093037904563,0.0,0.29713399672846236,0.32838740458015264,0.17293688608913693,0.17628820375648407
0,JOINT_CONT,-1,20264501,0,history,9-16,1834,14569,True,0.32177912004942,0.31897616069577117,0.34707928340003813,0.0028029593536488804,0.0,0.3090793600602566,0.33418533081493645,0.3436179095922416,0.34994243075713327
0,JOINT_CONT,-1,20264501,0,history,17-31,1605,12735,True,0.31291715744012566,0.3141345334784581,0.3033876500857633,-0.0012173760383324705,0.0,0.2999351640847394,0.32617418551695054,0.2974635480062032,0.31047291751230854
0,JOINT_CONT,-1,20264501,0,run,1,1834,29268,True,0.16499248325816593,0.1625517864582174,0.6972555746140652,0.002440696799948496,0.0,0.1611879317208802,0.16941427119921407,0.6906075244840766,0.7041507620723328
0,JOINT_CONT,-1,20264501,0,run,2-3,1794,7190,True,0.6347705146036161,0.6412113187419727,0.1712883552506194,-0.006440804138356512,0.0,0.6230194318830417,0.6470174624033486,0.16831492336236878,0.1744636110200159
0,JOINT_CONT,-1,20264501,0,run,4-7,1373,4498,True,0.7100933748332592,0.7129882438712218,0.10715647036401753,-0.0028948690379626595,0.0,0.6974569118903318,0.722288082378206,0.10325618809556884,0.11080445333923773
0,JOINT_CONT,-1,20264501,0,run,8+,352,1020,True,0.6941176470588235,0.688672088430335,0.024299599771297885,0.005445558628488491,0.0,0.665660248253741,0.7186544255260875,0.021295430392015584,0.02726649185474103
0,JOINT_CONT,-1,20264501,1,all,all,214,4896,True,0.32883986928104575,0.3212496725838939,1.0,0.007590196697151799,0.0,0.3114059135279969,0.35128423806604797,1.0,1.0
0,JOINT_CONT,-1,20264501,1,history,1-4,214,856,True,0.3060747663551402,0.30242271858010566,0.17483660130718953,0.0036520477750344735,0.0,0.2628504672897196,0.35397196261682246,0.17011044277877296,0.18013752496538346
0,JOINT_CONT,-1,20264501,1,history,5-8,214,856,True,0.37149532710280375,0.3473897873892526,0.17483660130718953,0.024105539713551116,0.0,0.3247663551401869,0.4182535046728972,0.17011044277877296,0.18013752496538346
0,JOINT_CONT,-1,20264501,1,history,9-16,214,1698,True,0.3286219081272085,0.32437146426738056,0.34681372549019607,0.004250443859827948,0.0,0.28954843679673165,0.36523781561949503,0.33808685745404327,0.35692213445786564
0,JOINT_CONT,-1,20264501,1,history,17-31,182,1486,True,0.31763122476446837,0.313469815299436,0.3035130718954248,0.004161409465032359,0.0,0.2829861498755525,0.35657171931867154,0.28258512195442875,0.3216854357823633
0,JOINT_CONT,-1,20264501,1,run,1,214,3355,True,0.16810730253353204,0.1615685434560699,0.6852532679738562,0.00653875907746217,0.0,0.15575729022407958,0.18232772105039194,0.6630605618947483,0.7024791512761227
0,JOINT_CONT,-1,20264501,1,run,2-3,207,842,True,0.6448931116389549,0.636278529772908,0.17197712418300654,0.008614581866046814,0.0,0.6136556836485997,0.675737836702377,0.16204050711193568,0.18273345568843827
0,JOINT_CONT,-1,20264501,1,run,4-7,166,578,True,0.7352941176470589,0.7126068946480244,0.11805555555555555,0.022687222999034428,0.0,0.7025180498254523,0.7682815624273425,0.10804069825899701,0.1279825704635979
0,JOINT_CONT,-1,20264501,1,run,8+,49,121,False,0.6446280991735537,0.6871291446304436,0.0247140522875817,-0.04250104545688997,0.0,0.5493402225755167,0.7206392228424215,0.017446256822033296,0.03266346017478169
0,JOINT_CONT,-1,20264502,0,all,all,1834,41976,True,0.31520392605298264,0.31573300176675084,1.0,-0.0005290757137681709,0.0,0.3074401004455821,0.32191869421221414,1.0,1.0
0,JOINT_CONT,-1,20264502,0,history,1-4,1834,7336,True,0.3137949836423119,0.31476855594047265,0.1747665332570993,-0.0009735722981607547,0.0,0.2979757360959651,0.328530534351145,0.17317703520619623,0.17653913833449608
0,JOINT_CONT,-1,20264502,0,history,5-8,1834,7336,True,0.3095692475463468,0.3134281941855591,0.1747665332570993,-0.003858946639212338,0.0,0.2947007906215921,0.326342693565976,0.17317703520619623,0.17653913833449608
0,JOINT_CONT,-1,20264502,0,history,9-16,1834,14569,True,0.3115519253208868,0.31394977009632785,0.34707928340003813,-0.0023978447754409798,0.0,0.299016034280194,0.32347404059168433,0.3440341754583375,0.3503412175411792
0,JOINT_CONT,-1,20264502,0,history,17-31,1605,12735,True,0.3234393404004711,0.31965629546157553,0.3033876500857633,0.0037830449388956333,0.0,0.3086913268800106,0.33654121850754315,0.29660955726866906,0.30968781874071755
0,JOINT_CONT,-1,20264502,0,run,1,1834,29334,True,0.16479170927933456,0.1626986646790934,0.6988279016580904,0.0020930446002411424,0.0,0.1606867422121011,0.16883924638336523,0.692654918008068,0.7062335194151155
0,JOINT_CONT,-1,20264502,0,run,2-3,1798,7156,True,0.6295416433761878,0.6419822009869646,0.17047836859157614,-0.012440557610776778,0.0,0.6196029286211825,0.6403646474484962,0.16759178336292022,0.1738874732697617
0,JOINT_CONT,-1,20264502,0,run,4-7,1379,4439,True,0.7150259067357513,0.7130355039102857,0.10575090527920716,0.0019904028254656126,0.0,0.7022748280142314,0.7268193434659285,0.10195182858517775,0.10956817439190392
0,JOINT_CONT,-1,20264502,0,run,8+,361,1047,True,0.6857688634192932,0.6890321111214228,0.02494282447112636,-0.003263247702129575,0.0,0.6527741857969913,0.7118914745569409,0.021770495547018803,0.028025486615288413
0,JOINT_CONT,-1,20264502,1,all,all,214,4896,True,0.3180147058823529,0.31740744686270456,1.0,0.0006072590196483916,0.0,0.2983012532264736,0.33609336621048036,1.0,1.0
0,JOINT_CONT,-1,20264502,1,history,1-4,214,856,True,0.3142523364485981,0.31645915470734776,0.17483660130718953,-0.0022068182587496304,0.0,0.2651577102803738,0.3633177570093458,0.17030928836188544,0.17990846965817414
0,JOINT_CONT,-1,20264502,1,history,5-8,214,856,True,0.3002336448598131,0.30592005731083804,0.17483660130718953,-0.005686412451024962,0.0,0.2593165887850467,0.34474299065420555,0.17030928836188544,0.17990846965817414
0,JOINT_CONT,-1,20264502,1,history,9-16,214,1698,True,0.34275618374558303,0.3323488556839273,0.34681372549019607,0.010407328061655697,0.0,0.3068168433451119,0.3764705882352941,0.3381702307901947,0.3563387258780067
0,JOINT_CONT,-1,20264502,1,history,17-31,182,1486,True,0.3021534320323015,0.30749791211367816,0.3035130718954248,-0.005344480081376709,0.0,0.26297186591493826,0.34551190658820735,0.2840622371740959,0.3211304871267185
0,JOINT_CONT,-1,20264502,1,run,1,214,3407,True,0.15967126504255943,0.1616308016790709,0.6958741830065359,-0.0019595366365114456,0.0,0.14846822373613158,0.1723849771089707,0.6779965267219602,0.7152922462825739
0,JOINT_CONT,-1,20264502,1,run,2-3,208,807,True,0.6468401486988847,0.6452069121387777,0.16482843137254902,0.0016332365601070009,0.0,0.611676112766893,0.6802620173364854,0.1545807248994155,0.1740677297832827
0,JOINT_CONT,-1,20264502,1,run,4-7,163,559,True,0.7316636851520573,0.71212903893617,0.11417483660130719,0.019534646215887273,0.0,0.6947901105979415,0.7692449355432781,0.10259512076878044,0.12551564732505013
0,JOINT_CONT,-1,20264502,1,run,8+,45,123,False,0.6666666666666666,0.6877122573812545,0.025122549019607844,-0.02104559071458783,0.0,0.5809285714285715,0.7338242692559239,0.01666898470361738,0.03387765296481727
0,JOINT_CONT,-1,20264503,0,all,all,1834,41976,True,0.31027253668763105,0.31305151732727243,1.0,-0.0027789806396414296,0.0,0.30207429356397436,0.31755298964965056,1.0,1.0
0,JOINT_CONT,-1,20264503,0,history,1-4,1834,7336,True,0.30602508178844057,0.3107133084077813,0.1747665332570993,-0.004688226619340748,0.0,0.2899400218102508,0.322546346782988,0.17308744989452646,0.1764994241414686
0,JOINT_CONT,-1,20264503,0,history,5-8,1834,7336,True,0.3105234460196292,0.31223866043453535,0.1747665332570993,-0.0017152144149061722,0.0,0.29469397491821153,0.3268845419847328,0.17308744989452646,0.1764994241414686
0,JOINT_CONT,-1,20264503,0,history,9-16,1834,14569,True,0.3126501475736152,0.3153644663899817,0.34707928340003813,-0.0027143188163665046,0.0,0.30049327822818866,0.32456279857639836,0.34388608046752717,0.35034853034637464
0,JOINT_CONT,-1,20264503,0,history,17-31,1605,12735,True,0.3098547310561445,0.31222064680539535,0.3033876500857633,-0.0023659157492508533,0.0,0.29634339218741984,0.32427978784612776,0.2967603630979853,0.30993766359797076
0,JOINT_CONT,-1,20264503,0,run,1,1834,29538,True,0.16040354797210374,0.1628189713582724,0.7036878216123499,-0.0024154233861686707,0.0,0.15602580772261623,0.16483706546655058,0.6964025912994437,0.711571574958279
0,JOINT_CONT,-1,20264503,0,run,2-3,1779,7003,True,0.632157646722833,0.6399624254922068,0.16683342862588146,-0.007804778769373792,0.0,0.6214339334491646,0.6446330199218799,0.16339962764888546,0.17002373468984758
0,JOINT_CONT,-1,20264503,0,run,4-7,1334,4405,True,0.7144154370034053,0.7128618659946921,0.1049409186201639,0.0015535710087131668,0.0,0.700733208775552,0.7276407406402002,0.10071578227108305,0.10907019234181604
0,JOINT_CONT,-1,20264503,0,run,8+,356,1030,True,0.6912621359223301,0.68882556302951,0.024537831141604727,0.002436572892820114,0.0,0.6604672812893198,0.7218714053150866,0.021631666189718183,0.02748196155723832
0,JOINT_CONT,-1,20264503,1,all,all,214,4896,True,0.3047385620915033,0.3113545273190308,1.0,-0.006615965227527555,0.0,0.2843213597528448,0.33131167992541477,1.0,1.0
0,JOINT_CONT,-1,20264503,1,history,1-4,214,856,True,0.3317757009345794,0.32260472023136294,0.17483660130718953,0.00917098070321646,0.0,0.2826810747663551,0.3878796728971962,0.16933645250347443,0.1804518002488511
0,JOINT_CONT,-1,20264503,1,history,5-8,214,856,True,0.31542056074766356,0.3218178357612213,0.17483660130718953,-0.0063972750135577365,0.0,0.2709988317757009,0.36568341121495324,0.16933645250347443,0.1804518002488511
0,JOINT_CONT,-1,20264503,1,history,9-16,214,1698,True,0.2944640753828033,0.3025782399008848,0.34681372549019607,-0.008114164518081463,0.0,0.2612683343628682,0.33176470588235296,0.3366373931554222,0.35753443209120095
0,JOINT_CONT,-1,20264503,1,history,17-31,182,1486,True,0.29475100942126514,0.3088749707083583,0.3035130718954248,-0.014123961287093168,0.0,0.2594161446546224,0.33179563358101855,0.28161329856072786,0.3244395412331443
0,JOINT_CONT,-1,20264503,1,run,1,214,3463,True,0.1547790932717297,0.1631589891869196,0.707312091503268,-0.008379895915189896,0.0,0.14425491061250975,0.16882742782363902,0.6827588462926456,0.7281928203330224
0,JOINT_CONT,-1,20264503,1,run,2-3,207,796,True,0.6256281407035176,0.6396206985875135,0.16258169934640523,-0.01399255788399586,0.0,0.5907870399447306,0.6582048080236244,0.15263980527312065,0.17402189157329365
0,JOINT_CONT,-1,20264503,1,run,4-7,147,506,True,0.7252964426877471,0.7119453671414516,0.10334967320261437,0.013351075546295398,0.0,0.6825380461462935,0.7603927811248602,0.09172660111832716,0.11708062396548786
0,JOINT_CONT,-1,20264503,1,run,8+,45,131,False,0.6946564885496184,0.6869446896979928,0.026756535947712417,0.007711798851625499,0.0,0.6211910774410775,0.7597467532467532,0.01955350125378944,0.035787597889289924
0,JOINT_CONT,-1,20264504,0,all,all,1834,41976,True,0.3228035067657709,0.3195207877964157,1.0,0.0032827189693552094,0.0,0.31477281103826865,0.3295809353887102,1.0,1.0
0,JOINT_CONT,-1,20264504,0,history,1-4,1834,7336,True,0.3234732824427481,0.3184631985474541,0.1747665332570993,0.005010083895294034,0.0,0.30779375681570337,0.3390403489640131,0.1730501928547408,0.17654667886863476
0,JOINT_CONT,-1,20264504,0,history,5-8,1834,7336,True,0.3286532170119956,0.3242409983159736,0.1747665332570993,0.004412218696022052,0.0,0.3148854961832061,0.34542325517993455,0.1730501928547408,0.17654667886863476
0,JOINT_CONT,-1,20264504,0,history,9-16,1834,14569,True,0.3166998421305512,0.31525464984088275,0.34707928340003813,0.0014451922896684486,0.0,0.3040609497993663,0.32984431362282335,0.34377724689522987,0.35058774221324834
0,JOINT_CONT,-1,20264504,0,history,17-31,1605,12735,True,0.32603062426383983,0.3222914492988159,0.3033876500857633,0.0037391749650239367,0.0,0.3123468641673987,0.3395338108140291,0.296301859318722,0.3101247921316553
0,JOINT_CONT,-1,20264504,0,run,1,1834,29003,True,0.16381064027859188,0.162296358399093,0.6909424433009339,0.001514281879498875,0.0,0.1595027171823542,0.16757418649220868,0.6845274409985436,0.6989818083691502
0,JOINT_CONT,-1,20264504,0,run,2-3,1772,7085,True,0.6458715596330276,0.6401694353413091,0.16878692586239757,0.005702124291718384,0.0,0.6358477065014713,0.6559563060614904,0.16536854239553742,0.17187970966968283
0,JOINT_CONT,-1,20264504,0,run,4-7,1399,4769,True,0.7221639756762424,0.7123109594650878,0.11361254049933295,0.00985301621115457,0.0,0.7101123839625215,0.732445684234729,0.10964359605493358,0.11721453656385412
0,JOINT_CONT,-1,20264504,0,run,8+,376,1119,True,0.6961572832886506,0.690359151752701,0.02665809033733562,0.005798131535949527,0.0,0.6701508938051726,0.7222328244274809,0.023516555955805978,0.02984475488519684
0,JOINT_CONT,-1,20264504,1,all,all,214,4896,True,0.33231209150326796,0.3241021489528896,1.0,0.008209942550378371,0.0,0.3079720782890904,0.3542520274315572,1.0,1.0
0,JOINT_CONT,-1,20264504,1,history,1-4,214,856,True,0.3130841121495327,0.31593963937381014,0.17483660130718953,-0.00285552722427741,0.0,0.26635514018691586,0.3621495327102804,0.17050776227363992,0.18074515223398305
0,JOINT_CONT,-1,20264504,1,history,5-8,214,856,True,0.3107476635514019,0.31403618501715747,0.17483660130718953,-0.0032885214657555817,0.0,0.2639894859813084,0.3633469626168224,0.17050776227363992,0.18074515223398305
0,JOINT_CONT,-1,20264504,1,history,9-16,214,1698,True,0.34334511189634864,0.32687660205078894,0.34681372549019607,0.016468509845559715,0.0,0.3046032122278023,0.37782277637270095,0.3374387054186408,0.3579611155501144
0,JOINT_CONT,-1,20264504,1,history,17-31,182,1486,True,0.34320323014804843,0.3314322646786269,0.3035130718954248,0.011770965469421498,0.0,0.2999255742978939,0.3858711104369573,0.2802838792891169,0.3213957466472946
0,JOINT_CONT,-1,20264504,1,run,1,214,3345,True,0.16412556053811658,0.16283509380858,0.6832107843137255,0.001290466729536592,0.0,0.15179426219682743,0.17695215889695634,0.6613160180494154,0.7071259471136212
0,JOINT_CONT,-1,20264504,1,run,2-3,207,828,True,0.6557971014492754,0.6409862838297252,0.16911764705882354,0.014810817619550097,0.0,0.6220657276995305,0.6837646837349397,0.15865083813794575,0.17813902600598067
0,JOINT_CONT,-1,20264504,1,run,4-7,163,573,True,0.743455497382199,0.7117337867587853,0.1170343137254902,0.03172171062341362,0.0,0.7072138159521337,0.7757877492835275,0.10501513359162085,0.12769288824085104
0,JOINT_CONT,-1,20264504,1,run,8+,48,150,False,0.7266666666666667,0.6904041977323393,0.030637254901960783,0.03626246893432742,0.0,0.6393130366900859,0.7807573097081438,0.020626761807048023,0.04093715389720113
0,JOINT_CONT,-1,20264505,0,all,all,1834,41976,True,0.31715742328949875,0.31660200652178555,1.0,0.0005554167677132285,0.0,0.30986534324322207,0.32347295959890965,1.0,1.0
0,JOINT_CONT,-1,20264505,0,history,1-4,1834,7336,True,0.31952017448200654,0.31924618019878276,0.1747665332570993,0.0002739942832237161,0.0,0.30464490185387133,0.33479075790621593,0.17307080986073245,0.1766332906516287
0,JOINT_CONT,-1,20264505,0,history,5-8,1834,7336,True,0.3053435114503817,0.3092805006817589,0.1747665332570993,-0.003936989231377157,0.0,0.2893845419847328,0.3203414667393675,0.17307080986073245,0.1766332906516287
0,JOINT_CONT,-1,20264505,0,history,9-16,1834,14569,True,0.31615073100418695,0.31544916810694834,0.34707928340003813,0.000701562897238586,0.0,0.30384676906728547,0.32845959289863685,0.3437719766902055,0.3506869698409868
0,JOINT_CONT,-1,20264505,0,history,17-31,1605,12735,True,0.3237534354142128,0.3206152465385697,0.3033876500857633,0.003138188875643122,0.0,0.3112971550398303,0.3346964426981639,0.29604555001632865,0.3101441990188217
0,JOINT_CONT,-1,20264505,0,run,1,1834,29242,True,0.16531017030298886,0.16274521437810338,0.6966361730512673,0.0025649559248854758,0.0,0.16106265392455277,0.16932505772250797,0.6901996478109016,0.7037578871611295
0,JOINT_CONT,-1,20264505,0,run,2-3,1776,7195,True,0.6344683808200139,0.6403831055042115,0.17140747093577283,-0.005914724684197575,0.0,0.6233687158569484,0.6457218115982744,0.16790692278725516,0.17431283003681944
0,JOINT_CONT,-1,20264505,0,run,4-7,1372,4513,True,0.7103922003102149,0.712517383947279,0.1075138174194778,-0.0021251836370640128,0.0,0.6979364467286346,0.7242296271862172,0.10339980278208513,0.11119364758452226
0,JOINT_CONT,-1,20264505,0,run,8+,340,1026,True,0.6900584795321637,0.6896129328041902,0.02444253859348199,0.00044554672797349307,0.0,0.6589833592070403,0.7152975140336808,0.02146112679661236,0.027285362133937775
0,JOINT_CONT,-1,20264505,1,all,all,214,4896,True,0.31924019607843135,0.3159183947816521,1.0,0.003321801296779255,0.0,0.29904190015459375,0.34073420800386495,1.0,1.0
0,JOINT_CONT,-1,20264505,1,history,1-4,214,856,True,0.3107476635514019,0.3166782017296215,0.17483660130718953,-0.005930538178219616,0.0,0.2663259345794392,0.35633761682242987,0.16957210776545167,0.18005984485055207
0,JOINT_CONT,-1,20264505,1,history,5-8,214,856,True,0.35630841121495327,0.32608059232370556,0.17483660130718953,0.03022781889124766,0.0,0.3083235981308411,0.40654205607476634,0.16957210776545167,0.18005984485055207
0,JOINT_CONT,-1,20264505,1,history,9-16,214,1698,True,0.3168433451118963,0.3185335341763754,0.34681372549019607,-0.0016901890644790466,0.0,0.27981830475941194,0.3509811445542577,0.3372067471890108,0.3567540851244583
0,JOINT_CONT,-1,20264505,1,history,17-31,182,1486,True,0.30551816958277256,0.3066386218774128,0.3035130718954248,-0.001120452294640206,0.0,0.2661757122393761,0.34048611675054485,0.2831262251744376,0.3241373806695695
0,JOINT_CONT,-1,20264505,1,run,1,214,3406,True,0.16236054022313565,0.1611192557535715,0.6956699346405228,0.0012412844695641329,0.0,0.15072525380742757,0.17378188283512472,0.6738975221929668,0.7151182458430069
0,JOINT_CONT,-1,20264505,1,run,2-3,211,834,True,0.6462829736211031,0.6390144797215818,0.17034313725490197,0.0072684938995213185,0.0,0.6145280623132735,0.676727398933306,0.16059654098484136,0.17901971126332325
0,JOINT_CONT,-1,20264505,1,run,4-7,158,535,True,0.7345794392523365,0.7134612600153616,0.10927287581699346,0.021118179236974833,0.0,0.6968926598735767,0.7673001588487218,0.09899906742937709,0.11990355936136374
0,JOINT_CONT,-1,20264505,1,run,8+,43,121,False,0.6446280991735537,0.6886316161841862,0.0247140522875817,-0.04400351701063249,0.0,0.5226843009931245,0.7329738770844539,0.01629207495142882,0.033553299522704076
0,JOINT_CONT,-1,20264506,0,all,all,1834,41976,True,0.3157518582046884,0.31534139511682147,1.0,0.00041046308786689347,0.0,0.30864740009969416,0.32360265901416824,1.0,1.0
0,JOINT_CONT,-1,20264506,0,history,1-4,1834,7336,True,0.3062977099236641,0.3125960476705362,0.1747665332570993,-0.006298337746872094,0.0,0.2915451199563795,0.3234766902944384,0.1732256974849267,0.17643564408041276
0,JOINT_CONT,-1,20264506,0,history,5-8,1834,7336,True,0.3165212649945474,0.3116000774481964,0.1747665332570993,0.004921187546351002,0.0,0.3005691112322792,0.33275967829880043,0.1732256974849267,0.17643564408041276
0,JOINT_CONT,-1,20264506,0,history,9-16,1834,14569,True,0.32198503672180656,0.32094141950361205,0.34707928340003813,0.0010436172181945383,0.0,0.30918787966713995,0.33383645123968986,0.3442556464686119,0.35037062081084025
0,JOINT_CONT,-1,20264506,0,history,17-31,1605,12735,True,0.31362387122104435,0.312671541955599,0.3033876500857633,0.000952329265445404,0.0,0.2996077504062986,0.3266655696675664,0.2967580910283342,0.3092879847077089
0,JOINT_CONT,-1,20264506,0,run,1,1834,29317,True,0.16492137667564893,0.16225814213974496,0.6984229083285687,0.0026632345359039857,0.0,0.16035541358578648,0.16886172757930104,0.6906117067807349,0.7052799435371897
0,JOINT_CONT,-1,20264506,0,run,2-3,1788,7193,True,0.639371611288753,0.6401951850007878,0.17135982466171146,-0.0008235737120347797,0.0,0.6301106202618335,0.6498851137647558,0.16821344585676837,0.17454236473681023
0,JOINT_CONT,-1,20264506,0,run,4-7,1401,4534,True,0.7075430083811204,0.7133035263054099,0.10801410329712216,-0.005760517924289494,0.0,0.6945021148767058,0.7213328702074635,0.10429227727107758,0.11205357254588023
0,JOINT_CONT,-1,20264506,0,run,8+,349,932,True,0.6566523605150214,0.6875604016452809,0.022203163712597673,-0.03090804113025936,0.0,0.6237859490919542,0.6836241190805507,0.019673242757983638,0.025055113119294266
0,JOINT_CONT,-1,20264506,1,all,all,214,4896,True,0.3196486928104575,0.3175555510368163,1.0,0.0020931417736411813,0.0,0.29653237170169616,0.3417336242873838,1.0,1.0
0,JOINT_CONT,-1,20264506,1,history,1-4,214,856,True,0.3119158878504673,0.31428751219814716,0.17483660130718953,-0.0023716243476798724,0.0,0.26749415887850464,0.3574766355140187,0.1699744846237696,0.18055548407954145
0,JOINT_CONT,-1,20264506,1,history,5-8,214,856,True,0.31542056074766356,0.3126157320466318,0.17483660130718953,0.0028048287010317627,0.0,0.2709988317757009,0.36568341121495324,0.1699744846237696,0.18055548407954145
0,JOINT_CONT,-1,20264506,1,history,9-16,214,1698,True,0.32332155477031804,0.3177102708322794,0.34681372549019607,0.00561128393803863,0.0,0.2853613516634004,0.36323029966703657,0.33762614654938256,0.357493515815614
0,JOINT_CONT,-1,20264506,1,history,17-31,182,1486,True,0.3223418573351279,0.32210683777221505,0.3035130718954248,0.00023501956291279607,0.0,0.28748717599306967,0.35756196645364746,0.28108847873558634,0.32248622022539397
0,JOINT_CONT,-1,20264506,1,run,1,214,3394,True,0.16823806717737183,0.16249921879083043,0.693218954248366,0.005738848386541435,0.0,0.15726236850131486,0.1817918097968678,0.6704501864370421,0.7152946487860886
0,JOINT_CONT,-1,20264506,1,run,2-3,213,851,True,0.618096357226792,0.6370007987664332,0.17381535947712418,-0.01890444153964118,0.0,0.5847278337811357,0.6489700941939339,0.16541195741775444,0.18418963880549655
0,JOINT_CONT,-1,20264506,1,run,4-7,157,523,True,0.7323135755258127,0.7139701079870828,0.1068218954248366,0.01834346753872985,0.0,0.6905504186698472,0.7683057959611854,0.09369115477894908,0.11984755620396917
0,JOINT_CONT,-1,20264506,1,run,8+,49,128,False,0.6640625,0.6854342427554334,0.026143790849673203,-0.02137174275543336,0.0,0.5713951935914553,0.7288190267905958,0.018643556948238334,0.03459697217466689
0,JOINT_CONT,-1,20264507,0,all,all,1834,41976,True,0.3178006479893272,0.31670641228926866,1.0,0.00109423570005851,0.0,0.310839141293884,0.3251469382075112,1.0,1.0
0,JOINT_CONT,-1,20264507,0,history,1-4,1834,7336,True,0.3125681570338059,0.31403862132112487,0.1747665332570993,-0.0014704642873189966,0.0,0.29688181570338057,0.3286566248636859,0.1729405553701835,0.17654572266133928
0,JOINT_CONT,-1,20264507,0,history,5-8,1834,7336,True,0.3218375136314068,0.31649671454884304,0.1747665332570993,0.005340799082563741,0.0,0.30506406761177757,0.337789667393675,0.1729405553701835,0.17654572266133928
0,JOINT_CONT,-1,20264507,0,history,9-16,1834,14569,True,0.3171803143661198,0.3170150798113012,0.34707928340003813,0.0001652345548185653,0.0,0.3049978110924232,0.331113695035952,0.3435899001687732,0.35037675791908535
0,JOINT_CONT,-1,20264507,0,history,17-31,1605,12735,True,0.31919905771495877,0.31801087087093927,0.3033876500857633,0.0011881868440195408,0.0,0.3053957936641024,0.3321814833602515,0.29656706421953644,0.31057044884963697
0,JOINT_CONT,-1,20264507,0,run,1,1834,29235,True,0.16384470668719,0.16231936600996175,0.6964694110920526,0.0015253406772282752,0.0,0.16020738404764184,0.16821088418711685,0.6889550631633342,0.7034087895678592
0,JOINT_CONT,-1,20264507,0,run,2-3,1795,7119,True,0.6396965865992414,0.6412035131776022,0.16959691252144082,-0.0015069265783606263,0.0,0.6292384487497626,0.6494824119920397,0.16663240930558249,0.17311141036640784
0,JOINT_CONT,-1,20264507,0,run,4-7,1387,4598,True,0.7203131796433232,0.7132799291149737,0.10953878406708595,0.0070332505283495095,0.0,0.708045729032623,0.734034159472756,0.10579273449060525,0.11340072947874315
0,JOINT_CONT,-1,20264507,0,run,8+,376,1024,True,0.66796875,0.6877663794639789,0.02439489231942062,-0.01979762946397889,0.0,0.6382947118241237,0.6933920527670527,0.02164578637385206,0.027560846336281357
0,JOINT_CONT,-1,20264507,1,all,all,214,4896,True,0.32516339869281047,0.321402423766201,1.0,0.0037609749266094435,0.0,0.3030545172451337,0.3470905478473721,1.0,1.0
0,JOINT_CONT,-1,20264507,1,history,1-4,214,856,True,0.27686915887850466,0.303228264019984,0.17483660130718953,-0.026359105141479378,0.0,0.23244742990654207,0.3247955607476635,0.17031436530043773,0.18105290191139745
0,JOINT_CONT,-1,20264507,1,history,5-8,214,856,True,0.3422897196261682,0.3159934131660153,0.17483660130718953,0.026296306460152904,0.0,0.2978679906542056,0.3867114485981308,0.17031436530043773,0.18105290191139745
0,JOINT_CONT,-1,20264507,1,history,9-16,214,1698,True,0.37161366313309774,0.35128163030360604,0.34681372549019607,0.02033203282949177,0.0,0.334491535628423,0.4108367661460982,0.33784847082026054,0.35850891609404106
0,JOINT_CONT,-1,20264507,1,history,17-31,182,1486,True,0.29004037685060563,0.3008454258631102,0.3035130718954248,-0.010805049012504528,0.0,0.254449245459801,0.3253087540753209,0.2795235421329807,0.3213130668104093
0,JOINT_CONT,-1,20264507,1,run,1,214,3366,True,0.1628045157456922,0.1625406958451696,0.6875,0.00026381990052258547,0.0,0.15074664241732147,0.17542106228999982,0.6656335521511828,0.708827954340876
0,JOINT_CONT,-1,20264507,1,run,2-3,213,819,True,0.652014652014652,0.639344781621116,0.16727941176470587,0.01266987039353592,0.0,0.6183736825742947,0.6844123564963859,0.1585835402103372,0.176847039879348
0,JOINT_CONT,-1,20264507,1,run,4-7,164,555,True,0.7243243243243244,0.7121519146673084,0.1133578431372549,0.012172409657015906,0.0,0.6794525243115941,0.7615800442591917,0.10075127310308088,0.12536594338547066
0,JOINT_CONT,-1,20264507,1,run,8+,52,156,False,0.6923076923076923,0.6897858702335188,0.031862745098039214,0.0025218220741735106,0.0,0.624775,0.7485046012269938,0.02236492433125109,0.040980515782672734
0,JOINT_CONT,-1,20264508,0,all,all,1834,41976,True,0.31239279588336194,0.31401447244026837,1.0,-0.001621676556906454,0.0,0.304670054235804,0.3197939533634269,1.0,1.0
0,JOINT_CONT,-1,20264508,0,history,1-4,1834,7336,True,0.3249727371864776,0.3197050697601042,0.1747665332570993,0.005267667426373467,0.0,0.30792666303162486,0.3402467284623773,0.1729207843286389,0.17662659102769293
0,JOINT_CONT,-1,20264508,0,history,5-8,1834,7336,True,0.3099781897491821,0.31626555132139933,0.1747665332570993,-0.0062873615722172475,0.0,0.2936170937840785,0.3257940294438386,0.1729207843286389,0.17662659102769293
0,JOINT_CONT,-1,20264508,0,history,9-16,1834,14569,True,0.3057862584940627,0.30883289659374236,0.34707928340003813,-0.003046638099679658,0.0,0.29339733487073627,0.31821991299106506,0.3435560968389729,0.350550785983326
0,JOINT_CONT,-1,20264508,0,history,17-31,1605,12735,True,0.3140950137416568,0.3153674557066794,0.3033876500857633,-0.0012724419650225667,0.0,0.3021091150938133,0.3280530327476992,0.2963221630039477,0.3103702974606214
0,JOINT_CONT,-1,20264508,0,run,1,1834,29440,True,0.15828804347826086,0.16173610474622704,0.7013531541833429,-0.0034480612679661732,0.0,0.1544086624555095,0.16214569418395464,0.6942118176157883,0.7089683320832038
0,JOINT_CONT,-1,20264508,0,run,2-3,1780,6955,True,0.6475916606757728,0.6419798966390708,0.1656899180484086,0.005611764036701963,0.0,0.6355452344987376,0.6590684285011633,0.1625348397119655,0.16879204849203094
0,JOINT_CONT,-1,20264508,0,run,4-7,1394,4557,True,0.7094579767390827,0.7129423938804123,0.1085620354488279,-0.003484417141329513,0.0,0.697182753587386,0.7216658595410395,0.10432637498538955,0.11231099439023115
0,JOINT_CONT,-1,20264508,0,run,8+,346,1024,True,0.69921875,0.6891717786972703,0.02439489231942062,0.010046971302729718,0.0,0.6633563177135753,0.7249587939272285,0.021057043177724576,0.027453338072113493
0,JOINT_CONT,-1,20264508,1,all,all,214,4896,True,0.3261846405228758,0.3202821623818725,1.0,0.005902478141003329,0.0,0.305184400043578,0.35108139805496674,1.0,1.0
0,JOINT_CONT,-1,20264508,1,history,1-4,214,856,True,0.2897196261682243,0.30668299529203785,0.17483660130718953,-0.01696336912381357,0.0,0.24763434579439253,0.338785046728972,0.16963931827189854,0.1799850721078403
0,JOINT_CONT,-1,20264508,1,history,5-8,214,856,True,0.3364485981308411,0.31397293760433176,0.17483660130718953,0.022475660526509313,0.0,0.289661214953271,0.3808995327102803,0.16963931827189854,0.1799850721078403
0,JOINT_CONT,-1,20264508,1,history,9-16,214,1698,True,0.33451118963486454,0.3289149478538802,0.34681372549019607,0.005596241780984291,0.0,0.2943492060037954,0.3753849160161101,0.3372860876481506,0.3565593755568315
0,JOINT_CONT,-1,20264508,1,history,17-31,182,1486,True,0.33176312247644685,0.32188587281727227,0.3035130718954248,0.009877249659174575,0.0,0.2907090251876722,0.37705822036093595,0.2840616193269243,0.32303032245448854
0,JOINT_CONT,-1,20264508,1,run,1,214,3380,True,0.16153846153846155,0.16224925375084984,0.690359477124183,-0.0007107922123883158,0.0,0.1495600280746077,0.17474253213222093,0.6646285626315156,0.7117937933278843
0,JOINT_CONT,-1,20264508,1,run,2-3,209,819,True,0.6617826617826618,0.6431130088518673,0.16727941176470587,0.018669652930794506,0.0,0.6295785741220548,0.6944843528787163,0.15827954943010825,0.17745858936516481
0,JOINT_CONT,-1,20264508,1,run,4-7,150,566,True,0.7491166077738516,0.7118997896122232,0.1156045751633987,0.03721681816162837,0.0,0.7185548318551367,0.7802996466736181,0.10259749333083935,0.1289050713655819
0,JOINT_CONT,-1,20264508,1,run,8+,50,131,False,0.648854961832061,0.6874362914013553,0.026756535947712417,-0.03858132956929425,0.0,0.5499404761904763,0.7225384970742224,0.019069746960066455,0.03599153366264179
0,JOINT_CONT,-1,20264509,0,all,all,1834,41976,True,0.3153468648751668,0.3158428992354817,1.0,-0.000496034360314978,0.0,0.3084176576432261,0.32281358036736274,1.0,1.0
0,JOINT_CONT,-1,20264509,0,history,1-4,1834,7336,True,0.31297709923664124,0.31724143850008574,0.1747665332570993,-0.004264339263444541,0.0,0.2992059705561614,0.32825109051254087,0.17290427809845826,0.17619865113052363
0,JOINT_CONT,-1,20264509,0,history,5-8,1834,7336,True,0.30861504907306436,0.3093924900286006,0.1747665332570993,-0.0007774409555362265,0.0,0.29334787350054525,0.32538167938931295,0.17290427809845826,0.17619865113052363
0,JOINT_CONT,-1,20264509,0,history,9-16,1834,14569,True,0.32198503672180656,0.31719376327887,0.34707928340003813,0.004791273442936581,0.0,0.30981687269894187,0.3350073916009329,0.3434723649793269,0.3498015050581372
0,JOINT_CONT,-1,20264509,0,history,17-31,1605,12735,True,0.312995681193561,0.3172076247673562,0.3033876500857633,-0.004211943573795186,0.0,0.3005485918744229,0.3264535750734662,0.29778929466439136,0.31072193001987125
0,JOINT_CONT,-1,20264509,0,run,1,1834,29288,True,0.16218246380770282,0.16237656176827192,0.6977320373546788,-0.0001940979605691019,0.0,0.1579048381650358,0.1661471153832606,0.6904200383487066,0.7043578105568296
0,JOINT_CONT,-1,20264509,0,run,2-3,1784,7095,True,0.6400281888653981,0.6396548345220331,0.1690251572327044,0.0003733543433651359,0.0,0.6290646114864865,0.6504273138275775,0.1657404985267022,0.17251591675542952
0,JOINT_CONT,-1,20264509,0,run,4-7,1388,4631,True,0.7158281148779961,0.7130504620523292,0.11032494758909853,0.0027776528256668654,0.0,0.7014747564430283,0.7289654161848788,0.10655741205559782,0.11482897904257824
0,JOINT_CONT,-1,20264509,0,run,8+,355,962,True,0.6559251559251559,0.6877848820595349,0.0229178578235182,-0.031859726134379,0.0,0.6233883731769366,0.6838610997337702,0.020225287250035733,0.02585088378267046
0,JOINT_CONT,-1,20264509,1,all,all,214,4896,True,0.30943627450980393,0.3140418176780203,1.0,-0.004605543168216324,0.0,0.28878706389401615,0.33130656413940773,1.0,1.0
0,JOINT_CONT,-1,20264509,1,history,1-4,214,856,True,0.28154205607476634,0.3019341770971755,0.17483660130718953,-0.020392121022409164,0.0,0.2336448598130841,0.33066588785046724,0.16987413255968525,0.18086642098741731
0,JOINT_CONT,-1,20264509,1,history,5-8,214,856,True,0.2967289719626168,0.2935353902639404,0.17483660130718953,0.0031935816986764557,0.0,0.2558411214953271,0.34582359813084107,0.16987413255968525,0.18086642098741731
0,JOINT_CONT,-1,20264509,1,history,9-16,214,1698,True,0.31507656065959955,0.32034959484577485,0.34681372549019607,-0.005273034186175264,0.0,0.28134788005446754,0.35254973805040063,0.3371013378123527,0.3585466715615557
0,JOINT_CONT,-1,20264509,1,history,17-31,182,1486,True,0.3263795423956931,0.3256212500957916,0.3035130718954248,0.0007582922999015198,0.0,0.28907505776572234,0.3685715234847094,0.2797301648951558,0.3232207037898559
0,JOINT_CONT,-1,20264509,1,run,1,214,3440,True,0.15465116279069768,0.1626118509506905,0.7026143790849673,-0.00796068815999281,0.0,0.14198015326876268,0.16789254245184637,0.6805830316093291,0.7218716877358067
0,JOINT_CONT,-1,20264509,1,run,2-3,209,792,True,0.6363636363636364,0.6413423577867553,0.16176470588235295,-0.004978721423118921,0.0,0.6026649350649351,0.667913215271827,0.15182462349804987,0.17156723429416265
0,JOINT_CONT,-1,20264509,1,run,4-7,155,541,True,0.7375231053604436,0.7128214574742371,0.11049836601307189,0.024701647886206535,0.0,0.7045925644032117,0.7702807548928239,0.09907738820626566,0.12269598314213144
0,JOINT_CONT,-1,20264509,1,run,8+,46,123,False,0.6504065040650406,0.6876781806547919,0.025122549019607844,-0.03727167658975133,0.0,0.5591318785578747,0.7143502581755593,0.017619799856920138,0.03372914512086531
0,JOINT_CONT,-1,20264510,0,all,all,1834,41976,True,0.31432246998284735,0.3146991495863759,1.0,-0.00037667960352859634,0.0,0.3072317516612252,0.3217556520271479,1.0,1.0
0,JOINT_CONT,-1,20264510,0,history,1-4,1834,7336,True,0.31706652126499457,0.31483027658076135,0.1747665332570993,0.002236244684233229,0.0,0.3031624863685932,0.33329130316248634,0.17306784939133718,0.1766450923329721
0,JOINT_CONT,-1,20264510,0,history,5-8,1834,7336,True,0.3112050163576881,0.3164567280315785,0.1747665332570993,-0.005251711673890427,0.0,0.2949529716466739,0.3292052889858233,0.17306784939133718,0.1766450923329721
0,JOINT_CONT,-1,20264510,0,history,9-16,1834,14569,True,0.3158075365502093,0.31493524041972726,0.34707928340003813,0.0008722961304821114,0.0,0.30384171075490574,0.3290149086757208,0.34395104337866267,0.35075079249508134
0,JOINT_CONT,-1,20264510,0,history,17-31,1605,12735,True,0.31283863368669024,0.3133410694563475,0.3033876500857633,-0.0005024357696572477,0.0,0.2997143297673659,0.3250236174338982,0.2958985322123946,0.3098300717518149
0,JOINT_CONT,-1,20264510,0,run,1,1834,29363,True,0.16210877635119028,0.16220506264730641,0.6995187726319801,-9.628629611614233e-05,0.0,0.15791562914990584,0.16623665293835363,0.692069813556511,0.7064524069452119
0,JOINT_CONT,-1,20264510,0,run,2-3,1782,7058,True,0.6387078492490791,0.6391115726755465,0.16814370116256908,-0.00040372342646755147,0.0,0.62738676810141,0.6514633608055576,0.1648002562540683,0.171273093767708
0,JOINT_CONT,-1,20264510,0,run,4-7,1370,4535,True,0.7071664829106946,0.712939580365874,0.10803792643415285,-0.00577309745517938,0.0,0.6953724267757483,0.7196730260160459,0.10437139961030457,0.11225524030356046
0,JOINT_CONT,-1,20264510,0,run,8+,340,1020,True,0.7049019607843138,0.6891703643349134,0.024299599771297885,0.015731596449400406,0.0,0.6751723639369108,0.7343785976609745,0.021396223069966924,0.027577763109624117
0,JOINT_CONT,-1,20264510,1,all,all,214,4896,True,0.31209150326797386,0.31323465198698386,1.0,-0.0011431487190099753,0.0,0.29278970316169967,0.33489586033573493,1.0,1.0
0,JOINT_CONT,-1,20264510,1,history,1-4,214,856,True,0.3247663551401869,0.3217482554796634,0.17483660130718953,0.0030180996605235298,0.0,0.2827102803738318,0.37152453271028035,0.17011044277877296,0.1805193142420816
0,JOINT_CONT,-1,20264510,1,history,5-8,214,856,True,0.308411214953271,0.3126673011867182,0.17483660130718953,-0.004256086233447229,0.0,0.2686623831775701,0.35403037383177566,0.17011044277877296,0.1805193142420816
0,JOINT_CONT,-1,20264510,1,history,9-16,214,1698,True,0.2838633686690224,0.29296531354581207,0.34681372549019607,-0.009101944876789673,0.0,0.24923579779903063,0.31802721864761624,0.3379559552946701,0.35776107526253653
0,JOINT_CONT,-1,20264510,1,history,17-31,182,1486,True,0.3391655450874832,0.3318183292200951,0.3035130718954248,0.007347215867388098,0.0,0.30345837984026497,0.3755319233468858,0.2814988762800078,0.3216853848135635
0,JOINT_CONT,-1,20264510,1,run,1,214,3444,True,0.16608594657375145,0.16295249288980002,0.7034313725490197,0.0031334536839513955,0.0,0.1551217871820197,0.17970345491063142,0.681648304752615,0.7221624502607747
0,JOINT_CONT,-1,20264510,1,run,2-3,208,874,True,0.6441647597254004,0.6427459352537662,0.17851307189542484,0.0014188244716341152,0.0,0.6134988444316047,0.6730654682800588,0.1686095039421879,0.18956140937834173
0,JOINT_CONT,-1,20264510,1,run,4-7,156,499,True,0.6733466933867736,0.7137049054089104,0.10191993464052287,-0.04035821202213689,0.0,0.6365219669746749,0.7027451980282169,0.09008270774351552,0.11293840652730358
0,JOINT_CONT,-1,20264510,1,run,8+,31,79,False,0.7215189873417721,0.6897439924678904,0.01613562091503268,0.0317749948738816,0.0,0.6268190298507463,0.79798443147067,0.010793414249166222,0.021965005992800327
0,JOINT_CONT,-1,20264511,0,all,all,1834,41976,True,0.31353630646083475,0.31484470123190067,1.0,-0.001308394771065907,0.0,0.30692590310743567,0.3203319184593434,1.0,1.0
0,JOINT_CONT,-1,20264511,0,history,1-4,1834,7336,True,0.31284078516902947,0.31475087326237944,0.1747665332570993,-0.0019100880933499837,0.0,0.29741344056706653,0.3275661123227917,0.17318960688549595,0.1766577472486387
0,JOINT_CONT,-1,20264511,0,history,5-8,1834,7336,True,0.31284078516902947,0.31495771093883645,0.1747665332570993,-0.0021169257698070015,0.0,0.297430479825518,0.3293381952017448,0.17318960688549595,0.1766577472486387
0,JOINT_CONT,-1,20264511,0,history,9-16,1834,14569,True,0.30921820303383896,0.3121765128462254,0.34707928340003813,-0.002958309812386408,0.0,0.29606888180175867,0.32116055362652013,0.3440052461773079,0.35045852329428895
0,JOINT_CONT,-1,20264511,0,history,17-31,1605,12735,True,0.3192775814683942,0.3178860926229671,0.3033876500857633,0.0013914888454271467,0.0,0.3062439779801352,0.3336553603536539,0.2962611322797494,0.3096251648375804
0,JOINT_CONT,-1,20264511,0,run,1,1834,29394,True,0.16377492005171124,0.16259297980693196,0.7002572898799314,0.0011819402447792882,0.0,0.15988201275511363,0.1675461846112961,0.6935470777345261,0.7068299760778513
0,JOINT_CONT,-1,20264511,0,run,2-3,1793,7138,True,0.6407957411039507,0.6412470934789533,0.17004955212502382,-0.00045135237500261254,0.0,0.6302147317617904,0.6509703821267093,0.16696013136460627,0.17291968559962653
0,JOINT_CONT,-1,20264511,0,run,4-7,1401,4494,True,0.696706720071206,0.7133864384431859,0.1070611778158948,-0.016679718371979884,0.0,0.6827407918120031,0.7088372085010671,0.1032710914544852,0.11104921760059801
0,JOINT_CONT,-1,20264511,0,run,8+,342,950,True,0.6757894736842105,0.6878765503672196,0.02263198017914999,-0.012087076683009134,0.0,0.6447407792284364,0.7047530841214288,0.019586517097149106,0.02539382552620465
0,JOINT_CONT,-1,20264511,1,all,all,214,4896,True,0.31229575163398693,0.31325514915918234,1.0,-0.0009593975251954283,0.0,0.287935794910933,0.3333482054332738,1.0,1.0
0,JOINT_CONT,-1,20264511,1,history,1-4,214,856,True,0.3177570093457944,0.32342481305816084,0.17483660130718953,-0.005667803712366446,0.0,0.2745035046728972,0.36568341121495324,0.16950411152776337,0.17987634451965195
0,JOINT_CONT,-1,20264511,1,history,5-8,214,856,True,0.3037383177570093,0.30766908126887005,0.17483660130718953,-0.003930763511860765,0.0,0.2558411214953271,0.34813084112149534,0.16950411152776337,0.17987634451965195
0,JOINT_CONT,-1,20264511,1,history,9-16,214,1698,True,0.31919905771495877,0.3210488497917139,0.34681372549019607,-0.0018497920767550408,0.0,0.2786555188729102,0.35517600091726864,0.3370230853217969,0.3566882813102491
0,JOINT_CONT,-1,20264511,1,history,17-31,182,1486,True,0.3061911170928668,0.3017092125121724,0.3035130718954248,0.004481904580694309,0.0,0.27221990558615267,0.3434241956970876,0.2840722322468542,0.32396869162267644
0,JOINT_CONT,-1,20264511,1,run,1,214,3439,True,0.16574585635359115,0.16279631673738,0.7024101307189542,0.002949539616211144,0.0,0.15344588184206745,0.17815430253979248,0.6816633299311716,0.7264784622361262
0,JOINT_CONT,-1,20264511,1,run,2-3,208,844,True,0.6481042654028436,0.6378503871828939,0.17238562091503268,0.010253878219949619,0.0,0.6128670710641546,0.6837509897501339,0.16206596735841294,0.1817291243406213
0,JOINT_CONT,-1,20264511,1,run,4-7,154,526,True,0.6825095057034221,0.7136427364439929,0.10743464052287582,-0.031133230740570783,0.0,0.6392263125902287,0.7205166642083459,0.09393635966397065,0.12047320906697036
0,JOINT_CONT,-1,20264511,1,run,8+,36,87,False,0.6091954022988506,0.6910215042713126,0.017769607843137254,-0.08182610197246187,0.0,0.4847860962566845,0.7033333333333334,0.011364205570026048,0.02523114775682169
0,JOINT_CONT,-1,20264512,0,all,all,1834,41976,True,0.3177291785782352,0.31661143551352877,1.0,0.0011177430647064067,0.0,0.3095228082525544,0.32500676117153876,1.0,1.0
0,JOINT_CONT,-1,20264512,0,history,1-4,1834,7336,True,0.3112050163576881,0.3145406865579722,0.1747665332570993,-0.0033356702002840357,0.0,0.2942952562704471,0.32879975463467825,0.17314443871342433,0.17655411422107772
0,JOINT_CONT,-1,20264512,0,history,5-8,1834,7336,True,0.3212922573609597,0.3177510697062121,0.1747665332570993,0.003541187654747556,0.0,0.3061409487459106,0.33806229552889855,0.17314443871342433,0.17655411422107772
0,JOINT_CONT,-1,20264512,0,history,9-16,1834,14569,True,0.3262406479511291,0.321592233934225,0.34707928340003813,0.004648414016904121,0.0,0.3131225567446578,0.33923972849632683,0.34390561177528356,0.3505411777849555
0,JOINT_CONT,-1,20264512,0,history,17-31,1605,12735,True,0.30969768354927363,0.3114497084392701,0.3033876500857633,-0.0017520248899964227,0.0,0.29624545391590484,0.3241775002780308,0.29646503525873336,0.3099200130193056
0,JOINT_CONT,-1,20264512,0,run,1,1834,29238,True,0.16382789520487037,0.16271731215034874,0.6965408805031447,0.0011105830545216084,0.0,0.15964769501797157,0.16859541833565925,0.6889343864915055,0.7044085591417372
0,JOINT_CONT,-1,20264512,0,run,2-3,1791,7109,True,0.6303277535518357,0.6398477195351022,0.16935868115113398,-0.00951996598326657,0.0,0.6196822581494678,0.6411718359913496,0.16620495915599762,0.17308937537467287
0,JOINT_CONT,-1,20264512,0,run,4-7,1344,4496,True,0.7308718861209964,0.7127112217964948,0.10710882408995616,0.01816066432450152,0.0,0.7184760671549855,0.7437610629090564,0.10298904317612674,0.11096636768396276
0,JOINT_CONT,-1,20264512,0,run,8+,395,1133,True,0.6884377758164166,0.6880191995515477,0.026991614255765198,0.000418576264868942,0.0,0.6598516476048079,0.7126407236541701,0.024110799832685187,0.03002066615097925
0,JOINT_CONT,-1,20264512,1,all,all,214,4896,True,0.3125,0.3145216030890395,1.0,-0.0020216030890394844,0.0,0.2936524825528086,0.3326299056819823,1.0,1.0
0,JOINT_CONT,-1,20264512,1,history,1-4,214,856,True,0.30957943925233644,0.3137180204156839,0.17483660130718953,-0.004138581163347462,0.0,0.26282126168224296,0.352803738317757,0.17000824287561025,0.1799850721078403
0,JOINT_CONT,-1,20264512,1,history,5-8,214,856,True,0.2955607476635514,0.30396212678904,0.17483660130718953,-0.00840137912548865,0.0,0.2546728971962617,0.3364485981308411,0.17000824287561025,0.1799850721078403
0,JOINT_CONT,-1,20264512,1,history,9-16,214,1698,True,0.3209658421672556,0.32322070819740223,0.34681372549019607,-0.002254866030146598,0.0,0.28173476425419547,0.3571332939098305,0.33789562159046393,0.3567529485213356
0,JOINT_CONT,-1,20264512,1,history,17-31,182,1486,True,0.3142664872139973,0.3111270526228161,0.3035130718954248,0.0031394345911812368,0.0,0.2763651347535983,0.34953462998102464,0.28339652720574976,0.32216293424701953
0,JOINT_CONT,-1,20264512,1,run,1,214,3431,True,0.16758962401632177,0.1622964811918347,0.7007761437908496,0.005293142824487062,0.0,0.15588784491489285,0.1783124378419774,0.6802881191403011,0.7200405036772872
0,JOINT_CONT,-1,20264512,1,run,2-3,211,847,True,0.6127508854781583,0.6434095592730203,0.1729983660130719,-0.030658673794862274,0.0,0.5787376505522561,0.6458968558521674,0.16341964056341912,0.1812193983550579
0,JOINT_CONT,-1,20264512,1,run,4-7,156,518,True,0.7355212355212355,0.7134011615671679,0.10580065359477124,0.022120073954067582,0.0,0.6931666573133547,0.7726617683506134,0.09400207033499954,0.11844709629444544
0,JOINT_CONT,-1,20264512,1,run,8+,47,100,False,0.55,0.6854884335871109,0.02042483660130719,-0.13548843358711093,0.0,0.42857142857142855,0.6393932644333571,0.014327095202775784,0.029044416008067717
0,JOINT_CONT,-1,20264513,0,all,all,1834,41976,True,0.3167762530970078,0.31642525532471383,1.0,0.00035099777229406694,0.0,0.30907158364046816,0.3235549190404772,1.0,1.0
0,JOINT_CONT,-1,20264513,0,history,1-4,1834,7336,True,0.3137949836423119,0.31480225166932,0.1747665332570993,-0.001007268027008115,0.0,0.29770310796074156,0.33056161395856054,0.17314423448912136,0.1764822276053339
0,JOINT_CONT,-1,20264513,0,history,5-8,1834,7336,True,0.31161395856052343,0.31569277454612915,0.1747665332570993,-0.004078815985605669,0.0,0.2973009814612868,0.32661532170119956,0.17314423448912136,0.1764822276053339
0,JOINT_CONT,-1,20264513,0,history,9-16,1834,14569,True,0.31649392545816457,0.3145350822348194,0.34707928340003813,0.001958843223345197,0.0,0.30422784566632255,0.328792040380665,0.34403494083204483,0.35039711570975823
0,JOINT_CONT,-1,20264513,0,history,17-31,1605,12735,True,0.3217903415783274,0.31994451449662864,0.3033876500857633,0.001845827081698805,0.0,0.30665722801055706,0.33607212812802156,0.2965455631123891,0.3097130373222015
0,JOINT_CONT,-1,20264513,0,run,1,1834,29242,True,0.1627111688666986,0.1622622209485823,0.6966361730512673,0.0004489479181162776,0.0,0.15899916314572798,0.16676991512560152,0.6901195938684589,0.7041535273361057
0,JOINT_CONT,-1,20264513,0,run,2-3,1786,7079,True,0.641192258793615,0.6401384763665957,0.16864398704021347,0.001053782427019137,0.0,0.6297701155462863,0.6523526844090148,0.16570454657320433,0.17196031745516674
0,JOINT_CONT,-1,20264513,0,run,4-7,1400,4608,True,0.7107204861111112,0.712924699218619,0.1097770154373928,-0.0022042131075079158,0.0,0.6985608825040037,0.7229688674381479,0.10560456457562484,0.11350131797112199
0,JOINT_CONT,-1,20264513,0,run,8+,367,1047,True,0.6924546322827125,0.6883451426296202,0.02494282447112636,0.0041094896530922366,0.0,0.6649689251894934,0.718680776194267,0.022245870779430212,0.02795318291605724
0,JOINT_CONT,-1,20264513,1,all,all,214,4896,True,0.3159722222222222,0.3158971309140053,1.0,7.509130821690759e-05,0.0,0.2944511377932705,0.3350008744750049,1.0,1.0
0,JOINT_CONT,-1,20264513,1,history,1-4,214,856,True,0.30257009345794394,0.3095343635604829,0.17483660130718953,-0.00696427010253902,0.0,0.254643691588785,0.3493282710280374,0.1701442550621757,0.1801735435199238
0,JOINT_CONT,-1,20264513,1,history,5-8,214,856,True,0.3282710280373832,0.3217000560062306,0.17483660130718953,0.006570972031152537,0.0,0.2826810747663551,0.37616822429906543,0.1701442550621757,0.1801735435199238
0,JOINT_CONT,-1,20264513,1,history,9-16,214,1698,True,0.31036513545347466,0.3109849808687954,0.34681372549019607,-0.0006198454153206751,0.0,0.2750440823368334,0.34613454883548395,0.3381634698435523,0.3569789829755796
0,JOINT_CONT,-1,20264513,1,history,17-31,182,1486,True,0.32301480484522205,0.3218325654714998,0.3035130718954248,0.0011822393737222852,0.0,0.2891092576927144,0.358027636415041,0.28276649145098975,0.3216850983864278
0,JOINT_CONT,-1,20264513,1,run,1,214,3419,True,0.16291313249488154,0.16303820866502697,0.6983251633986928,-0.00012507617014542255,0.0,0.14922464602623411,0.17554928485712687,0.6797340479634035,0.7194278008894345
0,JOINT_CONT,-1,20264513,1,run,2-3,205,839,True,0.6412395709177592,0.6400789668759553,0.17136437908496732,0.001160604041803852,0.0,0.6118318448093729,0.6751719991173875,0.16104960196450277,0.18161033660846113
0,JOINT_CONT,-1,20264513,1,run,4-7,156,537,True,0.7206703910614525,0.7128406582969017,0.1096813725490196,0.007829732764550791,0.0,0.6857476943346509,0.758638381369017,0.09907435965140007,0.12167638070367277
0,JOINT_CONT,-1,20264513,1,run,8+,39,101,False,0.6435643564356436,0.6869607011374259,0.02062908496732026,-0.04339634470178246,0.0,0.5324469833963504,0.7324034725594949,0.014366019934912265,0.02921035881303625
0,JOINT_CONT,-1,20264514,0,all,all,1834,41976,True,0.3079616923956547,0.311961645063863,1.0,-0.0039999526682083005,0.0,0.30127337568928314,0.3144306859692695,1.0,1.0
0,JOINT_CONT,-1,20264514,0,history,1-4,1834,7336,True,0.30493456924754636,0.3096534894996849,0.1747665332570993,-0.0047189202521385615,0.0,0.2885700654307525,0.32103326063249726,0.17311205867022267,0.1764269455222574
0,JOINT_CONT,-1,20264514,0,history,5-8,1834,7336,True,0.32142857142857145,0.319468096830356,0.1747665332570993,0.0019604745982154392,0.0,0.30616139585605234,0.338876772082879,0.17311205867022267,0.1764269455222574
0,JOINT_CONT,-1,20264514,0,history,9-16,1834,14569,True,0.30647264740201796,0.3109699353030005,0.34707928340003813,-0.004497287900982489,0.0,0.2943939510350589,0.3185319272548329,0.3438531413409684,0.3502823482200995
0,JOINT_CONT,-1,20264514,0,history,17-31,1605,12735,True,0.3036513545347468,0.3101016936359732,0.3033876500857633,-0.0064503391012263635,0.0,0.29248167181955703,0.3158330522924521,0.2969197842881387,0.30988774575008915
0,JOINT_CONT,-1,20264514,0,run,1,1834,29615,True,0.15954752659125443,0.16245844661651504,0.7055222031637126,-0.0029109200252606117,0.0,0.15553894783779484,0.16302394281191732,0.6992390581788587,0.7124884333369346
0,JOINT_CONT,-1,20264514,0,run,2-3,1766,7012,True,0.6373359954363947,0.640918303208087,0.1670478368591576,-0.0035823077716921827,0.0,0.6250159463105602,0.6490684237880499,0.16353790495035947,0.17004975433772643
0,JOINT_CONT,-1,20264514,0,run,4-7,1344,4437,True,0.7049808429118773,0.7127357414720265,0.1057032590051458,-0.007754898560149108,0.0,0.6928504653754137,0.7169679653251928,0.10180548878304749,0.10926449289640176
0,JOINT_CONT,-1,20264514,0,run,8+,340,912,True,0.6633771929824561,0.6876836509277757,0.02172670097198399,-0.024306457945319562,0.0,0.6336112169110645,0.6892523099367807,0.019108351828118396,0.02388876812931001
0,JOINT_CONT,-1,20264514,1,all,all,214,4896,True,0.31495098039215685,0.31548609180897313,1.0,-0.0005351114168162317,0.0,0.2920045171278217,0.3374036335480772,1.0,1.0
0,JOINT_CONT,-1,20264514,1,history,1-4,214,856,True,0.2803738317757009,0.29486267222202617,0.17483660130718953,-0.014488840446325235,0.0,0.2371495327102804,0.3282710280373832,0.16943784639746634,0.18070699579285407
0,JOINT_CONT,-1,20264514,1,history,5-8,214,856,True,0.2897196261682243,0.3055580288020958,0.17483660130718953,-0.0158384026338715,0.0,0.24766355140186916,0.3341121495327103,0.16943784639746634,0.18070699579285407
0,JOINT_CONT,-1,20264514,1,history,9-16,214,1698,True,0.32685512367491165,0.32218190328794594,0.34681372549019607,0.004673220386965743,0.0,0.28693408612356897,0.36387255471544644,0.3367534736760951,0.357887320687194
0,JOINT_CONT,-1,20264514,1,history,17-31,182,1486,True,0.33580080753701214,0.32543399302634707,0.3035130718954248,0.010366814510665078,0.0,0.2978914570320857,0.37776227668561135,0.28087876919414195,0.3242527711797308
0,JOINT_CONT,-1,20264514,1,run,1,214,3428,True,0.15198366394399065,0.16195421682439068,0.7001633986928104,-0.009970552880399972,0.0,0.1412332227902105,0.1653215916256584,0.6770191046741729,0.7230877166744077
0,JOINT_CONT,-1,20264514,1,run,2-3,201,775,True,0.6761290322580645,0.6430463157253179,0.1582924836601307,0.033082716532746595,0.0,0.6387383451804767,0.7091842629482071,0.14890094794758665,0.16792407735054535
0,JOINT_CONT,-1,20264514,1,run,4-7,156,565,True,0.7221238938053097,0.7132297383787738,0.11540032679738563,0.0088941554265359,0.0,0.6870319296164492,0.7584415385557666,0.10439432003589424,0.12651435943395936
0,JOINT_CONT,-1,20264514,1,run,8+,44,128,False,0.6953125,0.6883215105593169,0.026143790849673203,0.006990989440683104,0.0,0.5861793837123991,0.7752017085904129,0.01738028600619462,0.03571944673823286
0,JOINT_CONT,-1,20264515,0,all,all,1834,41976,True,0.31353630646083475,0.3142196414082123,1.0,-0.0006833349473775312,0.0,0.305587418942815,0.32115129068957154,1.0,1.0
0,JOINT_CONT,-1,20264515,0,history,1-4,1834,7336,True,0.3107960741548528,0.3124420893615861,0.1747665332570993,-0.0016460152067332742,0.0,0.29575722464558346,0.32716398582333694,0.1729409629527706,0.176486791847981
0,JOINT_CONT,-1,20264515,0,history,5-8,1834,7336,True,0.31720283533260635,0.3162362525637206,0.1747665332570993,0.0009665827688856714,0.0,0.30139040348964014,0.33084105779716466,0.1729409629527706,0.176486791847981
0,JOINT_CONT,-1,20264515,0,history,9-16,1834,14569,True,0.3108655364129316,0.31469387732100057,0.34707928340003813,-0.00382834090806898,0.0,0.29712993047560704,0.3237142256098545,0.34368859301943416,0.3503558816025756
0,JOINT_CONT,-1,20264515,0,history,17-31,1605,12735,True,0.3160581075775422,0.3135393995050971,0.3033876500857633,0.002518708072445051,0.0,0.30282920898877225,0.33058462972266817,0.29681250014926047,0.3102680505244079
0,JOINT_CONT,-1,20264515,0,run,1,1834,29427,True,0.16036293200122337,0.16214497905724046,0.701043453401944,-0.0017820470560171015,0.0,0.15588646702684839,0.1647970033533701,0.6934212123767015,0.7089425711611321
0,JOINT_CONT,-1,20264515,0,run,2-3,1790,7030,True,0.6452347083926031,0.6411267372416772,0.16747665332570993,0.0041079711509258475,0.0,0.6335816981019122,0.6546959866197585,0.1641174638553017,0.17100657897461685
0,JOINT_CONT,-1,20264515,0,run,4-7,1367,4474,True,0.7141260616897631,0.7132617155201474,0.10658471507528111,0.0008643461696155937,0.0,0.7000443367722738,0.7283710835915964,0.10249500765125248,0.110410093719764
0,JOINT_CONT,-1,20264515,0,run,8+,361,1045,True,0.6803827751196172,0.6889851588397827,0.02489517819706499,-0.008602383720165429,0.0,0.652603668261563,0.7081219906263159,0.022203578810095825,0.02815988140250375
0,JOINT_CONT,-1,20264515,1,all,all,214,4896,True,0.29473039215686275,0.3055202781946932,1.0,-0.010789886037830444,0.0,0.27572104441748935,0.31635754614434813,1.0,1.0
0,JOINT_CONT,-1,20264515,1,history,1-4,214,856,True,0.3399532710280374,0.3250882259517052,0.17483660130718953,0.01486504507633219,0.0,0.2897196261682243,0.3901869158878505,0.16936912046104602,0.18002766564171796
0,JOINT_CONT,-1,20264515,1,history,5-8,214,856,True,0.29439252336448596,0.30809068089806674,0.17483660130718953,-0.013698157533580746,0.0,0.24997079439252337,0.3341121495327103,0.16936912046104602,0.18002766564171796
0,JOINT_CONT,-1,20264515,1,history,9-16,214,1698,True,0.3027090694935218,0.3108971539572706,0.34681372549019607,-0.008188084463748775,0.0,0.26875983267207176,0.33254441364896176,0.336363778594926,0.35651308339399823
0,JOINT_CONT,-1,20264515,1,history,17-31,182,1486,True,0.2597577388963661,0.28662366780509263,0.3035130718954248,-0.026865928908726546,0.0,0.22386908493615124,0.30251775032564476,0.2832412149243623,0.32490946531903836
0,JOINT_CONT,-1,20264515,1,run,1,214,3512,True,0.15290432801822323,0.16225463999095469,0.7173202614379085,-0.009350311972731451,0.0,0.14169687544833623,0.16494799652444758,0.695689552571404,0.7359859854371366
0,JOINT_CONT,-1,20264515,1,run,2-3,204,795,True,0.6264150943396226,0.639922092699264,0.16237745098039216,-0.013506998359641424,0.0,0.5946782213687951,0.655655470624591,0.15267357253873612,0.17214857090308128
0,JOINT_CONT,-1,20264515,1,run,4-7,154,491,True,0.6904276985743381,0.7123490810123828,0.1002859477124183,-0.0219213824380447,0.0,0.6482454361054767,0.7286981513875711,0.08933653915530977,0.11122819589563401
0,JOINT_CONT,-1,20264515,1,run,8+,32,98,False,0.7040816326530612,0.6886482032652053,0.020016339869281044,0.01543342938785605,0.0,0.5780237268518519,0.7881569740320323,0.01288349435123938,0.027462204713867976
0,JOINT_CONT,-1,20264516,0,all,all,1834,41976,True,0.31265485039069946,0.3144030735633777,1.0,-0.001748223172678203,0.0,0.30607358996832784,0.3198277606823087,1.0,1.0
0,JOINT_CONT,-1,20264516,0,history,1-4,1834,7336,True,0.3176117775354417,0.3159472143604061,0.1747665332570993,0.0016645631750355338,0.0,0.3023411941112323,0.3319281624863686,0.1729739925962604,0.17646132039841322
0,JOINT_CONT,-1,20264516,0,history,5-8,1834,7336,True,0.31352235550708835,0.31639959384005684,0.1747665332570993,-0.0028772383329685133,0.0,0.2985209923664122,0.32825449836423115,0.1729739925962604,0.17646132039841322
0,JOINT_CONT,-1,20264516,0,history,9-16,1834,14569,True,0.3066785640744046,0.31150857234174034,0.34707928340003813,-0.004830008267335797,0.0,0.29496622654522897,0.32188387849286926,0.34381506620267044,0.35014127726028277
0,JOINT_CONT,-1,20264516,0,history,17-31,1605,12735,True,0.31613663133097764,0.31567482061177293,0.3033876500857633,0.00046181071920466045,0.0,0.3015717781404215,0.33099722404292775,0.29695715647694254,0.31021580016353645
0,JOINT_CONT,-1,20264516,0,run,1,1834,29418,True,0.15864436739411245,0.1620383938553738,0.7008290451686678,-0.0033940264612613348,0.0,0.1549815466999655,0.16281011543478768,0.6938109106477226,0.7073397871948296
0,JOINT_CONT,-1,20264516,0,run,2-3,1782,7034,True,0.6511231162922946,0.6419252522126871,0.16757194587383267,0.009197864079607423,0.0,0.6412498299715592,0.6620447766461375,0.16415290822623488,0.17075922091772983
0,JOINT_CONT,-1,20264516,0,run,4-7,1385,4548,True,0.7036059806508356,0.7128517306180867,0.10834762721555175,-0.009245749967251065,0.0,0.6915560177203728,0.7156300055125381,0.10464006139509659,0.1121168493058603
0,JOINT_CONT,-1,20264516,0,run,8+,348,976,True,0.6936475409836066,0.6897398058850973,0.02325138174194778,0.003907735098509134,0.0,0.6620730841029848,0.7270188983230237,0.02054576517630487,0.026096865771600187
0,JOINT_CONT,-1,20264516,1,all,all,214,4896,True,0.315359477124183,0.3157052216492038,1.0,-0.00034574452502074844,0.0,0.2944301245197504,0.3374880925933931,1.0,1.0
0,JOINT_CONT,-1,20264516,1,history,1-4,214,856,True,0.3411214953271028,0.3338513751729297,0.17483660130718953,0.007270120154173095,0.0,0.2885514018691589,0.3879088785046728,0.1697057411134838,0.1801735435199238
0,JOINT_CONT,-1,20264516,1,history,5-8,214,856,True,0.2780373831775701,0.29365677408967783,0.17483660130718953,-0.015619390912107721,0.0,0.2383177570093458,0.3235981308411215,0.1697057411134838,0.1801735435199238
0,JOINT_CONT,-1,20264516,1,history,9-16,214,1698,True,0.3250883392226148,0.32250316128671624,0.34681372549019607,0.002585177935898511,0.0,0.29149676667556335,0.36268194139424637,0.3376288556218165,0.3572635459873008
0,JOINT_CONT,-1,20264516,1,history,17-31,182,1486,True,0.31090174966352624,0.31018534425361055,0.3035130718954248,0.00071640540991573,0.0,0.26785570269328424,0.34985913606776914,0.28237455573824505,0.3230495634415115
0,JOINT_CONT,-1,20264516,1,run,1,214,3416,True,0.16100702576112413,0.16163380823022833,0.6977124183006536,-0.0006267824691041877,0.0,0.1504764539337051,0.17311455993892505,0.6758140729465242,0.7180598643036151
0,JOINT_CONT,-1,20264516,1,run,2-3,209,822,True,0.6447688564476886,0.6416637567212743,0.16789215686274508,0.0031050997264142925,0.0,0.6151161761071908,0.6784036154353013,0.15919065425326873,0.17693700027613726
0,JOINT_CONT,-1,20264516,1,run,4-7,161,537,True,0.6945996275605214,0.7131366203966047,0.1096813725490196,-0.018536992836083198,0.0,0.6578933969342909,0.7311543254319893,0.09720514989676625,0.12162063427367333
0,JOINT_CONT,-1,20264516,1,run,8+,37,121,False,0.7520661157024794,0.6871876289436163,0.0247140522875817,0.06487848675886312,0.0,0.6746454845932401,0.8085184605757196,0.016145139185757034,0.03383258794583938
0,JOINT_CONT,-1,20264517,0,all,all,1834,41976,True,0.3198256146369354,0.3180227729374779,1.0,0.0018028416994574743,0.0,0.3129186148649002,0.3271913088220303,1.0,1.0
0,JOINT_CONT,-1,20264517,0,history,1-4,1834,7336,True,0.32197382769901856,0.3175355471459133,0.1747665332570993,0.004438280553105239,0.0,0.3075211286804798,0.3391562159214831,0.1729610443883392,0.17658439427209127
0,JOINT_CONT,-1,20264517,0,history,5-8,1834,7336,True,0.3139312977099237,0.3176179092896656,0.1747665332570993,-0.0036866115797419595,0.0,0.29836763904034896,0.32947450926935656,0.1729610443883392,0.17658439427209127
0,JOINT_CONT,-1,20264517,0,history,9-16,1834,14569,True,0.3237010089916947,0.31850074009030527,0.34707928340003813,0.00520026890138942,0.0,0.311450504599848,0.33626827798073716,0.34357758653376497,0.3504389459174341
0,JOINT_CONT,-1,20264517,0,history,17-31,1605,12735,True,0.31755005889281507,0.31798986085877573,0.3033876500857633,-0.00043980196596062597,0.0,0.3049287756365613,0.33235966423788027,0.29630936032033545,0.3105084592948555
0,JOINT_CONT,-1,20264517,0,run,1,1834,29131,True,0.1621983454052384,0.16221231375215084,0.6939918048408614,-1.3968346912416209e-05,0.0,0.15813909335210885,0.16645363603342236,0.6866517127160485,0.7005679319602084
0,JOINT_CONT,-1,20264517,0,run,2-3,1789,7103,True,0.6505701816134027,0.6417004158302753,0.16921574232894987,0.008869765783127474,0.0,0.6397075146537715,0.6613720121107426,0.16616481186970494,0.17247030317752327
0,JOINT_CONT,-1,20264517,0,run,4-7,1393,4691,True,0.7203154977616713,0.712543211596032,0.11175433581093959,0.0077722861656393675,0.0,0.7077049658902341,0.732999417037225,0.10800849275221874,0.11554796573456573
0,JOINT_CONT,-1,20264517,0,run,8+,392,1051,True,0.6660323501427212,0.6882766371743446,0.025038117019249094,-0.022244287031623396,0.0,0.632693161244083,0.6944621879588839,0.0221436715834276,0.02789440475199877
0,JOINT_CONT,-1,20264517,1,all,all,214,4896,True,0.30861928104575165,0.3118265616745694,1.0,-0.003207280628817767,0.0,0.28574077054670444,0.32846117159029453,1.0,1.0
0,JOINT_CONT,-1,20264517,1,history,1-4,214,856,True,0.27102803738317754,0.3010463128977882,0.17483660130718953,-0.030018275514610695,0.0,0.22780373831775702,0.3107476635514019,0.17017385756943643,0.1796866049808198
0,JOINT_CONT,-1,20264517,1,history,5-8,214,856,True,0.3282710280373832,0.3082732230564466,0.17483660130718953,0.019997804980936597,0.0,0.2885514018691589,0.3750876168224298,0.17017385756943643,0.1796866049808198
0,JOINT_CONT,-1,20264517,1,history,9-16,214,1698,True,0.3209658421672556,0.3206829539891741,0.34681372549019607,0.00028288817808145233,0.0,0.28406069644839066,0.3555379177524921,0.33796750182128166,0.3562484402284986
0,JOINT_CONT,-1,20264517,1,history,17-31,182,1486,True,0.30484522207267833,0.3099634369503695,0.3035130718954248,-0.005118214877691157,0.0,0.26546708225136595,0.3423765517728751,0.2844052746312228,0.32130251059173154
0,JOINT_CONT,-1,20264517,1,run,1,214,3443,True,0.16787685158292187,0.16269342575110163,0.7032271241830066,0.005183425831820249,0.0,0.15598002908578362,0.18328220302062154,0.6836609193693528,0.7261202836464264
0,JOINT_CONT,-1,20264517,1,run,2-3,208,846,True,0.6122931442080378,0.6327666844525579,0.17279411764705882,-0.020473540244520094,0.0,0.5781981701221879,0.6447514947756494,0.16314713490472896,0.18375483450509142
0,JOINT_CONT,-1,20264517,1,run,4-7,153,510,True,0.6941176470588235,0.7144169227540631,0.10416666666666667,-0.020299275695239597,0.0,0.6510775729646697,0.728282627212799,0.09125829379494403,0.11599739889425797
0,JOINT_CONT,-1,20264517,1,run,8+,38,97,False,0.6288659793814433,0.6894446953217805,0.019812091503267973,-0.0605787159403373,0.0,0.5070422535211268,0.722233893557423,0.01289043750995174,0.02769103325642958
0,JOINT_CONT,-1,20264518,0,all,all,1834,41976,True,0.31239279588336194,0.3148495568275114,1.0,-0.002456760944149518,0.0,0.30553395483294427,0.3197475362109146,1.0,1.0
0,JOINT_CONT,-1,20264518,0,history,1-4,1834,7336,True,0.30670665212649945,0.3129788441683656,0.1747665332570993,-0.006272192041866143,0.0,0.29088058887677204,0.320764040348964,0.1730392734992334,0.17644826906271097
0,JOINT_CONT,-1,20264518,0,history,5-8,1834,7336,True,0.30929661941112324,0.31078247161499256,0.1747665332570993,-0.0014858522038693081,0.0,0.29579130316248636,0.32620637949836423,0.1730392734992334,0.17644826906271097
0,JOINT_CONT,-1,20264518,0,history,9-16,1834,14569,True,0.31464067540668544,0.3155921744766303,0.34707928340003813,-0.0009514990699448923,0.0,0.3032187924874934,0.32811340334665856,0.3437195205244237,0.35014028710740325
0,JOINT_CONT,-1,20264518,0,history,17-31,1605,12735,True,0.314880251276011,0.31742046288613096,0.3033876500857633,-0.0025402116101199647,0.0,0.303250562154411,0.3262119021254632,0.2968351032283242,0.3102531255758066
0,JOINT_CONT,-1,20264518,0,run,1,1834,29408,True,0.15992247007616975,0.16236031777420099,0.700590813798361,-0.0024378476980312118,0.0,0.1563288143379654,0.16382789116224716,0.6931300238459193,0.7071390925651599
0,JOINT_CONT,-1,20264518,0,run,2-3,1786,7068,True,0.6437464629315224,0.6426397494797716,0.16838193253287592,0.0011067134517507634,0.0,0.6320829431682331,0.6564377357165533,0.16552320859001407,0.1716976799576895
0,JOINT_CONT,-1,20264518,0,run,4-7,1385,4493,True,0.7068773647896728,0.7134525111072068,0.10703735467886412,-0.006575146317533893,0.0,0.6941085593429153,0.7183494563635009,0.1028650022427807,0.11111645502735724
0,JOINT_CONT,-1,20264518,0,run,8+,358,1007,True,0.6792452830188679,0.6888906559684339,0.023989898989898988,-0.009645372949565937,0.0,0.651805613002861,0.7068109918345791,0.02122092107913621,0.027028994436961207
0,JOINT_CONT,-1,20264518,1,all,all,214,4896,True,0.3151552287581699,0.3149077067037486,1.0,0.0002475220544212624,0.0,0.29481222156173514,0.3393301606653828,1.0,1.0
0,JOINT_CONT,-1,20264518,1,history,1-4,214,856,True,0.3446261682242991,0.33164886203796046,0.17483660130718953,0.012977306186338562,0.0,0.299036214953271,0.39605724299065415,0.16966874368308982,0.18059262306907256
0,JOINT_CONT,-1,20264518,1,history,5-8,214,856,True,0.32710280373831774,0.3186097107752045,0.17483660130718953,0.008493092963113248,0.0,0.28618574766355137,0.3773364485981308,0.16966874368308982,0.18059262306907256
0,JOINT_CONT,-1,20264518,1,history,9-16,214,1698,True,0.3003533568904594,0.30474070277946946,0.34681372549019607,-0.0043873458890100435,0.0,0.26500684017315945,0.33862504221546774,0.336825162645105,0.35755993849960144
0,JOINT_CONT,-1,20264518,1,history,17-31,182,1486,True,0.3082099596231494,0.3147490446661812,0.3035130718954248,-0.006539085043031765,0.0,0.2717342433092594,0.35106218355978935,0.28095172601808527,0.32408512987076704
0,JOINT_CONT,-1,20264518,1,run,1,214,3424,True,0.16325934579439252,0.161923624769047,0.6993464052287581,0.0013357210253455288,0.0,0.15310178331646226,0.17665288450056102,0.675369060224814,0.7190531420533226
0,JOINT_CONT,-1,20264518,1,run,2-3,211,838,True,0.6551312649164678,0.6418865921030886,0.17116013071895425,0.013244672813379084,0.0,0.6199977375565611,0.6923169267707082,0.16290032045008432,0.18100241160442068
0,JOINT_CONT,-1,20264518,1,run,4-7,162,539,True,0.699443413729128,0.7126401330167103,0.11008986928104575,-0.013196719287582264,0.0,0.662085944654304,0.7304495829651273,0.09950750118484078,0.12228283093917176
0,JOINT_CONT,-1,20264518,1,run,8+,37,95,False,0.6105263157894737,0.6878699466730674,0.01940359477124183,-0.07734363088359379,0.0,0.47761194029850745,0.6869581812147362,0.012644616467276567,0.02672765787921082
0,JOINT_CONT,-1,20264519,0,all,all,1834,41976,True,0.31865828092243187,0.317363981595712,1.0,0.0012942993267198713,0.0,0.31099443940426824,0.32600711306474056,1.0,1.0
0,JOINT_CONT,-1,20264519,0,history,1-4,1834,7336,True,0.3218375136314068,0.31816553403738124,0.1747665332570993,0.0036719795940255203,0.0,0.30560932388222467,0.33642311886586695,0.17285915677823735,0.17645240704832668
0,JOINT_CONT,-1,20264519,0,history,5-8,1834,7336,True,0.31025081788440567,0.3137424764643892,0.1747665332570993,-0.0034916585799834865,0.0,0.29525286259541983,0.3244342966194111,0.17285915677823735,0.17645240704832668
0,JOINT_CONT,-1,20264519,0,history,9-16,1834,14569,True,0.3204063422335095,0.31794062559187625,0.34707928340003813,0.0024657166416332766,0.0,0.3072530322881064,0.3341370415204224,0.3435373199942088,0.3503237146303357
0,JOINT_CONT,-1,20264519,0,history,17-31,1605,12735,True,0.31967020023557124,0.31832872808579304,0.3033876500857633,0.0013414721497782276,0.0,0.30605938310005726,0.3330145768093868,0.2967801716836498,0.3107985302401051
0,JOINT_CONT,-1,20264519,0,run,1,1834,29187,True,0.16411416041388288,0.1625351548624422,0.6953259005145798,0.001579005551440698,0.0,0.16011040575956983,0.16815980937143157,0.6880781020060986,0.7027682214196764
0,JOINT_CONT,-1,20264519,0,run,2-3,1784,7136,True,0.6434977578475336,0.6408750744562723,0.17000190585096245,0.0026226833912612194,0.0,0.6330003224149274,0.6554906569384513,0.16694008700471605,0.17326211489611593
0,JOINT_CONT,-1,20264519,0,run,4-7,1379,4639,True,0.7148092261263204,0.7126378041842857,0.110515532685344,0.0021714219420346597,0.0,0.7008693643022519,0.727959090381222,0.10679439590782308,0.11472318428364557
0,JOINT_CONT,-1,20264519,0,run,8+,363,1014,True,0.6686390532544378,0.6889010074562575,0.02415666094911378,-0.02026195420181972,0.0,0.6422583150584796,0.6946292590817019,0.021224246205664276,0.027222751014959606
0,JOINT_CONT,-1,20264519,1,all,all,214,4896,True,0.309640522875817,0.31336212665392227,1.0,-0.0037216037781052902,0.0,0.28778255255149005,0.32956891506596525,1.0,1.0
0,JOINT_CONT,-1,20264519,1,history,1-4,214,856,True,0.3212616822429907,0.3234400455848613,0.17483660130718953,-0.0021783633418706277,0.0,0.276839953271028,0.36688084112149527,0.16956791292803416,0.18002197717611867
0,JOINT_CONT,-1,20264519,1,history,5-8,214,856,True,0.308411214953271,0.3059419274571331,0.17483660130718953,0.0024692874961378883,0.0,0.2616530373831775,0.35867406542056074,0.16956791292803416,0.18002197717611867
0,JOINT_CONT,-1,20264519,1,history,9-16,214,1698,True,0.31566548881036516,0.3147308354222084,0.34681372549019607,0.0009346533881567617,0.0,0.281867577813939,0.3474720951985035,0.33662822661939057,0.3564100986077389
0,JOINT_CONT,-1,20264519,1,history,17-31,182,1486,True,0.29676985195154776,0.31026719019296534,0.3035130718954248,-0.01349733824141753,0.0,0.25725855060871144,0.337911962764904,0.2839011566771819,0.32429553118845167
0,JOINT_CONT,-1,20264519,1,run,1,214,3440,True,0.16104651162790698,0.16209212474427176,0.7026143790849673,-0.0010456131163647762,0.0,0.14938757138169567,0.1738611872784887,0.6830554952978938,0.7240245118951726
0,JOINT_CONT,-1,20264519,1,run,2-3,209,813,True,0.6383763837638377,0.6398572085314186,0.16605392156862744,-0.0014808247675808933,0.0,0.6063285915902455,0.6720815968631628,0.15625656565270096,0.1760457721822227
0,JOINT_CONT,-1,20264519,1,run,4-7,155,523,True,0.6864244741873805,0.714132924877609,0.1068218954248366,-0.027708450690228547,0.0,0.6465162784170643,0.7213420032359495,0.09419008950666566,0.11939581661316212
0,JOINT_CONT,-1,20264519,1,run,8+,41,120,False,0.7,0.6910719394189655,0.024509803921568627,0.008928060581034436,0.0,0.6037302656911822,0.7718182491117253,0.016225889503057662,0.0326216513864494
0,JOINT_CONT,-1,20264520,0,all,all,1834,41976,True,0.31382218410520296,0.314686970162214,1.0,-0.0008647860570109294,0.0,0.3067049355103957,0.32186244087537647,1.0,1.0
0,JOINT_CONT,-1,20264520,0,history,1-4,1834,7336,True,0.321701199563795,0.31802805279828045,0.1747665332570993,0.0036731467655145658,0.0,0.30657033805888767,0.3369751908396946,0.1729604329856344,0.17635463243425165
0,JOINT_CONT,-1,20264520,0,history,5-8,1834,7336,True,0.3324700109051254,0.3230269167887225,0.1747665332570993,0.0094430941164029,0.0,0.31773446019629226,0.34897082878953106,0.1729604329856344,0.17635463243425165
0,JOINT_CONT,-1,20264520,0,history,9-16,1834,14569,True,0.3095613974878166,0.3134674385814864,0.34707928340003813,-0.0039060410936698057,0.0,0.2963508337386826,0.3229822935968705,0.3436010478913479,0.3500022236645992
0,JOINT_CONT,-1,20264520,0,history,17-31,1605,12735,True,0.3034157832744405,0.309353269724787,0.3033876500857633,-0.005937486450346438,0.0,0.29018630468892653,0.31643246663291946,0.2972955430549546,0.3105113471923925
0,JOINT_CONT,-1,20264520,0,run,1,1834,29368,True,0.16255788613456823,0.16237419902478697,0.6996378883171336,0.00018368710978124088,0.0,0.15889374654566052,0.16727862827833,0.6919460826864506,0.7066761787648929
0,JOINT_CONT,-1,20264520,0,run,2-3,1788,7164,True,0.6395868230039085,0.6395175952996273,0.17066895368782162,6.922770428113228e-05,0.0,0.6291268617824427,0.6512845564127959,0.16758566690273674,0.1741415917212715
0,JOINT_CONT,-1,20264520,0,run,4-7,1369,4434,True,0.7052322958953541,0.7132582386595006,0.10563178959405374,-0.008025942764146586,0.0,0.6915435777186577,0.7178496281961315,0.10172841037708981,0.10974929260519062
0,JOINT_CONT,-1,20264520,0,run,8+,357,1010,True,0.6831683168316832,0.6897066332934558,0.024061368400991042,-0.006538316461772601,0.0,0.6510195765279241,0.7127787759121115,0.02117009529084791,0.027181813449411323
0,JOINT_CONT,-1,20264520,1,all,all,214,4896,True,0.3055555555555556,0.31143010143500394,1.0,-0.005874545879448389,0.0,0.286169271456364,0.3277093287668622,1.0,1.0
0,JOINT_CONT,-1,20264520,1,history,1-4,214,856,True,0.33294392523364486,0.32903057516170153,0.17483660130718953,0.003913350071943364,0.0,0.28384929906542056,0.3820385514018691,0.16953014441474146,0.17946057696877524
0,JOINT_CONT,-1,20264520,1,history,5-8,214,856,True,0.3002336448598131,0.302624750872142,0.17483660130718953,-0.002391106012328939,0.0,0.2546728971962617,0.34813084112149534,0.16953014441474146,0.17946057696877524
0,JOINT_CONT,-1,20264520,1,history,9-16,214,1698,True,0.31919905771495877,0.3225552079049273,0.34681372549019607,-0.0033561501899685097,0.0,0.2835915210662105,0.35534667579465495,0.336497369094624,0.35577904402554605
0,JOINT_CONT,-1,20264520,1,history,17-31,182,1486,True,0.2772543741588156,0.2936514633366371,0.3035130718954248,-0.01639708917782149,0.0,0.24305186702808895,0.3130710147119042,0.2851608161657383,0.3242457902811039
0,JOINT_CONT,-1,20264520,1,run,1,214,3460,True,0.16156069364161849,0.1623479469996164,0.7066993464052288,-0.0007872533579979148,0.0,0.15045985929455347,0.1724101558838189,0.6843198742604681,0.7277778515881029
0,JOINT_CONT,-1,20264520,1,run,2-3,207,827,True,0.6142684401451027,0.643223927427671,0.16891339869281047,-0.028955487282568235,0.0,0.5755336479047298,0.65432325708061,0.15948912409211077,0.1779199993240068
0,JOINT_CONT,-1,20264520,1,run,4-7,153,509,True,0.7210216110019646,0.7118832756952167,0.1039624183006536,0.00913833530674802,0.0,0.680608756530141,0.7582614628358336,0.09166598973662785,0.11763723768206764
0,JOINT_CONT,-1,20264520,1,run,8+,39,100,False,0.62,0.6874310469555734,0.02042483660130719,-0.06743104695557346,0.0,0.5184865900383141,0.7029397233201581,0.01303871106614755,0.028745812291402887
0,JOINT_CONT,-1,20264521,0,all,all,1834,41976,True,0.3164903754526396,0.3165019620937825,1.0,-1.1586641142910681e-05,0.0,0.3094676560143323,0.32434169438230626,1.0,1.0
0,JOINT_CONT,-1,20264521,0,history,1-4,1834,7336,True,0.31952017448200654,0.31710931824579647,0.1747665332570993,0.0024108562362100583,0.0,0.3038406488549618,0.3376533533260632,0.1729205805565586,0.17647352446335315
0,JOINT_CONT,-1,20264521,0,history,5-8,1834,7336,True,0.3176117775354417,0.3178417069387538,0.1747665332570993,-0.00022992940331210312,0.0,0.30246728462377315,0.3330152671755725,0.1729205805565586,0.17647352446335315
0,JOINT_CONT,-1,20264521,0,history,9-16,1834,14569,True,0.31745486992930194,0.3154646708635096,0.34707928340003813,0.001990199065792352,0.0,0.3034009807974401,0.3298886955648375,0.3436148717020163,0.35032559193366697
0,JOINT_CONT,-1,20264521,0,history,17-31,1605,12735,True,0.312995681193561,0.31656700826731704,0.3033876500857633,-0.0035713270737560234,0.0,0.29981518944958474,0.3267780240436691,0.29681634279819114,0.3105029985771294
0,JOINT_CONT,-1,20264521,0,run,1,1834,29253,True,0.16176118688681504,0.16232621776189582,0.6968982275586049,-0.0005650308750808042,0.0,0.15754167514482958,0.1659149309689577,0.6891894026682643,0.7033641102504314
0,JOINT_CONT,-1,20264521,0,run,2-3,1781,7120,True,0.6425561797752809,0.6415447502337572,0.1696207356584715,0.0010114295415236559,0.0,0.6302338187925428,0.6543174544205417,0.16631622794963463,0.1730506982401352
0,JOINT_CONT,-1,20264521,0,run,4-7,1384,4532,True,0.7111650485436893,0.7128881344621696,0.10796645702306079,-0.0017230859184803355,0.0,0.6982367424546154,0.7237739942945557,0.10421393749726932,0.11215579513402936
0,JOINT_CONT,-1,20264521,0,run,8+,357,1071,True,0.7049486461251168,0.6894023021596374,0.02551457975986278,0.01554634396547935,0.0,0.6776573374428316,0.7317349905275938,0.022328040553704683,0.02891721012289763
0,JOINT_CONT,-1,20264521,1,all,all,214,4896,True,0.3241421568627451,0.3215969856113277,1.0,0.0025451712514173346,0.0,0.3019649491653349,0.34530028332195245,1.0,1.0
0,JOINT_CONT,-1,20264521,1,history,1-4,214,856,True,0.3107476635514019,0.3124642175168301,0.17483660130718953,-0.0017165539654282738,0.0,0.2651577102803738,0.36098130841121495,0.16983622105203558,0.17956786238724565
0,JOINT_CONT,-1,20264521,1,history,5-8,214,856,True,0.32710280373831774,0.32024269013105977,0.17483660130718953,0.0068601136072579645,0.0,0.2721378504672897,0.37619742990654204,0.16983622105203558,0.17956786238724565
0,JOINT_CONT,-1,20264521,1,history,9-16,214,1698,True,0.31861012956419316,0.32090792565990345,0.34681372549019607,-0.0022977960957102396,0.0,0.2804209434068091,0.3547901343757431,0.33716173150454054,0.355918185252951
0,JOINT_CONT,-1,20264521,1,history,17-31,182,1486,True,0.3364737550471063,0.32842535049525634,0.3035130718954248,0.00804840455184997,0.0,0.29894099322635564,0.3760175440965174,0.285239661409703,0.3232262423590673
0,JOINT_CONT,-1,20264521,1,run,1,214,3376,True,0.16528436018957346,0.16375107723271973,0.6895424836601307,0.0015332829568537535,0.0,0.15437343143603222,0.17697566715711813,0.668911727886507,0.7110844897081267
0,JOINT_CONT,-1,20264521,1,run,2-3,205,817,True,0.6291309669522643,0.6422645692399804,0.16687091503267973,-0.013133602287716083,0.0,0.5937934371426058,0.6635406713922296,0.15940849711979402,0.17546643373302426
0,JOINT_CONT,-1,20264521,1,run,4-7,160,559,True,0.7352415026833632,0.7113877771147887,0.11417483660130719,0.02385372556857438,0.0,0.6993798892659403,0.7644192677504115,0.10178418027500312,0.12643758284171996
0,JOINT_CONT,-1,20264521,1,run,8+,42,144,False,0.7222222222222222,0.6897172523553335,0.029411764705882353,0.03250496986688865,0.0,0.6342904617537314,0.781465984346779,0.019416167403528018,0.038508185708183956
0,JOINT_CONT,-1,20264522,0,all,all,1834,41976,True,0.3162997903563941,0.3160291132748757,1.0,0.0002706770815185005,0.0,0.30870978606833854,0.3238567458495393,1.0,1.0
0,JOINT_CONT,-1,20264522,0,history,1-4,1834,7336,True,0.32360959651035986,0.3235491190625408,0.1747665332570993,6.0477447819087955e-05,0.0,0.30779716466739365,0.34051594874591057,0.17311675647018746,0.1766184052362319
0,JOINT_CONT,-1,20264522,0,history,5-8,1834,7336,True,0.30616139585605234,0.3071436519322644,0.1747665332570993,-0.0009822560762120206,0.0,0.2903387404580152,0.32142857142857145,0.17311675647018746,0.1766184052362319
0,JOINT_CONT,-1,20264522,0,history,9-16,1834,14569,True,0.32239687006657974,0.3188611869400632,0.34707928340003813,0.003535683126516545,0.0,0.308351392359651,0.3358177627296607,0.3440820910295536,0.3505656147415666
0,JOINT_CONT,-1,20264522,0,history,17-31,1605,12735,True,0.31095406360424027,0.31357575644118635,0.3033876500857633,-0.0026216928369460863,0.0,0.2980408260974991,0.32301069357847795,0.2961999716038828,0.3097102711429088
0,JOINT_CONT,-1,20264522,0,run,1,1834,29272,True,0.16575567094834653,0.162436392267813,0.697350867162188,0.003319278680533551,0.0,0.16159698669111122,0.16999671547647935,0.6900500574722773,0.7045914028411597
0,JOINT_CONT,-1,20264522,0,run,2-3,1785,7211,True,0.6325058937734017,0.6402931405691794,0.17178864112826378,-0.007787246795777802,0.0,0.6205014282753951,0.6421925622397479,0.1684271737203554,0.17505762294597027
0,JOINT_CONT,-1,20264522,0,run,4-7,1356,4484,True,0.703835860838537,0.7128271090238254,0.10682294644558796,-0.008991248185288332,0.0,0.6909026168038797,0.7177147098572305,0.10295801684822202,0.110577407787893
0,JOINT_CONT,-1,20264522,0,run,8+,337,1009,True,0.7016848364717542,0.6911094061997729,0.024037545263960357,0.010575430271981266,0.0,0.6715785607775998,0.7309106999195495,0.02088248342683953,0.027424131772803888
0,JOINT_CONT,-1,20264522,1,all,all,214,4896,True,0.31066176470588236,0.3135662009193128,1.0,-0.0029044362134304845,0.0,0.29011612270997406,0.33402759548497174,1.0,1.0
0,JOINT_CONT,-1,20264522,1,history,1-4,214,856,True,0.31542056074766356,0.31450587199047886,0.17483660130718953,0.0009146887571846841,0.0,0.26749415887850464,0.36106892523364476,0.17020685109762898,0.18029594918639844
0,JOINT_CONT,-1,20264522,1,history,5-8,214,856,True,0.3119158878504673,0.3195732889460294,0.17483660130718953,-0.007657401095562124,0.0,0.2639894859813084,0.3644859813084112,0.17020685109762898,0.18029594918639844
0,JOINT_CONT,-1,20264522,1,history,9-16,214,1698,True,0.32037691401649,0.3144463083378861,0.34681372549019607,0.005930605678603899,0.0,0.28528404267797935,0.35648439849033564,0.33853804306508734,0.3576257615394848
0,JOINT_CONT,-1,20264522,1,history,17-31,182,1486,True,0.2960969044414536,0.3085589006605478,0.3035130718954248,-0.012461996219094208,0.0,0.2629562473074394,0.3374354154699595,0.28192639219551086,0.3215945090976947
0,JOINT_CONT,-1,20264522,1,run,1,214,3439,True,0.15673160802558883,0.16214492682548065,0.7024101307189542,-0.005413318799891815,0.0,0.1443505853606319,0.16800588235294117,0.6796969735870222,0.7228504662619865
0,JOINT_CONT,-1,20264522,1,run,2-3,210,791,True,0.638432364096081,0.6400093696679767,0.16156045751633988,-0.0015770055718958705,0.0,0.6070919078164456,0.6720317242151351,0.1525790485424615,0.1708477933907156
0,JOINT_CONT,-1,20264522,1,run,4-7,160,540,True,0.7222222222222222,0.7120199375689596,0.11029411764705882,0.010202284653262585,0.0,0.6907964405715763,0.757581317764804,0.09873448377596918,0.12180478282572833
0,JOINT_CONT,-1,20264522,1,run,8+,44,126,False,0.6904761904761905,0.6894090369326973,0.025735294117647058,0.0010671535434931259,0.0,0.5887074829931973,0.7640475555386198,0.017655623753818482,0.036425390211284533
0,JOINT_CONT,-1,20264523,0,all,all,1834,41976,True,0.3242805412616733,0.3198586502456325,1.0,0.004421891016040879,0.0,0.3165437149441643,0.33229510905862286,1.0,1.0
0,JOINT_CONT,-1,20264523,0,history,1-4,1834,7336,True,0.33342420937840783,0.32230708119744533,0.1747665332570993,0.011117128180962454,0.0,0.31841603053435114,0.3487016085059978,0.1730674411354177,0.17642673336379597
0,JOINT_CONT,-1,20264523,0,history,5-8,1834,7336,True,0.3286532170119956,0.3267952097576169,0.1747665332570993,0.0018580072543786913,0.0,0.3126976553980371,0.34378748636859324,0.1730674411354177,0.17642673336379597
0,JOINT_CONT,-1,20264523,0,history,9-16,1834,14569,True,0.32294598119294393,0.31864286079452436,0.34707928340003813,0.004303120398419519,0.0,0.3105763898427306,0.3360785828359677,0.34409962164554897,0.35025744411680354
0,JOINT_CONT,-1,20264523,0,history,17-31,1605,12735,True,0.31802120141342755,0.31584330250089554,0.3033876500857633,0.0021778989125320228,0.0,0.3045014748870162,0.3317298656959818,0.29688900670358453,0.30969924978995333
0,JOINT_CONT,-1,20264523,0,run,1,1834,28959,True,0.1660623640319072,0.16213399403522935,0.6898942252715837,0.003928369996677827,0.0,0.1618258876283754,0.17020572819691096,0.6822701193149746,0.6975155088502613
0,JOINT_CONT,-1,20264523,0,run,2-3,1792,7220,True,0.650415512465374,0.6404929037079636,0.17200304936153993,0.009922608757410172,0.0,0.639243734081123,0.6615017192561148,0.16877183836979426,0.17556657605723355
0,JOINT_CONT,-1,20264523,0,run,4-7,1423,4761,True,0.71686620457887,0.7129338293547167,0.11342195540308748,0.003932375224153304,0.0,0.7043527086666547,0.7294248806963691,0.10911053774245047,0.11774394470973906
0,JOINT_CONT,-1,20264523,0,run,8+,378,1036,True,0.6698841698841699,0.6877525512694562,0.02468076996378883,-0.01786838138528628,0.0,0.6406393804962106,0.6945886015284561,0.021903091442672943,0.02777008751194815
0,JOINT_CONT,-1,20264523,1,all,all,214,4896,True,0.3366013071895425,0.3272672888042178,1.0,0.009334018385324697,0.0,0.31470454280688365,0.356334796834318,1.0,1.0
0,JOINT_CONT,-1,20264523,1,history,1-4,214,856,True,0.33060747663551404,0.3226684821154567,0.17483660130718953,0.0079389945200573,0.0,0.28498831775700934,0.37383177570093457,0.1698067358961553,0.17975923776334307
0,JOINT_CONT,-1,20264523,1,history,5-8,214,856,True,0.3119158878504673,0.31601309527061694,0.17483660130718953,-0.004097207420149671,0.0,0.26749415887850464,0.35867406542056074,0.1698067358961553,0.17975923776334307
0,JOINT_CONT,-1,20264523,1,history,9-16,214,1698,True,0.31919905771495877,0.3159132404454485,0.34681372549019607,0.0032858172695103675,0.0,0.2847855852762206,0.35647377954114196,0.3373753678925747,0.35637113015953664
0,JOINT_CONT,-1,20264523,1,history,17-31,182,1486,True,0.37415881561238223,0.34937317191561224,0.3035130718954248,0.024785643696769978,0.0,0.33596069752041635,0.4126417244547121,0.28443864920355555,0.3228791189366014
0,JOINT_CONT,-1,20264523,1,run,1,214,3309,True,0.17014203686914475,0.1622588088027638,0.6758578431372549,0.007883228066380954,0.0,0.15741840722182887,0.18142994030905188,0.6557532484177729,0.6971788426773724
0,JOINT_CONT,-1,20264523,1,run,2-3,210,859,True,0.6519208381839348,0.6406208618754322,0.17544934640522875,0.01129997630850252,0.0,0.619363456870558,0.6801067323481117,0.16576055062257603,0.18364833764455263
0,JOINT_CONT,-1,20264523,1,run,4-7,168,582,True,0.7371134020618557,0.7122406063235103,0.11887254901960784,0.024872795738345395,0.0,0.6980721409905144,0.7709056408854388,0.10709401750619904,0.13039142126259112
0,JOINT_CONT,-1,20264523,1,run,8+,54,146,False,0.6575342465753424,0.6888280440125036,0.0298202614379085,-0.03129379743716121,0.0,0.5747104992279979,0.720436114615246,0.02122747360204668,0.039634290213627854
0,JOINT_CONT,-1,20264524,0,all,all,1834,41976,True,0.3137745378311416,0.3150871839158309,1.0,-0.0013126460846893042,0.0,0.3068218810683789,0.32125238888252167,1.0,1.0
0,JOINT_CONT,-1,20264524,0,history,1-4,1834,7336,True,0.306979280261723,0.31104931782937145,0.1747665332570993,-0.004070037567648436,0.0,0.29225395310796076,0.32361300436205015,0.17289235883647208,0.17645888099811605
0,JOINT_CONT,-1,20264524,0,history,5-8,1834,7336,True,0.31461286804798255,0.3145564877425936,0.1747665332570993,5.63803053889173e-05,0.0,0.29988413304253003,0.33056161395856054,0.17289235883647208,0.17645888099811605
0,JOINT_CONT,-1,20264524,0,history,9-16,1834,14569,True,0.30963003637861214,0.31234779622301156,0.34707928340003813,-0.002717759844399419,0.0,0.297568470101327,0.32219720791109224,0.34366075519556355,0.35033204274957813
0,JOINT_CONT,-1,20264524,0,history,17-31,1605,12735,True,0.32194738908519827,0.3208527993091423,0.3033876500857633,0.0010945897760559669,0.0,0.309477345446328,0.3359705467648441,0.2968096730949859,0.31050795114703444
0,JOINT_CONT,-1,20264524,0,run,1,1834,29362,True,0.16276139227573053,0.16278807704566933,0.6994949494949495,-2.6684769938767992e-05,0.0,0.15866656721008562,0.1673945216760436,0.6916274995898095,0.7065489400806282
0,JOINT_CONT,-1,20264524,0,run,2-3,1774,7140,True,0.6322128851540616,0.6397031529991496,0.1700971983990852,-0.00749026784508801,0.0,0.6204971306062445,0.6440448586778963,0.16655227933914657,0.17343787116004897
0,JOINT_CONT,-1,20264524,0,run,4-7,1354,4521,True,0.7186463171864632,0.7128056369446415,0.10770440251572327,0.0058406802418216166,0.0,0.705126481897751,0.7317753168285329,0.10378226423528186,0.11223448828857671
0,JOINT_CONT,-1,20264524,0,run,8+,363,953,True,0.6600209863588667,0.6886057888723224,0.022703449590242043,-0.02858480251345568,0.0,0.6310667931242107,0.6891764177764477,0.02012639654593765,0.02579962639071014
0,JOINT_CONT,-1,20264524,1,all,all,214,4896,True,0.30800653594771243,0.31165467693124693,1.0,-0.0036481409835345574,0.0,0.28792884226423343,0.32905709207390915,1.0,1.0
0,JOINT_CONT,-1,20264524,1,history,1-4,214,856,True,0.3130841121495327,0.316241289824113,0.17483660130718953,-0.003157177674580315,0.0,0.2639894859813084,0.35636682242990647,0.1697057411134838,0.17968094038623006
0,JOINT_CONT,-1,20264524,1,history,5-8,214,856,True,0.3119158878504673,0.3088865611562361,0.17483660130718953,0.0030293266942311996,0.0,0.26282126168224296,0.3598422897196261,0.1697057411134838,0.17968094038623006
0,JOINT_CONT,-1,20264524,1,history,9-16,214,1698,True,0.28032979976442873,0.29554973945083723,0.34681372549019607,-0.01521993968640844,0.0,0.2477670212021067,0.3119950749982719,0.33709926118332384,0.356232570523412
0,JOINT_CONT,-1,20264524,1,history,17-31,182,1486,True,0.3344549125168237,0.32900969059803825,0.3035130718954248,0.005445221918785445,0.0,0.2982405963557091,0.3730412737027227,0.2844196053736356,0.3237657232858507
0,JOINT_CONT,-1,20264524,1,run,1,214,3459,True,0.1555362821624747,0.1617098274079159,0.7064950980392157,-0.006173545245441194,0.0,0.14378128788388111,0.16744881762296437,0.6860292870321828,0.7266786059957081
0,JOINT_CONT,-1,20264524,1,run,2-3,205,815,True,0.6674846625766871,0.6433629695503749,0.1664624183006536,0.0241216930263122,0.0,0.6342902887984855,0.7004198624702459,0.15761850435017832,0.17687132618388152
0,JOINT_CONT,-1,20264524,1,run,4-7,158,536,True,0.7014925373134329,0.714763619293917,0.10947712418300654,-0.013271081980484073,0.0,0.657733927243951,0.742397229161935,0.0967687281340833,0.12097354458231951
0,JOINT_CONT,-1,20264524,1,run,8+,37,86,False,0.5813953488372093,0.6866614549570824,0.017565359477124183,-0.10526610611987311,0.0,0.4542929292929293,0.673951182303585,0.011418447441392332,0.025148861635588434
0,JOINT_CONT,-1,20264525,0,all,all,1834,41976,True,0.3084381551362683,0.3117673689555271,1.0,-0.003329213819258695,0.0,0.299925544210328,0.3159128588415803,1.0,1.0
0,JOINT_CONT,-1,20264525,0,history,1-4,1834,7336,True,0.31338604143947657,0.3135065737637478,0.1747665332570993,-0.00012053232427125487,0.0,0.2985175845147219,0.3292052889858233,0.17301764408079592,0.17658025010874262
0,JOINT_CONT,-1,20264525,0,history,5-8,1834,7336,True,0.31515812431842966,0.31800053949855156,0.1747665332570993,-0.0028424151801218953,0.0,0.29960128135223557,0.3312772628135223,0.17301764408079592,0.17658025010874262
0,JOINT_CONT,-1,20264525,0,history,9-16,1834,14569,True,0.3120323975564555,0.3133235397205933,0.34707928340003813,-0.001291142164137743,0.0,0.29980738557339465,0.3238532685364565,0.3436010559300329,0.3504164777921313
0,JOINT_CONT,-1,20264525,0,history,17-31,1605,12735,True,0.2976050255202199,0.30539460119321965,0.3033876500857633,-0.00778957567299977,0.0,0.2852493616054257,0.30937717717109525,0.29642302199038345,0.3103202435225364
0,JOINT_CONT,-1,20264525,0,run,1,1834,29595,True,0.15948639972968406,0.16239512197352368,0.7050457404230989,-0.00290872224383961,0.0,0.1551682641737371,0.16381495676713453,0.6980274101112794,0.7132511044592668
0,JOINT_CONT,-1,20264525,0,run,2-3,1779,6983,True,0.6338250035801232,0.6381746932969713,0.16635696588526777,-0.004349689716848013,0.0,0.622737954818324,0.6452361356625297,0.1629159536217663,0.16966827966434267
0,JOINT_CONT,-1,20264525,0,run,4-7,1348,4357,True,0.7096626118889144,0.7130590164499051,0.10379740804269107,-0.003396404560990607,0.0,0.6964091177430579,0.7216697023492085,0.09979714770007166,0.10740112820179554
0,JOINT_CONT,-1,20264525,0,run,8+,354,1041,True,0.681075888568684,0.6892328784877847,0.02479988564894225,-0.00815698991910087,0.0,0.646549088771311,0.7072337116492406,0.021515346974331342,0.02803219195480579
0,JOINT_CONT,-1,20264525,1,all,all,214,4896,True,0.309640522875817,0.3118219892726307,1.0,-0.002181466396813708,0.0,0.28991751126993076,0.331930314591849,1.0,1.0
0,JOINT_CONT,-1,20264525,1,history,1-4,214,856,True,0.35630841121495327,0.3326343078716176,0.17483660130718953,0.02367410334333572,0.0,0.29906542056074764,0.4077102803738318,0.1702457726095567,0.18040517889139357
0,JOINT_CONT,-1,20264525,1,history,5-8,214,856,True,0.2908878504672897,0.311842518735712,0.17483660130718953,-0.020954668268422284,0.0,0.24763434579439253,0.3364778037383177,0.1702457726095567,0.18040517889139357
0,JOINT_CONT,-1,20264525,1,history,9-16,214,1698,True,0.3050647820965842,0.30531070326502874,0.34681372549019607,-0.0002459211684444741,0.0,0.2710967906607492,0.3417747696251645,0.33784045777732397,0.3572380261913493
0,JOINT_CONT,-1,20264525,1,history,17-31,182,1486,True,0.29878869448183043,0.307261589339776,0.3035130718954248,-0.008472894857945562,0.0,0.2659505819685005,0.3361564396935161,0.2821546318066647,0.3216228601923022
0,JOINT_CONT,-1,20264525,1,run,1,214,3447,True,0.16391064693936758,0.16232832743517206,0.7040441176470589,0.0015823195041954929,0.0,0.15192910629751383,0.17671022423308005,0.6832416793614333,0.722390464431644
0,JOINT_CONT,-1,20264525,1,run,2-3,208,835,True,0.6335329341317365,0.6366488661625267,0.17054738562091504,-0.0031159320307902493,0.0,0.6035893668637032,0.6626660067972905,0.16186738805810522,0.18083861300254556
0,JOINT_CONT,-1,20264525,1,run,4-7,162,507,True,0.6903353057199211,0.7135252239225198,0.10355392156862746,-0.023189918202598758,0.0,0.6506676968643358,0.7356421500232543,0.09343786424352947,0.11523997778421632
0,JOINT_CONT,-1,20264525,1,run,8+,36,107,False,0.6728971962616822,0.6894918040685453,0.02185457516339869,-0.01659460780686312,0.0,0.5768835616438356,0.7373174706649283,0.014669225416169399,0.030411523053985076
0,JOINT_CONT,-1,20264526,0,all,all,1834,41976,True,0.31765770916714314,0.3165989591902001,1.0,0.001058749976943046,0.0,0.3096787742967564,0.32503410063240923,1.0,1.0
0,JOINT_CONT,-1,20264526,0,history,1-4,1834,7336,True,0.3249727371864776,0.32021658311726586,0.1747665332570993,0.00475615406921182,0.0,0.30888426935659763,0.33916303162486366,0.1731698810483821,0.17648212145207948
0,JOINT_CONT,-1,20264526,0,history,5-8,1834,7336,True,0.30561613958560524,0.3124435338491676,0.1747665332570993,-0.006827394263562389,0.0,0.2896503544165758,0.32143197928026174,0.1731698810483821,0.17648212145207948
0,JOINT_CONT,-1,20264526,0,history,9-16,1834,14569,True,0.31601345322259594,0.3151289671878967,0.34707928340003813,0.0008844860346992416,0.0,0.30414651683385874,0.33107526998623504,0.3441311787871428,0.3503179733622112
0,JOINT_CONT,-1,20264526,0,history,17-31,1605,12735,True,0.32226148409893995,0.3185904491512851,0.3033876500857633,0.003671034947654798,0.0,0.3083660285875436,0.33498238204863845,0.2967177837336298,0.30947052852725254
0,JOINT_CONT,-1,20264526,0,run,1,1834,29239,True,0.16296726974246725,0.1623565891129697,0.6965647036401753,0.0006106806294975621,0.0,0.1590325981985524,0.1670728552291304,0.6891524032455013,0.7041811144328306
0,JOINT_CONT,-1,20264526,0,run,2-3,1772,7082,True,0.6412030499858797,0.6404875655827267,0.1687154564513055,0.0007154844031529734,0.0,0.6288755783699627,0.6513100990422067,0.16563374780202672,0.1721489331896296
0,JOINT_CONT,-1,20264526,0,run,4-7,1372,4552,True,0.7144112478031635,0.7129994171915786,0.10844291976367448,0.0014118306115849834,0.0,0.7027569902888975,0.7268019297747192,0.10449497880336195,0.112274559511576
0,JOINT_CONT,-1,20264526,0,run,8+,363,1103,True,0.7035358114233907,0.6898525071448613,0.026276920144844673,0.013683304278529389,0.0,0.6715928705333669,0.736948944129259,0.02287849180639751,0.029946130195725063
0,JOINT_CONT,-1,20264526,1,all,all,214,4896,True,0.31985294117647056,0.3187541875573028,1.0,0.0010987536191678622,0.0,0.30013709309631975,0.34168813794586655,1.0,1.0
0,JOINT_CONT,-1,20264526,1,history,1-4,214,856,True,0.3247663551401869,0.31648542754121367,0.17483660130718953,0.008280927598973267,0.0,0.2791471962616823,0.3726927570093458,0.17011044277877296,0.1800210304942166
0,JOINT_CONT,-1,20264526,1,history,5-8,214,856,True,0.30490654205607476,0.31999427781629886,0.17483660130718953,-0.015087735760224064,0.0,0.26282126168224296,0.3516647196261682,0.17011044277877296,0.1800210304942166
0,JOINT_CONT,-1,20264526,1,history,9-16,214,1698,True,0.336866902237927,0.3225853321245391,0.34681372549019607,0.014281570113387902,0.0,0.29986138607680113,0.3755186679995391,0.33743135228050974,0.35667758346118866
0,JOINT_CONT,-1,20264526,1,history,17-31,182,1486,True,0.3061911170928668,0.3149690313237255,0.3035130718954248,-0.008777914230858764,0.0,0.2674904772287132,0.3460536773094546,0.28326635982612963,0.32226041020974194
0,JOINT_CONT,-1,20264526,1,run,1,214,3387,True,0.16563330380868024,0.16149694027263048,0.6917892156862745,0.004136363536049776,0.0,0.15383663366336633,0.17899227609547075,0.6718028526691141,0.7114354118708434
0,JOINT_CONT,-1,20264526,1,run,2-3,209,846,True,0.6583924349881797,0.642109091814644,0.17279411764705882,0.016283343173535646,0.0,0.6290678036302664,0.693730099535038,0.16348408575085785,0.18204951510902118
0,JOINT_CONT,-1,20264526,1,run,4-7,169,570,True,0.6982456140350877,0.7131455849918386,0.11642156862745098,-0.014899970956750847,0.0,0.6570592004267166,0.7334834061639748,0.10372381221674841,0.12983276648686617
0,JOINT_CONT,-1,20264526,1,run,8+,46,93,False,0.5376344086021505,0.6872375317915904,0.018995098039215685,-0.14960312318943994,0.0,0.4520171609212705,0.6117931688804554,0.013205896473434422,0.02463852837299693
0,JOINT_CONT,-1,20264527,0,all,all,1834,41976,True,0.31622832094530207,0.3159688065321094,1.0,0.0002595144131926227,0.0,0.30905158740897964,0.3237652151755372,1.0,1.0
0,JOINT_CONT,-1,20264527,0,history,1-4,1834,7336,True,0.3202017448200654,0.31772293443919314,0.1747665332570993,0.0024788103808722865,0.0,0.3042495910577972,0.33671960196292255,0.1731647717812391,0.17635071100827876
0,JOINT_CONT,-1,20264527,0,history,5-8,1834,7336,True,0.31583969465648853,0.31632576754962227,0.1747665332570993,-0.00048607289313373525,0.0,0.29879702835332606,0.3319281624863686,0.1731647717812391,0.17635071100827876
0,JOINT_CONT,-1,20264527,0,history,9-16,1834,14569,True,0.3199258699979408,0.3180605031310484,0.34707928340003813,0.0018653668668924422,0.0,0.3068338942865701,0.3319881625879866,0.3440825278999829,0.350030691572844
0,JOINT_CONT,-1,20264527,0,history,17-31,1605,12735,True,0.3099332548095799,0.31235978602949604,0.3033876500857633,-0.0024265312199161747,0.0,0.2963944111054966,0.3224839159832258,0.29727948521622616,0.30944450202904217
0,JOINT_CONT,-1,20264527,0,run,1,1834,29284,True,0.16186313345171424,0.16213458218233398,0.6976367448065561,-0.000271448730619736,0.0,0.1573466644871442,0.16583953703871668,0.6903882671595132,0.704679533119819
0,JOINT_CONT,-1,20264527,0,run,2-3,1788,7102,True,0.6413686285553365,0.641191496022852,0.1691919191919192,0.0001771325324845794,0.0,0.6312873827446256,0.6529704176512872,0.16578464604120866,0.1725368215586157
0,JOINT_CONT,-1,20264527,0,run,4-7,1360,4537,True,0.7174344280361472,0.7132478610529819,0.10808557270821421,0.004186566983165376,0.0,0.7049903875460922,0.7294780563929828,0.1041020774198113,0.11223376694669587
0,JOINT_CONT,-1,20264527,0,run,8+,355,1053,True,0.6875593542260209,0.6888983551877349,0.025085763293310463,-0.001339000961714079,0.0,0.6564764160628904,0.7138082996694822,0.022192595449976756,0.02809017425858584
0,JOINT_CONT,-1,20264527,1,all,all,214,4896,True,0.29534313725490197,0.3060141782900901,1.0,-0.010671041035188185,0.0,0.27694811355077537,0.3165539908054573,1.0,1.0
0,JOINT_CONT,-1,20264527,1,history,1-4,214,856,True,0.28738317757009346,0.2990048024591977,0.17483660130718953,-0.01162162488910423,0.0,0.24649532710280375,0.33066588785046724,0.16960486639534494,0.17975734877236924
0,JOINT_CONT,-1,20264527,1,history,5-8,214,856,True,0.32593457943925236,0.3211148324059199,0.17483660130718953,0.004819747033332359,0.0,0.2826810747663551,0.37383177570093457,0.16960486639534494,0.17975734877236924
0,JOINT_CONT,-1,20264527,1,history,9-16,214,1698,True,0.2956419316843345,0.30667867471641197,0.34681372549019607,-0.011036743032077478,0.0,0.2614693757361602,0.33199922100525003,0.3376162901106406,0.3566169121720172
0,JOINT_CONT,-1,20264527,1,history,17-31,182,1486,True,0.2819650067294751,0.3005939567935889,0.3035130718954248,-0.01862895006411378,0.0,0.24391215115767234,0.3229749984756891,0.28412133552039287,0.32318048399717775
0,JOINT_CONT,-1,20264527,1,run,1,214,3507,True,0.15226689478186484,0.16286505510859806,0.7162990196078431,-0.0105981603267332,0.0,0.1415189544337304,0.1629421028090466,0.6961497821352614,0.7339490906542603
0,JOINT_CONT,-1,20264527,1,run,2-3,208,784,True,0.6084183673469388,0.6364325428106288,0.16013071895424835,-0.02801417546369006,0.0,0.5714060813242173,0.6458692319580628,0.15007216352049954,0.16916439236779493
0,JOINT_CONT,-1,20264527,1,run,4-7,151,474,True,0.7215189873417721,0.7131303566328926,0.09681372549019608,0.00838863070887959,0.0,0.6811084223891156,0.7581339442780393,0.08656160961727095,0.10697901499998014
0,JOINT_CONT,-1,20264527,1,run,8+,42,131,False,0.7099236641221374,0.6877157712588087,0.026756535947712417,0.02220789286332866,0.0,0.6121561668145519,0.7897888881328252,0.018158819426020417,0.03775203288822505
0,JOINT_CONT,-1,20264528,0,all,all,1834,41976,True,0.31520392605298264,0.31600818476427417,1.0,-0.0008042587112915406,0.0,0.30792207071158745,0.3230023193355596,1.0,1.0
0,JOINT_CONT,-1,20264528,0,history,1-4,1834,7336,True,0.2958015267175573,0.30850979947924606,0.1747665332570993,-0.012708272761688792,0.0,0.27997887131952015,0.3129941384950927,0.1731822474032106,0.17626585967240774
0,JOINT_CONT,-1,20264528,0,history,5-8,1834,7336,True,0.3169302071973828,0.31192849320352956,0.1747665332570993,0.005001713993853192,0.0,0.30247069247546343,0.33383996728462373,0.1731822474032106,0.17626585967240774
0,JOINT_CONT,-1,20264528,0,history,9-16,1834,14569,True,0.3285057313473814,0.324638530019718,0.34707928340003813,0.0038672013276634747,0.0,0.3153456295298958,0.34137133545427695,0.34415172834154595,0.34990058287783893
0,JOINT_CONT,-1,20264528,0,history,17-31,1605,12735,True,0.31016882606988616,0.3128045154838682,0.3033876500857633,-0.0026356894139820137,0.0,0.29760818871955325,0.32231170664584513,0.2975483593293236,0.3094483030086702
0,JOINT_CONT,-1,20264528,0,run,1,1834,29293,True,0.16116478339535042,0.16250988166938668,0.6978511530398323,-0.0013450982740362497,0.0,0.15709961318607524,0.16578356184220222,0.6903097644155919,0.7053110963021375
0,JOINT_CONT,-1,20264528,0,run,2-3,1786,7026,True,0.6404782237403929,0.6401827134103946,0.1673813607775872,0.00029551032999820896,0.0,0.6286974406236525,0.6505042491434156,0.1638412849511663,0.17103570162754173
0,JOINT_CONT,-1,20264528,0,run,4-7,1369,4540,True,0.7136563876651982,0.7129834517775214,0.10815704211930627,0.000672935887676902,0.0,0.6997696285084624,0.7260989615359351,0.10455720296805311,0.11232739816850064
0,JOINT_CONT,-1,20264528,0,run,8+,366,1117,True,0.6893464637421666,0.6888889744247543,0.02661044406327425,0.00045748931741234873,0.0,0.6657687223850918,0.7116378581904009,0.02355264064569141,0.029808491294248014
0,JOINT_CONT,-1,20264528,1,all,all,214,4896,True,0.32516339869281047,0.3199390582345379,1.0,0.005224340458272605,0.0,0.30453891897836216,0.3458786528207429,1.0,1.0
0,JOINT_CONT,-1,20264528,1,history,1-4,214,856,True,0.3177570093457944,0.3181751856420052,0.17483660130718953,-0.00041817629621074764,0.0,0.26985981308411217,0.3633177570093458,0.1701408771573354,0.1797620742286584
0,JOINT_CONT,-1,20264528,1,history,5-8,214,856,True,0.3107476635514019,0.309687576851743,0.17483660130718953,0.001060086699658857,0.0,0.27102803738317754,0.35516939252336444,0.1701408771573354,0.1797620742286584
0,JOINT_CONT,-1,20264528,1,history,9-16,214,1698,True,0.3286219081272085,0.32173529155575936,0.34681372549019607,0.006886616571449079,0.0,0.2927549302549302,0.3649377861735845,0.337704865472896,0.35648901605301225
0,JOINT_CONT,-1,20264528,1,history,17-31,182,1486,True,0.33378196500672946,0.32480792689096194,0.3035130718954248,0.008974038115767538,0.0,0.29004370686553493,0.3750909160018815,0.2836929467218736,0.32149826259873454
0,JOINT_CONT,-1,20264528,1,run,1,214,3376,True,0.16824644549763032,0.1626237760542964,0.6895424836601307,0.005622669443333916,0.0,0.15685534154615852,0.18029399649100328,0.668857481024296,0.7090166491639617
0,JOINT_CONT,-1,20264528,1,run,2-3,210,833,True,0.6458583433373349,0.6382185328265398,0.1701388888888889,0.007639810510795018,0.0,0.6141401416397525,0.6753841968027664,0.1609953307873537,0.17938101928081138
0,JOINT_CONT,-1,20264528,1,run,4-7,166,549,True,0.6994535519125683,0.7121019504655592,0.11213235294117647,-0.012648398552990877,0.0,0.6623432257479475,0.7368744796966052,0.10144509704334044,0.12285244532595647
0,JOINT_CONT,-1,20264528,1,run,8+,42,138,False,0.7391304347826086,0.6871286413542962,0.028186274509803922,0.05200179342831242,0.0,0.6538265306122449,0.8109891776273784,0.0191041226017335,0.038586443574618226
0,JOINT_CONT,-1,20264529,0,all,all,1834,41976,True,0.3189918048408614,0.31717294732768375,1.0,0.001818857513177739,0.0,0.3110695705546182,0.32698368305868125,1.0,1.0
0,JOINT_CONT,-1,20264529,0,history,1-4,1834,7336,True,0.3101145038167939,0.31447930946846425,0.1747665332570993,-0.004364805651670341,0.0,0.2944315703380589,0.32674482006543076,0.17316487391989957,0.17648328941887584
0,JOINT_CONT,-1,20264529,0,history,5-8,1834,7336,True,0.3212922573609597,0.31549667145613824,0.1747665332570993,0.0057955859048214025,0.0,0.30819929116684847,0.337789667393675,0.17316487391989957,0.17648328941887584
0,JOINT_CONT,-1,20264529,0,history,9-16,1834,14569,True,0.3200631477795319,0.31952649470545097,0.34707928340003813,0.000536653074080941,0.0,0.30810813144814075,0.3340431423059831,0.34383298272302076,0.35041418083801534
0,JOINT_CONT,-1,20264529,0,history,17-31,1605,12735,True,0.3215547703180212,0.3169977494778369,0.3033876500857633,0.004557020840184323,0.0,0.3060669948015383,0.3347227604418974,0.29662048560009635,0.3099334933303205
0,JOINT_CONT,-1,20264529,0,run,1,1834,29187,True,0.16377154212491862,0.16266690760345578,0.6953259005145798,0.0011046345214628243,0.0,0.1595504159285524,0.1678975821305922,0.687554368164376,0.7028857623139085
0,JOINT_CONT,-1,20264529,0,run,2-3,1781,7141,True,0.6409466461279932,0.6395228954757824,0.17012102153611589,0.0014237506522108475,0.0,0.6299905928820704,0.6523499083399145,0.16677832838957882,0.17347583983347536
0,JOINT_CONT,-1,20264529,0,run,4-7,1351,4560,True,0.7195175438596492,0.712702558287253,0.10863350485991996,0.0068149855723960715,0.0,0.7055787548225124,0.7322974992894639,0.10472933150740031,0.1129560672121394
0,JOINT_CONT,-1,20264529,0,run,8+,374,1088,True,0.6911764705882353,0.688544064726425,0.02591957308938441,0.0026324058618102616,0.0,0.6595550634645237,0.7152976743267008,0.022793342804330173,0.02864076056504455
0,JOINT_CONT,-1,20264529,1,all,all,214,4896,True,0.30392156862745096,0.3099703108250762,1.0,-0.00604874219762519,0.0,0.28789777726192833,0.3229828588566177,1.0,1.0
0,JOINT_CONT,-1,20264529,1,history,1-4,214,856,True,0.3014018691588785,0.30779471815833365,0.17483660130718953,-0.006392848999455145,0.0,0.2593165887850467,0.34345794392523366,0.16974023398770574,0.17990752416981926
0,JOINT_CONT,-1,20264529,1,history,5-8,214,856,True,0.29439252336448596,0.30861164546853687,0.17483660130718953,-0.01421912210405085,0.0,0.2511390186915888,0.339982476635514,0.16974023398770574,0.17990752416981926
0,JOINT_CONT,-1,20264529,1,history,9-16,214,1698,True,0.31448763250883394,0.31474416337036765,0.34681372549019607,-0.00025653086153368514,0.0,0.27905569765494487,0.35232545862182063,0.3371611617282957,0.35664813057860567
0,JOINT_CONT,-1,20264529,1,history,17-31,182,1486,True,0.29878869448183043,0.30655128205389476,0.3035130718954248,-0.007762587572064326,0.0,0.2682540625649862,0.3333333333333333,0.2839383601736789,0.3232927230419739
0,JOINT_CONT,-1,20264529,1,run,1,214,3471,True,0.16104868913857678,0.1622906358186305,0.7089460784313726,-0.0012419466800537196,0.0,0.15061852437622048,0.17318963189928205,0.6894754924295767,0.7244082637389858
0,JOINT_CONT,-1,20264529,1,run,2-3,208,831,True,0.6293622141997594,0.640598935523045,0.16973039215686275,-0.011236721323285638,0.0,0.5974521717614067,0.6617503496188027,0.16126671663210426,0.1787878150447448
0,JOINT_CONT,-1,20264529,1,run,4-7,158,510,True,0.6980392156862745,0.7146500188924395,0.10416666666666667,-0.016610803206165016,0.0,0.6613030180164299,0.7364908102425963,0.09410942711226554,0.11588332092238358
0,JOINT_CONT,-1,20264529,1,run,8+,38,84,False,0.5952380952380952,0.6844597597418088,0.01715686274509804,-0.08922166450371358,0.0,0.4735608552631579,0.7023956859971711,0.011481408621012325,0.02318120357530814
0,JOINT_CONT,-1,20264530,0,all,all,1834,41976,True,0.31022489041356965,0.31269348104185896,1.0,-0.0024685906282893035,0.0,0.30365310720179933,0.3170978026072352,1.0,1.0
0,JOINT_CONT,-1,20264530,0,history,1-4,1834,7336,True,0.31038713195201745,0.31339911408595955,0.1747665332570993,-0.003011982133942089,0.0,0.29511654852780805,0.32674822791712105,0.17283818312035096,0.17655846965259497
0,JOINT_CONT,-1,20264530,0,history,5-8,1834,7336,True,0.309432933478735,0.3120575450520914,0.1747665332570993,-0.0026246115733564155,0.0,0.2942884405670665,0.32483983097055613,0.17283818312035096,0.17655846965259497
0,JOINT_CONT,-1,20264530,0,history,9-16,1834,14569,True,0.3103850641773629,0.3118620936446746,0.34707928340003813,-0.0014770294673116609,0.0,0.2969351776011142,0.3221521525847583,0.34333808075025196,0.3504297110473503
0,JOINT_CONT,-1,20264530,0,history,17-31,1605,12735,True,0.31040439733019237,0.31360444966368795,0.3033876500857633,-0.0032000523334955945,0.0,0.29886218766014006,0.3228080859556667,0.2964419743449364,0.31095499688290784
0,JOINT_CONT,-1,20264530,0,run,1,1834,29534,True,0.1635064671226383,0.1624732606235189,0.7035925290642272,0.0010332064991194156,0.0,0.15992325904792004,0.16763023311389671,0.6967818334069914,0.7098463947281825
0,JOINT_CONT,-1,20264530,0,run,2-3,1778,7147,True,0.6301944871974255,0.6398118779864279,0.1702639603583,-0.009617390789002474,0.0,0.6189733831661389,0.6401614851973553,0.16731523083041436,0.17360403859941612
0,JOINT_CONT,-1,20264530,0,run,4-7,1374,4394,True,0.6982248520710059,0.7132809384328971,0.10467886411282638,-0.015056086361891215,0.0,0.6852949414155012,0.7107525845215521,0.10109278441287638,0.10828499850883709
0,JOINT_CONT,-1,20264530,0,run,8+,324,901,True,0.6892341842397336,0.6883955000165526,0.021464646464646464,0.0008386842231809669,0.0,0.657853731410427,0.7197384489425505,0.01855460620428339,0.024208524981799633
0,JOINT_CONT,-1,20264530,1,all,all,214,4896,True,0.31719771241830064,0.31720336043969255,1.0,-5.6480213919307835e-06,0.0,0.2977126928948586,0.3363437747200469,1.0,1.0
0,JOINT_CONT,-1,20264530,1,history,1-4,214,856,True,0.3422897196261682,0.32033828113338364,0.17483660130718953,0.021951438492784612,0.0,0.3002044392523364,0.3925233644859813,0.16970154128814943,0.18055262602826408
0,JOINT_CONT,-1,20264530,1,history,5-8,214,856,True,0.36098130841121495,0.3423007601749474,0.17483660130718953,0.018680548236267493,0.0,0.316588785046729,0.4088785046728972,0.16970154128814943,0.18055262602826408
0,JOINT_CONT,-1,20264530,1,history,9-16,214,1698,True,0.2968197879858657,0.3043859189854669,0.34681372549019607,-0.007566130999601166,0.0,0.25927726681811525,0.3337425598618747,0.3370323218633852,0.35720376376155827
0,JOINT_CONT,-1,20264530,1,history,17-31,182,1486,True,0.30080753701211305,0.31558636804541096,0.3035130718954248,-0.01477883103329793,0.0,0.26210132421721255,0.3351277205389258,0.28178143747555556,0.3235662734948882
0,JOINT_CONT,-1,20264530,1,run,1,214,3400,True,0.16647058823529412,0.16208341337368626,0.6944444444444444,0.004387174861607851,0.0,0.15500565495123672,0.18022748885538256,0.675105283105262,0.7139014341719103
0,JOINT_CONT,-1,20264530,1,run,2-3,212,860,True,0.6302325581395349,0.6413009279944121,0.17565359477124182,-0.011068369854877073,0.0,0.596722027972028,0.6620352351466902,0.16584880488313114,0.18518783339008058
0,JOINT_CONT,-1,20264530,1,run,4-7,164,519,True,0.6994219653179191,0.7133245938825151,0.10600490196078431,-0.01390262856459616,0.0,0.6605681704823183,0.7364626196310509,0.0947499112945625,0.11703360671405316
0,JOINT_CONT,-1,20264530,1,run,8+,37,117,False,0.7008547008547008,0.6855537174528367,0.02389705882352941,0.015300983401864197,0.0,0.6131960784313725,0.7686995577667219,0.016070424953591466,0.033178962834920056
1,real,-1,-1,0,all,all,6193,142270,True,0.3174738173894707,0.3164704918403701,1.0,0.0010033255491005734,0.0,0.3135532718324469,0.32117071587091256,1.0,1.0
1,real,-1,-1,0,history,1-4,6193,24772,True,0.3164056192475375,0.31641081189401354,0.1741196316862304,-5.192646475988238e-06,0.0,0.30715828354593894,0.3252543193928629,0.173157177628504,0.1750512409373814
1,real,-1,-1,0,history,5-8,6193,24772,True,0.3137816890037139,0.31411822375041826,0.1741196316862304,-0.00033653474670439237,0.0,0.30444958017116097,0.3226626836751171,0.173157177628504,0.1750512409373814
1,real,-1,-1,0,history,9-16,6193,49173,True,0.3171455880259492,0.31662227674096055,0.3456315456526323,0.0005233112849885994,0.0,0.3107562505526132,0.32422386730700137,0.343848464706864,0.3473268347176649
1,real,-1,-1,0,history,17-31,5470,43553,True,0.32055197116157325,0.3176709845237375,0.3061291909749069,0.0028809866378357077,0.0,0.3135392394948258,0.3278553866884767,0.30270994511778826,0.30990798867854497
1,real,-1,-1,0,run,1,6193,99075,True,0.16378501135503407,0.1623474350240012,0.6963871511913966,0.001437576331032901,0.0,0.16157249853788588,0.16608804246647055,0.692488580674198,0.7003703705840113
1,real,-1,-1,0,run,2-3,6058,24261,True,0.639957132846956,0.6399328729156372,0.17052786954382512,2.4259931318829994e-05,0.0,0.6338642887741484,0.646249619250959,0.16898978724042824,0.17226740484816846
1,real,-1,-1,0,run,4-7,4651,15338,True,0.7101316990481158,0.7130897333705318,0.1078090953820201,-0.002958034322415988,0.0,0.70302651753318,0.7173879921479334,0.10561326061520256,0.10984425940287777
1,real,-1,-1,0,run,8+,1211,3596,True,0.7013348164627363,0.6887939346170899,0.025275883882758136,0.012540881845646331,0.0,0.6858941380559409,0.7163536613128049,0.02356497137848542,0.027111684216015466
1,real,-1,-1,1,all,all,653,15001,True,0.3202453169788681,0.3211022504169577,1.0,-0.0008569334380896657,0.0,0.3087136694154513,0.33271357856899403,1.0,1.0
1,real,-1,-1,1,history,1-4,653,2612,True,0.3296324655436447,0.3262820416988829,0.17412172521831878,0.0033504238447618065,0.0,0.3032063552833078,0.36447166921898927,0.17134526053337712,0.17709945563082582
1,real,-1,-1,1,history,5-8,653,2612,True,0.31776416539050534,0.32519983006181985,0.17412172521831878,-0.007435664671314503,0.0,0.2932522970903522,0.34264931087289435,0.17134526053337712,0.17709945563082582
1,real,-1,-1,1,history,9-16,653,5187,True,0.3159822633506844,0.31749015178011536,0.3457769482034531,-0.0015078884294309114,0.0,0.2975028740389828,0.3391987513753383,0.34052464840080343,0.35138886719844487
1,real,-1,-1,1,history,17-31,582,4590,True,0.32113289760348585,0.31990474775215016,0.3059796013599093,0.0012281498513356647,0.0,0.29966205391207595,0.3448616874541182,0.2941610483814509,0.3167197737726175
1,real,-1,-1,1,run,1,653,10406,True,0.16749951950797617,0.16516845421873658,0.6936870875274982,0.0023310652892396147,0.0,0.16083408492039641,0.17542765571544272,0.6813014755715134,0.7048968288831353
1,real,-1,-1,1,run,2-3,642,2600,True,0.6303846153846154,0.6478442914370502,0.1733217785480968,-0.017459676052434852,0.0,0.6112482687372239,0.6507162279595212,0.16817649905043966,0.17899976602297352
1,real,-1,-1,1,run,4-7,486,1612,True,0.7090570719602978,0.7118397881380623,0.10745950269982,-0.0027827161777646283,0.0,0.6903063157298975,0.7310614018334607,0.10178094128052712,0.11452980366284402
1,real,-1,-1,1,run,8+,119,383,True,0.7284595300261096,0.69512017673557,0.025531631224585027,0.03333935329053963,0.0,0.6755746580547113,0.7751191961500757,0.019863428055609755,0.0323009978427598
1,U,0,20264401,0,all,all,1834,41976,True,0.3200876691442729,0.3168870928606837,1.0,0.003200576283589241,0.0,0.3121505791788813,0.3272903456636943,1.0,1.0
1,U,0,20264401,0,history,1-4,1834,7336,True,0.3058887677208288,0.3108798338409408,0.1747665332570993,-0.004991066120112043,0.0,0.2883042529989095,0.32184432933478735,0.1729112068292942,0.17642821890176305
1,U,0,20264401,0,history,5-8,1834,7336,True,0.31992911668484186,0.31609082678998357,0.1747665332570993,0.0038382898948583115,0.0,0.302071973827699,0.3347941657579062,0.1729112068292942,0.17642821890176305
1,U,0,20264401,0,history,9-16,1834,14569,True,0.325966092387947,0.32000819860820584,0.34707928340003813,0.005957893779741164,0.0,0.31266903581385663,0.33885625396031743,0.34355879872571715,0.350336439161146
1,U,0,20264401,0,history,17-31,1605,12735,True,0.32163329407145663,0.3172356810371924,0.3033876500857633,0.004397613034264183,0.0,0.3076316491055266,0.33645177655827807,0.29682658390467187,0.310586792796876
1,U,0,20264401,0,run,1,1834,29149,True,0.1686850320765721,0.16294826378724808,0.6944206213074138,0.005736768289324009,0.0,0.1645754765999929,0.17288937105819804,0.6873199350719804,0.7019528482358257
1,U,0,20264401,0,run,2-3,1798,7264,True,0.6247246696035242,0.6346062513640616,0.17305126739089002,-0.009881581760537394,0.0,0.6122793523012441,0.6366430835437493,0.16965278608293688,0.17646839097583256
1,U,0,20264401,0,run,4-7,1360,4527,True,0.725204329578087,0.7132753744169205,0.10784734133790738,0.011928955161166576,0.0,0.7114008716095763,0.7393830541164609,0.10400012273136218,0.11219007700410996
1,U,0,20264401,0,run,8+,380,1036,True,0.6737451737451737,0.68831683290697,0.02468076996378883,-0.014571659161796341,0.0,0.6441207416728574,0.7037442947505809,0.02168281899972427,0.0276857082865374
1,U,0,20264401,1,all,all,214,4896,True,0.3196486928104575,0.30303326273723274,1.0,0.01661543007322478,6.163160502057613e-05,0.30089182152000676,0.3363355540670565,1.0,1.0
1,U,0,20264401,1,history,1-4,214,856,True,0.35046728971962615,0.32807499597010714,0.17483660130718953,0.02239229374951899,4.146840695886807e-05,0.3060747663551402,0.38907710280373825,0.16925946770914144,0.180747062838409
1,U,0,20264401,1,history,5-8,214,856,True,0.3119158878504673,0.30116895674922023,0.17483660130718953,0.010746931101247081,7.439995978683716e-05,0.2721378504672897,0.35405957943925226,0.16925946770914144,0.180747062838409
1,U,0,20264401,1,history,9-16,214,1698,True,0.30977620730270905,0.29245175347706914,0.34681372549019607,0.017324453825639935,6.282392777972421e-05,0.2819975907509869,0.34237863301348903,0.33621765913140167,0.35750937429525986
1,U,0,20264401,1,history,17-31,182,1486,True,0.31763122476446837,0.30177318534972,0.3035130718954248,0.015858039414748427,6.452892791147058e-05,0.2805997611125095,0.35163793186203446,0.2810266221394492,0.3250436932809014
1,U,0,20264401,1,run,1,214,3407,True,0.20927502201350162,0.1745548587409781,0.6958741830065359,0.03472016327252353,4.210928836811568e-05,0.1975942473205225,0.22171576390451997,0.6794777149313335,0.7150834985815417
1,U,0,20264401,1,run,2-3,213,1002,True,0.5369261477045908,0.5745295654376483,0.20465686274509803,-0.03760341773305753,0.00012627138886801901,0.5047296637399771,0.5668811187149511,0.19564536163917137,0.21454573093920823
1,U,0,20264401,1,run,4-7,141,425,True,0.6470588235294118,0.6402332543278477,0.08680555555555555,0.006825569201564097,6.209313580198014e-05,0.6041555851063829,0.6883828177810782,0.07581503563806301,0.09655606479835399
1,U,0,20264401,1,run,8+,25,62,False,0.6290322580645161,0.6639466608567777,0.012663398692810458,-0.03491440279226163,8.658836046732166e-05,0.5344185619955979,0.7047899159663866,0.007030601312441409,0.018595058883730652
1,U,0,20264402,0,all,all,1834,41976,True,0.31527539546407474,0.31409348342738724,1.0,0.0011819120366874229,0.0,0.30804082221436385,0.32238946947619734,1.0,1.0
1,U,0,20264402,0,history,1-4,1834,7336,True,0.32265539803707743,0.3190871316426375,0.1747665332570993,0.003568266394439898,0.0,0.3076540348964013,0.3369785986913849,0.17307550530953197,0.17634202083252437
1,U,0,20264402,0,history,5-8,1834,7336,True,0.32674482006543076,0.31934593951026824,0.1747665332570993,0.007398880555162498,0.0,0.31078585059978187,0.3440567066521265,0.17307550530953197,0.17634202083252437
1,U,0,20264402,0,history,9-16,1834,14569,True,0.3153270643146407,0.3154868332095796,0.34707928340003813,-0.0001597688949388976,0.0,0.3020901892516491,0.3280017037949241,0.34382519497651504,0.35006716454970177
1,U,0,20264402,0,history,17-31,1605,12735,True,0.3043580683156655,0.3065972027750237,0.3033876500857633,-0.0022391344593582353,0.0,0.290500173008581,0.3172304599061813,0.2972821785554788,0.3099711084384604
1,U,0,20264402,0,run,1,1834,29324,True,0.16740553812576728,0.16261265818851825,0.6985896702877835,0.004792879937249035,0.0,0.1634266919177657,0.1714098100460019,0.691392411474316,0.7055848794233993
1,U,0,20264402,0,run,2-3,1803,7240,True,0.6208563535911602,0.6327818630105196,0.17247951210215362,-0.011925509419359367,0.0,0.6099219297889727,0.6326812735907548,0.16957764616245824,0.17556088685800042
1,U,0,20264402,0,run,4-7,1344,4440,True,0.7200450450450451,0.713162263087505,0.10577472841623785,0.006882781957540057,0.0,0.7075650531927907,0.7324711593947993,0.10198203967296889,0.10970026661128794
1,U,0,20264402,0,run,8+,361,972,True,0.6512345679012346,0.687400550744049,0.023156089193825044,-0.03616598284281437,0.0,0.6199749478079332,0.6786165308191565,0.020468472943373124,0.025896806994228642
1,U,0,20264402,1,all,all,214,4896,True,0.30269607843137253,0.2957775767158492,1.0,0.006918501715523352,5.639104038499459e-05,0.2841249361278319,0.31919209172941365,1.0,1.0
1,U,0,20264402,1,history,1-4,214,856,True,0.32009345794392524,0.30826496081312166,0.17483660130718953,0.011828497130803566,4.7255736254727345e-05,0.2745035046728972,0.36565420560747663,0.1699415827442231,0.1801735435199238
1,U,0,20264402,1,history,5-8,214,856,True,0.2780373831775701,0.28433230267781096,0.17483660130718953,-0.006294919500240906,5.86381014471444e-05,0.2441588785046729,0.31544976635514016,0.1699415827442231,0.1801735435199238
1,U,0,20264402,1,history,9-16,214,1698,True,0.29387514723203767,0.2850892509546472,0.34681372549019607,0.00878589627739046,5.381835510275745e-05,0.2600286746008805,0.3231455430913856,0.3377647176927945,0.3569950522086005
1,U,0,20264402,1,history,17-31,182,1486,True,0.31695827725437414,0.30739045082878086,0.3035130718954248,0.009567826425593326,6.329868215857954e-05,0.2859680061628543,0.34837252320170353,0.28282258237971664,0.3222863130596663
1,U,0,20264402,1,run,1,214,3480,True,0.19339080459770114,0.17201734209378924,0.7107843137254902,0.021373462503911894,3.776822556997933e-05,0.17952932495194657,0.2067213458016084,0.6949571428571428,0.7291209990079176
1,U,0,20264402,1,run,2-3,212,959,True,0.5380604796663191,0.5707199221494345,0.19587418300653595,-0.0326594424831153,0.00013025993968304885,0.5105879526720385,0.5664690526962768,0.18336777873685464,0.2067429307442241
1,U,0,20264402,1,run,4-7,140,400,True,0.655,0.6647454487991289,0.08169934640522876,-0.009745448799128855,3.832087677528386e-05,0.6053834033613446,0.7008416727774662,0.07112214060256902,0.09089134589134588
1,U,0,20264402,1,run,8+,26,57,False,0.543859649122807,0.6366329869026658,0.011642156862745098,-0.09277333777985879,7.735922588154596e-05,0.35703781512605043,0.6632642663043475,0.006596254996844099,0.018084014606498836
1,U,0,20264403,0,all,all,1834,41976,True,0.31067753001715265,0.31245130700645873,1.0,-0.0017737769893060877,0.0,0.30281860268293515,0.3185537820266471,1.0,1.0
1,U,0,20264403,0,history,1-4,1834,7336,True,0.305752453653217,0.31103851864184373,0.1747665332570993,-0.005286064988626697,0.0,0.28925504362050164,0.32197723555070884,0.17294116677288826,0.17638897909478501
1,U,0,20264403,0,history,5-8,1834,7336,True,0.3176117775354417,0.3168363813655551,0.1747665332570993,0.0007753961698865547,0.0,0.3027399127589967,0.3346782988004362,0.17294116677288826,0.17638897909478501
1,U,0,20264403,0,history,9-16,1834,14569,True,0.30056970279360284,0.30631060083767175,0.34707928340003813,-0.0057408980440688435,0.0,0.28882863201435716,0.31259217433056635,0.34360701471644955,0.35019904664481694
1,U,0,20264403,0,history,17-31,1605,12735,True,0.32108362779740873,0.31776416590850376,0.3033876500857633,0.003319461888904933,0.0,0.30807465220164065,0.33428250084292666,0.29699399984730435,0.31049972615796434
1,U,0,20264403,0,run,1,1834,29520,True,0.16507452574525744,0.1631932979284915,0.7032590051457976,0.0018812278167659846,0.0,0.1607470024337597,0.1694700399326624,0.6954577319765808,0.7103553641861807
1,U,0,20264403,0,run,2-3,1794,7127,True,0.6113371685141014,0.6346144966104755,0.1697874976176863,-0.02327732809637416,0.0,0.5986155941002043,0.6232996927610779,0.16622686423079544,0.17315860841236522
1,U,0,20264403,0,run,4-7,1325,4350,True,0.7264367816091954,0.7129862499738838,0.10363064608347627,0.01345053163531162,0.0,0.714383828964842,0.7380950388086787,0.09932374369719289,0.1075238433941045
1,U,0,20264403,0,run,8+,361,979,True,0.6649642492339122,0.688051280209184,0.023322851153039833,-0.02308703097527186,0.0,0.6351175431542062,0.6914542286428256,0.02049095942053229,0.026369855004902736
1,U,0,20264403,1,all,all,214,4896,True,0.30106209150326796,0.2939164892382039,1.0,0.0071456022650640836,6.387575910265505e-05,0.28268828300073906,0.3195316210318329,1.0,1.0
1,U,0,20264403,1,history,1-4,214,856,True,0.3399532710280374,0.3212892495115302,0.17483660130718953,0.01866402151650718,4.807713206203712e-05,0.29906542056074764,0.38434579439252337,0.1696015098611453,0.1795754088408026
1,U,0,20264403,1,history,5-8,214,856,True,0.2897196261682243,0.28232535010011517,0.17483660130718953,0.007394276068109124,6.914428266154716e-05,0.24994158878504674,0.32716121495327094,0.1696015098611453,0.1795754088408026
1,U,0,20264403,1,history,9-16,214,1698,True,0.29917550058892817,0.2932888038876957,0.34681372549019607,0.005886696701232469,7.238887027439275e-05,0.26681916857822474,0.3309963165862871,0.336775296699739,0.3558466071015182
1,U,0,20264403,1,history,17-31,182,1486,True,0.2873485868102288,0.28554282977212014,0.3035130718954248,0.0018057570381086495,6.021391913680494e-05,0.2523324032878365,0.3238194708960405,0.28526541568975455,0.324043918953063
1,U,0,20264403,1,run,1,214,3485,True,0.1956958393113343,0.173607520698527,0.7118055555555556,0.022088318612807287,4.164915622818601e-05,0.18222324739753715,0.21048113189684056,0.6928687778643728,0.7298963778145819
1,U,0,20264403,1,run,2-3,212,961,True,0.5327783558792925,0.5739773651720059,0.1962826797385621,-0.04119900929271351,0.00012395126458063693,0.5037465823650035,0.5658329016215096,0.18536956452873474,0.2057447313647884
1,U,0,20264403,1,run,4-7,145,413,True,0.6343825665859564,0.6279868976885997,0.0843545751633987,0.006395668897356699,0.00011002897787044389,0.5914528201015772,0.6790997530494649,0.07449365270873075,0.09632594440319237
1,U,0,20264403,1,run,8+,21,37,False,0.4864864864864865,0.6227590540591966,0.00755718954248366,-0.13627256757271017,8.187226996987801e-05,0.23995238095238094,0.6452087286527514,0.004343758615062292,0.011957846092888422
1,G,0,20264401,0,all,all,1834,41976,True,0.32201734324375836,0.31805537291981917,1.0,0.003961970323939182,0.0,0.31409302324766797,0.32935870289632535,1.0,1.0
1,G,0,20264401,0,history,1-4,1834,7336,True,0.3031624863685932,0.3095597283429047,0.1747665332570993,-0.006397241974311458,0.0,0.2873466466739368,0.3212922573609597,0.17307969077794846,0.17653881944524685
1,G,0,20264401,0,history,5-8,1834,7336,True,0.3191112322791712,0.3160056312164237,0.1747665332570993,0.0031056010627474825,0.0,0.3016596237731734,0.3360141766630316,0.17307969077794846,0.17653881944524685
1,G,0,20264401,0,history,9-16,1834,14569,True,0.3270643146406754,0.32041906212413107,0.34707928340003813,0.006645252516544333,0.0,0.3139449049869392,0.34066950411069113,0.34387477654737286,0.3505623575769113
1,G,0,20264401,0,history,17-31,1605,12735,True,0.32877895563407933,0.32142595523114487,0.3033876500857633,0.007353000402934432,0.0,0.3141548049898488,0.34273931554726356,0.29635106463858973,0.30980752130052996
1,G,0,20264401,0,run,1,1834,29065,True,0.169103733012214,0.16314907941772636,0.6924194777968363,0.00595465359448768,0.0,0.16480543429032338,0.17330158914605961,0.6850225535345237,0.6997425583337422
1,G,0,20264401,0,run,2-3,1792,7277,True,0.623333791397554,0.6349214553813997,0.17336096817228894,-0.011587663983845798,0.0,0.6117451700844038,0.63525028458832,0.16962251026545921,0.17663229182049386
1,G,0,20264401,0,run,4-7,1367,4540,True,0.7288546255506608,0.7127419885142655,0.10815704211930627,0.0161126370363953,0.0,0.7152579636784653,0.7408577668800757,0.1043138904687254,0.11210715497760675
1,G,0,20264401,0,run,8+,383,1094,True,0.6919561243144424,0.6879271313902213,0.026062511911568515,0.004028992924221097,0.0,0.6660091960752645,0.7168262947612113,0.023396049855157565,0.029116109132782314
1,G,0,20264401,1,all,all,214,4896,True,0.3196486928104575,0.30146063503996867,1.0,0.018188057770488878,6.196755775674683e-05,0.301719821432657,0.33559599793454004,1.0,1.0
1,G,0,20264401,1,history,1-4,214,856,True,0.3422897196261682,0.3254917658742074,0.17483660130718953,0.016797953751960783,4.206081960583408e-05,0.3002044392523364,0.39138434579439246,0.1698699244013641,0.17953114286840596
1,G,0,20264401,1,history,5-8,214,856,True,0.32242990654205606,0.3027905385116833,0.17483660130718953,0.01963936803037279,7.415174077106945e-05,0.2757009345794392,0.3633177570093458,0.1698699244013641,0.17953114286840596
1,G,0,20264401,1,history,9-16,214,1698,True,0.30742049469964666,0.28892996808460264,0.34681372549019607,0.01849052661504399,6.614557999600937e-05,0.2758315838702972,0.3398206532439406,0.33748280794798513,0.35587294970622657
1,G,0,20264401,1,history,17-31,182,1486,True,0.3189771197846568,0.3011699399688484,0.3035130718954248,0.01780717981580843,6.16420028675499e-05,0.286748008998725,0.3495911373459596,0.2850161737909397,0.3236296135537932
1,G,0,20264401,1,run,1,214,3413,True,0.2100791092880164,0.17469570051817854,0.6970996732026143,0.03538340876983785,4.1545924530624986e-05,0.1966014041489384,0.22193279305835062,0.680943326244462,0.7140518042797807
1,G,0,20264401,1,run,2-3,214,1003,True,0.5304087736789631,0.5646026347134642,0.2048611111111111,-0.034193861034501116,0.00013120910704188075,0.5009429400386847,0.5616344070409006,0.19442322754396835,0.21493451076215458
1,G,0,20264401,1,run,4-7,139,416,True,0.6658653846153846,0.6508067647637698,0.08496732026143791,0.015058619851614956,6.206407469617036e-05,0.6157499513439871,0.7115131655018986,0.07363934649564051,0.09479235052195406
1,G,0,20264401,1,run,8+,27,64,False,0.609375,0.6669185394970347,0.013071895424836602,-0.05754353949703473,6.524270183431513e-05,0.5245706479313037,0.6823993808049535,0.008305276965539858,0.018394354122482724
1,G,0,20264402,0,all,all,1834,41976,True,0.31622832094530207,0.31467158409186996,1.0,0.0015567368534321264,0.0,0.30967965640380674,0.32283093380434985,1.0,1.0
1,G,0,20264402,0,history,1-4,1834,7336,True,0.3227917121046892,0.3193357161956362,0.1747665332570993,0.0034559959090530246,0.0,0.3069758724100327,0.33819520174482004,0.1730554993680739,0.17632496094219444
1,G,0,20264402,0,history,5-8,1834,7336,True,0.3287895310796074,0.32087633053397985,0.1747665332570993,0.00791320054562762,0.0,0.313379225736096,0.3450143129770992,0.1730554993680739,0.17632496094219444
1,G,0,20264402,0,history,9-16,1834,14569,True,0.3142974809527078,0.31502777310351465,0.34707928340003813,-0.0007302921508068775,0.0,0.30396341283117806,0.32562683812621984,0.3437985988961737,0.34996323255700534
1,G,0,20264402,0,history,17-31,1605,12735,True,0.30742049469964666,0.30800307912734703,0.3033876500857633,-0.0005825844277004233,0.0,0.29612108301463486,0.31820575163114523,0.2974534337528763,0.3100904023676785
1,G,0,20264402,0,run,1,1834,29287,True,0.1680267695564585,0.16240642145760614,0.6977082142176482,0.00562034809885231,0.0,0.16396285347349662,0.17192729244236907,0.6910225968322653,0.7042165713963506
1,G,0,20264402,0,run,2-3,1800,7248,True,0.6211368653421634,0.6343126181498672,0.1726700971983991,-0.013175752807703889,0.0,0.609574949529204,0.6312198832302992,0.16970313351216412,0.176016729370507
1,G,0,20264402,0,run,4-7,1349,4449,True,0.7197122948977298,0.713022649010655,0.10598913664951401,0.006689645887074792,0.0,0.705851405617331,0.7321041187176508,0.10219492661780641,0.1097672046634692
1,G,0,20264402,0,run,8+,367,992,True,0.6542338709677419,0.6880261358999785,0.023632551934438726,-0.03379226493223658,0.0,0.6226880487011814,0.6800455954139052,0.02089118836856308,0.026231751636099414
1,G,0,20264402,1,all,all,214,4896,True,0.30106209150326796,0.2929035195412329,1.0,0.008158571962035066,6.121713936041066e-05,0.28645206195833944,0.3180252895222227,1.0,1.0
1,G,0,20264402,1,history,1-4,214,856,True,0.3235981308411215,0.3080777045705219,0.17483660130718953,0.015520426270599587,5.126116344995827e-05,0.28154205607476634,0.3680198598130841,0.1695704288336916,0.17998696666694983
1,G,0,20264402,1,history,5-8,214,856,True,0.2885514018691589,0.2846967596178476,0.17483660130718953,0.0038546422513112523,6.432769034645296e-05,0.2523364485981308,0.3283002336448598,0.1695704288336916,0.17998696666694983
1,G,0,20264402,1,history,9-16,214,1698,True,0.2826855123674912,0.280953538077014,0.34681372549019607,0.0017319742904771318,5.619489619835564e-05,0.25247742780498345,0.3143164298921674,0.33695398243444014,0.3561273956545353
1,G,0,20264402,1,history,17-31,182,1486,True,0.3162853297442799,0.30254480664459094,0.3035130718954248,0.013740523099688986,7.089913978064242e-05,0.28641831199122847,0.34956938931699666,0.2836588126853056,0.32435964836578746
1,G,0,20264402,1,run,1,214,3485,True,0.1896700143472023,0.17217181577981433,0.7118055555555556,0.01749819856738798,3.816283020444181e-05,0.17840028346686135,0.20190647062745742,0.6944756846591258,0.7261993607079482
1,G,0,20264402,1,run,2-3,213,946,True,0.5496828752642706,0.5621690638769918,0.19321895424836602,-0.012486188612721168,0.00013797645124191102,0.5217773949271565,0.57713231154994,0.1844862729955177,0.20328936946259982
1,G,0,20264402,1,run,4-7,145,421,True,0.6508313539192399,0.6571915456856208,0.08598856209150327,-0.006360191766380853,7.673045668505954e-05,0.6086645072879033,0.7000112612612612,0.07635123640178569,0.0965093444847595
1,G,0,20264402,1,run,8+,25,44,False,0.4318181818181818,0.5806199663623377,0.008986928104575163,-0.14880178454415594,8.846377060983962e-05,0.29774260508562533,0.5384920634920635,0.005646758342133334,0.013095350415301
1,G,0,20264403,0,all,all,1834,41976,True,0.31115399275776634,0.3126523199266351,1.0,-0.0014983271688687441,0.0,0.3036202907187365,0.31823094996032414,1.0,1.0
1,G,0,20264403,0,history,1-4,1834,7336,True,0.3076608505997819,0.3108103447746682,0.1747665332570993,-0.0031494941748862883,0.0,0.29292529989094873,0.3227985278080698,0.17298031528820726,0.17660416388749356
1,G,0,20264403,0,history,5-8,1834,7336,True,0.3202017448200654,0.31878586213279575,0.1747665332570993,0.001415882687269695,0.0,0.30410986913849514,0.33506679389312977,0.17298031528820726,0.17660416388749356
1,G,0,20264403,0,history,9-16,1834,14569,True,0.3057862584940627,0.3084292299454869,0.34707928340003813,-0.002642971451424132,0.0,0.29348200281133624,0.3176009749854691,0.343782294420972,0.35057935595212597
1,G,0,20264403,0,history,17-31,1605,12735,True,0.3140950137416568,0.31501142962634326,0.3033876500857633,-0.0009164158846863669,0.0,0.3011387518730833,0.32726641626918523,0.29621821135355286,0.3103987979196042
1,G,0,20264403,0,run,1,1834,29485,True,0.1671697473291504,0.16306412214403898,0.7024251953497237,0.00410562518511143,0.0,0.16246253945829572,0.17138394563630638,0.6956917892643195,0.7099409568672035
1,G,0,20264403,0,run,2-3,1793,7216,True,0.6058758314855875,0.6344889765456282,0.1719077568134172,-0.02861314506004057,0.0,0.5932620075202416,0.6183355737080638,0.16832819953271944,0.1750592883216022
1,G,0,20264403,0,run,4-7,1327,4336,True,0.7239391143911439,0.7129270818549647,0.10329712216504669,0.011012032536179162,0.0,0.7124608173524788,0.7362690874706492,0.0988119204583438,0.10715808722485479
1,G,0,20264403,0,run,8+,354,939,True,0.6613418530351438,0.6882043217753621,0.022369925671812466,-0.02686246874021835,0.0,0.6307517899761337,0.6909430544573553,0.01972004901471041,0.025568127950466153
1,G,0,20264403,1,all,all,214,4896,True,0.31004901960784315,0.2942644981932919,1.0,0.015784521414551198,6.730194225349428e-05,0.2904901670506848,0.3300659937316087,1.0,1.0
1,G,0,20264403,1,history,1-4,214,856,True,0.34579439252336447,0.3226721769181612,0.17483660130718953,0.023122215605203274,4.746750747037727e-05,0.30137266355140185,0.38907710280373825,0.16926864540834605,0.1798357139323349
1,G,0,20264403,1,history,5-8,214,856,True,0.29439252336448596,0.2804859501954921,0.17483660130718953,0.013906573168993863,6.75119179652751e-05,0.25,0.3353387850467289,0.16926864540834605,0.1798357139323349
1,G,0,20264403,1,history,9-16,214,1698,True,0.3133097762073027,0.29536787090279076,0.34681372549019607,0.01794190530451198,7.54974015852494e-05,0.2813846510440811,0.3427588620972845,0.33655516173790534,0.35661231644837066
1,G,0,20264403,1,history,17-31,182,1486,True,0.29475100942126514,0.2845767036017035,0.3035130718954248,0.01017430581956162,6.924181238791124e-05,0.2620337372944775,0.32919003392980634,0.28361190342985654,0.32517101174621954
1,G,0,20264403,1,run,1,214,3441,True,0.1996512641673932,0.17185864257773728,0.7028186274509803,0.02779262158965592,4.124576499430994e-05,0.18693220416033196,0.21453237970804062,0.6829642387788112,0.7226355486538779
1,G,0,20264403,1,run,2-3,212,995,True,0.5537688442211055,0.5692478450162158,0.20322712418300654,-0.015479000795110364,0.00012519092032600368,0.5220386495019246,0.581097684946732,0.19303211008713886,0.21368387932292426
1,G,0,20264403,1,run,4-7,149,425,True,0.611764705882353,0.6154327050483126,0.08680555555555555,-0.0036679991659597025,0.00011753317023164851,0.5642367431737237,0.6511640741311157,0.07446221114188177,0.097685634928928
1,G,0,20264403,1,run,8+,18,35,False,0.5714285714285714,0.6112253887913047,0.007148692810457516,-0.03979681736273327,0.00037334482442466353,0.3333333333333333,0.7200555555555554,0.0036301794060527716,0.011732204304219392
1,U,1,20264401,0,all,all,1834,41976,True,0.3211835334476844,0.3173371203907841,1.0,0.0038464130569003125,0.0,0.3145118244001048,0.3283338272517083,1.0,1.0
1,U,1,20264401,0,history,1-4,1834,7336,True,0.30779716466739365,0.31184991141848173,0.1747665332570993,-0.004052746751088034,0.0,0.2926628953107961,0.32470351690294436,0.17281273698801292,0.17656271905873933
1,U,1,20264401,0,history,5-8,1834,7336,True,0.32306434023991276,0.316758726400584,0.1747665332570993,0.006305613839328728,0.0,0.3101110959651036,0.33751703925845145,0.17281273698801292,0.17656271905873933
1,U,1,20264401,0,history,9-16,1834,14569,True,0.3289862035829501,0.32129782047711825,0.34707928340003813,0.007688383105831827,0.0,0.3174388143565567,0.34082163401450144,0.34336065941526145,0.35029914637176934
1,U,1,20264401,0,history,17-31,1605,12735,True,0.31888496270121713,0.31630012186507656,0.3033876500857633,0.0025848408361405528,0.0,0.30792096512442313,0.33261122177954844,0.29675718660034106,0.31079967148533105
1,U,1,20264401,0,run,1,1834,29103,True,0.16963886884513624,0.1627837161392339,0.6933247570040023,0.006855152705902337,0.0,0.1656009555196023,0.17405667760283508,0.6862644290993937,0.6996407005404738
1,U,1,20264401,0,run,2-3,1793,7324,True,0.6298470780993992,0.634956345733955,0.17448065561273107,-0.005109267634555731,0.0,0.6191286160753647,0.6399204339506981,0.1714699192090134,0.17778708606450425
1,U,1,20264401,0,run,4-7,1381,4567,True,0.7173199036566674,0.7132020087890982,0.10880026681913474,0.004117894867569197,0.0,0.7055917861068318,0.729860296821376,0.10548457950839683,0.11281629828057922
1,U,1,20264401,0,run,8+,361,982,True,0.6680244399185336,0.6878152998249801,0.023394320564131883,-0.019790859906446558,0.0,0.637796376113223,0.6938910663603189,0.020875729647826483,0.02610205766898115
1,U,1,20264401,1,all,all,214,4896,True,0.32230392156862747,0.3027999572781209,1.0,0.01950396429050652,6.506344579236023e-05,0.30055989364265934,0.3427516701358314,1.0,1.0
1,U,1,20264401,1,history,1-4,214,856,True,0.32593457943925236,0.3202025095972479,0.17483660130718953,0.0057320698420044005,4.1866562098192646e-05,0.28852219626168224,0.36565420560747663,0.16956791292803416,0.1800977284592896
1,U,1,20264401,1,history,5-8,214,856,True,0.2967289719626168,0.2913834543611763,0.17483660130718953,0.005345517601440497,6.90859842758984e-05,0.2522488317757009,0.3411507009345794,0.16956791292803416,0.1800977284592896
1,U,1,20264401,1,history,9-16,214,1698,True,0.3215547703180212,0.2976706214619915,0.34681372549019607,0.02388414885602965,7.321486542171273e-05,0.28795641931684335,0.3611327741808907,0.33696174649350796,0.3563192433567399
1,U,1,20264401,1,history,17-31,182,1486,True,0.33580080753701214,0.30521284686595374,0.3035130718954248,0.03058796067105837,6.679435357813292e-05,0.30322605327569024,0.3681979505292062,0.28366328177631567,0.3239024276504237
1,U,1,20264401,1,run,1,214,3399,True,0.2144748455428067,0.17570420537994014,0.6942401960784313,0.0387706401628666,4.3255861856151366e-05,0.19953459550680308,0.22773215819354808,0.6750228645010988,0.7137045804314054
1,U,1,20264401,1,run,2-3,212,1016,True,0.5236220472440944,0.5684631750364816,0.20751633986928106,-0.04484112779238707,0.00013219153637981628,0.4935533814426532,0.5562236214133747,0.19682429027360498,0.21711976742135702
1,U,1,20264401,1,run,4-7,141,416,True,0.6658653846153846,0.6462763765778308,0.08496732026143791,0.019589008037553965,7.752464199676884e-05,0.6213625161702336,0.7130814473852448,0.07200340286430074,0.09749201772815802
1,U,1,20264401,1,run,8+,27,65,False,0.6153846153846154,0.5981605885203204,0.013276143790849673,0.017224026864295014,7.641698642750794e-05,0.5,0.6866648898365315,0.008203915171288744,0.019625021618660147
1,U,1,20264402,0,all,all,1834,41976,True,0.3199923765961502,0.31680125362150074,1.0,0.0031911229746494417,0.0,0.3123538855526171,0.32705788774892586,1.0,1.0
1,U,1,20264402,0,history,1-4,1834,7336,True,0.3249727371864776,0.32057911623158697,0.1747665332570993,0.00439362095489075,0.0,0.30697246455834243,0.3413372410032715,0.17320616760312812,0.17648636718388017
1,U,1,20264402,0,history,5-8,1834,7336,True,0.3270174482006543,0.3199785948745489,0.1747665332570993,0.0070388533261054155,0.0,0.311736641221374,0.345034760087241,0.17320616760312812,0.17648636718388017
1,U,1,20264402,0,history,9-16,1834,14569,True,0.3186903699636214,0.31736398762980855,0.34707928340003813,0.0013263823338128826,0.0,0.3049952786977951,0.3312300899007486,0.34403575563230826,0.3503308696962728
1,U,1,20264402,0,history,17-31,1605,12735,True,0.31456615626226936,0.31215093188557697,0.3033876500857633,0.002415224376692363,0.0,0.30188473816143113,0.3276950273712053,0.2967036865726238,0.30950550757065665
1,U,1,20264402,0,run,1,1834,29132,True,0.17166689551009198,0.16301528002137997,0.6940156279778922,0.008651615488712041,0.0,0.16772498340601544,0.1759778032537856,0.6868551738395041,0.7012793639846913
1,U,1,20264402,0,run,2-3,1805,7353,True,0.6152590779273766,0.6338696843192895,0.1751715265866209,-0.018610606391912827,0.0,0.6036095123266774,0.6289547880836441,0.1722765492853474,0.17870384464920702
1,U,1,20264402,0,run,4-7,1353,4444,True,0.7218721872187218,0.712741387454305,0.10587002096436059,0.009130799764416784,0.0,0.70836641620145,0.734207045986941,0.10189022420015569,0.11010114388172006
1,U,1,20264402,0,run,8+,374,1047,True,0.667621776504298,0.6884639635020128,0.02494282447112636,-0.020842186997714788,0.0,0.6415283091135943,0.6945039536699279,0.02210174291018131,0.02789658284670244
1,U,1,20264402,1,all,all,214,4896,True,0.29697712418300654,0.2917810567745845,1.0,0.005196067408422053,6.07656611232594e-05,0.28183045130042633,0.31458108515872324,1.0,1.0
1,U,1,20264402,1,history,1-4,214,856,True,0.3002336448598131,0.2977543466997774,0.17483660130718953,0.002479298160035656,4.794903138785689e-05,0.2651869158878505,0.3446261682242991,0.16987497519349076,0.17956974662504613
1,U,1,20264402,1,history,5-8,214,856,True,0.2967289719626168,0.2820311346150061,0.17483660130718953,0.014697837347610768,5.825277980824803e-05,0.2558411214953271,0.3411507009345794,0.16987497519349076,0.17956974662504613
1,U,1,20264402,1,history,9-16,214,1698,True,0.28091872791519434,0.280660360883824,0.34681372549019607,0.0002583670313703668,6.216838875988864e-05,0.2506989188759862,0.3077286135693215,0.3381066478515908,0.3558895472079467
1,U,1,20264402,1,history,17-31,182,1486,True,0.3135935397039031,0.3066637881441305,0.3035130718954248,0.006929751559772652,6.799327211394433e-05,0.28408226178966334,0.3510548447856062,0.28514186568096,0.3224052818237252
1,U,1,20264402,1,run,1,214,3506,True,0.19195664575014262,0.17292899248458354,0.7160947712418301,0.019027653265559084,4.0581515939813296e-05,0.18045896653360124,0.2054256001202997,0.6997498664514598,0.7310445040131248
1,U,1,20264402,1,run,2-3,211,954,True,0.5345911949685535,0.5701067911085457,0.1948529411764706,-0.0355155961399922,0.00012745850650755996,0.5015008268828691,0.5660757671811683,0.1863764859040093,0.20520056839882278
1,U,1,20264402,1,run,4-7,138,392,True,0.6377551020408163,0.6408530141542582,0.08006535947712418,-0.003097912113441887,8.090525138136349e-05,0.5914558347931546,0.6824304977848286,0.07052970833480315,0.08930555872491666
1,U,1,20264402,1,run,8+,23,44,False,0.4772727272727273,0.6176078648044089,0.008986928104575163,-0.14033513753168167,4.362745965422503e-05,0.34370888157894736,0.5778333333333332,0.005648547177341957,0.013464031804544785
1,U,1,20264403,0,all,all,1834,41976,True,0.3098437202210787,0.3119630799747604,1.0,-0.0021193597536817766,0.0,0.3023228220060739,0.31667210566039095,1.0,1.0
1,U,1,20264403,0,history,1-4,1834,7336,True,0.31161395856052343,0.31294565728413803,0.1747665332570993,-0.001331698723614541,0.0,0.29457129225736095,0.32934501090512536,0.17312901309499593,0.17643638693871952
1,U,1,20264403,0,history,5-8,1834,7336,True,0.319247546346783,0.31784583592053084,0.1747665332570993,0.0014017104262521072,0.0,0.3054764176663032,0.3365764721919302,0.17312901309499593,0.17643638693871952
1,U,1,20264403,0,history,9-16,1834,14569,True,0.30612945294804034,0.3098174354306588,0.34707928340003813,-0.0036879824826184945,0.0,0.29302621654160405,0.31780220672122544,0.3439341662263211,0.35029537954124923
1,U,1,20264403,0,history,17-31,1605,12735,True,0.3076560659599529,0.31046294731698676,0.3033876500857633,-0.0028068813570338892,0.0,0.29361694395024557,0.31977385110919565,0.29683412902195705,0.30982002091740474
1,U,1,20264403,0,run,1,1834,29531,True,0.16623209508651926,0.16298569197692195,0.7035210596531352,0.003246403109597311,0.0,0.1617676728650345,0.1704784484131791,0.6969741688956222,0.7106927298161003
1,U,1,20264403,0,run,2-3,1790,7216,True,0.6089246119733924,0.6341084348957495,0.1719077568134172,-0.02518382292235703,0.0,0.5969265188059241,0.62025938491046,0.1683761247699072,0.175140342265564
1,U,1,20264403,0,run,4-7,1334,4295,True,0.7164144353899884,0.7132711704833236,0.10232037354678863,0.003143264906664876,0.0,0.7047667841965489,0.7308886228055664,0.09846783527176006,0.10600066231263917
1,U,1,20264403,0,run,8+,340,934,True,0.6702355460385439,0.6880145950925716,0.022250809986659043,-0.017779049054027597,0.0,0.6357964364111905,0.6989392264199743,0.01967550252147134,0.025240960786751705
1,U,1,20264403,1,all,all,214,4896,True,0.31147875816993464,0.2968282540628906,1.0,0.014650504107044061,6.86749575673707e-05,0.29570467372210996,0.3311238550296629,1.0,1.0
1,U,1,20264403,1,history,1-4,214,856,True,0.3247663551401869,0.31501857318830223,0.17483660130718953,0.009747781951884693,5.066900185324313e-05,0.2850467289719626,0.3691880841121495,0.17034571771215523,0.18006079232940825
1,U,1,20264403,1,history,5-8,214,856,True,0.27453271028037385,0.27274699290987053,0.17483660130718953,0.001785717370503271,6.368931805951059e-05,0.2336448598130841,0.32009345794392524,0.17034571771215523,0.18006079232940825
1,U,1,20264403,1,history,9-16,214,1698,True,0.33510011778563015,0.30851436862911535,0.34681372549019607,0.026585749156514796,8.612215376974993e-05,0.304421575419169,0.36947778688734595,0.33816655341255275,0.3567995212893232
1,U,1,20264403,1,history,17-31,182,1486,True,0.2981157469717362,0.28686837777902996,0.3035130718954248,0.011247369192706268,6.198280841419544e-05,0.26429474839715544,0.3376235875706215,0.2826393764236013,0.32140707843744415
1,U,1,20264403,1,run,1,214,3433,True,0.193125546169531,0.17237429299498225,0.7011846405228758,0.020751253174548803,4.251502878923044e-05,0.1814017748128908,0.20676733609106487,0.6818166634457044,0.7162323665516404
1,U,1,20264403,1,run,2-3,211,974,True,0.5759753593429158,0.580015100889318,0.198937908496732,-0.004039741546402072,0.00012898536867197297,0.5445922233881311,0.6070448395417799,0.1899298971429646,0.21003875785483272
1,U,1,20264403,1,run,4-7,156,442,True,0.6221719457013575,0.6093001780159057,0.09027777777777778,0.012871767685451754,0.0001245963753261904,0.5793856381777958,0.6681351903051601,0.08107945913507027,0.1013262529097631
1,U,1,20264403,1,run,8+,23,47,False,0.5531914893617021,0.5801020657640926,0.00959967320261438,-0.026910576402390515,0.00020372662629236207,0.4135834109972041,0.6889743589743589,0.005585656282217646,0.014013211132316267
1,G,1,20264401,0,all,all,1834,41976,True,0.31975414522584333,0.3168873592314538,1.0,0.002866785994389612,0.0,0.3132991763998751,0.3264958080341307,1.0,1.0
1,G,1,20264401,0,history,1-4,1834,7336,True,0.3073882224645583,0.3121018543704914,0.1747665332570993,-0.00471363190593307,0.0,0.2926526717557252,0.32184432933478735,0.17296818158164118,0.1764877476411447
1,G,1,20264401,0,history,5-8,1834,7336,True,0.3208833151581243,0.31603263181288754,0.1747665332570993,0.004850683345236766,0.0,0.3057388222464558,0.33629021264994546,0.17296818158164118,0.1764877476411447
1,G,1,20264401,0,history,9-16,1834,14569,True,0.32328917564692156,0.3188776813228055,0.34707928340003813,0.0044114943241160545,0.0,0.312885005837845,0.33500911541081396,0.3437217433593737,0.35036614846625846
1,G,1,20264401,0,history,17-31,1605,12735,True,0.32218296034550453,0.31785946299695955,0.3033876500857633,0.004323497348544926,0.0,0.30971445395692454,0.33695814239498584,0.2968337952541861,0.310476674052014
1,G,1,20264401,0,run,1,1834,29152,True,0.16877058177826565,0.16285981545679126,0.6944920907185058,0.005910766321474394,0.0,0.1645090398208381,0.17282306875067938,0.6882531091638103,0.7010204884183817
1,G,1,20264401,0,run,2-3,1792,7324,True,0.6267067176406336,0.6356910648150195,0.17448065561273107,-0.008984347174385924,0.0,0.6154648633954057,0.6385151855532794,0.17107604882269042,0.17777188641890052
1,G,1,20264401,0,run,4-7,1376,4494,True,0.7189586114819759,0.7133190951313063,0.1070611778158948,0.005639516350669627,0.0,0.705318061780713,0.7334407378872345,0.10360206061517235,0.11090115368011082
1,G,1,20264401,0,run,8+,361,1006,True,0.6769383697813122,0.6883867581290556,0.023966075852868307,-0.011448388347743484,0.0,0.6495713400686237,0.7037152777777778,0.021226253729913557,0.02640331790916556
1,G,1,20264401,1,all,all,214,4896,True,0.31842320261437906,0.3026225036668418,1.0,0.015800698947537283,6.12927806663088e-05,0.29873890070514314,0.3363416582903051,1.0,1.0
1,G,1,20264401,1,history,1-4,214,856,True,0.3247663551401869,0.3200466148693249,0.17483660130718953,0.004719740270862002,4.1573660536020855e-05,0.2791764018691589,0.3644859813084112,0.17010790985350627,0.17938536060999274
1,G,1,20264401,1,history,5-8,214,856,True,0.29439252336448596,0.292621731879108,0.17483660130718953,0.001770791485377934,7.448257132085484e-05,0.25230724299065416,0.3364778037383177,0.17010790985350627,0.17938536060999274
1,G,1,20264401,1,history,9-16,214,1698,True,0.31507656065959955,0.29471308450279116,0.34681372549019607,0.020363476156808367,6.147010022614186e-05,0.28435957834461223,0.3465790607571927,0.33795845192831014,0.3552184579918516
1,G,1,20264401,1,history,17-31,182,1486,True,0.33243606998654107,0.3073841558885999,0.3035130718954248,0.025051914097941153,6.485133882151645e-05,0.29975186814815813,0.36507146140208807,0.2857712395612025,0.3220824491325414
1,G,1,20264401,1,run,1,214,3420,True,0.20672514619883042,0.17488068704924115,0.6985294117647058,0.03184445914958925,4.22331266064924e-05,0.19176216235304666,0.2206645383001141,0.6810828040125197,0.7171728224609456
1,G,1,20264401,1,run,2-3,213,1003,True,0.5403788634097707,0.5770425543948801,0.2048611111111111,-0.036663690985109264,0.0001274902472189399,0.513297594900029,0.571716093372987,0.19455552828515355,0.21578336667390946
1,G,1,20264401,1,run,4-7,139,406,True,0.6600985221674877,0.6499999736703432,0.08292483660130719,0.010098548497144404,5.784112828620293e-05,0.6127302487996508,0.7042909700743354,0.07172432817668005,0.09218592511864118
1,G,1,20264401,1,run,8+,28,67,False,0.6268656716417911,0.6100620429287866,0.013684640522875817,0.016803628713004372,6.411858363057902e-05,0.5,0.7110300356354995,0.008533698263994739,0.019627351477352527
1,G,1,20264402,0,all,all,1834,41976,True,0.32027825424051837,0.3167706370368613,1.0,0.003507617203657045,0.0,0.3130044423959878,0.3278489219709236,1.0,1.0
1,G,1,20264402,0,history,1-4,1834,7336,True,0.321701199563795,0.3190081681786074,0.1747665332570993,0.0026930313851876177,0.0,0.30641016902944385,0.3382020174482006,0.17299816120817885,0.17666923348246644
1,G,1,20264402,0,history,5-8,1834,7336,True,0.32906215921483095,0.3200434285859186,0.1747665332570993,0.009018730628912312,0.0,0.31527399127589967,0.3429661941112323,0.17299816120817885,0.17666923348246644
1,G,1,20264402,0,history,9-16,1834,14569,True,0.32253414784817075,0.32006633859901806,0.34707928340003813,0.002467809249152671,0.0,0.3099856570584146,0.3344563795177003,0.34384976334797307,0.3505554125651933
1,G,1,20264402,0,history,17-31,1605,12735,True,0.31181782489202986,0.30982609025093316,0.3033876500857633,0.0019917346410966413,0.0,0.2983214637170339,0.3227000758209502,0.29597093706237987,0.31015391423566924
1,G,1,20264402,0,run,1,1834,29109,True,0.17135593802604004,0.16282395186211013,0.6934676958261864,0.00853198616392993,0.0,0.1671383197855082,0.17536799671168607,0.6861583051825959,0.700700385409957
1,G,1,20264402,0,run,2-3,1803,7361,True,0.6155413666621383,0.6327679878220022,0.1753621116828664,-0.01722662115986395,0.0,0.6036174626410707,0.6285013357362103,0.17206164904024038,0.17853298351359426
1,G,1,20264402,0,run,4-7,1340,4458,True,0.724540152534769,0.712997136350891,0.10620354488279017,0.011543016183877973,0.0,0.7118407205562703,0.7355060725887613,0.10226372144842687,0.11075511364422674
1,G,1,20264402,0,run,8+,377,1048,True,0.6631679389312977,0.6877628371136429,0.024966647608157044,-0.024594898182345233,0.0,0.6336302599520032,0.6879884318068312,0.02177005996003862,0.02761828869640573
1,G,1,20264402,1,all,all,214,4896,True,0.3055555555555556,0.29314068781722863,1.0,0.012414867738326953,6.614805854701167e-05,0.2906230241222274,0.3222173547502552,1.0,1.0
1,G,1,20264402,1,history,1-4,214,856,True,0.2967289719626168,0.2959150063789406,0.17483660130718953,0.0008139655836761921,4.827866488060833e-05,0.2534754672897196,0.3353095794392523,0.16946803925381485,0.17938253603137194
1,G,1,20264402,1,history,5-8,214,856,True,0.3002336448598131,0.2866034827307742,0.17483660130718953,0.013630162129038899,6.075278140419481e-05,0.26869158878504673,0.3411214953271028,0.16946803925381485,0.17938253603137194
1,G,1,20264402,1,history,9-16,214,1698,True,0.2921083627797409,0.2845833424462624,0.34681372549019607,0.007525020333478523,6.457230720205778e-05,0.26320505287896595,0.3250979231948796,0.3365653039295918,0.35541950139583267
1,G,1,20264402,1,history,17-31,182,1486,True,0.32907133243607,0.3050864504720605,0.3035130718954248,0.023984881964009486,8.135006661997544e-05,0.29657349254348553,0.367101754283571,0.2858302907254786,0.3244986175627786
1,G,1,20264402,1,run,1,214,3467,True,0.1975771560426882,0.17214119427950242,0.7081290849673203,0.025435961763185785,4.085521639749801e-05,0.18587541879885985,0.21210872487316568,0.6923766480340071,0.7224989813879492
1,G,1,20264402,1,run,2-3,211,969,True,0.5407636738906089,0.5646920441216534,0.19791666666666666,-0.023928370231044466,0.00013425516770465068,0.5099787102910167,0.5701234205469359,0.18808995258838976,0.2080417058567756
1,G,1,20264402,1,run,4-7,144,416,True,0.6442307692307693,0.6361350426155596,0.08496732026143791,0.008095726615209613,0.00011835507468433581,0.6010468239033926,0.6845161706678466,0.07532572901634446,0.09509798302042528
1,G,1,20264402,1,run,8+,25,44,False,0.4318181818181818,0.6041936023673061,0.008986928104575163,-0.17237542054912433,6.561115503530197e-05,0.2619047619047619,0.5518199233716474,0.0055759970013088125,0.012998224208622258
1,G,1,20264403,0,all,all,1834,41976,True,0.3061034877072613,0.31029621766461835,1.0,-0.0041927299573570505,0.0,0.2988469476262613,0.3134422485475126,1.0,1.0
1,G,1,20264403,0,history,1-4,1834,7336,True,0.305752453653217,0.3109943776737559,0.1747665332570993,-0.0052419240205388495,0.0,0.29116344056706656,0.32006543075245364,0.1728075481896348,0.1764269455222574
1,G,1,20264403,0,history,5-8,1834,7336,True,0.31025081788440567,0.31324667916553367,0.1747665332570993,-0.002995861281127982,0.0,0.29511995637949834,0.32797505452562703,0.1728075481896348,0.1764269455222574
1,G,1,20264403,0,history,9-16,1834,14569,True,0.30228567506349097,0.30773500133065756,0.34707928340003813,-0.0054493262671665875,0.0,0.28961440298134766,0.3134427757221262,0.34315638797524045,0.3500519146233672
1,G,1,20264403,0,history,17-31,1605,12735,True,0.3082842559874362,0.3111244919772785,0.3033876500857633,-0.002840235989842302,0.0,0.29531095539638563,0.3214419243851062,0.2970701451561435,0.3113766329056331
1,G,1,20264403,0,run,1,1834,29676,True,0.1644763445208249,0.16299274165482214,0.7069754145225844,0.001483602866002773,0.0,0.16000373412444377,0.16851805311928775,0.6999952789780347,0.7140968333249141
1,G,1,20264403,0,run,2-3,1797,7143,True,0.6078678426431471,0.634469598760952,0.17016866781017725,-0.026601756117804853,0.0,0.595854952447778,0.6200810766288808,0.16662707978381902,0.17311728300959073
1,G,1,20264403,0,run,4-7,1331,4252,True,0.7111947318908749,0.7133420713699071,0.10129597865446922,-0.0021473394790321224,0.0,0.6992123582973314,0.7237227044090127,0.09739225562863207,0.10540686490194133
1,G,1,20264403,0,run,8+,326,905,True,0.6651933701657459,0.6882592264388876,0.021559939012769203,-0.023065856273141713,0.0,0.6331249292786422,0.6901576898324623,0.019020650369572317,0.024476693277122777
1,G,1,20264403,1,all,all,214,4896,True,0.3112745098039216,0.29607000534329597,1.0,0.015204504460625632,7.891004171269508e-05,0.29394437546428076,0.32866165736163006,1.0,1.0
1,G,1,20264403,1,history,1-4,214,856,True,0.3317757009345794,0.3167756195618661,0.17483660130718953,0.015000081372713307,4.979021465263853e-05,0.2850467289719626,0.3750292056074766,0.16990869392616118,0.18044035112300613
1,G,1,20264403,1,history,5-8,214,856,True,0.2616822429906542,0.27167185145974676,0.17483660130718953,-0.009989608469092545,8.302065500936275e-05,0.2207943925233645,0.30490654205607476,0.16990869392616118,0.18044035112300613
1,G,1,20264403,1,history,9-16,214,1698,True,0.3292108362779741,0.3055972688198606,0.34681372549019607,0.023613567458113494,8.693856125205393e-05,0.2976367240245127,0.3608016855086788,0.33743393641663316,0.3569182649937417
1,G,1,20264403,1,history,17-31,182,1486,True,0.3075370121130552,0.2873105979206952,0.3035130718954248,0.02022641419236003,8.414251870033272e-05,0.2767447751022263,0.34237681638798273,0.28217765418912216,0.3227471218737594
1,G,1,20264403,1,run,1,214,3439,True,0.19715033439953475,0.17293957408905716,0.7024101307189542,0.024210760310477572,4.417415122226448e-05,0.18402563035776703,0.2105670882258135,0.6846514636637137,0.7196734346876321
1,G,1,20264403,1,run,2-3,211,993,True,0.5689828801611279,0.5777596945769365,0.2028186274509804,-0.008776814415808664,0.00013374420479350994,0.5401797954233892,0.5955190051729802,0.1930492735745614,0.2125475319652207
1,G,1,20264403,1,run,4-7,156,426,True,0.6126760563380281,0.6041194422533346,0.08700980392156862,0.00855661408469364,0.00022444829912328737,0.5706872985987906,0.6603077342047929,0.07609075380588286,0.09693878566028727
1,G,1,20264403,1,run,8+,21,38,False,0.5263157894736842,0.6249813619392306,0.007761437908496732,-0.0986655724655463,0.00015804440488188906,0.31008620689655175,0.6572036474164134,0.004382432865646663,0.012188603052408641
1,U,2,20264401,0,all,all,1834,41976,True,0.3218982275586049,0.3182153105696336,1.0,0.003682916988971354,0.0,0.3141393848557586,0.3291085461890615,1.0,1.0
1,U,2,20264401,0,history,1-4,1834,7336,True,0.31202290076335876,0.3127282357544035,0.1747665332570993,-0.000705334991044689,0.0,0.2955186750272628,0.32948132497273713,0.1731206375657431,0.176517261443972
1,U,2,20264401,0,history,5-8,1834,7336,True,0.31842966194111233,0.3177072072133507,0.1747665332570993,0.0007224547277616046,0.0,0.30247750817884406,0.3339728735005452,0.1731206375657431,0.176517261443972
1,U,2,20264401,0,history,9-16,1834,14569,True,0.3298098702724964,0.32166147432955067,0.34707928340003813,0.008148395942945731,0.0,0.31676603496087097,0.342721723559491,0.34386425816823546,0.35048955952996563
1,U,2,20264401,0,history,17-31,1605,12735,True,0.32053396152336083,0.31772637984705693,0.3033876500857633,0.002807581676303879,0.0,0.30547101831640977,0.3341897088310059,0.2966332064389231,0.31005511621632736
1,U,2,20264401,0,run,1,1834,29050,True,0.1674698795180723,0.16276011612046068,0.692062130741376,0.004709763397611634,0.0,0.16343130058543703,0.17156106180621022,0.6848332320069378,0.6992702928591233
1,U,2,20264401,0,run,2-3,1795,7269,True,0.6322740404457284,0.6359188040092858,0.17317038307604346,-0.0036447635635574105,0.0,0.6207238425999965,0.6428608636120097,0.17034047404713534,0.17661078747674228
1,U,2,20264401,0,run,4-7,1400,4608,True,0.7269965277777778,0.7129477425567364,0.1097770154373928,0.014048785221041351,0.0,0.7134944930295137,0.7391285990361621,0.10506498603321225,0.1137286655532718
1,U,2,20264401,0,run,8+,390,1049,True,0.6682554814108675,0.6877669391102156,0.024990470745187725,-0.019511457699348103,0.0,0.6361023123218246,0.6932953497366933,0.022027958606738268,0.027612881073570315
1,U,2,20264401,1,all,all,214,4896,True,0.3257761437908497,0.30701437843237434,1.0,0.018761765358475284,5.9365921431835284e-05,0.30514373519113597,0.3487347865754513,1.0,1.0
1,U,2,20264401,1,history,1-4,214,856,True,0.338785046728972,0.32237957403379175,0.17483660130718953,0.01640547269518021,3.932818990098426e-05,0.2978679906542056,0.3773656542056074,0.1697385517257237,0.17998601918809368
1,U,2,20264401,1,history,5-8,214,856,True,0.31542056074766356,0.2991749038859029,0.17483660130718953,0.016245656861760605,6.617018941066011e-05,0.272196261682243,0.3598714953271027,0.1697385517257237,0.17998601918809368
1,U,2,20264401,1,history,9-16,214,1698,True,0.3133097762073027,0.3008498106041329,0.34681372549019607,0.012459965603169832,6.21983052028422e-05,0.2762047750085994,0.3492320867026055,0.3374271263166935,0.35660899043115346
1,U,2,20264401,1,history,17-31,182,1486,True,0.338492597577389,0.3097232740914056,0.3035130718954248,0.02876932348598336,6.375250094553967e-05,0.30322962912957035,0.37597355933750054,0.28333395307168463,0.3227639088279069
1,U,2,20264401,1,run,1,214,3383,True,0.2069169376293231,0.17569663631228344,0.6909722222222222,0.03122030131703964,3.877886834541263e-05,0.192862891719216,0.22082795378113154,0.6691381318802218,0.7113502815249104
1,U,2,20264401,1,run,2-3,213,973,True,0.5323741007194245,0.5715310388038713,0.19873366013071894,-0.03915693808444688,0.00013132666049146298,0.5010035957584346,0.5639991742612568,0.18782296595518155,0.20853921862494865
1,U,2,20264401,1,run,4-7,144,445,True,0.6943820224719102,0.6514541393602769,0.09089052287581699,0.04292788311163331,5.55220749593501e-05,0.6487109375,0.7353669881660851,0.07962428783756574,0.10387232800251259
1,U,2,20264401,1,run,8+,31,95,False,0.7157894736842105,0.6606724567258959,0.01940359477124183,0.055117016958314564,7.345763897505666e-05,0.6169803600654664,0.7912127440904418,0.012025852872550877,0.027298194770876076
1,U,2,20264402,0,all,all,1834,41976,True,0.32149323422908327,0.31715352963438265,1.0,0.004339704594700601,0.0,0.31451594933597005,0.3278226918484249,1.0,1.0
1,U,2,20264402,0,history,1-4,1834,7336,True,0.31638495092693564,0.3169666775926541,0.1747665332570993,-0.0005817266657184536,0.0,0.3005725190839695,0.3328891766630316,0.1731771373593205,0.17643108251275835
1,U,2,20264402,0,history,5-8,1834,7336,True,0.3312431842966194,0.3195571946413214,0.1747665332570993,0.011685989655298072,0.0,0.31623841330425295,0.3477405943293348,0.1731771373593205,0.17643108251275835
1,U,2,20264402,0,history,9-16,1834,14569,True,0.3268583979682888,0.32171640198627466,0.34707928340003813,0.005141995982014192,0.0,0.3140954097981708,0.33951410690343276,0.3439918898348794,0.35022786530024846
1,U,2,20264402,0,history,17-31,1605,12735,True,0.3126815861798194,0.31065655066245534,0.3033876500857633,0.002025035517364083,0.0,0.3001313794115276,0.32526156260665023,0.29687686977005545,0.3095779524629968
1,U,2,20264402,0,run,1,1834,29080,True,0.17035763411279228,0.16277717531041366,0.6927768248522965,0.007580458802378596,0.0,0.1664081943773408,0.1744144889119868,0.6859217070748496,0.699615644096438
1,U,2,20264402,0,run,2-3,1800,7263,True,0.6150351094589013,0.6324619445228896,0.17302744425385935,-0.017426835063988434,0.0,0.6042954123996271,0.626289413028689,0.16978048632246487,0.17624642008530786
1,U,2,20264402,0,run,4-7,1344,4454,True,0.7348450830713965,0.7127366136767757,0.10610825233466743,0.022108469394620803,0.0,0.7227932120773783,0.7472717566913518,0.10234535830010584,0.10977402795539246
1,U,2,20264402,0,run,8+,406,1179,True,0.6793893129770993,0.6880206289397032,0.028087478559176673,-0.00863131596260404,0.0,0.653039108334192,0.7031379039370057,0.024828228495513416,0.031085706313208308
1,U,2,20264402,1,all,all,214,4896,True,0.3047385620915033,0.29604382244096605,1.0,0.00869473965053724,5.742396192623643e-05,0.2872624086851355,0.3204248027505701,1.0,1.0
1,U,2,20264402,1,history,1-4,214,856,True,0.30490654205607476,0.30219175024640127,0.17483660130718953,0.0027147918096734865,4.735588159499868e-05,0.2663259345794392,0.34816004672897194,0.1697730576148652,0.1798357139323349
1,U,2,20264402,1,history,5-8,214,856,True,0.2850467289719626,0.28857587367028437,0.17483660130718953,-0.0035291446983217465,5.498994906428426e-05,0.24877336448598134,0.3247955607476635,0.1697730576148652,0.1798357139323349
1,U,2,20264402,1,history,9-16,214,1698,True,0.2879858657243816,0.2810619499726396,0.34681372549019607,0.006923915751742017,5.949150747777224e-05,0.2577665563286721,0.32291004049190686,0.33744402755060215,0.35612020187181864
1,U,2,20264402,1,history,17-31,182,1486,True,0.3351278600269179,0.31392347075689414,0.3035130718954248,0.021204389270023747,6.226319438038365e-05,0.2981141526021032,0.3656977294788929,0.2842076218628747,0.32289605701950924
1,U,2,20264402,1,run,1,214,3471,True,0.19533275713050993,0.17352319792669446,0.7089460784313726,0.021809559203815457,3.844329331336832e-05,0.18243586438587073,0.2074706968687476,0.6933822166359868,0.726340915120559
1,U,2,20264402,1,run,2-3,211,957,True,0.5412748171368861,0.56904015678004,0.1954656862745098,-0.027765339643153947,0.0001281536170110791,0.512341408385758,0.5704410448389882,0.18525230221251873,0.2053346810422282
1,U,2,20264402,1,run,4-7,147,418,True,0.645933014354067,0.6517746356916023,0.08537581699346405,-0.005841621337535369,4.913062378093659e-05,0.5994806867591875,0.68328173374613,0.07607531119127307,0.0953300485848953
1,U,2,20264402,1,run,8+,24,50,False,0.52,0.6023661381965002,0.010212418300653595,-0.08236613819650032,9.062868560235859e-05,0.33308823529411763,0.6415733930284617,0.00590624419499509,0.01533684154830621
1,U,2,20264403,0,all,all,1834,41976,True,0.3089622641509434,0.31163952980747445,1.0,-0.002677265656531033,0.0,0.30177368452525494,0.31583330655896363,1.0,1.0
1,U,2,20264403,0,history,1-4,1834,7336,True,0.3042529989094875,0.3100172605805252,0.1747665332570993,-0.005764261671037707,0.0,0.28857688113413305,0.3207606324972737,0.1730347838973773,0.176538713159066
1,U,2,20264403,0,history,5-8,1834,7336,True,0.32156488549618323,0.31807739703024157,0.1747665332570993,0.0034874884659415466,0.0,0.3042529989094875,0.33629021264994546,0.1730347838973773,0.176538713159066
1,U,2,20264403,0,history,9-16,1834,14569,True,0.30551170293088065,0.30991238361973394,0.34707928340003813,-0.00440068068885328,0.0,0.2936074146814513,0.31729042307927346,0.3437228664489276,0.3505237248948243
1,U,2,20264403,0,history,17-31,1605,12735,True,0.3083627797408716,0.31084138029132763,0.3033876500857633,-0.0024786005504560467,0.0,0.29506297218906563,0.3204125231915089,0.29640164637182576,0.3101529380664249
1,U,2,20264403,0,run,1,1834,29574,True,0.16507743288023263,0.16305868787573224,0.7045454545454546,0.0020187450045004037,0.0,0.16139005756993,0.16910547328371017,0.6980190940736093,0.7117842916930678
1,U,2,20264403,0,run,2-3,1793,7121,True,0.6049712119084398,0.6343433117715217,0.1696445587955022,-0.02937209986308195,0.0,0.5942708450457986,0.6160043331754204,0.1666375313268804,0.17268504228162013
1,U,2,20264403,0,run,4-7,1318,4259,True,0.7222352664944822,0.7133965959739016,0.10146274061368402,0.008838670520580605,0.0,0.7104225636203791,0.7335170055983374,0.09745582964678136,0.10545064039031254
1,U,2,20264403,0,run,8+,350,1022,True,0.687866927592955,0.6884231336436281,0.024347246045359254,-0.0005562060506729737,0.0,0.6584485817305383,0.713571698260091,0.02128404023190373,0.02739066232480997
1,U,2,20264403,1,all,all,214,4896,True,0.31290849673202614,0.3019069970982917,1.0,0.011001499633734426,7.568301140075572e-05,0.2960361536328944,0.3325201809120015,1.0,1.0
1,U,2,20264403,1,history,1-4,214,856,True,0.33761682242990654,0.31952322641028785,0.17483660130718953,0.01809359601961871,5.183713321571249e-05,0.29553154205607474,0.38326518691588773,0.169739392689956,0.18044416105442915
1,U,2,20264403,1,history,5-8,214,856,True,0.2733644859813084,0.2826361400669896,0.17483660130718953,-0.00927165408568119,9.686040274619344e-05,0.23241822429906545,0.3166471962616822,0.169739392689956,0.18044416105442915
1,U,2,20264403,1,history,9-16,214,1698,True,0.3250883392226148,0.307284791222585,0.34681372549019607,0.017803548000029895,8.580979107947679e-05,0.2928679787026066,0.35690625097720374,0.33749102373268536,0.35770603334998274
1,U,2,20264403,1,history,17-31,182,1486,True,0.3075370121130552,0.296715117491748,0.3035130718954248,0.010821894621307185,6.564865934169378e-05,0.2736330975221305,0.3400861092202485,0.28152291242403255,0.3231578272219735
1,U,2,20264403,1,run,1,214,3427,True,0.19813247738546835,0.1739393905685527,0.6999591503267973,0.02419308681691567,4.562849505072078e-05,0.18495373340115723,0.21333737421216922,0.680698709431059,0.7168471545200437
1,U,2,20264403,1,run,2-3,211,985,True,0.5573604060913706,0.5905690647292948,0.20118464052287582,-0.03320865863792429,0.00012452995378901035,0.5269951030927835,0.5864480778246601,0.19254937017464202,0.21290062369312854
1,U,2,20264403,1,run,4-7,150,444,True,0.6306306306306306,0.6197855381614251,0.09068627450980392,0.010845092469205446,0.0001970129523508824,0.5899810513447432,0.6674252717391305,0.07942499415892404,0.10232811877649962
1,U,2,20264403,1,run,8+,19,40,False,0.6,0.6287764653194505,0.008169934640522876,-0.0287764653194506,0.00010098539883282333,0.4072222222222222,0.7289265536723162,0.004029421163524534,0.012394921336606333
1,G,2,20264401,0,all,all,1834,41976,True,0.32199352010672766,0.3180671236158836,1.0,0.0039263964908440585,0.0,0.31424991502352867,0.3288118265901374,1.0,1.0
1,G,2,20264401,0,history,1-4,1834,7336,True,0.31147764449291165,0.312818072815246,0.1747665332570993,-0.001340428322334352,0.0,0.29511654852780805,0.3276990185387132,0.17319758028543292,0.17630027775371523
1,G,2,20264401,0,history,5-8,1834,7336,True,0.3223827699018539,0.31897623646588175,0.1747665332570993,0.003406533435972117,0.0,0.3058819520174482,0.3383315158124318,0.17319758028543292,0.17630027775371523
1,G,2,20264401,0,history,9-16,1834,14569,True,0.3295353147093143,0.32128206776563706,0.34707928340003813,0.008253246943677255,0.0,0.3163140729044009,0.34121535809980313,0.3440254357718944,0.3499102280866028
1,G,2,20264401,0,history,17-31,1605,12735,True,0.31919905771495877,0.3168892094806761,0.3033876500857633,0.0023098482342826564,0.0,0.3047530689888823,0.332199813636076,0.29746554009056514,0.30964058225852337
1,G,2,20264401,0,run,1,1834,29048,True,0.16930597631506472,0.16287104744603204,0.6920144844673146,0.006434928869032672,0.0,0.16471194380798124,0.17353811363938956,0.6852827848777341,0.6998384595139688
1,G,2,20264401,0,run,2-3,1795,7348,True,0.6276537833424061,0.6353818854144001,0.1750524109014675,-0.007728102071994052,0.0,0.616182716671694,0.6392749504415478,0.17204951745167152,0.1783375950489255
1,G,2,20264401,0,run,4-7,1386,4560,True,0.725,0.7126957732117342,0.10863350485991996,0.012304226788265843,0.0,0.7135870272524593,0.7375087029597094,0.104563510848543,0.11256152914383853
1,G,2,20264401,0,run,8+,377,1020,True,0.6666666666666666,0.6876750733504614,0.024299599771297885,-0.021008406683794893,0.0,0.6423003367721682,0.6912276414466721,0.021632708368827892,0.02734783403341513
1,G,2,20264401,1,all,all,214,4896,True,0.32679738562091504,0.30718846490582785,1.0,0.019608920715087148,5.9602926787218885e-05,0.30616011468340076,0.34598075765294306,1.0,1.0
1,G,2,20264401,1,history,1-4,214,856,True,0.3364485981308411,0.32171238769981425,0.17483660130718953,0.01473621043102687,3.895959973641736e-05,0.29669976635514017,0.37853387850467285,0.16973771109481056,0.18006743586344903
1,G,2,20264401,1,history,5-8,214,856,True,0.3119158878504673,0.29571315711200463,0.17483660130718953,0.016202730738462692,6.675094860329639e-05,0.2651869158878505,0.3633177570093458,0.16973771109481056,0.18006743586344903
1,G,2,20264401,1,history,9-16,214,1698,True,0.31036513545347466,0.2973104937098097,0.34681372549019607,0.01305464174366497,6.22592399328632e-05,0.2751698742902619,0.34218660361671166,0.33710029727696383,0.3570152859133673
1,G,2,20264401,1,history,17-31,182,1486,True,0.34858681022880217,0.31671954205973046,0.3035130718954248,0.03186726816907167,6.434152810594011e-05,0.31269811154566557,0.3813886804736965,0.28228617861815,0.323349742393539
1,G,2,20264401,1,run,1,214,3380,True,0.21035502958579883,0.17629631874816454,0.690359477124183,0.03405871083763425,4.007749549869947e-05,0.1959482543152647,0.22327584170549952,0.671862111548358,0.7101970210979193
1,G,2,20264401,1,run,2-3,214,991,True,0.5358224016145308,0.5681766779233424,0.20241013071895425,-0.03235427630881148,0.0001354163644433922,0.5030714789134048,0.5673000502039979,0.1927468000491954,0.21275105195599786
1,G,2,20264401,1,run,4-7,139,436,True,0.6857798165137615,0.6602368423719346,0.08905228758169935,0.02554297414182684,3.444081706442578e-05,0.6417420170433676,0.730238708921563,0.07899866103863996,0.10116670334351972
1,G,2,20264401,1,run,8+,31,89,False,0.6629213483146067,0.6425484911678813,0.0181781045751634,0.020372857146725543,8.022675686660859e-05,0.5655261405261405,0.733362831858407,0.010579185537849648,0.0264890298389418
1,G,2,20264402,0,all,all,1834,41976,True,0.31956356012959786,0.3165872347910685,1.0,0.0029763253385293796,0.0,0.3118100400203557,0.32730883413075873,1.0,1.0
1,G,2,20264402,0,history,1-4,1834,7336,True,0.3166575790621592,0.31720348578728524,0.1747665332570993,-0.0005459067251260526,0.0,0.300289667393675,0.33479075790621593,0.1730347838973773,0.1763175448774968
1,G,2,20264402,0,history,5-8,1834,7336,True,0.32006543075245364,0.31481054608534853,0.1747665332570993,0.005254884667105027,0.0,0.304791439476554,0.3369785986913849,0.1730347838973773,0.1763175448774968
1,G,2,20264402,0,history,9-16,1834,14569,True,0.3215045644862379,0.3189880754520768,0.34707928340003813,0.0025164890341610848,0.0,0.30802699713207177,0.3343044076551902,0.3439003520923349,0.3499898804570212
1,G,2,20264402,0,history,17-31,1605,12735,True,0.3187279151943463,0.3145091133498972,0.3033876500857633,0.004218801844449049,0.0,0.30467168581233994,0.33202692242418863,0.29739119174233886,0.31003030394574815
1,G,2,20264402,0,run,1,1834,29150,True,0.16984562607204118,0.1630498047866183,0.6944444444444444,0.006795821285422871,0.0,0.16577353234775832,0.1745437574352153,0.6866115438954989,0.7021177027264237
1,G,2,20264402,0,run,2-3,1801,7281,True,0.6147507210548002,0.6331649125912084,0.17345626072041168,-0.01841419153640835,0.0,0.6042633485008766,0.6252229496114419,0.17047499638300811,0.1767247441028736
1,G,2,20264402,0,run,4-7,1326,4424,True,0.7269439421338155,0.713037312754454,0.10539355822374691,0.013906629379361454,0.0,0.7129655762757013,0.7393075781181669,0.10112726518934317,0.1092319792002862
1,G,2,20264402,0,run,8+,386,1121,True,0.687778768956289,0.6883257429595658,0.02670573661139699,-0.0005469740032768133,0.0,0.6623196396626629,0.7111540568303348,0.023875097643845114,0.029891816193326107
1,G,2,20264402,1,all,all,214,4896,True,0.30249183006535946,0.2941135465536742,1.0,0.008378283511685245,5.959640030633392e-05,0.2849579314548564,0.321616588766319,1.0,1.0
1,G,2,20264402,1,history,1-4,214,856,True,0.30257009345794394,0.3014443047236068,0.17483660130718953,0.0011257887343371284,4.753141835502789e-05,0.2651577102803738,0.34345794392523366,0.1698075778615354,0.17994818255567221
1,G,2,20264402,1,history,5-8,214,856,True,0.29205607476635514,0.2890867770728907,0.17483660130718953,0.002969297693464415,5.759852896755562e-05,0.2511390186915888,0.331804906542056,0.1698075778615354,0.17994818255567221
1,G,2,20264402,1,history,9-16,214,1698,True,0.28916372202591284,0.2815260658353047,0.34681372549019607,0.007637656190608166,6.0871687779781967e-05,0.2586576274753081,0.3177998663519223,0.3376953161980498,0.3564269579425254
1,G,2,20264402,1,history,17-31,182,1486,True,0.32368775235531627,0.3071696218846836,0.3035130718954248,0.01651813047063269,6.623998327160807e-05,0.2861547157002139,0.3635473499236477,0.2839406301304798,0.32301104420253113
1,G,2,20264402,1,run,1,214,3490,True,0.19799426934097422,0.17456553695820698,0.7128267973856209,0.023428732382767242,3.9733943016843244e-05,0.18580067803677858,0.21247597346603528,0.6958248431451678,0.7296385290430422
1,G,2,20264402,1,run,2-3,213,953,True,0.5194123819517313,0.563432674019387,0.19464869281045752,-0.044020292067655536,0.00013314137561581813,0.4898598101638091,0.5507551078266258,0.18484688762989943,0.20489490043590253
1,G,2,20264402,1,run,4-7,139,399,True,0.6691729323308271,0.6582859994100385,0.08149509803921569,0.010886932920788609,5.852709362071288e-05,0.6249916219839142,0.7124750630636573,0.07151385119303058,0.0907490263377478
1,G,2,20264402,1,run,8+,26,54,False,0.5185185185185185,0.5766434784734374,0.011029411764705883,-0.05812495995491892,5.326802693497826e-05,0.3528132992327366,0.6666666666666666,0.006650021041194578,0.017322648720880473
1,G,2,20264403,0,all,all,1834,41976,True,0.3127739660758529,0.3133592100588592,1.0,-0.000585243983006347,0.0,0.3054007920393106,0.31952693228679474,1.0,1.0
1,G,2,20264403,0,history,1-4,1834,7336,True,0.3068429661941112,0.3105258496870835,0.1747665332570993,-0.0036828834929722746,0.0,0.2906147764449291,0.3222634950926936,0.17305560142483073,0.17649156877514935
1,G,2,20264403,0,history,5-8,1834,7336,True,0.3223827699018539,0.3191962349211789,0.1747665332570993,0.0031865349806749653,0.0,0.3064306161395856,0.3368456924754634,0.17305560142483073,0.17649156877514935
1,G,2,20264403,0,history,9-16,1834,14569,True,0.30908092525224795,0.31202477159698977,0.34707928340003813,-0.0029438463447418652,0.0,0.2980009153101736,0.32126401602492966,0.3440312266378604,0.35033503972767827
1,G,2,20264403,0,history,17-31,1605,12735,True,0.314880251276011,0.3131555627285369,0.3033876500857633,0.001724688547474119,0.0,0.3023637657899028,0.3267114845653845,0.2965935134491284,0.3097021836927944
1,G,2,20264403,0,run,1,1834,29431,True,0.1670347592674391,0.16309366903870398,0.7011387459500668,0.003941090228735115,0.0,0.16230560031627672,0.17160228537194877,0.6945612908510067,0.7085211279029093
1,G,2,20264403,0,run,2-3,1797,7202,True,0.6123299083587892,0.6341842131018559,0.1715742328949876,-0.021854304743066683,0.0,0.6005818915381618,0.6241511512371785,0.16824023418119713,0.1748168037245767
1,G,2,20264403,0,run,4-7,1335,4348,True,0.7201011959521619,0.7132307009744012,0.1035829998094149,0.0068704949777607304,0.0,0.7065945433099637,0.7341486467351354,0.09971075601795516,0.10706886991795014
1,G,2,20264403,0,run,8+,350,995,True,0.6753768844221105,0.6884770224686583,0.02370402134553078,-0.013100138046547716,0.0,0.6416661275505584,0.7065783644291985,0.020743231220048446,0.02683691171449408
1,G,2,20264403,1,all,all,214,4896,True,0.3167892156862745,0.3011862317757871,1.0,0.015602983910487372,7.080763680793451e-05,0.2982438139263611,0.3367986628937544,1.0,1.0
1,G,2,20264403,1,history,1-4,214,856,True,0.338785046728972,0.32212641008400966,0.17483660130718953,0.016658636644962317,5.0390388103126504e-05,0.29669976635514017,0.38434579439252337,0.16994242604725035,0.17990941554412718
1,G,2,20264403,1,history,5-8,214,856,True,0.28738317757009346,0.28483032536388114,0.17483660130718953,0.0025528522062122734,9.702790583608708e-05,0.2452978971962617,0.3283294392523364,0.16994242604725035,0.17990941554412718
1,G,2,20264403,1,history,9-16,214,1698,True,0.3280329799764429,0.30850920402792065,0.34681372549019607,0.019523775948522237,7.197076910903804e-05,0.2965079569654581,0.3594967440636944,0.33756922214730634,0.3569038061090991
1,G,2,20264403,1,history,17-31,182,1486,True,0.3082099596231494,0.29017779057298115,0.3035130718954248,0.018032169050168214,6.613577675136874e-05,0.27630112019914654,0.3449241166523172,0.2836939168411844,0.32216813622070833
1,G,2,20264403,1,run,1,214,3409,True,0.20299207978879436,0.17351954122008262,0.6962826797385621,0.029472538568711713,4.490532672162563e-05,0.18955631785331378,0.2189258991212459,0.6776198362030214,0.7144389723475586
1,G,2,20264403,1,run,2-3,209,996,True,0.5532128514056225,0.5858684777669035,0.2034313725490196,-0.032655626361281075,0.00011586293644956467,0.5267100879879296,0.584366359731411,0.19340301484351238,0.2146942962791177
1,G,2,20264403,1,run,4-7,155,446,True,0.6345291479820628,0.6100118957828181,0.09109477124183006,0.02451725219924468,0.0001616856774199243,0.5902730855855856,0.6736703288240881,0.08153538773139958,0.10286085724490023
1,G,2,20264403,1,run,8+,23,45,False,0.5555555555555556,0.6108747862226493,0.009191176470588236,-0.055319230667093884,0.00013512520410162123,0.37829391891891895,0.6939548546691403,0.00495377009623976,0.013524220971312353
1,JOINT_BIN,-1,20264501,0,all,all,1834,41976,True,0.31672860682294646,0.31630793117366085,1.0,0.00042067564928557856,0.0,0.3098343960345821,0.32409256150842436,1.0,1.0
1,JOINT_BIN,-1,20264501,0,history,1-4,1834,7336,True,0.3169302071973828,0.31583177427319087,0.1747665332570993,0.0010984329241918956,0.0,0.30084514721919303,0.3339728735005452,0.17299775333722484,0.17661489754671625
1,JOINT_BIN,-1,20264501,0,history,5-8,1834,7336,True,0.313113413304253,0.31525802260804353,0.1747665332570993,-0.0021446093037904563,0.0,0.29961832061068705,0.32947450926935656,0.17299775333722484,0.17661489754671625
1,JOINT_BIN,-1,20264501,0,history,9-16,1834,14569,True,0.32177912004942,0.31897616069577117,0.34707928340003813,0.0028029593536488804,0.0,0.3096990477497615,0.33386967361863584,0.3436802109630484,0.3506440276037681
1,JOINT_BIN,-1,20264501,0,history,17-31,1605,12735,True,0.31291715744012566,0.3141345334784581,0.3033876500857633,-0.0012173760383324705,0.0,0.298885457836193,0.32533510115583236,0.2961513845391494,0.3104464743499869
1,JOINT_BIN,-1,20264501,0,run,1,1834,29268,True,0.16499248325816593,0.1625517864582174,0.6972555746140652,0.002440696799948496,0.0,0.16096120901599234,0.1692463358650056,0.6901449556121271,0.7036010700711135
1,JOINT_BIN,-1,20264501,0,run,2-3,1794,7190,True,0.6347705146036161,0.6412113187419727,0.1712883552506194,-0.006440804138356512,0.0,0.6233119440675411,0.6452862155406472,0.16800926946434458,0.17459376772121202
1,JOINT_BIN,-1,20264501,0,run,4-7,1373,4498,True,0.7100933748332592,0.7129882438712218,0.10715647036401753,-0.0028948690379626595,0.0,0.6975241626727591,0.7230062216704048,0.10330763684961251,0.11132568795618615
1,JOINT_BIN,-1,20264501,0,run,8+,352,1020,True,0.6941176470588235,0.688672088430335,0.024299599771297885,0.005445558628488491,0.0,0.6662921698881601,0.7171659280500522,0.021438262753586738,0.02724336541634856
1,JOINT_BIN,-1,20264501,1,all,all,214,4896,True,0.32005718954248363,0.3176523274140298,1.0,0.0024048621284538108,0.0,0.2969670570503686,0.34105543700354735,1.0,1.0
1,JOINT_BIN,-1,20264501,1,history,1-4,214,856,True,0.27102803738317754,0.2943133724354098,0.17483660130718953,-0.02328533505223221,0.0,0.22780373831775702,0.31544976635514016,0.1704135429867813,0.18040137217306937
1,JOINT_BIN,-1,20264501,1,history,5-8,214,856,True,0.33060747663551404,0.3117465937773932,0.17483660130718953,0.018860882858120823,0.0,0.2873539719626168,0.3796728971962617,0.1704135429867813,0.18040137217306937
1,JOINT_BIN,-1,20264501,1,history,9-16,214,1698,True,0.34275618374558303,0.3331192409850743,0.34681372549019607,0.009636942760508771,0.0,0.3072861666971064,0.38064769691945705,0.33763634706094536,0.35709428886599714
1,JOINT_BIN,-1,20264501,1,history,17-31,182,1486,True,0.3162853297442799,0.316825028767345,0.3035130718954248,-0.00053969902306507,0.0,0.28206671767901237,0.3512987012987013,0.2820383127609718,0.3215341633227246
1,JOINT_BIN,-1,20264501,1,run,1,214,3396,True,0.16696113074204946,0.16254901952550946,0.6936274509803921,0.004412111216540024,0.0,0.15350628714603207,0.17914184340249914,0.6731435665876352,0.7163907930394533
1,JOINT_BIN,-1,20264501,1,run,2-3,207,858,True,0.655011655011655,0.647793755368643,0.17524509803921567,0.00721789964301187,0.0,0.6233023255813953,0.6866923417477638,0.16432303321842576,0.1844089477827342
1,JOINT_BIN,-1,20264501,1,run,4-7,159,533,True,0.6810506566604128,0.697846519796403,0.10886437908496732,-0.016795863135990297,0.0,0.6429872500680022,0.7196995118974985,0.09699831174650107,0.12102019184167961
1,JOINT_BIN,-1,20264501,1,run,8+,38,109,False,0.6880733944954128,0.6922026380979949,0.022263071895424837,-0.004129243602581921,0.0,0.5842462546816479,0.7622950819672131,0.01488034616940582,0.03071120891319926
1,JOINT_BIN,-1,20264502,0,all,all,1834,41976,True,0.31520392605298264,0.31573300176675084,1.0,-0.0005290757137681709,0.0,0.3080516938458689,0.3230725866708678,1.0,1.0
1,JOINT_BIN,-1,20264502,0,history,1-4,1834,7336,True,0.3137949836423119,0.31476855594047265,0.1747665332570993,-0.0009735722981607547,0.0,0.2985141766630316,0.32785237186477645,0.1730473350297483,0.17642768823762947
1,JOINT_BIN,-1,20264502,0,history,5-8,1834,7336,True,0.3095692475463468,0.3134281941855591,0.1747665332570993,-0.003858946639212338,0.0,0.2932115594329335,0.32906215921483095,0.1730473350297483,0.17642768823762947
1,JOINT_BIN,-1,20264502,0,history,9-16,1834,14569,True,0.3115519253208868,0.31394977009632785,0.34707928340003813,-0.0023978447754409798,0.0,0.2990754706128882,0.32260998655498413,0.3439819151467554,0.35040378485257523
1,JOINT_BIN,-1,20264502,0,history,17-31,1605,12735,True,0.3234393404004711,0.31965629546157553,0.3033876500857633,0.0037830449388956333,0.0,0.30967627276054144,0.3375099395464507,0.2968879817849123,0.3098237198209277
1,JOINT_BIN,-1,20264502,0,run,1,1834,29334,True,0.16479170927933456,0.1626986646790934,0.6988279016580904,0.0020930446002411424,0.0,0.16014962641399944,0.16855870286113264,0.691062694007909,0.705662626235916
1,JOINT_BIN,-1,20264502,0,run,2-3,1798,7156,True,0.6295416433761878,0.6419822009869646,0.17047836859157614,-0.012440557610776778,0.0,0.6207541910608471,0.6411624704859374,0.16680721243687607,0.17362437865783237
1,JOINT_BIN,-1,20264502,0,run,4-7,1379,4439,True,0.7150259067357513,0.7130355039102857,0.10575090527920716,0.0019904028254656126,0.0,0.7022743365760042,0.7275298149092875,0.10179365657230958,0.10976999658232797
1,JOINT_BIN,-1,20264502,0,run,8+,361,1047,True,0.6857688634192932,0.6890321111214228,0.02494282447112636,-0.003263247702129575,0.0,0.6569451526998697,0.7159819188338843,0.02192268020752106,0.028308218709409444
1,JOINT_BIN,-1,20264502,1,all,all,214,4896,True,0.315359477124183,0.3187582239752412,1.0,-0.003398746851058163,0.0,0.29272882962514973,0.336214381574582,1.0,1.0
1,JOINT_BIN,-1,20264502,1,history,1-4,214,856,True,0.3235981308411215,0.3109067672386992,0.17483660130718953,0.012691363602422307,0.0,0.27678154205607475,0.36930490654205594,0.16959983358644806,0.1794982088068161
1,JOINT_BIN,-1,20264502,1,history,5-8,214,856,True,0.352803738317757,0.3457945516368932,0.17483660130718953,0.007009186680863857,0.0,0.3060747663551402,0.39605724299065415,0.16959983358644806,0.1794982088068161
1,JOINT_BIN,-1,20264502,1,history,9-16,214,1698,True,0.3292108362779741,0.3281943458473529,0.34681372549019607,0.0010164904306211922,0.0,0.29192785187814946,0.3648382575150252,0.3362391777814341,0.3556390006872088
1,JOINT_BIN,-1,20264502,1,history,17-31,182,1486,True,0.2732166890982503,0.29692458706357233,0.3035130718954248,-0.023707897965322005,0.0,0.23527540950590764,0.3165399338853624,0.2853456758854932,0.32454414330039894
1,JOINT_BIN,-1,20264502,1,run,1,214,3415,True,0.14729136163982431,0.16145702721577773,0.6975081699346405,-0.014165665575953446,0.0,0.1362461002190184,0.15865420665866825,0.6775879053155056,0.7192892932709931
1,JOINT_BIN,-1,20264502,1,run,2-3,204,768,True,0.6770833333333334,0.6494241701029345,0.1568627450980392,0.027659163230398926,0.0,0.6455606986716432,0.7117278226223,0.14764174502543886,0.16576269091308649
1,JOINT_BIN,-1,20264502,1,run,4-7,167,571,True,0.7390542907180385,0.7199796217284116,0.11662581699346405,0.019074668989626974,0.0,0.7013818597647272,0.7732485046220773,0.10415264775345903,0.1276725915553279
1,JOINT_BIN,-1,20264502,1,run,8+,51,142,False,0.6971830985915493,0.6999886619360783,0.02900326797385621,-0.0028055633445290312,0.0,0.6145716668652448,0.7659909005754048,0.02028387282017192,0.03972532537345667
1,JOINT_BIN,-1,20264503,0,all,all,1834,41976,True,0.31027253668763105,0.31305151732727243,1.0,-0.0027789806396414296,0.0,0.3024511496895387,0.31759053923538794,1.0,1.0
1,JOINT_BIN,-1,20264503,0,history,1-4,1834,7336,True,0.30602508178844057,0.3107133084077813,0.1747665332570993,-0.004688226619340748,0.0,0.2906181842966194,0.3208833151581243,0.17319758028543292,0.17647002238647044
1,JOINT_BIN,-1,20264503,0,history,5-8,1834,7336,True,0.3105234460196292,0.31223866043453535,0.1747665332570993,-0.0017152144149061722,0.0,0.2958015267175573,0.3256679389312977,0.17319758028543292,0.17647002238647044
1,JOINT_BIN,-1,20264503,0,history,9-16,1834,14569,True,0.3126501475736152,0.3153644663899817,0.34707928340003813,-0.0027143188163665046,0.0,0.2994183370548595,0.32462082218104454,0.34408793468290544,0.3503346826763713
1,JOINT_BIN,-1,20264503,0,history,17-31,1605,12735,True,0.3098547310561445,0.31222064680539535,0.3033876500857633,-0.0023659157492508533,0.0,0.2972999035846846,0.3238536780141093,0.29665111803340327,0.30952754269670435
1,JOINT_BIN,-1,20264503,0,run,1,1834,29538,True,0.16040354797210374,0.1628189713582724,0.7036878216123499,-0.0024154233861686707,0.0,0.15621621150306034,0.1648047842225068,0.6966154299758807,0.7109483855787128
1,JOINT_BIN,-1,20264503,0,run,2-3,1779,7003,True,0.632157646722833,0.6399624254922068,0.16683342862588146,-0.007804778769373792,0.0,0.6199144248283467,0.6433400600943875,0.16363997540074832,0.17041249562879943
1,JOINT_BIN,-1,20264503,0,run,4-7,1334,4405,True,0.7144154370034053,0.7128618659946921,0.1049409186201639,0.0015535710087131668,0.0,0.6999718803570751,0.7265847613445575,0.10021964317194564,0.1088028946090565
1,JOINT_BIN,-1,20264503,0,run,8+,356,1030,True,0.6912621359223301,0.68882556302951,0.024537831141604727,0.002436572892820114,0.0,0.6622188777398127,0.7180016423357664,0.0216013651764815,0.02739248099179282
1,JOINT_BIN,-1,20264503,1,all,all,214,4896,True,0.30575980392156865,0.31248336040647007,1.0,-0.006723556484901465,0.0,0.28370403574328523,0.32532401253940224,1.0,1.0
1,JOINT_BIN,-1,20264503,1,history,1-4,214,856,True,0.3072429906542056,0.3132752691402624,0.17483660130718953,-0.006032278486056736,0.0,0.25695093457943924,0.3516355140186916,0.16967042261484988,0.17979604988154305
1,JOINT_BIN,-1,20264503,1,history,5-8,214,856,True,0.3130841121495327,0.3169632444275222,0.17483660130718953,-0.00387913227798953,0.0,0.26749415887850464,0.3644859813084112,0.16967042261484988,0.17979604988154305
1,JOINT_BIN,-1,20264503,1,history,9-16,214,1698,True,0.32037691401649,0.32155594296989076,0.34681372549019607,-0.001179028953400792,0.0,0.2819264013433508,0.35953723098884394,0.336628274720553,0.35681452683557047
1,JOINT_BIN,-1,20264503,1,history,17-31,182,1486,True,0.2839838492597577,0.2990796593359215,0.3035130718954248,-0.015095810076163814,0.0,0.2468007381463488,0.3195093018355321,0.283700564646552,0.324098245544458
1,JOINT_BIN,-1,20264503,1,run,1,214,3462,True,0.16291161178509533,0.16369935708153457,0.7071078431372549,-0.0007877452964392753,0.0,0.15120125992799074,0.1740403519594743,0.6886742750755025,0.7282829752218163
1,JOINT_BIN,-1,20264503,1,run,2-3,208,824,True,0.6140776699029126,0.640095623447226,0.16830065359477125,-0.026017953544313504,0.0,0.58008917907359,0.6463647972871461,0.1583120617783875,0.17700948730061714
1,JOINT_BIN,-1,20264503,1,run,4-7,163,512,True,0.7109375,0.7206773489881253,0.10457516339869281,-0.00973984898812522,0.0,0.6779274548024354,0.7482602763090568,0.09319998425815802,0.1148897125751726
1,JOINT_BIN,-1,20264503,1,run,8+,42,98,False,0.6428571428571429,0.6812832850139833,0.020016339869281044,-0.038426142156840516,0.0,0.5361783596837946,0.727307963354475,0.013776716925983765,0.02839189762443439
1,JOINT_BIN,-1,20264504,0,all,all,1834,41976,True,0.3228035067657709,0.3195207877964157,1.0,0.0032827189693552094,0.0,0.3148714638837458,0.32978441442765116,1.0,1.0
1,JOINT_BIN,-1,20264504,0,history,1-4,1834,7336,True,0.3234732824427481,0.3184631985474541,0.1747665332570993,0.005010083895294034,0.0,0.3084753271537623,0.3396980643402399,0.17327807109450327,0.1765083423021919
1,JOINT_BIN,-1,20264504,0,history,5-8,1834,7336,True,0.3286532170119956,0.3242409983159736,0.1747665332570993,0.004412218696022052,0.0,0.3125408942202836,0.3427208287895311,0.17327807109450327,0.1765083423021919
1,JOINT_BIN,-1,20264504,0,history,9-16,1834,14569,True,0.3166998421305512,0.31525464984088275,0.34707928340003813,0.0014451922896684486,0.0,0.30481208705959695,0.3289675552655992,0.3441156236402356,0.3504305474931616
1,JOINT_BIN,-1,20264504,0,history,17-31,1605,12735,True,0.32603062426383983,0.3222914492988159,0.3033876500857633,0.0037391749650239367,0.0,0.31244999774712334,0.338876989249854,0.29661206279722013,0.3093861491839352
1,JOINT_BIN,-1,20264504,0,run,1,1834,29003,True,0.16381064027859188,0.162296358399093,0.6909424433009339,0.001514281879498875,0.0,0.15960433625037207,0.16805183146711544,0.6842003645316752,0.6985551050022966
1,JOINT_BIN,-1,20264504,0,run,2-3,1772,7085,True,0.6458715596330276,0.6401694353413091,0.16878692586239757,0.005702124291718384,0.0,0.6343943105694444,0.6570990529077756,0.16570845066991632,0.17190802118783188
1,JOINT_BIN,-1,20264504,0,run,4-7,1399,4769,True,0.7221639756762424,0.7123109594650878,0.11361254049933295,0.00985301621115457,0.0,0.70928100679975,0.732355485879236,0.10911386154984837,0.11748753864120619
1,JOINT_BIN,-1,20264504,0,run,8+,376,1119,True,0.6961572832886506,0.690359151752701,0.02665809033733562,0.005798131535949527,0.0,0.6678977039884957,0.7210864081417926,0.02328911265394591,0.029704374460805573
1,JOINT_BIN,-1,20264504,1,all,all,214,4896,True,0.29820261437908496,0.3047744921351595,1.0,-0.006571877756074531,0.0,0.2772657041910762,0.3193837039919619,1.0,1.0
1,JOINT_BIN,-1,20264504,1,history,1-4,214,856,True,0.2908878504672897,0.29667896485621126,0.17483660130718953,-0.005791114388921544,0.0,0.24640771028037384,0.3364778037383177,0.17041439032193204,0.17998412542593825
1,JOINT_BIN,-1,20264504,1,history,5-8,214,856,True,0.30957943925233644,0.31860895599007666,0.17483660130718953,-0.009029516737740184,0.0,0.26749415887850464,0.35400116822429906,0.17041439032193204,0.17998412542593825
1,JOINT_BIN,-1,20264504,1,history,9-16,214,1698,True,0.30624263839811544,0.31164924808426664,0.34681372549019607,-0.005406609686151176,0.0,0.27100235155790714,0.3498380447585394,0.33818820283690604,0.35673544607077484
1,JOINT_BIN,-1,20264504,1,history,17-31,182,1486,True,0.28667563930013457,0.29361307537162434,0.3035130718954248,-0.006937436071489752,0.0,0.24947194853579754,0.3239903272492389,0.2835044430503661,0.3205982314414377
1,JOINT_BIN,-1,20264504,1,run,1,214,3489,True,0.15448552593866438,0.16249360004030813,0.7126225490196079,-0.008008074101643791,0.0,0.1426964853261177,0.16686866571790765,0.6921317608416082,0.7334416614368823
1,JOINT_BIN,-1,20264504,1,run,2-3,206,791,True,0.6156763590391909,0.6243610555724275,0.16156045751633988,-0.008684696533236592,0.0,0.5819042680842005,0.6513285340314136,0.15141963078370652,0.17104173851603624
1,JOINT_BIN,-1,20264504,1,run,4-7,154,500,True,0.718,0.707782915591496,0.10212418300653595,0.010217084408504018,0.0,0.6806313937998733,0.7522496203868753,0.09075728739018724,0.11392185887809932
1,JOINT_BIN,-1,20264504,1,run,8+,44,116,False,0.646551724137931,0.6678852603411002,0.02369281045751634,-0.021333536203168916,0.0,0.5169286495352652,0.7395638429114834,0.01634047282962412,0.03211275216138328
1,JOINT_BIN,-1,20264505,0,all,all,1834,41976,True,0.31715742328949875,0.31660200652178555,1.0,0.0005554167677132285,0.0,0.30952412565379983,0.32329053732659385,1.0,1.0
1,JOINT_BIN,-1,20264505,0,history,1-4,1834,7336,True,0.31952017448200654,0.31924618019878276,0.1747665332570993,0.0002739942832237161,0.0,0.3030057251908397,0.33465444383860415,0.17300244493534386,0.1764025521354858
1,JOINT_BIN,-1,20264505,0,history,5-8,1834,7336,True,0.3053435114503817,0.3092805006817589,0.1747665332570993,-0.003936989231377157,0.0,0.2900627044711014,0.3200688386041439,0.17300244493534386,0.1764025521354858
1,JOINT_BIN,-1,20264505,0,history,9-16,1834,14569,True,0.31615073100418695,0.31544916810694834,0.34707928340003813,0.000701562897238586,0.0,0.30331710385350363,0.32804415638055606,0.34364046660645375,0.3500907152289163
1,JOINT_BIN,-1,20264505,0,history,17-31,1605,12735,True,0.3237534354142128,0.3206152465385697,0.3033876500857633,0.003138188875643122,0.0,0.31015386431534525,0.33719833932654475,0.29703847583157467,0.31038218282611696
1,JOINT_BIN,-1,20264505,0,run,1,1834,29242,True,0.16531017030298886,0.16274521437810338,0.6966361730512673,0.0025649559248854758,0.0,0.1613007828203772,0.16915624070239133,0.6905698880513756,0.7041342109118434
1,JOINT_BIN,-1,20264505,0,run,2-3,1776,7195,True,0.6344683808200139,0.6403831055042115,0.17140747093577283,-0.005914724684197575,0.0,0.6232898144227134,0.6445798261788486,0.16810520758652883,0.1746312929746808
1,JOINT_BIN,-1,20264505,0,run,4-7,1372,4513,True,0.7103922003102149,0.712517383947279,0.1075138174194778,-0.0021251836370640128,0.0,0.6970181545316658,0.7233409041372751,0.1033939513913931,0.1114162661738409
1,JOINT_BIN,-1,20264505,0,run,8+,340,1026,True,0.6900584795321637,0.6896129328041902,0.02444253859348199,0.00044554672797349307,0.0,0.6599480481428056,0.7161997270245677,0.021327580469202963,0.027267347581496845
1,JOINT_BIN,-1,20264505,1,all,all,214,4896,True,0.3220996732026144,0.3171174550597274,1.0,0.004982218142886958,0.0,0.3013307169666613,0.34238209339643855,1.0,1.0
1,JOINT_BIN,-1,20264505,1,history,1-4,214,856,True,0.30957943925233644,0.31747677187565077,0.17483660130718953,-0.007897332623314362,0.0,0.2686623831775701,0.35397196261682246,0.17000318807412165,0.18074419753703017
1,JOINT_BIN,-1,20264505,1,history,5-8,214,856,True,0.3726635514018692,0.353973252094228,0.17483660130718953,0.018690299307641267,0.0,0.3212616822429907,0.42406542056074764,0.17000318807412165,0.18074419753703017
1,JOINT_BIN,-1,20264505,1,history,9-16,214,1698,True,0.3297997644287397,0.31934146890134396,0.34681372549019607,0.010458295527395684,0.0,0.29444502794202365,0.3735331271168867,0.3378399863521318,0.3587916386671759
1,JOINT_BIN,-1,20264505,1,history,17-31,182,1486,True,0.2913862718707941,0.29313864418554986,0.3035130718954248,-0.0017523723147558263,0.0,0.25749105269653216,0.3231023158410052,0.2792877435843227,0.32195343678919386
1,JOINT_BIN,-1,20264505,1,run,1,214,3396,True,0.16607773851590105,0.16226747851793566,0.6936274509803921,0.0038102599979654064,0.0,0.1543515933422704,0.17872165871121717,0.6726274784459803,0.7140285902899237
1,JOINT_BIN,-1,20264505,1,run,2-3,209,832,True,0.6430288461538461,0.6320857352056384,0.16993464052287582,0.010943110948207737,0.0,0.6086302035192223,0.6752789392427545,0.16053295650568267,0.17988079778296928
1,JOINT_BIN,-1,20264505,1,run,4-7,162,557,True,0.7360861759425493,0.7227223568196546,0.11376633986928104,0.013363819122894752,0.0,0.6998034948806513,0.7669686552072801,0.10207325086335446,0.12636127946523137
1,JOINT_BIN,-1,20264505,1,run,8+,45,111,False,0.6126126126126126,0.6585136800529477,0.02267156862745098,-0.04590106744033505,0.0,0.5,0.6917747999029832,0.015601694450478935,0.029172958769987378
1,JOINT_BIN,-1,20264506,0,all,all,1834,41976,True,0.3157518582046884,0.31534139511682147,1.0,0.00041046308786689347,0.0,0.3084458718614332,0.3228497793120781,1.0,1.0
1,JOINT_BIN,-1,20264506,0,history,1-4,1834,7336,True,0.3062977099236641,0.3125960476705362,0.1747665332570993,-0.006298337746872094,0.0,0.29034555616139585,0.32252249182115594,0.17311165033724468,0.17627454235303575
1,JOINT_BIN,-1,20264506,0,history,5-8,1834,7336,True,0.3165212649945474,0.3116000774481964,0.1747665332570993,0.004921187546351002,0.0,0.299594465648855,0.33180207197382766,0.17311165033724468,0.17627454235303575
1,JOINT_BIN,-1,20264506,0,history,9-16,1834,14569,True,0.32198503672180656,0.32094141950361205,0.34707928340003813,0.0010436172181945383,0.0,0.3091691697942261,0.33498032000705447,0.3439881011360897,0.35002592054849013
1,JOINT_BIN,-1,20264506,0,history,17-31,1605,12735,True,0.31362387122104435,0.312671541955599,0.3033876500857633,0.000952329265445404,0.0,0.29895321713533607,0.32732256400801607,0.2974263227435645,0.3097540769512394
1,JOINT_BIN,-1,20264506,0,run,1,1834,29317,True,0.16492137667564893,0.16225814213974496,0.6984229083285687,0.0026632345359039857,0.0,0.16081613992754082,0.16909027542288674,0.691335353322285,0.7053265972766478
1,JOINT_BIN,-1,20264506,0,run,2-3,1788,7193,True,0.639371611288753,0.6401951850007878,0.17135982466171146,-0.0008235737120347797,0.0,0.6290542519362519,0.6500426825926746,0.1681775420154111,0.17456533831869642
1,JOINT_BIN,-1,20264506,0,run,4-7,1401,4534,True,0.7075430083811204,0.7133035263054099,0.10801410329712216,-0.005760517924289494,0.0,0.6945468730688419,0.7182666439499259,0.10423783234271691,0.11230837892984821
1,JOINT_BIN,-1,20264506,0,run,8+,349,932,True,0.6566523605150214,0.6875604016452809,0.022203163712597673,-0.03090804113025936,0.0,0.6251307459399945,0.6853150228150228,0.01945174230161721,0.02470441047645896
1,JOINT_BIN,-1,20264506,1,all,all,214,4896,True,0.3278186274509804,0.32143044830412837,1.0,0.006388179146852011,0.0,0.30692991600252806,0.34625489312203855,1.0,1.0
1,JOINT_BIN,-1,20264506,1,history,1-4,214,856,True,0.32242990654205606,0.31716459251174955,0.17483660130718953,0.005265314030306542,0.0,0.2791471962616823,0.3633177570093458,0.16940096437129684,0.180635504706633
1,JOINT_BIN,-1,20264506,1,history,5-8,214,856,True,0.3294392523364486,0.3327228483120615,0.17483660130718953,-0.0032835959756128755,0.0,0.2838785046728972,0.37383177570093457,0.16940096437129684,0.180635504706633
1,JOINT_BIN,-1,20264506,1,history,9-16,214,1698,True,0.3321554770318021,0.31840609200950437,0.34681372549019607,0.013749385022297741,0.0,0.2979219435671326,0.367126256280319,0.3366414397635524,0.3579888834793898
1,JOINT_BIN,-1,20264506,1,history,17-31,182,1486,True,0.3250336473755047,0.3208386819109636,0.3035130718954248,0.004194965464541121,0.0,0.28289637884158836,0.3664531303304783,0.28078714007511474,0.3244342599090966
1,JOINT_BIN,-1,20264506,1,run,1,214,3363,True,0.17068093963722866,0.16288276136889662,0.6868872549019608,0.007798178268332058,0.0,0.1589367670669803,0.1832924446374294,0.668641931766577,0.7071779267749293
1,JOINT_BIN,-1,20264506,1,run,2-3,209,853,True,0.6365767878077374,0.6352117084465045,0.17422385620915032,0.001365079361232845,0.0,0.6083568985612473,0.6666769041769042,0.16542334202682563,0.18395552731429166
1,JOINT_BIN,-1,20264506,1,run,4-7,164,559,True,0.7280858676207513,0.718808600623894,0.11417483660130719,0.009277266996857438,0.0,0.6904887630956403,0.7625439174352219,0.10225756392968512,0.12536147229602274
1,JOINT_BIN,-1,20264506,1,run,8+,47,121,False,0.6694214876033058,0.6801582922296544,0.0247140522875817,-0.010736804626348611,0.0,0.5578087545596665,0.7428728070175437,0.017006093136047888,0.03288545866091638
1,JOINT_BIN,-1,20264507,0,all,all,1834,41976,True,0.3178006479893272,0.31670641228926866,1.0,0.00109423570005851,0.0,0.3116029805949953,0.32496991064657915,1.0,1.0
1,JOINT_BIN,-1,20264507,0,history,1-4,1834,7336,True,0.3125681570338059,0.31403862132112487,0.1747665332570993,-0.0014704642873189966,0.0,0.2971544438386041,0.3292052889858233,0.1731420912970967,0.17634244478231242
1,JOINT_BIN,-1,20264507,0,history,5-8,1834,7336,True,0.3218375136314068,0.31649671454884304,0.1747665332570993,0.005340799082563741,0.0,0.3064169847328244,0.33929252998909487,0.1731420912970967,0.17634244478231242
1,JOINT_BIN,-1,20264507,0,history,9-16,1834,14569,True,0.3171803143661198,0.3170150798113012,0.34707928340003813,0.0001652345548185653,0.0,0.30471410726837,0.3298403870113579,0.3438636164686143,0.3500201856535265
1,JOINT_BIN,-1,20264507,0,history,17-31,1605,12735,True,0.31919905771495877,0.31801087087093927,0.3033876500857633,0.0011881868440195408,0.0,0.3072261785676044,0.33218569842090667,0.2973870090665287,0.30982032239148316
1,JOINT_BIN,-1,20264507,0,run,1,1834,29235,True,0.16384470668719,0.16231936600996175,0.6964694110920526,0.0015253406772282752,0.0,0.15975593755644713,0.16827995598133907,0.689323665939964,0.7024048671048402
1,JOINT_BIN,-1,20264507,0,run,2-3,1795,7119,True,0.6396965865992414,0.6412035131776022,0.16959691252144082,-0.0015069265783606263,0.0,0.6290887475801311,0.6498834722559089,0.16657834308942662,0.1731340215030684
1,JOINT_BIN,-1,20264507,0,run,4-7,1387,4598,True,0.7203131796433232,0.7132799291149737,0.10953878406708595,0.0070332505283495095,0.0,0.7078207264872577,0.7353754520314827,0.10541258264751076,0.11347192061669673
1,JOINT_BIN,-1,20264507,0,run,8+,376,1024,True,0.66796875,0.6877663794639789,0.02439489231942062,-0.01979762946397889,0.0,0.6362670920071436,0.6962846472845663,0.021871629167691545,0.027403386644707314
1,JOINT_BIN,-1,20264507,1,all,all,214,4896,True,0.3247549019607843,0.31694258747492504,1.0,0.00781231448585928,0.0,0.3012848029648442,0.3485944484790305,1.0,1.0
1,JOINT_BIN,-1,20264507,1,history,1-4,214,856,True,0.30490654205607476,0.30388380953042093,0.17483660130718953,0.0010227325256538077,0.0,0.2616238317757009,0.34816004672897194,0.16956121842835944,0.18021812692845565
1,JOINT_BIN,-1,20264507,1,history,5-8,214,856,True,0.3364485981308411,0.32784404889639923,0.17483660130718953,0.008604549234441886,0.0,0.28849299065420564,0.38434579439252337,0.16956121842835944,0.18021812692845565
1,JOINT_BIN,-1,20264507,1,history,9-16,214,1698,True,0.35630153121319197,0.3331491729582695,0.34681372549019607,0.02315235825492246,0.0,0.31814221661386455,0.39706507027589794,0.3369498204461631,0.35686290801001574
1,JOINT_BIN,-1,20264507,1,history,17-31,182,1486,True,0.2934051144010767,0.299666598775729,0.3035130718954248,-0.006261484374652238,0.0,0.25970185735799517,0.3338282775438814,0.28256135854815345,0.32335462977663
1,JOINT_BIN,-1,20264507,1,run,1,214,3374,True,0.17042086544161233,0.1601450178030294,0.6891339869281046,0.010275847638582938,0.0,0.1566619590637913,0.18407550704009729,0.6657424138080492,0.7127096351964235
1,JOINT_BIN,-1,20264507,1,run,2-3,208,846,True,0.6229314420803782,0.6299234895175211,0.17279411764705882,-0.0069920474371428735,0.0,0.5899472963951936,0.6535726908331877,0.16224323517989195,0.18204313075832043
1,JOINT_BIN,-1,20264507,1,run,4-7,162,531,True,0.7137476459510358,0.7113149576686432,0.10845588235294118,0.002432688282392632,0.0,0.676371384142203,0.7514664168836391,0.09693504573191519,0.12119068690227894
1,JOINT_BIN,-1,20264507,1,run,8+,43,145,False,0.7517241379310344,0.6951593348685476,0.029616013071895424,0.05656480306248683,0.0,0.6694905707610147,0.815717717891568,0.019748823436812994,0.04169764943204495
1,JOINT_BIN,-1,20264508,0,all,all,1834,41976,True,0.31239279588336194,0.31401447244026837,1.0,-0.001621676556906454,0.0,0.3047627302059971,0.31956293764034416,1.0,1.0
1,JOINT_BIN,-1,20264508,0,history,1-4,1834,7336,True,0.3249727371864776,0.3197050697601042,0.1747665332570993,0.005267667426373467,0.0,0.3076608505997819,0.34064885496183206,0.17282596763794467,0.17643129469163094
1,JOINT_BIN,-1,20264508,0,history,5-8,1834,7336,True,0.3099781897491821,0.31626555132139933,0.1747665332570993,-0.0062873615722172475,0.0,0.2931979280261723,0.32702767175572517,0.17282596763794467,0.17643129469163094
1,JOINT_BIN,-1,20264508,0,history,9-16,1834,14569,True,0.3057862584940627,0.30883289659374236,0.34707928340003813,-0.003046638099679658,0.0,0.2952105989956693,0.31855252485699953,0.3435699244225944,0.35010215118375193
1,JOINT_BIN,-1,20264508,0,history,17-31,1605,12735,True,0.3140950137416568,0.3153674557066794,0.3033876500857633,-0.0012724419650225667,0.0,0.3011131341933738,0.3272479262164962,0.2970618154606497,0.3108832093078952
1,JOINT_BIN,-1,20264508,0,run,1,1834,29440,True,0.15828804347826086,0.16173610474622704,0.7013531541833429,-0.0034480612679661732,0.0,0.15406222519221546,0.1622008781148161,0.6943841665247987,0.7086679243310727
1,JOINT_BIN,-1,20264508,0,run,2-3,1780,6955,True,0.6475916606757728,0.6419798966390708,0.1656899180484086,0.005611764036701963,0.0,0.6347898342704261,0.6587105470503505,0.1625417874555049,0.16912152919353188
1,JOINT_BIN,-1,20264508,0,run,4-7,1394,4557,True,0.7094579767390827,0.7129423938804123,0.1085620354488279,-0.003484417141329513,0.0,0.697113943768808,0.7211145073087559,0.10439532757958904,0.11269698585619381
1,JOINT_BIN,-1,20264508,0,run,8+,346,1024,True,0.69921875,0.6891717786972703,0.02439489231942062,0.010046971302729718,0.0,0.6684186608505233,0.7269056261343012,0.021285034887391696,0.02747083605033739
1,JOINT_BIN,-1,20264508,1,all,all,214,4896,True,0.3069852941176471,0.31102075730612055,1.0,-0.004035463188473507,0.0,0.28672142529702127,0.32393414821868843,1.0,1.0
1,JOINT_BIN,-1,20264508,1,history,1-4,214,856,True,0.28154205607476634,0.2916614540438379,0.17483660130718953,-0.010119397969071587,0.0,0.2394567757009346,0.32593457943925236,0.17048396733718382,0.17956786238724565
1,JOINT_BIN,-1,20264508,1,history,5-8,214,856,True,0.3107476635514019,0.30425020113862866,0.17483660130718953,0.006497462412773197,0.0,0.26401869158878505,0.3575058411214953,0.17048396733718382,0.17956786238724565
1,JOINT_BIN,-1,20264508,1,history,9-16,214,1698,True,0.32685512367491165,0.3272420803681024,0.34681372549019607,-0.0003869566931907279,0.0,0.290746457617635,0.36220957181459157,0.3387126550545127,0.3559582650092568
1,JOINT_BIN,-1,20264508,1,history,17-31,182,1486,True,0.29676985195154776,0.30753714567263596,0.3035130718954248,-0.010767293721088162,0.0,0.2612014153515737,0.3328994349547406,0.2851799169151303,0.3199880269614032
1,JOINT_BIN,-1,20264508,1,run,1,214,3465,True,0.15757575757575756,0.16331093459698423,0.7077205882352942,-0.005735177021226676,0.0,0.14592599396743075,0.16818022013909487,0.6919589185146672,0.7278735544092434
1,JOINT_BIN,-1,20264508,1,run,2-3,213,825,True,0.6618181818181819,0.6422568079931733,0.16850490196078433,0.019561373825008534,0.0,0.6305224842324466,0.6926919927472656,0.15892773015946843,0.17706716738330958
1,JOINT_BIN,-1,20264508,1,run,4-7,157,521,True,0.6890595009596929,0.7118615364706461,0.10641339869281045,-0.022802035510953264,0.0,0.6456937690462297,0.7257477732306211,0.09400895942739657,0.1162731795967796
1,JOINT_BIN,-1,20264508,1,run,8+,34,85,False,0.611764705882353,0.6605119093722498,0.017361111111111112,-0.048747203489896994,0.0,0.520486053804258,0.6827083333333334,0.011007512850019375,0.023563736436590266
1,JOINT_BIN,-1,20264509,0,all,all,1834,41976,True,0.3153468648751668,0.3158428992354817,1.0,-0.000496034360314978,0.0,0.30859514856850123,0.32357484370954354,1.0,1.0
1,JOINT_BIN,-1,20264509,0,history,1-4,1834,7336,True,0.31297709923664124,0.31724143850008574,0.1747665332570993,-0.004264339263444541,0.0,0.2989265267175572,0.3286600327153762,0.17312492736056076,0.1765930020865882
1,JOINT_BIN,-1,20264509,0,history,5-8,1834,7336,True,0.30861504907306436,0.3093924900286006,0.1747665332570993,-0.0007774409555362265,0.0,0.29293211559432936,0.3222634950926936,0.17312492736056076,0.1765930020865882
1,JOINT_BIN,-1,20264509,0,history,9-16,1834,14569,True,0.32198503672180656,0.31719376327887,0.34707928340003813,0.004791273442936581,0.0,0.30915750436054995,0.3361054221122985,0.3440776795529028,0.35041650769912513
1,JOINT_BIN,-1,20264509,0,history,17-31,1605,12735,True,0.312995681193561,0.3172076247673562,0.3033876500857633,-0.004211943573795186,0.0,0.30103586996634796,0.3259120153434889,0.29639762168407874,0.309663899510929
1,JOINT_BIN,-1,20264509,0,run,1,1834,29288,True,0.16218246380770282,0.16237656176827192,0.6977320373546788,-0.0001940979605691019,0.0,0.15799686190280327,0.16674374813866033,0.6900729188734661,0.7041859975451439
1,JOINT_BIN,-1,20264509,0,run,2-3,1784,7095,True,0.6400281888653981,0.6396548345220331,0.1690251572327044,0.0003733543433651359,0.0,0.6294376432474338,0.6511650205974219,0.16554579338392,0.17256932373114725
1,JOINT_BIN,-1,20264509,0,run,4-7,1388,4631,True,0.7158281148779961,0.7130504620523292,0.11032494758909853,0.0027776528256668654,0.0,0.7019732513636495,0.7278585720525287,0.10643773950398198,0.11434755877374791
1,JOINT_BIN,-1,20264509,0,run,8+,355,962,True,0.6559251559251559,0.6877848820595349,0.0229178578235182,-0.031859726134379,0.0,0.6229452309985097,0.6854932405780471,0.020248357177181115,0.02582284052189935
1,JOINT_BIN,-1,20264509,1,all,all,214,4896,True,0.318218954248366,0.318370960484308,1.0,-0.00015200623594198464,0.0,0.2966637583215655,0.3402905208884188,1.0,1.0
1,JOINT_BIN,-1,20264509,1,history,1-4,214,856,True,0.3072429906542056,0.31026960195190934,0.17483660130718953,-0.0030266112977037174,0.0,0.26509929906542057,0.35400116822429906,0.1698370616829487,0.17975829306943272
1,JOINT_BIN,-1,20264509,1,history,5-8,214,856,True,0.3247663551401869,0.3203730465280524,0.17483660130718953,0.0043933086121344936,0.0,0.2815128504672897,0.375,0.1698370616829487,0.17975829306943272
1,JOINT_BIN,-1,20264509,1,history,9-16,214,1698,True,0.3339222614840989,0.3300416380028306,0.34681372549019607,0.003880623481268347,0.0,0.3033335674486117,0.373103661784195,0.3374965931615461,0.35627843650674934
1,JOINT_BIN,-1,20264509,1,history,17-31,182,1486,True,0.3028263795423957,0.3085487308906584,0.3035130718954248,-0.005722351348262697,0.0,0.26045099160945845,0.34062229717620657,0.2844897104578391,0.3229782992669931
1,JOINT_BIN,-1,20264509,1,run,1,214,3401,True,0.15965892384592767,0.16419516321527727,0.6946486928104575,-0.004536239369349605,0.0,0.1482208894216591,0.17162718067635968,0.6732086283272719,0.7154577702608839
1,JOINT_BIN,-1,20264509,1,run,2-3,208,810,True,0.6172839506172839,0.6348739660627353,0.16544117647058823,-0.01759001544545133,0.0,0.5862338351407881,0.6441541741859292,0.15655769485196838,0.17507431815257218
1,JOINT_BIN,-1,20264509,1,run,4-7,151,514,True,0.754863813229572,0.7113853144697457,0.10498366013071896,0.04347849875982639,0.0,0.7162404406716433,0.7899868146874963,0.09400838339408966,0.1158471517792785
1,JOINT_BIN,-1,20264509,1,run,8+,53,171,False,0.7426900584795322,0.7041901069459015,0.034926470588235295,0.03849995153363073,0.0,0.6780572203196348,0.7974702958763688,0.025001386626684604,0.047224199877200015
1,JOINT_BIN,-1,20264510,0,all,all,1834,41976,True,0.31432246998284735,0.3146991495863759,1.0,-0.00037667960352859634,0.0,0.30755081058698885,0.3210035658134004,1.0,1.0
1,JOINT_BIN,-1,20264510,0,history,1-4,1834,7336,True,0.31706652126499457,0.31483027658076135,0.1747665332570993,0.002236244684233229,0.0,0.30206856597600873,0.33410577971646677,0.17305937771743854,0.17663137542607005
1,JOINT_BIN,-1,20264510,0,history,5-8,1834,7336,True,0.3112050163576881,0.3164567280315785,0.1747665332570993,-0.005251711673890427,0.0,0.29606733914940025,0.32879634678298797,0.17305937771743854,0.17663137542607005
1,JOINT_BIN,-1,20264510,0,history,9-16,1834,14569,True,0.3158075365502093,0.31493524041972726,0.34707928340003813,0.0008722961304821114,0.0,0.3044237027093177,0.3280499748718584,0.34376852158184973,0.350585686814234
1,JOINT_BIN,-1,20264510,0,history,17-31,1605,12735,True,0.31283863368669024,0.3133410694563475,0.3033876500857633,-0.0005024357696572477,0.0,0.2996059250414769,0.32553304123856697,0.2960687408083467,0.3100518580011688
1,JOINT_BIN,-1,20264510,0,run,1,1834,29363,True,0.16210877635119028,0.16220506264730641,0.6995187726319801,-9.628629611614233e-05,0.0,0.157998792921567,0.1660957641417319,0.6927827158994432,0.7059960121929313
1,JOINT_BIN,-1,20264510,0,run,2-3,1782,7058,True,0.6387078492490791,0.6391115726755465,0.16814370116256908,-0.00040372342646755147,0.0,0.6274508312231896,0.6497720400058306,0.16515371431695933,0.17131014860377586
1,JOINT_BIN,-1,20264510,0,run,4-7,1370,4535,True,0.7071664829106946,0.712939580365874,0.10803792643415285,-0.00577309745517938,0.0,0.6942416333219145,0.7199290508658741,0.10425932826699592,0.11163693530713506
1,JOINT_BIN,-1,20264510,0,run,8+,340,1020,True,0.7049019607843138,0.6891703643349134,0.024299599771297885,0.015731596449400406,0.0,0.6749851476387906,0.7322741437224297,0.02127736307990105,0.0273339177490522
1,JOINT_BIN,-1,20264510,1,all,all,214,4896,True,0.31086601307189543,0.3108934734737531,1.0,-2.7460401857701102e-05,0.0,0.2889273170731707,0.33302360773561857,1.0,1.0
1,JOINT_BIN,-1,20264510,1,history,1-4,214,856,True,0.316588785046729,0.3190326331577395,0.17483660130718953,-0.0024438481110104905,0.0,0.272196261682243,0.3621495327102804,0.16986908377045096,0.18105002690022431
1,JOINT_BIN,-1,20264510,1,history,5-8,214,856,True,0.3130841121495327,0.3124193941635794,0.17483660130718953,0.0006647179859532832,0.0,0.26749415887850464,0.35870327102803734,0.16986908377045096,0.18105002690022431
1,JOINT_BIN,-1,20264510,1,history,9-16,214,1698,True,0.29034157832744406,0.29234831866906646,0.34681372549019607,-0.002006740341622416,0.0,0.2604416502766532,0.32547204515419725,0.33762555391549,0.358548380509455
1,JOINT_BIN,-1,20264510,1,history,17-31,182,1486,True,0.3297442799461642,0.3265168678602769,0.3035130718954248,0.0032274120858872993,0.0,0.28811625546287933,0.37102806680573924,0.2790285658726179,0.32302943697896
1,JOINT_BIN,-1,20264510,1,run,1,214,3441,True,0.16070909619296717,0.1610217868141001,0.7028186274509803,-0.00031269062113291633,0.0,0.14906440155414724,0.17306026534905666,0.6811056803761308,0.7242027434087606
1,JOINT_BIN,-1,20264510,1,run,2-3,212,840,True,0.6488095238095238,0.6450677172083411,0.1715686274509804,0.0037418066011827913,0.0,0.6199653802497163,0.6795943537078983,0.16211226284931515,0.18174767361210756
1,JOINT_BIN,-1,20264510,1,run,4-7,161,515,True,0.6912621359223301,0.694100523063088,0.10518790849673203,-0.0028383871407578983,0.0,0.6495721726190476,0.7280840344355313,0.09296519508958884,0.1167981627709577
1,JOINT_BIN,-1,20264510,1,run,8+,40,100,False,0.68,0.6873982586768017,0.02042483660130719,-0.007398258676801634,0.0,0.5588139801375096,0.75005,0.013628783921255945,0.028308908793154768
1,JOINT_BIN,-1,20264511,0,all,all,1834,41976,True,0.31353630646083475,0.31484470123190067,1.0,-0.001308394771065907,0.0,0.3060504093266979,0.32123371552314584,1.0,1.0
1,JOINT_BIN,-1,20264511,0,history,1-4,1834,7336,True,0.31284078516902947,0.31475087326237944,0.1747665332570993,-0.0019100880933499837,0.0,0.29716466739367503,0.3279818702290076,0.1730916359265928,0.17650749272871463
1,JOINT_BIN,-1,20264511,0,history,5-8,1834,7336,True,0.31284078516902947,0.31495771093883645,0.1747665332570993,-0.0021169257698070015,0.0,0.2963399672846238,0.32851690294438385,0.1730916359265928,0.17650749272871463
1,JOINT_BIN,-1,20264511,0,history,9-16,1834,14569,True,0.30921820303383896,0.3121765128462254,0.34707928340003813,-0.002958309812386408,0.0,0.29722577846650666,0.32048552698303695,0.34368286495760747,0.35025447007357796
1,JOINT_BIN,-1,20264511,0,history,17-31,1605,12735,True,0.3192775814683942,0.3178860926229671,0.3033876500857633,0.0013914888454271467,0.0,0.3068187665404139,0.3322619085413785,0.2966204648224145,0.31013202556072794
1,JOINT_BIN,-1,20264511,0,run,1,1834,29394,True,0.16377492005171124,0.16259297980693196,0.7002572898799314,0.0011819402447792882,0.0,0.1596902391807153,0.1678546713997322,0.6928893839763388,0.7074077298786443
1,JOINT_BIN,-1,20264511,0,run,2-3,1793,7138,True,0.6407957411039507,0.6412470934789533,0.17004955212502382,-0.00045135237500261254,0.0,0.6292992639253804,0.6520228644717889,0.16632963064738635,0.17298086416761457
1,JOINT_BIN,-1,20264511,0,run,4-7,1401,4494,True,0.696706720071206,0.7133864384431859,0.1070611778158948,-0.016679718371979884,0.0,0.683448921678016,0.7100935177974478,0.10310760347254992,0.1109522162946914
1,JOINT_BIN,-1,20264511,0,run,8+,342,950,True,0.6757894736842105,0.6878765503672196,0.02263198017914999,-0.012087076683009134,0.0,0.6464429647628709,0.702702547647512,0.020176186395413943,0.025694447635250754
1,JOINT_BIN,-1,20264511,1,all,all,214,4896,True,0.3090277777777778,0.31022761215650285,1.0,-0.0011998343787251126,0.0,0.28902977558976567,0.3291116370797828,1.0,1.0
1,JOINT_BIN,-1,20264511,1,history,1-4,214,856,True,0.286214953271028,0.30358166045038754,0.17483660130718953,-0.017366707179359522,0.0,0.2441588785046729,0.33066588785046724,0.1697057411134838,0.1803282173265572
1,JOINT_BIN,-1,20264511,1,history,5-8,214,856,True,0.3107476635514019,0.305931494572923,0.17483660130718953,0.004816168978478892,0.0,0.2627628504672897,0.3528329439252336,0.1697057411134838,0.1803282173265572
1,JOINT_BIN,-1,20264511,1,history,9-16,214,1698,True,0.31095406360424027,0.31564448300938913,0.34681372549019607,-0.004690419405148844,0.0,0.27505488801806244,0.3450515190917877,0.3375562090057573,0.3565612231554715
1,JOINT_BIN,-1,20264511,1,history,17-31,182,1486,True,0.3189771197846568,0.31034104728690554,0.3035130718954248,0.00863607249775128,0.0,0.2850363520913236,0.35653727931788853,0.28268378747431344,0.3230937718346146
1,JOINT_BIN,-1,20264511,1,run,1,214,3458,True,0.16020821283979178,0.1613229270471896,0.7062908496732027,-0.0011147142073977979,0.0,0.14941676938339898,0.17081442235507052,0.6873524141675759,0.7259400883402637
1,JOINT_BIN,-1,20264511,1,run,2-3,208,829,True,0.6537997587454765,0.6390669567015557,0.1693218954248366,0.014732802043920766,0.0,0.622991347342398,0.6861332746035742,0.15988733820316745,0.17853678526784314
1,JOINT_BIN,-1,20264511,1,run,4-7,162,519,True,0.7090558766859345,0.7062333617200878,0.10600490196078431,0.0028225149658466704,0.0,0.6723033268101761,0.7467440799173546,0.09581222687255865,0.11607355528365816
1,JOINT_BIN,-1,20264511,1,run,8+,45,90,False,0.5444444444444444,0.718867617230459,0.01838235294117647,-0.17442317278601444,0.0,0.4305555555555556,0.6485001474056603,0.012533527371240865,0.024747104515134122
1,JOINT_BIN,-1,20264512,0,all,all,1834,41976,True,0.3177291785782352,0.31661143551352877,1.0,0.0011177430647064067,0.0,0.31070640607075145,0.3250289529950734,1.0,1.0
1,JOINT_BIN,-1,20264512,0,history,1-4,1834,7336,True,0.3112050163576881,0.3145406865579722,0.1747665332570993,-0.0033356702002840357,0.0,0.29538917666303166,0.3262131952017448,0.17297470889053954,0.176501017513508
1,JOINT_BIN,-1,20264512,0,history,5-8,1834,7336,True,0.3212922573609597,0.3177510697062121,0.1747665332570993,0.003541187654747556,0.0,0.306979280261723,0.3379259814612868,0.17297470889053954,0.176501017513508
1,JOINT_BIN,-1,20264512,0,history,9-16,1834,14569,True,0.3262406479511291,0.321592233934225,0.34707928340003813,0.004648414016904121,0.0,0.31438328690269324,0.33940119905565924,0.3436916585116636,0.3505202885189291
1,JOINT_BIN,-1,20264512,0,history,17-31,1605,12735,True,0.30969768354927363,0.3114497084392701,0.3033876500857633,-0.0017520248899964227,0.0,0.297419375442479,0.32331510534529373,0.29647767645405493,0.3103570801808212
1,JOINT_BIN,-1,20264512,0,run,1,1834,29238,True,0.16382789520487037,0.16271731215034874,0.6965408805031447,0.0011105830545216084,0.0,0.15962469514057656,0.16814603958934224,0.6894078262606537,0.7033972908610668
1,JOINT_BIN,-1,20264512,0,run,2-3,1791,7109,True,0.6303277535518357,0.6398477195351022,0.16935868115113398,-0.00951996598326657,0.0,0.6197380894925101,0.6418843687580427,0.1660339211559668,0.17285000907719228
1,JOINT_BIN,-1,20264512,0,run,4-7,1344,4496,True,0.7308718861209964,0.7127112217964948,0.10710882408995616,0.01816066432450152,0.0,0.718034094751588,0.744294200637419,0.10337355593216718,0.11097760546308408
1,JOINT_BIN,-1,20264512,0,run,8+,395,1133,True,0.6884377758164166,0.6880191995515477,0.026991614255765198,0.000418576264868942,0.0,0.6589536139565896,0.7107453168065719,0.023806161933401012,0.030047191599344776
1,JOINT_BIN,-1,20264512,1,all,all,214,4896,True,0.3116830065359477,0.3191061968480987,1.0,-0.007423190312151042,0.0,0.2927617453129548,0.32888344975374323,1.0,1.0
1,JOINT_BIN,-1,20264512,1,history,1-4,214,856,True,0.316588785046729,0.32213659989874655,0.17483660130718953,-0.00554781485201754,0.0,0.2651869158878505,0.35864485981308414,0.169665389805953,0.18032536529603144
1,JOINT_BIN,-1,20264512,1,history,5-8,214,856,True,0.2967289719626168,0.3107836592435563,0.17483660130718953,-0.014054687280939417,0.0,0.2523364485981308,0.3446553738317757,0.169665389805953,0.18032536529603144
1,JOINT_BIN,-1,20264512,1,history,9-16,214,1698,True,0.33568904593639576,0.3359083440779442,0.34681372549019607,-0.0002192981415484545,0.0,0.2992856863746612,0.3729555987091448,0.33669434559114275,0.3567175796408266
1,JOINT_BIN,-1,20264512,1,history,17-31,182,1486,True,0.29004037685060563,0.30295547086011515,0.3035130718954248,-0.01291509400950947,0.0,0.2560053585517665,0.3217808569060097,0.2826905526244046,0.3236930220607258
1,JOINT_BIN,-1,20264512,1,run,1,214,3436,True,0.1548311990686845,0.16449583187577424,0.701797385620915,-0.009664632807089719,0.0,0.14488399662614554,0.16657017022961204,0.6845650524168231,0.7201662827928198
1,JOINT_BIN,-1,20264512,1,run,2-3,209,821,True,0.6784409257003654,0.6610199339429237,0.167687908496732,0.017420991757441683,0.0,0.6423923303338402,0.7102770032639985,0.1593369977818482,0.1762785624110299
1,JOINT_BIN,-1,20264512,1,run,4-7,167,554,True,0.6967509025270758,0.711863755934625,0.11315359477124183,-0.015112853407549162,0.0,0.660473874117748,0.7341848537756438,0.10203970084557719,0.12349488730092412
1,JOINT_BIN,-1,20264512,1,run,8+,37,85,False,0.6,0.7066632339789248,0.017361111111111112,-0.10666323397892483,0.0,0.4714075630252101,0.6887386869151709,0.011150245292217685,0.023532827725724174
1,JOINT_BIN,-1,20264513,0,all,all,1834,41976,True,0.3167762530970078,0.31642525532471383,1.0,0.00035099777229406694,0.0,0.3101997402371817,0.32390590225822036,1.0,1.0
1,JOINT_BIN,-1,20264513,0,history,1-4,1834,7336,True,0.3137949836423119,0.31480225166932,0.1747665332570993,-0.001007268027008115,0.0,0.29892993456924755,0.3290723827699018,0.17319369567340417,0.17659353367104816
1,JOINT_BIN,-1,20264513,0,history,5-8,1834,7336,True,0.31161395856052343,0.31569277454612915,0.1747665332570993,-0.004078815985605669,0.0,0.2962104689203926,0.3253884950926935,0.17319369567340417,0.17659353367104816
1,JOINT_BIN,-1,20264513,0,history,9-16,1834,14569,True,0.31649392545816457,0.3145350822348194,0.34707928340003813,0.001958843223345197,0.0,0.3037752974145125,0.32825936147753715,0.3440751064569992,0.3504545997597904
1,JOINT_BIN,-1,20264513,0,history,17-31,1605,12735,True,0.3217903415783274,0.31994451449662864,0.3033876500857633,0.001845827081698805,0.0,0.30810648047069694,0.3344942379121569,0.29618295982297416,0.3096398379362903
1,JOINT_BIN,-1,20264513,0,run,1,1834,29242,True,0.1627111688666986,0.1622622209485823,0.6966361730512673,0.0004489479181162776,0.0,0.1586380435867468,0.16702064998061394,0.6898238546500062,0.7031997604549307
1,JOINT_BIN,-1,20264513,0,run,2-3,1786,7079,True,0.641192258793615,0.6401384763665957,0.16864398704021347,0.001053782427019137,0.0,0.6308150979718253,0.652776357916112,0.16552579675846335,0.17235184991534905
1,JOINT_BIN,-1,20264513,0,run,4-7,1400,4608,True,0.7107204861111112,0.712924699218619,0.1097770154373928,-0.0022042131075079158,0.0,0.6975540061118851,0.7218184754521964,0.10652952792425016,0.11349929890978952
1,JOINT_BIN,-1,20264513,0,run,8+,367,1047,True,0.6924546322827125,0.6883451426296202,0.02494282447112636,0.0041094896530922366,0.0,0.6617993188712219,0.7183322898293141,0.02182964817058826,0.028089667066250466
1,JOINT_BIN,-1,20264513,1,all,all,214,4896,True,0.30249183006535946,0.30521532768346055,1.0,-0.002723497618101054,0.0,0.2815770109356015,0.3233638491513071,1.0,1.0
1,JOINT_BIN,-1,20264513,1,history,1-4,214,856,True,0.2932242990654206,0.3038143367592771,0.17483660130718953,-0.010590037693856523,0.0,0.24763434579439253,0.3399532710280374,0.17014256543873751,0.18036431140379863
1,JOINT_BIN,-1,20264513,1,history,5-8,214,856,True,0.29439252336448596,0.3037479187138243,0.17483660130718953,-0.009355395349338262,0.0,0.24997079439252337,0.3411214953271028,0.17014256543873751,0.18036431140379863
1,JOINT_BIN,-1,20264513,1,history,9-16,214,1698,True,0.2832744405182568,0.2894482417587021,0.34681372549019607,-0.006173801240445311,0.0,0.24526824575955225,0.3168440721836874,0.3380482618010602,0.35750686800228265
1,JOINT_BIN,-1,20264513,1,history,17-31,182,1486,True,0.3344549125168237,0.324884144782619,0.3035130718954248,0.009570767734204648,0.0,0.28684592737643044,0.37599081225375364,0.28160290291241746,0.3216147203732255
1,JOINT_BIN,-1,20264513,1,run,1,214,3489,True,0.15677844654628834,0.15962373397926613,0.7126225490196079,-0.002845287432977788,0.0,0.14407607138577005,0.17048074795367835,0.6927335935905926,0.7318936757253891
1,JOINT_BIN,-1,20264513,1,run,2-3,208,801,True,0.6329588014981273,0.6346848145801443,0.1636029411764706,-0.0017260130820168885,0.0,0.6028490784756858,0.6650514252153242,0.15419803711118638,0.17221373380898097
1,JOINT_BIN,-1,20264513,1,run,4-7,160,519,True,0.7129094412331407,0.7052601082003042,0.10600490196078431,0.0076493330328365056,0.0,0.6659728847748966,0.7521388796636347,0.09460395449817365,0.1179899498297565
1,JOINT_BIN,-1,20264513,1,run,8+,40,87,False,0.6551724137931034,0.7240747568955159,0.017769607843137254,-0.06890234310241238,0.0,0.5384375,0.7404017857142857,0.011874905925233664,0.02418793578398105
1,JOINT_BIN,-1,20264514,0,all,all,1834,41976,True,0.3079616923956547,0.311961645063863,1.0,-0.0039999526682083005,0.0,0.3014267654322095,0.3157393186344938,1.0,1.0
1,JOINT_BIN,-1,20264514,0,history,1-4,1834,7336,True,0.30493456924754636,0.3096534894996849,0.1747665332570993,-0.0047189202521385615,0.0,0.2899297982551799,0.32184092148309706,0.17289622987689415,0.17652957931381102
1,JOINT_BIN,-1,20264514,0,history,5-8,1834,7336,True,0.32142857142857145,0.319468096830356,0.1747665332570993,0.0019604745982154392,0.0,0.3066691657579062,0.33738072519083967,0.17289622987689415,0.17652957931381102
1,JOINT_BIN,-1,20264514,0,history,9-16,1834,14569,True,0.30647264740201796,0.3109699353030005,0.34707928340003813,-0.004497287900982489,0.0,0.29539591052559355,0.319012625557817,0.3437399273879278,0.350343327132083
1,JOINT_BIN,-1,20264514,0,history,17-31,1605,12735,True,0.3036513545347468,0.3101016936359732,0.3033876500857633,-0.0064503391012263635,0.0,0.2919522219321986,0.3170597443515168,0.2965234283890432,0.3103270495708033
1,JOINT_BIN,-1,20264514,0,run,1,1834,29615,True,0.15954752659125443,0.16245844661651504,0.7055222031637126,-0.0029109200252606117,0.0,0.15541590264654118,0.16376721723745763,0.6982583186492235,0.7120560638869791
1,JOINT_BIN,-1,20264514,0,run,2-3,1766,7012,True,0.6373359954363947,0.640918303208087,0.1670478368591576,-0.0035823077716921827,0.0,0.6257962768553762,0.6493569244260151,0.16385926642948026,0.17043136568252348
1,JOINT_BIN,-1,20264514,0,run,4-7,1344,4437,True,0.7049808429118773,0.7127357414720265,0.1057032590051458,-0.007754898560149108,0.0,0.6919595546058488,0.7175326524272994,0.10176498813107088,0.11034350873305815
1,JOINT_BIN,-1,20264514,0,run,8+,340,912,True,0.6633771929824561,0.6876836509277757,0.02172670097198399,-0.024306457945319562,0.0,0.631291866377238,0.6904875219964806,0.019257713581430805,0.024597540448239464
1,JOINT_BIN,-1,20264514,1,all,all,214,4896,True,0.2949346405228758,0.3046042692862901,1.0,-0.009669628763414269,0.0,0.271649948230903,0.31421236201850367,1.0,1.0
1,JOINT_BIN,-1,20264514,1,history,1-4,214,856,True,0.3142523364485981,0.3245772138998612,0.17483660130718953,-0.010324877451263086,0.0,0.26869158878504673,0.3645151869158878,0.1695964850139805,0.17983193277310924
1,JOINT_BIN,-1,20264514,1,history,5-8,214,856,True,0.2628504672897196,0.2905655400292192,0.17483660130718953,-0.027715072739499594,0.0,0.2161214953271028,0.3107476635514019,0.1695964850139805,0.17983193277310924
1,JOINT_BIN,-1,20264514,1,history,9-16,214,1698,True,0.2868080094228504,0.29098734637650103,0.34681372549019607,-0.004179336953650631,0.0,0.24749193650820092,0.32566852294929527,0.3370118282028498,0.3562034307889066
1,JOINT_BIN,-1,20264514,1,history,17-31,182,1486,True,0.31157469717362046,0.3167454851380112,0.3035130718954248,-0.005170787964390736,0.0,0.2736063836292114,0.35185097269648097,0.2845032742429746,0.3238051756506809
1,JOINT_BIN,-1,20264514,1,run,1,214,3511,True,0.15494161207633153,0.16224580930751376,0.7171160130718954,-0.0073041972311822315,0.0,0.14326043502469712,0.1675301801901889,0.6971194764374868,0.7386381296386995
1,JOINT_BIN,-1,20264514,1,run,2-3,203,776,True,0.5979381443298969,0.6327491032082808,0.15849673202614378,-0.034810958878383896,0.0,0.5649839562525422,0.6316561848792408,0.14962438189425636,0.16787517458795592
1,JOINT_BIN,-1,20264514,1,run,4-7,142,486,True,0.7325102880658436,0.7107219551882761,0.09926470588235294,0.021788332877567505,0.0,0.6963251874401037,0.7694477149051646,0.08813329520000368,0.11068782805183669
1,JOINT_BIN,-1,20264514,1,run,8+,44,123,False,0.6504065040650406,0.6932787937875394,0.025122549019607844,-0.04287228972249883,0.0,0.539304235090752,0.730443143812709,0.01690252584438249,0.036522445493320184
1,JOINT_BIN,-1,20264515,0,all,all,1834,41976,True,0.31353630646083475,0.3142196414082123,1.0,-0.0006833349473775312,0.0,0.3068291796343525,0.32156164787845465,1.0,1.0
1,JOINT_BIN,-1,20264515,0,history,1-4,1834,7336,True,0.3107960741548528,0.3124420893615861,0.1747665332570993,-0.0016460152067332742,0.0,0.29508928571428567,0.32731052344601963,0.1730136655567935,0.17656441959675748
1,JOINT_BIN,-1,20264515,0,history,5-8,1834,7336,True,0.31720283533260635,0.3162362525637206,0.1747665332570993,0.0009665827688856714,0.0,0.3026035986913849,0.3345181297709924,0.1730136655567935,0.17656441959675748
1,JOINT_BIN,-1,20264515,0,history,9-16,1834,14569,True,0.3108655364129316,0.31469387732100057,0.34707928340003813,-0.00382834090806898,0.0,0.2987677340238208,0.32378692226539113,0.34365085947690593,0.3504794544797153
1,JOINT_BIN,-1,20264515,0,history,17-31,1605,12735,True,0.3160581075775422,0.3135393995050971,0.3033876500857633,0.002518708072445051,0.0,0.30168657023693124,0.32826034413563965,0.29632396398807465,0.3103693890607776
1,JOINT_BIN,-1,20264515,0,run,1,1834,29427,True,0.16036293200122337,0.16214497905724046,0.701043453401944,-0.0017820470560171015,0.0,0.15667155435835606,0.1641649319211141,0.6931872680933493,0.7075741877303303
1,JOINT_BIN,-1,20264515,0,run,2-3,1790,7030,True,0.6452347083926031,0.6411267372416772,0.16747665332570993,0.0041079711509258475,0.0,0.6349557270395811,0.6564295581435009,0.16446411453277449,0.17024465298786345
1,JOINT_BIN,-1,20264515,0,run,4-7,1367,4474,True,0.7141260616897631,0.7132617155201474,0.10658471507528111,0.0008643461696155937,0.0,0.7024091723181451,0.7263350023437166,0.10295580819441158,0.11108728013089027
1,JOINT_BIN,-1,20264515,0,run,8+,361,1045,True,0.6803827751196172,0.6889851588397827,0.02489517819706499,-0.008602383720165429,0.0,0.6541653245787908,0.7060471176717504,0.02195121125760684,0.02796221432797639
1,JOINT_BIN,-1,20264515,1,all,all,214,4896,True,0.31004901960784315,0.3126844952862825,1.0,-0.0026354756784393403,0.0,0.2901275548970443,0.3314659558851529,1.0,1.0
1,JOINT_BIN,-1,20264515,1,history,1-4,214,856,True,0.338785046728972,0.32363310683834046,0.17483660130718953,0.015151939890631494,0.0,0.2919976635514019,0.3866822429906542,0.17034741137131693,0.17987444996054242
1,JOINT_BIN,-1,20264515,1,history,5-8,214,856,True,0.286214953271028,0.30332495701081263,0.17483660130718953,-0.017110003739784562,0.0,0.24646612149532712,0.33063668224299064,0.17034741137131693,0.17987444996054242
1,JOINT_BIN,-1,20264515,1,history,9-16,214,1698,True,0.31507656065959955,0.3133883944016415,0.34681372549019607,0.0016881662579580387,0.0,0.276844746162928,0.35136249980092055,0.3382407809483919,0.35604231097773414
1,JOINT_BIN,-1,20264515,1,history,17-31,182,1486,True,0.30148048452220727,0.31096479984709063,0.3035130718954248,-0.009484315324883396,0.0,0.2652590012747266,0.3398072811341422,0.28406382695455745,0.3211317210208409
1,JOINT_BIN,-1,20264515,1,run,1,214,3445,True,0.15994194484760524,0.16370011803304335,0.7036356209150327,-0.0037581731854381185,0.0,0.14888675133937793,0.1711733912489874,0.6833977936117314,0.7219396109911268
1,JOINT_BIN,-1,20264515,1,run,2-3,207,813,True,0.6334563345633456,0.6386937685678179,0.16605392156862744,-0.005237434004472324,0.0,0.6002299528301887,0.6688534571519087,0.15790673721846274,0.17456369249815443
1,JOINT_BIN,-1,20264515,1,run,4-7,157,529,True,0.7315689981096408,0.7095704118246126,0.10804738562091504,0.02199858628502815,0.0,0.6897810218978102,0.7697881768796465,0.09668219094856009,0.11990792000041887
1,JOINT_BIN,-1,20264515,1,run,8+,46,109,False,0.5963302752293578,0.6636293632747576,0.022263071895424837,-0.06729908804539989,0.0,0.5,0.682719017094017,0.015371592818986281,0.02991647897396948
1,JOINT_BIN,-1,20264516,0,all,all,1834,41976,True,0.31265485039069946,0.3144030735633777,1.0,-0.001748223172678203,0.0,0.3058744890598886,0.319852584002372,1.0,1.0
1,JOINT_BIN,-1,20264516,0,history,1-4,1834,7336,True,0.3176117775354417,0.3159472143604061,0.1747665332570993,0.0016645631750355338,0.0,0.3023411941112323,0.33383655943293344,0.17316998324009159,0.17658428798591044
1,JOINT_BIN,-1,20264516,0,history,5-8,1834,7336,True,0.31352235550708835,0.31639959384005684,0.1747665332570993,-0.0028772383329685133,0.0,0.29770651581243185,0.32838740458015264,0.17316998324009159,0.17658428798591044
1,JOINT_BIN,-1,20264516,0,history,9-16,1834,14569,True,0.3066785640744046,0.31150857234174034,0.34707928340003813,-0.004830008267335797,0.0,0.2937340626539867,0.31946003924302574,0.34397336701086484,0.35041554232090266
1,JOINT_BIN,-1,20264516,0,history,17-31,1605,12735,True,0.31613663133097764,0.31567482061177293,0.3033876500857633,0.00046181071920466045,0.0,0.30343094598083437,0.3289447993003065,0.2964148539163613,0.30976886046676266
1,JOINT_BIN,-1,20264516,0,run,1,1834,29418,True,0.15864436739411245,0.1620383938553738,0.7008290451686678,-0.0033940264612613348,0.0,0.15450431915054252,0.16250947932291843,0.6935874945553469,0.7075568730459596
1,JOINT_BIN,-1,20264516,0,run,2-3,1782,7034,True,0.6511231162922946,0.6419252522126871,0.16757194587383267,0.009197864079607423,0.0,0.6391809737094349,0.6632236079553827,0.16449030576065893,0.17081766376361393
1,JOINT_BIN,-1,20264516,0,run,4-7,1385,4548,True,0.7036059806508356,0.7128517306180867,0.10834762721555175,-0.009245749967251065,0.0,0.6916906819520294,0.7179563084595304,0.10460009887150293,0.11201229358857488
1,JOINT_BIN,-1,20264516,0,run,8+,348,976,True,0.6936475409836066,0.6897398058850973,0.02325138174194778,0.003907735098509134,0.0,0.6631129313427498,0.722920936859471,0.02051677072124305,0.02636030487041267
1,JOINT_BIN,-1,20264516,1,all,all,214,4896,True,0.32393790849673204,0.32366004341087706,1.0,0.0002778650858549325,0.0,0.3056695492936838,0.34465767613452464,1.0,1.0
1,JOINT_BIN,-1,20264516,1,history,1-4,214,856,True,0.36098130841121495,0.34853648810212406,0.17483660130718953,0.012444820309090924,0.0,0.31188668224299065,0.40660046728971955,0.16920172824140856,0.1801356280123908
1,JOINT_BIN,-1,20264516,1,history,5-8,214,856,True,0.30957943925233644,0.31506579744114394,0.17483660130718953,-0.00548635818880743,0.0,0.26869158878504673,0.35397196261682246,0.16920172824140856,0.1801356280123908
1,JOINT_BIN,-1,20264516,1,history,9-16,214,1698,True,0.3080094228504123,0.31310572967477296,0.34681372549019607,-0.0050963068243607065,0.0,0.27669619946097257,0.339232061220846,0.33616265298065534,0.3560813654267012
1,JOINT_BIN,-1,20264516,1,history,17-31,182,1486,True,0.32907133243607,0.3263408392509102,0.3035130718954248,0.00273049318515986,0.0,0.2908566231913158,0.37335202059512945,0.2838860754534825,0.32518733729748106
1,JOINT_BIN,-1,20264516,1,run,1,214,3383,True,0.16287318947679574,0.16450583631160237,0.6909722222222222,-0.0016326468348066305,0.0,0.15064908395940424,0.17489868748417836,0.6711759918185171,0.7087307345816235
1,JOINT_BIN,-1,20264516,1,run,2-3,208,817,True,0.6597307221542228,0.6550133139734587,0.16687091503267973,0.00471740818076403,0.0,0.6275225539317524,0.6887011090757809,0.15776775816017258,0.17555080378048263
1,JOINT_BIN,-1,20264516,1,run,4-7,170,571,True,0.7145359019264448,0.7103670291544033,0.11662581699346405,0.004168872772041581,0.0,0.6809978949763896,0.7500353107344633,0.10597351485355645,0.12754117876272184
1,JOINT_BIN,-1,20264516,1,run,8+,43,125,False,0.704,0.6988070170721872,0.025531045751633986,0.005192982927812949,0.0,0.5906712473572939,0.7756599378881988,0.016889388794334638,0.03465930394602525
1,JOINT_BIN,-1,20264517,0,all,all,1834,41976,True,0.3198256146369354,0.3180227729374779,1.0,0.0018028416994574743,0.0,0.3123964877628271,0.3267939404863978,1.0,1.0
1,JOINT_BIN,-1,20264517,0,history,1-4,1834,7336,True,0.32197382769901856,0.3175355471459133,0.1747665332570993,0.004438280553105239,0.0,0.3068429661941112,0.33684228462377314,0.1730388653781138,0.17647384289247248
1,JOINT_BIN,-1,20264517,0,history,5-8,1834,7336,True,0.3139312977099237,0.3176179092896656,0.1747665332570993,-0.0036866115797419595,0.0,0.29770651581243185,0.3312465921483097,0.1730388653781138,0.17647384289247248
1,JOINT_BIN,-1,20264517,0,history,9-16,1834,14569,True,0.3237010089916947,0.31850074009030527,0.34707928340003813,0.00520026890138942,0.0,0.3117915711178253,0.3352862163297664,0.3436902701867298,0.3503677202578677
1,JOINT_BIN,-1,20264517,0,history,17-31,1605,12735,True,0.31755005889281507,0.31798986085877573,0.3033876500857633,-0.00043980196596062597,0.0,0.30368481143214593,0.3298638484926508,0.296674044637186,0.31004327074623983
1,JOINT_BIN,-1,20264517,0,run,1,1834,29131,True,0.1621983454052384,0.16221231375215084,0.6939918048408614,-1.3968346912416209e-05,0.0,0.15800584932922707,0.16658311887632715,0.6873457088902901,0.7013075162681941
1,JOINT_BIN,-1,20264517,0,run,2-3,1789,7103,True,0.6505701816134027,0.6417004158302753,0.16921574232894987,0.008869765783127474,0.0,0.6399929078014185,0.6610800738277274,0.16551922226991553,0.17249879917677896
1,JOINT_BIN,-1,20264517,0,run,4-7,1393,4691,True,0.7203154977616713,0.712543211596032,0.11175433581093959,0.0077722861656393675,0.0,0.7062235641012059,0.7329800694768343,0.10787098882557061,0.1154629293665452
1,JOINT_BIN,-1,20264517,0,run,8+,392,1051,True,0.6660323501427212,0.6882766371743446,0.025038117019249094,-0.022244287031623396,0.0,0.6333830546388596,0.6947670644344695,0.02233507793441886,0.027988039514613306
1,JOINT_BIN,-1,20264517,1,all,all,214,4896,True,0.33517156862745096,0.3299218121170139,1.0,0.005249756510437122,0.0,0.31500623458507,0.3567282994440649,1.0,1.0
1,JOINT_BIN,-1,20264517,1,history,1-4,214,856,True,0.30257009345794394,0.31299914035839765,0.17483660130718953,-0.010429046900453766,0.0,0.26048481308411214,0.34818925233644854,0.1697032202199095,0.17975829306943272
1,JOINT_BIN,-1,20264517,1,history,5-8,214,856,True,0.3060747663551402,0.30371011117371677,0.17483660130718953,0.002364655181423382,0.0,0.2616530373831775,0.3516355140186916,0.1697032202199095,0.17975829306943272
1,JOINT_BIN,-1,20264517,1,history,9-16,214,1698,True,0.35571260306242636,0.3433700978298203,0.34681372549019607,0.012342505232606025,0.0,0.31264038381309966,0.391079777113346,0.33744206674991817,0.35606486026599843
1,JOINT_BIN,-1,20264517,1,history,17-31,182,1486,True,0.3472409152086137,0.33940218485758733,0.3035130718954248,0.007838730351026332,0.0,0.3072768633714129,0.3945065948154778,0.2843297231087582,0.3225996413808878
1,JOINT_BIN,-1,20264517,1,run,1,214,3323,True,0.17514294312368342,0.16526318856221142,0.6787173202614379,0.009879754561472002,0.0,0.16319712266558925,0.1902179221568465,0.6584615437084679,0.698527947819415
1,JOINT_BIN,-1,20264517,1,run,2-3,210,867,True,0.6424452133794695,0.645303952196779,0.17708333333333334,-0.002858738817309588,0.0,0.6053544862488819,0.6753150996228868,0.16712127771421503,0.1863670734817553
1,JOINT_BIN,-1,20264517,1,run,4-7,169,581,True,0.7349397590361446,0.7239953363141628,0.11866830065359477,0.010944422721981886,0.0,0.7007619210236539,0.7676562446569627,0.10724986684170486,0.13208417421668076
1,JOINT_BIN,-1,20264517,1,run,8+,51,125,False,0.6,0.6880623966362831,0.025531045751633986,-0.08806239663628296,0.0,0.4998949579831933,0.6748504601226993,0.018493053600677458,0.03360738132130355
1,JOINT_BIN,-1,20264518,0,all,all,1834,41976,True,0.31239279588336194,0.3148495568275114,1.0,-0.002456760944149518,0.0,0.305943305141694,0.319145064084236,1.0,1.0
1,JOINT_BIN,-1,20264518,0,history,1-4,1834,7336,True,0.30670665212649945,0.3129788441683656,0.1747665332570993,-0.006272192041866143,0.0,0.2918347873500545,0.3243047982551799,0.17305131505548785,0.17630462070500397
1,JOINT_BIN,-1,20264518,0,history,5-8,1834,7336,True,0.30929661941112324,0.31078247161499256,0.1747665332570993,-0.0014858522038693081,0.0,0.29442475463467827,0.32593715921483096,0.17305131505548785,0.17630462070500397
1,JOINT_BIN,-1,20264518,0,history,9-16,1834,14569,True,0.31464067540668544,0.3155921744766303,0.34707928340003813,-0.0009514990699448923,0.0,0.3033536568682008,0.326129174929405,0.3438433357929693,0.3501301264850019
1,JOINT_BIN,-1,20264518,0,history,17-31,1605,12735,True,0.314880251276011,0.31742046288613096,0.3033876500857633,-0.0025402116101199647,0.0,0.30303241393108465,0.3270557381137958,0.2972450810484795,0.3100765891526076
1,JOINT_BIN,-1,20264518,0,run,1,1834,29408,True,0.15992247007616975,0.16236031777420099,0.700590813798361,-0.0024378476980312118,0.0,0.156387493181609,0.16371428350950556,0.6934899656429528,0.7069101602441459
1,JOINT_BIN,-1,20264518,0,run,2-3,1786,7068,True,0.6437464629315224,0.6426397494797716,0.16838193253287592,0.0011067134517507634,0.0,0.632826745014598,0.6540687842142963,0.1655713155668832,0.17162011337988048
1,JOINT_BIN,-1,20264518,0,run,4-7,1385,4493,True,0.7068773647896728,0.7134525111072068,0.10703735467886412,-0.006575146317533893,0.0,0.6939379085512862,0.7183098146421629,0.10339423487903972,0.11104974161659449
1,JOINT_BIN,-1,20264518,0,run,8+,358,1007,True,0.6792452830188679,0.6888906559684339,0.023989898989898988,-0.009645372949565937,0.0,0.6484456641881029,0.7082106224936677,0.02118446593209604,0.02705585983802671
1,JOINT_BIN,-1,20264518,1,all,all,214,4896,True,0.3125,0.3149879913929512,1.0,-0.0024879913929512117,0.0,0.2900716640438463,0.334496785795078,1.0,1.0
1,JOINT_BIN,-1,20264518,1,history,1-4,214,856,True,0.3492990654205608,0.33346342912342203,0.17483660130718953,0.0158356362971387,0.0,0.29553154205607474,0.3972838785046728,0.16990869392616118,0.1800977284592896
1,JOINT_BIN,-1,20264518,1,history,5-8,214,856,True,0.3119158878504673,0.31938967743255164,0.17483660130718953,-0.00747378958208434,0.0,0.2639894859813084,0.35633761682242987,0.16990869392616118,0.1800977284592896
1,JOINT_BIN,-1,20264518,1,history,9-16,214,1698,True,0.3115429917550059,0.30884248427938543,0.34681372549019607,0.002700507475620477,0.0,0.270157733280293,0.3537033290468483,0.33743882596775504,0.35687260108107494
1,JOINT_BIN,-1,20264518,1,history,17-31,182,1486,True,0.2927321668909825,0.3088320379149255,0.3035130718954248,-0.01609987102394296,0.0,0.2520264970686594,0.3330988138134189,0.2828275925784336,0.3223632679168108
1,JOINT_BIN,-1,20264518,1,run,1,214,3432,True,0.15442890442890442,0.159990197059805,0.7009803921568627,-0.005561292630900534,0.0,0.14222833746531843,0.1680459092214728,0.6788449063437297,0.7236549783261237
1,JOINT_BIN,-1,20264518,1,run,2-3,204,799,True,0.6645807259073843,0.6479262666986467,0.16319444444444445,0.01665445920873748,0.0,0.6353762273496225,0.6937409527149826,0.15376640455947352,0.17345133995943127
1,JOINT_BIN,-1,20264518,1,run,4-7,158,546,True,0.7032967032967034,0.717031123544331,0.11151960784313726,-0.01373442024762763,0.0,0.6643704764349556,0.7391706924315619,0.09967169644390655,0.124207710927474
1,JOINT_BIN,-1,20264518,1,run,8+,39,119,False,0.7142857142857143,0.7050652857413031,0.024305555555555556,0.009220428544411324,0.0,0.6201486211573237,0.7817131047152479,0.015708136328134652,0.033804085605127196
1,JOINT_BIN,-1,20264519,0,all,all,1834,41976,True,0.31865828092243187,0.317363981595712,1.0,0.0012942993267198713,0.0,0.31049040240341086,0.3259737106936293,1.0,1.0
1,JOINT_BIN,-1,20264519,0,history,1-4,1834,7336,True,0.3218375136314068,0.31816553403738124,0.1747665332570993,0.0036719795940255203,0.0,0.307245092693566,0.3386143675027263,0.17278587199595657,0.17632538479008497
1,JOINT_BIN,-1,20264519,0,history,5-8,1834,7336,True,0.31025081788440567,0.3137424764643892,0.1747665332570993,-0.0034916585799834865,0.0,0.29510632497273714,0.3240219465648855,0.17278587199595657,0.17632538479008497
1,JOINT_BIN,-1,20264519,0,history,9-16,1834,14569,True,0.3204063422335095,0.31794062559187625,0.34707928340003813,0.0024657166416332766,0.0,0.30652461331993336,0.33328930272327895,0.3435140612759216,0.3501188593419745
1,JOINT_BIN,-1,20264519,0,history,17-31,1605,12735,True,0.31967020023557124,0.31832872808579304,0.3033876500857633,0.0013414721497782276,0.0,0.30706788003636004,0.33354683028897397,0.2973197188912309,0.3108814937554223
1,JOINT_BIN,-1,20264519,0,run,1,1834,29187,True,0.16411416041388288,0.1625351548624422,0.6953259005145798,0.001579005551440698,0.0,0.15985635805414336,0.16878424277184856,0.6882572518833864,0.7031362075862545
1,JOINT_BIN,-1,20264519,0,run,2-3,1784,7136,True,0.6434977578475336,0.6408750744562723,0.17000190585096245,0.0026226833912612194,0.0,0.6313274375072006,0.6545395754329585,0.16640707948133485,0.17340249093056836
1,JOINT_BIN,-1,20264519,0,run,4-7,1379,4639,True,0.7148092261263204,0.7126378041842857,0.110515532685344,0.0021714219420346597,0.0,0.7034798596201995,0.7272624839075078,0.10613640032282048,0.11463531238960627
1,JOINT_BIN,-1,20264519,0,run,8+,363,1014,True,0.6686390532544378,0.6889010074562575,0.02415666094911378,-0.02026195420181972,0.0,0.6371582402591867,0.700371144371947,0.02080396762964315,0.02710948324767179
1,JOINT_BIN,-1,20264519,1,all,all,214,4896,True,0.3278186274509804,0.3216950030293427,1.0,0.006123624421637679,0.0,0.3068042367315273,0.3496644612928485,1.0,1.0
1,JOINT_BIN,-1,20264519,1,history,1-4,214,856,True,0.3294392523364486,0.3296982660217858,0.17483660130718953,-0.0002590136853372403,0.0,0.2814836448598131,0.37856308411214945,0.1698033713717945,0.18078523620408382
1,JOINT_BIN,-1,20264519,1,history,5-8,214,856,True,0.308411214953271,0.3044863101765003,0.17483660130718953,0.0039249047767707795,0.0,0.2639894859813084,0.3529497663551401,0.1698033713717945,0.18078523620408382
1,JOINT_BIN,-1,20264519,1,history,9-16,214,1698,True,0.3080094228504123,0.305520715577438,0.34681372549019607,0.0024887072729742996,0.0,0.2706705560972103,0.3417502245172878,0.3372804359778945,0.3580992598387291
1,JOINT_BIN,-1,20264519,1,history,17-31,182,1486,True,0.360699865410498,0.34547951719746933,0.3035130718954248,0.015220348213028673,0.0,0.3222991497710922,0.4016460453352648,0.2802678116456266,0.32343251449882665
1,JOINT_BIN,-1,20264519,1,run,1,214,3358,True,0.16527695056581299,0.16096973912857834,0.6858660130718954,0.004307211437234628,0.0,0.1544338552303154,0.1757133320447875,0.6648280066536492,0.7066314925069227
1,JOINT_BIN,-1,20264519,1,run,2-3,211,835,True,0.6574850299401198,0.6429888665004315,0.17054738562091504,0.014496163439688261,0.0,0.6287285021170999,0.6903213298117489,0.16205969472326265,0.178869344802975
1,JOINT_BIN,-1,20264519,1,run,4-7,171,553,True,0.7088607594936709,0.7125562110662066,0.11294934640522876,-0.003695451572535681,0.0,0.6757234136310223,0.7416121364653244,0.10202164554534214,0.12551363132179671
1,JOINT_BIN,-1,20264519,1,run,8+,48,150,False,0.7266666666666667,0.6902870839361551,0.030637254901960783,0.03637958273051154,0.0,0.6630562200956938,0.7730736867411948,0.021278093508853815,0.04057327761274649
1,JOINT_BIN,-1,20264520,0,all,all,1834,41976,True,0.31382218410520296,0.314686970162214,1.0,-0.0008647860570109294,0.0,0.306910852044138,0.3205282143169174,1.0,1.0
1,JOINT_BIN,-1,20264520,0,history,1-4,1834,7336,True,0.321701199563795,0.31802805279828045,0.1747665332570993,0.0036731467655145658,0.0,0.3077801254089422,0.33629021264994546,0.17312911523847732,0.17669455218140429
1,JOINT_BIN,-1,20264520,0,history,5-8,1834,7336,True,0.3324700109051254,0.3230269167887225,0.1747665332570993,0.0094430941164029,0.0,0.31718579607415487,0.34910373500545255,0.17312911523847732,0.17669455218140429
1,JOINT_BIN,-1,20264520,0,history,9-16,1834,14569,True,0.3095613974878166,0.3134674385814864,0.34707928340003813,-0.0039060410936698057,0.0,0.2969632141901049,0.3225493821302537,0.3440777923696837,0.3504670270019279
1,JOINT_BIN,-1,20264520,0,history,17-31,1605,12735,True,0.3034157832744405,0.309353269724787,0.3033876500857633,-0.005937486450346438,0.0,0.29083250645113345,0.31600372460071824,0.2962573789097841,0.30963857872815337
1,JOINT_BIN,-1,20264520,0,run,1,1834,29368,True,0.16255788613456823,0.16237419902478697,0.6996378883171336,0.00018368710978124088,0.0,0.15878898033459435,0.16661565431905218,0.6932138076045937,0.7063547784860876
1,JOINT_BIN,-1,20264520,0,run,2-3,1788,7164,True,0.6395868230039085,0.6395175952996273,0.17066895368782162,6.922770428113228e-05,0.0,0.628559371186906,0.6507979548890127,0.16757938785029164,0.17415122250842957
1,JOINT_BIN,-1,20264520,0,run,4-7,1369,4434,True,0.7052322958953541,0.7132582386595006,0.10563178959405374,-0.008025942764146586,0.0,0.6920794535038143,0.7174599350698129,0.10181125771815903,0.10919586906705243
1,JOINT_BIN,-1,20264520,0,run,8+,357,1010,True,0.6831683168316832,0.6897066332934558,0.024061368400991042,-0.006538316461772601,0.0,0.6511350464869664,0.7130649848872355,0.021099437445396396,0.027078316305567056
1,JOINT_BIN,-1,20264520,1,all,all,214,4896,True,0.3059640522875817,0.3124664338584671,1.0,-0.006502381570885418,0.0,0.2798019833925038,0.3283898807183652,1.0,1.0
1,JOINT_BIN,-1,20264520,1,history,1-4,214,856,True,0.30957943925233644,0.31570701094920933,0.17483660130718953,-0.00612757169687283,0.0,0.26635514018691586,0.3528329439252336,0.1697730576148652,0.17964700512404808
1,JOINT_BIN,-1,20264520,1,history,5-8,214,856,True,0.29439252336448596,0.3016043488805178,0.17483660130718953,-0.007211825516031801,0.0,0.25230724299065416,0.33761682242990654,0.1697730576148652,0.17964700512404808
1,JOINT_BIN,-1,20264520,1,history,9-16,214,1698,True,0.31625441696113077,0.3247080393708067,0.34681372549019607,-0.008453622409675992,0.0,0.2756611604931763,0.3514238346281909,0.33757756542145195,0.35589960021771383
1,JOINT_BIN,-1,20264520,1,history,17-31,182,1486,True,0.29878869448183043,0.3028686980519373,0.3035130718954248,-0.004080003570106865,0.0,0.2642192933459333,0.3406916013845874,0.28438950247299144,0.32250434836369146
1,JOINT_BIN,-1,20264520,1,run,1,214,3474,True,0.15831894070236038,0.16429461781039384,0.7095588235294118,-0.005975677108033441,0.0,0.14555671936059097,0.17268678965228149,0.6875007498869122,0.7347602381021889
1,JOINT_BIN,-1,20264520,1,run,2-3,204,827,True,0.6275695284159613,0.6530611717433125,0.16891339869281047,-0.025491643327351318,0.0,0.5904411776255543,0.6575534894917677,0.15747429427590381,0.17895517422706086
1,JOINT_BIN,-1,20264520,1,run,4-7,152,475,True,0.7136842105263158,0.7052549924123664,0.09701797385620915,0.008429218113949335,0.0,0.674243105905976,0.7469247391884652,0.08376909198495375,0.10819524077749218
1,JOINT_BIN,-1,20264520,1,run,8+,34,120,False,0.75,0.6999870622512768,0.024509803921568627,0.05001293774872314,0.0,0.6493402873722023,0.8266824312489052,0.01560680395151161,0.03535707690290039
1,JOINT_BIN,-1,20264521,0,all,all,1834,41976,True,0.3164903754526396,0.3165019620937825,1.0,-1.1586641142910681e-05,0.0,0.3089493884401899,0.32338410686433416,1.0,1.0
1,JOINT_BIN,-1,20264521,0,history,1-4,1834,7336,True,0.31952017448200654,0.31710931824579647,0.1747665332570993,0.0024108562362100583,0.0,0.30327835332606323,0.33507360959651034,0.17297378868001703,0.1763846320063913
1,JOINT_BIN,-1,20264521,0,history,5-8,1834,7336,True,0.3176117775354417,0.3178417069387538,0.1747665332570993,-0.00022992940331210312,0.0,0.30355779716466735,0.3347941657579062,0.17297378868001703,0.1763846320063913
1,JOINT_BIN,-1,20264521,0,history,9-16,1834,14569,True,0.31745486992930194,0.3154646708635096,0.34707928340003813,0.001990199065792352,0.0,0.30524803624973446,0.3296275317542053,0.343731245156788,0.3500921324379519
1,JOINT_BIN,-1,20264521,0,history,17-31,1605,12735,True,0.312995681193561,0.31656700826731704,0.3033876500857633,-0.0035713270737560234,0.0,0.3009786466089843,0.3261700122089909,0.2971057738587436,0.3103800673809949
1,JOINT_BIN,-1,20264521,0,run,1,1834,29253,True,0.16176118688681504,0.16232621776189582,0.6968982275586049,-0.0005650308750808042,0.0,0.15836313121371998,0.16577177726314601,0.6900283523531777,0.7043645152399763
1,JOINT_BIN,-1,20264521,0,run,2-3,1781,7120,True,0.6425561797752809,0.6415447502337572,0.1696207356584715,0.0010114295415236559,0.0,0.6298246259157471,0.654422416103151,0.16674556717144853,0.17311976041692184
1,JOINT_BIN,-1,20264521,0,run,4-7,1384,4532,True,0.7111650485436893,0.7128881344621696,0.10796645702306079,-0.0017230859184803355,0.0,0.6980274883733973,0.7234852568316273,0.10361150192799146,0.11199781614844974
1,JOINT_BIN,-1,20264521,0,run,8+,357,1071,True,0.7049486461251168,0.6894023021596374,0.02551457975986278,0.01554634396547935,0.0,0.6757223686748537,0.7350987720860477,0.02222337988638699,0.0287662872042198
1,JOINT_BIN,-1,20264521,1,all,all,214,4896,True,0.2986111111111111,0.3076876510585626,1.0,-0.009076539947451487,0.0,0.2780180331541219,0.3219256456046263,1.0,1.0
1,JOINT_BIN,-1,20264521,1,history,1-4,214,856,True,0.30490654205607476,0.30833934368306265,0.17483660130718953,-0.0034328016269879018,0.0,0.2651577102803738,0.34816004672897194,0.17004370282081843,0.18002766564171796
1,JOINT_BIN,-1,20264521,1,history,5-8,214,856,True,0.34579439252336447,0.3312074081560197,0.17483660130718953,0.014586984367344817,0.0,0.30257009345794394,0.3902161214953271,0.17004370282081843,0.18002766564171796
1,JOINT_BIN,-1,20264521,1,history,9-16,214,1698,True,0.2785630153121319,0.3005146720161672,0.34681372549019607,-0.021951656704035302,0.0,0.2467314487632509,0.3134746120554991,0.3377062214271517,0.35684860489907716
1,JOINT_BIN,-1,20264521,1,history,17-31,182,1486,True,0.29071332436069985,0.3019601661675747,0.3035130718954248,-0.011246841806874873,0.0,0.2547412759650385,0.3298305241028289,0.283118843530998,0.32201064256935436
1,JOINT_BIN,-1,20264521,1,run,1,214,3491,True,0.15124606130048696,0.161738984613376,0.713031045751634,-0.010492923312889018,0.0,0.1401426503008665,0.16454625318589147,0.6906127257267269,0.7332854446308724
1,JOINT_BIN,-1,20264521,1,run,2-3,208,778,True,0.62853470437018,0.6402685813638617,0.15890522875816993,-0.011733876993681688,0.0,0.5960470133122898,0.6590960810970563,0.14968323151719992,0.16820068366491092
1,JOINT_BIN,-1,20264521,1,run,4-7,157,488,True,0.7008196721311475,0.704509976719537,0.09967320261437909,-0.003690304588389367,0.0,0.6633766734437189,0.7380555016132887,0.08902286556723084,0.11120357231167911
1,JOINT_BIN,-1,20264521,1,run,8+,37,139,False,0.7410071942446043,0.7185476212748816,0.028390522875816993,0.02245957296972266,0.0,0.6799565217391305,0.7955028223410575,0.018869630965351367,0.03870106236911484
1,JOINT_BIN,-1,20264522,0,all,all,1834,41976,True,0.3162997903563941,0.3160291132748757,1.0,0.0002706770815185005,0.0,0.30931664895769134,0.32336306453235425,1.0,1.0
1,JOINT_BIN,-1,20264522,0,history,1-4,1834,7336,True,0.32360959651035986,0.3235491190625408,0.1747665332570993,6.0477447819087955e-05,0.0,0.3083424209378408,0.34053639585605233,0.173079588711561,0.17659438447246922
1,JOINT_BIN,-1,20264522,0,history,5-8,1834,7336,True,0.30616139585605234,0.3071436519322644,0.1747665332570993,-0.0009822560762120206,0.0,0.29129975463467833,0.3215717011995638,0.173079588711561,0.17659438447246922
1,JOINT_BIN,-1,20264522,0,history,9-16,1834,14569,True,0.32239687006657974,0.3188611869400632,0.34707928340003813,0.003535683126516545,0.0,0.3108465273278878,0.3352556829018538,0.3438886455742461,0.3503636909896649
1,JOINT_BIN,-1,20264522,0,history,17-31,1605,12735,True,0.31095406360424027,0.31357575644118635,0.3033876500857633,-0.0026216928369460863,0.0,0.29806408848888927,0.322602597109358,0.2964187459818177,0.30987817019718067
1,JOINT_BIN,-1,20264522,0,run,1,1834,29272,True,0.16575567094834653,0.162436392267813,0.697350867162188,0.003319278680533551,0.0,0.16155431699325162,0.16994244795296876,0.6904265139541018,0.7043701186374505
1,JOINT_BIN,-1,20264522,0,run,2-3,1785,7211,True,0.6325058937734017,0.6402931405691794,0.17178864112826378,-0.007787246795777802,0.0,0.621586824837969,0.6427707394108522,0.16838218581526607,0.17523332812953404
1,JOINT_BIN,-1,20264522,0,run,4-7,1356,4484,True,0.703835860838537,0.7128271090238254,0.10682294644558796,-0.008991248185288332,0.0,0.6920064501266989,0.7175067602205024,0.10283236109562963,0.1108622913118435
1,JOINT_BIN,-1,20264522,0,run,8+,337,1009,True,0.7016848364717542,0.6911094061997729,0.024037545263960357,0.010575430271981266,0.0,0.6745675120705922,0.7278328701672273,0.02135310308847018,0.026995556193248393
1,JOINT_BIN,-1,20264522,1,all,all,214,4896,True,0.3116830065359477,0.3158827080699307,1.0,-0.0041997015339829405,0.0,0.28956042373274515,0.33465225990580805,1.0,1.0
1,JOINT_BIN,-1,20264522,1,history,1-4,214,856,True,0.3189252336448598,0.32363466325100265,0.17483660130718953,-0.004709429606142804,0.0,0.2709988317757009,0.3644859813084112,0.1702093840228957,0.18101174164236294
1,JOINT_BIN,-1,20264522,1,history,5-8,214,856,True,0.29205607476635514,0.3103175908207021,0.17483660130718953,-0.018261516054346987,0.0,0.2464369158878505,0.3400116822429906,0.1702093840228957,0.18101174164236294
1,JOINT_BIN,-1,20264522,1,history,9-16,214,1698,True,0.30918727915194344,0.30070000537105546,0.34681372549019607,0.008487273780888009,0.0,0.27275788960186126,0.34862495809465505,0.33776923152961597,0.35797058371349044
1,JOINT_BIN,-1,20264522,1,history,17-31,182,1486,True,0.32166890982503366,0.3319717362752012,0.3035130718954248,-0.010302826450167595,0.0,0.2838073444669356,0.36455972674690934,0.28064390599399297,0.3220744772349988
1,JOINT_BIN,-1,20264522,1,run,1,214,3437,True,0.15158568519057317,0.16276724221132782,0.702001633986928,-0.011181557020754648,0.0,0.14020270281103508,0.1636186330990665,0.6791735050406192,0.723904954289637
1,JOINT_BIN,-1,20264522,1,run,2-3,208,767,True,0.6505867014341591,0.6379603714651307,0.15665849673202614,0.012626329969028295,0.0,0.6182921989171004,0.6826424870466321,0.14733145328165229,0.16601613604836507
1,JOINT_BIN,-1,20264522,1,run,4-7,164,542,True,0.7509225092250923,0.7276911650080155,0.11070261437908496,0.02323134421707674,0.0,0.709124766608843,0.783809598238556,0.09801222637863614,0.12312744597124747
1,JOINT_BIN,-1,20264522,1,run,8+,51,150,False,0.66,0.6893767392129803,0.030637254901960783,-0.029376739212980264,0.0,0.5681186868686869,0.7339885968484695,0.021534105207183504,0.04078792012596497
1,JOINT_BIN,-1,20264523,0,all,all,1834,41976,True,0.3242805412616733,0.3198586502456325,1.0,0.004421891016040879,0.0,0.31714101730049593,0.3315296616841662,1.0,1.0
1,JOINT_BIN,-1,20264523,0,history,1-4,1834,7336,True,0.33342420937840783,0.32230708119744533,0.1747665332570993,0.011117128180962454,0.0,0.3166541712104689,0.3485687022900763,0.17309633261818352,0.17635240762311125
1,JOINT_BIN,-1,20264523,0,history,5-8,1834,7336,True,0.3286532170119956,0.3267952097576169,0.1747665332570993,0.0018580072543786913,0.0,0.3124318429661941,0.3450245365321701,0.17309633261818352,0.17635240762311125
1,JOINT_BIN,-1,20264523,0,history,9-16,1834,14569,True,0.32294598119294393,0.31864286079452436,0.34707928340003813,0.004303120398419519,0.0,0.3092080189348743,0.3365917909806901,0.3439383034590962,0.3500588938126572
1,JOINT_BIN,-1,20264523,0,history,17-31,1605,12735,True,0.31802120141342755,0.31584330250089554,0.3033876500857633,0.0021778989125320228,0.0,0.3057290859553096,0.3305978144945734,0.2972426418013846,0.3098268900259615
1,JOINT_BIN,-1,20264523,0,run,1,1834,28959,True,0.1660623640319072,0.16213399403522935,0.6898942252715837,0.003928369996677827,0.0,0.1621550323268631,0.17022428462951023,0.6829937294102202,0.696760747360655
1,JOINT_BIN,-1,20264523,0,run,2-3,1792,7220,True,0.650415512465374,0.6404929037079636,0.17200304936153993,0.009922608757410172,0.0,0.6395744089652328,0.661982282045314,0.16884176244545157,0.17515288345340288
1,JOINT_BIN,-1,20264523,0,run,4-7,1423,4761,True,0.71686620457887,0.7129338293547167,0.11342195540308748,0.003932375224153304,0.0,0.7040259840024582,0.7287341559104837,0.10976946955103213,0.11772389321430829
1,JOINT_BIN,-1,20264523,0,run,8+,378,1036,True,0.6698841698841699,0.6877525512694562,0.02468076996378883,-0.01786838138528628,0.0,0.6385654116317249,0.6941401554161595,0.022283283792911678,0.02740358331822555
1,JOINT_BIN,-1,20264523,1,all,all,214,4896,True,0.315359477124183,0.30942573233668624,1.0,0.00593374478749672,0.0,0.29450986799296114,0.33667050344151916,1.0,1.0
1,JOINT_BIN,-1,20264523,1,history,1-4,214,856,True,0.27102803738317754,0.28744836816144037,0.17483660130718953,-0.01642033077826283,0.0,0.22780373831775702,0.3189252336448598,0.17071942630795223,0.1802930911351211
1,JOINT_BIN,-1,20264523,1,history,5-8,214,856,True,0.3072429906542056,0.30131049770662094,0.17483660130718953,0.005932492947584731,0.0,0.2628504672897196,0.35642523364485973,0.17071942630795223,0.1802930911351211
1,JOINT_BIN,-1,20264523,1,history,9-16,214,1698,True,0.31448763250883394,0.3083905321047846,0.34681372549019607,0.006097100404049293,0.0,0.2738543301618168,0.349076501363611,0.33904266975689296,0.3573175910879098
1,JOINT_BIN,-1,20264523,1,history,17-31,182,1486,True,0.3465679676985195,0.32794325223649484,0.3035130718954248,0.01862471546202469,0.0,0.3109271488102695,0.3887169885592173,0.28212381145570736,0.3194511582290981
1,JOINT_BIN,-1,20264523,1,run,1,214,3416,True,0.16364168618266978,0.158684840764937,0.6977124183006536,0.004956845417732788,0.0,0.15027368937363114,0.1798689772934273,0.6766693834410125,0.7173737832926874
1,JOINT_BIN,-1,20264523,1,run,2-3,207,830,True,0.6445783132530121,0.6120920349107041,0.16952614379084968,0.032486278342308036,0.0,0.6160667057173794,0.6725183011485548,0.1590093196992726,0.18043609312993186
1,JOINT_BIN,-1,20264523,1,run,4-7,157,553,True,0.7088607594936709,0.7219840107750621,0.11294934640522876,-0.01312325128139126,0.0,0.6713125393012045,0.7432259986848595,0.10185146041435647,0.12471046045587236
1,JOINT_BIN,-1,20264523,1,run,8+,38,97,False,0.5979381443298969,0.6761589951845111,0.019812091503267973,-0.07822085085461415,0.0,0.4713095238095238,0.6860828488372093,0.01260903806216945,0.02826372803893606
1,JOINT_BIN,-1,20264524,0,all,all,1834,41976,True,0.3137745378311416,0.3150871839158309,1.0,-0.0013126460846893042,0.0,0.3059339235741049,0.3202981697755486,1.0,1.0
1,JOINT_BIN,-1,20264524,0,history,1-4,1834,7336,True,0.306979280261723,0.31104931782937145,0.1747665332570993,-0.004070037567648436,0.0,0.29074427480916026,0.32197723555070884,0.1731735601670314,0.17662096842402591
1,JOINT_BIN,-1,20264524,0,history,5-8,1834,7336,True,0.31461286804798255,0.3145564877425936,0.1747665332570993,5.63803053889173e-05,0.0,0.2990662486368593,0.33056161395856054,0.1731735601670314,0.17662096842402591
1,JOINT_BIN,-1,20264524,0,history,9-16,1834,14569,True,0.30963003637861214,0.31234779622301156,0.34707928340003813,-0.002717759844399419,0.0,0.2974371564283186,0.32297028485455515,0.3441255783662836,0.3507963787032285
1,JOINT_BIN,-1,20264524,0,history,17-31,1605,12735,True,0.32194738908519827,0.3208527993091423,0.3033876500857633,0.0010945897760559669,0.0,0.30899577125337935,0.3369660197327684,0.29598655661256906,0.3096895730747062
1,JOINT_BIN,-1,20264524,0,run,1,1834,29362,True,0.16276139227573053,0.16278807704566933,0.6994949494949495,-2.6684769938767992e-05,0.0,0.15847352611746346,0.1668887733489253,0.6927027757053963,0.7072472381528278
1,JOINT_BIN,-1,20264524,0,run,2-3,1774,7140,True,0.6322128851540616,0.6397031529991496,0.1700971983990852,-0.00749026784508801,0.0,0.6207931291059394,0.6424782071717602,0.16660819083146583,0.17343631467743645
1,JOINT_BIN,-1,20264524,0,run,4-7,1354,4521,True,0.7186463171864632,0.7128056369446415,0.10770440251572327,0.0058406802418216166,0.0,0.7073360669200978,0.7312955315799539,0.1036941461274572,0.11153895276398171
1,JOINT_BIN,-1,20264524,0,run,8+,363,953,True,0.6600209863588667,0.6886057888723224,0.022703449590242043,-0.02858480251345568,0.0,0.6278756507809372,0.6904973231896309,0.020072058431243395,0.025378206588037147
1,JOINT_BIN,-1,20264524,1,all,all,214,4896,True,0.31004901960784315,0.3119350040299315,1.0,-0.0018859844220883827,0.0,0.289176705540199,0.33259088703148376,1.0,1.0
1,JOINT_BIN,-1,20264524,1,history,1-4,214,856,True,0.272196261682243,0.2952294269524892,0.17483660130718953,-0.023033165270246212,0.0,0.23011098130841123,0.31542056074766356,0.16983790264718102,0.18040422660961072
1,JOINT_BIN,-1,20264524,1,history,5-8,214,856,True,0.34813084112149534,0.3292239949991164,0.17483660130718953,0.018906846122378862,0.0,0.29205607476635514,0.40195677570093447,0.16983790264718102,0.18040422660961072
1,JOINT_BIN,-1,20264524,1,history,9-16,214,1698,True,0.31919905771495877,0.31789038455868285,0.34681372549019607,0.0013086731562759139,0.0,0.28325555772778416,0.3538802682032086,0.33715259614595183,0.3568918101884641
1,JOINT_BIN,-1,20264524,1,history,17-31,182,1486,True,0.29946164199192465,0.304793928371014,0.3035130718954248,-0.005332286379089351,0.0,0.25732134450857586,0.33997474457582366,0.2822024560317158,0.3235591556210113
1,JOINT_BIN,-1,20264524,1,run,1,214,3442,True,0.1577571179546775,0.1638265210049177,0.7030228758169934,-0.0060694030502402,0.0,0.14522617512605998,0.16912741761523073,0.6800315917375456,0.7234503198032946
1,JOINT_BIN,-1,20264524,1,run,2-3,206,816,True,0.6384803921568627,0.626152026817115,0.16666666666666666,0.012328365339747769,0.0,0.610821131749219,0.6694439638880004,0.15592581037293957,0.17622829068240273
1,JOINT_BIN,-1,20264524,1,run,4-7,163,492,True,0.7113821138211383,0.7139656193312458,0.10049019607843138,-0.002583505510107656,0.0,0.6681143281365999,0.7471948781917371,0.09079643038736045,0.11196958553507189
1,JOINT_BIN,-1,20264524,1,run,8+,42,146,False,0.7123287671232876,0.692683259163556,0.0298202614379085,0.01964550795973173,0.0,0.6311251549800249,0.7738776935355147,0.021143689734202737,0.04082040825321732
1,JOINT_BIN,-1,20264525,0,all,all,1834,41976,True,0.3084381551362683,0.3117673689555271,1.0,-0.003329213819258695,0.0,0.3010585762810829,0.3161973015304505,1.0,1.0
1,JOINT_BIN,-1,20264525,0,history,1-4,1834,7336,True,0.31338604143947657,0.3135065737637478,0.1747665332570993,-0.00012053232427125487,0.0,0.2985278080697928,0.32947450926935656,0.17314086287189062,0.17647861906885293
1,JOINT_BIN,-1,20264525,0,history,5-8,1834,7336,True,0.31515812431842966,0.31800053949855156,0.1747665332570993,-0.0028424151801218953,0.0,0.3000102235550709,0.3289258451472192,0.17314086287189062,0.17647861906885293
1,JOINT_BIN,-1,20264525,0,history,9-16,1834,14569,True,0.3120323975564555,0.3133235397205933,0.34707928340003813,-0.001291142164137743,0.0,0.2999654969374422,0.32482074304165226,0.34401491098547476,0.35032931436909787
1,JOINT_BIN,-1,20264525,0,history,17-31,1605,12735,True,0.2976050255202199,0.30539460119321965,0.3033876500857633,-0.00778957567299977,0.0,0.28523620173675257,0.31102214480408363,0.29670075233344073,0.3097007922966322
1,JOINT_BIN,-1,20264525,0,run,1,1834,29595,True,0.15948639972968406,0.16239512197352368,0.7050457404230989,-0.00290872224383961,0.0,0.1552595694579045,0.1636213514613219,0.6973559129190803,0.7124530102114939
1,JOINT_BIN,-1,20264525,0,run,2-3,1779,6983,True,0.6338250035801232,0.6381746932969713,0.16635696588526777,-0.004349689716848013,0.0,0.6228718512477965,0.6448959136872313,0.16285120675902634,0.16959563342191628
1,JOINT_BIN,-1,20264525,0,run,4-7,1348,4357,True,0.7096626118889144,0.7130590164499051,0.10379740804269107,-0.003396404560990607,0.0,0.6960061542151217,0.72347639612934,0.0996146859976897,0.10779917648456482
1,JOINT_BIN,-1,20264525,0,run,8+,354,1041,True,0.681075888568684,0.6892328784877847,0.02479988564894225,-0.00815698991910087,0.0,0.6482092908234727,0.7088920423050487,0.02175787162632558,0.027836827068237764
1,JOINT_BIN,-1,20264525,1,all,all,214,4896,True,0.31495098039215685,0.3112797416723446,1.0,0.0036712387198122535,0.0,0.29399227241453446,0.3364830994457138,1.0,1.0
1,JOINT_BIN,-1,20264525,1,history,1-4,214,856,True,0.3469626168224299,0.3175460396341562,0.17483660130718953,0.029416577188273684,0.0,0.3048773364485981,0.39377920560747653,0.16983958557639636,0.1800210304942166
1,JOINT_BIN,-1,20264525,1,history,5-8,214,856,True,0.3037383177570093,0.3136276117632498,0.17483660130718953,-0.009889294006240472,0.0,0.25581191588785046,0.34816004672897194,0.16983958557639636,0.1800210304942166
1,JOINT_BIN,-1,20264525,1,history,9-16,214,1698,True,0.29917550058892817,0.28769727257105027,0.34681372549019607,0.011478228017877887,0.0,0.2619149240037392,0.33789799528301884,0.3378414027308344,0.35625663707448146
1,JOINT_BIN,-1,20264525,1,history,17-31,182,1486,True,0.32099596231493943,0.3332644689138468,0.3035130718954248,-0.012268506598907323,0.0,0.28155154141289473,0.36078965282505104,0.2839390699469634,0.3221731016165243
1,JOINT_BIN,-1,20264525,1,run,1,214,3431,True,0.1643835616438356,0.16012779923140597,0.7007761437908496,0.004255762412429658,0.0,0.1526017184407063,0.1767277466994011,0.6798593267221978,0.720241036340024
1,JOINT_BIN,-1,20264525,1,run,2-3,207,826,True,0.6307506053268765,0.6338808157821367,0.1687091503267974,-0.00313021045526034,0.0,0.5923834746368319,0.6683585179418218,0.16011388347595243,0.1783063579530326
1,JOINT_BIN,-1,20264525,1,run,4-7,151,519,True,0.7244701348747592,0.7127214549294509,0.10600490196078431,0.011748679945308189,0.0,0.684717690233919,0.7583340894884358,0.0945041264316769,0.11781848382302208
1,JOINT_BIN,-1,20264525,1,run,8+,41,120,False,0.675,0.676159559336794,0.024509803921568627,-0.0011595593367939546,0.0,0.5873186753033482,0.7442682640357058,0.016776731503358542,0.033221715671717694
1,JOINT_BIN,-1,20264526,0,all,all,1834,41976,True,0.31765770916714314,0.3165989591902001,1.0,0.001058749976943046,0.0,0.30986232325300617,0.32504041408815787,1.0,1.0
1,JOINT_BIN,-1,20264526,0,history,1-4,1834,7336,True,0.3249727371864776,0.32021658311726586,0.1747665332570993,0.00475615406921182,0.0,0.309698745910578,0.3414871864776445,0.17314127145545946,0.17640562714000094
1,JOINT_BIN,-1,20264526,0,history,5-8,1834,7336,True,0.30561613958560524,0.3124435338491676,0.1747665332570993,-0.006827394263562389,0.0,0.29102031079607416,0.3200722464558342,0.17314127145545946,0.17640562714000094
1,JOINT_BIN,-1,20264526,0,history,9-16,1834,14569,True,0.31601345322259594,0.3151289671878967,0.34707928340003813,0.0008844860346992416,0.0,0.3022866870763664,0.32809884022835845,0.34398442359574394,0.3502461703501441
1,JOINT_BIN,-1,20264526,0,history,17-31,1605,12735,True,0.32226148409893995,0.3185904491512851,0.3033876500857633,0.003671034947654798,0.0,0.31202590883600134,0.33654220973516996,0.29693618540073247,0.30974304444176665
1,JOINT_BIN,-1,20264526,0,run,1,1834,29239,True,0.16296726974246725,0.1623565891129697,0.6965647036401753,0.0006106806294975621,0.0,0.15881761117255788,0.16722757144810815,0.6894930656636938,0.7039733820689792
1,JOINT_BIN,-1,20264526,0,run,2-3,1772,7082,True,0.6412030499858797,0.6404875655827267,0.1687154564513055,0.0007154844031529734,0.0,0.630789093407813,0.6515490100356138,0.16551178486700902,0.17217497316614552
1,JOINT_BIN,-1,20264526,0,run,4-7,1372,4552,True,0.7144112478031635,0.7129994171915786,0.10844291976367448,0.0014118306115849834,0.0,0.7011975254134976,0.727102227826281,0.10452096609507981,0.11217324511792624
1,JOINT_BIN,-1,20264526,0,run,8+,363,1103,True,0.7035358114233907,0.6898525071448613,0.026276920144844673,0.013683304278529389,0.0,0.6752566915253113,0.7306537373737374,0.023322467352039727,0.029596420607674874
1,JOINT_BIN,-1,20264526,1,all,all,214,4896,True,0.32393790849673204,0.32058745677139655,1.0,0.0033504517253355004,0.0,0.3030181814345698,0.34678671630625757,1.0,1.0
1,JOINT_BIN,-1,20264526,1,history,1-4,214,856,True,0.3446261682242991,0.3201069526370925,0.17483660130718953,0.024519215587206575,0.0,0.29789719626168226,0.3902453271028037,0.17000824287561025,0.1801735435199238
1,JOINT_BIN,-1,20264526,1,history,5-8,214,856,True,0.3446261682242991,0.3445392130148439,0.17483660130718953,8.695520945519326e-05,0.0,0.29439252336448596,0.39485981308411217,0.17000824287561025,0.1801735435199238
1,JOINT_BIN,-1,20264526,1,history,9-16,214,1698,True,0.29799764428739695,0.3074084446778462,0.34681372549019607,-0.009410800390449225,0.0,0.2617531777831509,0.3370782988871224,0.33769927275317974,0.35695517379947134
1,JOINT_BIN,-1,20264526,1,history,17-31,182,1486,True,0.3297442799461642,0.32212619885041527,0.3035130718954248,0.007618081095748933,0.0,0.2872354055258467,0.3680255552175236,0.28280605623648164,0.32241733712730364
1,JOINT_BIN,-1,20264526,1,run,1,214,3373,True,0.16157723095167506,0.15986647162790368,0.6889297385620915,0.0017107593237713976,0.0,0.1492975289188618,0.17433852145753848,0.6663863269713809,0.7101102901946814
1,JOINT_BIN,-1,20264526,1,run,2-3,206,828,True,0.6642512077294686,0.6475599634113208,0.16911764705882354,0.016691244318147936,0.0,0.6304236107460176,0.6952123160209778,0.1597483352660652,0.17776704027661563
1,JOINT_BIN,-1,20264526,1,run,4-7,168,568,True,0.7183098591549296,0.7118855824380733,0.11601307189542484,0.006424276716856196,0.0,0.6843924972004479,0.7543575819153068,0.1032950605182053,0.12738338533347265
1,JOINT_BIN,-1,20264526,1,run,8+,47,127,False,0.6535433070866141,0.7073694411215681,0.025939542483660132,-0.05382613403495374,0.0,0.5567591134113411,0.7191986301369863,0.017066381949244595,0.03500166941676562
1,JOINT_BIN,-1,20264527,0,all,all,1834,41976,True,0.31622832094530207,0.3159688065321094,1.0,0.0002595144131926227,0.0,0.3095652935137895,0.3236020192327885,1.0,1.0
1,JOINT_BIN,-1,20264527,0,history,1-4,1834,7336,True,0.3202017448200654,0.31772293443919314,0.1747665332570993,0.0024788103808722865,0.0,0.3041166848418757,0.33438863140676117,0.1730347838973773,0.17653457118939875
1,JOINT_BIN,-1,20264527,0,history,5-8,1834,7336,True,0.31583969465648853,0.31632576754962227,0.1747665332570993,-0.00048607289313373525,0.0,0.3000238549618321,0.33152262813522354,0.1730347838973773,0.17653457118939875
1,JOINT_BIN,-1,20264527,0,history,9-16,1834,14569,True,0.3199258699979408,0.3180605031310484,0.34707928340003813,0.0018653668668924422,0.0,0.3069785207124906,0.3333585155403186,0.34368701782568206,0.35046840917903566
1,JOINT_BIN,-1,20264527,0,history,17-31,1605,12735,True,0.3099332548095799,0.31235978602949604,0.3033876500857633,-0.0024265312199161747,0.0,0.2987671148308466,0.3226585111247827,0.29646244844216685,0.3102470416261988
1,JOINT_BIN,-1,20264527,0,run,1,1834,29284,True,0.16186313345171424,0.16213458218233398,0.6976367448065561,-0.000271448730619736,0.0,0.15794021722961962,0.16599975391520522,0.6902640360219571,0.7042132017333135
1,JOINT_BIN,-1,20264527,0,run,2-3,1788,7102,True,0.6413686285553365,0.641191496022852,0.1691919191919192,0.0001771325324845794,0.0,0.6299486968700524,0.6535582405966051,0.16609241750031448,0.17239084179860922
1,JOINT_BIN,-1,20264527,0,run,4-7,1360,4537,True,0.7174344280361472,0.7132478610529819,0.10808557270821421,0.004186566983165376,0.0,0.7056749095380663,0.7309501993563481,0.10430949532983025,0.11203083021178847
1,JOINT_BIN,-1,20264527,0,run,8+,355,1053,True,0.6875593542260209,0.6888983551877349,0.025085763293310463,-0.001339000961714079,0.0,0.6634939104984895,0.715343527844674,0.021817986454701517,0.028454328368298448
1,JOINT_BIN,-1,20264527,1,all,all,214,4896,True,0.29697712418300654,0.30335621036642646,1.0,-0.006379086183419925,0.0,0.2803137498315968,0.31826935641536347,1.0,1.0
1,JOINT_BIN,-1,20264527,1,history,1-4,214,856,True,0.2908878504672897,0.30894094788005905,0.17483660130718953,-0.018053097412769316,0.0,0.24877336448598134,0.33761682242990654,0.16950411152776337,0.17983193277310924
1,JOINT_BIN,-1,20264527,1,history,5-8,214,856,True,0.30257009345794394,0.30845580032704156,0.17483660130718953,-0.005885706869097686,0.0,0.2639894859813084,0.3411214953271028,0.16950411152776337,0.17983193277310924
1,JOINT_BIN,-1,20264527,1,history,9-16,214,1698,True,0.30742049469964666,0.2996654520263162,0.34681372549019607,0.007755042673330445,0.0,0.2749207444039563,0.3459113187214529,0.3368230414309958,0.35618474826673635
1,JOINT_BIN,-1,20264527,1,history,17-31,182,1486,True,0.2853297442799462,0.3014188774886009,0.3035130718954248,-0.016089133208654717,0.0,0.2544943134603834,0.32144377397794627,0.2843019318990466,0.32428347426103915
1,JOINT_BIN,-1,20264527,1,run,1,214,3510,True,0.1586894586894587,0.1619177376680461,0.7169117647058824,-0.0032282789785874075,0.0,0.1491693501859643,0.16986883803252104,0.6963623980186481,0.733349871900466
1,JOINT_BIN,-1,20264527,1,run,2-3,210,819,True,0.608058608058608,0.62727701446099,0.16727941176470587,-0.019218406402381934,0.0,0.5790043350422196,0.6360459426576386,0.15943217303306279,0.17584746997429362
1,JOINT_BIN,-1,20264527,1,run,4-7,153,469,True,0.7078891257995735,0.710175830245025,0.09579248366013073,-0.0022867044454514297,0.0,0.6659188709986582,0.7433041596085075,0.0859275208605107,0.10604141641603991
1,JOINT_BIN,-1,20264527,1,run,8+,37,98,False,0.6836734693877551,0.7151878317419861,0.020016339869281044,-0.031514362354231044,0.0,0.5591147786946736,0.7727368220015278,0.01238776576004173,0.028907485503426453
1,JOINT_BIN,-1,20264528,0,all,all,1834,41976,True,0.31520392605298264,0.31600818476427417,1.0,-0.0008042587112915406,0.0,0.30785241890070497,0.32259006239600285,1.0,1.0
1,JOINT_BIN,-1,20264528,0,history,1-4,1834,7336,True,0.2958015267175573,0.30850979947924606,0.1747665332570993,-0.012708272761688792,0.0,0.28189408396946564,0.31012131952017447,0.1731074633558647,0.17653775681366676
1,JOINT_BIN,-1,20264528,0,history,5-8,1834,7336,True,0.3169302071973828,0.31192849320352956,0.1747665332570993,0.005001713993853192,0.0,0.3020583424209378,0.3334310250817884,0.1731074633558647,0.17653775681366676
1,JOINT_BIN,-1,20264528,0,history,9-16,1834,14569,True,0.3285057313473814,0.324638530019718,0.34707928340003813,0.0038672013276634747,0.0,0.31587509010912646,0.34091533542743313,0.34405453396799335,0.3503362224338488
1,JOINT_BIN,-1,20264528,0,history,17-31,1605,12735,True,0.31016882606988616,0.3128045154838682,0.3033876500857633,-0.0026356894139820137,0.0,0.2966962069155998,0.3234568353657438,0.2967040158224867,0.31002621821748755
1,JOINT_BIN,-1,20264528,0,run,1,1834,29293,True,0.16116478339535042,0.16250988166938668,0.6978511530398323,-0.0013450982740362497,0.0,0.15728994078599845,0.16525878604815708,0.6903938182696532,0.7052037361455312
1,JOINT_BIN,-1,20264528,0,run,2-3,1786,7026,True,0.6404782237403929,0.6401827134103946,0.1673813607775872,0.00029551032999820896,0.0,0.6286922911597814,0.6511117371342163,0.16425464113523075,0.17037645013738836
1,JOINT_BIN,-1,20264528,0,run,4-7,1369,4540,True,0.7136563876651982,0.7129834517775214,0.10815704211930627,0.000672935887676902,0.0,0.6996807513741178,0.727027682190871,0.10414261696665039,0.11233482305151114
1,JOINT_BIN,-1,20264528,0,run,8+,366,1117,True,0.6893464637421666,0.6888889744247543,0.02661044406327425,0.00045748931741234873,0.0,0.6656630064097296,0.70823471230756,0.023344946701627737,0.029524210486902777
1,JOINT_BIN,-1,20264528,1,all,all,214,4896,True,0.32679738562091504,0.32299577770767873,1.0,0.003801607913236286,0.0,0.30469307562463055,0.34680557275218504,1.0,1.0
1,JOINT_BIN,-1,20264528,1,history,1-4,214,856,True,0.3107476635514019,0.3177548866699087,0.17483660130718953,-0.007007223118506837,0.0,0.2698014018691589,0.35055490654205596,0.16977053472197,0.17972055211170365
1,JOINT_BIN,-1,20264528,1,history,5-8,214,856,True,0.3422897196261682,0.3230747478672651,0.17483660130718953,0.019214971758903143,0.0,0.29553154205607474,0.3925525700934579,0.16977053472197,0.17972055211170365
1,JOINT_BIN,-1,20264528,1,history,9-16,214,1698,True,0.32391048292108365,0.3241193154590834,0.34681372549019607,-0.000208832537999785,0.0,0.2842786905857353,0.36830629538859194,0.3372967511248062,0.3558546752733825
1,JOINT_BIN,-1,20264528,1,history,17-31,182,1486,True,0.3304172274562584,0.32468543932937466,0.3035130718954248,0.005731788126883749,0.0,0.2952198465384947,0.36795580442705583,0.2849229265772612,0.3229575853713914
1,JOINT_BIN,-1,20264528,1,run,1,214,3360,True,0.15982142857142856,0.15817740299086502,0.6862745098039216,0.0016440255805635277,0.0,0.14699277333833188,0.1705319816168616,0.6654407765347511,0.7079619405474141
1,JOINT_BIN,-1,20264528,1,run,2-3,204,823,True,0.6804374240583232,0.6497335158401182,0.16809640522875818,0.03070390821820504,0.0,0.6498633005897352,0.7138068814384221,0.15837237526790118,0.1769987202017016
1,JOINT_BIN,-1,20264528,1,run,4-7,160,568,True,0.7059859154929577,0.7260519192678313,0.11601307189542484,-0.0200660037748736,0.0,0.6672364758369982,0.7425390297922912,0.10580345728681004,0.12935067624790153
1,JOINT_BIN,-1,20264528,1,run,8+,45,145,False,0.7034482758620689,0.7088488270823665,0.029616013071895424,-0.005400551220297548,0.0,0.6182922829198474,0.7658976452974002,0.02085658792646533,0.039821034998006946
1,JOINT_BIN,-1,20264529,0,all,all,1834,41976,True,0.3189918048408614,0.31717294732768375,1.0,0.001818857513177739,0.0,0.3113436475252868,0.3269400309767789,1.0,1.0
1,JOINT_BIN,-1,20264529,0,history,1-4,1834,7336,True,0.3101145038167939,0.31447930946846425,0.1747665332570993,-0.004364805651670341,0.0,0.2956583969465649,0.3270208560523446,0.1731691658414782,0.1764315068909176
1,JOINT_BIN,-1,20264529,0,history,5-8,1834,7336,True,0.3212922573609597,0.31549667145613824,0.1747665332570993,0.0057955859048214025,0.0,0.3068191112322792,0.3360209923664122,0.1731691658414782,0.1764315068909176
1,JOINT_BIN,-1,20264529,0,history,9-16,1834,14569,True,0.3200631477795319,0.31952649470545097,0.34707928340003813,0.000536653074080941,0.0,0.3070943688918746,0.33358059859888584,0.34401819111794907,0.35028899824207477
1,JOINT_BIN,-1,20264529,0,history,17-31,1605,12735,True,0.3215547703180212,0.3169977494778369,0.3033876500857633,0.004557020840184323,0.0,0.3082738261607004,0.33413829945712953,0.2968407669479201,0.3095400991228628
1,JOINT_BIN,-1,20264529,0,run,1,1834,29187,True,0.16377154212491862,0.16266690760345578,0.6953259005145798,0.0011046345214628243,0.0,0.15978495321906205,0.16781266206672696,0.6873759783508482,0.7029545641449828
1,JOINT_BIN,-1,20264529,0,run,2-3,1781,7141,True,0.6409466461279932,0.6395228954757824,0.17012102153611589,0.0014237506522108475,0.0,0.6302268361199194,0.6533368055555555,0.1668619857089258,0.1732649565914776
1,JOINT_BIN,-1,20264529,0,run,4-7,1351,4560,True,0.7195175438596492,0.712702558287253,0.10863350485991996,0.0068149855723960715,0.0,0.7060861382386937,0.7312436500377573,0.10484012725435111,0.11317659654815797
1,JOINT_BIN,-1,20264529,0,run,8+,374,1088,True,0.6911764705882353,0.688544064726425,0.02591957308938441,0.0026324058618102616,0.0,0.6624020736684807,0.7164863736300022,0.022654458227068873,0.029370076287815076
1,JOINT_BIN,-1,20264529,1,all,all,214,4896,True,0.320874183006536,0.3230286295287474,1.0,-0.0021544465222114585,0.0,0.29948324256388775,0.3433934737914419,1.0,1.0
1,JOINT_BIN,-1,20264529,1,history,1-4,214,856,True,0.31542056074766356,0.32300702137149906,0.17483660130718953,-0.007586460623835505,0.0,0.2698014018691589,0.3621495327102804,0.17003359320709543,0.18070604149906716
1,JOINT_BIN,-1,20264529,1,history,5-8,214,856,True,0.28738317757009346,0.30286251765368016,0.17483660130718953,-0.015479340083586675,0.0,0.24766355140186916,0.3307242990654205,0.17003359320709543,0.18070604149906716
1,JOINT_BIN,-1,20264529,1,history,9-16,214,1698,True,0.3309776207302709,0.32776517633351965,0.34681372549019607,0.003212444396751225,0.0,0.28807331842587225,0.36865188942112015,0.33715293076791075,0.3572669056207886
1,JOINT_BIN,-1,20264529,1,history,17-31,182,1486,True,0.33176312247644685,0.3292453400759606,0.3035130718954248,0.0025177824004862124,0.0,0.2973158651383591,0.3715140651683272,0.2812485156744775,0.32271400059645966
1,JOINT_BIN,-1,20264529,1,run,1,214,3404,True,0.16128084606345475,0.16332841049604271,0.6952614379084967,-0.0020475644325879277,0.0,0.14910923895024525,0.17223861292681011,0.6724058271446325,0.7172534403746442
1,JOINT_BIN,-1,20264529,1,run,2-3,208,822,True,0.6472019464720195,0.6600910645021488,0.16789215686274508,-0.012889118030129371,0.0,0.6185756158639386,0.679072075648753,0.1581603868627846,0.1777927052971247
1,JOINT_BIN,-1,20264529,1,run,4-7,159,527,True,0.7229601518026565,0.7178606182151925,0.1076388888888889,0.005099533587463999,0.0,0.6818956824108954,0.7610013621529924,0.09702507886435331,0.11956554013894395
1,JOINT_BIN,-1,20264529,1,run,8+,42,143,False,0.7622377622377622,0.7319640561122042,0.02920751633986928,0.03027370612555813,0.0,0.6588003095975232,0.8257597037793667,0.017927957789228906,0.041073493016266976
1,JOINT_BIN,-1,20264530,0,all,all,1834,41976,True,0.31022489041356965,0.31269348104185896,1.0,-0.0024685906282893035,0.0,0.3029956815125983,0.317199548351879,1.0,1.0
1,JOINT_BIN,-1,20264530,0,history,1-4,1834,7336,True,0.31038713195201745,0.31339911408595955,0.1747665332570993,-0.003011982133942089,0.0,0.2968886314067612,0.327303707742639,0.1730388653781138,0.17635919003460354
1,JOINT_BIN,-1,20264530,0,history,5-8,1834,7336,True,0.309432933478735,0.3120575450520914,0.1747665332570993,-0.0026246115733564155,0.0,0.29238685932388225,0.32390607960741546,0.1730388653781138,0.17635919003460354
1,JOINT_BIN,-1,20264530,0,history,9-16,1834,14569,True,0.3103850641773629,0.3118620936446746,0.34707928340003813,-0.0014770294673116609,0.0,0.2978548093601519,0.3241097893159857,0.34390289730619583,0.3501385517080173
1,JOINT_BIN,-1,20264530,0,history,17-31,1605,12735,True,0.31040439733019237,0.31360444966368795,0.3033876500857633,-0.0032000523334955945,0.0,0.2973712967226031,0.32449233819002227,0.2972271534033194,0.31003486330905866
1,JOINT_BIN,-1,20264530,0,run,1,1834,29534,True,0.1635064671226383,0.1624732606235189,0.7035925290642272,0.0010332064991194156,0.0,0.1593375201346579,0.16770331137948027,0.6971264525420322,0.7104531614674345
1,JOINT_BIN,-1,20264530,0,run,2-3,1778,7147,True,0.6301944871974255,0.6398118779864279,0.1702639603583,-0.009617390789002474,0.0,0.6181258202667232,0.6410583006986965,0.1670121327464833,0.17363418163765434
1,JOINT_BIN,-1,20264530,0,run,4-7,1374,4394,True,0.6982248520710059,0.7132809384328971,0.10467886411282638,-0.015056086361891215,0.0,0.6871760838940345,0.7125510301637704,0.10097847929767922,0.10855091030847017
1,JOINT_BIN,-1,20264530,0,run,8+,324,901,True,0.6892341842397336,0.6883955000165526,0.021464646464646464,0.0008386842231809669,0.0,0.6605866871367475,0.7186112499768557,0.018952176214433483,0.024380485946543247
1,JOINT_BIN,-1,20264530,1,all,all,214,4896,True,0.31842320261437906,0.31873631784800954,1.0,-0.00031311523363045373,0.0,0.29756852678185786,0.34190756298139746,1.0,1.0
1,JOINT_BIN,-1,20264530,1,history,1-4,214,856,True,0.308411214953271,0.30292314890904876,0.17483660130718953,0.005488066044222295,0.0,0.2674357476635514,0.35400116822429906,0.16953684421279655,0.17968094038623006
1,JOINT_BIN,-1,20264530,1,history,5-8,214,856,True,0.3574766355140187,0.33546043137051756,0.17483660130718953,0.02201620414350111,0.0,0.31305490654205603,0.397196261682243,0.16953684421279655,0.17968094038623006
1,JOINT_BIN,-1,20264530,1,history,9-16,214,1698,True,0.31861012956419316,0.3167767732444508,0.34681372549019607,0.0018333563197423862,0.0,0.2841452272072591,0.3592532874625659,0.33676536895633563,0.35642577503443157
1,JOINT_BIN,-1,20264530,1,history,17-31,182,1486,True,0.30148048452220727,0.3204506773186195,0.3035130718954248,-0.018970192796412197,0.0,0.26144209669051505,0.34058500900515976,0.28439144746110373,0.32409209477704864
1,JOINT_BIN,-1,20264530,1,run,1,214,3396,True,0.16372202591283863,0.16328602816554066,0.6936274509803921,0.00043599774729796036,0.0,0.15227090140997634,0.17659116403246675,0.6709594988590735,0.7138258775890124
1,JOINT_BIN,-1,20264530,1,run,2-3,209,845,True,0.6437869822485207,0.6439349065637465,0.17258986928104575,-0.00014792431522576673,0.0,0.6145584725536993,0.6768991464510333,0.16344393738527432,0.18063821258362456
1,JOINT_BIN,-1,20264530,1,run,4-7,166,536,True,0.7014925373134329,0.7099507284160621,0.10947712418300654,-0.008458191102629343,0.0,0.6598002605577484,0.7362160004616627,0.098895456636164,0.12330111189333094
1,JOINT_BIN,-1,20264530,1,run,8+,41,119,False,0.6974789915966386,0.683656084506752,0.024305555555555556,0.013822907089886637,0.0,0.6086651767574157,0.7609387351778656,0.016896425349395873,0.03355620030088115
1,JOINT_CONT,-1,20264501,0,all,all,1834,41976,True,0.31672860682294646,0.31630793117366085,1.0,0.00042067564928557856,0.0,0.3098343960345821,0.32409256150842436,1.0,1.0
1,JOINT_CONT,-1,20264501,0,history,1-4,1834,7336,True,0.3169302071973828,0.31583177427319087,0.1747665332570993,0.0010984329241918956,0.0,0.30084514721919303,0.3339728735005452,0.17299775333722484,0.17661489754671625
1,JOINT_CONT,-1,20264501,0,history,5-8,1834,7336,True,0.313113413304253,0.31525802260804353,0.1747665332570993,-0.0021446093037904563,0.0,0.29961832061068705,0.32947450926935656,0.17299775333722484,0.17661489754671625
1,JOINT_CONT,-1,20264501,0,history,9-16,1834,14569,True,0.32177912004942,0.31897616069577117,0.34707928340003813,0.0028029593536488804,0.0,0.3096990477497615,0.33386967361863584,0.3436802109630484,0.3506440276037681
1,JOINT_CONT,-1,20264501,0,history,17-31,1605,12735,True,0.31291715744012566,0.3141345334784581,0.3033876500857633,-0.0012173760383324705,0.0,0.298885457836193,0.32533510115583236,0.2961513845391494,0.3104464743499869
1,JOINT_CONT,-1,20264501,0,run,1,1834,29268,True,0.16499248325816593,0.1625517864582174,0.6972555746140652,0.002440696799948496,0.0,0.16096120901599234,0.1692463358650056,0.6901449556121271,0.7036010700711135
1,JOINT_CONT,-1,20264501,0,run,2-3,1794,7190,True,0.6347705146036161,0.6412113187419727,0.1712883552506194,-0.006440804138356512,0.0,0.6233119440675411,0.6452862155406472,0.16800926946434458,0.17459376772121202
1,JOINT_CONT,-1,20264501,0,run,4-7,1373,4498,True,0.7100933748332592,0.7129882438712218,0.10715647036401753,-0.0028948690379626595,0.0,0.6975241626727591,0.7230062216704048,0.10330763684961251,0.11132568795618615
1,JOINT_CONT,-1,20264501,0,run,8+,352,1020,True,0.6941176470588235,0.688672088430335,0.024299599771297885,0.005445558628488491,0.0,0.6662921698881601,0.7171659280500522,0.021438262753586738,0.02724336541634856
1,JOINT_CONT,-1,20264501,1,all,all,214,4896,True,0.33231209150326796,0.3248561332946697,1.0,0.007455958208598178,0.0,0.3121214089256852,0.35596471666672996,1.0,1.0
1,JOINT_CONT,-1,20264501,1,history,1-4,214,856,True,0.3119158878504673,0.3170400214332238,0.17483660130718953,-0.005124133582756475,0.0,0.2663259345794392,0.35873247663551394,0.1704135429867813,0.18040137217306937
1,JOINT_CONT,-1,20264501,1,history,5-8,214,856,True,0.3364485981308411,0.3308411744641323,0.17483660130718953,0.005607423666708801,0.0,0.29553154205607474,0.3820677570093457,0.1704135429867813,0.18040137217306937
1,JOINT_CONT,-1,20264501,1,history,9-16,214,1698,True,0.34275618374558303,0.3211746702024961,0.34681372549019607,0.02158151354308687,0.0,0.3033702911043735,0.3819591841191424,0.33763634706094536,0.35709428886599714
1,JOINT_CONT,-1,20264501,1,history,17-31,182,1486,True,0.3297442799461642,0.33011758742848457,0.3035130718954248,-0.000373307482320336,0.0,0.29029373783432405,0.3674858805168377,0.2820383127609718,0.3215341633227246
1,JOINT_CONT,-1,20264501,1,run,1,214,3337,True,0.1708121066826491,0.16246610117808447,0.6815767973856209,0.008346005504564645,0.0,0.1583922666579751,0.1835645178908527,0.6582236857046821,0.7027683533972342
1,JOINT_CONT,-1,20264501,1,run,2-3,209,861,True,0.6527293844367015,0.6530364146276132,0.17585784313725492,-0.000307030190911669,0.0,0.621928303788077,0.685477114749747,0.16686868721633186,0.18512425935740762
1,JOINT_CONT,-1,20264501,1,run,4-7,166,574,True,0.7212543554006968,0.7029015892438766,0.11723856209150327,0.018352766156820327,0.0,0.6890810276679842,0.7550070422535211,0.10544074848507462,0.12939339019722892
1,JOINT_CONT,-1,20264501,1,run,8+,48,124,False,0.6532258064516129,0.6662611593473826,0.025326797385620915,-0.01303535289576985,0.0,0.5606900109236558,0.7237080472921434,0.01754256558149853,0.033665596397802366
1,JOINT_CONT,-1,20264502,0,all,all,1834,41976,True,0.31520392605298264,0.31573300176675084,1.0,-0.0005290757137681709,0.0,0.3080516938458689,0.3230725866708678,1.0,1.0
1,JOINT_CONT,-1,20264502,0,history,1-4,1834,7336,True,0.3137949836423119,0.31476855594047265,0.1747665332570993,-0.0009735722981607547,0.0,0.2985141766630316,0.32785237186477645,0.1730473350297483,0.17642768823762947
1,JOINT_CONT,-1,20264502,0,history,5-8,1834,7336,True,0.3095692475463468,0.3134281941855591,0.1747665332570993,-0.003858946639212338,0.0,0.2932115594329335,0.32906215921483095,0.1730473350297483,0.17642768823762947
1,JOINT_CONT,-1,20264502,0,history,9-16,1834,14569,True,0.3115519253208868,0.31394977009632785,0.34707928340003813,-0.0023978447754409798,0.0,0.2990754706128882,0.32260998655498413,0.3439819151467554,0.35040378485257523
1,JOINT_CONT,-1,20264502,0,history,17-31,1605,12735,True,0.3234393404004711,0.31965629546157553,0.3033876500857633,0.0037830449388956333,0.0,0.30967627276054144,0.3375099395464507,0.2968879817849123,0.3098237198209277
1,JOINT_CONT,-1,20264502,0,run,1,1834,29334,True,0.16479170927933456,0.1626986646790934,0.6988279016580904,0.0020930446002411424,0.0,0.16014962641399944,0.16855870286113264,0.691062694007909,0.705662626235916
1,JOINT_CONT,-1,20264502,0,run,2-3,1798,7156,True,0.6295416433761878,0.6419822009869646,0.17047836859157614,-0.012440557610776778,0.0,0.6207541910608471,0.6411624704859374,0.16680721243687607,0.17362437865783237
1,JOINT_CONT,-1,20264502,0,run,4-7,1379,4439,True,0.7150259067357513,0.7130355039102857,0.10575090527920716,0.0019904028254656126,0.0,0.7022743365760042,0.7275298149092875,0.10179365657230958,0.10976999658232797
1,JOINT_CONT,-1,20264502,0,run,8+,361,1047,True,0.6857688634192932,0.6890321111214228,0.02494282447112636,-0.003263247702129575,0.0,0.6569451526998697,0.7159819188338843,0.02192268020752106,0.028308218709409444
1,JOINT_CONT,-1,20264502,1,all,all,214,4896,True,0.3043300653594771,0.31079348147899183,1.0,-0.006463416119514751,0.0,0.2821388807592651,0.32554436502279294,1.0,1.0
1,JOINT_CONT,-1,20264502,1,history,1-4,214,856,True,0.30257009345794394,0.2967557983543674,0.17483660130718953,0.0058142951035765646,0.0,0.2581483644859813,0.35514018691588783,0.16959983358644806,0.1794982088068161
1,JOINT_CONT,-1,20264502,1,history,5-8,214,856,True,0.32710280373831774,0.3236355633411044,0.17483660130718953,0.0034672403972134183,0.0,0.2827102803738318,0.3726927570093458,0.16959983358644806,0.1794982088068161
1,JOINT_CONT,-1,20264502,1,history,9-16,214,1698,True,0.3138987043580683,0.32149147053085886,0.34681372549019607,-0.007592766172790465,0.0,0.2799935217903416,0.34573631856326054,0.3362391777814341,0.3556390006872088
1,JOINT_CONT,-1,20264502,1,history,17-31,182,1486,True,0.2812920592193809,0.2992579830070136,0.3035130718954248,-0.017965923787632725,0.0,0.24348399663258008,0.32085216243912196,0.2853456758854932,0.32454414330039894
1,JOINT_CONT,-1,20264502,1,run,1,214,3469,True,0.1510521764197175,0.16179110221736287,0.7085375816993464,-0.010738925797645373,0.0,0.13857504266362325,0.16410433654801557,0.6888164274715651,0.7305259530466875
1,JOINT_CONT,-1,20264502,1,run,2-3,203,783,True,0.6411238825031929,0.6346156616413207,0.15992647058823528,0.0065082208618721,0.0,0.6082948153991333,0.6726004207428152,0.14867278101183265,0.17039917643530342
1,JOINT_CONT,-1,20264502,1,run,4-7,159,499,True,0.7074148296593187,0.7197037248580244,0.10191993464052287,-0.012288895198705768,0.0,0.66515915592917,0.7444129482549445,0.09052976863597861,0.11229976499364525
1,JOINT_CONT,-1,20264502,1,run,8+,41,145,False,0.7655172413793103,0.7196919307572697,0.029616013071895424,0.045825310622040726,0.0,0.6799117647058824,0.8325139870271716,0.019316258061568736,0.03975851630083665
1,JOINT_CONT,-1,20264503,0,all,all,1834,41976,True,0.31027253668763105,0.31305151732727243,1.0,-0.0027789806396414296,0.0,0.3024511496895387,0.31759053923538794,1.0,1.0
1,JOINT_CONT,-1,20264503,0,history,1-4,1834,7336,True,0.30602508178844057,0.3107133084077813,0.1747665332570993,-0.004688226619340748,0.0,0.2906181842966194,0.3208833151581243,0.17319758028543292,0.17647002238647044
1,JOINT_CONT,-1,20264503,0,history,5-8,1834,7336,True,0.3105234460196292,0.31223866043453535,0.1747665332570993,-0.0017152144149061722,0.0,0.2958015267175573,0.3256679389312977,0.17319758028543292,0.17647002238647044
1,JOINT_CONT,-1,20264503,0,history,9-16,1834,14569,True,0.3126501475736152,0.3153644663899817,0.34707928340003813,-0.0027143188163665046,0.0,0.2994183370548595,0.32462082218104454,0.34408793468290544,0.3503346826763713
1,JOINT_CONT,-1,20264503,0,history,17-31,1605,12735,True,0.3098547310561445,0.31222064680539535,0.3033876500857633,-0.0023659157492508533,0.0,0.2972999035846846,0.3238536780141093,0.29665111803340327,0.30952754269670435
1,JOINT_CONT,-1,20264503,0,run,1,1834,29538,True,0.16040354797210374,0.1628189713582724,0.7036878216123499,-0.0024154233861686707,0.0,0.15621621150306034,0.1648047842225068,0.6966154299758807,0.7109483855787128
1,JOINT_CONT,-1,20264503,0,run,2-3,1779,7003,True,0.632157646722833,0.6399624254922068,0.16683342862588146,-0.007804778769373792,0.0,0.6199144248283467,0.6433400600943875,0.16363997540074832,0.17041249562879943
1,JOINT_CONT,-1,20264503,0,run,4-7,1334,4405,True,0.7144154370034053,0.7128618659946921,0.1049409186201639,0.0015535710087131668,0.0,0.6999718803570751,0.7265847613445575,0.10021964317194564,0.1088028946090565
1,JOINT_CONT,-1,20264503,0,run,8+,356,1030,True,0.6912621359223301,0.68882556302951,0.024537831141604727,0.002436572892820114,0.0,0.6622188777398127,0.7180016423357664,0.0216013651764815,0.02739248099179282
1,JOINT_CONT,-1,20264503,1,all,all,214,4896,True,0.31086601307189543,0.31800289378351393,1.0,-0.007136880711618435,0.0,0.2872339927769729,0.3336101279958146,1.0,1.0
1,JOINT_CONT,-1,20264503,1,history,1-4,214,856,True,0.32593457943925236,0.3286115400239773,0.17483660130718953,-0.0026769605847249602,0.0,0.2826810747663551,0.3726635514018692,0.16967042261484988,0.17979604988154305
1,JOINT_CONT,-1,20264503,1,history,5-8,214,856,True,0.3341121495327103,0.3272615388982581,0.17483660130718953,0.0068506106344522096,0.0,0.28615654205607477,0.3820385514018691,0.16967042261484988,0.17979604988154305
1,JOINT_CONT,-1,20264503,1,history,9-16,214,1698,True,0.31861012956419316,0.319659503404967,0.34681372549019607,-0.0010493738407738268,0.0,0.2860894227213301,0.35571621635724193,0.336628274720553,0.35681452683557047
1,JOINT_CONT,-1,20264503,1,history,17-31,182,1486,True,0.27994616419919244,0.30466552868439867,0.3035130718954248,-0.024719364485206216,0.0,0.24181989391149744,0.3176611858886316,0.283700564646552,0.324098245544458
1,JOINT_CONT,-1,20264503,1,run,1,214,3423,True,0.16243061641834647,0.16409097867764694,0.6991421568627451,-0.0016603622593004516,0.0,0.15045086991487192,0.17462938555936827,0.6776849374128849,0.7221546267056453
1,JOINT_CONT,-1,20264503,1,run,2-3,208,830,True,0.6240963855421687,0.6441087667862997,0.16952614379084968,-0.02001238124413115,0.0,0.5954085111503289,0.6537585224619408,0.15979526189197393,0.17956174489103519
1,JOINT_CONT,-1,20264503,1,run,4-7,167,520,True,0.7057692307692308,0.7244260735673287,0.10620915032679738,-0.018656842798097865,0.0,0.66665,0.7399331677009542,0.09553734166777327,0.1179941537344338
1,JOINT_CONT,-1,20264503,1,run,8+,47,123,False,0.6585365853658537,0.6824952297793389,0.025122549019607844,-0.023958644413485133,0.0,0.5655648610121169,0.7232807845084409,0.017515060342114752,0.03441410614008478
1,JOINT_CONT,-1,20264504,0,all,all,1834,41976,True,0.3228035067657709,0.3195207877964157,1.0,0.0032827189693552094,0.0,0.3148714638837458,0.32978441442765116,1.0,1.0
1,JOINT_CONT,-1,20264504,0,history,1-4,1834,7336,True,0.3234732824427481,0.3184631985474541,0.1747665332570993,0.005010083895294034,0.0,0.3084753271537623,0.3396980643402399,0.17327807109450327,0.1765083423021919
1,JOINT_CONT,-1,20264504,0,history,5-8,1834,7336,True,0.3286532170119956,0.3242409983159736,0.1747665332570993,0.004412218696022052,0.0,0.3125408942202836,0.3427208287895311,0.17327807109450327,0.1765083423021919
1,JOINT_CONT,-1,20264504,0,history,9-16,1834,14569,True,0.3166998421305512,0.31525464984088275,0.34707928340003813,0.0014451922896684486,0.0,0.30481208705959695,0.3289675552655992,0.3441156236402356,0.3504305474931616
1,JOINT_CONT,-1,20264504,0,history,17-31,1605,12735,True,0.32603062426383983,0.3222914492988159,0.3033876500857633,0.0037391749650239367,0.0,0.31244999774712334,0.338876989249854,0.29661206279722013,0.3093861491839352
1,JOINT_CONT,-1,20264504,0,run,1,1834,29003,True,0.16381064027859188,0.162296358399093,0.6909424433009339,0.001514281879498875,0.0,0.15960433625037207,0.16805183146711544,0.6842003645316752,0.6985551050022966
1,JOINT_CONT,-1,20264504,0,run,2-3,1772,7085,True,0.6458715596330276,0.6401694353413091,0.16878692586239757,0.005702124291718384,0.0,0.6343943105694444,0.6570990529077756,0.16570845066991632,0.17190802118783188
1,JOINT_CONT,-1,20264504,0,run,4-7,1399,4769,True,0.7221639756762424,0.7123109594650878,0.11361254049933295,0.00985301621115457,0.0,0.70928100679975,0.732355485879236,0.10911386154984837,0.11748753864120619
1,JOINT_CONT,-1,20264504,0,run,8+,376,1119,True,0.6961572832886506,0.690359151752701,0.02665809033733562,0.005798131535949527,0.0,0.6678977039884957,0.7210864081417926,0.02328911265394591,0.029704374460805573
1,JOINT_CONT,-1,20264504,1,all,all,214,4896,True,0.29758986928104575,0.30334486486891626,1.0,-0.005754995587870488,0.0,0.27478956346067757,0.3192807720311204,1.0,1.0
1,JOINT_CONT,-1,20264504,1,history,1-4,214,856,True,0.28738317757009346,0.30188295297308226,0.17483660130718953,-0.01449977540298887,0.0,0.24182242990654207,0.33297313084112146,0.17041439032193204,0.17998412542593825
1,JOINT_CONT,-1,20264504,1,history,5-8,214,856,True,0.2967289719626168,0.3015963711918604,0.17483660130718953,-0.004867399229243583,0.0,0.253446261682243,0.3388142523364486,0.17041439032193204,0.17998412542593825
1,JOINT_CONT,-1,20264504,1,history,9-16,214,1698,True,0.29799764428739695,0.30159629695443363,0.34681372549019607,-0.0035986526670366906,0.0,0.2612507488123731,0.33412748562322453,0.33818820283690604,0.35673544607077484
1,JOINT_CONT,-1,20264504,1,history,17-31,182,1486,True,0.3034993270524899,0.307192223879135,0.3035130718954248,-0.003692896826645106,0.0,0.2653171266808209,0.3462979928638676,0.2835044430503661,0.3205982314414377
1,JOINT_CONT,-1,20264504,1,run,1,214,3500,True,0.15542857142857142,0.16351141968889263,0.7148692810457516,-0.008082848260321199,0.0,0.1420394542694079,0.1685333485612923,0.6933501464216284,0.7364966764814429
1,JOINT_CONT,-1,20264504,1,run,2-3,205,791,True,0.6106194690265486,0.6172814019154615,0.16156045751633988,-0.006661932888912779,0.0,0.5793098075906113,0.6472413194874718,0.1502398909515274,0.1711151518582278
1,JOINT_CONT,-1,20264504,1,run,4-7,150,490,True,0.710204081632653,0.7099019455990858,0.10008169934640523,0.0003021360335671164,0.0,0.6689594863062296,0.7464877874844,0.08846456089033515,0.11138471874192461
1,JOINT_CONT,-1,20264504,1,run,8+,38,115,False,0.7130434782608696,0.6675212802470224,0.023488562091503268,0.045522198013847076,0.0,0.6022727272727273,0.7786058572300182,0.015951125239316546,0.031731751535452796
1,JOINT_CONT,-1,20264505,0,all,all,1834,41976,True,0.31715742328949875,0.31660200652178555,1.0,0.0005554167677132285,0.0,0.30952412565379983,0.32329053732659385,1.0,1.0
1,JOINT_CONT,-1,20264505,0,history,1-4,1834,7336,True,0.31952017448200654,0.31924618019878276,0.1747665332570993,0.0002739942832237161,0.0,0.3030057251908397,0.33465444383860415,0.17300244493534386,0.1764025521354858
1,JOINT_CONT,-1,20264505,0,history,5-8,1834,7336,True,0.3053435114503817,0.3092805006817589,0.1747665332570993,-0.003936989231377157,0.0,0.2900627044711014,0.3200688386041439,0.17300244493534386,0.1764025521354858
1,JOINT_CONT,-1,20264505,0,history,9-16,1834,14569,True,0.31615073100418695,0.31544916810694834,0.34707928340003813,0.000701562897238586,0.0,0.30331710385350363,0.32804415638055606,0.34364046660645375,0.3500907152289163
1,JOINT_CONT,-1,20264505,0,history,17-31,1605,12735,True,0.3237534354142128,0.3206152465385697,0.3033876500857633,0.003138188875643122,0.0,0.31015386431534525,0.33719833932654475,0.29703847583157467,0.31038218282611696
1,JOINT_CONT,-1,20264505,0,run,1,1834,29242,True,0.16531017030298886,0.16274521437810338,0.6966361730512673,0.0025649559248854758,0.0,0.1613007828203772,0.16915624070239133,0.6905698880513756,0.7041342109118434
1,JOINT_CONT,-1,20264505,0,run,2-3,1776,7195,True,0.6344683808200139,0.6403831055042115,0.17140747093577283,-0.005914724684197575,0.0,0.6232898144227134,0.6445798261788486,0.16810520758652883,0.1746312929746808
1,JOINT_CONT,-1,20264505,0,run,4-7,1372,4513,True,0.7103922003102149,0.712517383947279,0.1075138174194778,-0.0021251836370640128,0.0,0.6970181545316658,0.7233409041372751,0.1033939513913931,0.1114162661738409
1,JOINT_CONT,-1,20264505,0,run,8+,340,1026,True,0.6900584795321637,0.6896129328041902,0.02444253859348199,0.00044554672797349307,0.0,0.6599480481428056,0.7161997270245677,0.021327580469202963,0.027267347581496845
1,JOINT_CONT,-1,20264505,1,all,all,214,4896,True,0.3255718954248366,0.3151612508268635,1.0,0.010410644597973084,0.0,0.30436581200087826,0.3462654694926371,1.0,1.0
1,JOINT_CONT,-1,20264505,1,history,1-4,214,856,True,0.308411214953271,0.3091777788771602,0.17483660130718953,-0.0007665639238891206,0.0,0.2605140186915888,0.3528621495327102,0.17000318807412165,0.18074419753703017
1,JOINT_CONT,-1,20264505,1,history,5-8,214,856,True,0.375,0.3464586928148505,0.17483660130718953,0.028541307185149536,0.0,0.32593457943925236,0.42406542056074764,0.17000318807412165,0.18074419753703017
1,JOINT_CONT,-1,20264505,1,history,9-16,214,1698,True,0.31861012956419316,0.3135510824640911,0.34681372549019607,0.0050590471001020765,0.0,0.282923605617811,0.3538836352427136,0.3378399863521318,0.3587916386671759
1,JOINT_CONT,-1,20264505,1,history,17-31,182,1486,True,0.3149394347240915,0.30241919667290446,0.3035130718954248,0.012520238051187058,0.0,0.28222470195163635,0.3514861433595394,0.2792877435843227,0.32195343678919386
1,JOINT_CONT,-1,20264505,1,run,1,214,3388,True,0.16499409681227864,0.15879710128367192,0.6919934640522876,0.0061969955286067,0.0,0.15341100771078503,0.1783175663558106,0.6707431085012177,0.7118853238815198
1,JOINT_CONT,-1,20264505,1,run,2-3,208,816,True,0.6666666666666666,0.637551931273874,0.16666666666666666,0.029114735392792544,0.0,0.6362404089160083,0.6943679125079634,0.15632530020589436,0.1772778418596748
1,JOINT_CONT,-1,20264505,1,run,4-7,171,560,True,0.7232142857142857,0.7110958244459592,0.11437908496732026,0.012118461268326615,0.0,0.6903630952380952,0.7545974625551698,0.10419842233530487,0.1250012982966348
1,JOINT_CONT,-1,20264505,1,run,8+,50,132,False,0.6515151515151515,0.6558247521971584,0.02696078431372549,-0.0043096006820068766,0.0,0.5376233004532125,0.7288190267905958,0.018790402469497217,0.03564512654212548
1,JOINT_CONT,-1,20264506,0,all,all,1834,41976,True,0.3157518582046884,0.31534139511682147,1.0,0.00041046308786689347,0.0,0.3084458718614332,0.3228497793120781,1.0,1.0
1,JOINT_CONT,-1,20264506,0,history,1-4,1834,7336,True,0.3062977099236641,0.3125960476705362,0.1747665332570993,-0.006298337746872094,0.0,0.29034555616139585,0.32252249182115594,0.17311165033724468,0.17627454235303575
1,JOINT_CONT,-1,20264506,0,history,5-8,1834,7336,True,0.3165212649945474,0.3116000774481964,0.1747665332570993,0.004921187546351002,0.0,0.299594465648855,0.33180207197382766,0.17311165033724468,0.17627454235303575
1,JOINT_CONT,-1,20264506,0,history,9-16,1834,14569,True,0.32198503672180656,0.32094141950361205,0.34707928340003813,0.0010436172181945383,0.0,0.3091691697942261,0.33498032000705447,0.3439881011360897,0.35002592054849013
1,JOINT_CONT,-1,20264506,0,history,17-31,1605,12735,True,0.31362387122104435,0.312671541955599,0.3033876500857633,0.000952329265445404,0.0,0.29895321713533607,0.32732256400801607,0.2974263227435645,0.3097540769512394
1,JOINT_CONT,-1,20264506,0,run,1,1834,29317,True,0.16492137667564893,0.16225814213974496,0.6984229083285687,0.0026632345359039857,0.0,0.16081613992754082,0.16909027542288674,0.691335353322285,0.7053265972766478
1,JOINT_CONT,-1,20264506,0,run,2-3,1788,7193,True,0.639371611288753,0.6401951850007878,0.17135982466171146,-0.0008235737120347797,0.0,0.6290542519362519,0.6500426825926746,0.1681775420154111,0.17456533831869642
1,JOINT_CONT,-1,20264506,0,run,4-7,1401,4534,True,0.7075430083811204,0.7133035263054099,0.10801410329712216,-0.005760517924289494,0.0,0.6945468730688419,0.7182666439499259,0.10423783234271691,0.11230837892984821
1,JOINT_CONT,-1,20264506,0,run,8+,349,932,True,0.6566523605150214,0.6875604016452809,0.022203163712597673,-0.03090804113025936,0.0,0.6251307459399945,0.6853150228150228,0.01945174230161721,0.02470441047645896
1,JOINT_CONT,-1,20264506,1,all,all,214,4896,True,0.3161764705882353,0.3133319697235434,1.0,0.0028445008646919272,0.0,0.29842112701294304,0.33368593244054706,1.0,1.0
1,JOINT_CONT,-1,20264506,1,history,1-4,214,856,True,0.2932242990654206,0.3055120088523133,0.17483660130718953,-0.012287709786892798,0.0,0.25350467289719625,0.3353095794392523,0.16940096437129684,0.180635504706633
1,JOINT_CONT,-1,20264506,1,history,5-8,214,856,True,0.338785046728972,0.324989964483922,0.17483660130718953,0.013795082245049922,0.0,0.2967289719626168,0.38320677570093453,0.16940096437129684,0.180635504706633
1,JOINT_CONT,-1,20264506,1,history,9-16,214,1698,True,0.3244994110718492,0.3134586604228377,0.34681372549019607,0.011040750649011498,0.0,0.2936198787858513,0.35727216845272713,0.3366414397635524,0.3579888834793898
1,JOINT_CONT,-1,20264506,1,history,17-31,182,1486,True,0.30686406460296095,0.31097633189278084,0.3035130718954248,-0.004112267289819879,0.0,0.2675439682590825,0.34646506650619646,0.28078714007511474,0.3244342599090966
1,JOINT_CONT,-1,20264506,1,run,1,214,3411,True,0.16124303723248315,0.16061975572348158,0.6966911764705882,0.0006232815090015604,0.0,0.1497141208942196,0.17207497653276302,0.6786359467284289,0.7138630995315718
1,JOINT_CONT,-1,20264506,1,run,2-3,210,821,True,0.6382460414129111,0.6241526839464594,0.167687908496732,0.014093357466451809,0.0,0.6083086969001148,0.6711489370605959,0.1591969672472828,0.1758323673066118
1,JOINT_CONT,-1,20264506,1,run,4-7,162,559,True,0.7280858676207513,0.7227647594657138,0.11417483660130719,0.005321108155037571,0.0,0.6876126386321627,0.7595384917517675,0.10397618111457703,0.1250012667207134
1,JOINT_CONT,-1,20264506,1,run,8+,43,105,False,0.638095238095238,0.6642331707837673,0.02144607843137255,-0.026137932688529323,0.0,0.5130949048152296,0.7229462135402728,0.014713616122521174,0.02923766569717873
1,JOINT_CONT,-1,20264507,0,all,all,1834,41976,True,0.3178006479893272,0.31670641228926866,1.0,0.00109423570005851,0.0,0.3116029805949953,0.32496991064657915,1.0,1.0
1,JOINT_CONT,-1,20264507,0,history,1-4,1834,7336,True,0.3125681570338059,0.31403862132112487,0.1747665332570993,-0.0014704642873189966,0.0,0.2971544438386041,0.3292052889858233,0.1731420912970967,0.17634244478231242
1,JOINT_CONT,-1,20264507,0,history,5-8,1834,7336,True,0.3218375136314068,0.31649671454884304,0.1747665332570993,0.005340799082563741,0.0,0.3064169847328244,0.33929252998909487,0.1731420912970967,0.17634244478231242
1,JOINT_CONT,-1,20264507,0,history,9-16,1834,14569,True,0.3171803143661198,0.3170150798113012,0.34707928340003813,0.0001652345548185653,0.0,0.30471410726837,0.3298403870113579,0.3438636164686143,0.3500201856535265
1,JOINT_CONT,-1,20264507,0,history,17-31,1605,12735,True,0.31919905771495877,0.31801087087093927,0.3033876500857633,0.0011881868440195408,0.0,0.3072261785676044,0.33218569842090667,0.2973870090665287,0.30982032239148316
1,JOINT_CONT,-1,20264507,0,run,1,1834,29235,True,0.16384470668719,0.16231936600996175,0.6964694110920526,0.0015253406772282752,0.0,0.15975593755644713,0.16827995598133907,0.689323665939964,0.7024048671048402
1,JOINT_CONT,-1,20264507,0,run,2-3,1795,7119,True,0.6396965865992414,0.6412035131776022,0.16959691252144082,-0.0015069265783606263,0.0,0.6290887475801311,0.6498834722559089,0.16657834308942662,0.1731340215030684
1,JOINT_CONT,-1,20264507,0,run,4-7,1387,4598,True,0.7203131796433232,0.7132799291149737,0.10953878406708595,0.0070332505283495095,0.0,0.7078207264872577,0.7353754520314827,0.10541258264751076,0.11347192061669673
1,JOINT_CONT,-1,20264507,0,run,8+,376,1024,True,0.66796875,0.6877663794639789,0.02439489231942062,-0.01979762946397889,0.0,0.6362670920071436,0.6962846472845663,0.021871629167691545,0.027403386644707314
1,JOINT_CONT,-1,20264507,1,all,all,214,4896,True,0.3161764705882353,0.3127272623011441,1.0,0.0034492082870911656,0.0,0.2941594060137276,0.33936335850811716,1.0,1.0
1,JOINT_CONT,-1,20264507,1,history,1-4,214,856,True,0.3119158878504673,0.31354154579339,0.17483660130718953,-0.0016256579429226683,0.0,0.2698306074766355,0.35519859813084104,0.16956121842835944,0.18021812692845565
1,JOINT_CONT,-1,20264507,1,history,5-8,214,856,True,0.3212616822429907,0.32208734347910856,0.17483660130718953,-0.0008256612361179444,0.0,0.27333528037383176,0.3703855140186915,0.16956121842835944,0.18021812692845565
1,JOINT_CONT,-1,20264507,1,history,9-16,214,1698,True,0.3409893992932862,0.32157574542743395,0.34681372549019607,0.019413653865852327,0.0,0.3042819305473808,0.3798021385422133,0.3369498204461631,0.35686290801001574
1,JOINT_CONT,-1,20264507,1,history,17-31,182,1486,True,0.2873485868102288,0.2967555392149126,0.3035130718954248,-0.009406952404683814,0.0,0.2526992140541588,0.32394606467057,0.28256135854815345,0.32335462977663
1,JOINT_CONT,-1,20264507,1,run,1,214,3405,True,0.16769456681350955,0.15980395574704542,0.6954656862745098,0.007890611066464126,0.0,0.15482775110376154,0.18036244360092663,0.6730024470233686,0.7170267839298052
1,JOINT_CONT,-1,20264507,1,run,2-3,211,839,True,0.6138259833134684,0.6311827953458279,0.17136437908496732,-0.017356812032359448,0.0,0.5749082349354999,0.6477977821002716,0.16104625928806615,0.18063962659231944
1,JOINT_CONT,-1,20264507,1,run,4-7,155,536,True,0.707089552238806,0.7127796138316732,0.10947712418300654,-0.005690061592867305,0.0,0.6666500994035784,0.7453385695682991,0.09608587655627676,0.12136753047331483
1,JOINT_CONT,-1,20264507,1,run,8+,37,116,False,0.7155172413793104,0.6497238672309099,0.02369281045751634,0.06579337414840035,0.0,0.621581081081081,0.7822911651420317,0.014975441553616254,0.033949966363516805
1,JOINT_CONT,-1,20264508,0,all,all,1834,41976,True,0.31239279588336194,0.31401447244026837,1.0,-0.001621676556906454,0.0,0.3047627302059971,0.31956293764034416,1.0,1.0
1,JOINT_CONT,-1,20264508,0,history,1-4,1834,7336,True,0.3249727371864776,0.3197050697601042,0.1747665332570993,0.005267667426373467,0.0,0.3076608505997819,0.34064885496183206,0.17282596763794467,0.17643129469163094
1,JOINT_CONT,-1,20264508,0,history,5-8,1834,7336,True,0.3099781897491821,0.31626555132139933,0.1747665332570993,-0.0062873615722172475,0.0,0.2931979280261723,0.32702767175572517,0.17282596763794467,0.17643129469163094
1,JOINT_CONT,-1,20264508,0,history,9-16,1834,14569,True,0.3057862584940627,0.30883289659374236,0.34707928340003813,-0.003046638099679658,0.0,0.2952105989956693,0.31855252485699953,0.3435699244225944,0.35010215118375193
1,JOINT_CONT,-1,20264508,0,history,17-31,1605,12735,True,0.3140950137416568,0.3153674557066794,0.3033876500857633,-0.0012724419650225667,0.0,0.3011131341933738,0.3272479262164962,0.2970618154606497,0.3108832093078952
1,JOINT_CONT,-1,20264508,0,run,1,1834,29440,True,0.15828804347826086,0.16173610474622704,0.7013531541833429,-0.0034480612679661732,0.0,0.15406222519221546,0.1622008781148161,0.6943841665247987,0.7086679243310727
1,JOINT_CONT,-1,20264508,0,run,2-3,1780,6955,True,0.6475916606757728,0.6419798966390708,0.1656899180484086,0.005611764036701963,0.0,0.6347898342704261,0.6587105470503505,0.1625417874555049,0.16912152919353188
1,JOINT_CONT,-1,20264508,0,run,4-7,1394,4557,True,0.7094579767390827,0.7129423938804123,0.1085620354488279,-0.003484417141329513,0.0,0.697113943768808,0.7211145073087559,0.10439532757958904,0.11269698585619381
1,JOINT_CONT,-1,20264508,0,run,8+,346,1024,True,0.69921875,0.6891717786972703,0.02439489231942062,0.010046971302729718,0.0,0.6684186608505233,0.7269056261343012,0.021285034887391696,0.02747083605033739
1,JOINT_CONT,-1,20264508,1,all,all,214,4896,True,0.3159722222222222,0.31655327004690803,1.0,-0.0005810478246858055,0.0,0.296512742955513,0.33415238760180493,1.0,1.0
1,JOINT_CONT,-1,20264508,1,history,1-4,214,856,True,0.30257009345794394,0.3008563340740894,0.17483660130718953,0.001713759383854472,0.0,0.2581483644859813,0.3470210280373831,0.17048396733718382,0.17956786238724565
1,JOINT_CONT,-1,20264508,1,history,5-8,214,856,True,0.316588785046729,0.30528214080200006,0.17483660130718953,0.011306644244728953,0.0,0.2698014018691589,0.3645151869158878,0.17048396733718382,0.17956786238724565
1,JOINT_CONT,-1,20264508,1,history,9-16,214,1698,True,0.3215547703180212,0.3264506347125966,0.34681372549019607,-0.004895864394575419,0.0,0.28309248569941,0.3572721163650532,0.3387126550545127,0.3559582650092568
1,JOINT_CONT,-1,20264508,1,history,17-31,182,1486,True,0.31695827725437414,0.32077866615998657,0.3035130718954248,-0.0038203889056124176,0.0,0.2820933116718146,0.3525824252682231,0.2851799169151303,0.3199880269614032
1,JOINT_CONT,-1,20264508,1,run,1,214,3424,True,0.15712616822429906,0.1625265648473082,0.6993464052287581,-0.005400396623009163,0.0,0.14460273848948665,0.16834781238734878,0.6815058258904153,0.7185713965235573
1,JOINT_CONT,-1,20264508,1,run,2-3,212,816,True,0.6752450980392157,0.6535787768555464,0.16666666666666666,0.02166632118366925,0.0,0.6416968278655562,0.7038869066695154,0.1568800663245244,0.17551445699906038
1,JOINT_CONT,-1,20264508,1,run,4-7,163,551,True,0.705989110707804,0.7015322868682741,0.11254084967320262,0.004456823839529956,0.0,0.6710999915902783,0.7389095803913779,0.10195979330416162,0.12310302620204912
1,JOINT_CONT,-1,20264508,1,run,8+,38,105,False,0.6571428571428571,0.6998979060374615,0.02144607843137255,-0.0427550488946043,0.0,0.529390756302521,0.7519808099835176,0.012834681866426313,0.029984208690717853
1,JOINT_CONT,-1,20264509,0,all,all,1834,41976,True,0.3153468648751668,0.3158428992354817,1.0,-0.000496034360314978,0.0,0.30859514856850123,0.32357484370954354,1.0,1.0
1,JOINT_CONT,-1,20264509,0,history,1-4,1834,7336,True,0.31297709923664124,0.31724143850008574,0.1747665332570993,-0.004264339263444541,0.0,0.2989265267175572,0.3286600327153762,0.17312492736056076,0.1765930020865882
1,JOINT_CONT,-1,20264509,0,history,5-8,1834,7336,True,0.30861504907306436,0.3093924900286006,0.1747665332570993,-0.0007774409555362265,0.0,0.29293211559432936,0.3222634950926936,0.17312492736056076,0.1765930020865882
1,JOINT_CONT,-1,20264509,0,history,9-16,1834,14569,True,0.32198503672180656,0.31719376327887,0.34707928340003813,0.004791273442936581,0.0,0.30915750436054995,0.3361054221122985,0.3440776795529028,0.35041650769912513
1,JOINT_CONT,-1,20264509,0,history,17-31,1605,12735,True,0.312995681193561,0.3172076247673562,0.3033876500857633,-0.004211943573795186,0.0,0.30103586996634796,0.3259120153434889,0.29639762168407874,0.309663899510929
1,JOINT_CONT,-1,20264509,0,run,1,1834,29288,True,0.16218246380770282,0.16237656176827192,0.6977320373546788,-0.0001940979605691019,0.0,0.15799686190280327,0.16674374813866033,0.6900729188734661,0.7041859975451439
1,JOINT_CONT,-1,20264509,0,run,2-3,1784,7095,True,0.6400281888653981,0.6396548345220331,0.1690251572327044,0.0003733543433651359,0.0,0.6294376432474338,0.6511650205974219,0.16554579338392,0.17256932373114725
1,JOINT_CONT,-1,20264509,0,run,4-7,1388,4631,True,0.7158281148779961,0.7130504620523292,0.11032494758909853,0.0027776528256668654,0.0,0.7019732513636495,0.7278585720525287,0.10643773950398198,0.11434755877374791
1,JOINT_CONT,-1,20264509,0,run,8+,355,962,True,0.6559251559251559,0.6877848820595349,0.0229178578235182,-0.031859726134379,0.0,0.6229452309985097,0.6854932405780471,0.020248357177181115,0.02582284052189935
1,JOINT_CONT,-1,20264509,1,all,all,214,4896,True,0.30800653594771243,0.31282481829182796,1.0,-0.004818282344115554,0.0,0.2880980450875638,0.33364408561855424,1.0,1.0
1,JOINT_CONT,-1,20264509,1,history,1-4,214,856,True,0.2733644859813084,0.2947539452944506,0.17483660130718953,-0.02138945931314222,0.0,0.2324766355140187,0.3119158878504673,0.1698370616829487,0.17975829306943272
1,JOINT_CONT,-1,20264509,1,history,5-8,214,856,True,0.29789719626168226,0.30519222846105243,0.17483660130718953,-0.007295032199370215,0.0,0.26282126168224296,0.34582359813084107,0.1698370616829487,0.17975829306943272
1,JOINT_CONT,-1,20264509,1,history,9-16,214,1698,True,0.33156654888103654,0.32606758623039206,0.34681372549019607,0.005498962650644445,0.0,0.29874495816353996,0.37153023672187546,0.3374965931615461,0.35627843650674934
1,JOINT_CONT,-1,20264509,1,history,17-31,182,1486,True,0.30686406460296095,0.3124990741607493,0.3035130718954248,-0.00563500955778827,0.0,0.2714741196111277,0.3453183189563966,0.2844897104578391,0.3229782992669931
1,JOINT_CONT,-1,20264509,1,run,1,214,3444,True,0.16114982578397213,0.16505869198738865,0.7034313725490197,-0.003908866203416487,0.0,0.14883691019417095,0.17408496856892905,0.6781675355044142,0.7227769464090505
1,JOINT_CONT,-1,20264509,1,run,2-3,209,815,True,0.6171779141104294,0.6334529806691671,0.1664624183006536,-0.01627506655873776,0.0,0.5890537436341966,0.6543960935320916,0.15736387047000708,0.1763484475204235
1,JOINT_CONT,-1,20264509,1,run,4-7,154,511,True,0.6966731898238747,0.7064666517117331,0.10437091503267974,-0.009793461887858347,0.0,0.6622990350925594,0.7277969948320598,0.09436905191990091,0.11699159386358757
1,JOINT_CONT,-1,20264509,1,run,8+,38,126,False,0.746031746031746,0.6814248958901307,0.025735294117647058,0.0646068501416153,0.0,0.666578947368421,0.8026721724524076,0.017348068641828782,0.03628204026033174
1,JOINT_CONT,-1,20264510,0,all,all,1834,41976,True,0.31432246998284735,0.3146991495863759,1.0,-0.00037667960352859634,0.0,0.30755081058698885,0.3210035658134004,1.0,1.0
1,JOINT_CONT,-1,20264510,0,history,1-4,1834,7336,True,0.31706652126499457,0.31483027658076135,0.1747665332570993,0.002236244684233229,0.0,0.30206856597600873,0.33410577971646677,0.17305937771743854,0.17663137542607005
1,JOINT_CONT,-1,20264510,0,history,5-8,1834,7336,True,0.3112050163576881,0.3164567280315785,0.1747665332570993,-0.005251711673890427,0.0,0.29606733914940025,0.32879634678298797,0.17305937771743854,0.17663137542607005
1,JOINT_CONT,-1,20264510,0,history,9-16,1834,14569,True,0.3158075365502093,0.31493524041972726,0.34707928340003813,0.0008722961304821114,0.0,0.3044237027093177,0.3280499748718584,0.34376852158184973,0.350585686814234
1,JOINT_CONT,-1,20264510,0,history,17-31,1605,12735,True,0.31283863368669024,0.3133410694563475,0.3033876500857633,-0.0005024357696572477,0.0,0.2996059250414769,0.32553304123856697,0.2960687408083467,0.3100518580011688
1,JOINT_CONT,-1,20264510,0,run,1,1834,29363,True,0.16210877635119028,0.16220506264730641,0.6995187726319801,-9.628629611614233e-05,0.0,0.157998792921567,0.1660957641417319,0.6927827158994432,0.7059960121929313
1,JOINT_CONT,-1,20264510,0,run,2-3,1782,7058,True,0.6387078492490791,0.6391115726755465,0.16814370116256908,-0.00040372342646755147,0.0,0.6274508312231896,0.6497720400058306,0.16515371431695933,0.17131014860377586
1,JOINT_CONT,-1,20264510,0,run,4-7,1370,4535,True,0.7071664829106946,0.712939580365874,0.10803792643415285,-0.00577309745517938,0.0,0.6942416333219145,0.7199290508658741,0.10425932826699592,0.11163693530713506
1,JOINT_CONT,-1,20264510,0,run,8+,340,1020,True,0.7049019607843138,0.6891703643349134,0.024299599771297885,0.015731596449400406,0.0,0.6749851476387906,0.7322741437224297,0.02127736307990105,0.0273339177490522
1,JOINT_CONT,-1,20264510,1,all,all,214,4896,True,0.3174019607843137,0.3158487693785869,1.0,0.0015531914057268054,0.0,0.29723830345492175,0.3411303924132748,1.0,1.0
1,JOINT_CONT,-1,20264510,1,history,1-4,214,856,True,0.3446261682242991,0.3325051448141776,0.17483660130718953,0.012121023410121445,0.0,0.29669976635514017,0.3902161214953271,0.16986908377045096,0.18105002690022431
1,JOINT_CONT,-1,20264510,1,history,5-8,214,856,True,0.3060747663551402,0.31203469916136306,0.17483660130718953,-0.005959932806222858,0.0,0.2627628504672897,0.34582359813084107,0.16986908377045096,0.18105002690022431
1,JOINT_CONT,-1,20264510,1,history,9-16,214,1698,True,0.30212014134275617,0.30111847524491064,0.34681372549019607,0.001001666097845554,0.0,0.268040223135643,0.3394508680015216,0.33762555391549,0.358548380509455
1,JOINT_CONT,-1,20264510,1,history,17-31,182,1486,True,0.32570659488559894,0.3252828381350205,0.3035130718954248,0.0004237567505783927,0.0,0.2909647098716422,0.3697859351238578,0.2790285658726179,0.32302943697896
1,JOINT_CONT,-1,20264510,1,run,1,214,3406,True,0.1638285378743394,0.16128721046530328,0.6956699346405228,0.0025413274090361152,0.0,0.15231113325006443,0.1764173703256936,0.6725445210580036,0.7145969649474528
1,JOINT_CONT,-1,20264510,1,run,2-3,211,866,True,0.6651270207852193,0.6480758733582908,0.17687908496732027,0.017051147426928592,0.0,0.6368877610579622,0.6962526102109269,0.16788513793562077,0.18633923076216458
1,JOINT_CONT,-1,20264510,1,run,4-7,165,541,True,0.678373382624769,0.6986165944955344,0.11049836601307189,-0.020243211870765478,0.0,0.6348358929110824,0.7132800594330997,0.09882979265388685,0.1230347977252193
1,JOINT_CONT,-1,20264510,1,run,8+,37,83,False,0.6385542168674698,0.6971813503900555,0.016952614379084966,-0.05862713352258562,0.0,0.5466666666666666,0.7227950755601875,0.011595588378383639,0.023366585086279
1,JOINT_CONT,-1,20264511,0,all,all,1834,41976,True,0.31353630646083475,0.31484470123190067,1.0,-0.001308394771065907,0.0,0.3060504093266979,0.32123371552314584,1.0,1.0
1,JOINT_CONT,-1,20264511,0,history,1-4,1834,7336,True,0.31284078516902947,0.31475087326237944,0.1747665332570993,-0.0019100880933499837,0.0,0.29716466739367503,0.3279818702290076,0.1730916359265928,0.17650749272871463
1,JOINT_CONT,-1,20264511,0,history,5-8,1834,7336,True,0.31284078516902947,0.31495771093883645,0.1747665332570993,-0.0021169257698070015,0.0,0.2963399672846238,0.32851690294438385,0.1730916359265928,0.17650749272871463
1,JOINT_CONT,-1,20264511,0,history,9-16,1834,14569,True,0.30921820303383896,0.3121765128462254,0.34707928340003813,-0.002958309812386408,0.0,0.29722577846650666,0.32048552698303695,0.34368286495760747,0.35025447007357796
1,JOINT_CONT,-1,20264511,0,history,17-31,1605,12735,True,0.3192775814683942,0.3178860926229671,0.3033876500857633,0.0013914888454271467,0.0,0.3068187665404139,0.3322619085413785,0.2966204648224145,0.31013202556072794
1,JOINT_CONT,-1,20264511,0,run,1,1834,29394,True,0.16377492005171124,0.16259297980693196,0.7002572898799314,0.0011819402447792882,0.0,0.1596902391807153,0.1678546713997322,0.6928893839763388,0.7074077298786443
1,JOINT_CONT,-1,20264511,0,run,2-3,1793,7138,True,0.6407957411039507,0.6412470934789533,0.17004955212502382,-0.00045135237500261254,0.0,0.6292992639253804,0.6520228644717889,0.16632963064738635,0.17298086416761457
1,JOINT_CONT,-1,20264511,0,run,4-7,1401,4494,True,0.696706720071206,0.7133864384431859,0.1070611778158948,-0.016679718371979884,0.0,0.683448921678016,0.7100935177974478,0.10310760347254992,0.1109522162946914
1,JOINT_CONT,-1,20264511,0,run,8+,342,950,True,0.6757894736842105,0.6878765503672196,0.02263198017914999,-0.012087076683009134,0.0,0.6464429647628709,0.702702547647512,0.020176186395413943,0.025694447635250754
1,JOINT_CONT,-1,20264511,1,all,all,214,4896,True,0.31576797385620914,0.31673141811139643,1.0,-0.0009634442551872908,0.0,0.29644992710699164,0.3332234320284981,1.0,1.0
1,JOINT_CONT,-1,20264511,1,history,1-4,214,856,True,0.32009345794392524,0.32527392393469146,0.17483660130718953,-0.0051804659907662655,0.0,0.2780373831775701,0.3644859813084112,0.1697057411134838,0.1803282173265572
1,JOINT_CONT,-1,20264511,1,history,5-8,214,856,True,0.316588785046729,0.3195141737896905,0.17483660130718953,-0.0029253887429615175,0.0,0.2698014018691589,0.36101051401869155,0.1697057411134838,0.1803282173265572
1,JOINT_CONT,-1,20264511,1,history,9-16,214,1698,True,0.3003533568904594,0.30822563676566245,0.34681372549019607,-0.007872279875203092,0.0,0.26351546892341843,0.3345238095238095,0.3375562090057573,0.3565612231554715
1,JOINT_CONT,-1,20264511,1,history,17-31,182,1486,True,0.3304172274562584,0.31992683727673693,0.3035130718954248,0.010490390179521436,0.0,0.2931481590506936,0.36281477342507107,0.28268378747431344,0.3230937718346146
1,JOINT_CONT,-1,20264511,1,run,1,214,3420,True,0.16608187134502925,0.16363186247896871,0.6985294117647058,0.002450008866060511,0.0,0.15413248060475143,0.17827099321907378,0.6812064844795179,0.718714201493387
1,JOINT_CONT,-1,20264511,1,run,2-3,208,860,True,0.6534883720930232,0.6498822642403596,0.17565359477124182,0.0036061078526636228,0.0,0.6198806013842711,0.6806422144433575,0.1663259597313639,0.18479774370223045
1,JOINT_CONT,-1,20264511,1,run,4-7,165,520,True,0.6807692307692308,0.7034288371290703,0.10620915032679738,-0.02265960635983951,0.0,0.6417805816159464,0.7203631507613809,0.09588660343354176,0.1153972153972154
1,JOINT_CONT,-1,20264511,1,run,8+,37,96,False,0.6458333333333334,0.6918157379322718,0.0196078431372549,-0.04598240459893844,0.0,0.5355867346938775,0.735717654986523,0.012109475046650324,0.02656789671485619
1,JOINT_CONT,-1,20264512,0,all,all,1834,41976,True,0.3177291785782352,0.31661143551352877,1.0,0.0011177430647064067,0.0,0.31070640607075145,0.3250289529950734,1.0,1.0
1,JOINT_CONT,-1,20264512,0,history,1-4,1834,7336,True,0.3112050163576881,0.3145406865579722,0.1747665332570993,-0.0033356702002840357,0.0,0.29538917666303166,0.3262131952017448,0.17297470889053954,0.176501017513508
1,JOINT_CONT,-1,20264512,0,history,5-8,1834,7336,True,0.3212922573609597,0.3177510697062121,0.1747665332570993,0.003541187654747556,0.0,0.306979280261723,0.3379259814612868,0.17297470889053954,0.176501017513508
1,JOINT_CONT,-1,20264512,0,history,9-16,1834,14569,True,0.3262406479511291,0.321592233934225,0.34707928340003813,0.004648414016904121,0.0,0.31438328690269324,0.33940119905565924,0.3436916585116636,0.3505202885189291
1,JOINT_CONT,-1,20264512,0,history,17-31,1605,12735,True,0.30969768354927363,0.3114497084392701,0.3033876500857633,-0.0017520248899964227,0.0,0.297419375442479,0.32331510534529373,0.29647767645405493,0.3103570801808212
1,JOINT_CONT,-1,20264512,0,run,1,1834,29238,True,0.16382789520487037,0.16271731215034874,0.6965408805031447,0.0011105830545216084,0.0,0.15962469514057656,0.16814603958934224,0.6894078262606537,0.7033972908610668
1,JOINT_CONT,-1,20264512,0,run,2-3,1791,7109,True,0.6303277535518357,0.6398477195351022,0.16935868115113398,-0.00951996598326657,0.0,0.6197380894925101,0.6418843687580427,0.1660339211559668,0.17285000907719228
1,JOINT_CONT,-1,20264512,0,run,4-7,1344,4496,True,0.7308718861209964,0.7127112217964948,0.10710882408995616,0.01816066432450152,0.0,0.718034094751588,0.744294200637419,0.10337355593216718,0.11097760546308408
1,JOINT_CONT,-1,20264512,0,run,8+,395,1133,True,0.6884377758164166,0.6880191995515477,0.026991614255765198,0.000418576264868942,0.0,0.6589536139565896,0.7107453168065719,0.023806161933401012,0.030047191599344776
1,JOINT_CONT,-1,20264512,1,all,all,214,4896,True,0.3247549019607843,0.3253587455642354,1.0,-0.0006038436034510775,0.0,0.30563256006628003,0.34389575145194246,1.0,1.0
1,JOINT_CONT,-1,20264512,1,history,1-4,214,856,True,0.3422897196261682,0.3438388774395205,0.17483660130718953,-0.001549157813352253,0.0,0.2896904205607476,0.39488901869158877,0.169665389805953,0.18032536529603144
1,JOINT_CONT,-1,20264512,1,history,5-8,214,856,True,0.30490654205607476,0.3084068054379252,0.17483660130718953,-0.0035002633818504492,0.0,0.2662967289719626,0.3575058411214953,0.169665389805953,0.18032536529603144
1,JOINT_CONT,-1,20264512,1,history,9-16,214,1698,True,0.3333333333333333,0.3327612106656083,0.34681372549019607,0.000572122667724984,0.0,0.29497393516567555,0.36737779618889804,0.33669434559114275,0.3567175796408266
1,JOINT_CONT,-1,20264512,1,history,17-31,182,1486,True,0.3162853297442799,0.31601990446110356,0.3035130718954248,0.0002654252831763193,0.0,0.2819909386382032,0.3538050157836994,0.2826905526244046,0.3236930220607258
1,JOINT_CONT,-1,20264512,1,run,1,214,3376,True,0.16558056872037916,0.1653774035507332,0.6895424836601307,0.00020316516964597066,0.0,0.155385116982292,0.17673063472419928,0.6716337061299634,0.7076372008609393
1,JOINT_CONT,-1,20264512,1,run,2-3,211,859,True,0.6682188591385332,0.6520790072223424,0.17544934640522875,0.016139851916190814,0.0,0.6343665030250792,0.7041196803521463,0.16718432754405196,0.1853284152665637
1,JOINT_CONT,-1,20264512,1,run,4-7,169,557,True,0.6983842010771992,0.7194819983743114,0.11376633986928104,-0.02109779729711199,0.0,0.6601707281363873,0.7346731619679381,0.10189638909280778,0.1255550950986764
1,JOINT_CONT,-1,20264512,1,run,8+,38,104,False,0.6538461538461539,0.709182342276325,0.021241830065359478,-0.05533618843017127,0.0,0.5393391148325359,0.7365702592836739,0.013969396319655306,0.029124992882773936
1,JOINT_CONT,-1,20264513,0,all,all,1834,41976,True,0.3167762530970078,0.31642525532471383,1.0,0.00035099777229406694,0.0,0.3101997402371817,0.32390590225822036,1.0,1.0
1,JOINT_CONT,-1,20264513,0,history,1-4,1834,7336,True,0.3137949836423119,0.31480225166932,0.1747665332570993,-0.001007268027008115,0.0,0.29892993456924755,0.3290723827699018,0.17319369567340417,0.17659353367104816
1,JOINT_CONT,-1,20264513,0,history,5-8,1834,7336,True,0.31161395856052343,0.31569277454612915,0.1747665332570993,-0.004078815985605669,0.0,0.2962104689203926,0.3253884950926935,0.17319369567340417,0.17659353367104816
1,JOINT_CONT,-1,20264513,0,history,9-16,1834,14569,True,0.31649392545816457,0.3145350822348194,0.34707928340003813,0.001958843223345197,0.0,0.3037752974145125,0.32825936147753715,0.3440751064569992,0.3504545997597904
1,JOINT_CONT,-1,20264513,0,history,17-31,1605,12735,True,0.3217903415783274,0.31994451449662864,0.3033876500857633,0.001845827081698805,0.0,0.30810648047069694,0.3344942379121569,0.29618295982297416,0.3096398379362903
1,JOINT_CONT,-1,20264513,0,run,1,1834,29242,True,0.1627111688666986,0.1622622209485823,0.6966361730512673,0.0004489479181162776,0.0,0.1586380435867468,0.16702064998061394,0.6898238546500062,0.7031997604549307
1,JOINT_CONT,-1,20264513,0,run,2-3,1786,7079,True,0.641192258793615,0.6401384763665957,0.16864398704021347,0.001053782427019137,0.0,0.6308150979718253,0.652776357916112,0.16552579675846335,0.17235184991534905
1,JOINT_CONT,-1,20264513,0,run,4-7,1400,4608,True,0.7107204861111112,0.712924699218619,0.1097770154373928,-0.0022042131075079158,0.0,0.6975540061118851,0.7218184754521964,0.10652952792425016,0.11349929890978952
1,JOINT_CONT,-1,20264513,0,run,8+,367,1047,True,0.6924546322827125,0.6883451426296202,0.02494282447112636,0.0041094896530922366,0.0,0.6617993188712219,0.7183322898293141,0.02182964817058826,0.028089667066250466
1,JOINT_CONT,-1,20264513,1,all,all,214,4896,True,0.3016748366013072,0.30690199805538626,1.0,-0.005227161454079056,0.0,0.28300453579735035,0.3234748906985072,1.0,1.0
1,JOINT_CONT,-1,20264513,1,history,1-4,214,856,True,0.2885514018691589,0.30335302391384605,0.17483660130718953,-0.014801622044687181,0.0,0.24412967289719628,0.338785046728972,0.17014256543873751,0.18036431140379863
1,JOINT_CONT,-1,20264513,1,history,5-8,214,856,True,0.2967289719626168,0.3135075508169807,0.17483660130718953,-0.016778578854363846,0.0,0.25,0.34818925233644854,0.17014256543873751,0.18036431140379863
1,JOINT_CONT,-1,20264513,1,history,9-16,214,1698,True,0.2950530035335689,0.2976831901550302,0.34681372549019607,-0.0026301866214613378,0.0,0.2604215042539516,0.3303988655769826,0.3380482618010602,0.35750686800228265
1,JOINT_CONT,-1,20264513,1,history,17-31,182,1486,True,0.319650067294751,0.3156752850782921,0.3035130718954248,0.003974782216458924,0.0,0.28399485066391544,0.3566480918214246,0.28160290291241746,0.3216147203732255
1,JOINT_CONT,-1,20264513,1,run,1,214,3487,True,0.15285345569257242,0.1600428017235257,0.7122140522875817,-0.007189346030953263,0.0,0.1419332387690296,0.16513243664526472,0.6902119668849077,0.7313570587650812
1,JOINT_CONT,-1,20264513,1,run,2-3,208,788,True,0.6459390862944162,0.6376033326336519,0.16094771241830066,0.008335753660764417,0.0,0.6151846476486764,0.6771944977268151,0.15271607438180085,0.16954425162846065
1,JOINT_CONT,-1,20264513,1,run,4-7,162,525,True,0.7123809523809523,0.7108716713988675,0.10723039215686274,0.0015092809820848605,0.0,0.6748644493555339,0.7480262357414449,0.09610340123589613,0.11986137676175872
1,JOINT_CONT,-1,20264513,1,run,8+,38,96,False,0.6354166666666666,0.717540409057437,0.0196078431372549,-0.08212374239077036,0.0,0.5255000000000001,0.7196013133208254,0.013370231196567035,0.027873691475053277
1,JOINT_CONT,-1,20264514,0,all,all,1834,41976,True,0.3079616923956547,0.311961645063863,1.0,-0.0039999526682083005,0.0,0.3014267654322095,0.3157393186344938,1.0,1.0
1,JOINT_CONT,-1,20264514,0,history,1-4,1834,7336,True,0.30493456924754636,0.3096534894996849,0.1747665332570993,-0.0047189202521385615,0.0,0.2899297982551799,0.32184092148309706,0.17289622987689415,0.17652957931381102
1,JOINT_CONT,-1,20264514,0,history,5-8,1834,7336,True,0.32142857142857145,0.319468096830356,0.1747665332570993,0.0019604745982154392,0.0,0.3066691657579062,0.33738072519083967,0.17289622987689415,0.17652957931381102
1,JOINT_CONT,-1,20264514,0,history,9-16,1834,14569,True,0.30647264740201796,0.3109699353030005,0.34707928340003813,-0.004497287900982489,0.0,0.29539591052559355,0.319012625557817,0.3437399273879278,0.350343327132083
1,JOINT_CONT,-1,20264514,0,history,17-31,1605,12735,True,0.3036513545347468,0.3101016936359732,0.3033876500857633,-0.0064503391012263635,0.0,0.2919522219321986,0.3170597443515168,0.2965234283890432,0.3103270495708033
1,JOINT_CONT,-1,20264514,0,run,1,1834,29615,True,0.15954752659125443,0.16245844661651504,0.7055222031637126,-0.0029109200252606117,0.0,0.15541590264654118,0.16376721723745763,0.6982583186492235,0.7120560638869791
1,JOINT_CONT,-1,20264514,0,run,2-3,1766,7012,True,0.6373359954363947,0.640918303208087,0.1670478368591576,-0.0035823077716921827,0.0,0.6257962768553762,0.6493569244260151,0.16385926642948026,0.17043136568252348
1,JOINT_CONT,-1,20264514,0,run,4-7,1344,4437,True,0.7049808429118773,0.7127357414720265,0.1057032590051458,-0.007754898560149108,0.0,0.6919595546058488,0.7175326524272994,0.10176498813107088,0.11034350873305815
1,JOINT_CONT,-1,20264514,0,run,8+,340,912,True,0.6633771929824561,0.6876836509277757,0.02172670097198399,-0.024306457945319562,0.0,0.631291866377238,0.6904875219964806,0.019257713581430805,0.024597540448239464
1,JOINT_CONT,-1,20264514,1,all,all,214,4896,True,0.30637254901960786,0.30676437121178135,1.0,-0.00039182219217352173,0.0,0.28208230680372653,0.3288734406218861,1.0,1.0
1,JOINT_CONT,-1,20264514,1,history,1-4,214,856,True,0.32009345794392524,0.3217162969251467,0.17483660130718953,-0.0016228389812214948,0.0,0.27102803738317754,0.3692172897196261,0.1695964850139805,0.17983193277310924
1,JOINT_CONT,-1,20264514,1,history,5-8,214,856,True,0.2827102803738318,0.2965332052041395,0.17483660130718953,-0.013822924830307727,0.0,0.2347546728971963,0.3352803738317757,0.1695964850139805,0.17983193277310924
1,JOINT_CONT,-1,20264514,1,history,9-16,214,1698,True,0.31448763250883394,0.3068860259129387,0.34681372549019607,0.007601606595895221,0.0,0.2743362831858407,0.354715366393471,0.3370118282028498,0.3562034307889066
1,JOINT_CONT,-1,20264514,1,history,17-31,182,1486,True,0.3028263795423957,0.3039059997510381,0.3035130718954248,-0.0010796202086424238,0.0,0.2711893691008445,0.3378311068196671,0.2845032742429746,0.3238051756506809
1,JOINT_CONT,-1,20264514,1,run,1,214,3459,True,0.15437987857762359,0.16008854846563558,0.7064950980392157,-0.00570866988801198,0.0,0.14136659532770185,0.1671134922971249,0.685333029593076,0.73017691093658
1,JOINT_CONT,-1,20264514,1,run,2-3,200,774,True,0.6136950904392765,0.6237973341645033,0.15808823529411764,-0.010102243725226862,0.0,0.5830873441907015,0.64431129923505,0.14797776638100835,0.16806318379366955
1,JOINT_CONT,-1,20264514,1,run,4-7,147,508,True,0.7578740157480315,0.7152843814738526,0.10375816993464053,0.04258963427417876,0.0,0.7265658681540841,0.7911700249272954,0.09217803676533311,0.11470091352771868
1,JOINT_CONT,-1,20264514,1,run,8+,51,155,False,0.6838709677419355,0.6579901282464862,0.03165849673202614,0.025880839495449396,0.0,0.6074766355140186,0.7515545831414093,0.022630402852744178,0.0419468603075617
1,JOINT_CONT,-1,20264515,0,all,all,1834,41976,True,0.31353630646083475,0.3142196414082123,1.0,-0.0006833349473775312,0.0,0.3068291796343525,0.32156164787845465,1.0,1.0
1,JOINT_CONT,-1,20264515,0,history,1-4,1834,7336,True,0.3107960741548528,0.3124420893615861,0.1747665332570993,-0.0016460152067332742,0.0,0.29508928571428567,0.32731052344601963,0.1730136655567935,0.17656441959675748
1,JOINT_CONT,-1,20264515,0,history,5-8,1834,7336,True,0.31720283533260635,0.3162362525637206,0.1747665332570993,0.0009665827688856714,0.0,0.3026035986913849,0.3345181297709924,0.1730136655567935,0.17656441959675748
1,JOINT_CONT,-1,20264515,0,history,9-16,1834,14569,True,0.3108655364129316,0.31469387732100057,0.34707928340003813,-0.00382834090806898,0.0,0.2987677340238208,0.32378692226539113,0.34365085947690593,0.3504794544797153
1,JOINT_CONT,-1,20264515,0,history,17-31,1605,12735,True,0.3160581075775422,0.3135393995050971,0.3033876500857633,0.002518708072445051,0.0,0.30168657023693124,0.32826034413563965,0.29632396398807465,0.3103693890607776
1,JOINT_CONT,-1,20264515,0,run,1,1834,29427,True,0.16036293200122337,0.16214497905724046,0.701043453401944,-0.0017820470560171015,0.0,0.15667155435835606,0.1641649319211141,0.6931872680933493,0.7075741877303303
1,JOINT_CONT,-1,20264515,0,run,2-3,1790,7030,True,0.6452347083926031,0.6411267372416772,0.16747665332570993,0.0041079711509258475,0.0,0.6349557270395811,0.6564295581435009,0.16446411453277449,0.17024465298786345
1,JOINT_CONT,-1,20264515,0,run,4-7,1367,4474,True,0.7141260616897631,0.7132617155201474,0.10658471507528111,0.0008643461696155937,0.0,0.7024091723181451,0.7263350023437166,0.10295580819441158,0.11108728013089027
1,JOINT_CONT,-1,20264515,0,run,8+,361,1045,True,0.6803827751196172,0.6889851588397827,0.02489517819706499,-0.008602383720165429,0.0,0.6541653245787908,0.7060471176717504,0.02195121125760684,0.02796221432797639
1,JOINT_CONT,-1,20264515,1,all,all,214,4896,True,0.3061683006535948,0.30811555389201634,1.0,-0.0019472532384216,0.0,0.28924397147952796,0.32636510040863603,1.0,1.0
1,JOINT_CONT,-1,20264515,1,history,1-4,214,856,True,0.3317757009345794,0.3202980308855389,0.17483660130718953,0.01147767004904058,0.0,0.28615654205607477,0.37850467289719625,0.17034741137131693,0.17987444996054242
1,JOINT_CONT,-1,20264515,1,history,5-8,214,856,True,0.272196261682243,0.2931619349137709,0.17483660130718953,-0.020965673231527947,0.0,0.23127920560747664,0.3166179906542056,0.17034741137131693,0.17987444996054242
1,JOINT_CONT,-1,20264515,1,history,9-16,214,1698,True,0.3215547703180212,0.3143562530269416,0.34681372549019607,0.0071985172910796445,0.0,0.28661818123801897,0.35644208037825054,0.3382407809483919,0.35604231097773414
1,JOINT_CONT,-1,20264515,1,history,17-31,182,1486,True,0.2934051144010767,0.30258082334546177,0.3035130718954248,-0.00917570894438506,0.0,0.25634519793318267,0.3329009285631404,0.28406382695455745,0.3211317210208409
1,JOINT_CONT,-1,20264515,1,run,1,214,3461,True,0.15862467494943658,0.16313816568114675,0.7069035947712419,-0.004513490731710144,0.0,0.14818391283813237,0.1687186341026951,0.68807452583543,0.7239222638149001
1,JOINT_CONT,-1,20264515,1,run,2-3,208,816,True,0.6225490196078431,0.6219806703323387,0.16666666666666666,0.0005683492755043858,0.0,0.5907180111808614,0.6611397450153716,0.15812804038823747,0.1740639258404935
1,JOINT_CONT,-1,20264515,1,run,4-7,155,498,True,0.7168674698795181,0.7075100239784164,0.1017156862745098,0.009357445901101503,0.0,0.6779540688279987,0.7574624203775525,0.09227009383201434,0.11228950824456442
1,JOINT_CONT,-1,20264515,1,run,8+,40,121,False,0.7024793388429752,0.6945152190117643,0.0247140522875817,0.007964119831210991,0.0,0.6117058936088787,0.7787066055930568,0.015940631138938472,0.03389581724941442
1,JOINT_CONT,-1,20264516,0,all,all,1834,41976,True,0.31265485039069946,0.3144030735633777,1.0,-0.001748223172678203,0.0,0.3058744890598886,0.319852584002372,1.0,1.0
1,JOINT_CONT,-1,20264516,0,history,1-4,1834,7336,True,0.3176117775354417,0.3159472143604061,0.1747665332570993,0.0016645631750355338,0.0,0.3023411941112323,0.33383655943293344,0.17316998324009159,0.17658428798591044
1,JOINT_CONT,-1,20264516,0,history,5-8,1834,7336,True,0.31352235550708835,0.31639959384005684,0.1747665332570993,-0.0028772383329685133,0.0,0.29770651581243185,0.32838740458015264,0.17316998324009159,0.17658428798591044
1,JOINT_CONT,-1,20264516,0,history,9-16,1834,14569,True,0.3066785640744046,0.31150857234174034,0.34707928340003813,-0.004830008267335797,0.0,0.2937340626539867,0.31946003924302574,0.34397336701086484,0.35041554232090266
1,JOINT_CONT,-1,20264516,0,history,17-31,1605,12735,True,0.31613663133097764,0.31567482061177293,0.3033876500857633,0.00046181071920466045,0.0,0.30343094598083437,0.3289447993003065,0.2964148539163613,0.30976886046676266
1,JOINT_CONT,-1,20264516,0,run,1,1834,29418,True,0.15864436739411245,0.1620383938553738,0.7008290451686678,-0.0033940264612613348,0.0,0.15450431915054252,0.16250947932291843,0.6935874945553469,0.7075568730459596
1,JOINT_CONT,-1,20264516,0,run,2-3,1782,7034,True,0.6511231162922946,0.6419252522126871,0.16757194587383267,0.009197864079607423,0.0,0.6391809737094349,0.6632236079553827,0.16449030576065893,0.17081766376361393
1,JOINT_CONT,-1,20264516,0,run,4-7,1385,4548,True,0.7036059806508356,0.7128517306180867,0.10834762721555175,-0.009245749967251065,0.0,0.6916906819520294,0.7179563084595304,0.10460009887150293,0.11201229358857488
1,JOINT_CONT,-1,20264516,0,run,8+,348,976,True,0.6936475409836066,0.6897398058850973,0.02325138174194778,0.003907735098509134,0.0,0.6631129313427498,0.722920936859471,0.02051677072124305,0.02636030487041267
1,JOINT_CONT,-1,20264516,1,all,all,214,4896,True,0.31495098039215685,0.3192464714426116,1.0,-0.004295491050454725,0.0,0.2956958474888925,0.33752204032433614,1.0,1.0
1,JOINT_CONT,-1,20264516,1,history,1-4,214,856,True,0.3469626168224299,0.3475289679026505,0.17483660130718953,-0.0005663510802205625,0.0,0.29906542056074764,0.39485981308411217,0.16920172824140856,0.1801356280123908
1,JOINT_CONT,-1,20264516,1,history,5-8,214,856,True,0.27920560747663553,0.29435769676169254,0.17483660130718953,-0.015152089285057012,0.0,0.23825934579439254,0.32245911214953266,0.16920172824140856,0.1801356280123908
1,JOINT_CONT,-1,20264516,1,history,9-16,214,1698,True,0.3133097762073027,0.31601950186687444,0.34681372549019607,-0.0027097256595717276,0.0,0.2802177573153051,0.34668861513200894,0.33616265298065534,0.3560813654267012
1,JOINT_CONT,-1,20264516,1,history,17-31,182,1486,True,0.3189771197846568,0.3209788863125141,0.3035130718954248,-0.0020017665278572916,0.0,0.2821900994908359,0.3656690334154971,0.2838860754534825,0.32518733729748106
1,JOINT_CONT,-1,20264516,1,run,1,214,3419,True,0.1649605147704007,0.16361860605187112,0.6983251633986928,0.0013419087185295878,0.0,0.15439343931025193,0.17903727174641634,0.6754186064825376,0.7171618688202267
1,JOINT_CONT,-1,20264516,1,run,2-3,207,828,True,0.6388888888888888,0.6463507942771469,0.16911764705882354,-0.0074619053882579705,0.0,0.6114404150337497,0.6707229718770363,0.16055520138655902,0.1787912490419203
1,JOINT_CONT,-1,20264516,1,run,4-7,160,553,True,0.6980108499095841,0.7225612718248583,0.11294934640522876,-0.02455042191527416,0.0,0.6608376164471571,0.7333937823834196,0.10194617876958362,0.12575603702817587
1,JOINT_CONT,-1,20264516,1,run,8+,38,96,False,0.65625,0.7173319699068207,0.0196078431372549,-0.0610819699068206,0.0,0.4998134328358209,0.7459548857622306,0.011570342323905936,0.027687820840481863
1,JOINT_CONT,-1,20264517,0,all,all,1834,41976,True,0.3198256146369354,0.3180227729374779,1.0,0.0018028416994574743,0.0,0.3123964877628271,0.3267939404863978,1.0,1.0
1,JOINT_CONT,-1,20264517,0,history,1-4,1834,7336,True,0.32197382769901856,0.3175355471459133,0.1747665332570993,0.004438280553105239,0.0,0.3068429661941112,0.33684228462377314,0.1730388653781138,0.17647384289247248
1,JOINT_CONT,-1,20264517,0,history,5-8,1834,7336,True,0.3139312977099237,0.3176179092896656,0.1747665332570993,-0.0036866115797419595,0.0,0.29770651581243185,0.3312465921483097,0.1730388653781138,0.17647384289247248
1,JOINT_CONT,-1,20264517,0,history,9-16,1834,14569,True,0.3237010089916947,0.31850074009030527,0.34707928340003813,0.00520026890138942,0.0,0.3117915711178253,0.3352862163297664,0.3436902701867298,0.3503677202578677
1,JOINT_CONT,-1,20264517,0,history,17-31,1605,12735,True,0.31755005889281507,0.31798986085877573,0.3033876500857633,-0.00043980196596062597,0.0,0.30368481143214593,0.3298638484926508,0.296674044637186,0.31004327074623983
1,JOINT_CONT,-1,20264517,0,run,1,1834,29131,True,0.1621983454052384,0.16221231375215084,0.6939918048408614,-1.3968346912416209e-05,0.0,0.15800584932922707,0.16658311887632715,0.6873457088902901,0.7013075162681941
1,JOINT_CONT,-1,20264517,0,run,2-3,1789,7103,True,0.6505701816134027,0.6417004158302753,0.16921574232894987,0.008869765783127474,0.0,0.6399929078014185,0.6610800738277274,0.16551922226991553,0.17249879917677896
1,JOINT_CONT,-1,20264517,0,run,4-7,1393,4691,True,0.7203154977616713,0.712543211596032,0.11175433581093959,0.0077722861656393675,0.0,0.7062235641012059,0.7329800694768343,0.10787098882557061,0.1154629293665452
1,JOINT_CONT,-1,20264517,0,run,8+,392,1051,True,0.6660323501427212,0.6882766371743446,0.025038117019249094,-0.022244287031623396,0.0,0.6333830546388596,0.6947670644344695,0.02233507793441886,0.027988039514613306
1,JOINT_CONT,-1,20264517,1,all,all,214,4896,True,0.3410947712418301,0.3322139831048423,1.0,0.008880788136987729,0.0,0.3195526651298203,0.36303576636112467,1.0,1.0
1,JOINT_CONT,-1,20264517,1,history,1-4,214,856,True,0.2908878504672897,0.2988744536846295,0.17483660130718953,-0.007986603217339754,0.0,0.2557535046728972,0.3341121495327103,0.1697032202199095,0.17975829306943272
1,JOINT_CONT,-1,20264517,1,history,5-8,214,856,True,0.32593457943925236,0.3117602411302947,0.17483660130718953,0.014174338308957627,0.0,0.2780373831775701,0.3680490654205607,0.1697032202199095,0.17975829306943272
1,JOINT_CONT,-1,20264517,1,history,9-16,214,1698,True,0.35924617196702,0.34828477809866626,0.34681372549019607,0.010961393868353793,0.0,0.31900180588297783,0.3940340293519568,0.33744206674991817,0.35606486026599843
1,JOINT_CONT,-1,20264517,1,history,17-31,182,1486,True,0.35800807537012114,0.34483769132449377,0.3035130718954248,0.013170384045627388,0.0,0.3203822501384877,0.3957892975947185,0.2843297231087582,0.3225996413808878
1,JOINT_CONT,-1,20264517,1,run,1,214,3297,True,0.18046709129511676,0.1654594928831402,0.6734068627450981,0.015007598411976561,0.0,0.16827973763609444,0.1951010121554624,0.652880235425713,0.6944325337072018
1,JOINT_CONT,-1,20264517,1,run,2-3,208,879,True,0.6416382252559727,0.6426086088502627,0.1795343137254902,-0.0009703835942900411,0.0,0.6130364232075382,0.674982553299161,0.1697595374641566,0.18972536769704285
1,JOINT_CONT,-1,20264517,1,run,4-7,168,572,True,0.722027972027972,0.7272108847652912,0.11683006535947713,-0.005182912737319222,0.0,0.6880528345334259,0.7575287982018685,0.10446233225664822,0.13000003334050156
1,JOINT_CONT,-1,20264517,1,run,8+,51,148,False,0.6621621621621622,0.6769062160842383,0.03022875816993464,-0.014744053922076042,0.0,0.5727808599167822,0.7197515923566878,0.022254441087938656,0.03895169893588648
1,JOINT_CONT,-1,20264518,0,all,all,1834,41976,True,0.31239279588336194,0.3148495568275114,1.0,-0.002456760944149518,0.0,0.305943305141694,0.319145064084236,1.0,1.0
1,JOINT_CONT,-1,20264518,0,history,1-4,1834,7336,True,0.30670665212649945,0.3129788441683656,0.1747665332570993,-0.006272192041866143,0.0,0.2918347873500545,0.3243047982551799,0.17305131505548785,0.17630462070500397
1,JOINT_CONT,-1,20264518,0,history,5-8,1834,7336,True,0.30929661941112324,0.31078247161499256,0.1747665332570993,-0.0014858522038693081,0.0,0.29442475463467827,0.32593715921483096,0.17305131505548785,0.17630462070500397
1,JOINT_CONT,-1,20264518,0,history,9-16,1834,14569,True,0.31464067540668544,0.3155921744766303,0.34707928340003813,-0.0009514990699448923,0.0,0.3033536568682008,0.326129174929405,0.3438433357929693,0.3501301264850019
1,JOINT_CONT,-1,20264518,0,history,17-31,1605,12735,True,0.314880251276011,0.31742046288613096,0.3033876500857633,-0.0025402116101199647,0.0,0.30303241393108465,0.3270557381137958,0.2972450810484795,0.3100765891526076
1,JOINT_CONT,-1,20264518,0,run,1,1834,29408,True,0.15992247007616975,0.16236031777420099,0.700590813798361,-0.0024378476980312118,0.0,0.156387493181609,0.16371428350950556,0.6934899656429528,0.7069101602441459
1,JOINT_CONT,-1,20264518,0,run,2-3,1786,7068,True,0.6437464629315224,0.6426397494797716,0.16838193253287592,0.0011067134517507634,0.0,0.632826745014598,0.6540687842142963,0.1655713155668832,0.17162011337988048
1,JOINT_CONT,-1,20264518,0,run,4-7,1385,4493,True,0.7068773647896728,0.7134525111072068,0.10703735467886412,-0.006575146317533893,0.0,0.6939379085512862,0.7183098146421629,0.10339423487903972,0.11104974161659449
1,JOINT_CONT,-1,20264518,0,run,8+,358,1007,True,0.6792452830188679,0.6888906559684339,0.023989898989898988,-0.009645372949565937,0.0,0.6484456641881029,0.7082106224936677,0.02118446593209604,0.02705585983802671
1,JOINT_CONT,-1,20264518,1,all,all,214,4896,True,0.2988153594771242,0.30863736704481665,1.0,-0.009822007567692461,0.0,0.2781445290424933,0.318523524054949,1.0,1.0
1,JOINT_CONT,-1,20264518,1,history,1-4,214,856,True,0.3364485981308411,0.3255653539419118,0.17483660130718953,0.01088324418892938,0.0,0.28618574766355137,0.38320677570093453,0.16990869392616118,0.1800977284592896
1,JOINT_CONT,-1,20264518,1,history,5-8,214,856,True,0.2827102803738318,0.3013642485138467,0.17483660130718953,-0.01865396814001489,0.0,0.23828855140186916,0.32596378504672896,0.16990869392616118,0.1800977284592896
1,JOINT_CONT,-1,20264518,1,history,9-16,214,1698,True,0.28975265017667845,0.2966023909361294,0.34681372549019607,-0.006849740759450936,0.0,0.2525020043060365,0.32552625414287945,0.33743882596775504,0.35687260108107494
1,JOINT_CONT,-1,20264518,1,history,17-31,182,1486,True,0.29676985195154776,0.31682769148031314,0.3035130718954248,-0.020057839528765414,0.0,0.2570655293653356,0.3338043801417947,0.2828275925784336,0.3223632679168108
1,JOINT_CONT,-1,20264518,1,run,1,214,3499,True,0.15318662474992856,0.16172042816441265,0.7146650326797386,-0.008533803414484089,0.0,0.14131121823454126,0.16493723273384595,0.6962381871435555,0.7347297664074133
1,JOINT_CONT,-1,20264518,1,run,2-3,206,789,True,0.6349809885931559,0.6523775500341643,0.16115196078431374,-0.017396561441008433,0.0,0.6010038610038609,0.6710268817204301,0.1522095030454521,0.17165673568544468
1,JOINT_CONT,-1,20264518,1,run,4-7,152,492,True,0.693089430894309,0.7113482539525661,0.10049019607843138,-0.01825882305825714,0.0,0.6522904296947328,0.7305538542469048,0.08853565861600017,0.11136536311011708
1,JOINT_CONT,-1,20264518,1,run,8+,33,116,False,0.7327586206896551,0.6941339912286577,0.02369281045751634,0.03862462946099736,0.0,0.6627866707711251,0.788738855149244,0.015038492264597443,0.032409588678476875
1,JOINT_CONT,-1,20264519,0,all,all,1834,41976,True,0.31865828092243187,0.317363981595712,1.0,0.0012942993267198713,0.0,0.31049040240341086,0.3259737106936293,1.0,1.0
1,JOINT_CONT,-1,20264519,0,history,1-4,1834,7336,True,0.3218375136314068,0.31816553403738124,0.1747665332570993,0.0036719795940255203,0.0,0.307245092693566,0.3386143675027263,0.17278587199595657,0.17632538479008497
1,JOINT_CONT,-1,20264519,0,history,5-8,1834,7336,True,0.31025081788440567,0.3137424764643892,0.1747665332570993,-0.0034916585799834865,0.0,0.29510632497273714,0.3240219465648855,0.17278587199595657,0.17632538479008497
1,JOINT_CONT,-1,20264519,0,history,9-16,1834,14569,True,0.3204063422335095,0.31794062559187625,0.34707928340003813,0.0024657166416332766,0.0,0.30652461331993336,0.33328930272327895,0.3435140612759216,0.3501188593419745
1,JOINT_CONT,-1,20264519,0,history,17-31,1605,12735,True,0.31967020023557124,0.31832872808579304,0.3033876500857633,0.0013414721497782276,0.0,0.30706788003636004,0.33354683028897397,0.2973197188912309,0.3108814937554223
1,JOINT_CONT,-1,20264519,0,run,1,1834,29187,True,0.16411416041388288,0.1625351548624422,0.6953259005145798,0.001579005551440698,0.0,0.15985635805414336,0.16878424277184856,0.6882572518833864,0.7031362075862545
1,JOINT_CONT,-1,20264519,0,run,2-3,1784,7136,True,0.6434977578475336,0.6408750744562723,0.17000190585096245,0.0026226833912612194,0.0,0.6313274375072006,0.6545395754329585,0.16640707948133485,0.17340249093056836
1,JOINT_CONT,-1,20264519,0,run,4-7,1379,4639,True,0.7148092261263204,0.7126378041842857,0.110515532685344,0.0021714219420346597,0.0,0.7034798596201995,0.7272624839075078,0.10613640032282048,0.11463531238960627
1,JOINT_CONT,-1,20264519,0,run,8+,363,1014,True,0.6686390532544378,0.6889010074562575,0.02415666094911378,-0.02026195420181972,0.0,0.6371582402591867,0.700371144371947,0.02080396762964315,0.02710948324767179
1,JOINT_CONT,-1,20264519,1,all,all,214,4896,True,0.3292483660130719,0.32058339850351103,1.0,0.008664967509560851,0.0,0.3084101182529086,0.3510159586262401,1.0,1.0
1,JOINT_CONT,-1,20264519,1,history,1-4,214,856,True,0.3399532710280374,0.3266994513400119,0.17483660130718953,0.013253819688025496,0.0,0.2885514018691589,0.3925525700934579,0.1698033713717945,0.18078523620408382
1,JOINT_CONT,-1,20264519,1,history,5-8,214,856,True,0.3037383177570093,0.29999294020420963,0.17483660130718953,0.003745377552799708,0.0,0.25817757009345793,0.3493282710280374,0.1698033713717945,0.18078523620408382
1,JOINT_CONT,-1,20264519,1,history,9-16,214,1698,True,0.3374558303886926,0.32195886080403885,0.34681372549019607,0.015496969584653743,0.0,0.3012285205118747,0.3758331426058313,0.3372804359778945,0.3580992598387291
1,JOINT_CONT,-1,20264519,1,history,17-31,182,1486,True,0.3283983849259758,0.3273495869892857,0.3035130718954248,0.0010487979366901,0.0,0.28941993636185714,0.365093003977637,0.2802678116456266,0.32343251449882665
1,JOINT_CONT,-1,20264519,1,run,1,214,3346,True,0.16855947399880455,0.16023952366548308,0.6834150326797386,0.008319950333321436,0.0,0.15780079983043266,0.1797291534084494,0.662191566040666,0.7030460224906289
1,JOINT_CONT,-1,20264519,1,run,2-3,211,844,True,0.6552132701421801,0.6453367742943169,0.17238562091503268,0.009876495847863136,0.0,0.623580401661088,0.686743976850612,0.16365616826870388,0.1801756384046063
1,JOINT_CONT,-1,20264519,1,run,4-7,173,559,True,0.6887298747763864,0.6903043860235764,0.11417483660130719,-0.001574511247189918,0.0,0.6512698412698413,0.7293739494190342,0.10437699783929887,0.1253788203069179
1,JOINT_CONT,-1,20264519,1,run,8+,43,147,False,0.7482993197278912,0.6997992081421832,0.03002450980392157,0.04850011158570803,0.0,0.6922764227642276,0.7901464897733553,0.0209013001539317,0.042739776394029975
1,JOINT_CONT,-1,20264520,0,all,all,1834,41976,True,0.31382218410520296,0.314686970162214,1.0,-0.0008647860570109294,0.0,0.306910852044138,0.3205282143169174,1.0,1.0
1,JOINT_CONT,-1,20264520,0,history,1-4,1834,7336,True,0.321701199563795,0.31802805279828045,0.1747665332570993,0.0036731467655145658,0.0,0.3077801254089422,0.33629021264994546,0.17312911523847732,0.17669455218140429
1,JOINT_CONT,-1,20264520,0,history,5-8,1834,7336,True,0.3324700109051254,0.3230269167887225,0.1747665332570993,0.0094430941164029,0.0,0.31718579607415487,0.34910373500545255,0.17312911523847732,0.17669455218140429
1,JOINT_CONT,-1,20264520,0,history,9-16,1834,14569,True,0.3095613974878166,0.3134674385814864,0.34707928340003813,-0.0039060410936698057,0.0,0.2969632141901049,0.3225493821302537,0.3440777923696837,0.3504670270019279
1,JOINT_CONT,-1,20264520,0,history,17-31,1605,12735,True,0.3034157832744405,0.309353269724787,0.3033876500857633,-0.005937486450346438,0.0,0.29083250645113345,0.31600372460071824,0.2962573789097841,0.30963857872815337
1,JOINT_CONT,-1,20264520,0,run,1,1834,29368,True,0.16255788613456823,0.16237419902478697,0.6996378883171336,0.00018368710978124088,0.0,0.15878898033459435,0.16661565431905218,0.6932138076045937,0.7063547784860876
1,JOINT_CONT,-1,20264520,0,run,2-3,1788,7164,True,0.6395868230039085,0.6395175952996273,0.17066895368782162,6.922770428113228e-05,0.0,0.628559371186906,0.6507979548890127,0.16757938785029164,0.17415122250842957
1,JOINT_CONT,-1,20264520,0,run,4-7,1369,4434,True,0.7052322958953541,0.7132582386595006,0.10563178959405374,-0.008025942764146586,0.0,0.6920794535038143,0.7174599350698129,0.10181125771815903,0.10919586906705243
1,JOINT_CONT,-1,20264520,0,run,8+,357,1010,True,0.6831683168316832,0.6897066332934558,0.024061368400991042,-0.006538316461772601,0.0,0.6511350464869664,0.7130649848872355,0.021099437445396396,0.027078316305567056
1,JOINT_CONT,-1,20264520,1,all,all,214,4896,True,0.3059640522875817,0.3141036697234858,1.0,-0.008139617435904144,0.0,0.2812661386693523,0.32871237616847676,1.0,1.0
1,JOINT_CONT,-1,20264520,1,history,1-4,214,856,True,0.30257009345794394,0.30930901888832496,0.17483660130718953,-0.006738925430380993,0.0,0.25350467289719625,0.34813084112149534,0.1697730576148652,0.17964700512404808
1,JOINT_CONT,-1,20264520,1,history,5-8,214,856,True,0.3119158878504673,0.31736359836917494,0.17483660130718953,-0.005447710518707718,0.0,0.26869158878504673,0.36101051401869155,0.1697730576148652,0.17964700512404808
1,JOINT_CONT,-1,20264520,1,history,9-16,214,1698,True,0.30565371024734983,0.3186640549456134,0.34681372549019607,-0.013010344698263558,0.0,0.2639875166611577,0.345888572322018,0.33757756542145195,0.35589960021771383
1,JOINT_CONT,-1,20264520,1,history,17-31,182,1486,True,0.30484522207267833,0.3097767438062687,0.3035130718954248,-0.004931521733590333,0.0,0.26320364675347335,0.34307035812753844,0.28438950247299144,0.32250434836369146
1,JOINT_CONT,-1,20264520,1,run,1,214,3466,True,0.16099249855741488,0.1658706997835218,0.7079248366013072,-0.004878201226106925,0.0,0.14826595743452287,0.17329054186655596,0.6860041970544494,0.7301847624324732
1,JOINT_CONT,-1,20264520,1,run,2-3,206,836,True,0.6196172248803827,0.6514889753363197,0.1707516339869281,-0.031871750455936876,0.0,0.5855990409341872,0.6509274413529732,0.1604613333475387,0.18015829305740869
1,JOINT_CONT,-1,20264520,1,run,4-7,151,496,True,0.717741935483871,0.7141981983860534,0.10130718954248366,0.0035437370978175695,0.0,0.6847105512117755,0.7559164902088373,0.08823380045562643,0.1132419903861209
1,JOINT_CONT,-1,20264520,1,run,8+,35,98,False,0.673469387755102,0.6536390993454528,0.020016339869281044,0.019830288409649094,0.0,0.5489304812834225,0.7566135182701977,0.01219264377159114,0.029107760772698152
1,JOINT_CONT,-1,20264521,0,all,all,1834,41976,True,0.3164903754526396,0.3165019620937825,1.0,-1.1586641142910681e-05,0.0,0.3089493884401899,0.32338410686433416,1.0,1.0
1,JOINT_CONT,-1,20264521,0,history,1-4,1834,7336,True,0.31952017448200654,0.31710931824579647,0.1747665332570993,0.0024108562362100583,0.0,0.30327835332606323,0.33507360959651034,0.17297378868001703,0.1763846320063913
1,JOINT_CONT,-1,20264521,0,history,5-8,1834,7336,True,0.3176117775354417,0.3178417069387538,0.1747665332570993,-0.00022992940331210312,0.0,0.30355779716466735,0.3347941657579062,0.17297378868001703,0.1763846320063913
1,JOINT_CONT,-1,20264521,0,history,9-16,1834,14569,True,0.31745486992930194,0.3154646708635096,0.34707928340003813,0.001990199065792352,0.0,0.30524803624973446,0.3296275317542053,0.343731245156788,0.3500921324379519
1,JOINT_CONT,-1,20264521,0,history,17-31,1605,12735,True,0.312995681193561,0.31656700826731704,0.3033876500857633,-0.0035713270737560234,0.0,0.3009786466089843,0.3261700122089909,0.2971057738587436,0.3103800673809949
1,JOINT_CONT,-1,20264521,0,run,1,1834,29253,True,0.16176118688681504,0.16232621776189582,0.6968982275586049,-0.0005650308750808042,0.0,0.15836313121371998,0.16577177726314601,0.6900283523531777,0.7043645152399763
1,JOINT_CONT,-1,20264521,0,run,2-3,1781,7120,True,0.6425561797752809,0.6415447502337572,0.1696207356584715,0.0010114295415236559,0.0,0.6298246259157471,0.654422416103151,0.16674556717144853,0.17311976041692184
1,JOINT_CONT,-1,20264521,0,run,4-7,1384,4532,True,0.7111650485436893,0.7128881344621696,0.10796645702306079,-0.0017230859184803355,0.0,0.6980274883733973,0.7234852568316273,0.10361150192799146,0.11199781614844974
1,JOINT_CONT,-1,20264521,0,run,8+,357,1071,True,0.7049486461251168,0.6894023021596374,0.02551457975986278,0.01554634396547935,0.0,0.6757223686748537,0.7350987720860477,0.02222337988638699,0.0287662872042198
1,JOINT_CONT,-1,20264521,1,all,all,214,4896,True,0.2977941176470588,0.3052192002112381,1.0,-0.0074250825641792705,0.0,0.2774589714415224,0.31848040437475905,1.0,1.0
1,JOINT_CONT,-1,20264521,1,history,1-4,214,856,True,0.32009345794392524,0.31796402699678306,0.17483660130718953,0.0021294309471422035,0.0,0.2745035046728972,0.35867406542056074,0.17004370282081843,0.18002766564171796
1,JOINT_CONT,-1,20264521,1,history,5-8,214,856,True,0.3177570093457944,0.3184807498968188,0.17483660130718953,-0.0007237405510243679,0.0,0.27444509345794393,0.3633177570093458,0.17004370282081843,0.18002766564171796
1,JOINT_CONT,-1,20264521,1,history,9-16,214,1698,True,0.2868080094228504,0.29643201022781546,0.34681372549019607,-0.009624000804965071,0.0,0.25027165231836834,0.3186195225515034,0.3377062214271517,0.35684860489907716
1,JOINT_CONT,-1,20264521,1,history,17-31,182,1486,True,0.2860026917900404,0.30027922062346424,0.3035130718954248,-0.014276528833423882,0.0,0.2486248755543488,0.3227597751976823,0.283118843530998,0.32201064256935436
1,JOINT_CONT,-1,20264521,1,run,1,214,3503,True,0.15158435626605765,0.16032466417032235,0.7154820261437909,-0.00874030790426468,0.0,0.14128562505689984,0.16245160823895965,0.6958364122423588,0.7350024056455672
1,JOINT_CONT,-1,20264521,1,run,2-3,210,784,True,0.6262755102040817,0.6448543797843372,0.16013071895424835,-0.0185788695802556,0.0,0.5919597654550488,0.6554159029861188,0.1513438104541256,0.16868516188577817
1,JOINT_CONT,-1,20264521,1,run,4-7,157,501,True,0.716566866267465,0.7036838968577169,0.10232843137254902,0.012882969409748226,0.0,0.6768918918918919,0.7602564102564102,0.09002097538255455,0.11410930673726655
1,JOINT_CONT,-1,20264521,1,run,8+,34,108,False,0.7129629629629629,0.6909670330457965,0.022058823529411766,0.0219959299171665,0.0,0.6264683734939759,0.7698544973544974,0.013258027412478475,0.03231810889568272
1,JOINT_CONT,-1,20264522,0,all,all,1834,41976,True,0.3162997903563941,0.3160291132748757,1.0,0.0002706770815185005,0.0,0.30931664895769134,0.32336306453235425,1.0,1.0
1,JOINT_CONT,-1,20264522,0,history,1-4,1834,7336,True,0.32360959651035986,0.3235491190625408,0.1747665332570993,6.0477447819087955e-05,0.0,0.3083424209378408,0.34053639585605233,0.173079588711561,0.17659438447246922
1,JOINT_CONT,-1,20264522,0,history,5-8,1834,7336,True,0.30616139585605234,0.3071436519322644,0.1747665332570993,-0.0009822560762120206,0.0,0.29129975463467833,0.3215717011995638,0.173079588711561,0.17659438447246922
1,JOINT_CONT,-1,20264522,0,history,9-16,1834,14569,True,0.32239687006657974,0.3188611869400632,0.34707928340003813,0.003535683126516545,0.0,0.3108465273278878,0.3352556829018538,0.3438886455742461,0.3503636909896649
1,JOINT_CONT,-1,20264522,0,history,17-31,1605,12735,True,0.31095406360424027,0.31357575644118635,0.3033876500857633,-0.0026216928369460863,0.0,0.29806408848888927,0.322602597109358,0.2964187459818177,0.30987817019718067
1,JOINT_CONT,-1,20264522,0,run,1,1834,29272,True,0.16575567094834653,0.162436392267813,0.697350867162188,0.003319278680533551,0.0,0.16155431699325162,0.16994244795296876,0.6904265139541018,0.7043701186374505
1,JOINT_CONT,-1,20264522,0,run,2-3,1785,7211,True,0.6325058937734017,0.6402931405691794,0.17178864112826378,-0.007787246795777802,0.0,0.621586824837969,0.6427707394108522,0.16838218581526607,0.17523332812953404
1,JOINT_CONT,-1,20264522,0,run,4-7,1356,4484,True,0.703835860838537,0.7128271090238254,0.10682294644558796,-0.008991248185288332,0.0,0.6920064501266989,0.7175067602205024,0.10283236109562963,0.1108622913118435
1,JOINT_CONT,-1,20264522,0,run,8+,337,1009,True,0.7016848364717542,0.6911094061997729,0.024037545263960357,0.010575430271981266,0.0,0.6745675120705922,0.7278328701672273,0.02135310308847018,0.026995556193248393
1,JOINT_CONT,-1,20264522,1,all,all,214,4896,True,0.3212826797385621,0.3227364380334842,1.0,-0.0014537582949221224,0.0,0.3001272929455937,0.3428228141723433,1.0,1.0
1,JOINT_CONT,-1,20264522,1,history,1-4,214,856,True,0.3235981308411215,0.32555429893530974,0.17483660130718953,-0.00195616809418821,0.0,0.2744742990654206,0.3691880841121495,0.1702093840228957,0.18101174164236294
1,JOINT_CONT,-1,20264522,1,history,5-8,214,856,True,0.30957943925233644,0.32210835780686536,0.17483660130718953,-0.012528918554528964,0.0,0.2616822429906542,0.3598422897196261,0.1702093840228957,0.18101174164236294
1,JOINT_CONT,-1,20264522,1,history,9-16,214,1698,True,0.3133097762073027,0.3110345478339749,0.34681372549019607,0.0022752283733278077,0.0,0.2778830331366563,0.34767784221126463,0.33776923152961597,0.35797058371349044
1,JOINT_CONT,-1,20264522,1,history,17-31,182,1486,True,0.33580080753701214,0.33484636892230646,0.3035130718954248,0.000954438614705633,0.0,0.29902071831969035,0.3729885098331168,0.28064390599399297,0.3220744772349988
1,JOINT_CONT,-1,20264522,1,run,1,214,3401,True,0.16230520435166126,0.16495369391418307,0.6946486928104575,-0.0026484895625218134,0.0,0.1509273748297156,0.17524051494958504,0.6732670209578092,0.7149429610821098
1,JOINT_CONT,-1,20264522,1,run,2-3,208,819,True,0.6507936507936508,0.6547113297552931,0.16727941176470587,-0.0039176789616424635,0.0,0.6179606355055457,0.6834845548508339,0.15869571851208208,0.17766425567952915
1,JOINT_CONT,-1,20264522,1,run,4-7,168,538,True,0.7304832713754646,0.7159815022329381,0.10988562091503268,0.01450176914252657,0.0,0.6953847002458551,0.7662478825522304,0.09950150876571036,0.12181620082766893
1,JOINT_CONT,-1,20264522,1,run,8+,48,138,False,0.6884057971014492,0.707996089412291,0.028186274509803922,-0.019590292310841605,0.0,0.5861584657109647,0.7514821166095051,0.018017523868404432,0.037524627449752414
1,JOINT_CONT,-1,20264523,0,all,all,1834,41976,True,0.3242805412616733,0.3198586502456325,1.0,0.004421891016040879,0.0,0.31714101730049593,0.3315296616841662,1.0,1.0
1,JOINT_CONT,-1,20264523,0,history,1-4,1834,7336,True,0.33342420937840783,0.32230708119744533,0.1747665332570993,0.011117128180962454,0.0,0.3166541712104689,0.3485687022900763,0.17309633261818352,0.17635240762311125
1,JOINT_CONT,-1,20264523,0,history,5-8,1834,7336,True,0.3286532170119956,0.3267952097576169,0.1747665332570993,0.0018580072543786913,0.0,0.3124318429661941,0.3450245365321701,0.17309633261818352,0.17635240762311125
1,JOINT_CONT,-1,20264523,0,history,9-16,1834,14569,True,0.32294598119294393,0.31864286079452436,0.34707928340003813,0.004303120398419519,0.0,0.3092080189348743,0.3365917909806901,0.3439383034590962,0.3500588938126572
1,JOINT_CONT,-1,20264523,0,history,17-31,1605,12735,True,0.31802120141342755,0.31584330250089554,0.3033876500857633,0.0021778989125320228,0.0,0.3057290859553096,0.3305978144945734,0.2972426418013846,0.3098268900259615
1,JOINT_CONT,-1,20264523,0,run,1,1834,28959,True,0.1660623640319072,0.16213399403522935,0.6898942252715837,0.003928369996677827,0.0,0.1621550323268631,0.17022428462951023,0.6829937294102202,0.696760747360655
1,JOINT_CONT,-1,20264523,0,run,2-3,1792,7220,True,0.650415512465374,0.6404929037079636,0.17200304936153993,0.009922608757410172,0.0,0.6395744089652328,0.661982282045314,0.16884176244545157,0.17515288345340288
1,JOINT_CONT,-1,20264523,0,run,4-7,1423,4761,True,0.71686620457887,0.7129338293547167,0.11342195540308748,0.003932375224153304,0.0,0.7040259840024582,0.7287341559104837,0.10976946955103213,0.11772389321430829
1,JOINT_CONT,-1,20264523,0,run,8+,378,1036,True,0.6698841698841699,0.6877525512694562,0.02468076996378883,-0.01786838138528628,0.0,0.6385654116317249,0.6941401554161595,0.022283283792911678,0.02740358331822555
1,JOINT_CONT,-1,20264523,1,all,all,214,4896,True,0.3284313725490196,0.31737952099061056,1.0,0.011051851558409048,0.0,0.3041734739943899,0.353360784180425,1.0,1.0
1,JOINT_CONT,-1,20264523,1,history,1-4,214,856,True,0.3060747663551402,0.3048934923406358,0.17483660130718953,0.0011812740145044772,0.0,0.26749415887850464,0.35405957943925226,0.17071942630795223,0.1802930911351211
1,JOINT_CONT,-1,20264523,1,history,5-8,214,856,True,0.32009345794392524,0.3103702987328889,0.17483660130718953,0.009723159211036335,0.0,0.276839953271028,0.37152453271028035,0.17071942630795223,0.1802930911351211
1,JOINT_CONT,-1,20264523,1,history,9-16,214,1698,True,0.3215547703180212,0.3156781345187483,0.34681372549019607,0.005876635799272876,0.0,0.2864685171063122,0.3627491818220555,0.33904266975689296,0.3573175910879098
1,JOINT_CONT,-1,20264523,1,history,17-31,182,1486,True,0.35397039030955585,0.33055373970273055,0.3035130718954248,0.023416650606825313,0.0,0.3121702387621284,0.39431421695212027,0.28212381145570736,0.3194511582290981
1,JOINT_CONT,-1,20264523,1,run,1,214,3358,True,0.1676593210244193,0.1589093774417031,0.6858660130718954,0.008749943582716187,0.0,0.1556554406206417,0.1809177581792501,0.6611127957978417,0.7104308460319084
1,JOINT_CONT,-1,20264523,1,run,2-3,208,825,True,0.6387878787878788,0.6234536069803099,0.16850490196078433,0.015334271807568899,0.0,0.6004930467762326,0.6740513974503907,0.15864250878273642,0.17764558521560572
1,JOINT_CONT,-1,20264523,1,run,4-7,154,553,True,0.7432188065099458,0.7178365891036596,0.11294934640522876,0.025382217406286135,0.0,0.7053353874486471,0.7762266096950052,0.09862434708522692,0.12462716643588838
1,JOINT_CONT,-1,20264523,1,run,8+,55,160,False,0.66875,0.6809974111731927,0.032679738562091505,-0.0122474111731927,0.0,0.5877467754672282,0.7324586903304773,0.023554016837179507,0.04423991723112616
1,JOINT_CONT,-1,20264524,0,all,all,1834,41976,True,0.3137745378311416,0.3150871839158309,1.0,-0.0013126460846893042,0.0,0.3059339235741049,0.3202981697755486,1.0,1.0
1,JOINT_CONT,-1,20264524,0,history,1-4,1834,7336,True,0.306979280261723,0.31104931782937145,0.1747665332570993,-0.004070037567648436,0.0,0.29074427480916026,0.32197723555070884,0.1731735601670314,0.17662096842402591
1,JOINT_CONT,-1,20264524,0,history,5-8,1834,7336,True,0.31461286804798255,0.3145564877425936,0.1747665332570993,5.63803053889173e-05,0.0,0.2990662486368593,0.33056161395856054,0.1731735601670314,0.17662096842402591
1,JOINT_CONT,-1,20264524,0,history,9-16,1834,14569,True,0.30963003637861214,0.31234779622301156,0.34707928340003813,-0.002717759844399419,0.0,0.2974371564283186,0.32297028485455515,0.3441255783662836,0.3507963787032285
1,JOINT_CONT,-1,20264524,0,history,17-31,1605,12735,True,0.32194738908519827,0.3208527993091423,0.3033876500857633,0.0010945897760559669,0.0,0.30899577125337935,0.3369660197327684,0.29598655661256906,0.3096895730747062
1,JOINT_CONT,-1,20264524,0,run,1,1834,29362,True,0.16276139227573053,0.16278807704566933,0.6994949494949495,-2.6684769938767992e-05,0.0,0.15847352611746346,0.1668887733489253,0.6927027757053963,0.7072472381528278
1,JOINT_CONT,-1,20264524,0,run,2-3,1774,7140,True,0.6322128851540616,0.6397031529991496,0.1700971983990852,-0.00749026784508801,0.0,0.6207931291059394,0.6424782071717602,0.16660819083146583,0.17343631467743645
1,JOINT_CONT,-1,20264524,0,run,4-7,1354,4521,True,0.7186463171864632,0.7128056369446415,0.10770440251572327,0.0058406802418216166,0.0,0.7073360669200978,0.7312955315799539,0.1036941461274572,0.11153895276398171
1,JOINT_CONT,-1,20264524,0,run,8+,363,953,True,0.6600209863588667,0.6886057888723224,0.022703449590242043,-0.02858480251345568,0.0,0.6278756507809372,0.6904973231896309,0.020072058431243395,0.025378206588037147
1,JOINT_CONT,-1,20264524,1,all,all,214,4896,True,0.30330882352941174,0.3082596134531524,1.0,-0.004950789923740666,0.0,0.28289731738850205,0.32534951952245184,1.0,1.0
1,JOINT_CONT,-1,20264524,1,history,1-4,214,856,True,0.28738317757009346,0.3041907787802126,0.17483660130718953,-0.01680760121011913,0.0,0.24649532710280375,0.32713200934579434,0.16983790264718102,0.18040422660961072
1,JOINT_CONT,-1,20264524,1,history,5-8,214,856,True,0.3282710280373832,0.3208373372485405,0.17483660130718953,0.007433690788842614,0.0,0.28031542056074765,0.37622663551401864,0.16983790264718102,0.18040422660961072
1,JOINT_CONT,-1,20264524,1,history,9-16,214,1698,True,0.29917550058892817,0.3064621357401904,0.34681372549019607,-0.0072866351512622055,0.0,0.2661613054493318,0.3337319644154979,0.33715259614595183,0.3568918101884641
1,JOINT_CONT,-1,20264524,1,history,17-31,182,1486,True,0.3028263795423957,0.3054120414933906,0.3035130718954248,-0.0025856619509948804,0.0,0.2662298766806963,0.3447482236638863,0.2822024560317158,0.3235591556210113
1,JOINT_CONT,-1,20264524,1,run,1,214,3483,True,0.15561297731840368,0.16415129918635515,0.7113970588235294,-0.008538321867951506,0.0,0.1445289728329409,0.1677460216476151,0.689086591290925,0.7310729373859582
1,JOINT_CONT,-1,20264524,1,run,2-3,207,806,True,0.6389578163771712,0.6320901150774211,0.16462418300653595,0.006867701299750185,0.0,0.6083002402647446,0.6717186230117265,0.1541279780955534,0.17525139593524072
1,JOINT_CONT,-1,20264524,1,run,4-7,165,504,True,0.7083333333333334,0.7069573506679359,0.10294117647058823,0.0013759826653975216,0.0,0.6733677659975694,0.7449048538334253,0.09351147174837943,0.11551729080714848
1,JOINT_CONT,-1,20264524,1,run,8+,34,103,False,0.6893203883495146,0.696397620500177,0.021037581699346407,-0.007077232150662264,0.0,0.5998255813953488,0.7454645906579609,0.013714162694087149,0.0303070898598516
1,JOINT_CONT,-1,20264525,0,all,all,1834,41976,True,0.3084381551362683,0.3117673689555271,1.0,-0.003329213819258695,0.0,0.3010585762810829,0.3161973015304505,1.0,1.0
1,JOINT_CONT,-1,20264525,0,history,1-4,1834,7336,True,0.31338604143947657,0.3135065737637478,0.1747665332570993,-0.00012053232427125487,0.0,0.2985278080697928,0.32947450926935656,0.17314086287189062,0.17647861906885293
1,JOINT_CONT,-1,20264525,0,history,5-8,1834,7336,True,0.31515812431842966,0.31800053949855156,0.1747665332570993,-0.0028424151801218953,0.0,0.3000102235550709,0.3289258451472192,0.17314086287189062,0.17647861906885293
1,JOINT_CONT,-1,20264525,0,history,9-16,1834,14569,True,0.3120323975564555,0.3133235397205933,0.34707928340003813,-0.001291142164137743,0.0,0.2999654969374422,0.32482074304165226,0.34401491098547476,0.35032931436909787
1,JOINT_CONT,-1,20264525,0,history,17-31,1605,12735,True,0.2976050255202199,0.30539460119321965,0.3033876500857633,-0.00778957567299977,0.0,0.28523620173675257,0.31102214480408363,0.29670075233344073,0.3097007922966322
1,JOINT_CONT,-1,20264525,0,run,1,1834,29595,True,0.15948639972968406,0.16239512197352368,0.7050457404230989,-0.00290872224383961,0.0,0.1552595694579045,0.1636213514613219,0.6973559129190803,0.7124530102114939
1,JOINT_CONT,-1,20264525,0,run,2-3,1779,6983,True,0.6338250035801232,0.6381746932969713,0.16635696588526777,-0.004349689716848013,0.0,0.6228718512477965,0.6448959136872313,0.16285120675902634,0.16959563342191628
1,JOINT_CONT,-1,20264525,0,run,4-7,1348,4357,True,0.7096626118889144,0.7130590164499051,0.10379740804269107,-0.003396404560990607,0.0,0.6960061542151217,0.72347639612934,0.0996146859976897,0.10779917648456482
1,JOINT_CONT,-1,20264525,0,run,8+,354,1041,True,0.681075888568684,0.6892328784877847,0.02479988564894225,-0.00815698991910087,0.0,0.6482092908234727,0.7088920423050487,0.02175787162632558,0.027836827068237764
1,JOINT_CONT,-1,20264525,1,all,all,214,4896,True,0.3073937908496732,0.31156871197468067,1.0,-0.0041749211250074695,0.0,0.2882215952523026,0.3292810820635753,1.0,1.0
1,JOINT_CONT,-1,20264525,1,history,1-4,214,856,True,0.3341121495327103,0.31790264965206944,0.17483660130718953,0.01620949988064088,0.0,0.28738317757009346,0.3866822429906542,0.16983958557639636,0.1800210304942166
1,JOINT_CONT,-1,20264525,1,history,5-8,214,856,True,0.3060747663551402,0.3132883188751371,0.17483660130718953,-0.007213552519996895,0.0,0.2546728971962617,0.35400116822429906,0.16983958557639636,0.1800210304942166
1,JOINT_CONT,-1,20264525,1,history,9-16,214,1698,True,0.3080094228504123,0.3019580865188562,0.34681372549019607,0.006051336331556011,0.0,0.27384353564747455,0.34694983803572393,0.3378414027308344,0.35625663707448146
1,JOINT_CONT,-1,20264525,1,history,17-31,182,1486,True,0.2920592193808883,0.3179112475502893,0.3035130718954248,-0.02585202816940103,0.0,0.26025736497545005,0.3340764820548102,0.2839390699469634,0.3221731016165243
1,JOINT_CONT,-1,20264525,1,run,1,214,3465,True,0.1621933621933622,0.16241095225637767,0.7077205882352942,-0.00021759006301545327,0.0,0.15118148651213856,0.17391961714939325,0.6849881447462125,0.726748085755231
1,JOINT_CONT,-1,20264525,1,run,2-3,208,814,True,0.6068796068796068,0.6360698441768234,0.16625816993464052,-0.029190237297216544,0.0,0.5669264376579638,0.6419037166095964,0.1583915029623183,0.17600934287991438
1,JOINT_CONT,-1,20264525,1,run,4-7,141,467,True,0.7130620985010707,0.7225587276298392,0.09538398692810457,-0.009496629128768424,0.0,0.6695243934483665,0.7505272808768999,0.08504183502514878,0.10691781323911102
1,JOINT_CONT,-1,20264525,1,run,8+,39,150,False,0.7733333333333333,0.7166045686441259,0.030637254901960783,0.05672876468920732,0.0,0.7184431833720771,0.8118298696724198,0.021501014945344392,0.040354539950568084
1,JOINT_CONT,-1,20264526,0,all,all,1834,41976,True,0.31765770916714314,0.3165989591902001,1.0,0.001058749976943046,0.0,0.30986232325300617,0.32504041408815787,1.0,1.0
1,JOINT_CONT,-1,20264526,0,history,1-4,1834,7336,True,0.3249727371864776,0.32021658311726586,0.1747665332570993,0.00475615406921182,0.0,0.309698745910578,0.3414871864776445,0.17314127145545946,0.17640562714000094
1,JOINT_CONT,-1,20264526,0,history,5-8,1834,7336,True,0.30561613958560524,0.3124435338491676,0.1747665332570993,-0.006827394263562389,0.0,0.29102031079607416,0.3200722464558342,0.17314127145545946,0.17640562714000094
1,JOINT_CONT,-1,20264526,0,history,9-16,1834,14569,True,0.31601345322259594,0.3151289671878967,0.34707928340003813,0.0008844860346992416,0.0,0.3022866870763664,0.32809884022835845,0.34398442359574394,0.3502461703501441
1,JOINT_CONT,-1,20264526,0,history,17-31,1605,12735,True,0.32226148409893995,0.3185904491512851,0.3033876500857633,0.003671034947654798,0.0,0.31202590883600134,0.33654220973516996,0.29693618540073247,0.30974304444176665
1,JOINT_CONT,-1,20264526,0,run,1,1834,29239,True,0.16296726974246725,0.1623565891129697,0.6965647036401753,0.0006106806294975621,0.0,0.15881761117255788,0.16722757144810815,0.6894930656636938,0.7039733820689792
1,JOINT_CONT,-1,20264526,0,run,2-3,1772,7082,True,0.6412030499858797,0.6404875655827267,0.1687154564513055,0.0007154844031529734,0.0,0.630789093407813,0.6515490100356138,0.16551178486700902,0.17217497316614552
1,JOINT_CONT,-1,20264526,0,run,4-7,1372,4552,True,0.7144112478031635,0.7129994171915786,0.10844291976367448,0.0014118306115849834,0.0,0.7011975254134976,0.727102227826281,0.10452096609507981,0.11217324511792624
1,JOINT_CONT,-1,20264526,0,run,8+,363,1103,True,0.7035358114233907,0.6898525071448613,0.026276920144844673,0.013683304278529389,0.0,0.6752566915253113,0.7306537373737374,0.023322467352039727,0.029596420607674874
1,JOINT_CONT,-1,20264526,1,all,all,214,4896,True,0.32373366013071897,0.3171062113354731,1.0,0.006627448795245848,0.0,0.3032738682374591,0.3436108712150951,1.0,1.0
1,JOINT_CONT,-1,20264526,1,history,1-4,214,856,True,0.34813084112149534,0.3210037616289064,0.17483660130718953,0.027127079492588926,0.0,0.29906542056074764,0.3972254672897196,0.17000824287561025,0.1801735435199238
1,JOINT_CONT,-1,20264526,1,history,5-8,214,856,True,0.34579439252336447,0.33732013582817233,0.17483660130718953,0.008474256695192119,0.0,0.29906542056074764,0.40073014018691583,0.17000824287561025,0.1801735435199238
1,JOINT_CONT,-1,20264526,1,history,9-16,214,1698,True,0.3044758539458186,0.3122072901318319,0.34681372549019607,-0.007731436186013341,0.0,0.2699083490287421,0.3423828035633817,0.33769927275317974,0.35695517379947134
1,JOINT_CONT,-1,20264526,1,history,17-31,182,1486,True,0.3189771197846568,0.3088147885810002,0.3035130718954248,0.010162331203656628,0.0,0.2854046191360489,0.3581487944342765,0.28280605623648164,0.32241733712730364
1,JOINT_CONT,-1,20264526,1,run,1,214,3382,True,0.16794795978710822,0.15977562220296765,0.6907679738562091,0.008172337584140557,0.0,0.15592517155258118,0.17862841948555863,0.6709416679997867,0.7109326643064818
1,JOINT_CONT,-1,20264526,1,run,2-3,207,850,True,0.6423529411764706,0.6329813262862579,0.1736111111111111,0.009371614890212704,0.0,0.6110136344257329,0.6727095670732736,0.16391612194580593,0.18191636997024335
1,JOINT_CONT,-1,20264526,1,run,4-7,161,532,True,0.7105263157894737,0.7119229818448983,0.10866013071895425,-0.0013966660554247709,0.0,0.6660360617638948,0.7486038644866998,0.0977339445019957,0.119767366038811
1,JOINT_CONT,-1,20264526,1,run,8+,44,132,False,0.7045454545454546,0.7228310812366251,0.02696078431372549,-0.018285626691170547,0.0,0.621279788172992,0.7654864371413667,0.017900277620109897,0.03607578035058951
1,JOINT_CONT,-1,20264527,0,all,all,1834,41976,True,0.31622832094530207,0.3159688065321094,1.0,0.0002595144131926227,0.0,0.3095652935137895,0.3236020192327885,1.0,1.0
1,JOINT_CONT,-1,20264527,0,history,1-4,1834,7336,True,0.3202017448200654,0.31772293443919314,0.1747665332570993,0.0024788103808722865,0.0,0.3041166848418757,0.33438863140676117,0.1730347838973773,0.17653457118939875
1,JOINT_CONT,-1,20264527,0,history,5-8,1834,7336,True,0.31583969465648853,0.31632576754962227,0.1747665332570993,-0.00048607289313373525,0.0,0.3000238549618321,0.33152262813522354,0.1730347838973773,0.17653457118939875
1,JOINT_CONT,-1,20264527,0,history,9-16,1834,14569,True,0.3199258699979408,0.3180605031310484,0.34707928340003813,0.0018653668668924422,0.0,0.3069785207124906,0.3333585155403186,0.34368701782568206,0.35046840917903566
1,JOINT_CONT,-1,20264527,0,history,17-31,1605,12735,True,0.3099332548095799,0.31235978602949604,0.3033876500857633,-0.0024265312199161747,0.0,0.2987671148308466,0.3226585111247827,0.29646244844216685,0.3102470416261988
1,JOINT_CONT,-1,20264527,0,run,1,1834,29284,True,0.16186313345171424,0.16213458218233398,0.6976367448065561,-0.000271448730619736,0.0,0.15794021722961962,0.16599975391520522,0.6902640360219571,0.7042132017333135
1,JOINT_CONT,-1,20264527,0,run,2-3,1788,7102,True,0.6413686285553365,0.641191496022852,0.1691919191919192,0.0001771325324845794,0.0,0.6299486968700524,0.6535582405966051,0.16609241750031448,0.17239084179860922
1,JOINT_CONT,-1,20264527,0,run,4-7,1360,4537,True,0.7174344280361472,0.7132478610529819,0.10808557270821421,0.004186566983165376,0.0,0.7056749095380663,0.7309501993563481,0.10430949532983025,0.11203083021178847
1,JOINT_CONT,-1,20264527,0,run,8+,355,1053,True,0.6875593542260209,0.6888983551877349,0.025085763293310463,-0.001339000961714079,0.0,0.6634939104984895,0.715343527844674,0.021817986454701517,0.028454328368298448
1,JOINT_CONT,-1,20264527,1,all,all,214,4896,True,0.3110702614379085,0.3135708205117625,1.0,-0.0025005590738540425,0.0,0.2924641825343102,0.3327878972088455,1.0,1.0
1,JOINT_CONT,-1,20264527,1,history,1-4,214,856,True,0.2967289719626168,0.30871050066154193,0.17483660130718953,-0.011981528698925104,0.0,0.25,0.3353095794392523,0.16950411152776337,0.17983193277310924
1,JOINT_CONT,-1,20264527,1,history,5-8,214,856,True,0.3014018691588785,0.31199212643360474,0.17483660130718953,-0.010590257274726166,0.0,0.25698014018691584,0.3422897196261682,0.16950411152776337,0.17983193277310924
1,JOINT_CONT,-1,20264527,1,history,9-16,214,1698,True,0.3286219081272085,0.31912371712226195,0.34681372549019607,0.009498191004946508,0.0,0.2946998371786877,0.370070275235988,0.3368230414309958,0.35618474826673635
1,JOINT_CONT,-1,20264527,1,history,17-31,182,1486,True,0.30484522207267833,0.31093486995864267,0.3035130718954248,-0.006089647885964377,0.0,0.2686388781226877,0.34198863568196514,0.2843019318990466,0.32428347426103915
1,JOINT_CONT,-1,20264527,1,run,1,214,3444,True,0.15940766550522648,0.16206718352063393,0.7034313725490197,-0.002659518015407423,0.0,0.1495704549633687,0.17132161445459113,0.6830048874885561,0.7211089799789785
1,JOINT_CONT,-1,20264527,1,run,2-3,210,830,True,0.6421686746987951,0.638489758681523,0.16952614379084968,0.0036789160172721377,0.0,0.6051369916126951,0.6750217587034815,0.16029253116301667,0.1782203626233919
1,JOINT_CONT,-1,20264527,1,run,4-7,160,519,True,0.7225433526011561,0.7261326575132724,0.10600490196078431,-0.00358930491211635,0.0,0.6849186991869919,0.7611965523069122,0.09460749518687585,0.11872420477724
1,JOINT_CONT,-1,20264527,1,run,8+,42,103,False,0.6407766990291263,0.6822719245191625,0.021037581699346407,-0.041495225490036036,0.0,0.521695652173913,0.7242163009404388,0.014619270506366414,0.028379321825720186
1,JOINT_CONT,-1,20264528,0,all,all,1834,41976,True,0.31520392605298264,0.31600818476427417,1.0,-0.0008042587112915406,0.0,0.30785241890070497,0.32259006239600285,1.0,1.0
1,JOINT_CONT,-1,20264528,0,history,1-4,1834,7336,True,0.2958015267175573,0.30850979947924606,0.1747665332570993,-0.012708272761688792,0.0,0.28189408396946564,0.31012131952017447,0.1731074633558647,0.17653775681366676
1,JOINT_CONT,-1,20264528,0,history,5-8,1834,7336,True,0.3169302071973828,0.31192849320352956,0.1747665332570993,0.005001713993853192,0.0,0.3020583424209378,0.3334310250817884,0.1731074633558647,0.17653775681366676
1,JOINT_CONT,-1,20264528,0,history,9-16,1834,14569,True,0.3285057313473814,0.324638530019718,0.34707928340003813,0.0038672013276634747,0.0,0.31587509010912646,0.34091533542743313,0.34405453396799335,0.3503362224338488
1,JOINT_CONT,-1,20264528,0,history,17-31,1605,12735,True,0.31016882606988616,0.3128045154838682,0.3033876500857633,-0.0026356894139820137,0.0,0.2966962069155998,0.3234568353657438,0.2967040158224867,0.31002621821748755
1,JOINT_CONT,-1,20264528,0,run,1,1834,29293,True,0.16116478339535042,0.16250988166938668,0.6978511530398323,-0.0013450982740362497,0.0,0.15728994078599845,0.16525878604815708,0.6903938182696532,0.7052037361455312
1,JOINT_CONT,-1,20264528,0,run,2-3,1786,7026,True,0.6404782237403929,0.6401827134103946,0.1673813607775872,0.00029551032999820896,0.0,0.6286922911597814,0.6511117371342163,0.16425464113523075,0.17037645013738836
1,JOINT_CONT,-1,20264528,0,run,4-7,1369,4540,True,0.7136563876651982,0.7129834517775214,0.10815704211930627,0.000672935887676902,0.0,0.6996807513741178,0.727027682190871,0.10414261696665039,0.11233482305151114
1,JOINT_CONT,-1,20264528,0,run,8+,366,1117,True,0.6893464637421666,0.6888889744247543,0.02661044406327425,0.00045748931741234873,0.0,0.6656630064097296,0.70823471230756,0.023344946701627737,0.029524210486902777
1,JOINT_CONT,-1,20264528,1,all,all,214,4896,True,0.3174019607843137,0.3150235348090046,1.0,0.002378425975309101,0.0,0.2959858465029574,0.33772296850913897,1.0,1.0
1,JOINT_CONT,-1,20264528,1,history,1-4,214,856,True,0.3119158878504673,0.3142399389246568,0.17483660130718953,-0.0023240510741894477,0.0,0.2698306074766355,0.35630841121495327,0.16977053472197,0.17972055211170365
1,JOINT_CONT,-1,20264528,1,history,5-8,214,856,True,0.3469626168224299,0.32931986406054453,0.17483660130718953,0.017642752761885358,0.0,0.3014018691588785,0.39374999999999993,0.16977053472197,0.17972055211170365
1,JOINT_CONT,-1,20264528,1,history,9-16,214,1698,True,0.3138987043580683,0.3156233592080075,0.34681372549019607,-0.0017246548499392194,0.0,0.2786149064063059,0.3506940609253657,0.3372967511248062,0.3558546752733825
1,JOINT_CONT,-1,20264528,1,history,17-31,182,1486,True,0.3075370121130552,0.3065542201442514,0.3035130718954248,0.0009827919688038132,0.0,0.27239738347066783,0.33926218187698587,0.2849229265772612,0.3229575853713914
1,JOINT_CONT,-1,20264528,1,run,1,214,3402,True,0.15696649029982362,0.15746725250877563,0.6948529411764706,-0.0005007622089520234,0.0,0.14408767231789182,0.16874478848869248,0.6748880919173806,0.7154454487200114
1,JOINT_CONT,-1,20264528,1,run,2-3,205,808,True,0.6423267326732673,0.6350154559432414,0.1650326797385621,0.007311276730025912,0.0,0.6102492609420672,0.6747313951588468,0.15480483770549286,0.17388729977116707
1,JOINT_CONT,-1,20264528,1,run,4-7,154,536,True,0.7518656716417911,0.7330236115478013,0.10947712418300654,0.01884206009398982,0.0,0.7155830553402748,0.7826164319975244,0.09902281335248779,0.12053142579510596
1,JOINT_CONT,-1,20264528,1,run,8+,54,150,False,0.6533333333333333,0.6710565946551422,0.030637254901960783,-0.01772326132180886,0.0,0.5725438596491228,0.715031976744186,0.021484760136431018,0.04022399497719424
1,JOINT_CONT,-1,20264529,0,all,all,1834,41976,True,0.3189918048408614,0.31717294732768375,1.0,0.001818857513177739,0.0,0.3113436475252868,0.3269400309767789,1.0,1.0
1,JOINT_CONT,-1,20264529,0,history,1-4,1834,7336,True,0.3101145038167939,0.31447930946846425,0.1747665332570993,-0.004364805651670341,0.0,0.2956583969465649,0.3270208560523446,0.1731691658414782,0.1764315068909176
1,JOINT_CONT,-1,20264529,0,history,5-8,1834,7336,True,0.3212922573609597,0.31549667145613824,0.1747665332570993,0.0057955859048214025,0.0,0.3068191112322792,0.3360209923664122,0.1731691658414782,0.1764315068909176
1,JOINT_CONT,-1,20264529,0,history,9-16,1834,14569,True,0.3200631477795319,0.31952649470545097,0.34707928340003813,0.000536653074080941,0.0,0.3070943688918746,0.33358059859888584,0.34401819111794907,0.35028899824207477
1,JOINT_CONT,-1,20264529,0,history,17-31,1605,12735,True,0.3215547703180212,0.3169977494778369,0.3033876500857633,0.004557020840184323,0.0,0.3082738261607004,0.33413829945712953,0.2968407669479201,0.3095400991228628
1,JOINT_CONT,-1,20264529,0,run,1,1834,29187,True,0.16377154212491862,0.16266690760345578,0.6953259005145798,0.0011046345214628243,0.0,0.15978495321906205,0.16781266206672696,0.6873759783508482,0.7029545641449828
1,JOINT_CONT,-1,20264529,0,run,2-3,1781,7141,True,0.6409466461279932,0.6395228954757824,0.17012102153611589,0.0014237506522108475,0.0,0.6302268361199194,0.6533368055555555,0.1668619857089258,0.1732649565914776
1,JOINT_CONT,-1,20264529,0,run,4-7,1351,4560,True,0.7195175438596492,0.712702558287253,0.10863350485991996,0.0068149855723960715,0.0,0.7060861382386937,0.7312436500377573,0.10484012725435111,0.11317659654815797
1,JOINT_CONT,-1,20264529,0,run,8+,374,1088,True,0.6911764705882353,0.688544064726425,0.02591957308938441,0.0026324058618102616,0.0,0.6624020736684807,0.7164863736300022,0.022654458227068873,0.029370076287815076
1,JOINT_CONT,-1,20264529,1,all,all,214,4896,True,0.31352124183006536,0.3176721190913473,1.0,-0.004150877261281922,0.0,0.2922996878251821,0.3337420213091479,1.0,1.0
1,JOINT_CONT,-1,20264529,1,history,1-4,214,856,True,0.29906542056074764,0.30813682705903683,0.17483660130718953,-0.009071406498289164,0.0,0.2581483644859813,0.34348714953271026,0.17003359320709543,0.18070604149906716
1,JOINT_CONT,-1,20264529,1,history,5-8,214,856,True,0.2827102803738318,0.3046252723473613,0.17483660130718953,-0.02191499197352954,0.0,0.24296144859813085,0.3283002336448598,0.17003359320709543,0.18070604149906716
1,JOINT_CONT,-1,20264529,1,history,9-16,214,1698,True,0.30977620730270905,0.3145945692211429,0.34681372549019607,-0.004818361918433809,0.0,0.27075505279506346,0.3506867617978729,0.33715293076791075,0.3572669056207886
1,JOINT_CONT,-1,20264529,1,history,17-31,182,1486,True,0.34387617765814266,0.3341970117374555,0.3035130718954248,0.009679165920687169,0.0,0.3089611214856313,0.3789769359399641,0.2812485156744775,0.32271400059645966
1,JOINT_CONT,-1,20264529,1,run,1,214,3424,True,0.16442757009345793,0.16294339009505363,0.6993464052287581,0.0014841799984043399,0.0,0.15165024143985953,0.1772165933162451,0.6793599948918781,0.7205759724641149
1,JOINT_CONT,-1,20264529,1,run,2-3,206,849,True,0.6360424028268551,0.6486079875193881,0.17340686274509803,-0.01256558469253292,0.0,0.6014065945777551,0.665468051091042,0.16342532172916155,0.1835712140418636
1,JOINT_CONT,-1,20264529,1,run,4-7,152,530,True,0.7113207547169811,0.7242164982129045,0.10825163398692811,-0.0128957434959234,0.0,0.6700459739750658,0.7480755489151617,0.09596274667837434,0.11955834589954761
1,JOINT_CONT,-1,20264529,1,run,8+,36,93,False,0.5913978494623656,0.6763613110642249,0.018995098039215685,-0.08496346160185927,0.0,0.4917809239940387,0.6727407740774077,0.012376195206713316,0.025801701777094826
1,JOINT_CONT,-1,20264530,0,all,all,1834,41976,True,0.31022489041356965,0.31269348104185896,1.0,-0.0024685906282893035,0.0,0.3029956815125983,0.317199548351879,1.0,1.0
1,JOINT_CONT,-1,20264530,0,history,1-4,1834,7336,True,0.31038713195201745,0.31339911408595955,0.1747665332570993,-0.003011982133942089,0.0,0.2968886314067612,0.327303707742639,0.1730388653781138,0.17635919003460354
1,JOINT_CONT,-1,20264530,0,history,5-8,1834,7336,True,0.309432933478735,0.3120575450520914,0.1747665332570993,-0.0026246115733564155,0.0,0.29238685932388225,0.32390607960741546,0.1730388653781138,0.17635919003460354
1,JOINT_CONT,-1,20264530,0,history,9-16,1834,14569,True,0.3103850641773629,0.3118620936446746,0.34707928340003813,-0.0014770294673116609,0.0,0.2978548093601519,0.3241097893159857,0.34390289730619583,0.3501385517080173
1,JOINT_CONT,-1,20264530,0,history,17-31,1605,12735,True,0.31040439733019237,0.31360444966368795,0.3033876500857633,-0.0032000523334955945,0.0,0.2973712967226031,0.32449233819002227,0.2972271534033194,0.31003486330905866
1,JOINT_CONT,-1,20264530,0,run,1,1834,29534,True,0.1635064671226383,0.1624732606235189,0.7035925290642272,0.0010332064991194156,0.0,0.1593375201346579,0.16770331137948027,0.6971264525420322,0.7104531614674345
1,JOINT_CONT,-1,20264530,0,run,2-3,1778,7147,True,0.6301944871974255,0.6398118779864279,0.1702639603583,-0.009617390789002474,0.0,0.6181258202667232,0.6410583006986965,0.1670121327464833,0.17363418163765434
1,JOINT_CONT,-1,20264530,0,run,4-7,1374,4394,True,0.6982248520710059,0.7132809384328971,0.10467886411282638,-0.015056086361891215,0.0,0.6871760838940345,0.7125510301637704,0.10097847929767922,0.10855091030847017
1,JOINT_CONT,-1,20264530,0,run,8+,324,901,True,0.6892341842397336,0.6883955000165526,0.021464646464646464,0.0008386842231809669,0.0,0.6605866871367475,0.7186112499768557,0.018952176214433483,0.024380485946543247
1,JOINT_CONT,-1,20264530,1,all,all,214,4896,True,0.31229575163398693,0.31688014602878106,1.0,-0.004584394394794116,0.0,0.2912047504445181,0.33190182056744266,1.0,1.0
1,JOINT_CONT,-1,20264530,1,history,1-4,214,856,True,0.3107476635514019,0.3101986670852307,0.17483660130718953,0.0005489964661711743,0.0,0.26282126168224296,0.35864485981308414,0.16953684421279655,0.17968094038623006
1,JOINT_CONT,-1,20264530,1,history,5-8,214,856,True,0.3352803738317757,0.31858733429745173,0.17483660130718953,0.016693039534323967,0.0,0.29669976635514017,0.3773364485981308,0.16953684421279655,0.17968094038623006
1,JOINT_CONT,-1,20264530,1,history,9-16,214,1698,True,0.30153121319199055,0.3117617971764532,0.34681372549019607,-0.010230583984462586,0.0,0.26550033470323325,0.33175921951300963,0.33676536895633563,0.35642577503443157
1,JOINT_CONT,-1,20264530,1,history,17-31,182,1486,True,0.3122476446837147,0.3255941091303623,0.3035130718954248,-0.013346464446647624,0.0,0.2755155187417411,0.349007237253968,0.28439144746110373,0.32409209477704864
1,JOINT_CONT,-1,20264530,1,run,1,214,3435,True,0.1551673944687045,0.1631121931209011,0.7015931372549019,-0.007944798652196614,0.0,0.14338898292665886,0.16613129924313869,0.6821549408498758,0.7212195703629971
1,JOINT_CONT,-1,20264530,1,run,2-3,208,811,True,0.6510480887792849,0.6525093150862907,0.1656454248366013,-0.0014612263070058532,0.0,0.6188391168579848,0.6817652484588081,0.15680441291560104,0.1744337707666332
1,JOINT_CONT,-1,20264530,1,run,4-7,159,538,True,0.7360594795539034,0.7243933221267298,0.10988562091503268,0.011666157427173534,0.0,0.6988744714662732,0.7669720618206521,0.0988799929350556,0.12166096821713006
1,JOINT_CONT,-1,20264530,1,run,8+,43,112,False,0.6428571428571429,0.6450549084594128,0.02287581699346405,-0.0021977656022700407,0.0,0.5267473845598846,0.747071673329526,0.015372414389137617,0.03205929928269774
