kappa,trial,name,variant,tape,group,gap_conditioned_mark_tv,transition_conditioned_mark_tv,short_gap_repeat_curve_l1,gap_repeat_mi_error,gap_lag1_acf_error,amount_lag1_acf_error,gap_ks,gap_scaled_w1,gap_zero_rate_error,mark_sparse_tv,amount_ks,amount_scaled_w1,length_scaled_w1,null_centered_shape_l1,generated_repeat_level,reference_repeat_level
0,0,U,raw,20263001,pooled,0.020009953810124343,0.04726665148424151,0.005790728593784603,2.2865892592449123e-05,0.011943216748156918,0.006235167519570651,0.020747405318028322,0.05137744562583188,0.0,0.01574788913106686,0.03375743393903552,0.06366448181821845,0.015150947804831307,0.003969173834872104,0.3061803277357358,0.3119710563295204
0,0,U,raw,20263001,0,0.018001151092833127,0.048657312026269946,0.006912392844219193,3.865276215069143e-05,0.014811027653589104,0.007624901261653934,0.020663658913147254,0.05166792836813798,0.0,0.01096498161347877,0.03437573652336068,0.06414454823693871,0.015980419726708005,0.004423747406498479,0.30712091084819915,0.3121599775075561
0,0,U,raw,20263001,1,0.0618772432949342,0.1276043831460157,0.024276805114466386,0.0007082279698271628,0.015297038716065275,0.005613009116238221,0.027392890582893625,0.05244765064611649,0.0,0.0425884907904471,0.032398089107477546,0.06043927999188056,0.03596270269496643,0.021820357318803798,0.2979897172162411,0.31017932137857473
0,0,U,raw,20263002,pooled,0.017444197824882997,0.04425801053165049,0.00367329585344015,2.740506514979234e-05,0.020230991409967494,0.0021831343454303195,0.02251818531461469,0.05171231294924363,0.0,0.011027429422334752,0.03246233986461938,0.06326870736371909,0.015150947804831307,0.003264946985086742,0.3099097039021473,0.3119710563295204
0,0,U,raw,20263002,0,0.0171597417695833,0.04648375085584432,0.004680543380305607,4.910445763291245e-05,0.021933790853061436,0.002834900702795292,0.02290303379403158,0.051802981279245125,0.0,0.012226301740425213,0.03158273869670536,0.06302856065342571,0.015980419726708005,0.0041238202366249204,0.30933300711809897,0.3121599775075561
0,0,U,raw,20263002,1,0.053235291316140146,0.13345928184629194,0.015506458433716907,0.0008908781346506227,0.005259071501688389,0.0031403554053329157,0.03602819452559369,0.05565250097850655,0.0,0.029875759982818238,0.04363159588328519,0.06564946761030639,0.03596270269496643,0.016376234272184716,0.3141247424105843,0.31017932137857473
0,0,U,raw,20263003,pooled,0.018244765549089364,0.04792190185522999,0.005080803844472496,1.010254946805678e-05,0.013631580592451092,0.0031265698495692006,0.02202255209095061,0.05179955609985128,0.0,0.013515030616208094,0.03429190546016292,0.0631511903150051,0.015150947804831307,0.0024103161529285787,0.3068902524850479,0.3119710563295204
0,0,U,raw,20263003,0,0.0178398181870361,0.05249357560961736,0.004343973102018892,6.817407713723242e-06,0.014079028521567352,0.002331988345393733,0.02204540086092699,0.05192573001539611,0.0,0.011036864333201661,0.03515646944715817,0.06450702005186222,0.015980419726708005,0.0022477662008785902,0.30796564237328633,0.3121599775075561
0,0,U,raw,20263003,1,0.0507023419413253,0.1285858118523224,0.012999233957706633,5.810600289653798e-05,0.009435200634361707,0.010421793948382474,0.0317389788393192,0.052315135875129565,0.0,0.03805998454344273,0.02761008171573287,0.05355453454545114,0.03596270269496643,0.009172957991726119,0.2978028472064807,0.31017932137857473
0,0,U,gap,20263001,pooled,0.020461207418920258,0.045509371719455245,0.007410696911577621,3.2801829938803066e-05,0.012667483915709293,0.0063774181090730875,0.02068340122176615,0.05134482656951561,0.0,0.016032301228411358,0.03387045110125775,0.06361926569313839,0.015150947804831307,0.0036880331297172966,0.31925589878951344,0.3119710563295204
0,0,U,gap,20263001,0,0.018876459377033528,0.048271800195595356,0.007827007407857437,6.649328771329854e-05,0.015565274816385588,0.007701780124395729,0.020616012639085968,0.05165356674155556,0.0,0.01271880838466492,0.03448042945497487,0.06409810271961275,0.015980419726708005,0.005231403689359183,0.31977067375242274,0.3121599775075561
0,0,U,gap,20263001,1,0.06075639168893168,0.12706164830076355,0.016674157458537463,0.0004302048985571126,0.014833398572772868,0.004918081503451394,0.027188642216880554,0.05229006919006876,0.0,0.042276609368393815,0.03259378382372019,0.0603591083286344,0.03596270269496643,0.016825640883617363,0.31469204651156013,0.31017932137857473
0,0,U,gap,20263002,pooled,0.01831253246880564,0.04524916268223543,0.01259029935304477,3.137276812001919e-05,0.0210929142223696,0.002110468201849714,0.022475515917106614,0.05165782481218928,0.0,0.011669799158250616,0.03235619425845765,0.06322103004630407,0.015150947804831307,0.0036400456304600632,0.32456135568256517,0.3119710563295204
0,0,U,gap,20263002,0,0.01811483656435024,0.04600627060180557,0.01148094856965581,5.641854857693613e-05,0.02280335247893056,0.002767215758939432,0.022855387519970294,0.051762606568156386,0.0,0.012353025942981977,0.03144090017668266,0.0629788927275362,0.015980419726708005,0.0048598008995951476,0.32364092607721184,0.3121599775075561
0,0,U,gap,20263002,1,0.052521610826304355,0.1305208187997663,0.021854271073341133,0.0013511027519063188,0.006027768890566262,0.0032576962955445576,0.036232442891606764,0.05564470277429779,0.0,0.03080400350335293,0.043755308347316,0.06565428564229125,0.03596270269496643,0.020302670088941585,0.33147442355564166,0.31017932137857473
0,0,U,gap,20263003,pooled,0.017944261271946614,0.04788988005812795,0.008374671161429167,2.387995093731227e-06,0.013639012066594625,0.0031947551133477917,0.021787870404656018,0.051746775435409155,0.0,0.013381730350310306,0.03441156163489467,0.06314261892750624,0.015150947804831307,0.0017514484837982819,0.32034572749094953,0.3119710563295204
0,0,U,gap,20263003,0,0.01757708914883296,0.0519294436762264,0.00902707560600907,1.376417515898653e-06,0.01422371497358585,0.0023895136235456303,0.022021577723896346,0.051910057023228984,0.0,0.010869749390376342,0.035270598641406026,0.0645172163028443,0.015980419726708005,0.0021563417686039565,0.3211870531135651,0.3121599775075561
0,0,U,gap,20263003,1,0.051510128568961554,0.12677990232393263,0.011994956662017876,0.0001107805477575187,0.008302977481251375,0.010594665712142716,0.030717737009253843,0.0518625149243473,0.0,0.039070511354018914,0.02777429826054978,0.05344672823975501,0.03596270269496643,0.01182004041179667,0.313358889539362,0.31017932137857473
0,0,U,direct,20263001,pooled,0.013330788075402186,0.04304538101745965,0.0071015973654180034,8.518221405445287e-05,0.016020295731825743,0.0063796889528256245,0.021202887455555708,0.05146467962872639,0.0,0.009088863801476683,0.03415840204561399,0.06372311696172203,0.015150947804831307,0.0060689920922772905,0.31709077417663084,0.3119710563295204
0,0,U,direct,20263001,0,0.014324488274459915,0.04678905572250945,0.007481646244700323,9.908809158900656e-05,0.019269899450303163,0.0076683550591296655,0.021310592634450676,0.05183008311746236,0.0,0.008164170638236498,0.03472261845770208,0.06423834463905163,0.015980419726708005,0.006339559132185031,0.3175786769870169,0.3121599775075561
0,0,U,direct,20263001,1,0.04936544404245348,0.12099639251593512,0.0037101162955506853,2.094035636224516e-05,0.015161638744707398,0.0045954214091748925,0.027188642216880554,0.05259325646366474,0.0,0.029859083302642742,0.033131913040238825,0.06023725511062536,0.03596270269496643,0.004049239627042787,0.3126392067199657,0.31017932137857473
0,0,U,direct,20263002,pooled,0.01724697937011392,0.045570357186117766,0.009575320971889454,1.957746402363447e-05,0.01934245970966099,0.002135120737924162,0.022368842423336366,0.05155127594188328,0.0,0.009961756687243823,0.032352236534122836,0.06339075275519007,0.015150947804831307,0.0032029719019644656,0.3215463773014099,0.3119710563295204
0,0,U,direct,20263002,0,0.017045350278891248,0.046742337995398564,0.010072792186117853,1.1361893551861546e-05,0.021655244352090403,0.0028267258161595505,0.022736271834816857,0.05168986387194556,0.0,0.00980127280092595,0.03156700262370227,0.06317345594034796,0.015980419726708005,0.0032186489885536397,0.3222327696936739,0.3121599775075561
0,0,U,direct,20263002,1,0.04843322382835511,0.12520691429427602,0.011092723878383242,0.00036299121058182293,0.0011461527394614895,0.003515639295113826,0.03602819452559369,0.056340775882381684,0.0,0.021913107745605405,0.042502557132631125,0.0657875658663216,0.03596270269496643,0.012165575866897784,0.3152998599340016,0.31017932137857473
0,0,U,direct,20263003,pooled,0.015730686213558314,0.043391808084685075,0.008960877489887371,1.5524521317708778e-05,0.012757938484393869,0.0030443656548938365,0.022657294479781487,0.05223300822364562,0.0,0.00872408231127974,0.03415504953237425,0.06320953995809526,0.015150947804831307,0.003718900208897942,0.32093193381940777,0.3119710563295204
0,0,U,direct,20263003,0,0.016725182926050724,0.04735420286642611,0.009185119841878675,1.2717014417603024e-05,0.013688907704423353,0.0022846337011775864,0.02278864489254384,0.05242297790959079,0.0,0.008615940609972585,0.035070208553765525,0.06463495348451717,0.015980419726708005,0.004094868449652722,0.3213450973494347,0.3121599775075561
0,0,U,direct,20263003,1,0.0453163662554581,0.11984512561640637,0.007160772768713596,3.1343945906809126e-05,0.004484631963013672,0.01001784170041128,0.029696495179188487,0.052013340474018795,0.0,0.028502996676915176,0.028623158783247393,0.05332577723844845,0.03596270269496643,0.0013345838930660715,0.31734009414728837,0.31017932137857473
0,0,G,raw,20263001,pooled,0.01971998829209867,0.046774174229732644,0.006377405003497388,2.2006166350106303e-05,0.011426796604204398,0.00638873147454452,0.02068340122176615,0.051433274365810994,0.0,0.014738590707163105,0.03379460503545295,0.06370739064505407,0.015150947804831307,0.003513937747787635,0.305593651326023,0.3119710563295204
0,0,G,raw,20263001,0,0.018682158122889186,0.04912161920604638,0.0072795235716149095,4.006612080154439e-05,0.013842806987095599,0.007778569468510994,0.020616012639085968,0.05175901824311562,0.0,0.01139490973138942,0.03438124637825285,0.06417401818248342,0.015980419726708005,0.004564652186097533,0.3065232526565321,0.3121599775075561
0,0,G,raw,20263001,1,0.0620798920697847,0.1278928233049026,0.021814098881730318,0.0005289184056615008,0.011682625340803054,0.00547063869983199,0.027597138948906696,0.0523980580222753,0.0,0.04345077766584979,0.032610560513971765,0.06062469439678872,0.03596270269496643,0.019239743487713887,0.2974046256241452,0.31017932137857473
0,0,G,raw,20263002,pooled,0.01763266396060999,0.04478135391941623,0.003263311226566398,1.506512858095199e-05,0.019778403974747907,0.002133084684012547,0.022582189410876863,0.05176786042399284,0.0,0.010066677173765672,0.032473142739426586,0.0632797277530419,0.015150947804831307,0.0024881843966872287,0.3088084099347906,0.3119710563295204
0,0,G,raw,20263002,0,0.01761856215964209,0.04718259105744959,0.004647241215226329,4.0902427753268186e-05,0.021738992607596472,0.002794050410517275,0.02290303379403158,0.051835512120519636,0.0,0.011740624259748252,0.03150376267493976,0.06302577021038962,0.015980419726708005,0.003481690689635126,0.30821945951070134,0.3121599775075561
0,0,G,raw,20263002,1,0.051657280974634255,0.1302679903019941,0.01514183940513755,0.0007801411681536927,0.002559966550686535,0.003268836417405277,0.03500695269552834,0.054727101851953015,0.0,0.029632835508177427,0.04406256430335359,0.06582486809353146,0.03596270269496643,0.015782977395035664,0.31308761015585373,0.31017932137857473
0,0,G,raw,20263003,pooled,0.017871339705815076,0.04773734349602411,0.006469824798510317,5.663532227969802e-06,0.012744360671284483,0.0031482392678733413,0.022235899078491106,0.051884401656277945,0.0,0.012514373171870742,0.034480402622042994,0.06314175773363466,0.015150947804831307,0.002552989868115717,0.30550123153101005,0.3119710563295204
0,0,G,raw,20263003,0,0.01773340260759417,0.05271031603671719,0.005366889796966877,2.3419394797979086e-06,0.013341945470810454,0.0023369332760378243,0.022212162820141823,0.052022917015283776,0.0,0.011128167688599984,0.03530701269844816,0.0645039764676878,0.015980419726708005,0.0027549708422149096,0.30679308771058916,0.3121599775075561
0,0,G,raw,20263003,1,0.050915326598360004,0.13005448986561638,0.015589954362487363,2.7193092991823343e-05,0.007268954296324695,0.010596577649053944,0.0317389788393192,0.05221162652305033,0.0,0.03825567925968541,0.02808712977832517,0.053535043172173266,0.03596270269496643,0.007138670194377965,0.2945893670160874,0.31017932137857473
0,0,G,gap,20263001,pooled,0.020182740154069113,0.04589192574484024,0.008510470819476482,2.7189341933390294e-05,0.011841565837073381,0.00636008879561741,0.02072607061927423,0.05134141744319326,0.0,0.015429485319566711,0.03381130818907879,0.06361149493425387,0.015150947804831307,0.0036640014165819166,0.3204815271489969,0.3119710563295204
0,0,G,gap,20263001,0,0.018483393470262125,0.04861494162951335,0.009442117062668332,5.188560481374227e-05,0.014223036075136253,0.007724309442724524,0.020663658913147254,0.051643708736760136,0.0,0.012361907022815383,0.03439636776811117,0.06407066131557268,0.015980419726708005,0.005241252711364728,0.3216020945702244,0.3121599775075561
0,0,G,gap,20263001,1,0.06172493544349378,0.12774849851050796,0.016602467371450467,0.00039241456248300126,0.010913345399350294,0.005279292369149202,0.027597138948906696,0.05234794979783776,0.0,0.04266799880087914,0.032035052531542596,0.06053093724075791,0.03596270269496643,0.016695881164993882,0.31064286762963156,0.31017932137857473
0,0,G,gap,20263002,pooled,0.018511528401839342,0.044939780939662555,0.01179001148732498,2.085274247342597e-05,0.020676644494824967,0.002168408347268739,0.02251818531461469,0.051702086375259006,0.0,0.011915097604693774,0.0325222809230622,0.06329893369515625,0.015150947804831307,0.003068860265416053,0.3237610678168453,0.3119710563295204
0,0,G,gap,20263002,0,0.01766548392990759,0.045484481380359744,0.010651069206114893,4.02686907350225e-05,0.02277447250776464,0.002843983764542068,0.02283156438293954,0.05177729290991437,0.0,0.012264431313857864,0.03154267866765342,0.06304565764690798,0.015980419726708005,0.004254287184051251,0.32281104671367095,0.3121599775075561
0,0,G,gap,20263002,1,0.05354713454463002,0.12877326170762282,0.020909961131469087,0.0008815537877593862,0.0022753877589496985,0.0033662597330714012,0.03500695269552834,0.054617835773207134,0.0,0.03452220311196352,0.04393075102316557,0.0658766183150709,0.03596270269496643,0.016909231521782156,0.3310892825100438,0.31017932137857473
0,0,G,gap,20263003,pooled,0.017955865166609953,0.04849258646967275,0.00815607337949978,5.519024798266575e-07,0.012814652815106006,0.003266964167724911,0.021979882693442532,0.051812153027582936,0.0,0.013238639589885129,0.034480402622042994,0.06313541043048283,0.015150947804831307,0.001921984277254854,0.3201271297090202,0.3119710563295204
0,0,G,gap,20263003,0,0.01767427599274379,0.05240974958490503,0.008885274727614743,3.7638720410708892e-06,0.013487309836846498,0.002430998335688,0.022140693409049783,0.05195619830668323,0.0,0.010603173395059685,0.03531220352694581,0.06449228856936115,0.015980419726708005,0.002342739964257805,0.32104525223517083,0.3121599775075561
0,0,G,gap,20263003,1,0.05007649534646101,0.125494617866891,0.009625602715029267,0.00015076432907051558,0.006687796023567352,0.010936457749066599,0.031126233741279985,0.0520102218839051,0.0,0.03770064834032027,0.02770604138366939,0.053665321781875996,0.03596270269496643,0.009123484283354126,0.3124569986067449,0.31017932137857473
0,0,G,direct,20263001,pooled,0.013232651664400092,0.04303647580019407,0.006546763320389849,7.550903086065921e-05,0.015681259282360374,0.00638971426170664,0.020818862877982736,0.05142375419639576,0.0,0.009068422264273096,0.03406858692553416,0.06381422509312197,0.015150947804831307,0.005935310425373885,0.3172718627030154,0.3119710563295204
0,0,G,direct,20263001,0,0.01404489562914038,0.04662761959807823,0.006790538184041221,8.119703358745109e-05,0.018749257769829178,0.00767849053184463,0.0210961844011745,0.05181983604398448,0.0,0.008415254865581883,0.034698212707898135,0.06431808899192952,0.015980419726708005,0.005997566813770521,0.3176700863180502,0.3121599775075561
0,0,G,direct,20263001,1,0.04940128842477344,0.11945143530190802,0.0045608839365682665,2.8228779614051743e-05,0.014023356869528228,0.004589342220747787,0.027801387314919768,0.05286558905743244,0.0,0.028924814175028093,0.032610560513971765,0.060444865737380615,0.03596270269496643,0.0049678704880977255,0.3135504097827396,0.31017932137857473
0,0,G,direct,20263002,pooled,0.01755345709541073,0.045933314844209976,0.009624340421242834,1.9967962184658792e-05,0.019629981061231802,0.0021511281649616854,0.022368842423336366,0.05158499718835418,0.0,0.0099214311194966,0.03264550235039376,0.06344811795764294,0.015150947804831307,0.0036910597521904905,0.3215953967507632,0.3119710563295204
0,0,G,direct,20263002,0,0.01693452515157368,0.0463863914769206,0.010033742257786657,1.4707343300497384e-05,0.021406422217929114,0.002826096852916599,0.0227600949718475,0.05171337408017406,0.0,0.009573014412430178,0.03183674904951622,0.06323706596526785,0.015980419726708005,0.0037218889675920204,0.3221937197653427,0.3121599775075561
0,0,G,direct,20263002,1,0.04946786728935821,0.12550119801018414,0.010748549274273142,0.0003484009319346718,0.00398326053890917,0.0033638860248849526,0.034394207597489124,0.05471137857481213,0.0,0.022695886610576047,0.042494106281207866,0.06582380266335992,0.03596270269496643,0.01198782879811515,0.3160941900190946,0.31017932137857473
0,0,G,direct,20263003,pooled,0.01587230136437791,0.04364346268193302,0.008823590834505603,1.1496582223444098e-05,0.012812996332607837,0.002978604935998259,0.023046617631145128,0.052317951521653666,0.0,0.008458342327632918,0.03434812133782206,0.06327078019414827,0.015150947804831307,0.0035809502838483787,0.32079464716402595,0.3119710563295204
0,0,G,direct,20263003,0,0.016232215749658885,0.047520027205012715,0.009079193348064327,1.0740017125274149e-05,0.014155530206128836,0.00219428537617725,0.023169815085034795,0.052487309359962236,0.0,0.008273553027228951,0.03525162910136509,0.06470572084462295,0.015980419726708005,0.004096208333400942,0.32123917085562037,0.3121599775075561
0,0,G,direct,20263003,1,0.04474609820838276,0.11961499179462293,0.0074320840799901875,9.09373482928437e-05,0.0009678460013201468,0.010172603599109582,0.0303092402772277,0.05223873184509169,0.0,0.02866663816379499,0.02872754430008817,0.05329086255420633,0.03596270269496643,0.00384380314598629,0.3168945890713013,0.31017932137857473
0,0,C,raw,20263001,pooled,0.018215762618837276,0.04587560563296605,0.004177155082376116,1.9256295284021674e-05,0.011394158662301826,0.0064161495537470555,0.02096075230556882,0.05125433906295588,0.0,0.015105746831960936,0.033895043297965055,0.06360199135987495,0.015150947804831307,0.004096614014941319,0.31156710269184656,0.3119710563295204
0,0,C,raw,20263001,0,0.017310036487228425,0.04742592201752745,0.004399687804330591,3.0375100265145165e-05,0.013691453017326466,0.007809029721056495,0.02092571342048488,0.05149864971999822,0.0,0.011530697358504378,0.03434922965803494,0.06409088210713708,0.015980419726708005,0.00439922566974106,0.3121576595027594,0.3121599775075561
0,0,C,raw,20263001,1,0.05829865168907875,0.128796622797553,0.017317412433691816,0.0002636014129442086,0.010279782288078701,0.00546420849119185,0.0261674003868152,0.05170345481087473,0.0,0.03640576788111398,0.03197857184111297,0.060376011324301926,0.03596270269496643,0.0165691755971699,0.3064663538679345,0.31017932137857473
0,0,C,raw,20263002,pooled,0.01677171325112323,0.04465049430520539,0.006065337722894171,1.1803739667193822e-05,0.021865959302990845,0.002402881621408376,0.022646193507139034,0.05163486039007327,0.0,0.00913073135591979,0.03278802090670896,0.06306953376056071,0.015150947804831307,0.002911836499910137,0.31731686953218474,0.3119710563295204
0,0,C,raw,20263002,0,0.016302306166527624,0.045503509181362534,0.005219401637918035,1.6364251699724263e-05,0.02336978644885887,0.0030781823851559285,0.022998326342154374,0.0517670601840159,0.0,0.011624985263479014,0.03202202128349457,0.06286890605225137,0.015980419726708005,0.003021390254110379,0.3160225744829612,0.3121599775075561
0,0,C,raw,20263002,1,0.05657172198362997,0.13268327531976168,0.019994559132237005,0.0003480369304270462,0.008578710598838954,0.0031285788298562314,0.03541544942755448,0.05500713661070823,0.0,0.029460418137127298,0.04285691783447182,0.06522429281678399,0.03596270269496643,0.011555039719899997,0.3280322511342048,0.31017932137857473
0,0,C,raw,20263003,pooled,0.019003299947073827,0.04858474178424802,0.00424119078180441,2.2357977111421698e-05,0.014280925744685133,0.003300394561765063,0.02259858895731004,0.052163015138928896,0.0,0.013412451757302109,0.03410241721684992,0.06297320549818404,0.015150947804831307,0.003619990943126329,0.3150557937810925,0.3119710563295204
0,0,C,raw,20263003,0,0.01755579666487905,0.05197930463160882,0.004261816920066347,1.4353791690408261e-05,0.015249179919163067,0.0025260057386374862,0.022598059796298364,0.05234781516404403,0.0,0.010556766816349792,0.035143547263828734,0.06433145979941376,0.015980419726708005,0.0033642528801567577,0.3163241930908156,0.3121599775075561
0,0,C,raw,20263003,1,0.04958538531596709,0.12643244666183237,0.011835668092022265,0.00010912153164303201,0.005705109555339108,0.010425933603882073,0.029492246813175416,0.05164481571054486,0.0,0.03606253330022996,0.029020448810217703,0.05347487375998869,0.03596270269496643,0.01065695161001028,0.30434296347746725,0.31017932137857473
0,0,C,gap,20263001,pooled,0.018186347414010245,0.04555370319124916,0.006387335669059977,1.9721958122268478e-05,0.011536069411662575,0.006472659237533311,0.020896748209306648,0.051257842686301014,0.0,0.015085305294757344,0.03387460176076146,0.06357655452268965,0.015150947804831307,0.004044741588057859,0.31835839199858035,0.3119710563295204
0,0,C,gap,20263001,0,0.017719379802592326,0.046749368647772134,0.007010122106823674,3.136338566221979e-05,0.013949315603745682,0.007851987911900147,0.020878067146423485,0.05150218858946202,0.0,0.011495311565812438,0.03432640381918539,0.06407493265669173,0.015980419726708005,0.004610194731646704,0.3190719334980791,0.3121599775075561
0,0,C,gap,20263001,1,0.05675937094970686,0.12822488262609957,0.01591863920090594,0.00023331414244249365,0.011139317099554541,0.0052971364142664805,0.025963152020802127,0.051629936365802924,0.0,0.036210073164871306,0.03178287712487032,0.06029805981900035,0.03596270269496643,0.015515469421794518,0.3121919502825516,0.31017932137857473
0,0,C,gap,20263002,pooled,0.016165274088335825,0.044221859788542324,0.01164099737457263,2.8937438586213934e-05,0.021986854997620126,0.0024958226771871067,0.02262485880838505,0.05162577983980912,0.0,0.009111398230639247,0.03258360553467299,0.06304651287956553,0.015150947804831307,0.0036094999434207672,0.32361205370409296,0.3119710563295204
0,0,C,gap,20263002,0,0.01638560312602968,0.044947680117660545,0.00996152113212197,4.008401977348929e-05,0.023471247424647887,0.0031706754721177906,0.02297450320512373,0.05177417189097714,0.0,0.011830417813125181,0.0317937628949988,0.06283819204659656,0.015980419726708005,0.004109919114941814,0.32212149863967804,0.3121599775075561
0,0,C,gap,20263002,1,0.05649958531860349,0.1340502279879782,0.02572832720102429,0.0004947065934921652,0.00896411174421298,0.0030402559107742793,0.03398571086546298,0.05375947126415512,0.0,0.029905037932571703,0.04295632785003095,0.06530663553236532,0.03596270269496643,0.013111205600357338,0.33590764857959904,0.31017932137857473
0,0,C,gap,20263003,pooled,0.018958770417969825,0.04839454920083276,0.008819850551182354,8.840044336562718e-06,0.014218913721384882,0.0032655652618587922,0.022449246066031714,0.05211248102683877,0.0,0.014045581903953606,0.03405166443115132,0.06290616686883738,0.015150947804831307,0.002554286215101084,0.3207909068807027,0.3119710563295204
0,0,C,gap,20263003,0,0.01773995679546016,0.05184966717058364,0.009772055949018912,2.605847043744532e-06,0.015080538190382117,0.002533699491821053,0.022478944111144927,0.05228145084559251,0.0,0.010716547688296843,0.035057102949477725,0.06424445057357828,0.015980419726708005,0.002260812833145897,0.321932033456575,0.3121599775075561
0,0,C,gap,20263003,1,0.0511010270752141,0.12345357296353647,0.010771176783234072,0.0002545148758590004,0.006515929220029401,0.010010652481230274,0.029287998447162344,0.051687337676678234,0.0,0.03691786947534963,0.028268223023469652,0.053506116529837375,0.03596270269496643,0.010554110794163261,0.3111639621109761,0.31017932137857473
0,0,C,direct,20263001,pooled,0.012846361280050154,0.042682455764582385,0.006834632992382286,6.629214852296066e-05,0.011739181012630787,0.0063815945207707225,0.021174099293109316,0.051369748111277105,0.0,0.008741357669015534,0.03455801300461259,0.06369205597608991,0.015150947804831307,0.0057956021441134715,0.3174605634196407,0.3119710563295204
0,0,C,direct,20263001,0,0.01417337072130294,0.04623944285110561,0.007114370802101316,7.193871517924917e-05,0.0150984718865287,0.007680506435869914,0.021140121653761,0.051617134020042275,0.0,0.008529384059829767,0.03521921863338984,0.0641928331968487,0.015980419726708005,0.005911870569947042,0.31808534499406155,0.3121599775075561
0,0,C,direct,20263001,1,0.049927054608584376,0.11954121294223476,0.004707811541291186,3.144385419283683e-06,0.019719929188534407,0.004677390113702405,0.026647556284918716,0.051837458884034335,0.0,0.026515496436265926,0.03289791446488233,0.0603941416174891,0.03596270269496643,0.005097350124686762,0.3118861136693872,0.31017932137857473
0,0,C,direct,20263002,pooled,0.018165952504389637,0.04636842436769211,0.009817998645409758,4.752214019047282e-05,0.02177565139539081,0.0025401713200981554,0.02249685061586071,0.051652853662991854,0.0,0.008964809726240239,0.03253148750534157,0.06332443199905415,0.015150947804831307,0.004667043301707089,0.32178905497493016,0.3119710563295204
0,0,C,direct,20263002,0,0.01670508594091051,0.047024019079765327,0.009982843526372279,4.100901416171111e-05,0.023475720955180815,0.003239367223950544,0.022879210657000937,0.05177343317425233,0.0,0.009730475693430548,0.03170090299829048,0.06313700384645944,0.015980419726708005,0.004764438072986118,0.3221428210339284,0.3121599775075561
0,0,C,direct,20263002,1,0.05067201700159329,0.126525992889963,0.010561859777105269,0.0002968347254739919,0.006882716034467037,0.003180475916355175,0.03602819452559369,0.05502226360758403,0.0,0.02393798675216528,0.042854367577533414,0.06544919620179146,0.03596270269496643,0.010826090491162408,0.31841243155825644,0.31017932137857473
0,0,C,direct,20263003,pooled,0.015544661831722189,0.04349577534707118,0.008884376327011004,1.1798964549594829e-05,0.01215691021932215,0.0032086960479015747,0.022235899078491106,0.05212251385769631,0.0,0.00837657617881853,0.034509579053026984,0.06322203430727902,0.015150947804831307,0.0035901771826608027,0.3208554326565314,0.3119710563295204
0,0,C,direct,20263003,0,0.016302855518377617,0.047546177577107926,0.009123606723284368,9.832475790236643e-06,0.013878571082940314,0.002402711659614865,0.02254568673857138,0.052325675314603685,0.0,0.00853352433056646,0.03549380180684031,0.06464782205903469,0.015980419726708005,0.0038861258604147185,0.3212835842308404,0.3121599775075561
0,0,C,direct,20263003,1,0.04443735844022384,0.12056122189879893,0.00686198062226312,3.0158865315211918e-05,0.0028815634508240207,0.010600557610251655,0.02826675661709699,0.05162205639717414,0.0,0.029449417028765627,0.028305951824646347,0.053358049625525386,0.03596270269496643,0.0038711271459437625,0.31704130200083785,0.31017932137857473
0,1,U,raw,20263001,pooled,0.022779775754282035,0.04631022456599841,0.00475337572450891,2.369522474832803e-05,0.01838867059947967,0.007860864546879195,0.02446939776292273,0.052912647725987645,0.0,0.018916327397624527,0.03410873276090637,0.06566297950779013,0.015150947804831307,0.003956827722827931,0.3159694572989235,0.3119710563295204
0,1,U,raw,20263001,0,0.018863112316701573,0.04951293257685052,0.00582765542788147,3.391994913494207e-05,0.022697660245598217,0.009464181811568623,0.024900218447466538,0.05307758723454069,0.0,0.01425220974939038,0.0347319998324212,0.06609907089304942,0.015980419726708005,0.004862262937231554,0.31698151754984927,0.3121599775075561
0,1,U,raw,20263001,1,0.06583545903374315,0.1320060854703204,0.014159059822114609,5.36895240842815e-05,0.020807128233056374,0.005869482269739478,0.02841413241295898,0.05285471338275452,0.0,0.04736467199070303,0.03429207992705263,0.06254203619424012,0.03596270269496643,0.013585207390623749,0.3073316997031548,0.31017932137857473
0,1,U,raw,20263002,pooled,0.018589536569659233,0.0467528474669222,0.007877132774108482,5.46157412675269e-05,0.033519138441099286,0.004056440394948742,0.030805566980745214,0.05591738468926177,0.0,0.013000543641235228,0.03271531610943995,0.06534459801004527,0.015150947804831307,0.0035673541664049385,0.3198481891036289,0.3119710563295204
0,1,U,raw,20263002,0,0.017111915355887183,0.04612300854967693,0.006833599739161802,3.552061781290255e-05,0.03591105992314671,0.004667372357986259,0.0298697928168401,0.055385770121116125,0.0,0.012612512172452097,0.03164904498879928,0.06501916471530018,0.015980419726708005,0.0029281405392992672,0.31899357724671784,0.3121599775075561
0,1,U,raw,20263002,1,0.05917834287949907,0.13174409035674367,0.021621405407666546,0.00047914625738336967,0.012403877372679756,0.000923655782567227,0.041747148773959686,0.06350028742672612,0.0,0.035154766842759394,0.04432271551358802,0.06840903136691186,0.03596270269496643,0.014592211278417911,0.32704141104643436,0.31017932137857473
0,1,U,raw,20263003,pooled,0.018716530743224935,0.046694241264067904,0.006389177879369512,4.8129722387622214e-05,0.017275074618026257,0.00459371565887706,0.029472219324346405,0.05778879242644351,0.0,0.011688105205801354,0.03510026495715757,0.0650957840753538,0.015150947804831307,0.0036910910697701394,0.31836023420888987,0.3119710563295204
0,1,U,raw,20263003,0,0.018107859077339184,0.05151644565192601,0.0055509177002746254,4.4834933451914395e-05,0.020694524258592875,0.003662602406723442,0.029969042547603575,0.05797640759792552,0.0,0.010917065232747523,0.03631640129469488,0.06638462225829665,0.015980419726708005,0.0036083565687420396,0.3175495010764652,0.3121599775075561
0,1,U,raw,20263003,1,0.05324709861202901,0.12611520178239963,0.01716557343692565,5.043767643019448e-05,0.012379748318889244,0.013110087887552153,0.036232442891606764,0.05711365988982133,0.0,0.037117614599670876,0.029479445054089226,0.05605836874909087,0.03596270269496643,0.014743293601580854,0.3253558536290724,0.31017932137857473
0,1,U,gap,20263001,pooled,0.022513857669422224,0.04650946427788369,0.007354046097580241,2.231238273691467e-05,0.018866091773908564,0.007943673623670012,0.02446939776292273,0.05293948598227334,0.0,0.01834396435592379,0.034129174298109966,0.06566827745540042,0.015150947804831307,0.004056466880771043,0.31932510242710066,0.3119710563295204
0,1,U,gap,20263001,0,0.018165513189997904,0.04926272353593669,0.008151394777236863,2.4656807285988996e-05,0.02311777656158001,0.009519333857792057,0.02487639531043584,0.05309668918553357,0.0,0.01333512586705167,0.0347319998324212,0.06609287385175984,0.015980419726708005,0.004781906984997647,0.3203113722847929,0.3121599775075561
0,1,U,gap,20263001,1,0.06600458916580505,0.13220524819709828,0.012945050775731732,0.00015047978561141123,0.019776843796418753,0.005537215249640262,0.02841413241295898,0.05286173469937645,0.0,0.04638619840948975,0.03429207992705263,0.06265208354476288,0.03596270269496643,0.013075191555431444,0.31082511755332676,0.31017932137857473
0,1,U,gap,20263002,pooled,0.01910562451880283,0.04725949492551816,0.011776407109687734,4.5386981200004725e-05,0.03348573979548962,0.004098261236167217,0.030912240474515462,0.05596526428775821,0.0,0.013291021052323354,0.03278070406773753,0.06531075925871249,0.015150947804831307,0.0030268918269238444,0.3237474634392081,0.3119710563295204
0,1,U,gap,20263002,0,0.01752158290790122,0.04585147030926292,0.011063818155888316,2.749337506858314e-05,0.03587349759012022,0.004708215891876916,0.02998890850199354,0.05543353856111374,0.0,0.013084753337624558,0.031763174183047194,0.06498271297943982,0.015980419726708005,0.0030949572046956213,0.3232237956634444,0.3121599775075561
0,1,U,gap,20263002,1,0.05918860098184512,0.131419274275785,0.022684152236085046,0.0005527330559305027,0.012403877372679756,0.0008723053008620123,0.041747148773959686,0.06350028742672612,0.0,0.035546156275244684,0.04432271551358802,0.06839353843912838,0.03596270269496643,0.015462188683456196,0.3281041578748528,0.31017932137857473
0,1,U,gap,20263003,pooled,0.01943352501778062,0.04690402215275002,0.009742581779612458,4.762684032044717e-05,0.017245932214908458,0.004560186719837194,0.02938688052933014,0.05763785892294708,0.0,0.012260468247502137,0.03501968942634215,0.06507713396120367,0.015150947804831307,0.0035460598384698637,0.32171363810913284,0.3119710563295204
0,1,U,gap,20263003,0,0.01824909216862484,0.051666625899475,0.009098592075392492,4.873689635177315e-05,0.020435942069948324,0.0036313212818493475,0.029897573136511535,0.05787338583429422,0.0,0.011259452815491188,0.03627074961699572,0.06636185335191695,0.015980419726708005,0.0038878060310509233,0.32125856958294857,0.3121599775075561
0,1,U,gap,20263003,1,0.053545599853546025,0.1263042010062211,0.015472503405592825,5.861182930796537e-05,0.010329790450402596,0.013055415992554302,0.03602819452559369,0.05650129101937256,0.0,0.03750900403215622,0.029479445054089226,0.05605463277366869,0.03596270269496643,0.013467948931621787,0.32560072183842537,0.31017932137857473
0,1,U,direct,20263001,pooled,0.015293283300580999,0.0430647447885412,0.006381646140556668,3.6107100808826197e-05,0.016709997095060616,0.00780177171207495,0.02436272426915248,0.05296205497665712,0.0,0.009414055468305578,0.034048778499669474,0.06573040778709335,0.015150947804831307,0.004773985521229297,0.318352702470077,0.3119710563295204
0,1,U,direct,20263001,0,0.015528300937805928,0.04549411439596998,0.006478526666831909,3.961873936934624e-05,0.020151547377984178,0.009483267601165947,0.024828749036374442,0.05314192548649533,0.0,0.007934924728520414,0.03459088115894271,0.06618288871243941,0.015980419726708005,0.004548949532249052,0.31863850417438794,0.3121599775075561
0,1,U,direct,20263001,1,0.04781191932123608,0.12042486303004439,0.011672026266726355,0.00013770766292785523,0.014566881934192588,0.0066032923333341174,0.02841413241295898,0.05280199857958086,0.0,0.02650739562010873,0.0339848239710151,0.06262111323738508,0.03596270269496643,0.012788286718242567,0.315718528468616,0.31017932137857473
0,1,U,direct,20263002,pooled,0.01683379603917106,0.045396838212428535,0.008588237691122132,8.150283409505128e-06,0.03477800266740984,0.003996284865722837,0.031296265052088434,0.05616332937159559,0.0,0.009209130294044483,0.03235143178646194,0.06530635951029547,0.015150947804831307,0.002976904981159734,0.32055929402064254,0.3119710563295204
0,1,U,direct,20263002,0,0.016690805162128508,0.04675731151699329,0.009504829951296534,9.439712479480012e-06,0.037373865480279836,0.004619495722174593,0.03053684065369927,0.05562799775755209,0.0,0.01088351995329367,0.03147645416931466,0.06500214310948677,0.015980419726708005,0.003941550905701325,0.3216648074588526,0.3121599775075561
0,1,U,direct,20263002,1,0.04932855280605263,0.12602971717813335,0.010423518543752654,7.185394906003876e-05,0.011705705177693329,0.00109919387057185,0.041747148773959686,0.06324353875657489,0.0,0.01740865392188265,0.04274095615133228,0.06813098959911482,0.03596270269496643,0.01061758731122921,0.3111055783244595,0.31017932137857473
0,1,U,direct,20263003,pooled,0.017499416970320328,0.04431285297439264,0.008128265882028125,1.1431367301123672e-05,0.019340148819498706,0.004565338257212451,0.029365545830576156,0.057329885513851694,0.0,0.008943575149513782,0.034844536303451135,0.06480164614281363,0.015150947804831307,0.0028656584567165744,0.3200993222115485,0.3119710563295204
0,1,U,direct,20263003,0,0.01868536865363184,0.048375871997058575,0.0086467801826929,1.5068606477086974e-05,0.022418129511082296,0.0036850965216266864,0.0297308111772967,0.057494226503808074,0.0,0.00997185137103627,0.03590359051876496,0.0661313687772331,0.015980419726708005,0.003313726385324125,0.3208067576902489,0.3121599775075561
0,1,U,direct,20263003,1,0.04571820412922333,0.12099695952810831,0.006935010059309825,1.528508633912289e-05,0.00742838637208125,0.01262511690854107,0.034802704329515266,0.0566249922546755,0.0,0.029522549396851692,0.029356657683261622,0.055509176996234186,0.03596270269496643,0.006217797786967258,0.31396633345087704,0.31017932137857473
0,1,G,raw,20263001,pooled,0.022326478489309864,0.0461615038508592,0.0040452866250595245,1.994891577998775e-05,0.018083642482591297,0.007819231694402696,0.02444806306416869,0.05278535801810573,0.0,0.01805778283507342,0.03402894877495782,0.06564175321225953,0.015150947804831307,0.0034269712920522097,0.31507478971617875,0.3119710563295204
0,1,G,raw,20263001,0,0.018792942448987108,0.049337214504238114,0.004943060382946404,3.08084541703282e-05,0.021988716727793053,0.009420793031169866,0.024900218447466538,0.05296948596710583,0.0,0.013603055149271848,0.03469833309231596,0.0660671804842041,0.015980419726708005,0.004403592956565931,0.31569776157933926,0.3121599775075561
0,1,G,raw,20263001,1,0.062204935775971894,0.1297397454500725,0.012492224040475708,4.369239673819987e-05,0.017351975651737184,0.005903210349381335,0.027801387314919768,0.05243853307126089,0.0,0.04403786181457779,0.034187694410211855,0.06258862529568045,0.03596270269496643,0.012578338179898688,0.30974943844829717,0.31017932137857473
0,1,G,raw,20263002,pooled,0.01815382630480575,0.04723109817662676,0.009374108457323175,3.243059881881383e-05,0.033130315543332026,0.00418976108384095,0.03148827734087489,0.05650498105439698,0.0,0.012242760809649351,0.03271870823106171,0.06529318206457617,0.015150947804831307,0.002476851912215312,0.32134516478684355,0.3119710563295204
0,1,G,raw,20263002,0,0.016586645944001437,0.04556736389037648,0.008032881029799419,2.5021374718694946e-05,0.03531998370108143,0.0047937135602899575,0.030513017516668572,0.055862424047786984,0.0,0.012267206612868906,0.031751134357538624,0.06496674561301768,0.015980419726708005,0.0028359121224145398,0.32019285853735546,0.3121599775075561
0,1,G,raw,20263002,1,0.06037237209860534,0.1317297355806074,0.022377135888027082,0.00038570418385882514,0.01377403551170095,0.0007349857348738029,0.04399388080010347,0.06528343356539598,0.0,0.036249427129783296,0.04366677442752359,0.06836002805642634,0.03596270269496643,0.014830695483540312,0.33107428916738796,0.31017932137857473
0,1,G,raw,20263003,pooled,0.01881598112946471,0.0464840757100458,0.004882198732960482,3.9329064366930896e-05,0.016924806748845375,0.004717973647780064,0.029472219324346405,0.057713132540145394,0.0,0.011962527272052475,0.034956974660166396,0.06510219949766186,0.015150947804831307,0.0033501327958431245,0.31685325506248085,0.3119710563295204
0,1,G,raw,20263003,0,0.01870076127894403,0.05190549075265612,0.0043762770383368515,4.6652667174264186e-05,0.020330619144105902,0.0037980953819819856,0.029945219410572932,0.0578542353833151,0.0,0.011462577459012824,0.03617234481092879,0.0664008770781513,0.015980419726708005,0.0037542189221613847,0.31580239039490204,0.3121599775075561
0,1,G,raw,20263003,1,0.05262403783101197,0.12593524370001435,0.016445514763412196,4.576427568248867e-05,0.012660907241629979,0.013134294695054834,0.03684518798964598,0.05743873328577902,0.0,0.03731330931591352,0.029679190178410475,0.055978095147871325,0.03596270269496643,0.012729439258808069,0.32578991912552574,0.31017932137857473
0,1,G,gap,20263001,pooled,0.02266443557232948,0.046098029767750494,0.006316144058729766,2.2823023307207775e-05,0.01822712142113754,0.007806920874845238,0.02438405896790652,0.05279877873904012,0.0,0.018425730504738176,0.03398746048945572,0.06560021046452165,0.015150947804831307,0.003669490180695211,0.3182872003882502,0.3119710563295204
0,1,G,gap,20263001,0,0.0185687029618033,0.04889159937670158,0.007400048546335857,3.632092446776737e-05,0.02208704966999707,0.009394187054586476,0.024828749036374442,0.052975311901182785,0.0,0.013428549095186346,0.03463659126075269,0.06601226166221848,0.015980419726708005,0.004504457274543037,0.3195600260538919,0.3121599775075561
0,1,G,gap,20263001,1,0.06468046626197727,0.13056863563622337,0.013073287303194294,9.03288930571864e-05,0.016816723086702137,0.005781013267696875,0.02800563568093284,0.05248605862939595,0.0,0.04638619840948974,0.03437806358990669,0.06264184332663102,0.03596270269496643,0.012709462077635205,0.3073606962089369,0.31017932137857473
0,1,G,gap,20263002,pooled,0.018930301331335005,0.048163888210299675,0.013264401360605745,3.343786026030926e-05,0.03327958335507715,0.004141340265905854,0.03157361613589116,0.056554871163537024,0.0,0.013588831494488866,0.03271870823106171,0.06526107686712969,0.015150947804831307,0.0023304968335076327,0.32523545769012613,0.3119710563295204
0,1,G,gap,20263002,0,0.017073747665174954,0.04612628116778154,0.012246752661607041,2.9474686553581763e-05,0.03545414145464053,0.004753948694346347,0.030513017516668572,0.0558534413914634,0.0,0.012728528619226723,0.03176805766997237,0.06492861987335857,0.015980419726708005,0.0036390896004531116,0.3244067301691631,0.3121599775075561
0,1,G,gap,20263002,1,0.0602456383116414,0.13185255107825128,0.023243903994624768,0.0005493464565970498,0.0139652833907086,0.0008572655061073113,0.04460662589814268,0.06602770501486063,0.0,0.03703220599475396,0.04366677442752359,0.06838734254787403,0.03596270269496643,0.01597241791335795,0.33217715459843067,0.31017932137857473
0,1,G,gap,20263003,pooled,0.019204748317714126,0.04713128930399707,0.008666502831372462,4.1262900232935315e-05,0.016833347802758775,0.004714523709503177,0.02938688052933014,0.05763478129070149,0.0,0.012295609476618743,0.035009265820475866,0.0650891925383312,0.015150947804831307,0.0034725974921974447,0.32063755916089287,0.3119710563295204
0,1,G,gap,20263003,0,0.018988000332016544,0.05242489320550628,0.0075493512971752455,4.989656807248761e-05,0.02002413147356602,0.0037957640477656205,0.029849926862450138,0.057778969087258825,0.0,0.011692034771761423,0.036240822327477495,0.06639333200342412,0.015980419726708005,0.004007541368657922,0.3197093288047313,0.3121599775075561
0,1,G,gap,20263003,1,0.05349284367977069,0.12658781609641187,0.01835246995109597,1.6169361175291945e-05,0.010855124976016345,0.013123080912136067,0.03664093962363291,0.05738579996729627,0.0,0.03770469874839885,0.029679190178410475,0.055945967071372366,0.03596270269496643,0.01305298105756093,0.3285317913296707,0.31017932137857473
0,1,G,direct,20263001,pooled,0.015224458895052721,0.043343559623530745,0.0063630782414986,3.14717743832339e-05,0.017915571294144506,0.007820899438447364,0.024170711980365966,0.05295184629605345,0.0,0.009189198559066006,0.034140968254350146,0.06570418784261878,0.015150947804831307,0.004516763138085722,0.31816055287255346,0.3119710563295204
0,1,G,direct,20263001,0,0.015731080268277606,0.045571651974518124,0.00619131426250975,3.374949550399796e-05,0.021173194047576935,0.009479972845950457,0.024590517666067624,0.053074380343091074,0.0,0.007592537145776748,0.03467990812648675,0.06615827978425232,0.015980419726708005,0.004325331321401128,0.3183512917700658,0.3121599775075561
0,1,G,direct,20263001,1,0.048281213391574866,0.12134170851492401,0.010906576125165119,8.410357790158941e-05,0.011971557298397606,0.006384037053373742,0.029231125877011266,0.053526515980547,0.0,0.02599889438860963,0.034123812974157175,0.06263475462569804,0.03596270269496643,0.011203699128955493,0.3163089110049675,0.31017932137857473
0,1,G,direct,20263002,pooled,0.017102639880635942,0.045717232437656366,0.008624520340633782,9.733333422351953e-07,0.03426440029491799,0.004111490412049844,0.031808297822185694,0.05651325199382195,0.0,0.00970402307716858,0.03239446355331599,0.06525948774341381,0.015150947804831307,0.00212437044498226,0.32059557667015415,0.3119710563295204
0,1,G,direct,20263002,0,0.01747939043107432,0.047020428412611386,0.00940532323674536,3.3270586502463523e-06,0.03676427606410394,0.004722737571727119,0.031084772805405003,0.056001446776060344,0.0,0.011499817602232317,0.031529798611182935,0.06496025118914941,0.015980419726708005,0.0032274239897458847,0.3215653007443014,0.3121599775075561
0,1,G,direct,20263002,1,0.04908924435686059,0.12594408547413574,0.011437837206965343,0.00013612527871495396,0.012128433673470704,0.0008839740225275181,0.04195139713997276,0.06309323097409565,0.0,0.01760492369606238,0.04291327351230634,0.06803672820843013,0.03596270269496643,0.01152168393133492,0.3123184787940384,0.31017932137857473
0,1,G,direct,20263003,pooled,0.01722746178015418,0.044117790698656144,0.007833134507187898,1.6637579071414527e-05,0.018975118013289966,0.004639420037721531,0.02945088462559231,0.05747013212095415,0.0,0.00887555211282045,0.034962582982861035,0.06479615452492102,0.015150947804831307,0.003397439023170577,0.31980419083670825,0.3119710563295204
0,1,G,direct,20263003,0,0.018517270139066323,0.04847081604788999,0.00846040086854151,1.8741714375212077e-05,0.021980825446497487,0.003749948192702929,0.029683164903235415,0.05753163070327063,0.0,0.010436146242148224,0.03599579252923607,0.06611859704786564,0.015980419726708005,0.0039552307067767635,0.3206203783760976,0.3121599775075561
0,1,G,direct,20263003,1,0.04632428908343654,0.12184888733727295,0.006980999648543307,2.2047007680904064e-05,0.007120074823020364,0.012780093565610516,0.036232442891606764,0.057755714986022735,0.0,0.028935465248123717,0.029639936223574526,0.05553641892273187,0.03596270269496643,0.006490902403286935,0.3127671245380576,0.31017932137857473
0,1,C,raw,20263001,pooled,0.021477634200381568,0.04756645667908325,0.004492502826982431,2.313136868328691e-05,0.01973059432996649,0.007741309957157551,0.02436272426915248,0.05289142631955026,0.0,0.017526302867779897,0.03423515997608767,0.0656850208601814,0.015150947804831307,0.002648042787186629,0.316265897669305,0.3119710563295204
0,1,C,raw,20263001,0,0.01921116011205979,0.050436402547123636,0.005866270133017371,3.522157271558049e-05,0.023573405089354016,0.009324363802233435,0.0248049258993438,0.053063800581777634,0.0,0.014102860809923363,0.03470912725428299,0.06612160499969989,0.015980419726708005,0.0038538361626697503,0.3178250649181934,0.3121599775075561
0,1,C,raw,20263001,1,0.06425955918397941,0.1324807503952826,0.012932902952490536,1.6775347182199887e-05,0.015217217183494378,0.005835316057084006,0.02841413241295898,0.052788846823540334,0.0,0.04849463583456033,0.0343070064308979,0.06252710355800362,0.03596270269496643,0.011970583239849996,0.302886308287145,0.31017932137857473
0,1,C,raw,20263002,pooled,0.01740301513066427,0.04730660260889391,0.007059833862438241,5.612881028677614e-05,0.03375356587326127,0.0039020700609894068,0.03206431420723438,0.05704334170746371,0.0,0.012091222004826704,0.03285072907148773,0.06534979037415362,0.015150947804831307,0.003565123085091542,0.3190308901919586,0.3119710563295204
0,1,C,raw,20263002,0,0.01776277390952365,0.04725106580820018,0.006414504843509685,6.692292584280853e-05,0.035325030453247294,0.004575407442518036,0.031060949668374305,0.056235828908067505,0.0,0.013791988576278308,0.03190230044059944,0.06500681514410424,0.015980419726708005,0.004644083374737793,0.3185744823510657,0.3121599775075561
0,1,C,raw,20263002,1,0.05897370747563192,0.1280811936851906,0.01612332461347659,0.0004697227799263966,0.019499916578280416,0.0016100474080449792,0.04583211609422111,0.0674292910951575,0.0,0.03456768269403142,0.04376688451361471,0.0685385461969816,0.03596270269496643,0.012999627024456825,0.3226308907757324,0.31017932137857473
0,1,C,raw,20263003,pooled,0.019016442267552086,0.048218962799919864,0.00781322406208207,4.800760004633104e-05,0.018123796791148908,0.0043382929233607625,0.029258872336805908,0.05799520979665105,0.0,0.012554278367639006,0.03507824033022011,0.0650975315366148,0.015150947804831307,0.0035854059889827883,0.31978428039160245,0.3119710563295204
0,1,C,raw,20263003,0,0.01841982248737482,0.05143464895245048,0.007081820838293456,5.362554050944917e-05,0.02108414507003556,0.0033995032484315504,0.02965934176620466,0.058095740527079213,0.0,0.011874641482558068,0.036184753938316605,0.06637673446538916,0.015980419726708005,0.004820793069413167,0.3192417983458495,0.3121599775075561
0,1,C,raw,20263003,1,0.050811223396842714,0.12637433983895086,0.014189622148629026,6.040668244997928e-05,0.007499299929023484,0.012905859768485177,0.036232442891606764,0.05816197318066889,0.0,0.03421687234988928,0.03098922216413308,0.0562461155602846,0.03596270269496643,0.009294070957637764,0.3243689435272038,0.31017932137857473
0,1,C,gap,20263001,pooled,0.0214200854383101,0.04760586081689568,0.007132732572189363,1.5799993730170107e-05,0.01948039850500137,0.007735773876016707,0.024234716076628138,0.05282910322273451,0.0,0.01726056288413308,0.03424493876247703,0.06565360482450035,0.015150947804831307,0.0033321207711216193,0.31910378890170976,0.3119710563295204
0,1,C,gap,20263001,0,0.01877896522787098,0.0503340543173247,0.008391902937794484,2.5523608301284838e-05,0.023295012378233865,0.009311234094630328,0.024638163940128965,0.05299255741458537,0.0,0.013463737322135197,0.03473195309313254,0.06608578321755652,0.015980419726708005,0.0035342464094626795,0.3205518804453505,0.3121599775075561
0,1,C,gap,20263001,1,0.06339851963260802,0.13167321996575906,0.013220504893722514,6.604603956419475e-05,0.015241866960603784,0.005769374293910518,0.028482333203930205,0.05280632873617869,0.0,0.04751616225334701,0.0343070064308979,0.06253044776905348,0.03596270269496643,0.012828842947550339,0.30664347179691365,0.31017932137857473
0,1,C,gap,20263002,pooled,0.01758223823227999,0.047439822705176146,0.011248272461046122,4.050334481067173e-05,0.033899139424996214,0.0039046361819645072,0.0322349917972668,0.057208136123365685,0.0,0.012332396197354156,0.032789404459876936,0.06533163255504784,0.015150947804831307,0.0030953039314537585,0.32321932879056653,0.3119710563295204
0,1,C,gap,20263002,0,0.01820548369960445,0.04731027894358812,0.010715785934744992,5.3834850482725776e-05,0.03555506362061815,0.004587180678800915,0.031227711627589083,0.05638445876707717,0.0,0.014202853675570686,0.031856648762900286,0.06499174589006637,0.015980419726708005,0.004439598087399244,0.322875763442301,0.3121599775075561
0,1,C,gap,20263002,1,0.0588844214442813,0.12800261580476166,0.017805325292291466,0.0006199513553686241,0.018913538541220742,0.0016901647818044771,0.04603636446023418,0.0676310830749114,0.0,0.034567682694031376,0.0435976924675161,0.06849915083265216,0.03596270269496643,0.014106909725303282,0.32579933781266895,0.31017932137857473
0,1,C,gap,20263003,pooled,0.018542541106703204,0.04826076329318756,0.010394795000542436,3.2301011057057574e-05,0.017883560472298,0.004396221522594953,0.029130864144281565,0.05782528518031406,0.0,0.012145447623567063,0.03501691571860932,0.06508410128436173,0.015150947804831307,0.002831662958665144,0.32236585133006285,0.3119710563295204
0,1,C,gap,20263003,0,0.01830875620389101,0.05143408099712134,0.009748489334599023,3.3679992512975886e-05,0.02078697166235413,0.0034590477014823577,0.02951640294402058,0.05791661662632197,0.0,0.01141812470556649,0.0361162764217679,0.06635457937394634,0.015980419726708005,0.0038235051624647227,0.321908466842155,0.3121599775075561
0,1,C,gap,20263003,1,0.05044205855724361,0.1270066116246153,0.01605857772525578,0.00013462073622504307,0.007270278605383221,0.012947017588302516,0.03602819452559369,0.058067597536040856,0.0,0.03441256706613195,0.03079352744789038,0.056293726663158086,0.03596270269496643,0.008990243934448201,0.3262378991038305,0.31017932137857473
0,1,C,direct,20263001,pooled,0.01590302761267026,0.043923416807383354,0.006143786783929127,1.7612114889262593e-05,0.017402838028835618,0.007683259472661773,0.02444806306416869,0.053061439720187877,0.0,0.009311847782287582,0.034261148928756924,0.0657358550588821,0.015150947804831307,0.0033288152086581252,0.3178416684384371,0.3119710563295204
0,1,C,direct,20263001,0,0.015956709692690432,0.04600771636482604,0.005780094680575566,1.9122921287102648e-05,0.020794804697622182,0.009363359166351429,0.024757279625282402,0.05314400564613886,0.0,0.008587830464048136,0.03472881310467196,0.06620060024335887,0.015980419726708005,0.0030678565283787916,0.31794007218813164,0.3121599775075561
0,1,C,direct,20263001,1,0.048383520123240244,0.11929644946085116,0.01159810989464376,8.958802069104581e-05,0.013519055248585876,0.0067096521747318835,0.02970782340000863,0.05380509317085256,0.0,0.026667561756846966,0.03352515265913042,0.0625579390945146,0.03596270269496643,0.010281080455814948,0.31675394986838207,0.31017932137857473
0,1,C,direct,20263002,pooled,0.01776010904608103,0.04579996756565048,0.008690668028338698,5.54682008983273e-06,0.034120403630292825,0.004032565022895104,0.03140293854585868,0.0561203616061498,0.0,0.009765347688779376,0.03242377201223995,0.06532148011165612,0.015150947804831307,0.0025576836129061653,0.3206617243578591,0.3119710563295204
0,1,C,direct,20263002,0,0.017536848721068844,0.04692616097682778,0.009471794191678465,5.407783566597048e-06,0.036191178884612,0.0046582507895328255,0.03070360261291405,0.05553708131860995,0.0,0.011340036730285266,0.03159977070873471,0.06503386656384041,0.015980419726708005,0.0035041532398181444,0.3216317716992345,0.3121599775075561
0,1,C,direct,20263002,1,0.04996799205738236,0.12622095679979348,0.014200853854603498,0.0002475706829215015,0.01557399414240522,0.001080419327270164,0.0423598938719989,0.06400099801623181,0.0,0.01897421165182396,0.042969054132203865,0.06798728380197736,0.03596270269496643,0.014642791957840445,0.3122886161563849,0.31017932137857473
0,1,C,direct,20263003,pooled,0.01739909084557838,0.04401769531259942,0.008376773909789753,6.349158109746978e-06,0.020798185681221923,0.004473809390116694,0.029237537638051814,0.05734150270280067,0.0,0.0084938070252027,0.03488189373364059,0.06482915485722693,0.015150947804831307,0.0031755588358649695,0.3203478302393101,0.3119710563295204
0,1,C,direct,20263003,0,0.01877633853680207,0.048189381298579186,0.008990106496349346,9.154094443663923e-06,0.02402258960723032,0.0035905626636664354,0.02930199471074446,0.05729230969434837,0.0,0.010044799869538384,0.03588989713717289,0.06614750995098966,0.015980419726708005,0.0036501546942550255,0.32115008400390543,0.3121599775075561
0,1,C,direct,20263003,1,0.0458062171384853,0.12054021174755093,0.00807573712839895,4.6941132568737776e-05,0.007210217190316462,0.012555035736743958,0.036436691257619835,0.05886854380216866,0.0,0.026946464856334278,0.02995589305622537,0.055542122722006024,0.03596270269496643,0.007471734532390029,0.31336856563859933,0.31017932137857473
0,2,U,raw,20263001,pooled,0.0214281725209706,0.04687712395524748,0.005749909089603302,5.149514227592252e-05,0.017059085322721768,0.008417173992334796,0.022027962173680443,0.05138192745905248,0.0,0.017258270455608148,0.034730371120923864,0.06633740519200768,0.015150947804831307,0.004696177812312987,0.31621990250455323,0.3119710563295204
0,2,U,raw,20263001,0,0.019661247232322734,0.04857645910553818,0.005279865018759102,4.655809283166741e-05,0.020325277933562688,0.009967131871076899,0.02108993750477986,0.0517087490324162,0.0,0.013961002456452503,0.034898000873449686,0.06662603827792163,0.015980419726708005,0.004954653460930002,0.31571148725547,0.3121599775075561
0,2,U,raw,20263001,1,0.053450304926449005,0.12712655808093423,0.010896351054454197,0.0001770041468940692,0.014670802525497809,0.004723732537291386,0.030320568498047845,0.05361407249720016,0.0,0.034593710316314356,0.035753252140153124,0.06473475564476565,0.03596270269496643,0.008304165426130349,0.32024551142212754,0.31017932137857473
0,2,U,raw,20263002,pooled,0.018138651585282575,0.04545763565820047,0.009810601514625799,7.775346394453867e-05,0.027726805851344224,0.003681272257671013,0.029482815657993877,0.05323237577131791,0.0,0.013169480241024788,0.0337443650412913,0.06576767654774601,0.015150947804831307,0.00550491284684351,0.32178165784414625,0.3119710563295204
0,2,U,raw,20263002,0,0.017709447168141622,0.045749187553171033,0.009870903655382514,9.525938323377392e-05,0.029881821101828313,0.004074247784513702,0.028964513609674114,0.053214393463412946,0.0,0.01377770741738197,0.03267048294290942,0.06540044395161987,0.015980419726708005,0.006694125975987236,0.32126316047385184,0.3121599775075561
0,2,U,raw,20263002,1,0.050757270963472795,0.12506729889852125,0.015963220803136405,0.00017019368683056065,0.008918579241231947,0.0005632600560127375,0.03664093962363291,0.05467500858790981,0.0,0.02045818616225587,0.044972530982496484,0.06920799375567316,0.03596270269496643,0.005700685243807301,0.3261425421817111,0.31017932137857473
0,2,U,raw,20263003,pooled,0.02150376711862497,0.04994758667686775,0.010109583754797534,4.4710929163007925e-05,0.01575025059860624,0.0047432907607686545,0.025946796790902726,0.053080643970615744,0.0,0.015476179242546354,0.03590728648799013,0.06563900918387829,0.015150947804831307,0.004204120508911728,0.3220806400843179,0.3119710563295204
0,2,U,raw,20263003,0,0.01930308190657649,0.05349543074211784,0.008962373810463952,4.910764094029699e-05,0.017890502793582896,0.003771190271110461,0.025279314602034753,0.05311411493074509,0.0,0.012222278317910158,0.03664076365552549,0.06693823152769965,0.015980419726708005,0.004171088042332884,0.32112235131801997,0.3121599775075561
0,2,U,raw,20263003,1,0.0534742340196819,0.1248392553790842,0.020055232546327212,2.168658609293377e-05,0.003008942683912233,0.013553087353632323,0.03500695269552834,0.053614878984401516,0.0,0.04001693170586935,0.032185467685869384,0.05637271301795511,0.03596270269496643,0.011006157446675772,0.330234553924902,0.31017932137857473
0,2,U,gap,20263001,pooled,0.02150665409699708,0.04680060231301987,0.005540763675553255,5.600634283755234e-05,0.017044401152783564,0.008440796392069929,0.02204929687243451,0.05138052470567749,0.0,0.01742180275323693,0.03475081265812746,0.06634849613339693,0.015150947804831307,0.004725968917221578,0.3154635402209609,0.3119710563295204
0,2,U,gap,20263001,0,0.019776399848311896,0.04849925756566476,0.005212397519188048,5.076372278393839e-05,0.020305774950801353,0.0099966704204448,0.02111376064181053,0.05169999722287806,0.0,0.014212086683797885,0.03494365255114884,0.0666370953339887,0.015980419726708005,0.0051656358813004484,0.31533071107139254,0.3121599775075561
0,2,U,gap,20263001,1,0.05358230815088408,0.12766068553592053,0.009928499572157773,0.00023265428592286156,0.014609220961979516,0.0047445206999485665,0.030320568498047845,0.053542678473362706,0.0,0.03576787861377033,0.035948946856395825,0.06475185976169628,0.03596270269496643,0.009049695370470793,0.31627382235492574,0.31017932137857473
0,2,U,gap,20263002,pooled,0.018087259810559298,0.04554386467076003,0.009766778095035183,8.67235473643094e-05,0.027699389034743963,0.0036781184686602653,0.029504150356747916,0.05322592912419939,0.0,0.013189921778228437,0.03372392350408765,0.06577520065434717,0.015150947804831307,0.005825407010309388,0.32109878043206663,0.3119710563295204
0,2,U,gap,20263002,0,0.01743712387196672,0.0455486557124132,0.010038913705489162,0.00010796418176475104,0.029755701178873176,0.004066575563356845,0.028964513609674114,0.053219636266104646,0.0,0.013686404061983692,0.03264765710405987,0.06541200489480603,0.015980419726708005,0.0071010465273959045,0.32078445918526177,0.3121599775075561
0,2,U,gap,20263002,1,0.05131692613843334,0.12544988999952147,0.013498763476164686,0.00012659617804297997,0.009777834516588216,0.0005980820738070249,0.036232442891606764,0.05435393761864213,0.0,0.019559220591474608,0.044972530982496484,0.06918282647849001,0.03596270269496643,0.005628850285510608,0.3236780848547395,0.31017932137857473
0,2,U,gap,20263003,pooled,0.021354580885933186,0.049849058265547634,0.009269363314500434,4.361875511011955e-05,0.015687068956600117,0.004713292114091651,0.025754784502116268,0.05301828780887257,0.0,0.01537507996845136,0.03590728648799013,0.06563647734863406,0.015150947804831307,0.004201434621771248,0.32124041964402084,0.3119710563295204
0,2,U,gap,20263003,0,0.019089124090879008,0.05317472374753492,0.008201281505656157,5.107675954053837e-05,0.017822456890125418,0.0037498838140387685,0.025160198916881316,0.05308499534174423,0.0,0.012093635344556378,0.03664076365552549,0.06693601538414043,0.015980419726708005,0.00445237643482972,0.3203612590132122,0.3121599775075561
0,2,U,gap,20263003,1,0.05379698710608645,0.12582183997835675,0.018521664375708943,8.809652938266744e-06,0.003013560064149559,0.013443908996012707,0.03418995923147605,0.053225797144155665,0.0,0.04040832113835466,0.032185467685869384,0.05636771502388096,0.03596270269496643,0.009979819765839414,0.3287009857542837,0.31017932137857473
0,2,U,direct,20263001,pooled,0.014573647161137671,0.0422756804466242,0.0064728722174873955,8.302485095773593e-05,0.0183099807350431,0.008259662455222416,0.023158701207645294,0.051491362580135765,0.0,0.008863483015335398,0.03472211601169545,0.0663007474237169,0.015150947804831307,0.0055844392081944244,0.3166844210297554,0.3119710563295204
0,2,U,direct,20263001,0,0.014566202485018475,0.04515294597095003,0.0060152734370743505,7.607509281840156e-05,0.021438121978412703,0.00968207073098875,0.02235256376740613,0.05173877011484629,0.0,0.0073866839425327305,0.03494587651105102,0.06665383881512683,0.015980419726708005,0.0051184829144789315,0.31694446776564406,0.3121599775075561
0,2,U,direct,20263001,1,0.050245219185476024,0.12217422150673103,0.009364566466912074,0.00020133835954259417,0.01209797224813311,0.0038062290407024704,0.030320568498047845,0.054151056348957775,0.0,0.026551025015770294,0.036072659320426526,0.06412598350960937,0.03596270269496643,0.008603824796916092,0.3141878634278857,0.31017932137857473
0,2,U,direct,20263002,pooled,0.01699993553658866,0.044772727205795386,0.0075163976323235305,2.033434532105962e-05,0.02923906850825632,0.0039628712557944895,0.03003751782559927,0.053504674200682875,0.0,0.008849658569021077,0.03403999228936899,0.06572084201690685,0.015150947804831307,0.002672613383377962,0.3194874539618439,0.3119710563295204
0,2,U,direct,20263002,0,0.016162865413858588,0.04586341195558563,0.007811590570417102,3.5020162109703076e-05,0.0320558690290038,0.004376234194180907,0.029345683802165068,0.053351641600600214,0.0,0.009203605832185642,0.03304732722123549,0.06534895082202798,0.015980419726708005,0.003970588594944548,0.3199715680779731,0.3121599775075561
0,2,U,direct,20263002,1,0.04871031643487994,0.1282811834189997,0.009728127655251967,4.843661984219722e-05,0.004550046243806463,0.0006737158198592799,0.03868342328376362,0.05649568381206208,0.0,0.022623329300427056,0.043740506856065786,0.06921549795279232,0.03596270269496643,0.009941676043662244,0.31509699323238327,0.31017932137857473
0,2,U,direct,20263003,pooled,0.016596557052776822,0.04359251388520438,0.007714010216617665,2.4313551109440726e-06,0.015752048355919215,0.004837138328549169,0.026608172452278422,0.053623317977325294,0.0,0.009717593058311666,0.03602577546099911,0.06589831120883746,0.015150947804831307,0.0019825085082100583,0.31968506654613804,0.3119710563295204
0,2,U,direct,20263003,0,0.01659504958728714,0.04786995757953782,0.007981379171172429,6.168792111376571e-06,0.016597052249137503,0.003908117425034557,0.025994008712955263,0.053566252578659594,0.0,0.008359830217873527,0.037001250105311356,0.06729710978325783,0.015980419726708005,0.0026538433134816984,0.32014135667872845,0.3121599775075561
0,2,U,direct,20263003,1,0.04580609823572686,0.1210474978447537,0.00975686586651959,0.00033886187033724507,0.008100070192640044,0.01328946662766624,0.03521120106154141,0.05519601268892898,0.0,0.026669186920582212,0.0312865021150881,0.05613734705994161,0.03596270269496643,0.009258794107005057,0.31561570405995026,0.31017932137857473
0,2,G,raw,20263001,pooled,0.021661382125629004,0.046538338931618455,0.00635221137681588,4.903293451830309e-05,0.01751362359076636,0.008318246759218254,0.021515929403583156,0.05139864890035473,0.0,0.017503568902051313,0.03496937681681345,0.06640938128207265,0.015150947804831307,0.004582088284934304,0.3166322215691799,0.3119710563295204
0,2,G,raw,20263001,0,0.020538628810490275,0.048522337306485336,0.005651887760305313,3.9645462691066603e-05,0.020550645413578053,0.009872342762062546,0.020589651627135497,0.05175068020283614,0.0,0.014814445569879013,0.03516367713745988,0.0667084454393923,0.015980419726708005,0.0044429057683456116,0.31620057522122746,0.3121599775075561
0,2,G,raw,20263001,1,0.05420800596842392,0.12802966741117994,0.012188945557660754,0.00022285764579559498,0.011687430752292421,0.004857947025951742,0.02970782340000863,0.05236316849685135,0.0,0.03391496693291844,0.036159918111749734,0.0646838223345168,0.03596270269496643,0.010252785639905823,0.3200277468531324,0.31017932137857473
0,2,G,raw,20263002,pooled,0.018384070014947886,0.045020585295285034,0.010049339997429043,6.112194456111913e-05,0.02722918364071382,0.0036882106148756954,0.02978150144055064,0.053440731096926715,0.0,0.013230804852635631,0.03385895209045342,0.06576355638743009,0.015150947804831307,0.004731961999031277,0.32202039632694945,0.3119710563295204
0,2,G,raw,20263002,0,0.0175503594684424,0.04499963279711452,0.009942915195206304,7.095245517295954e-05,0.02943503660683229,0.004085373298579304,0.029131275568888892,0.053359212831180385,0.0,0.013960314128178586,0.032747182576820744,0.06540153323310932,0.015980419726708005,0.00580028262729438,0.3221028927027624,0.3121599775075561
0,2,G,raw,20263002,1,0.051699079735157465,0.12544263259034658,0.011028326031728073,0.0001254672428342638,0.007924629198651278,0.000536209588118221,0.03745793308768519,0.05547874972830328,0.0,0.021089474764582554,0.04471295483019916,0.06916087321498351,0.03596270269496643,0.00591571161880038,0.32120764741030283,0.31017932137857473
0,2,G,raw,20263003,pooled,0.0209922934263058,0.04992909063393725,0.012271245127775015,3.9272812367466834e-05,0.015458076813836957,0.00474065534054993,0.025200082334510876,0.05289648156900474,0.0,0.015220229753426977,0.0359979129571279,0.06569266827523527,0.015150947804831307,0.003971133529030496,0.32424230145729543,0.3119710563295204
0,2,G,raw,20263003,0,0.019301348229359333,0.05394887287622565,0.011402835161919221,4.580657965675165e-05,0.017587476941919533,0.0037880357749376027,0.024421681668930106,0.052860848612840544,0.0,0.01145451185676815,0.03682090702131324,0.06699831996445377,0.015980419726708005,0.003979366790841609,0.3235628126694753,0.3121599775075561
0,2,G,raw,20263003,1,0.05547479321603722,0.12426007406617803,0.01983339194654652,3.654871058324531e-05,0.0033428328056324813,0.013375972451337384,0.03541544942755448,0.05429739017846523,0.0,0.04079971057084,0.03173424722540796,0.056379140870674374,0.03596270269496643,0.010621776529968527,0.3300127133251213,0.31017932137857473
0,2,G,gap,20263001,pooled,0.02103997375298318,0.04673291891880793,0.005509546559624599,5.033007345073368e-05,0.017456462110034432,0.008328915010385279,0.021515929403583156,0.05140006415070281,0.0,0.017027279229343058,0.03496937681681345,0.06640830602869402,0.015150947804831307,0.004614205767321492,0.31520332693251985,0.3119710563295204
0,2,G,gap,20263001,0,0.01976908317081562,0.04848614303989042,0.005072480440376776,4.1568559828970256e-05,0.020504871532290858,0.009885812887935351,0.020589651627135497,0.05175276555233322,0.0,0.013878586177046334,0.03514356955723946,0.06671612255707252,0.015980419726708005,0.004636539698821643,0.31515429325541716,0.3121599775075561
0,2,G,gap,20263001,1,0.05423081412851281,0.12802780033412448,0.010594763349034107,0.00022301510384776775,0.011842628555990858,0.004875788789812451,0.02970782340000863,0.05233688945787556,0.0,0.0339701724948788,0.036159918111749734,0.06458620778991093,0.03596270269496643,0.009814700044919196,0.31531683471215227,0.31017932137857473
0,2,G,gap,20263002,pooled,0.01846758590465281,0.04503068261032264,0.00807375491107309,8.149207563197774e-05,0.026856772259814574,0.003667392825912135,0.02963215854927226,0.05336987149704647,0.0,0.013241455895311834,0.03387939362765702,0.06580838352068945,0.015150947804831307,0.005565935376356607,0.3199176422138816,0.3119710563295204
0,2,G,gap,20263002,0,0.017560193504079846,0.04511576539817822,0.008401888109855449,9.415393061924045e-05,0.02920184120534501,0.00407518176023316,0.028988336746704757,0.05329585441176288,0.0,0.013914662450479431,0.0327928342545199,0.06543687010479712,0.015980419726708005,0.006541959173437194,0.3202989745750692,0.3121599775075561
0,2,G,gap,20263002,1,0.04979406889721436,0.12521004222010876,0.00631408704598348,9.46050272979626e-05,0.00633339450469389,0.00042736676570695464,0.03745793308768519,0.0554598096820419,0.0,0.021089474764582547,0.044768035379564475,0.06924471272127646,0.03596270269496643,0.004739212356139593,0.31649340842455825,0.31017932137857473
0,2,G,gap,20263003,pooled,0.020929777777642496,0.049893459348327014,0.010633312405735803,3.7868264153296713e-05,0.015634677566271543,0.004739636426431735,0.025157412937002743,0.05289673225275803,0.0,0.01515890514181613,0.0359979129571279,0.0657078633803394,0.015150947804831307,0.0037825568088569413,0.3226043687352562,0.3119710563295204
0,2,G,gap,20263003,0,0.019327607023396483,0.05388275531606022,0.010120818706856589,4.896113074542738e-05,0.017748661891885342,0.003777558272696311,0.024397858531899408,0.052862422942564116,0.0,0.011751247761812661,0.03684373286016279,0.06701280808310937,0.015980419726708005,0.004346512402823634,0.3222807962144127,0.3121599775075561
0,2,G,gap,20263003,1,0.05455749862372315,0.12404353854986178,0.015543636838525422,3.330089324700793e-05,0.0030373127767785307,0.013458598956333268,0.03521120106154141,0.054289116552943516,0.0,0.03962554227338401,0.03173424722540796,0.05639427940492408,0.03596270269496643,0.009608183544607383,0.3253100825163404,0.31017932137857473
0,2,G,direct,20263001,pooled,0.013735527291369834,0.042256099156491325,0.006643854668725497,8.316292716044495e-05,0.018581997858762647,0.0081808757669343,0.02245465614876152,0.05140964982745966,0.0,0.009067898387371383,0.03473449537483958,0.06637735382951228,0.015150947804831307,0.005728339070885938,0.31730057759316255,0.3119710563295204
0,2,G,direct,20263001,0,0.014024322867658897,0.045153213675798234,0.006500952959871037,8.357114141109567e-05,0.02182216973245353,0.0096067159670867,0.0217808084786697,0.05170539935552633,0.0,0.007695813753946804,0.034909991807202334,0.06672214389318286,0.015980419726708005,0.0054805192768632325,0.3177143115585641,0.3121599775075561
0,2,G,direct,20263001,1,0.04930187529995241,0.12248086413257403,0.007835350491395053,0.00014114316446544087,0.012337243684110988,0.0039041620874883066,0.028482333203930205,0.05237448745541507,0.0,0.024985467285829024,0.036270554258341525,0.06431885855731173,0.03596270269496643,0.008531378130272172,0.3134943292944672,0.31017932137857473
0,2,G,direct,20263002,pooled,0.016726793415336703,0.044815074166223975,0.00754372817154505,2.7293689696981233e-05,0.029026181754728222,0.0039739887791605776,0.03035753830691007,0.05372906153204049,0.0,0.00839015425601454,0.034126867172135034,0.06575982628311033,0.015150947804831307,0.0029177298832439606,0.3195147845010654,0.3119710563295204
0,2,G,direct,20263002,0,0.015975945092023394,0.04589881011154497,0.00779167107748851,4.5133226957226656e-05,0.03149227446012694,0.004370729081864902,0.02946479948731845,0.053482734692090264,0.0,0.009204648241320603,0.03308551629501261,0.06538600289531264,0.015980419726708005,0.0043912935396084665,0.3199516485850446,0.3121599775075561
0,2,G,direct,20263002,1,0.04849474145563686,0.1273858718247233,0.009415524548688861,5.892257880765457e-05,0.0073288902401468375,0.0008274308701410515,0.04072590694389433,0.05811879103234045,0.0,0.024384581746610998,0.04433869212323138,0.06925735654798565,0.03596270269496643,0.009925631054628539,0.31553362563687454,0.31017932137857473
0,2,G,direct,20263003,pooled,0.01622400076909562,0.043830803828634454,0.007625045233838806,2.215156464969878e-06,0.015597160342770769,0.00480729235176936,0.02637349076598383,0.05348880542189369,0.0,0.009635826909497276,0.03600943837352022,0.06594735561860285,0.015150947804831307,0.0023246558144351254,0.31959610156335916,0.3119710563295204
0,2,G,direct,20263003,0,0.01663463422896906,0.04783292952520134,0.008109743577694036,6.039842909428617e-06,0.01650006094111675,0.00389875834094987,0.025755777342648445,0.05343723552963481,0.0,0.008534124868926473,0.03701285759239992,0.06734103153948554,0.015980419726708005,0.0029200509377570703,0.32026972108525004,0.3121599775075561
0,2,G,direct,20263003,1,0.04643342233606949,0.11972270609719055,0.009412388479335784,0.00038444286092401017,0.007451190500089563,0.013079196824152648,0.03521120106154141,0.05501969847097725,0.0,0.02781130198867533,0.031365310054987994,0.05615452317707001,0.03596270269496643,0.008999886553106204,0.3137165270565993,0.31017932137857473
0,2,C,raw,20263001,pooled,0.019995165995944815,0.04569384401698687,0.004613525166648959,3.8651777946844754e-05,0.018447716138596193,0.008114183653789608,0.02155859880109126,0.05142203187929418,0.0,0.016344260457226922,0.03429735385467353,0.06618034375264467,0.015150947804831307,0.004355146024462425,0.31356316215231655,0.3119710563295204
0,2,C,raw,20263001,0,0.01976862460747293,0.04873221517216075,0.004552318470988515,3.214947013753988e-05,0.021234767820859257,0.009616686013473246,0.020663658913147254,0.051734374991524744,0.0,0.014273482583126083,0.03442631489107756,0.0664633112279719,0.015980419726708005,0.004351710736708688,0.3131618894065939,0.3121599775075561
0,2,C,raw,20263001,1,0.04909310287078265,0.12499155930002084,0.01312282037865596,0.00024326160436835347,0.008041339781037396,0.004628441659666839,0.030729065230073987,0.05183102758608257,0.0,0.027095404862039825,0.03576540336438894,0.06423582663037197,0.03596270269496643,0.014129150013052596,0.31672273304059245,0.31017932137857473
0,2,C,raw,20263002,pooled,0.017036112483677025,0.04466877931596981,0.009401398845760927,8.95721450725113e-05,0.03003761302917894,0.003541411923282763,0.029184129875437115,0.053173827834697644,0.0,0.010947321967933119,0.03327645590435452,0.06551994330664582,0.015150947804831307,0.006001667193969246,0.3213724551752813,0.3119710563295204
0,2,C,raw,20263002,0,0.017583853137491244,0.04557754570796365,0.009670079672609905,0.00011720025138015294,0.03191035963603307,0.0039565380900962914,0.02882157478748998,0.05314000752651384,0.0,0.012703694067198977,0.03224092520311178,0.0651674335778225,0.015980419726708005,0.0070929862735111026,0.321830057180166,0.3121599775075561
0,2,C,raw,20263002,1,0.04889610505004085,0.1266955653427279,0.007112119803709245,4.902041103875025e-05,0.013456480671870219,0.0002397471816337185,0.03664093962363291,0.05467823736935023,0.0,0.02084054968538085,0.044097867860186934,0.06890110917272,0.03596270269496643,0.0033813088335299456,0.31729144118228403,0.31017932137857473
0,2,C,raw,20263003,pooled,0.020876334252323058,0.05015608144321598,0.0091663800942582,4.75259866801462e-05,0.017289910541435763,0.004698232568327441,0.02605347028467303,0.05290981037233494,0.0,0.01497975020224065,0.03543319981356058,0.06541157966158909,0.015150947804831307,0.0033101910596516674,0.3211374364237786,0.3119710563295204
0,2,C,raw,20263003,0,0.01891067384879778,0.05242342047758939,0.008245184047440523,3.88322696873775e-05,0.018750043838296662,0.0037078352344187466,0.025279314602034753,0.052848668927306025,0.0,0.011167208678161256,0.0364312142047869,0.06671090288110507,0.015980419726708005,0.0031195259428762226,0.3204051615549966,0.3121599775075561
0,2,C,raw,20263003,1,0.05764390205672312,0.1294863444386316,0.017343295163283385,0.00019048038701394816,0.004326491999607163,0.013670228622766421,0.036436691257619835,0.05465690492391962,0.0,0.036949997712269554,0.03137341087114531,0.056119195516053134,0.03596270269496643,0.010773700731664388,0.32752261654185816,0.31017932137857473
0,2,C,gap,20263001,pooled,0.019845657194933655,0.04579872275161664,0.00444778369952826,3.431118387674042e-05,0.018460554597278356,0.008131601606813591,0.021537264102337222,0.05142111696542667,0.0,0.016078520473580098,0.03427691231746993,0.06618653989263348,0.015150947804831307,0.004157577316979058,0.31342779400115217,0.3119710563295204
0,2,C,gap,20263001,0,0.019555245768096807,0.048672600712560896,0.004295924546655443,2.5633802230016415e-05,0.021248980888458557,0.009625306870471485,0.020663658913147254,0.0517334680786543,0.0,0.014007884576674803,0.034403489052227954,0.06646684808299232,0.015980419726708005,0.004100616610561627,0.3131354201835396,0.3121599775075561
0,2,C,gap,20263001,1,0.04942205615352623,0.1252205274486655,0.010756142566537978,0.0001853245598570863,0.008041339781037396,0.004537277774296007,0.030729065230073987,0.05183102758608257,0.0,0.02748679429452515,0.03576540336438894,0.06429768391553886,0.03596270269496643,0.011173416029833155,0.3156370288405905,0.31017932137857473
0,2,C,gap,20263002,pooled,0.01689231272436775,0.044525093606879326,0.00915859699349166,8.105147660979629e-05,0.03014147948563599,0.0035610416422827765,0.02920546457419121,0.053167090245572396,0.0,0.010742906595897144,0.033296897441558115,0.06552300853783975,0.015150947804831307,0.005783588880512559,0.3211296533230121,0.3119710563295204
0,2,C,gap,20263002,0,0.01749172445815955,0.04553012743528746,0.00961579503775885,0.00010899738730785799,0.03191035963603307,0.003960002567530658,0.02882157478748998,0.05314000752651384,0.0,0.012659229628930525,0.03224092520311178,0.06516261439975927,0.015980419726708005,0.006980832557471485,0.3217757725453149,0.3121599775075561
0,2,C,gap,20263002,1,0.04966068501317203,0.1277912520556949,0.007292392002674939,0.0001822606115515129,0.014510149414231066,0.0003982726602821151,0.03664093962363291,0.05456001739219671,0.0,0.020644854969138194,0.043902173143944234,0.06896975493247785,0.03596270269496643,0.004517196144138101,0.315416294853596,0.31017932137857473
0,2,C,gap,20263003,pooled,0.02082884328083129,0.05016233960613685,0.008952165695919775,4.393107834249079e-05,0.01730293346384293,0.0046873102035005715,0.02605347028467303,0.052888777473779194,0.0,0.014938867127833454,0.03543319981356058,0.06541932594731578,0.015150947804831307,0.003216270956009098,0.32092322202544016,0.3119710563295204
0,2,C,gap,20263003,0,0.018910673848797774,0.05243012167933255,0.008177389384240612,3.9018597229896436e-05,0.018751092355117363,0.003699252310781549,0.02530313773906545,0.05284967465424298,0.0,0.011167208678161256,0.0364312142047869,0.06671638723731958,0.015980419726708005,0.003164385568432395,0.32033736689179665,0.3121599775075561
0,2,C,gap,20263003,1,0.05787504013791881,0.1294494643949783,0.01584314005627888,0.00021778627096294726,0.00446635243766752,0.013639322375632416,0.036232442891606764,0.05430565341096556,0.0,0.03714569242851217,0.031198893288498897,0.056138985368154856,0.03596270269496643,0.009133854974212777,0.32602246143485364,0.31017932137857473
0,2,C,direct,20263001,pooled,0.013963640973563852,0.042028608287386304,0.006821590162065274,8.87587004880182e-05,0.019345163433329926,0.008149553422327331,0.022796011328826388,0.05148838084713569,0.0,0.009415404519832526,0.03461911167406939,0.06632124542638457,0.015150947804831307,0.006289116141322914,0.3175000628813359,0.3119710563295204
0,2,C,direct,20263001,0,0.013961412400545851,0.04474673136339047,0.006460826444302925,7.970334111283582e-05,0.02287881227743689,0.009557127968148355,0.02201542694390468,0.05172346627280347,0.0,0.007376252010052714,0.034858040319133865,0.06666422649507069,0.015980419726708005,0.005736648659369316,0.31781026998631623,0.3121599775075561
0,2,C,direct,20263001,1,0.049062766973602276,0.12024173808538818,0.0099838306198422,0.0002657149609758754,0.014341280004474544,0.003778973961772982,0.029912071766021703,0.05358647093667431,0.0,0.024546973107540542,0.03572802459847829,0.06419381956355076,0.03596270269496643,0.010125712674417735,0.3145594246981079,0.31017932137857473
0,2,C,direct,20263002,pooled,0.016763605981444208,0.0445159377093453,0.007767193531423292,2.0703383761281977e-05,0.03125942626982832,0.003875844508674003,0.02984550553681281,0.05346604005573098,0.0,0.0086656847341887,0.03375938969631337,0.06575784188388656,0.015150947804831307,0.0024667405753108283,0.3197382498609437,0.3119710563295204
0,2,C,direct,20263002,0,0.015688523455920103,0.04557425762419729,0.008024274921706678,3.185189086788966e-05,0.03387230174487592,0.004225679113873728,0.029274214391072972,0.05338095768867445,0.0,0.00929715052097171,0.0326955780972209,0.06537834923305523,0.015980419726708005,0.0036457864696636576,0.32018425242926274,0.3121599775075561
0,2,C,direct,20263002,1,0.050139239818943505,0.12865074764462794,0.008090697527698412,3.506522543076545e-05,0.008437634630572496,0.00112467673827423,0.03704943635565905,0.05544731070047898,0.0,0.02479332292728497,0.04366839959125879,0.0693479802283217,0.03596270269496643,0.007250524430169435,0.3156693070299999,0.31017932137857473
0,2,C,direct,20263003,pooled,0.016563510499040705,0.04410000711553211,0.007824749121094083,5.0112788845822266e-06,0.015487640185779958,0.004658379882072759,0.025349425225789257,0.05283820293254931,0.0,0.009748685638191467,0.03601909023871058,0.06586523144465582,0.015150947804831307,0.0026295358538315243,0.3197958054506145,0.3119710563295204
0,2,C,direct,20263003,0,0.017721036365186366,0.04873631747088387,0.008313123742104715,3.218811147616037e-06,0.016319941531980783,0.0037537890054309617,0.02473138245032902,0.05281106893263058,0.0,0.008612345989681318,0.037056349730466454,0.06726661290094303,0.015980419726708005,0.0031338521575697362,0.3204731012496608,0.3121599775075561
0,2,C,direct,20263003,1,0.04532442656244694,0.12018920041823794,0.010217578639143519,0.000311113972541099,0.00799066307021154,0.012899770754031576,0.03418995923147605,0.0543424017760326,0.0,0.025854354826248722,0.031365310054987994,0.056076066993359895,0.03596270269496643,0.009520716447261272,0.31385888130128703,0.31017932137857473
1,0,U,raw,20263001,pooled,0.021017945893459213,0.049696901175813685,0.009485672447405554,0.00014060411257422502,0.008763410954282291,0.008672656881082803,0.022764613694416236,0.051649443553579956,0.0,0.01582024405429485,0.036125023105512244,0.0660422099160487,0.015150947804831307,0.001763394427844834,0.3082524992434974,0.317738171690903
1,0,U,raw,20263001,0,0.02089638505169082,0.05212204456428632,0.009361886480845159,6.438068449202237e-05,0.013065356127477779,0.009372756004125545,0.022238886864081375,0.05204277211390369,0.0,0.015427766817867282,0.03494621644712731,0.06572564844494415,0.015980419726708005,0.0038792195034962457,0.30811193090862554,0.3174738173894708
1,0,U,raw,20263001,1,0.058196845641984324,0.12255463124190265,0.032321298233616305,0.02578680697309635,0.03268966266186461,0.003651486249761464,0.027763372420052224,0.05427270123511262,0.0,0.04078083366899214,0.0494319802720124,0.07341836397332792,0.03596270269496643,0.030059503039182423,0.30968534507980094,0.32024531697886804
1,0,U,raw,20263002,pooled,0.014214923564270277,0.04672022326766073,0.009788627127722058,0.00025297255910142723,0.016460947759644406,0.003909958770404193,0.021574197436603382,0.05109183287429084,0.0,0.0094599848747795,0.03413480603708069,0.06588956599247535,0.015150947804831307,0.005730259939661165,0.3091632081680447,0.317738171690903
1,0,U,raw,20263002,0,0.017133286171201238,0.04895048549077733,0.01122198234387654,0.00010025993448182352,0.01967742119644353,0.0036443127123586,0.021650281398686966,0.05110006532249026,0.0,0.010334587302835877,0.0318025026807327,0.06478203294050766,0.015980419726708005,0.006245106317897754,0.3082508076129695,0.3174738173894708
1,0,U,raw,20263002,1,0.05951607368288594,0.12437127655054211,0.02834236446824713,0.025254849923826178,0.010955454885135399,0.007311506005449156,0.026944295761546166,0.052046067005861625,0.0,0.035963348307341964,0.0579283112773612,0.07694450958353324,0.03596270269496643,0.02732757454863046,0.315507419816039,0.32024531697886804
1,0,U,raw,20263003,pooled,0.015821659092631883,0.049377831484111526,0.006156177694713752,4.1038975956566616e-05,0.004104606294271854,0.005848087219136018,0.02069947478768719,0.050615579429379796,0.0,0.009653280504952124,0.03684972160364364,0.0651548022957596,0.015150947804831307,0.002195830598639977,0.3115819939961892,0.317738171690903
1,0,U,raw,20263003,0,0.016613610791174068,0.04945503639327309,0.006870019214716404,3.6504120677093564e-05,0.006071351530130553,0.004014170326818978,0.02062588650636754,0.05058509393555065,0.0,0.01049468258874767,0.03684806931291368,0.06565178292333408,0.015980419726708005,0.004926242198086393,0.31244965290942495,0.3174738173894708
1,0,U,raw,20263003,1,0.048252811210712225,0.12085442901028003,0.04491224963372098,0.038505690394419534,0.013425450414073031,0.02264913177555624,0.024842679333360373,0.052278774862496415,0.0,0.025169235800506895,0.04236416818994515,0.06153284353734723,0.03596270269496643,0.04327193029966481,0.3038645013727523,0.32024531697886804
1,0,U,gap,20263001,pooled,0.02059546221099832,0.04899796977125776,0.0027329326145365323,0.0002038788546678558,0.009440866609093226,0.008779853180438887,0.022807283091924313,0.05164210691545753,0.0,0.01553104669145178,0.036125023105512244,0.06604013842474596,0.015150947804831307,0.0024625983115856166,0.31638153152499493,0.317738171690903
1,0,U,gap,20263001,0,0.020786349694426894,0.05091073550681218,0.0039157062995553125,5.1735537792316016e-05,0.013828057042333183,0.009519801114484125,0.022303749360892855,0.05204605236682247,0.0,0.014976211785359916,0.03501469396367607,0.0657199264448734,0.015980419726708005,0.0038149558188747597,0.3179740187743962,0.3174738173894708
1,0,U,gap,20263001,1,0.05977005295469125,0.12224286768746666,0.026082514401992586,0.016401637468034858,0.032860713334988675,0.003424213793045113,0.027559124054039152,0.05421613407076267,0.0,0.04401575958777845,0.049040590839527054,0.07351423996273188,0.03596270269496643,0.024253791326143543,0.3026792551886515,0.32024531697886804
1,0,U,gap,20263002,pooled,0.014424652207632586,0.045885766556521934,0.005755638625315743,0.00017361147331471267,0.015927686041512845,0.00390879280515977,0.021531528039095305,0.05106061382419972,0.0,0.010067406316747712,0.03437878183758486,0.06598804883387081,0.015150947804831307,0.005816110541557112,0.3205268024960584,0.317738171690903
1,0,U,gap,20263002,0,0.017341429931718323,0.04889935598714797,0.005799943202449337,6.147458352132246e-05,0.0185116992625233,0.0036128141629075167,0.02160263512462568,0.051044558294410736,0.0,0.011217981075424995,0.03201540244673068,0.06487828225598265,0.015980419726708005,0.005922826522162482,0.3210431163303087,0.3174738173894708
1,0,U,gap,20263002,1,0.05720523709240702,0.12043740399259574,0.02437797089422715,0.01965247704401632,0.006159468151025929,0.007569812750972049,0.02837403432363772,0.05236381412997267,0.0,0.03557195887485663,0.05841298510824966,0.07703411182489261,0.03596270269496643,0.02311664740424115,0.31435639271080706,0.32024531697886804
1,0,U,gap,20263003,pooled,0.015526179979697068,0.04816985005632683,0.002031023799117031,9.132407665304442e-05,0.003992949137676463,0.005818213689704493,0.020635470691425017,0.05061610646286621,0.0,0.009198622987446385,0.03671537893979282,0.06522766706900002,0.015150947804831307,0.0021694434209873405,0.3188873759812001,0.317738171690903
1,0,U,gap,20263003,0,0.016933634007477768,0.049006536663061435,0.004399844771811425,4.5310079501843814e-05,0.005892073382634838,0.003938909619919066,0.0205544170952755,0.050586803984959475,0.0,0.01026314045772917,0.036711114279816215,0.06571625635244957,0.015980419726708005,0.0050860061172061585,0.3209135698422301,0.3174738173894708
1,0,U,gap,20263003,1,0.048109063731412736,0.11685419235047707,0.036658267641866984,0.03012200545045164,0.013004501198443125,0.023018688917321912,0.025046927699373445,0.05231922347322865,0.0,0.026479267786229426,0.04233128987745516,0.06167631904957828,0.03596270269496643,0.035538773915753316,0.3011835939769314,0.32024531697886804
1,0,U,direct,20263001,pooled,0.014589740110987306,0.045415717138175486,0.004131346984123549,0.0002159238857261112,0.01225396496502619,0.008559048476744201,0.023596666945824296,0.05197276670700188,0.0,0.007445566586719671,0.03550896666260139,0.06603021337855478,0.015150947804831307,0.0042011957179091805,0.31738685952194334,0.317738171690903
1,0,U,direct,20263001,0,0.015333738743682023,0.04803615606886398,0.0032994867358270524,4.0024008718674486e-05,0.016917295010929867,0.009305290812459762,0.023423436801335018,0.052569682692325675,0.0,0.0074845664677986035,0.03466994712308935,0.06570390135622536,0.015980419726708005,0.0033947036832349398,0.31640902963764783,0.3174738173894708
1,0,U,direct,20263001,1,0.05772163370458036,0.11902081710907908,0.021403066872291626,0.006182541176550219,0.03331383333748908,0.003148980306731712,0.02586392116342573,0.05445594856066043,0.0,0.03959428912462927,0.048110272109915087,0.07352294078132707,0.03596270269496643,0.02052880863183338,0.32463005381106935,0.32024531697886804
1,0,U,direct,20263002,pooled,0.015020900452025514,0.0448762021203196,0.005541132436974909,0.00024308721287065373,0.014791936827234717,0.004287914376507891,0.021595532135357476,0.051207162928023575,0.0,0.009851665064885424,0.03449299621920304,0.0659640159961989,0.015150947804831307,0.004245579252367278,0.3228744448062175,0.317738171690903
1,0,U,direct,20263002,0,0.01600277815007471,0.04769265271737869,0.003910263013409822,1.5287270701710943e-06,0.01704672882020397,0.004143908494285564,0.021650281398686966,0.05136411415877293,0.0,0.008984457607536678,0.031979151977198805,0.06483553554090285,0.015980419726708005,0.001515961473855691,0.3213840804028806,0.3174738173894708
1,0,U,direct,20263002,1,0.05180927364216723,0.11476172761703914,0.022419422534505216,0.00792630583269667,0.004969891852295266,0.006668546589653307,0.029221921697594855,0.05264619671759182,0.0,0.030306953425557615,0.057385556594826914,0.07707150576739755,0.03596270269496643,0.020125993851475253,0.3317477321156559,0.32024531697886804
1,0,U,direct,20263003,pooled,0.01752331161901315,0.048145085149942014,0.003949098799203168,7.320419519755636e-07,0.0046013639314964605,0.005712622159813562,0.02104082996775203,0.05064048569486328,0.0,0.010758582671793223,0.0369585154909951,0.06549232397633754,0.015150947804831307,0.003312693000246884,0.3210059302337106,0.317738171690903
1,0,U,direct,20263003,0,0.016255200065777506,0.04745937514631644,0.003909135232157708,3.430421599492461e-05,0.006049935960241518,0.0037789362046817855,0.02088794101370517,0.05062422497052927,0.0,0.00865897350377863,0.03673104089904078,0.06596418985866906,0.015980419726708005,0.0033410953457908878,0.31997667879957903,0.3174738173894708
1,0,U,direct,20263003,1,0.051349156845502716,0.11124280700626864,0.01332210137765931,0.003519456336241289,0.008774177316044865,0.02339158782481803,0.026476666261464943,0.05347537053396515,0.0,0.03120741914747907,0.04294060126557747,0.06215179507172381,0.03596270269496643,0.009331111749921924,0.3286144092339849,0.32024531697886804
1,0,G,raw,20263001,pooled,0.02068690522617921,0.050318071850541456,0.009102359901686334,8.330705681813128e-05,0.010073610513298858,0.008591725862331144,0.023255311765759457,0.052137695445312035,0.0,0.015136212901898797,0.036044440973299785,0.06604307565386659,0.015150947804831307,0.0014284951657662108,0.3086358117892166,0.317738171690903
1,0,G,raw,20263001,0,0.020149539610516083,0.05269260392015773,0.008835715336391537,5.265036755273164e-05,0.013838128987406481,0.009304857151929566,0.023167989208278006,0.052591557489270774,0.0,0.01451969500836836,0.03488186751649314,0.06571824950986038,0.015980419726708005,0.0038125665699970893,0.3086381020530792,0.3174738173894708
1,0,G,raw,20263001,1,0.06143187886762224,0.12472565375370047,0.031592100988921755,0.02539225591493672,0.02611135353235923,0.0034593857233421368,0.028171869152078366,0.05363767493352825,0.0,0.04449903327760274,0.049348771888767795,0.07351498111380347,0.03596270269496643,0.029130897303033334,0.3087543376785219,0.32024531697886804
1,0,G,raw,20263002,pooled,0.01448557240323345,0.04625234606706394,0.008762099832910934,0.00020218050754399353,0.01788332705833795,0.0037481335313765555,0.021467523942833133,0.051204954781142745,0.0,0.01029733745829804,0.03438738831551036,0.06589093367219097,0.015150947804831307,0.00507860496892189,0.3097437942649598,0.317738171690903
1,0,G,raw,20263002,0,0.016324912524383603,0.04872085925252314,0.010327504942472972,6.455127783656586e-05,0.020036085864930248,0.0035278315733779735,0.021554988850564283,0.05126096275787819,0.0,0.009284598715755342,0.031830975056144184,0.06478139252343931,0.015980419726708005,0.005470303678499168,0.3083397553790453,0.3174738173894708
1,0,G,raw,20263002,1,0.05666595738372605,0.12217961512752173,0.025780743615935613,0.023422817127408117,0.0006575817416006324,0.006771736737809095,0.029191027787690005,0.05249747348380345,0.0,0.033990199512600905,0.05845151399003451,0.07691813816326866,0.03596270269496643,0.02560603728688598,0.3194296401528259,0.32024531697886804
1,0,G,raw,20263003,pooled,0.014901106407432554,0.04939410094581379,0.007076090765595058,4.1884557647399456e-05,0.003906690598313209,0.005587569481804692,0.02059280129391694,0.05060937132001737,0.0,0.008156104590062916,0.037016706930123155,0.06515778223538479,0.015150947804831307,0.0018731825967285174,0.31066208092530795,0.317738171690903
1,0,G,raw,20263003,0,0.01600742189100376,0.049371190666979384,0.007029918479119997,2.7386567750209705e-05,0.005576440170416558,0.003733383633345146,0.020578240232306255,0.050588880975661527,0.0,0.008965351385825965,0.03692216184775399,0.06567228133617951,0.015980419726708005,0.004249306586821082,0.3116906917850044,0.3174738173894708
1,0,G,raw,20263003,1,0.050378094374803534,0.12107700968999477,0.04349041099692956,0.036562378095914644,0.010882607684175455,0.02257579605551498,0.023412940771268875,0.05186288194490697,0.0,0.027098755199586343,0.04281283839346811,0.061412727700208475,0.03596270269496643,0.04161398452577949,0.30196021889153546,0.32024531697886804
1,0,G,gap,20263001,pooled,0.020740012081770492,0.04934003166762299,0.0022562533066436113,0.00022445744429774005,0.010562363915670503,0.008565892165163303,0.023020630079464866,0.05197569540050784,0.0,0.01564271480214709,0.03614269093498307,0.06606136843605448,0.015150947804831307,0.0024041050084747098,0.3164891534191746,0.317738171690903
1,0,G,gap,20263001,0,0.020307961877617395,0.05149633978598873,0.00343311375881214,6.600042472951065e-05,0.014466344660974767,0.00930850968635595,0.02276299587875641,0.05240246173623978,0.0,0.01424082319768925,0.034945850681444124,0.06573612478941211,0.015980419726708005,0.003397006994604243,0.3176530786033128,0.3174738173894708
1,0,G,gap,20263001,1,0.06293996870820158,0.12178365336150823,0.02373903845076753,0.0161328501238642,0.02700344969680299,0.00318279569230449,0.028376117518091437,0.05385217793940025,0.0,0.048125348628874326,0.049544466605010495,0.07360451579526628,0.03596270269496643,0.02223251306956827,0.3066369498992352,0.32024531697886804
1,0,G,gap,20263002,pooled,0.015267357378843936,0.045828256172130676,0.005442215086440287,0.00018787855771223473,0.0181028043230414,0.003773151904162702,0.021424854545325056,0.05117134845286245,0.0,0.010993720073594266,0.03426458726015774,0.06593531441143927,0.015150947804831307,0.005024658858269738,0.32042167552658063,0.317738171690903
1,0,G,gap,20263002,0,0.01717078607174314,0.04851038527521334,0.005222828855184155,4.8654843181853195e-05,0.020087961919074443,0.0035356855688029507,0.021507342576502886,0.05119303649709906,0.0,0.010670160943035141,0.031859408840892944,0.06482603752757013,0.015980419726708005,0.005015003165163513,0.3205346791856071,0.3174738173894708
1,0,G,gap,20263002,1,0.05452108929533705,0.11971631327144829,0.023691225953092775,0.019491323245668116,0.0010102679908696732,0.006938619693905196,0.029599524519716147,0.05257435183052292,0.0,0.032692893809051264,0.05845151399003451,0.07695273794800843,0.03596270269496643,0.02305693146827482,0.3172838941445219,0.32024531697886804
1,0,G,gap,20263003,pooled,0.01561595907983132,0.04850638560898276,0.0014989787978186145,3.869542195746034e-05,0.004202278077792873,0.0057210654020193605,0.020635470691425017,0.05059937957497839,0.0,0.008337239699629774,0.037045403576555225,0.06520342369437723,0.015150947804831307,0.0015638150209677914,0.31841710993146455,0.317738171690903
1,0,G,gap,20263003,0,0.015969196797740812,0.04951327211012973,0.0038748088163944256,3.1616297376682785e-05,0.005815122870155995,0.003856910124797112,0.020602063369336898,0.05057480978823821,0.0,0.008951908459172125,0.03689933600890444,0.06571711420265722,0.015980419726708005,0.0044316222240345145,0.3205556171020011,0.3174738173894708
1,0,G,gap,20263003,1,0.04871108407356223,0.11917183730219266,0.036494109594108204,0.029615927074556,0.010151051943746298,0.022797054778220444,0.023821437503295018,0.05190360554579564,0.0,0.02718601399090957,0.04291837402618315,0.06145928355689262,0.03596270269496643,0.03619315340219547,0.3001123458710796,0.32024531697886804
1,0,G,direct,20263001,pooled,0.014375299636130634,0.04550273790775292,0.004771667619204637,0.00029429372469910557,0.011722847251482954,0.008495895468935886,0.023703340439594545,0.05218274499567386,0.0,0.00754272794067087,0.03569686521478349,0.06603968230757509,0.015150947804831307,0.004892478262744826,0.3171305407874456,0.317738171690903
1,0,G,direct,20263001,0,0.015160284296886697,0.04816976065024988,0.0028461892995849647,2.6807888009243723e-05,0.01579194825335206,0.009243979393150054,0.023733137582733932,0.05293605220753952,0.0,0.007598852177164395,0.03485590414914552,0.06569722120730977,0.015980419726708005,0.003116396329512571,0.31614220592422426,0.3174738173894708
1,0,G,direct,20263001,1,0.058491958959158805,0.11913738061575065,0.021490872714558296,0.006727777395704085,0.028751858683070425,0.003070546952419563,0.026476666261464943,0.05473743573467113,0.0,0.040960676788186386,0.04792000294029625,0.07369336754876932,0.03596270269496643,0.020795302052124987,0.32373386780038665,0.32024531697886804
1,0,G,direct,20263002,pooled,0.015203422570841181,0.04486367690611817,0.005043080287737977,0.000187425172195675,0.01541394151465618,0.004212600577101324,0.021595532135357476,0.05126435297027089,0.0,0.009814878344150011,0.034355014192729516,0.06595661188625052,0.015150947804831307,0.003635284400462486,0.32260353259781455,0.317738171690903
1,0,G,direct,20263002,0,0.0158889148732599,0.04813129383482655,0.003555459684335169,6.072892122749134e-07,0.017562472171595678,0.004101790432706673,0.02167410453571772,0.051403004140742184,0.0,0.00914085310975776,0.03187661858521729,0.06484064056784707,0.015980419726708005,0.0014280992113727793,0.3210292770738059,0.3174738173894708
1,0,G,direct,20263002,1,0.050641564445952456,0.11578274736107301,0.02172825490485427,0.008746399646765685,0.003304593433517536,0.0062978464679267635,0.0282006798675295,0.05223268091653397,0.0,0.02961178338717627,0.05751864500348408,0.07694358035960323,0.03596270269496643,0.0192440490869409,0.33270455184162917,0.32024531697886804
1,0,G,direct,20263003,pooled,0.016963384807542923,0.04812941754708075,0.003906842106042976,2.457921366814681e-05,0.005124464070843229,0.005509240421691564,0.020955491172735874,0.05063959566511423,0.0,0.010411076539332017,0.03722425547464192,0.0654372333190531,0.015150947804831307,0.002519945127099741,0.3209730293325855,0.317738171690903
1,0,G,direct,20263003,0,0.015998006119122513,0.0474674347966981,0.003033478702938879,8.854248672281355e-06,0.006181542659368905,0.0035635636151068835,0.020816471602613018,0.0506392786083901,0.0,0.00808832753253918,0.03701318476742044,0.06592636920391373,0.015980419726708005,0.002552384712951535,0.319941201742589,0.3174738173894708
1,0,G,direct,20263003,1,0.048686628343660214,0.1110930297499494,0.013172515097441067,0.00280565768929511,0.004703229921130328,0.02330115374999793,0.02586392116342573,0.05311403407507226,0.0,0.02729700017276737,0.042734830534176316,0.061955480829063526,0.03596270269496643,0.00886356490781453,0.3287170896521992,0.32024531697886804
1,0,C,raw,20263001,pooled,0.018356229965659374,0.04835837938804389,0.008306916109461068,0.00031305284638319126,0.01140321177208238,0.008452890672893478,0.023575332247070258,0.051946628994242496,0.0,0.013632999573509866,0.03570322098999523,0.06609314489060768,0.015150947804831307,0.0034417576712778724,0.3094312555814419,0.317738171690903
1,0,C,raw,20263001,0,0.018229498733833973,0.050867408268293,0.007825229102295375,0.00018370222412614939,0.015601227139268384,0.009192663097532514,0.02339961366430432,0.05241031888791962,0.0,0.013236486288307833,0.034621794585952326,0.06577456802724743,0.015980419726708005,0.007687098399300489,0.31019689352682644,0.3174738173894708
1,0,C,raw,20263001,1,0.06199539482987437,0.12968537602664942,0.0497137086368536,0.03948997737598965,0.028796718181658035,0.0030539754642065512,0.025516640393908385,0.05328715762790292,0.0,0.04766175192150606,0.04830734196470299,0.073023563118642,0.03596270269496643,0.04590875142782212,0.3024805603362658,0.32024531697886804
1,0,C,raw,20263002,pooled,0.014242793104354475,0.047159076373223634,0.007134566572793703,4.199261069836452e-05,0.016235918735644145,0.0037154678250467662,0.021702205629127724,0.05120871887406822,0.0,0.010135444050891009,0.03433962708364563,0.06606295149096106,0.015150947804831307,0.006051275087981978,0.3122485523866393,0.317738171690903
1,0,C,raw,20263002,0,0.015816939362301007,0.04892115870515871,0.00871933246182127,0.00011241544095434784,0.01866969488907605,0.003430742419046321,0.02174557394680976,0.05125444820510915,0.0,0.009256834502065893,0.0319230170153012,0.06498359663808201,0.015980419726708005,0.005846608755644645,0.3112305438828967,0.3174738173894708
1,0,C,raw,20263002,1,0.05985535283380284,0.12688949304548858,0.05216702796481497,0.04416831114872438,0.004739887382496866,0.007272605691725737,0.028782531055663862,0.052427719041549456,0.0,0.03826805550659228,0.05862893186488538,0.07682478074761821,0.03596270269496643,0.05192687073191639,0.319124060006969,0.32024531697886804
1,0,C,raw,20263003,pooled,0.01648599583980192,0.04865818170221092,0.005909305610949793,0.00016857437962614508,0.0027074615398102186,0.005768176713292292,0.02082748298021153,0.05062032822714647,0.0,0.01000377457916205,0.037238270738695955,0.06536612281091653,0.015150947804831307,0.003396955970606068,0.3118288660799532,0.317738171690903
1,0,C,raw,20263003,0,0.01793851390892245,0.04922407873113806,0.00647839730708992,6.425899876963696e-05,0.00405972362069322,0.003939776305897031,0.020697355917459692,0.050585897724718436,0.0,0.011632690788703848,0.03716533129930916,0.06592980997466988,0.015980419726708005,0.005584623492828486,0.3129932958759058,0.3174738173894708
1,0,C,raw,20263003,1,0.047387394152438894,0.1263414838512797,0.06782255176451228,0.0544144635924898,0.009663678035179923,0.0225466462216454,0.025659672797412658,0.05287975416770241,0.0,0.02742881345295537,0.04212611920651005,0.06119036901909831,0.03596270269496643,0.06410264602620559,0.301352794449274,0.32024531697886804
1,0,C,gap,20263001,pooled,0.01851922157693316,0.04807688685673024,0.004549696788091779,0.00040143226419868654,0.011117026642450165,0.008367022846387094,0.023511328150808086,0.05191812221203057,0.0,0.013925625677044839,0.03567078595998541,0.0661350098175046,0.015150947804831307,0.004015767130811909,0.31475883640689034,0.317738171690903
1,0,C,gap,20263001,0,0.018390082602375478,0.05021609648608675,0.006157328207990711,0.00013677649482383102,0.0151822382429843,0.009034197639715262,0.023280497979150938,0.0523889366322674,0.0,0.013814143767834804,0.03457488094745975,0.06582693065092865,0.015980419726708005,0.006293586917611373,0.31679732637126407,0.3174738173894708
1,0,C,gap,20263001,1,0.06368580394200224,0.12839910251358513,0.033010404634891084,0.023033066128132718,0.02797215783458848,0.003592621847969702,0.025925137125934528,0.05349401691429826,0.0,0.052741363692391977,0.04869688121078203,0.07313841313867953,0.03596270269496643,0.028006876429785672,0.29688461775546743,0.32024531697886804
1,0,C,gap,20263002,pooled,0.014823222083452136,0.04684401908917267,0.0060485060088526455,0.00010174632225784779,0.015891580357607654,0.0038007305914125097,0.021808879122897973,0.051204424357390366,0.0,0.010538814692314264,0.034333932942790024,0.06601793261790985,0.015150947804831307,0.006099310566237045,0.3179956256475456,0.317738171690903
1,0,C,gap,20263002,0,0.016499598093491483,0.048753897161832295,0.005415680944408754,7.176985169565851e-05,0.018836771549014752,0.003507054441778543,0.021793220220871157,0.05122195473486081,0.0,0.010454221739546112,0.0319001911764516,0.06496015461719233,0.015980419726708005,0.005545379272625411,0.31813513848313374,0.3174738173894708
1,0,C,gap,20263002,1,0.059682477948046035,0.12130466995090367,0.033867264944987076,0.028881809640167608,0.00944259867722079,0.007425008641117477,0.02735279249357231,0.05206283094526092,0.0,0.0365469571059284,0.057790372380017274,0.07662268313903085,0.03596270269496643,0.032808194630362685,0.3153006815012208,0.32024531697886804
1,0,C,gap,20263003,pooled,0.01615618151952956,0.04784973281233669,0.00336663757072048,0.0001322945535968444,0.00324680381996853,0.005629359874758992,0.020891487076473703,0.05063084777423012,0.0,0.010201283893496562,0.037238270738695955,0.0653853765085246,0.015150947804831307,0.003239477791749519,0.31837157825976065,0.317738171690903
1,0,C,gap,20263003,0,0.017885726145984767,0.04892629982845246,0.004539593060624799,2.9602421659533453e-05,0.00461636997776621,0.0038427263092512417,0.020792648465582375,0.05058894837320905,0.0,0.01124465152826106,0.03714250546045961,0.06594363237816898,0.015980419726708005,0.003951460259156179,0.32041035328000705,0.3174738173894708
1,0,C,gap,20263003,1,0.04620443485882127,0.12331036120023785,0.05378086797141485,0.043718807312951496,0.009174169157546194,0.02202785892707196,0.025251176065386516,0.052666305264702507,0.0,0.026559350854598603,0.042122068798431445,0.06126114834576486,0.03596270269496643,0.04953365386334534,0.30041573128476573,0.32024531697886804
1,0,C,direct,20263001,pooled,0.014341549616334654,0.04554863631461893,0.0042587060911222175,0.00026983986749305484,0.009773564338772314,0.00829529765831762,0.02410869971592161,0.052104155008836035,0.0,0.007344219448850492,0.03553411786062466,0.0660319379619716,0.015150947804831307,0.0043609809755476795,0.3172237685008913,0.317738171690903
1,0,C,direct,20263001,0,0.014868987232763494,0.04856361247762357,0.002982648493582917,3.1410985712828146e-05,0.013758456818336887,0.008993035649865548,0.024185777186316926,0.0528228705881364,0.0,0.007735807210261871,0.03463662277902302,0.06570760640514264,0.015980419726708005,0.0031704597472748137,0.31655244128385884,0.3174738173894708
1,0,C,direct,20263001,1,0.05511825816772819,0.11951119754010937,0.01685087030685492,0.005416393691889634,0.029978340749850743,0.003282078340911602,0.0260681695294388,0.05506334803692429,0.0,0.03841664547703182,0.048553391754219244,0.07338597150428426,0.03596270269496643,0.016677133219415247,0.3211166744006944,0.32024531697886804
1,0,C,direct,20263002,pooled,0.01468535481624883,0.04453620332257501,0.0053677464185903695,0.00015778431867727663,0.013083396827587607,0.004067284739305387,0.02161686683411146,0.05118922228364618,0.0,0.0099514489172117,0.03413606416370557,0.06603884123892775,0.015150947804831307,0.0038848937993471305,0.3227613517538487,0.317738171690903
1,0,C,direct,20263002,0,0.01646432786784546,0.04822372708408939,0.0038637916419373692,8.686850367049174e-06,0.014806773587181979,0.003944155714949004,0.021769397083840403,0.051278393947059464,0.0,0.009800981756605567,0.0318777077336409,0.06492651053743759,0.015980419726708005,0.0020239623063501846,0.3213376090314081,0.3174738173894708
1,0,C,direct,20263002,1,0.05375250649513179,0.11674690359744593,0.02367040959873346,0.007865574040978734,0.0018428048368227812,0.006246934388558253,0.025545451109359574,0.051602003129364034,0.0,0.030198867535904225,0.05766168441470476,0.07693705735860124,0.03596270269496643,0.02118252221888047,0.3327230162718051,0.32024531697886804
1,0,C,direct,20263003,pooled,0.017669813349612422,0.047808293554308136,0.0036761621228683515,4.634597194100396e-05,0.0021840370505582657,0.005525988570145452,0.020912821775227686,0.05063890838074751,0.0,0.011719334920362302,0.03699823435299143,0.06549979137728293,0.015150947804831307,0.0024477768384356512,0.3210105071744754,0.317738171690903
1,0,C,direct,20263003,0,0.015925229103776393,0.04727704161348206,0.0031393156045415706,1.616671186524479e-05,0.0036878529448237524,0.0036163805688292877,0.020816471602613018,0.05064814853460091,0.0,0.009187628990346959,0.03689011360926575,0.06597335648734558,0.015980419726708005,0.0024148483797750185,0.32011108486597173,0.3174738173894708
1,0,C,direct,20263003,1,0.04713184969357655,0.11073710263860276,0.01369976760215636,0.003311333908234737,0.011574217961742073,0.02300059130626128,0.025659672797412658,0.05301445743096786,0.0,0.027492694889010044,0.042805662670514055,0.06210676681140458,0.03596270269496643,0.00962456218490617,0.32714433023517886,0.32024531697886804
1,1,U,raw,20263001,pooled,0.01632270293201772,0.048199347308808115,0.005075619783752243,0.00016990178699307756,0.009151033066529188,0.008098470205491681,0.021175198917757987,0.05164201704228141,0.0,0.01064553250258592,0.034188721390161936,0.06585370769609909,0.015150947804831307,0.0022568479808649893,0.32247101421669877,0.317738171690903
1,1,U,raw,20263001,0,0.018017570055930306,0.0514022702116532,0.006655629671438852,5.6460018429135644e-05,0.012300379387572724,0.008683374827320806,0.021262138245823348,0.05177523390257186,0.0,0.012619122860589988,0.03323861990608501,0.06561369624168177,0.015980419726708005,0.0034098887977592985,0.3231357189996286,0.3174738173894708
1,1,U,raw,20263001,1,0.05896463172764372,0.1202980881241284,0.022623751524354075,0.023243396059715017,0.01997299230733421,0.0040941227677715325,0.027559124054039152,0.05318486683368632,0.0,0.038320935834285315,0.047602795981695145,0.0723776884184858,0.03596270269496643,0.022180593699948924,0.3181762816461878,0.32024531697886804
1,1,U,raw,20263002,pooled,0.015657610675394295,0.0466261939579035,0.006417041530284249,0.00014009348345084618,0.018277968389074944,0.003566897541721563,0.021658892816901143,0.05097536105054922,0.0,0.009687428036988023,0.03282579721422141,0.06523214567536127,0.015150947804831307,0.004508473384973334,0.32342494615163747,0.317738171690903
1,1,U,raw,20263002,0,0.018526565495605538,0.05070474521673423,0.005583256713847258,3.494638834496296e-05,0.020663288318618578,0.0032501871723094483,0.021435873165410846,0.05091383986312391,0.0,0.012989376284226348,0.03060533284244371,0.06408388323422695,0.015980419726708005,0.00491272301011013,0.32290339914877725,0.3174738173894708
1,1,U,raw,20263002,1,0.052994548730815605,0.12825560374397388,0.027569500896196916,0.01792465569390521,0.0027718409011885797,0.0074285691893709906,0.03249662168491596,0.05500228398808619,0.0,0.02775922174159048,0.056705188047695754,0.07636908264545059,0.03596270269496643,0.02677884189054787,0.3243479374367516,0.32024531697886804
1,1,U,raw,20263003,pooled,0.01784488779817044,0.04821609066871531,0.005879483021328754,0.0001557422896182473,0.007401729437865809,0.004801415736506978,0.020507462498900675,0.05070472907546856,0.0,0.011410489059838545,0.035105307677139264,0.06493234675392212,0.015150947804831307,0.0025593202296068235,0.3232475970507525,0.317738171690903
1,1,U,raw,20263003,0,0.01977565283737634,0.05080951073489831,0.006551562212711685,1.602067643136692e-05,0.010361338246772309,0.003080511892019557,0.02038765513606078,0.05068613769939641,0.0,0.01357346210716645,0.034827616270926065,0.06531995821874081,0.015980419726708005,0.0029459456372809313,0.3240253796021825,0.3174738173894708
1,1,U,raw,20263003,1,0.05146222972683147,0.11999612824781467,0.03294329868890928,0.032922332800595346,0.018718513194735137,0.020585744517236312,0.024638430967347302,0.05242299584297909,0.0,0.03140751430706644,0.04062779325016996,0.06232221521288484,0.03596270269496643,0.03224883398494166,0.31700296869868805,0.32024531697886804
1,1,U,gap,20263001,pooled,0.016408677255185144,0.04792394826749357,0.0038356446046995474,0.00023579019258102973,0.009120450090561366,0.008072770348081739,0.021516554097822826,0.05177815753673333,0.0,0.010285584605095752,0.03414783831575474,0.06586105762418959,0.015150947804831307,0.002914821560233984,0.319268006589714,0.317738171690903
1,1,U,gap,20263001,0,0.01815367788372608,0.051230093168596315,0.004938158487190614,5.9038635741404696e-05,0.012260432005092053,0.008649593559155639,0.0216433084383143,0.05193291437982788,0.0,0.012104028686373716,0.033215794067235405,0.06561958562127468,0.015980419726708005,0.0034534302275586307,0.3199435039263332,0.3174738173894708
1,1,U,gap,20263001,1,0.059075472402583575,0.11979314066048008,0.018092183142585334,0.01731998501324436,0.01997300164291313,0.004137488256189594,0.027559124054039152,0.05317757425177575,0.0,0.039011830441916986,0.047602795981695145,0.07235736895582326,0.03596270269496643,0.01692731037605027,0.3148067062192065,0.32024531697886804
1,1,U,gap,20263002,pooled,0.015353532436525177,0.04616426156179968,0.0050647362060742725,0.00015274117548023068,0.018433447665085756,0.003504245058568272,0.021893574503195734,0.05098214200441072,0.0,0.009052999158892322,0.032858598310378184,0.06522385065990298,0.015150947804831307,0.004649885134369279,0.319812110560483,0.317738171690903
1,1,U,gap,20263002,0,0.01826804665952316,0.05000587076190819,0.004389107662558718,2.7797709748634517e-05,0.020820015200158998,0.0031735924157798986,0.02145969630244149,0.05090738363463458,0.0,0.012620879120110378,0.030719462036691625,0.06408527393233711,0.015980419726708005,0.004822986569815474,0.3196861302034418,0.3174738173894708
1,1,U,gap,20263002,1,0.05342013847879992,0.1279731884051924,0.02426719944555585,0.013061711046516947,0.0026385567439468766,0.007485579293699005,0.0329051184169421,0.055355720187742104,0.0,0.027759221741590477,0.05682890051172662,0.07627882119456342,0.03596270269496643,0.024873620413751525,0.31709868226980426,0.32024531697886804
1,1,U,gap,20263003,pooled,0.018169410376070068,0.0480287801910487,0.0029685657515239735,9.683980953492741e-05,0.007559732904279387,0.00478168156906059,0.020550131896408863,0.05071628250884146,0.0,0.011520008478086968,0.035166632288750055,0.06490840488186152,0.015150947804831307,0.0022365300323988766,0.3192117261969955,0.317738171690903
1,1,U,gap,20263003,0,0.01960985267735676,0.05042240229522253,0.0034681110166523916,6.074004079225791e-06,0.010570201846600333,0.0030917737999502505,0.02041147827309142,0.05070511929273118,0.0,0.013801720495662216,0.034896093787474824,0.06529494600611417,0.015980419726708005,0.002303717851211007,0.32084435844380627,0.3174738173894708
1,1,U,gap,20263003,1,0.05183881711693097,0.11849525386526161,0.02816954560246107,0.02494328500277554,0.01905501778981114,0.020298145619340804,0.024638430967347302,0.052547580473376376,0.0,0.03163931266075054,0.04101918268265525,0.062356132089776486,0.03596270269496643,0.027227343963954993,0.3060084658829847,0.32024531697886804
1,1,U,direct,20263001,pooled,0.01538492240080745,0.04588676863173013,0.003301554373775199,0.00017038184220670178,0.007563131020753094,0.0075821130458378185,0.021484531769172976,0.05181229274226642,0.0,0.006714317385333022,0.03422116302156869,0.06580357427428236,0.015150947804831307,0.0033744165535889324,0.31737170305162815,0.317738171690903
1,1,U,direct,20263001,0,0.01745444764657252,0.04864602657899497,0.0021730705496176062,1.1429428395926563e-05,0.010100141578492358,0.008158580400930988,0.02214359431595858,0.052299111040356644,0.0,0.008362899021167537,0.033244281663665276,0.0655376882935282,0.015980419726708005,0.0022583285725938824,0.3166482066821029,0.3174738173894708
1,1,U,direct,20263001,1,0.053657585295405624,0.1190679993163199,0.017712440603511685,0.005535415362051543,0.017163023750974643,0.003621467269697899,0.02402568586930809,0.052583829478345674,0.0,0.03385121050945883,0.046918152003814384,0.07256458396235652,0.03596270269496643,0.017327938578267345,0.32217374054312425,0.32024531697886804
1,1,U,direct,20263002,pooled,0.013126774172657237,0.04453391620614835,0.004235457392700545,0.00010329110775285887,0.016828191591989505,0.0035509277693479705,0.02161686683411146,0.051015640250244694,0.0,0.008213020589468292,0.03264102523312512,0.0651500479565532,0.015150947804831307,0.003061106761125311,0.32126284562587815,0.317738171690903
1,1,U,direct,20263002,0,0.014824156131575526,0.04809061862479987,0.0028962738408764683,5.2980040465884655e-06,0.018803035971841353,0.0033427574604867256,0.021626458261656323,0.05098403085086033,0.0,0.009461587333307136,0.0302700817648352,0.06398715722662635,0.015980419726708005,0.0017231431511941682,0.3201687857851241,0.3174738173894708
1,1,U,direct,20263002,1,0.05667211117911312,0.11648336819124744,0.021669144705845925,0.008240859903318257,0.0008560849466186654,0.006477421018883624,0.03372211188099439,0.05564643482782364,0.0,0.03445414625523521,0.056500467422092804,0.07644090579389085,0.03596270269496643,0.020551238572916485,0.3258520404493042,0.32024531697886804
1,1,U,direct,20263003,pooled,0.01847255502870321,0.047482534347574684,0.003834219391434056,6.87648142548374e-05,0.007596333574442157,0.0046725236171344855,0.020550131896408863,0.05066040988654521,0.0,0.010590513844322746,0.03522852250307379,0.06499385011469123,0.015150947804831307,0.003192093762097824,0.32094319470467847,0.317738171690903
1,1,U,direct,20263003,0,0.01725332846429917,0.048237025191599565,0.002827550291594871,2.0213646564043995e-05,0.009751277431072167,0.002963879400878053,0.02041147827309142,0.0506258876776866,0.0,0.00992820840651524,0.03489704733046223,0.0653734187400173,0.015980419726708005,0.003441151072398751,0.3201639305764473,0.3174738173894708
1,1,U,direct,20263003,1,0.05120721756515976,0.11333988916257696,0.013716907276874081,0.005470398504731203,0.011802641720361787,0.020362568355704908,0.02627241789545187,0.05298136047320294,0.0,0.03024109679050164,0.04111141697526022,0.06255211078181619,0.03596270269496643,0.01200395270795243,0.3267907216795854,0.32024531697886804
1,1,G,raw,20263001,pooled,0.016615266738011343,0.04779901282501859,0.006163515475972785,0.0001436807591304592,0.009865405148670625,0.007951562070303503,0.020545805023994612,0.05151747198174119,0.0,0.011494616640459747,0.034041493173027015,0.06588074818898394,0.015150947804831307,0.002054970305035321,0.32390168716687573,0.317738171690903
1,1,G,raw,20263001,0,0.018355948713166877,0.05138143684680892,0.007399079948946273,4.350630640347845e-05,0.013214073530905479,0.008548505155369014,0.020595090408964123,0.0516698401735865,0.0,0.013355332922008106,0.033145086902121035,0.06563805817108559,0.015980419726708005,0.002882573781946379,0.32487289733841695,0.3174738173894708
1,1,G,raw,20263001,1,0.05603387843420943,0.1200844279781413,0.021050810737461356,0.021697808913664983,0.02106794419106338,0.003841591190111452,0.02633363385796067,0.05287054981835873,0.0,0.035492800899690646,0.047506511281011576,0.07240355696095674,0.03596270269496643,0.020346429310501978,0.31695666905299885,0.32024531697886804
1,1,G,raw,20263002,pooled,0.015604904043950192,0.04674762520865804,0.006615765781827758,0.00010118363066059094,0.019234329518752258,0.0034629871789081017,0.022405607273292993,0.05105076792106714,0.0,0.00966340654973473,0.0324101015154859,0.06515962879746248,0.015150947804831307,0.00439411517545304,0.3243539374727307,0.317738171690903
1,1,G,raw,20263002,0,0.01785901479732988,0.05091189299440489,0.006850523993131424,5.072445600704846e-05,0.02166743409916777,0.0031677985471884615,0.021626458261656323,0.05093628668872641,0.0,0.012738292056880946,0.03020640594145657,0.06399815214894546,0.015980419726708005,0.0054559431921270204,0.32392782581404483,0.3174738173894708
1,1,G,raw,20263002,1,0.05140838646819527,0.12717597088155838,0.028859613239495985,0.019980911966274592,0.0021797939827972873,0.0071480447790376565,0.03249662168491596,0.054807208381431584,0.0,0.02688455861928088,0.05601961897661184,0.07639279334517694,0.03596270269496643,0.027975356070165422,0.32483360539018863,0.32024531697886804
1,1,G,raw,20263003,pooled,0.01754232760156443,0.047918997014401735,0.006822867829978616,8.580925192314126e-05,0.008756134671577848,0.0048484388578660075,0.02059280129391694,0.050739217847433446,0.0,0.010311527347985967,0.0351570002277507,0.06480434025578162,0.015150947804831307,0.0029133436302882267,0.32456103952088156,0.317738171690903
1,1,G,raw,20263003,0,0.019132926478978643,0.050625581857754245,0.008342322414775514,2.268847408400023e-05,0.011694116764525156,0.00314704955859868,0.020506770821214215,0.05071454388350631,0.0,0.012227559088788819,0.034899821553239674,0.06516896564577684,0.015980419726708005,0.003635601093645559,0.3258161398042463,0.3174738173894708
1,1,G,raw,20263003,1,0.04949685358773665,0.1195257073526173,0.032817798652940364,0.03153414438173159,0.017148504175704224,0.020458105089095624,0.025046927699373445,0.05247385587869071,0.0,0.030284501163492197,0.04068357387006738,0.06239632657837589,0.03596270269496643,0.031536354507844463,0.3142624524844443,0.32024531697886804
1,1,G,gap,20263001,pooled,0.016250052962820765,0.04787951175720558,0.003567470680353342,0.00019637686434446737,0.009922430826392672,0.007890457935141443,0.020609809120256783,0.051535167373536965,0.0,0.010817064572389288,0.03407811548161066,0.06588877701440608,0.015150947804831307,0.0027701301105611587,0.3190628555563181,0.317738171690903
1,1,G,gap,20263001,0,0.01807260728886863,0.051344444890246414,0.004912504843621439,6.105460686356759e-05,0.01327584597065165,0.008477520333734672,0.020666559820056163,0.051691084722405696,0.0,0.01314907889861441,0.033145086902121035,0.06563301177622502,0.015980419726708005,0.003397585173247862,0.31999372410645954,0.3174738173894708
1,1,G,gap,20263001,1,0.05623530229111358,0.11927752422932647,0.019318339359442726,0.01832891243889445,0.02106794419106338,0.0038636088082409465,0.02633363385796067,0.05287054981835873,0.0,0.03568502026579177,0.047506511281011576,0.07240582750728872,0.03596270269496643,0.017651732204941675,0.3124641859721235,0.32024531697886804
1,1,G,gap,20263002,pooled,0.015790521913551774,0.046173388350580366,0.004907616407227912,0.00013665527886989708,0.019039083649026678,0.0034009497866335833,0.022234929683260574,0.05102923507204193,0.0,0.009867821921770705,0.03249186766430029,0.06511676947137711,0.015150947804831307,0.004587682665021128,0.3193375963252081,0.317738171690903
1,1,G,gap,20263002,0,0.018137708005016344,0.0504044687851653,0.004619761283156148,3.4105489030755655e-05,0.021416846264868006,0.0030995550011875114,0.021578811987594926,0.05092699767580015,0.0,0.012669814540332228,0.030274883458005275,0.06395528750976656,0.015980419726708005,0.004941118131653608,0.3191123894931097,0.3174738173894708
1,1,G,gap,20263002,1,0.05129319418284375,0.12616065209794144,0.025210851796444986,0.014383921815489226,0.001898604231246867,0.0071379479948346855,0.03208812495288982,0.05461326412145073,0.0,0.028058726916736842,0.055961988170308175,0.07633123545156097,0.03596270269496643,0.025643764110640534,0.31799899472869597,0.32024531697886804
1,1,G,gap,20263003,pooled,0.016967107177620733,0.047890511820581315,0.0029458694999371436,0.0001159396286461653,0.008402125660364843,0.004841873705907606,0.02059280129391694,0.05074572030691092,0.0,0.0093092721164648,0.03511611715334351,0.06481155004415581,0.015150947804831307,0.0016930021965319794,0.3198171538666823,0.317738171690903
1,1,G,gap,20263003,0,0.018596251374042028,0.050319823207774686,0.0038308985459302074,1.363207076023748e-07,0.011187596497541016,0.0031858766076154105,0.02048294768418346,0.050705718860422584,0.0,0.01120039634055782,0.03487699571439007,0.0651739452418198,0.015980419726708005,0.002106087705226462,0.32130471593540094,0.3174738173894708
1,1,G,gap,20263003,1,0.04973759912383985,0.11980279793681614,0.03128998794292714,0.027227542002518937,0.016289399971851345,0.02005477992273232,0.025659672797412658,0.05272299342214208,0.0,0.03003765129336777,0.040835639190648476,0.06243933438480514,0.03596270269496643,0.028510764004060607,0.3072695503100424,0.32024531697886804
1,1,G,direct,20263001,pooled,0.015286045809693078,0.04514788554562745,0.003186917165638879,0.00016782885742174306,0.007808179736908227,0.007518011920341597,0.020929829601567584,0.05167559637997406,0.0,0.005971977463318905,0.03390771822931843,0.06574950610289865,0.015150947804831307,0.0032210652987352934,0.3175664197627887,0.317738171690903
1,1,G,direct,20263001,0,0.0177525702561971,0.04863829437115466,0.0019009796872269812,2.47212977466939e-06,0.010260453541715578,0.008069708605862114,0.02171477784940634,0.05215182084488845,0.0,0.008181833630662605,0.03289662145866884,0.06550656442543665,0.015980419726708005,0.0020188089280687546,0.3168217473639183,0.3174738173894708
1,1,G,direct,20263001,1,0.05421852918212652,0.11896544880149229,0.017228185525928526,0.003584995767414667,0.01602041507246381,0.0037645022609509695,0.02402568586930809,0.05236381079298362,0.0,0.03463398937442949,0.04659469441546232,0.07240424727275811,0.03596270269496643,0.016483338324372147,0.3222127081681727,0.32024531697886804
1,1,G,direct,20263002,pooled,0.013171601726003283,0.04480474349803166,0.004061878002847029,4.629159704285218e-05,0.01842947669306924,0.003428633286231694,0.021710400722224577,0.05102595106067169,0.0,0.008169344501355869,0.03253095490961366,0.06508908627568975,0.015150947804831307,0.0026472504102038304,0.3212272321823896,0.317738171690903
1,1,G,direct,20263002,0,0.01513334377500699,0.04843435765997322,0.003261456339859683,7.543269979880132e-07,0.020285651913015457,0.0032203149880664374,0.021626458261656323,0.050978364521181437,0.0,0.008809797190800543,0.03014846198459109,0.06392314482870448,0.015980419726708005,0.0020538212218449855,0.3201190911086542,0.3174738173894708
1,1,G,direct,20263002,1,0.05777014887621975,0.11520947435126956,0.020518032417938533,0.007242297166994538,0.0016627543666453415,0.0063599186610745866,0.03372211188099439,0.056006215459091055,0.0,0.03699817756638977,0.05568215997761777,0.07644722823210555,0.03596270269496643,0.019370961262838764,0.32599831410279034,0.32024531697886804
1,1,G,direct,20263003,pooled,0.017825749626248107,0.047120851876157235,0.003947699568777563,8.731221002770918e-05,0.007432592322114129,0.004742187327869279,0.020678140088933095,0.05072695435481918,0.0,0.009648832782583352,0.03511569827602051,0.06489052729053257,0.015150947804831307,0.002809663514292001,0.3211377020317154,0.317738171690903
1,1,G,direct,20263003,0,0.016879750350355938,0.04797137416781739,0.003049027387980848,9.595189280854166e-06,0.009335164308472838,0.0030690659454500747,0.02048294768418346,0.05068625478404167,0.0,0.008750331747091548,0.034665878037519304,0.06526492835388321,0.015980419726708005,0.003009806921173602,0.3204864575018288,0.3174738173894708
1,1,G,direct,20263003,1,0.050891372731735544,0.11370596754799339,0.012234055188246811,0.0066475665699746445,0.009902451942896559,0.020116877382246528,0.027089411359504156,0.05350763079661862,0.0,0.030632486222986977,0.040835639190648476,0.0625035313616296,0.03596270269496643,0.01112827178634497,0.32598307443716257,0.32024531697886804
1,1,C,raw,20263001,pooled,0.017181788309891907,0.0476836093448376,0.0028415951458276136,5.1292681965403944e-05,0.007349857759673034,0.007843090749730408,0.021409880604052578,0.05189210345844885,0.0,0.011026395743207929,0.033993808168614525,0.06597402772930787,0.015150947804831307,0.001662600448590189,0.31974740940887714,0.317738171690903
1,1,C,raw,20263001,0,0.018978593542179623,0.05197660451651401,0.0067619493338553285,8.368936750208645e-05,0.011214834739592741,0.008458262334016958,0.02150036961613011,0.052048017239012485,0.0,0.012613011083608863,0.03291458718023749,0.06575160792307819,0.015980419726708005,0.003966689138405614,0.3221234335242379,0.3174738173894708
1,1,C,raw,20263001,1,0.0623277634265404,0.12690385501810553,0.04513322014079739,0.036329113961660824,0.028355756586023254,0.0035569731818219747,0.027763372420052224,0.05354055784536605,0.0,0.04246697854808869,0.04757131781026935,0.07240836945632911,0.03596270269496643,0.04094709167288558,0.300700930689685,0.32024531697886804
1,1,C,raw,20263002,pooled,0.015075319480922505,0.0464603911159071,0.004771267890760414,0.0001495196873346127,0.01991863723268386,0.003251254986307587,0.022213594984506535,0.05104476722076409,0.0,0.009133668105703126,0.03261643303641776,0.06537631067030715,0.015150947804831307,0.004773780489857382,0.3200342808969265,0.317738171690903
1,1,C,raw,20263002,0,0.016639257929762383,0.05048413003533826,0.0046478871066397065,3.927455560513531e-05,0.022481551168794606,0.0029497675697976104,0.021578811987594926,0.05094809185071259,0.0,0.010706194013375778,0.0304002426888364,0.06417637739998057,0.015980419726708005,0.004910646235293912,0.3201022216187069,0.3174738173894708
1,1,C,raw,20263002,1,0.055738263991041447,0.13311487125224686,0.049258472988595536,0.04019663767035499,0.0026928808039346497,0.007006855514372887,0.03187715045576478,0.05471420920587701,0.0,0.030422915108697192,0.056696162138335504,0.07697515935251904,0.03596270269496643,0.04854297212979111,0.3169047541457136,0.32024531697886804
1,1,C,raw,20263003,pooled,0.0178813397657594,0.04893921790294881,0.005350403776605668,0.00024567749972337176,0.005678067224299033,0.0046823155249996196,0.02059280129391694,0.05074432363598195,0.0,0.011358624872905055,0.03496122583528111,0.06498515352691239,0.015150947804831307,0.003385701967961621,0.3226864535008662,0.317738171690903
1,1,C,raw,20263003,0,0.01976925487341593,0.050544924517278884,0.0064499998215137066,2.713939848071709e-05,0.008486901946379757,0.0029689637351210736,0.020602063369336898,0.05071447585912035,0.0,0.012363692648138814,0.03462888435179884,0.06532506537975855,0.015980419726708005,0.00353558809878217,0.32392381721098445,0.3174738173894708
1,1,C,raw,20263003,1,0.0512175473496816,0.12571317799918863,0.0650337891378326,0.053472832840575905,0.01892368005119352,0.02039309374884287,0.02555217724047154,0.051967094698061406,0.0,0.0274216377300013,0.04232586433083135,0.06284278251834574,0.03596270269496643,0.06331139910393531,0.31220374433694675,0.32024531697886804
1,1,C,gap,20263001,pooled,0.016903539853034517,0.04742664251193514,0.0016957499308907207,0.00012796341185185214,0.0072501228182625665,0.007816825048402936,0.021324541809036313,0.05189958150888713,0.0,0.010965691040142033,0.03401424970581812,0.06600336525366515,0.015150947804831307,0.002082123485578456,0.3170962592719083,0.317738171690903
1,1,C,gap,20263001,0,0.01844112896310973,0.051444384291557635,0.005185109083015538,6.903521540054392e-05,0.011146908314829396,0.008462846795521724,0.02135743079394603,0.05202674776854437,0.0,0.011984961117285954,0.03291195671152225,0.06575562710008016,0.015980419726708005,0.0035302255504681464,0.3202265390096686,0.3174738173894708
1,1,C,gap,20263001,1,0.0626344730556167,0.12486393348955405,0.03461901054185425,0.02312903068469946,0.028579107084970676,0.003277043041224565,0.027967620786065295,0.053518983186096526,0.0,0.04236316808918495,0.048037814809842094,0.07250959803410244,0.03596270269496643,0.026824105033635894,0.29196667181840585,0.32024531697886804
1,1,C,gap,20263002,pooled,0.015639175951653865,0.046539691865639464,0.004496490449724685,6.564003372454535e-05,0.01986079975184915,0.0032286134717187274,0.022234929683260574,0.05104560234587141,0.0,0.009615211743097088,0.03265731611082495,0.06534927491902215,0.015150947804831307,0.004615857765637482,0.3183430699393619,0.317738171690903
1,1,C,gap,20263002,0,0.016735263128835515,0.05052665711532021,0.004886641370883799,2.6798611983519494e-05,0.022278106329422787,0.00293911804750643,0.021578811987594926,0.05094576746290785,0.0,0.010774671529924468,0.030445894366535553,0.06416239374759007,0.015980419726708005,0.0049275706636063045,0.3176825124821391,0.3174738173894708
1,1,C,gap,20263002,1,0.053315979072655235,0.1254511699192466,0.027471818648535002,0.022646261576877186,0.0015551338541166526,0.006886379978292908,0.03208139882177785,0.05512966840719059,0.0,0.028435064832781916,0.056500467422092804,0.07680224122550004,0.03596270269496643,0.027575465628882113,0.32072922869756926,0.32024531697886804
1,1,C,gap,20263003,pooled,0.018284478475829122,0.04880832622987593,0.003250815678252976,0.00018239937444177855,0.005511900285669433,0.004638915499532615,0.020571466595162846,0.05074996816246703,0.0,0.011379066410108647,0.03487945968646672,0.06493545598432607,0.015150947804831307,0.0027092237508987926,0.3204359420645425,0.317738171690903
1,1,C,gap,20263003,0,0.019890483458649758,0.050410068897278976,0.005057934444348113,5.034497847935734e-06,0.008570765052683435,0.0030000217918308993,0.020578240232306255,0.05072080898533617,0.0,0.012473626683735414,0.034560406835250135,0.06530458900278159,0.015980419726708005,0.002465821742271635,0.3225317518338188,0.3174738173894708
1,1,C,gap,20263003,1,0.055474678850048566,0.12371657435122412,0.050631554655386705,0.04097233157350557,0.021258446673983952,0.019700197900140014,0.024939432142432327,0.051964170477635255,0.0,0.03305893068726675,0.04115169603337537,0.06254749252859491,0.03596270269496643,0.04685293452692954,0.3026035240915397,0.32024531697886804
1,1,C,direct,20263001,pooled,0.015006910765884594,0.04594647560651865,0.003274737840166563,0.00013618820995781652,0.007202733301462108,0.00744623045939156,0.02210323803304054,0.052191245512029895,0.0,0.0059515359261153086,0.03393483178601653,0.06591965760349675,0.015150947804831307,0.0032614092044270775,0.31780520958374847,0.317738171690903
1,1,C,direct,20263001,0,0.017267008081498374,0.04885431078861323,0.002935541121670442,1.0231698595362579e-05,0.011055564986648836,0.007986174579577912,0.02276299587875641,0.0527225844710169,0.0,0.008180292310370901,0.03295950732657027,0.06568225432063547,0.015980419726708005,0.0029844746691607736,0.31723375615493804,0.3174738173894708
1,1,C,direct,20263001,1,0.0570162934969692,0.11788836033911021,0.016205524127633198,0.0038291080515250736,0.02951045869255281,0.003807956535287256,0.02422993423532116,0.052409405252057124,0.0,0.0373063586156305,0.04673460851180755,0.07260526304935833,0.03596270269496643,0.016351561828451783,0.32160260665253204,0.32024531697886804
1,1,C,direct,20263002,pooled,0.013045350830196341,0.044636901591902194,0.004458342117124753,7.13914759259823e-05,0.017362934663954277,0.0033162627713103146,0.021702205629127724,0.05103129580323607,0.0,0.007906397531414333,0.03253704812360125,0.06529265943066027,0.015150947804831307,0.0028214608355655348,0.32136048506195836,0.317738171690903
1,1,C,direct,20263002,0,0.014878623171303786,0.04830483082627547,0.002928440369454813,4.693843504892809e-06,0.019085088471670925,0.0031298285016827117,0.021697927672748363,0.05101247224896052,0.0,0.009164851428262675,0.030076622467960723,0.06411371047997957,0.015980419726708005,0.0020656254631782963,0.3202360077639799,0.3174738173894708
1,1,C,direct,20263002,1,0.057215368223895974,0.11610708951819956,0.020424501720658968,0.007867347040268619,0.001799421392422118,0.006077735863012826,0.0329051184169421,0.0554362929548942,0.0,0.0347536514303816,0.0553840549435356,0.07677897467669899,0.03596270269496643,0.01919356982590837,0.32641890753492075,0.32024531697886804
1,1,C,direct,20263003,pooled,0.017525645813230285,0.04711360929499959,0.0037995824145486195,6.304988464639859e-05,0.005259770561466495,0.00465069689306306,0.02087015237771961,0.050708195226708705,0.0,0.010011836753221513,0.034942946193318336,0.0650704816142921,0.015150947804831307,0.002777586611987455,0.32102878030256277,0.317738171690903
1,1,C,direct,20263003,0,0.016496860828493855,0.04800652589375149,0.0031991152320329764,5.0018915144109345e-06,0.007246236960948921,0.0029838808948577152,0.020768825328551732,0.05069633056656673,0.0,0.00878588573972354,0.0344488964248954,0.06543104271990335,0.015980419726708005,0.002913243422812335,0.3205656126238886,0.3174738173894708
1,1,C,direct,20263003,1,0.05064021660768464,0.1133208457494523,0.011223654206366295,0.00810591887057921,0.012442822133503575,0.0199632607664871,0.025659672797412658,0.0525312544462313,0.0,0.030045402074258966,0.041044185201659034,0.06281868594825152,0.03596270269496643,0.010241287026712263,0.32534268469315036,0.32024531697886804
1,2,U,raw,20263001,pooled,0.016519752803434245,0.046058925051061794,0.0028346364517397834,0.00031095002362966067,0.0135107245655713,0.009110803856214319,0.020960947242728983,0.050687430325030404,0.0,0.010155334682831576,0.03290799033641173,0.06334871080609712,0.015150947804831307,0.0028040732843589043,0.3175847941135343,0.317738171690903
1,2,U,raw,20263001,0,0.018869323385290068,0.05087663120091811,0.004111071925869996,8.30787432228331e-05,0.016903515088122434,0.009685642075058749,0.02106677378655586,0.05071482552910932,0.0,0.011135443335367416,0.032106592490103614,0.06305664684915632,0.015980419726708005,0.004108429779689104,0.31748693499615543,0.3174738173894708
1,2,U,raw,20263001,1,0.06129963399910702,0.12291066584487859,0.022988501734070226,0.02046487296688329,0.018554054479634444,0.005147580019201658,0.027089411359504156,0.054470626133590924,0.0,0.04398023100827406,0.046353520117151825,0.07026004351471057,0.03596270269496643,0.02277708799801679,0.31925825894757714,0.32024531697886804
1,2,U,raw,20263002,pooled,0.015753319456168455,0.04508433805737408,0.004873330836105469,0.0003243342973432081,0.023644469765388643,0.00454502354954427,0.02529463011290556,0.05198521635978804,0.0,0.011010305896729976,0.03130292729209888,0.06262546514513519,0.015150947804831307,0.004763595277223155,0.3182867657683047,0.317738171690903
1,2,U,raw,20263002,0,0.01814294384878104,0.048591792699254364,0.004992564034315231,8.882329154777586e-05,0.025379530655700422,0.004179922253479612,0.024706934054328222,0.051746008287723765,0.0,0.011716564442179351,0.028874241967726033,0.06166408497536579,0.015980419726708005,0.005025575048511987,0.317308994023507,0.3174738173894708
1,2,U,raw,20263002,1,0.05723920577496532,0.12269472477682271,0.024036243020320043,0.02437555471351746,0.008512612602007447,0.008814705048062081,0.03188387658687675,0.05523887134565798,0.0,0.038368040580088435,0.05343045811865549,0.07278624583833178,0.03596270269496643,0.02499831849507347,0.3247370985527168,0.32024531697886804
1,2,U,raw,20263003,pooled,0.015214855431873921,0.047176164483975366,0.0029120233141826514,6.742520886385099e-05,0.011132937274491397,0.006312762948172097,0.021808879122897973,0.0513206761652389,0.0,0.010037813997752658,0.03350240802272314,0.062451858453267624,0.015150947804831307,0.0026544154370567834,0.32037153022904286,0.317738171690903
1,2,U,raw,20263003,0,0.018900392745897294,0.05010792517929463,0.003554180566149487,3.1823944732865123e-06,0.013824059407104253,0.004585241980769446,0.021769397083840403,0.05116933210137013,0.0,0.012201969635750418,0.033209405390718594,0.0628625651333171,0.015980419726708005,0.003173158070767867,0.3210279979556202,0.3174738173894708
1,2,U,raw,20263003,1,0.049843261327859927,0.116866270799597,0.030237234937627568,0.029465077039294102,0.012591315617472634,0.0221704130263398,0.027798909266615324,0.05402584734704278,0.0,0.026128032399264214,0.03973345314540444,0.05973023910342718,0.03596270269496643,0.02889748780394294,0.3139902448492686,0.32024531697886804
1,2,U,gap,20263001,pooled,0.016748596312299233,0.04611264121492038,0.0030611123454839647,0.00025984332135122433,0.013606661362415243,0.00912185978910328,0.021046286037745193,0.05069213637062907,0.0,0.010226842260704734,0.032867107262004536,0.06334793762502963,0.015150947804831307,0.002849649963776942,0.3167778062794123,0.317738171690903
1,2,U,gap,20263001,0,0.01893460765635962,0.05108980668880469,0.0032365963300246556,6.18011303526216e-05,0.01721841430431542,0.009686832768521733,0.02106677378655586,0.05072542997876116,0.0,0.011016375766279665,0.03208376665125401,0.06306152545668614,0.015980419726708005,0.003283678539664197,0.3172400657854291,0.3174738173894708
1,2,U,gap,20263001,1,0.061129379126819205,0.12469247756035717,0.024479555121139085,0.018868368032325125,0.020445763928058996,0.00524387689078066,0.0274979080915303,0.054515349352722904,0.0,0.04245830267399438,0.04637562234395115,0.07023649961714286,0.03596270269496643,0.023014045050163214,0.313403077148582,0.32024531697886804
1,2,U,gap,20263002,pooled,0.015470906495504765,0.04497176334597498,0.005022917190892889,0.0003279702948691676,0.023794436125230606,0.004552782107925248,0.02544397300418394,0.052021739270533315,0.0,0.010984404256877692,0.03126204421769169,0.0626316485784912,0.015150947804831307,0.005115118168978659,0.31727723714039197,0.317738171690903
1,2,U,gap,20263002,0,0.018284664942980616,0.0487372264204452,0.004985169162372333,7.836557147683357e-05,0.025566585778075912,0.004164897883881018,0.024778403465420262,0.05175926645809457,0.0,0.01180786779757766,0.028874241967726033,0.0616778888508954,0.015980419726708005,0.00503759230846834,0.3172120696181828,0.3174738173894708
1,2,U,gap,20263002,1,0.055116686647605016,0.12138930179456106,0.024545682546454718,0.02074752791361651,0.008321736982240105,0.009012672463025123,0.03249662168491596,0.055631416043682554,0.0,0.03445414625523521,0.05323476340241279,0.07267310394395261,0.03596270269496643,0.0235684065163786,0.3156825663635018,0.32024531697886804
1,2,U,gap,20263003,pooled,0.015187192614133496,0.0472442606176645,0.002631056228956104,7.185162598792507e-05,0.011159884817393856,0.006291015623365388,0.02178754442414388,0.0513086926470198,0.0,0.010344437055806621,0.033461524948315946,0.062446582930861284,0.015150947804831307,0.0024144307322836104,0.31881722368112186,0.317738171690903
1,2,U,gap,20263003,0,0.018917883351738284,0.05004423928796878,0.003318787421858608,4.335535083510112e-07,0.013885830688599929,0.004599192400769055,0.021769397083840403,0.05117697466633863,0.0,0.012270447152299139,0.03316375371301944,0.06287499549846605,0.015980419726708005,0.003252831831572428,0.320548233977108,0.3174738173894708
1,2,U,gap,20263003,1,0.051512770940885355,0.11873978211984755,0.031239251581256663,0.02634642476505121,0.012768234781554658,0.02183430143310791,0.02718616416857611,0.053737387224396777,0.0,0.027353930908539034,0.039834713347369766,0.05960946527394712,0.03596270269496643,0.02822976794236766,0.30329290396501374,0.32024531697886804
1,2,U,direct,20263001,pooled,0.015816010813148224,0.045687045416922194,0.0038410170383869863,0.00034487614099133843,0.013219563442874754,0.00905277591571694,0.021664992301612757,0.050715660784201394,0.0,0.00764572057015882,0.0326035291735986,0.06305059620398692,0.015150947804831307,0.004086046931224271,0.3171568379744686,0.317738171690903
1,2,U,direct,20263001,0,0.01768080920950796,0.048757543820578196,0.003521619742617793,6.580083521205335e-05,0.015967927162934534,0.009613524774752025,0.021852937308568438,0.05075625184216574,0.0,0.008201475201725492,0.03162986865815559,0.06274460851227436,0.015980419726708005,0.0036298601141436784,0.31634185355659955,0.3174738173894708
1,2,U,direct,20263001,1,0.054170965809911105,0.11975569036840102,0.018947498212112546,0.009355814015877886,0.013066025106227008,0.005216077494179966,0.026476666261464943,0.05446152369306901,0.0,0.0343464104008479,0.045536712823816994,0.07026776733113152,0.03596270269496643,0.019810015710672986,0.32473627131597715,0.32024531697886804
1,2,U,direct,20263002,pooled,0.014398683549960043,0.04473657655626352,0.005820185947512129,5.310596881027453e-05,0.023586727020965287,0.004680883887816313,0.02552931179920015,0.05190248125574118,0.0,0.00877136076928062,0.030836417900435786,0.06244422766797863,0.015150947804831307,0.0029790383947610527,0.3228009580829665,0.317738171690903
1,2,U,direct,20263002,0,0.015598979653354767,0.04764540159494411,0.004287774071288237,1.1043641222185181e-05,0.025242596105081255,0.004397113163638409,0.024778403465420262,0.05160141271502682,0.0,0.009153250552323487,0.028537430812611286,0.06141123623228204,0.015980419726708005,0.003249807372176259,0.3217615914607589,0.3174738173894708
1,2,U,direct,20263002,1,0.05574058029352124,0.11447045242164099,0.0205776189314517,0.009437538276838464,0.008942341868455439,0.00826438567918236,0.034328130847921634,0.05647846336611427,0.0,0.037840787459336535,0.053224462364583225,0.07355991465680622,0.03596270269496643,0.018942234590324132,0.3284473900317783,0.32024531697886804
1,2,U,direct,20263003,pooled,0.01606448710589493,0.04630648948553552,0.002628231047723665,0.00010437558121963609,0.01179229552805676,0.006034149152307912,0.022073090601043455,0.051587166123478995,0.0,0.008876122822274478,0.033004153135650416,0.06212212161214035,0.015150947804831307,0.0022279569240055597,0.31975139602526836,0.317738171690903
1,2,U,direct,20263003,0,0.01509862255693389,0.04704676035234648,0.0020483558395838547,2.926769265383563e-06,0.01490943834335251,0.0042280236852633695,0.02219610066402833,0.05144752913861512,0.0,0.009203431636086805,0.03273286497972899,0.06250341244817278,0.015980419726708005,0.001309012359459349,0.31952217322905463,0.3174738173894708
1,2,U,direct,20263003,1,0.04945170714974388,0.11626466299412708,0.009805158587670493,0.0009406610454726211,0.015648678971272825,0.022592433226659964,0.027798909266615324,0.054111889570619416,0.0,0.02804020005015502,0.03899070331335874,0.05967697230646749,0.03596270269496643,0.009968959763294911,0.32107015129761324,0.32024531697886804
1,2,G,raw,20263001,pooled,0.017193089740689935,0.04642932374383709,0.003481946242014041,0.0003641952820824844,0.012169810121490057,0.00925551820832828,0.020806148281457437,0.05066994148057952,0.0,0.010347391990570345,0.03276771949349838,0.0633349123821268,0.015150947804831307,0.003345812304099748,0.318503692751611,0.317738171690903
1,2,G,raw,20263001,0,0.019514138163248936,0.05105026363957027,0.004643623856757636,9.193657309074915e-05,0.01526820576247799,0.009813355154031957,0.020637957320003536,0.050674759991513094,0.0,0.01097648393716784,0.03204653573289418,0.06303055575569601,0.015980419726708005,0.0045241887801711275,0.3180667832027721,0.3174738173894708
1,2,G,raw,20263001,1,0.061441439983991854,0.12348099205202079,0.019578587593144146,0.018795488322766896,0.01646520187767142,0.005440687982406604,0.0246996469298561,0.053236122756580025,0.0,0.043585366225647196,0.046447604596163095,0.07038846477673931,0.03596270269496643,0.020309873488002436,0.32365957770366394,0.32024531697886804
1,2,G,raw,20263002,pooled,0.015203551955937979,0.04461531197176792,0.005936102189604852,0.0005429662789542137,0.023455643723275632,0.004522923435113869,0.02561465059421636,0.05206302889413241,0.0,0.010208245751685878,0.03101614716155049,0.06260141553741101,0.015150947804831307,0.006219078064594799,0.31915825206473575,0.317738171690903
1,2,G,raw,20263002,0,0.01817490459349497,0.04872100805135572,0.007092951317805299,0.00015083063181272943,0.025075409262615617,0.004176212383948763,0.025059254925202112,0.051791977713237895,0.0,0.011412193120842917,0.0286597973452401,0.06162719596848286,0.015980419726708005,0.007313896612395753,0.318581424403614,0.3174738173894708
1,2,G,raw,20263002,1,0.058047590622453224,0.12385310434997238,0.023491298734392978,0.022995018784968263,0.009266102417702204,0.00863270463628355,0.033313615148968245,0.05586067194452769,0.0,0.03934651416130174,0.05318210809739077,0.0728304286802007,0.03596270269496643,0.023860796611457846,0.3219704454114389,0.32024531697886804
1,2,G,raw,20263003,pooled,0.015591372546300303,0.04695638068448741,0.004593279872050949,5.35900239807879e-05,0.010618232280930534,0.006343391395048409,0.021552862737849288,0.05116735011263097,0.0,0.01019784855140762,0.03344886533718583,0.0624353069292882,0.015150947804831307,0.0030011267976473243,0.3218900646639988,0.317738171690903
1,2,G,raw,20263003,0,0.01842493919087736,0.049675908616541635,0.005087245130522433,1.2264043609382276e-05,0.013265624151757804,0.004638515996154163,0.021554988850564283,0.051038884810790226,0.0,0.011522089642010461,0.03315521256926229,0.0628502088563656,0.015980419726708005,0.003502911323923905,0.32256106251999317,0.3174738173894708
1,2,G,raw,20263003,1,0.052779760844709506,0.11537279081064032,0.028217949097375575,0.02876052035894465,0.012624031934045557,0.022000168228172266,0.027798909266615324,0.05351800764125922,0.0,0.03007375493080927,0.03999707970578037,0.05972290932644371,0.03596270269496643,0.02717764225379732,0.3153882852451247,0.32024531697886804
1,2,G,gap,20263001,pooled,0.017511631477344518,0.046518977438179045,0.0034187066343300127,0.000310172626781343,0.012012245814888065,0.009204523788483306,0.02076347888394936,0.05067280236489943,0.0,0.01034739199057035,0.03270639488188759,0.06333743216240603,0.015150947804831307,0.0027975776596764366,0.3162488649946393,0.317738171690903
1,2,G,gap,20263001,0,0.019721833999421512,0.05127618824882275,0.003387846492583293,6.307003975558753e-05,0.015387026829233416,0.00977091049108458,0.020709426731095604,0.050681863288216264,0.0,0.011114980290557023,0.03200088405519502,0.06303256131420133,0.015980419726708005,0.003613363783849508,0.31635417944180033,0.3174738173894708
1,2,G,gap,20263001,1,0.06148187958765542,0.12439791568245888,0.01975363873396829,0.015487695383678265,0.019297899294197743,0.005318939087977331,0.025251176065386516,0.05353032307404655,0.0,0.04280258736067655,0.046219506615291506,0.0703589105797497,0.03596270269496643,0.020079480485500577,0.3165299568268325,0.32024531697886804
1,2,G,gap,20263002,pooled,0.015077312314972,0.04429078584252756,0.006053509391620841,0.0005024747668612274,0.023304832514145668,0.004544369596998426,0.02550797710044611,0.05202105830885748,0.0,0.009880561247883429,0.03108331774614792,0.06267184593354141,0.015150947804831307,0.005879710633225357,0.31686598353775147,0.317738171690903
1,2,G,gap,20263002,0,0.01834315313788829,0.048676794341552934,0.0069705655200069435,0.0001298590669870681,0.02481279208292647,0.004201692407528987,0.024916316103017977,0.051744778990874124,0.0,0.01151031041878569,0.02866921838685549,0.06168865481843234,0.015980419726708005,0.006884529214755922,0.3170425141777702,0.3174738173894708
1,2,G,gap,20263002,1,0.05656053033119557,0.12304818712058094,0.024847887519478987,0.020349363507464663,0.010022425640242735,0.00861780518935936,0.033313615148968245,0.05591796301800494,0.0,0.0367990075000056,0.05337780281363347,0.07293722340331404,0.03596270269496643,0.02333011280920461,0.31315906163220575,0.32024531697886804
1,2,G,gap,20263003,pooled,0.015566413126187537,0.047000033917474156,0.003236718263676272,0.00013885841797998608,0.010510942675820048,0.006399533226794025,0.021595532135357476,0.05113966076145491,0.0,0.010018136105172083,0.033407982262778635,0.0624237216284552,0.015150947804831307,0.002728366558374061,0.3195933481226979,0.317738171690903
1,2,G,gap,20263003,0,0.018229596276242453,0.049550842158876396,0.0038485853218752026,3.8400868645005275e-06,0.013170318753019578,0.004693895845964052,0.021578811987594926,0.05102462817408433,0.0,0.011180523533014304,0.03310382548885382,0.06284252053771236,0.015980419726708005,0.0029127639020610076,0.32122572079082107,0.3174738173894708
1,2,G,gap,20263003,1,0.0536585692503722,0.11681990573803402,0.031000640063810914,0.027144327192467413,0.012788703785084246,0.022062560927649633,0.026777667436549968,0.05329004059950628,0.0,0.03028935165217894,0.03980948580569493,0.059664556992782794,0.03596270269496643,0.028914329242523774,0.3049914032452459,0.32024531697886804
1,2,G,direct,20263001,pooled,0.015358550878959818,0.04558739000048359,0.00385149382393927,0.0002983056993885475,0.012990064298756931,0.009152565341976221,0.02100361664023709,0.0507029405319595,0.0,0.007190691879765039,0.03257837137417835,0.06300625944895245,0.015150947804831307,0.004116052471013894,0.31677067943053633,0.317738171690903
1,2,G,direct,20263001,0,0.017254215114128793,0.04855603648329301,0.00416146593528088,6.845603695680952e-05,0.01565284564997832,0.009742149451691417,0.02106677378655586,0.05076214554284782,0.0,0.00817163785458837,0.031560636240596185,0.06271696895359817,0.015980419726708005,0.0038588314797479697,0.3156943794143644,0.3174738173894708
1,2,G,direct,20263001,1,0.05431165706899948,0.11836355379123477,0.018755492455615242,0.00911896262242938,0.012472077316500144,0.00506748361670047,0.02586392116342573,0.05398447010490869,0.0,0.03223044721755718,0.0454613802340586,0.07004955614740588,0.03596270269496643,0.01913670514086265,0.3263321578130731,0.32024531697886804
1,2,G,direct,20263002,pooled,0.014573578539012142,0.04476043554948979,0.0066983969651672375,4.829918239502434e-05,0.02356354333391497,0.004642442497039539,0.02599867517178933,0.05215730436598734,0.0,0.008669153083262639,0.030788655173915158,0.06241265252358137,0.015150947804831307,0.0036762574164924356,0.32330960385040497,0.317738171690903
1,2,G,direct,20263002,0,0.01594418077362272,0.04757608809539388,0.005062753585178582,6.480846903043306e-06,0.025218210278888764,0.004344985618026586,0.025350158754156693,0.05186247317715684,0.0,0.009084773035774764,0.0287084300363194,0.061379906804557724,0.015980419726708005,0.003780972913093013,0.32228259902291634,0.3174738173894708
1,2,G,direct,20263002,1,0.054331807790548206,0.11352930644278005,0.021689286900419782,0.009260817790170947,0.009005374735601757,0.008338067352620805,0.03391963411589549,0.056101620904562916,0.0,0.03686231387812321,0.05353981913677802,0.07354384381468523,0.03596270269496643,0.019883057855856826,0.32930424105024514,0.32024531697886804
1,2,G,direct,20263003,pooled,0.01565573394980672,0.046351761025739444,0.002569140929209846,6.688006956410194e-05,0.010111814534046012,0.006059046001161761,0.02202222611043847,0.051356565647421706,0.0,0.008262876706166555,0.032991966707675235,0.06207615826579938,0.015150947804831307,0.002223852074779363,0.3194748413453575,0.317738171690903
1,2,G,direct,20263003,0,0.014786425514259544,0.04677180411611816,0.0017181686166567074,3.50016067866203e-07,0.01246215239358052,0.004257587148119278,0.021983805317116634,0.05123271416903019,0.0,0.00893318276291998,0.03269476231213686,0.06247239803651241,0.015980419726708005,0.0017468063659625563,0.3191919860061274,0.3174738173894708
1,2,G,direct,20263003,1,0.05101924776121812,0.11547596221741878,0.009418782294977232,0.0018431823541958797,0.010613875283690635,0.022575927861242635,0.027293659725517228,0.05365654957114524,0.0,0.030779926077552325,0.03886699084932804,0.059509371391060266,0.03596270269496643,0.009242940562431655,0.32112722999455384,0.32024531697886804
1,2,C,raw,20263001,pooled,0.01652553259081484,0.0468435080562382,0.0028272076827774335,0.00016753604225600016,0.009771395656894333,0.008804212576852422,0.021366306519055994,0.05074850633348869,0.0,0.009679381681370405,0.03292890356211431,0.06353987434134864,0.015150947804831307,0.0020530888224758216,0.31497563443708226,0.317738171690903
1,2,C,raw,20263001,0,0.019164421307080477,0.05153049142100297,0.006091054556031601,0.00012731139770117068,0.013278083532699131,0.00943043750738919,0.02159088280123092,0.050733162449305876,0.0,0.010677764841056732,0.03228530431142895,0.06323286359129572,0.015980419726708005,0.0062699087050542505,0.3165858504791744,0.3174738173894708
1,2,C,raw,20263001,1,0.05328598036454045,0.1290712647251162,0.05200239248611835,0.040796737141206345,0.02283863046640247,0.004392789053047086,0.026680914627478014,0.05398390792916444,0.0,0.038460624907959484,0.04529681365397564,0.0703819975742811,0.03596270269496643,0.04812854445207338,0.3021589197305927,0.32024531697886804
1,2,C,raw,20263002,pooled,0.015121796333305427,0.045909062367005184,0.0019967053117077157,1.4323604458120823e-06,0.022210026910614328,0.004340918390303667,0.026148018063067713,0.05239105967541065,0.0,0.008931789289326492,0.031171762515853907,0.06269938020078489,0.015150947804831307,0.0020428949798457514,0.3184396913419462,0.317738171690903
1,2,C,raw,20263002,0,0.016226872449197165,0.048994881615048724,0.005285830603011001,8.637377540702997e-05,0.024187112302971797,0.004022943820596032,0.025683682672586305,0.052127502799081196,0.0,0.008924687282217878,0.028952848687612165,0.061734166125294886,0.015980419726708005,0.004574621842097582,0.31971619888692276,0.3174738173894708
1,2,C,raw,20263002,1,0.056460305832607686,0.12755399656442254,0.05912629529906381,0.04597986414235715,0.004973933411473258,0.008196867655223821,0.032867498375925286,0.05550050838949669,0.0,0.032384487737139506,0.05308014782489334,0.07291427284736254,0.03596270269496643,0.05615417980076494,0.30636896945630926,0.32024531697886804
1,2,C,raw,20263003,pooled,0.014528442736378495,0.04643483115746645,0.004361867546060068,0.00030595499255263664,0.010376463419893012,0.006012991014291266,0.02292766323194284,0.052031866437467426,0.0,0.009299364291447326,0.033435102420873775,0.06264385532624227,0.015150947804831307,0.0036796827240339032,0.3188764689717377,0.317738171690903
1,2,C,raw,20263003,0,0.016910502839625093,0.04902174366982193,0.002409625344107106,1.662878193112562e-07,0.012856075208226916,0.004251361802782992,0.023506373200715913,0.05204283465971721,0.0,0.01170147918302114,0.03306227902742487,0.06306213418007024,0.015980419726708005,0.0021872654980130833,0.3198834427335778,0.3174738173894708
1,2,C,raw,20263003,1,0.05129479110061333,0.12836273596413142,0.0574866020424919,0.0501239695002364,0.01126408916802242,0.022187396232743208,0.027293659725517228,0.05338542170397601,0.0,0.030197467394839996,0.04064306978928128,0.05991495845106823,0.03596270269496643,0.059313483090973514,0.31088247358690607,0.32024531697886804
1,2,C,gap,20263001,pooled,0.016681542164512154,0.04679789083957449,0.003543679507931224,0.00025414567598570394,0.009909998258751551,0.008829931561948924,0.021259633025285746,0.05073888525448529,0.0,0.008969030011799134,0.032888020487707115,0.06353241954050606,0.015150947804831307,0.0028931422505577746,0.3144735287538476,0.317738171690903
1,2,C,gap,20263001,0,0.019224525215870703,0.051627752253822635,0.005210827945123788,0.00010157329281628867,0.013149471849920824,0.009413968546021091,0.021519413390138853,0.0507287836590532,0.0,0.010381028936012247,0.0322396526337298,0.06321570694393983,0.015980419726708005,0.005447809432919055,0.3162573247307299,0.3174738173894708
1,2,C,gap,20263001,1,0.05111638424137443,0.1261143747630293,0.03861099324725991,0.030020416220336063,0.020242176700901615,0.004788993440116698,0.0260681695294388,0.05410124259835184,0.0,0.03647127448090395,0.045465430642137206,0.07050270896124607,0.03596270269496643,0.03438600594772002,0.3005195048156567,0.32024531697886804
1,2,C,gap,20263002,pooled,0.01552749100740006,0.0463882767009279,0.003298249881423962,0.0001414120478166062,0.022092150011119527,0.0043036974042306945,0.02619068746057579,0.05246194215624756,0.0,0.00919100908560977,0.031192204053057504,0.06270400086903893,0.015150947804831307,0.0032407218758557284,0.31802576783075875,0.317738171690903
1,2,C,gap,20263002,0,0.01629031877060326,0.04898008742650515,0.005078793502181176,7.651640793773123e-05,0.02413154471851936,0.004000653792307096,0.02561221326149421,0.052134431865146526,0.0,0.009085844810712753,0.028952848687612165,0.06173472533166856,0.015980419726708005,0.004276562432557529,0.3194554669318142,0.3174738173894708
1,2,C,gap,20263002,1,0.06421699199723983,0.12830347048770432,0.04400898119491362,0.033079224293910844,0.004219854945029508,0.00804360948502398,0.0334802434739645,0.0565094381299873,0.0,0.04038134342034959,0.05352731787727616,0.07295079887403522,0.03596270269496643,0.040546001058703485,0.3040771983908543,0.32024531697886804
1,2,C,gap,20263003,pooled,0.014550592519098224,0.04662524302796155,0.0023520188027410147,0.00016006246402352695,0.00940625205376372,0.005994294148773588,0.023013002026959106,0.05207949023683155,0.0,0.009759261076188831,0.033353336272059386,0.06262674468784768,0.015150947804831307,0.0024518485776305284,0.3175725162204128,0.317738171690903
1,2,C,gap,20263003,0,0.017187153935228752,0.04903995659749104,0.001994532086413538,3.5814406630402425e-06,0.012534365303454365,0.004257857894060778,0.023506373200715913,0.052038878877602945,0.0,0.011929737571516929,0.03303821213746361,0.06304566438389633,0.015980419726708005,0.002323560966819536,0.31946834947588426,0.3174738173894708
1,2,C,gap,20263003,1,0.05455736541524069,0.12720596919471566,0.0371652772730349,0.033232780460964916,0.017895892292454918,0.021945993697308885,0.02790640482355644,0.053770430537708545,0.0,0.0318237812459605,0.04044737507303864,0.059914256722994615,0.03596270269496643,0.03909587126163555,0.3017817989918747,0.32024531697886804
1,2,C,direct,20263001,pooled,0.01553937536471514,0.046056966968331246,0.0033980972694431424,0.0003195977501498047,0.01010354564409452,0.008853486245497083,0.022027682180431662,0.05078263587856622,0.0,0.0073595390493084575,0.03257409591090488,0.06307338076692559,0.015150947804831307,0.0037723914120416976,0.3166776510716296,0.317738171690903
1,2,C,direct,20263001,0,0.017211017265369666,0.04951429775171536,0.0038047787171314653,6.371409739036821e-05,0.012904150638843509,0.00946489188763136,0.022162638089967324,0.050740551843516675,0.0,0.008103160338039636,0.03144532795554361,0.06278793725643877,0.015980419726708005,0.003606591201218496,0.31573803752509266,0.3174738173894708
1,2,C,direct,20263001,1,0.05438691496065565,0.1190247991495423,0.02009425186230863,0.009928929992063337,0.016361800680691166,0.004584661642695643,0.026476666261464943,0.054446604796032846,0.0,0.03422327299475422,0.04592070151067723,0.06999005168169482,0.03596270269496643,0.020643173346016577,0.32542167881485806,0.32024531697886804
1,2,C,direct,20263002,pooled,0.014815309270845794,0.04454419821618078,0.0054305424115682925,3.42552126165541e-05,0.02363519889088897,0.004411694431820084,0.027001406013229867,0.05256763407078701,0.0,0.008515081210311144,0.03091784289403532,0.062489676353783725,0.015150947804831307,0.0025753879081066243,0.3229207033823505,0.317738171690903
1,2,C,direct,20263002,0,0.016069324950334037,0.047239066945979666,0.004738772944742186,8.98902411739091e-06,0.024821593755240623,0.004149545925560977,0.02627926109835338,0.05224421897096035,0.0,0.008786971351950976,0.028747746849182743,0.06143841778711655,0.015980419726708005,0.0031759126214065164,0.321954718241355,0.3174738173894708
1,2,C,direct,20263002,1,0.05377648672594145,0.1142382207215339,0.019690739821002674,0.00895269162892147,0.013161814152840581,0.007800520737357213,0.035349372677987045,0.05669564982821482,0.0,0.03641456876780334,0.05379094443765209,0.07365841153786798,0.03596270269496643,0.01807345389961836,0.3283566195889269,0.32024531697886804
1,2,C,direct,20263003,pooled,0.016012596696662485,0.04676682031986783,0.003138996192507145,2.6624648429831796e-06,0.010813810952052375,0.005935859839655616,0.02354636949581035,0.05243563718451788,0.0,0.0081504860538862,0.03310222485961456,0.06223307192083833,0.015150947804831307,0.0028692992659437727,0.31909464312707136,0.317738171690903
1,2,C,direct,20263003,0,0.015193204763829299,0.0470752838579551,0.0023994756096408585,2.4490244846897373e-06,0.013758836551702902,0.004097285248823107,0.023863720256176224,0.05226330654250941,0.0,0.008743631116572533,0.03285316898749863,0.06263430037382148,0.015980419726708005,0.0026249726271591863,0.31917157807149954,0.3174738173894708
1,2,C,direct,20263003,1,0.049979271737188836,0.11603773135068877,0.011286268468343547,0.00010974507646731302,0.015173278372261012,0.02278151233008705,0.029637144560732964,0.055412104509255385,0.0,0.027648810617669717,0.03860336428895211,0.059662167655253076,0.03596270269496643,0.010774828661905746,0.3176699196856913,0.32024531697886804
