kappa,trial,name,variant,tape,group,bin,reference,generated
0,0,U,raw,20263001,pooled,0,0.310053451973242,0.3086020305701216
0,0,U,raw,20263001,pooled,1,0.3114509155645982,0.3027656477438137
0,0,U,raw,20263001,pooled,2,0.3109352336507536,0.3107112892700662
0,0,U,raw,20263001,pooled,3,0.3132337927514038,0.30707202789582655
0,0,U,raw,20263001,pooled,4,0.31417782572824776,0.30174123870398945
0,0,U,raw,20263001,0,0,0.3104568241191838,0.306196234883431
0,0,U,raw,20263001,0,1,0.3129886595759668,0.3024444998752806
0,0,U,raw,20263001,0,2,0.3101617354245991,0.31481674845985175
0,0,U,raw,20263001,0,3,0.3123306948109059,0.3078235437484767
0,0,U,raw,20263001,0,4,0.31486420099656115,0.3042678440029433
0,0,U,raw,20263001,1,0,0.30737564322469985,0.32908704883227174
0,0,U,raw,20263001,1,1,0.2966818477553676,0.30558598028477546
0,0,U,raw,20263001,1,2,0.31898238747553814,0.27652173913043476
0,0,U,raw,20263001,1,3,0.3202592087312415,0.30072090628218334
0,0,U,raw,20263001,1,4,0.30789648307896483,0.2793478260869565
0,0,U,raw,20263002,pooled,0,0.310053451973242,0.30476606908613907
0,0,U,raw,20263002,pooled,1,0.3114509155645982,0.3090948793536412
0,0,U,raw,20263002,pooled,2,0.3109352336507536,0.31468465045592703
0,0,U,raw,20263002,pooled,3,0.3132337927514038,0.31348414282546017
0,0,U,raw,20263002,pooled,4,0.31417782572824776,0.3074620246147023
0,0,U,raw,20263002,0,0,0.3104568241191838,0.3003190967108493
0,0,U,raw,20263002,0,1,0.3129886595759668,0.3116455078125
0,0,U,raw,20263002,0,2,0.3101617354245991,0.31476766390833866
0,0,U,raw,20263002,0,3,0.3123306948109059,0.31085587254538716
0,0,U,raw,20263002,0,4,0.31486420099656115,0.30901023049426846
0,0,U,raw,20263002,1,0,0.30737564322469985,0.341
0,0,U,raw,20263002,1,1,0.2966818477553676,0.2874870734229576
0,0,U,raw,20263002,1,2,0.31898238747553814,0.3139745916515426
0,0,U,raw,20263002,1,3,0.3202592087312415,0.33659066232356133
0,0,U,raw,20263002,1,4,0.30789648307896483,0.293598233995585
0,0,U,raw,20263003,pooled,0,0.310053451973242,0.30883494069393636
0,0,U,raw,20263003,pooled,1,0.3114509155645982,0.3053794008309644
0,0,U,raw,20263003,pooled,2,0.3109352336507536,0.30655095184770437
0,0,U,raw,20263003,pooled,3,0.3132337927514038,0.30310026385224276
0,0,U,raw,20263003,pooled,4,0.31417782572824776,0.3105813561227932
0,0,U,raw,20263003,0,0,0.3104568241191838,0.3108326095049013
0,0,U,raw,20263003,0,1,0.3129886595759668,0.3068543451652387
0,0,U,raw,20263003,0,2,0.3101617354245991,0.3069883527454243
0,0,U,raw,20263003,0,3,0.3123306948109059,0.3044490746415002
0,0,U,raw,20263003,0,4,0.31486420099656115,0.31071249372804816
0,0,U,raw,20263003,1,0,0.30737564322469985,0.2920997920997921
0,0,U,raw,20263003,1,1,0.2966818477553676,0.2930327868852459
0,0,U,raw,20263003,1,2,0.31898238747553814,0.30272727272727273
0,0,U,raw,20263003,1,3,0.3202592087312415,0.2913553895410886
0,0,U,raw,20263003,1,4,0.30789648307896483,0.30944625407166126
0,0,U,gap,20263001,pooled,0,0.310053451973242,0.31889062151926933
0,0,U,gap,20263001,pooled,1,0.3114509155645982,0.3171850525844708
0,0,U,gap,20263001,pooled,2,0.3109352336507536,0.3258353556094829
0,0,U,gap,20263001,pooled,3,0.3132337927514038,0.3204624781849913
0,0,U,gap,20263001,pooled,4,0.31417782572824776,0.3138637866431563
0,0,U,gap,20263001,0,0,0.3104568241191838,0.31610412255573545
0,0,U,gap,20263001,0,1,0.3129886595759668,0.3176323987538941
0,0,U,gap,20263001,0,2,0.3101617354245991,0.329744983277592
0,0,U,gap,20263001,0,3,0.3123306948109059,0.32097560975609757
0,0,U,gap,20263001,0,4,0.31486420099656115,0.3143242580328673
0,0,U,gap,20263001,1,0,0.30737564322469985,0.3424657534246575
0,0,U,gap,20263001,1,1,0.2966818477553676,0.3132530120481928
0,0,U,gap,20263001,1,2,0.31898238747553814,0.2931937172774869
0,0,U,gap,20263001,1,3,0.3202592087312415,0.31611570247933884
0,0,U,gap,20263001,1,4,0.30789648307896483,0.30978260869565216
0,0,U,gap,20263002,pooled,0,0.310053451973242,0.3201049524434241
0,0,U,gap,20263002,pooled,1,0.3114509155645982,0.32371584699453554
0,0,U,gap,20263002,pooled,2,0.3109352336507536,0.3287111786494444
0,0,U,gap,20263002,pooled,3,0.3132337927514038,0.3297093410250721
0,0,U,gap,20263002,pooled,4,0.31417782572824776,0.3205270150575731
0,0,U,gap,20263002,0,0,0.3104568241191838,0.31401203487658114
0,0,U,gap,20263002,0,1,0.3129886595759668,0.3263685239491691
0,0,U,gap,20263002,0,2,0.3101617354245991,0.3285971795143675
0,0,U,gap,20263002,0,3,0.3123306948109059,0.3270727789447671
0,0,U,gap,20263002,0,4,0.31486420099656115,0.3220923076923077
0,0,U,gap,20263002,1,0,0.30737564322469985,0.3695219123505976
0,0,U,gap,20263002,1,1,0.2966818477553676,0.30124223602484473
0,0,U,gap,20263002,1,2,0.31898238747553814,0.3296903460837887
0,0,U,gap,20263002,1,3,0.3202592087312415,0.3528773072747014
0,0,U,gap,20263002,1,4,0.30789648307896483,0.3065049614112459
0,0,U,gap,20263003,pooled,0,0.310053451973242,0.3207986688851914
0,0,U,gap,20263003,pooled,1,0.3114509155645982,0.31963270660253607
0,0,U,gap,20263003,pooled,2,0.3109352336507536,0.3206948076204707
0,0,U,gap,20263003,pooled,3,0.3132337927514038,0.3174080175727622
0,0,U,gap,20263003,pooled,4,0.31417782572824776,0.32317895683453235
0,0,U,gap,20263003,0,0,0.3104568241191838,0.323397913561848
0,0,U,gap,20263003,0,1,0.3129886595759668,0.32085626911314985
0,0,U,gap,20263003,0,2,0.3101617354245991,0.3206742274477162
0,0,U,gap,20263003,0,3,0.3123306948109059,0.31872168482919067
0,0,U,gap,20263003,0,4,0.31486420099656115,0.3222933132605696
0,0,U,gap,20263003,1,0,0.30737564322469985,0.29906542056074764
0,0,U,gap,20263003,1,1,0.2966818477553676,0.30935251798561153
0,0,U,gap,20263003,1,2,0.31898238747553814,0.32087511394712853
0,0,U,gap,20263003,1,3,0.3202592087312415,0.30597014925373134
0,0,U,gap,20263003,1,4,0.30789648307896483,0.3308108108108108
0,0,U,direct,20263001,pooled,0,0.310053451973242,0.31952530228392295
0,0,U,direct,20263001,pooled,1,0.3114509155645982,0.3147775542141739
0,0,U,direct,20263001,pooled,2,0.3109352336507536,0.3268156424581006
0,0,U,direct,20263001,pooled,3,0.3132337927514038,0.30826167410471317
0,0,U,direct,20263001,pooled,4,0.31417782572824776,0.31598103010918716
0,0,U,direct,20263001,0,0,0.3104568241191838,0.3194392289397922
0,0,U,direct,20263001,0,1,0.3129886595759668,0.31672065786194864
0,0,U,direct,20263001,0,2,0.3101617354245991,0.32780731936190177
0,0,U,direct,20263001,0,3,0.3123306948109059,0.3071680662042108
0,0,U,direct,20263001,0,4,0.31486420099656115,0.31669324175150254
0,0,U,direct,20263001,1,0,0.30737564322469985,0.32025450689289503
0,0,U,direct,20263001,1,1,0.2966818477553676,0.29782608695652174
0,0,U,direct,20263001,1,2,0.31898238747553814,0.3185378590078329
0,0,U,direct,20263001,1,3,0.3202592087312415,0.31752577319587627
0,0,U,direct,20263001,1,4,0.30789648307896483,0.3096280087527352
0,0,U,direct,20263002,pooled,0,0.310053451973242,0.3225098727512067
0,0,U,direct,20263002,pooled,1,0.3114509155645982,0.3153005464480874
0,0,U,direct,20263002,pooled,2,0.3109352336507536,0.32358248646595117
0,0,U,direct,20263002,pooled,3,0.3132337927514038,0.32486468573953386
0,0,U,direct,20263002,pooled,4,0.31417782572824776,0.3214760638297872
0,0,U,direct,20263002,0,0,0.3104568241191838,0.3204086656819301
0,0,U,direct,20263002,0,1,0.3129886595759668,0.31809290953545233
0,0,U,direct,20263002,0,2,0.3101617354245991,0.32487525214990975
0,0,U,direct,20263002,0,3,0.3123306948109059,0.3257846153846154
0,0,U,direct,20263002,0,4,0.31486420099656115,0.3219734251968504
0,0,U,direct,20263002,1,0,0.30737564322469985,0.3397177419354839
0,0,U,direct,20263002,1,1,0.2966818477553676,0.29175257731958765
0,0,U,direct,20263002,1,2,0.31898238747553814,0.31261261261261264
0,0,U,direct,20263002,1,3,0.3202592087312415,0.3168103448275862
0,0,U,direct,20263002,1,4,0.30789648307896483,0.3169642857142857
0,0,U,direct,20263003,pooled,0,0.310053451973242,0.32257706808605013
0,0,U,direct,20263003,pooled,1,0.3114509155645982,0.31699346405228757
0,0,U,direct,20263003,pooled,2,0.3109352336507536,0.3256073722423904
0,0,U,direct,20263003,pooled,3,0.3132337927514038,0.3196874656102124
0,0,U,direct,20263003,pooled,4,0.31417782572824776,0.3197648123021257
0,0,U,direct,20263003,0,0,0.3104568241191838,0.32344176806555747
0,0,U,direct,20263003,0,1,0.3129886595759668,0.3183201460742544
0,0,U,direct,20263003,0,2,0.3101617354245991,0.32576228998133167
0,0,U,direct,20263003,0,3,0.3123306948109059,0.3187069813176008
0,0,U,direct,20263003,0,4,0.31486420099656115,0.3204691638289822
0,0,U,direct,20263003,1,0,0.30737564322469985,0.3153526970954357
0,0,U,direct,20263003,1,1,0.2966818477553676,0.30569948186528495
0,0,U,direct,20263003,1,2,0.31898238747553814,0.3242506811989101
0,0,U,direct,20263003,1,3,0.3202592087312415,0.3280757097791798
0,0,U,direct,20263003,1,4,0.30789648307896483,0.31366120218579235
0,0,G,raw,20263001,pooled,0,0.310053451973242,0.30563002680965146
0,0,G,raw,20263001,pooled,1,0.3114509155645982,0.3031998209890356
0,0,G,raw,20263001,pooled,2,0.3109352336507536,0.310428531416301
0,0,G,raw,20263001,pooled,3,0.3132337927514038,0.3077844311377245
0,0,G,raw,20263001,pooled,4,0.31417782572824776,0.3009024873431653
0,0,G,raw,20263001,0,0,0.3104568241191838,0.30340866525159194
0,0,G,raw,20263001,0,1,0.3129886595759668,0.3032797106871181
0,0,G,raw,20263001,0,2,0.3101617354245991,0.31424391263454904
0,0,G,raw,20263001,0,3,0.3123306948109059,0.30832927423283
0,0,G,raw,20263001,0,4,0.31486420099656115,0.303293743112526
0,0,G,raw,20263001,1,0,0.30737564322469985,0.3244962884411453
0,0,G,raw,20263001,1,1,0.2966818477553676,0.3025027203482046
0,0,G,raw,20263001,1,2,0.31898238747553814,0.27845884413309985
0,0,G,raw,20263001,1,3,0.3202592087312415,0.30318602261048305
0,0,G,raw,20263001,1,4,0.30789648307896483,0.279651795429815
0,0,G,raw,20263002,pooled,0,0.310053451973242,0.30437636761487963
0,0,G,raw,20263002,pooled,1,0.3114509155645982,0.3074154852780807
0,0,G,raw,20263002,pooled,2,0.3109352336507536,0.31118483412322273
0,0,G,raw,20263002,pooled,3,0.3132337927514038,0.31286095068858283
0,0,G,raw,20263002,pooled,4,0.31417782572824776,0.30817051509769094
0,0,G,raw,20263002,0,0,0.3104568241191838,0.2993614931237721
0,0,G,raw,20263002,0,1,0.3129886595759668,0.30936128717698685
0,0,G,raw,20263002,0,2,0.3101617354245991,0.31191786621507195
0,0,G,raw,20263002,0,3,0.3123306948109059,0.31105334818665675
0,0,G,raw,20263002,0,4,0.31486420099656115,0.3093445253672386
0,0,G,raw,20263002,1,0,0.30737564322469985,0.3453815261044177
0,0,G,raw,20263002,1,1,0.2966818477553676,0.2908902691511387
0,0,G,raw,20263002,1,2,0.31898238747553814,0.30490018148820325
0,0,G,raw,20263002,1,3,0.3202592087312415,0.3286486486486486
0,0,G,raw,20263002,1,4,0.30789648307896483,0.29768467475192945
0,0,G,raw,20263003,pooled,0,0.310053451973242,0.3081781914893617
0,0,G,raw,20263003,pooled,1,0.3114509155645982,0.3020515058926233
0,0,G,raw,20263003,pooled,2,0.3109352336507536,0.3062692702980473
0,0,G,raw,20263003,pooled,3,0.3132337927514038,0.30403695963040367
0,0,G,raw,20263003,pooled,4,0.31417782572824776,0.30697412823397074
0,0,G,raw,20263003,0,0,0.3104568241191838,0.31038332713062894
0,0,G,raw,20263003,0,1,0.3129886595759668,0.30426285574691586
0,0,G,raw,20263003,0,2,0.3101617354245991,0.3064029151483602
0,0,G,raw,20263003,0,3,0.3123306948109059,0.30582464745554877
0,0,G,raw,20263003,0,4,0.31486420099656115,0.30710341365461846
0,0,G,raw,20263003,1,0,0.30737564322469985,0.2897196261682243
0,0,G,raw,20263003,1,1,0.2966818477553676,0.2835209825997953
0,0,G,raw,20263003,1,2,0.31898238747553814,0.30510018214936246
0,0,G,raw,20263003,1,3,0.3202592087312415,0.28846153846153844
0,0,G,raw,20263003,1,4,0.30789648307896483,0.30585683297180044
0,0,G,gap,20263001,pooled,0,0.310053451973242,0.31946458449525933
0,0,G,gap,20263001,pooled,1,0.3114509155645982,0.31731843575418994
0,0,G,gap,20263001,pooled,2,0.3109352336507536,0.32592661749603213
0,0,G,gap,20263001,pooled,3,0.3132337927514038,0.323481295670193
0,0,G,gap,20263001,pooled,4,0.31417782572824776,0.3161837611545665
0,0,G,gap,20263001,0,0,0.3104568241191838,0.31736526946107785
0,0,G,gap,20263001,0,1,0.3129886595759668,0.3181478715459298
0,0,G,gap,20263001,0,2,0.3101617354245991,0.3299895506792059
0,0,G,gap,20263001,0,3,0.3123306948109059,0.32442980851323333
0,0,G,gap,20263001,0,4,0.31486420099656115,0.31800907196273137
0,0,G,gap,20263001,1,0,0.30737564322469985,0.33719704952581664
0,0,G,gap,20263001,1,1,0.2966818477553676,0.31004366812227074
0,0,G,gap,20263001,1,2,0.31898238747553814,0.2918492550394391
0,0,G,gap,20263001,1,3,0.3202592087312415,0.3154639175257732
0,0,G,gap,20263001,1,4,0.30789648307896483,0.3
0,0,G,gap,20263002,pooled,0,0.310053451973242,0.31978972730259553
0,0,G,gap,20263002,pooled,1,0.3114509155645982,0.32351979064442266
0,0,G,gap,20263002,pooled,2,0.3109352336507536,0.32663316582914576
0,0,G,gap,20263002,pooled,3,0.3132337927514038,0.32848901708453515
0,0,G,gap,20263002,pooled,4,0.31417782572824776,0.3203463203463203
0,0,G,gap,20263002,0,0,0.3104568241191838,0.31439813107094555
0,0,G,gap,20263002,0,1,0.3129886595759668,0.3252894576477757
0,0,G,gap,20263002,0,2,0.3101617354245991,0.32662997459779847
0,0,G,gap,20263002,0,3,0.3123306948109059,0.32612189393002844
0,0,G,gap,20263002,0,4,0.31486420099656115,0.3215652388594001
0,0,G,gap,20263002,1,0,0.30737564322469985,0.3637274549098196
0,0,G,gap,20263002,1,1,0.2966818477553676,0.3084886128364389
0,0,G,gap,20263002,1,2,0.31898238747553814,0.32666060054595086
0,0,G,gap,20263002,1,3,0.3202592087312415,0.3491891891891892
0,0,G,gap,20263002,1,4,0.30789648307896483,0.30947136563876654
0,0,G,gap,20263003,pooled,0,0.310053451973242,0.3209931279095544
0,0,G,gap,20263003,pooled,1,0.3114509155645982,0.3176110929140736
0,0,G,gap,20263003,pooled,2,0.3109352336507536,0.3211146437254535
0,0,G,gap,20263003,pooled,3,0.3132337927514038,0.31938035596572184
0,0,G,gap,20263003,pooled,4,0.31417782572824776,0.32152894884766725
0,0,G,gap,20263003,0,0,0.3104568241191838,0.3232849522391763
0,0,G,gap,20263003,0,1,0.3129886595759668,0.3196871562996456
0,0,G,gap,20263003,0,2,0.3101617354245991,0.32096706961233845
0,0,G,gap,20263003,0,3,0.3123306948109059,0.3207986281234689
0,0,G,gap,20263003,0,4,0.31486420099656115,0.3204967385850477
0,0,G,gap,20263003,1,0,0.30737564322469985,0.3017689906347555
0,0,G,gap,20263003,1,1,0.2966818477553676,0.30020491803278687
0,0,G,gap,20263003,1,2,0.31898238747553814,0.3224043715846995
0,0,G,gap,20263003,1,3,0.3202592087312415,0.3070362473347548
0,0,G,gap,20263003,1,4,0.30789648307896483,0.3304442036836403
0,0,G,direct,20263001,pooled,0,0.310053451973242,0.31945377210655923
0,0,G,direct,20263001,pooled,1,0.3114509155645982,0.3134778721502012
0,0,G,direct,20263001,pooled,2,0.3109352336507536,0.3269141315471207
0,0,G,direct,20263001,pooled,3,0.3132337927514038,0.310107948969578
0,0,G,direct,20263001,pooled,4,0.31417782572824776,0.3163175303197354
0,0,G,direct,20263001,0,0,0.3104568241191838,0.3189676772738662
0,0,G,direct,20263001,0,1,0.3129886595759668,0.3151862464183381
0,0,G,direct,20263001,0,2,0.3101617354245991,0.32760595647193586
0,0,G,direct,20263001,0,3,0.3123306948109059,0.3091263555501401
0,0,G,direct,20263001,0,4,0.31486420099656115,0.3173961015079073
0,0,G,direct,20263001,1,0,0.30737564322469985,0.3235294117647059
0,0,G,direct,20263001,1,1,0.2966818477553676,0.2985884907709012
0,0,G,direct,20263001,1,2,0.31898238747553814,0.32111692844677137
0,0,G,direct,20263001,1,3,0.3202592087312415,0.3184647302904564
0,0,G,direct,20263001,1,4,0.30789648307896483,0.3066812705366922
0,0,G,direct,20263002,pooled,0,0.310053451973242,0.32280701754385965
0,0,G,direct,20263002,pooled,1,0.3114509155645982,0.3162663755458515
0,0,G,direct,20263002,pooled,2,0.3109352336507536,0.3239958218592726
0,0,G,direct,20263002,pooled,3,0.3132337927514038,0.3255222725765447
0,0,G,direct,20263002,pooled,4,0.31417782572824776,0.3193920568005325
0,0,G,direct,20263002,0,0,0.3104568241191838,0.3205806372247509
0,0,G,direct,20263002,0,1,0.3129886595759668,0.31893079458073964
0,0,G,direct,20263002,0,2,0.3101617354245991,0.32526796137111325
0,0,G,direct,20263002,0,3,0.3123306948109059,0.32648036439739014
0,0,G,direct,20263002,0,4,0.31486420099656115,0.31968426245683274
0,0,G,direct,20263002,1,0,0.30737564322469985,0.3410696266397578
0,0,G,direct,20263002,1,1,0.2966818477553676,0.2936918304033092
0,0,G,direct,20263002,1,2,0.31898238747553814,0.3131768953068592
0,0,G,direct,20263002,1,3,0.3202592087312415,0.3170995670995671
0,0,G,direct,20263002,1,4,0.30789648307896483,0.31677704194260486
0,0,G,direct,20263003,pooled,0,0.310053451973242,0.3232658479920345
0,0,G,direct,20263003,pooled,1,0.3114509155645982,0.31730141458106637
0,0,G,direct,20263003,pooled,2,0.3109352336507536,0.32431423773091994
0,0,G,direct,20263003,pooled,3,0.3132337927514038,0.3205156456588806
0,0,G,direct,20263003,pooled,4,0.31417782572824776,0.3185670697253927
0,0,G,direct,20263003,0,0,0.3104568241191838,0.3238791181570473
0,0,G,direct,20263003,0,1,0.3129886595759668,0.318331103272108
0,0,G,direct,20263003,0,2,0.3101617354245991,0.3251221286768527
0,0,G,direct,20263003,0,3,0.3123306948109059,0.31971449667733204
0,0,G,direct,20263003,0,4,0.31486420099656115,0.31913284597932945
0,0,G,direct,20263003,1,0,0.30737564322469985,0.31813471502590673
0,0,G,direct,20263003,1,1,0.2966818477553676,0.30856553147574817
0,0,G,direct,20263003,1,2,0.31898238747553814,0.31722880583409296
0,0,G,direct,20263003,1,3,0.3202592087312415,0.3273684210526316
0,0,G,direct,20263003,1,4,0.30789648307896483,0.31366120218579235
0,0,C,raw,20263001,pooled,0,0.310053451973242,0.31450806003335186
0,0,C,raw,20263001,pooled,1,0.3114509155645982,0.30764075067024127
0,0,C,raw,20263001,pooled,2,0.3109352336507536,0.31590251190587354
0,0,C,raw,20263001,pooled,3,0.3132337927514038,0.31112082149879833
0,0,C,raw,20263001,pooled,4,0.31417782572824776,0.308651511807548
0,0,C,raw,20263001,0,0,0.3104568241191838,0.3125543275797839
0,0,C,raw,20263001,0,1,0.3129886595759668,0.307682729423484
0,0,C,raw,20263001,0,2,0.3101617354245991,0.3190132747987875
0,0,C,raw,20263001,0,3,0.3123306948109059,0.3121563836285889
0,0,C,raw,20263001,0,4,0.31486420099656115,0.30933660933660934
0,0,C,raw,20263001,1,0,0.30737564322469985,0.33121019108280253
0,0,C,raw,20263001,1,1,0.2966818477553676,0.30727470141150925
0,0,C,raw,20263001,1,2,0.31898238747553814,0.28984238178633975
0,0,C,raw,20263001,1,3,0.3202592087312415,0.3023735810113519
0,0,C,raw,20263001,1,4,0.30789648307896483,0.30260303687635576
0,0,C,raw,20263002,pooled,0,0.310053451973242,0.31846575342465755
0,0,C,raw,20263002,pooled,1,0.3114509155645982,0.3206206971915638
0,0,C,raw,20263002,pooled,2,0.3109352336507536,0.31668719795318867
0,0,C,raw,20263002,pooled,3,0.3132337927514038,0.31845436375749503
0,0,C,raw,20263002,pooled,4,0.31417782572824776,0.3123824277968352
0,0,C,raw,20263002,0,0,0.3104568241191838,0.3144367929168716
0,0,C,raw,20263002,0,1,0.3129886595759668,0.3212713936430318
0,0,C,raw,20263002,0,2,0.3101617354245991,0.3170318619667619
0,0,C,raw,20263002,0,3,0.3123306948109059,0.31590009891196835
0,0,C,raw,20263002,0,4,0.31486420099656115,0.3114774264977242
0,0,C,raw,20263002,1,0,0.30737564322469985,0.351460221550856
0,0,C,raw,20263002,1,1,0.2966818477553676,0.31513903192584963
0,0,C,raw,20263002,1,2,0.31898238747553814,0.31374321880650996
0,0,C,raw,20263002,1,3,0.3202592087312415,0.340958605664488
0,0,C,raw,20263002,1,4,0.30789648307896483,0.32048458149779735
0,0,C,raw,20263003,pooled,0,0.310053451973242,0.317038022392196
0,0,C,raw,20263003,pooled,1,0.3114509155645982,0.31102620087336247
0,0,C,raw,20263003,pooled,2,0.3109352336507536,0.3170527490929389
0,0,C,raw,20263003,pooled,3,0.3132337927514038,0.31075872701244356
0,0,C,raw,20263003,pooled,4,0.31417782572824776,0.31937704548019413
0,0,C,raw,20263003,0,0,0.3104568241191838,0.3196873836992929
0,0,C,raw,20263003,0,1,0.3129886595759668,0.312744140625
0,0,C,raw,20263003,0,2,0.3101617354245991,0.3176726820161792
0,0,C,raw,20263003,0,3,0.3123306948109059,0.3125307125307125
0,0,C,raw,20263003,0,4,0.31486420099656115,0.31897745875834277
0,0,C,raw,20263003,1,0,0.30737564322469985,0.2947916666666667
0,0,C,raw,20263003,1,1,0.2966818477553676,0.2964876033057851
0,0,C,raw,20263003,1,2,0.31898238747553814,0.3116531165311653
0,0,C,raw,20263003,1,3,0.3202592087312415,0.29543039319872477
0,0,C,raw,20263003,1,4,0.30789648307896483,0.32282608695652176
0,0,C,gap,20263001,pooled,0,0.310053451973242,0.32139679715302494
0,0,C,gap,20263001,pooled,1,0.3114509155645982,0.31486652518708813
0,0,C,gap,20263001,pooled,2,0.3109352336507536,0.32246918192005974
0,0,C,gap,20263001,pooled,3,0.3132337927514038,0.31858890345128876
0,0,C,gap,20263001,pooled,4,0.31417782572824776,0.31446540880503143
0,0,C,gap,20263001,0,0,0.3104568241191838,0.31979127841967947
0,0,C,gap,20263001,0,1,0.3129886595759668,0.3155339805825243
0,0,C,gap,20263001,0,2,0.3101617354245991,0.3258074631545939
0,0,C,gap,20263001,0,3,0.3123306948109059,0.3195699975568043
0,0,C,gap,20263001,0,4,0.31486420099656115,0.3146191646191646
0,0,C,gap,20263001,1,0,0.30737564322469985,0.33510074231177095
0,0,C,gap,20263001,1,1,0.2966818477553676,0.30903155603917304
0,0,C,gap,20263001,1,2,0.31898238747553814,0.294478527607362
0,0,C,gap,20263001,1,3,0.3202592087312415,0.31030927835051547
0,0,C,gap,20263001,1,4,0.30789648307896483,0.3131094257854821
0,0,C,gap,20263002,pooled,0,0.310053451973242,0.32365826944140197
0,0,C,gap,20263002,pooled,1,0.3114509155645982,0.32885098939543017
0,0,C,gap,20263002,pooled,2,0.3109352336507536,0.3221800947867299
0,0,C,gap,20263002,pooled,3,0.3132337927514038,0.32619311875693674
0,0,C,gap,20263002,pooled,4,0.31417782572824776,0.3172108467072496
0,0,C,gap,20263002,0,0,0.3104568241191838,0.31871237252733753
0,0,C,gap,20263002,0,1,0.3129886595759668,0.32970660146699265
0,0,C,gap,20263002,0,2,0.3101617354245991,0.3222869242985707
0,0,C,gap,20263002,0,3,0.3123306948109059,0.3236494004203239
0,0,C,gap,20263002,0,4,0.31486420099656115,0.3162624646066724
0,0,C,gap,20263002,1,0,0.30737564322469985,0.36427850655903127
0,0,C,gap,20263002,1,1,0.2966818477553676,0.3216132368148914
0,0,C,gap,20263002,1,2,0.31898238747553814,0.3212669683257919
0,0,C,gap,20263002,1,3,0.3202592087312415,0.3485342019543974
0,0,C,gap,20263002,1,4,0.30789648307896483,0.3256578947368421
0,0,C,gap,20263003,pooled,0,0.310053451973242,0.32109990021066637
0,0,C,gap,20263003,pooled,1,0.3114509155645982,0.31807755324959036
0,0,C,gap,20263003,pooled,2,0.3109352336507536,0.3226706341826297
0,0,C,gap,20263003,pooled,3,0.3132337927514038,0.3178465264780359
0,0,C,gap,20263003,pooled,4,0.31417782572824776,0.32422977090621824
0,0,C,gap,20263003,0,0,0.3104568241191838,0.3231571109456441
0,0,C,gap,20263003,0,1,0.3129886595759668,0.3204345703125
0,0,C,gap,20263003,0,2,0.3101617354245991,0.32265422498703994
0,0,C,gap,20263003,0,3,0.3123306948109059,0.3200638899127657
0,0,C,gap,20263003,0,4,0.31486420099656115,0.3233442457819189
0,0,C,gap,20263003,1,0,0.30737564322469985,0.30385015608740895
0,0,C,gap,20263003,1,1,0.2966818477553676,0.2980269989615784
0,0,C,gap,20263003,1,2,0.31898238747553814,0.32281334535617673
0,0,C,gap,20263003,1,3,0.3202592087312415,0.298728813559322
0,0,C,gap,20263003,1,4,0.30789648307896483,0.33188248095756256
0,0,C,direct,20263001,pooled,0,0.310053451973242,0.32045124539260583
0,0,C,direct,20263001,pooled,1,0.3114509155645982,0.31505929738196464
0,0,C,direct,20263001,pooled,2,0.3109352336507536,0.3259596616785947
0,0,C,direct,20263001,pooled,3,0.3132337927514038,0.30985915492957744
0,0,C,direct,20263001,pooled,4,0.31417782572824776,0.3158998124241421
0,0,C,direct,20263001,0,0,0.3104568241191838,0.3202492211838006
0,0,C,direct,20263001,0,1,0.3129886595759668,0.31719490890940855
0,0,C,direct,20263001,0,2,0.3101617354245991,0.32695109261186267
0,0,C,direct,20263001,0,3,0.3123306948109059,0.3093551538837323
0,0,C,direct,20263001,0,4,0.31486420099656115,0.3166236638407667
0,0,C,direct,20263001,1,0,0.30737564322469985,0.32219827586206895
0,0,C,direct,20263001,1,1,0.2966818477553676,0.29653679653679654
0,0,C,direct,20263001,1,2,0.31898238747553814,0.31766753698868583
0,0,C,direct,20263001,1,3,0.3202592087312415,0.3141091658084449
0,0,C,direct,20263001,1,4,0.30789648307896483,0.30952380952380953
0,0,C,direct,20263002,pooled,0,0.310053451973242,0.3239667614257599
0,0,C,direct,20263002,pooled,1,0.3114509155645982,0.3130187854958497
0,0,C,direct,20263002,pooled,2,0.3109352336507536,0.32649962034927865
0,0,C,direct,20263002,pooled,3,0.3132337927514038,0.32486408521025184
0,0,C,direct,20263002,pooled,4,0.31417782572824776,0.32058530096441634
0,0,C,direct,20263002,0,0,0.3104568241191838,0.32160804020100503
0,0,C,direct,20263002,0,1,0.3129886595759668,0.31455456434070633
0,0,C,direct,20263002,0,2,0.3101617354245991,0.3280619825939291
0,0,C,direct,20263002,0,3,0.3123306948109059,0.325098814229249
0,0,C,direct,20263002,0,4,0.31486420099656115,0.32134056185312965
0,0,C,direct,20263002,1,0,0.30737564322469985,0.3434650455927052
0,0,C,direct,20263002,1,1,0.2966818477553676,0.3001027749229188
0,0,C,direct,20263002,1,2,0.31898238747553814,0.3132854578096948
0,0,C,direct,20263002,1,3,0.3202592087312415,0.3227917121046892
0,0,C,direct,20263002,1,4,0.30789648307896483,0.3138121546961326
0,0,C,direct,20263003,pooled,0,0.310053451973242,0.32365972529906956
0,0,C,direct,20263003,pooled,1,0.3114509155645982,0.31679389312977096
0,0,C,direct,20263003,pooled,2,0.3109352336507536,0.324069756597967
0,0,C,direct,20263003,pooled,3,0.3132337927514038,0.3197712777655597
0,0,C,direct,20263003,pooled,4,0.31417782572824776,0.3199729027887547
0,0,C,direct,20263003,0,0,0.3104568241191838,0.32432097234280044
0,0,C,direct,20263003,0,1,0.3129886595759668,0.31815968841285297
0,0,C,direct,20263003,0,2,0.3101617354245991,0.3242512479201331
0,0,C,direct,20263003,0,3,0.3123306948109059,0.31838289506021134
0,0,C,direct,20263003,0,4,0.31486420099656115,0.3212891854463049
0,0,C,direct,20263003,1,0,0.30737564322469985,0.31813471502590673
0,0,C,direct,20263003,1,1,0.2966818477553676,0.3050314465408805
0,0,C,direct,20263003,1,2,0.31898238747553814,0.3224932249322493
0,0,C,direct,20263003,1,3,0.3202592087312415,0.33158995815899583
0,0,C,direct,20263003,1,4,0.30789648307896483,0.3085339168490153
0,1,U,raw,20263001,pooled,0,0.310053451973242,0.3170155662909286
0,1,U,raw,20263001,pooled,1,0.3114509155645982,0.3107855018177812
0,1,U,raw,20263001,pooled,2,0.3109352336507536,0.3187600113068878
0,1,U,raw,20263001,pooled,3,0.3132337927514038,0.32033333333333336
0,1,U,raw,20263001,pooled,4,0.31417782572824776,0.3129581594676892
0,1,U,raw,20263001,0,0,0.3104568241191838,0.31596598395017367
0,1,U,raw,20263001,0,1,0.3129886595759668,0.3112721021611002
0,1,U,raw,20263001,0,2,0.3101617354245991,0.3213494992092778
0,1,U,raw,20263001,0,3,0.3123306948109059,0.3222236040293496
0,1,U,raw,20263001,0,4,0.31486420099656115,0.31406308910393366
0,1,U,raw,20263001,1,0,0.30737564322469985,0.32608695652173914
0,1,U,raw,20263001,1,1,0.2966818477553676,0.3065380493033226
0,1,U,raw,20263001,1,2,0.31898238747553814,0.2969858156028369
0,1,U,raw,20263001,1,3,0.3202592087312415,0.3044838373305527
0,1,U,raw,20263001,1,4,0.30789648307896483,0.3032967032967033
0,1,U,raw,20263002,pooled,0,0.310053451973242,0.31662073351706593
0,1,U,raw,20263002,pooled,1,0.3114509155645982,0.3149775016070281
0,1,U,raw,20263002,pooled,2,0.3109352336507536,0.3155725922376617
0,1,U,raw,20263002,pooled,3,0.3132337927514038,0.32748670363245447
0,1,U,raw,20263002,pooled,4,0.31417782572824776,0.32461503623188404
0,1,U,raw,20263002,0,0,0.3104568241191838,0.31423817447111957
0,1,U,raw,20263002,0,1,0.3129886595759668,0.3159976033553026
0,1,U,raw,20263002,0,2,0.3101617354245991,0.3165329052969502
0,1,U,raw,20263002,0,3,0.3123306948109059,0.3257250945775536
0,1,U,raw,20263002,0,4,0.31486420099656115,0.3224628557038529
0,1,U,raw,20263002,1,0,0.30737564322469985,0.3362745098039216
0,1,U,raw,20263002,1,1,0.2966818477553676,0.3063700707785642
0,1,U,raw,20263002,1,2,0.31898238747553814,0.3073394495412844
0,1,U,raw,20263002,1,3,0.3202592087312415,0.3428886438809261
0,1,U,raw,20263002,1,4,0.30789648307896483,0.3438202247191011
0,1,U,raw,20263003,pooled,0,0.310053451973242,0.31078473413379076
0,1,U,raw,20263003,pooled,1,0.3114509155645982,0.3165127764655358
0,1,U,raw,20263003,pooled,2,0.3109352336507536,0.32312764955252005
0,1,U,raw,20263003,pooled,3,0.3132337927514038,0.3173345239424043
0,1,U,raw,20263003,pooled,4,0.31417782572824776,0.32393715341959334
0,1,U,raw,20263003,0,0,0.3104568241191838,0.3100515155145561
0,1,U,raw,20263003,0,1,0.3129886595759668,0.3152526101044042
0,1,U,raw,20263003,0,2,0.3101617354245991,0.32317393589069887
0,1,U,raw,20263003,0,3,0.3123306948109059,0.3175869375545307
0,1,U,raw,20263003,0,4,0.31486420099656115,0.32160350605826243
0,1,U,raw,20263003,1,0,0.30737564322469985,0.31702344546381245
0,1,U,raw,20263003,1,1,0.2966818477553676,0.327217125382263
0,1,U,raw,20263003,1,2,0.31898238747553814,0.32272727272727275
0,1,U,raw,20263003,1,3,0.3202592087312415,0.31517094017094016
0,1,U,raw,20263003,1,4,0.30789648307896483,0.344097995545657
0,1,U,gap,20263001,pooled,0,0.310053451973242,0.32177367403908097
0,1,U,gap,20263001,pooled,1,0.3114509155645982,0.31548799294998897
0,1,U,gap,20263001,pooled,2,0.3109352336507536,0.3213713855137986
0,1,U,gap,20263001,pooled,3,0.3132337927514038,0.3232940653478551
0,1,U,gap,20263001,pooled,4,0.31417782572824776,0.3147208121827411
0,1,U,gap,20263001,0,0,0.3104568241191838,0.32055582175371344
0,1,U,gap,20263001,0,1,0.3129886595759668,0.31655206286836934
0,1,U,gap,20263001,0,2,0.3101617354245991,0.324233161167914
0,1,U,gap,20263001,0,3,0.3123306948109059,0.3245461328027854
0,1,U,gap,20263001,0,4,0.31486420099656115,0.3156505342551854
0,1,U,gap,20263001,1,0,0.30737564322469985,0.33229813664596275
0,1,U,gap,20263001,1,1,0.2966818477553676,0.30620985010706636
0,1,U,gap,20263001,1,2,0.31898238747553814,0.2973451327433628
0,1,U,gap,20263001,1,3,0.3202592087312415,0.3127615062761506
0,1,U,gap,20263001,1,4,0.30789648307896483,0.3065934065934066
0,1,U,gap,20263002,pooled,0,0.310053451973242,0.32065677966101697
0,1,U,gap,20263002,pooled,1,0.3114509155645982,0.31854709096753453
0,1,U,gap,20263002,pooled,2,0.3109352336507536,0.3210042161747796
0,1,U,gap,20263002,pooled,3,0.3132337927514038,0.33144604235080966
0,1,U,gap,20263002,pooled,4,0.31417782572824776,0.32710597826086957
0,1,U,gap,20263002,0,0,0.3104568241191838,0.318646080760095
0,1,U,gap,20263002,0,1,0.3129886595759668,0.31999041227229147
0,1,U,gap,20263002,0,2,0.3101617354245991,0.3225979028461374
0,1,U,gap,20263002,0,3,0.3123306948109059,0.3297576981322564
0,1,U,gap,20263002,0,4,0.31486420099656115,0.32510702593805085
0,1,U,gap,20263002,1,0,0.30737564322469985,0.33725490196078434
0,1,U,gap,20263002,1,1,0.2966818477553676,0.3063700707785642
0,1,U,gap,20263002,1,2,0.31898238747553814,0.3073394495412844
0,1,U,gap,20263002,1,3,0.3202592087312415,0.3461962513781698
0,1,U,gap,20263002,1,4,0.30789648307896483,0.3449438202247191
0,1,U,gap,20263003,pooled,0,0.310053451973242,0.3144114175340702
0,1,U,gap,20263003,pooled,1,0.3114509155645982,0.3205582393988191
0,1,U,gap,20263003,pooled,2,0.3109352336507536,0.3281853281853282
0,1,U,gap,20263003,pooled,3,0.3132337927514038,0.3200848498381154
0,1,U,gap,20263003,pooled,4,0.31417782572824776,0.3252135765412145
0,1,U,gap,20263003,0,0,0.3104568241191838,0.3141041017030463
0,1,U,gap,20263003,0,1,0.3129886595759668,0.3203359328134373
0,1,U,gap,20263003,0,2,0.3101617354245991,0.32892110515810485
0,1,U,gap,20263003,0,3,0.3123306948109059,0.32007977065935433
0,1,U,gap,20263003,0,4,0.31486420099656115,0.32276768457672983
0,1,U,gap,20263003,1,0,0.30737564322469985,0.31702344546381245
0,1,U,gap,20263003,1,1,0.2966818477553676,0.3224489795918367
0,1,U,gap,20263003,1,2,0.31898238747553814,0.32181818181818184
0,1,U,gap,20263003,1,3,0.3202592087312415,0.32012847965738755
0,1,U,gap,20263003,1,4,0.30789648307896483,0.3462819089900111
0,1,U,direct,20263001,pooled,0,0.310053451973242,0.3203956563810343
0,1,U,direct,20263001,pooled,1,0.3114509155645982,0.31636243677149767
0,1,U,direct,20263001,pooled,2,0.3109352336507536,0.32525233468540704
0,1,U,direct,20263001,pooled,3,0.3132337927514038,0.3132356206973129
0,1,U,direct,20263001,pooled,4,0.31417782572824776,0.3164599774520857
0,1,U,direct,20263001,0,0,0.3104568241191838,0.3182090985475933
0,1,U,direct,20263001,0,1,0.3129886595759668,0.31725235704665117
0,1,U,direct,20263001,0,2,0.3101617354245991,0.32668355499261137
0,1,U,direct,20263001,0,3,0.3123306948109059,0.3134940357852883
0,1,U,direct,20263001,0,4,0.31486420099656115,0.3174962292609351
0,1,U,direct,20263001,1,0,0.30737564322469985,0.3391752577319588
0,1,U,direct,20263001,1,1,0.2966818477553676,0.30852211434735705
0,1,U,direct,20263001,1,2,0.31898238747553814,0.3132209405501331
0,1,U,direct,20263001,1,3,0.3202592087312415,0.31106471816283926
0,1,U,direct,20263001,1,4,0.30789648307896483,0.3074398249452954
0,1,U,direct,20263002,pooled,0,0.310053451973242,0.32250875517351163
0,1,U,direct,20263002,pooled,1,0.3114509155645982,0.31682322801024765
0,1,U,direct,20263002,pooled,2,0.3109352336507536,0.3227665706051873
0,1,U,direct,20263002,pooled,3,0.3132337927514038,0.32215447154471544
0,1,U,direct,20263002,pooled,4,0.31417782572824776,0.3185479296653432
0,1,U,direct,20263002,0,0,0.3104568241191838,0.32314462416745954
0,1,U,direct,20263002,0,1,0.3129886595759668,0.31936985320443967
0,1,U,direct,20263002,0,2,0.3101617354245991,0.32464048078986907
0,1,U,direct,20263002,0,3,0.3123306948109059,0.323518308795772
0,1,U,direct,20263002,0,4,0.31486420099656115,0.3176426047450782
0,1,U,direct,20263002,1,0,0.30737564322469985,0.31724137931034485
0,1,U,direct,20263002,1,1,0.2966818477553676,0.29524772497472196
0,1,U,direct,20263002,1,2,0.31898238747553814,0.3067765567765568
0,1,U,direct,20263002,1,3,0.3202592087312415,0.3102310231023102
0,1,U,direct,20263002,1,4,0.30789648307896483,0.3265993265993266
0,1,U,direct,20263003,pooled,0,0.310053451973242,0.3194757761306263
0,1,U,direct,20263003,pooled,1,0.3114509155645982,0.31715696800515353
0,1,U,direct,20263003,pooled,2,0.3109352336507536,0.32489411764705883
0,1,U,direct,20263003,pooled,3,0.3132337927514038,0.31880169908338923
0,1,U,direct,20263003,pooled,4,0.31417782572824776,0.32011984328186216
0,1,U,direct,20263003,0,0,0.3104568241191838,0.3203510037264094
0,1,U,direct,20263003,0,1,0.3129886595759668,0.3181109912501498
0,1,U,direct,20263003,0,2,0.3101617354245991,0.3258084838303234
0,1,U,direct,20263003,0,3,0.3123306948109059,0.31749594712557677
0,1,U,direct,20263003,0,4,0.31486420099656115,0.32222365203963454
0,1,U,direct,20263003,1,0,0.30737564322469985,0.31212121212121213
0,1,U,direct,20263003,1,1,0.2966818477553676,0.30895983522142123
0,1,U,direct,20263003,1,2,0.31898238747553814,0.3169845594913715
0,1,U,direct,20263003,1,3,0.3202592087312415,0.3300970873786408
0,1,U,direct,20263003,1,4,0.30789648307896483,0.30209481808158767
0,1,G,raw,20263001,pooled,0,0.310053451973242,0.3151111588443776
0,1,G,raw,20263001,pooled,1,0.3114509155645982,0.3101433296582139
0,1,G,raw,20263001,pooled,2,0.3109352336507536,0.3194876142036357
0,1,G,raw,20263001,pooled,3,0.3132337927514038,0.3174744330813695
0,1,G,raw,20263001,pooled,4,0.31417782572824776,0.3131335886460915
0,1,G,raw,20263001,0,0,0.3104568241191838,0.31357048748353095
0,1,G,raw,20263001,0,1,0.3129886595759668,0.3108407079646018
0,1,G,raw,20263001,0,2,0.3101617354245991,0.3216657880864523
0,1,G,raw,20263001,0,3,0.3123306948109059,0.318865812709862
0,1,G,raw,20263001,0,4,0.31486420099656115,0.3134965473948525
0,1,G,raw,20263001,1,0,0.30737564322469985,0.3284823284823285
0,1,G,raw,20263001,1,1,0.2966818477553676,0.30406852248394006
0,1,G,raw,20263001,1,2,0.31898238747553814,0.30123674911660775
0,1,G,raw,20263001,1,3,0.3202592087312415,0.3057591623036649
0,1,G,raw,20263001,1,4,0.30789648307896483,0.3099671412924425
0,1,G,raw,20263002,pooled,0,0.310053451973242,0.3198012474891638
0,1,G,raw,20263002,pooled,1,0.3114509155645982,0.31666845091531953
0,1,G,raw,20263002,pooled,2,0.3109352336507536,0.3182906965603143
0,1,G,raw,20263002,pooled,3,0.3132337927514038,0.3279655250623724
0,1,G,raw,20263002,pooled,4,0.31417782572824776,0.32403311784053535
0,1,G,raw,20263002,0,0,0.3104568241191838,0.31646319781913
0,1,G,raw,20263002,0,1,0.3129886595759668,0.3174032818301593
0,1,G,raw,20263002,0,2,0.3101617354245991,0.3186342716472225
0,1,G,raw,20263002,0,3,0.3123306948109059,0.32701780977643047
0,1,G,raw,20263002,0,4,0.31486420099656115,0.321437578814628
0,1,G,raw,20263002,1,0,0.30737564322469985,0.3473581213307241
0,1,G,raw,20263002,1,1,0.2966818477553676,0.31048387096774194
0,1,G,raw,20263002,1,2,0.31898238747553814,0.3153564899451554
0,1,G,raw,20263002,1,3,0.3202592087312415,0.3362930077691454
0,1,G,raw,20263002,1,4,0.30789648307896483,0.34723788049605414
0,1,G,raw,20263003,pooled,0,0.310053451973242,0.3100825029465338
0,1,G,raw,20263003,pooled,1,0.3114509155645982,0.3148446737611523
0,1,G,raw,20263003,pooled,2,0.3109352336507536,0.32160662214278996
0,1,G,raw,20263003,pooled,3,0.3132337927514038,0.3160424818334265
0,1,G,raw,20263003,pooled,4,0.31417782572824776,0.3215935334872979
0,1,G,raw,20263003,0,0,0.3104568241191838,0.3086138732478735
0,1,G,raw,20263003,0,1,0.3129886595759668,0.31334855220473384
0,1,G,raw,20263003,0,2,0.3101617354245991,0.32214413091366834
0,1,G,raw,20263003,0,3,0.3123306948109059,0.3153231844272523
0,1,G,raw,20263003,0,4,0.31486420099656115,0.31949993555870604
0,1,G,raw,20263003,1,0,0.30737564322469985,0.3225152129817444
0,1,G,raw,20263003,1,1,0.2966818477553676,0.32755102040816325
0,1,G,raw,20263003,1,2,0.31898238747553814,0.31693989071038253
0,1,G,raw,20263003,1,3,0.3202592087312415,0.322234156820623
0,1,G,raw,20263003,1,4,0.30789648307896483,0.33962264150943394
0,1,G,gap,20263001,pooled,0,0.310053451973242,0.31875805758487324
0,1,G,gap,20263001,pooled,1,0.3114509155645982,0.31378816268048054
0,1,G,gap,20263001,pooled,2,0.3109352336507536,0.32341587421146784
0,1,G,gap,20263001,pooled,3,0.3132337927514038,0.32013788502168355
0,1,G,gap,20263001,pooled,4,0.31417782572824776,0.31530922608989526
0,1,G,gap,20263001,0,0,0.3104568241191838,0.3177570093457944
0,1,G,gap,20263001,0,1,0.3129886595759668,0.31506512656672403
0,1,G,gap,20263001,0,2,0.3101617354245991,0.32669406681420593
0,1,G,gap,20263001,0,3,0.3123306948109059,0.3218061948003483
0,1,G,gap,20263001,0,4,0.31486420099656115,0.3164239075841286
0,1,G,gap,20263001,1,0,0.30737564322469985,0.32744282744282743
0,1,G,gap,20263001,1,1,0.2966818477553676,0.30267379679144385
0,1,G,gap,20263001,1,2,0.31898238747553814,0.2959363957597173
0,1,G,gap,20263001,1,3,0.3202592087312415,0.3060796645702306
0,1,G,gap,20263001,1,4,0.30789648307896483,0.30558598028477546
0,1,G,gap,20263002,pooled,0,0.310053451973242,0.32209658670611857
0,1,G,gap,20263002,pooled,1,0.3114509155645982,0.32020126324804626
0,1,G,gap,20263002,pooled,2,0.3109352336507536,0.32410158121705795
0,1,G,gap,20263002,pooled,3,0.3132337927514038,0.33193467906554774
0,1,G,gap,20263002,pooled,4,0.31417782572824776,0.3278502552467385
0,1,G,gap,20263002,0,0,0.3104568241191838,0.3188766441521507
0,1,G,gap,20263002,0,1,0.3129886595759668,0.32179226069246436
0,1,G,gap,20263002,0,2,0.3101617354245991,0.3250561918013486
0,1,G,gap,20263002,0,3,0.3123306948109059,0.33101793382167216
0,1,G,gap,20263002,0,4,0.31486420099656115,0.32526169756589735
0,1,G,gap,20263002,1,0,0.30737564322469985,0.3486328125
0,1,G,gap,20263002,1,1,0.2966818477553676,0.306841046277666
0,1,G,gap,20263002,1,2,0.31898238747553814,0.3159340659340659
0,1,G,gap,20263002,1,3,0.3202592087312415,0.34
0,1,G,gap,20263002,1,4,0.30789648307896483,0.3510158013544018
0,1,G,gap,20263003,pooled,0,0.310053451973242,0.3145826636665595
0,1,G,gap,20263003,pooled,1,0.3114509155645982,0.3175951817595182
0,1,G,gap,20263003,pooled,2,0.3109352336507536,0.3268127527508699
0,1,G,gap,20263003,pooled,3,0.3132337927514038,0.31984348798211293
0,1,G,gap,20263003,pooled,4,0.31417782572824776,0.32425256839432065
0,1,G,gap,20263003,0,0,0.3104568241191838,0.3135258176590392
0,1,G,gap,20263003,0,1,0.3129886595759668,0.3165043875465801
0,1,G,gap,20263003,0,2,0.3101617354245991,0.3276693937486889
0,1,G,gap,20263003,0,3,0.3123306948109059,0.31910645201547483
0,1,G,gap,20263003,0,4,0.31486420099656115,0.32165399974236764
0,1,G,gap,20263003,1,0,0.30737564322469985,0.3235294117647059
0,1,G,gap,20263003,1,1,0.2966818477553676,0.3268641470888662
0,1,G,gap,20263003,1,2,0.31898238747553814,0.31938125568698816
0,1,G,gap,20263003,1,3,0.3202592087312415,0.3261802575107296
0,1,G,gap,20263003,1,4,0.30789648307896483,0.3466666666666667
0,1,G,direct,20263001,pooled,0,0.310053451973242,0.3202410416442484
0,1,G,direct,20263001,pooled,1,0.3114509155645982,0.3165016501650165
0,1,G,direct,20263001,pooled,2,0.3109352336507536,0.32438541961005934
0,1,G,direct,20263001,pooled,3,0.3132337927514038,0.31279831279831277
0,1,G,direct,20263001,pooled,4,0.31417782572824776,0.3168227462484486
0,1,G,direct,20263001,0,0,0.3104568241191838,0.31823098185314264
0,1,G,direct,20263001,0,1,0.3129886595759668,0.3175303197353914
0,1,G,direct,20263001,0,2,0.3101617354245991,0.3255348298029297
0,1,G,direct,20263001,0,3,0.3123306948109059,0.3128338924089949
0,1,G,direct,20263001,0,4,0.31486420099656115,0.31757606235856173
0,1,G,direct,20263001,1,0,0.30737564322469985,0.3374485596707819
0,1,G,direct,20263001,1,1,0.2966818477553676,0.3074433656957929
0,1,G,direct,20263001,1,2,0.31898238747553814,0.3147163120567376
0,1,G,direct,20263001,1,3,0.3202592087312415,0.3125
0,1,G,direct,20263001,1,4,0.30789648307896483,0.3102310231023102
0,1,G,direct,20263002,pooled,0,0.310053451973242,0.3210203217612193
0,1,G,direct,20263002,pooled,1,0.3114509155645982,0.31781787125013344
0,1,G,direct,20263002,pooled,2,0.3109352336507536,0.32202575437247744
0,1,G,direct,20263002,pooled,3,0.3132337927514038,0.3223579995474089
0,1,G,direct,20263002,pooled,4,0.31417782572824776,0.3197549075229774
0,1,G,direct,20263002,0,0,0.3104568241191838,0.3215514173882102
0,1,G,direct,20263002,0,1,0.3129886595759668,0.32020527509249314
0,1,G,direct,20263002,0,2,0.3101617354245991,0.32420826623725174
0,1,G,direct,20263002,0,3,0.3123306948109059,0.3234552332912989
0,1,G,direct,20263002,0,4,0.31486420099656115,0.3183941421537685
0,1,G,direct,20263002,1,0,0.30737564322469985,0.3166175024582104
0,1,G,direct,20263002,1,1,0.2966818477553676,0.2975708502024291
0,1,G,direct,20263002,1,2,0.31898238747553814,0.30339138405132904
0,1,G,direct,20263002,1,3,0.3202592087312415,0.31277533039647576
0,1,G,direct,20263002,1,4,0.30789648307896483,0.33183856502242154
0,1,G,direct,20263003,pooled,0,0.310053451973242,0.3201072386058981
0,1,G,direct,20263003,pooled,1,0.3114509155645982,0.3157894736842105
0,1,G,direct,20263003,pooled,2,0.3109352336507536,0.3250047143126532
0,1,G,direct,20263003,pooled,3,0.3132337927514038,0.319337140297839
0,1,G,direct,20263003,pooled,4,0.31417782572824776,0.31874208040548324
0,1,G,direct,20263003,0,0,0.3104568241191838,0.3212827288013452
0,1,G,direct,20263003,0,1,0.3129886595759668,0.3166267942583732
0,1,G,direct,20263003,0,2,0.3101617354245991,0.32610982537344835
0,1,G,direct,20263003,0,3,0.3123306948109059,0.3181818181818182
0,1,G,direct,20263003,0,4,0.31486420099656115,0.32085905349794236
0,1,G,direct,20263003,1,0,0.30737564322469985,0.3103103103103103
0,1,G,direct,20263003,1,1,0.2966818477553676,0.30856553147574817
0,1,G,direct,20263003,1,2,0.31898238747553814,0.31545454545454543
0,1,G,direct,20263003,1,3,0.3202592087312415,0.3293607800650054
0,1,G,direct,20263003,1,4,0.30789648307896483,0.3005524861878453
0,1,C,raw,20263001,pooled,0,0.310053451973242,0.31469734437157293
0,1,C,raw,20263001,pooled,1,0.3114509155645982,0.3109567901234568
0,1,C,raw,20263001,pooled,2,0.3109352336507536,0.3214520831374024
0,1,C,raw,20263001,pooled,3,0.3132337927514038,0.3167667333778074
0,1,C,raw,20263001,pooled,4,0.31417782572824776,0.3174030658250676
0,1,C,raw,20263001,0,0,0.3104568241191838,0.31398416886543534
0,1,C,raw,20263001,0,1,0.3129886595759668,0.3124846399606783
0,1,C,raw,20263001,0,2,0.3101617354245991,0.32417929292929293
0,1,C,raw,20263001,0,3,0.3123306948109059,0.31922837585563163
0,1,C,raw,20263001,0,4,0.31486420099656115,0.31918100741112926
0,1,C,raw,20263001,1,0,0.30737564322469985,0.32087227414330216
0,1,C,raw,20263001,1,1,0.2966818477553676,0.29764453961456105
0,1,C,raw,20263001,1,2,0.31898238747553814,0.29849424269264835
0,1,C,raw,20263001,1,3,0.3202592087312415,0.2961418143899896
0,1,C,raw,20263001,1,4,0.30789648307896483,0.3018660812294182
0,1,C,raw,20263002,pooled,0,0.310053451973242,0.31431885280472377
0,1,C,raw,20263002,pooled,1,0.3114509155645982,0.31574440757786576
0,1,C,raw,20263002,pooled,2,0.3109352336507536,0.3174116971379343
0,1,C,raw,20263002,pooled,3,0.3132337927514038,0.3292377701934016
0,1,C,raw,20263002,pooled,4,0.31417782572824776,0.3184604904632153
0,1,C,raw,20263002,0,0,0.3104568241191838,0.31063829787234043
0,1,C,raw,20263002,0,1,0.3129886595759668,0.3177626063001557
0,1,C,raw,20263002,0,2,0.3101617354245991,0.3182839413715631
0,1,C,raw,20263002,0,3,0.3123306948109059,0.32864741641337386
0,1,C,raw,20263002,0,4,0.31486420099656115,0.31751640585562846
0,1,C,raw,20263002,1,0,0.30737564322469985,0.3447265625
0,1,C,raw,20263002,1,1,0.2966818477553676,0.2987927565392354
0,1,C,raw,20263002,1,2,0.31898238747553814,0.31
0,1,C,raw,20263002,1,3,0.3202592087312415,0.3344519015659955
0,1,C,raw,20263002,1,4,0.30789648307896483,0.3269230769230769
0,1,C,raw,20263003,pooled,0,0.310053451973242,0.3132103795839588
0,1,C,raw,20263003,pooled,1,0.3114509155645982,0.3162760696624382
0,1,C,raw,20263003,pooled,2,0.3109352336507536,0.32681643011561234
0,1,C,raw,20263003,pooled,3,0.3132337927514038,0.32187883521142474
0,1,C,raw,20263003,pooled,4,0.31417782572824776,0.3206433695903726
0,1,C,raw,20263003,0,0,0.3104568241191838,0.3127700432069131
0,1,C,raw,20263003,0,1,0.3129886595759668,0.31661065770523283
0,1,C,raw,20263003,0,2,0.3101617354245991,0.3276006711409396
0,1,C,raw,20263003,0,3,0.3123306948109059,0.32104607721046075
0,1,C,raw,20263003,0,4,0.31486420099656115,0.31809966434288667
0,1,C,raw,20263003,1,0,0.30737564322469985,0.31690140845070425
0,1,C,raw,20263003,1,1,0.2966818477553676,0.3134020618556701
0,1,C,raw,20263003,1,2,0.31898238747553814,0.3200362647325476
0,1,C,raw,20263003,1,3,0.3202592087312415,0.3290460878885316
0,1,C,raw,20263003,1,4,0.30789648307896483,0.34263392857142855
0,1,C,gap,20263001,pooled,0,0.310053451973242,0.319242766483812
0,1,C,gap,20263001,pooled,1,0.3114509155645982,0.3152557319223986
0,1,C,gap,20263001,pooled,2,0.3109352336507536,0.32430398796087284
0,1,C,gap,20263001,pooled,3,0.3132337927514038,0.31836371720764783
0,1,C,gap,20263001,pooled,4,0.31417782572824776,0.3183098591549296
0,1,C,gap,20263001,0,0,0.3104568241191838,0.3183727349093964
0,1,C,gap,20263001,0,1,0.3129886595759668,0.3167854509707545
0,1,C,gap,20263001,0,2,0.3101617354245991,0.32733585858585856
0,1,C,gap,20263001,0,3,0.3123306948109059,0.3203931815353988
0,1,C,gap,20263001,0,4,0.31486420099656115,0.31981416373681565
0,1,C,gap,20263001,1,0,0.30737564322469985,0.32676348547717843
0,1,C,gap,20263001,1,1,0.2966818477553676,0.3019271948608137
0,1,C,gap,20263001,1,2,0.31898238747553814,0.2987588652482269
0,1,C,gap,20263001,1,3,0.3202592087312415,0.3013555787278415
0,1,C,gap,20263001,1,4,0.30789648307896483,0.305159165751921
0,1,C,gap,20263002,pooled,0,0.310053451973242,0.31914445263934255
0,1,C,gap,20263002,pooled,1,0.3114509155645982,0.3199914383561644
0,1,C,gap,20263002,pooled,2,0.3109352336507536,0.32242319839219064
0,1,C,gap,20263002,pooled,3,0.3132337927514038,0.3320050096777866
0,1,C,gap,20263002,pooled,4,0.31417782572824776,0.3225440090857467
0,1,C,gap,20263002,0,0,0.3104568241191838,0.3151429246397354
0,1,C,gap,20263002,0,1,0.3129886595759668,0.3225149700598802
0,1,C,gap,20263002,0,2,0.3101617354245991,0.323457054230399
0,1,C,gap,20263002,0,3,0.3123306948109059,0.3315589353612167
0,1,C,gap,20263002,0,4,0.31486420099656115,0.32167655599040523
0,1,C,gap,20263002,1,0,0.30737564322469985,0.3521951219512195
0,1,C,gap,20263002,1,1,0.2966818477553676,0.2987927565392354
0,1,C,gap,20263002,1,2,0.31898238747553814,0.31363636363636366
0,1,C,gap,20263002,1,3,0.3202592087312415,0.335946248600224
0,1,C,gap,20263002,1,4,0.30789648307896483,0.33031674208144796
0,1,C,gap,20263003,pooled,0,0.310053451973242,0.31655757055478057
0,1,C,gap,20263003,pooled,1,0.3114509155645982,0.31993119759191574
0,1,C,gap,20263003,pooled,2,0.3109352336507536,0.3283511938334273
0,1,C,gap,20263003,pooled,3,0.3132337927514038,0.32359174567763527
0,1,C,gap,20263003,pooled,4,0.31417782572824776,0.3233117483811286
0,1,C,gap,20263003,0,0,0.3104568241191838,0.3165605860453945
0,1,C,gap,20263003,0,1,0.3129886595759668,0.32072980434521664
0,1,C,gap,20263003,0,2,0.3101617354245991,0.329032934759807
0,1,C,gap,20263003,0,3,0.3123306948109059,0.3224601593625498
0,1,C,gap,20263003,0,4,0.31486420099656115,0.3206914344685243
0,1,C,gap,20263003,1,0,0.30737564322469985,0.3165322580645161
0,1,C,gap,20263003,1,1,0.2966818477553676,0.31307929969104015
0,1,C,gap,20263003,1,2,0.31898238747553814,0.322463768115942
0,1,C,gap,20263003,1,3,0.3202592087312415,0.3333333333333333
0,1,C,gap,20263003,1,4,0.30789648307896483,0.34598214285714285
0,1,C,direct,20263001,pooled,0,0.310053451973242,0.3191008819100882
0,1,C,direct,20263001,pooled,1,0.3114509155645982,0.3166868331316687
0,1,C,direct,20263001,pooled,2,0.3109352336507536,0.3219300725662049
0,1,C,direct,20263001,pooled,3,0.3132337927514038,0.31254845497840295
0,1,C,direct,20263001,pooled,4,0.31417782572824776,0.3188963021599005
0,1,C,direct,20263001,0,0,0.3104568241191838,0.31699110790675317
0,1,C,direct,20263001,0,1,0.3129886595759668,0.31806491120636865
0,1,C,direct,20263001,0,2,0.3101617354245991,0.32281886274923516
0,1,C,direct,20263001,0,3,0.3123306948109059,0.31260066906207407
0,1,C,direct,20263001,0,4,0.31486420099656115,0.3191837762942436
0,1,C,direct,20263001,1,0,0.30737564322469985,0.33709016393442626
0,1,C,direct,20263001,1,1,0.2966818477553676,0.3045356371490281
0,1,C,direct,20263001,1,2,0.31898238747553814,0.31448763250883394
0,1,C,direct,20263001,1,3,0.3202592087312415,0.31210855949895616
0,1,C,direct,20263001,1,4,0.30789648307896483,0.3163716814159292
0,1,C,direct,20263002,pooled,0,0.310053451973242,0.32309972475121745
0,1,C,direct,20263002,pooled,1,0.3114509155645982,0.3174331550802139
0,1,C,direct,20263002,pooled,2,0.3109352336507536,0.3205842783009802
0,1,C,direct,20263002,pooled,3,0.3132337927514038,0.32302989130434784
0,1,C,direct,20263002,pooled,4,0.31417782572824776,0.3191898619597194
0,1,C,direct,20263002,0,0,0.3104568241191838,0.32273374466065496
0,1,C,direct,20263002,0,1,0.3129886595759668,0.32010518766435575
0,1,C,direct,20263002,0,2,0.3101617354245991,0.3225875779067268
0,1,C,direct,20263002,0,3,0.3123306948109059,0.324801412180053
0,1,C,direct,20263002,0,4,0.31486420099656115,0.3179358086847074
0,1,C,direct,20263002,1,0,0.30737564322469985,0.32612966601178783
0,1,C,direct,20263002,1,1,0.2966818477553676,0.29471544715447157
0,1,C,direct,20263002,1,2,0.31898238747553814,0.30363636363636365
0,1,C,direct,20263002,1,3,0.3202592087312415,0.3074361820199778
0,1,C,direct,20263002,1,4,0.30789648307896483,0.3303471444568869
0,1,C,direct,20263003,pooled,0,0.310053451973242,0.32173074863446505
0,1,C,direct,20263003,pooled,1,0.3114509155645982,0.3194757761306263
0,1,C,direct,20263003,pooled,2,0.3109352336507536,0.3239343643907959
0,1,C,direct,20263003,pooled,3,0.3132337927514038,0.31877729257641924
0,1,C,direct,20263003,pooled,4,0.31417782572824776,0.3178000230123116
0,1,C,direct,20263003,0,0,0.3104568241191838,0.32261547690461906
0,1,C,direct,20263003,0,1,0.3129886595759668,0.3209062574922081
0,1,C,direct,20263003,0,2,0.3101617354245991,0.32508685124749975
0,1,C,direct,20263003,0,3,0.3123306948109059,0.31735330836454434
0,1,C,direct,20263003,0,4,0.31486420099656115,0.31976893453145055
0,1,C,direct,20263003,1,0,0.30737564322469985,0.3143712574850299
0,1,C,direct,20263003,1,1,0.2966818477553676,0.30713547052740436
0,1,C,direct,20263003,1,2,0.31898238747553814,0.31402714932126696
0,1,C,direct,20263003,1,3,0.3202592087312415,0.3311617806731813
0,1,C,direct,20263003,1,4,0.30789648307896483,0.30077691453940064
0,2,U,raw,20263001,pooled,0,0.310053451973242,0.3157665978485277
0,2,U,raw,20263001,pooled,1,0.3114509155645982,0.311969111969112
0,2,U,raw,20263001,pooled,2,0.3109352336507536,0.3239099185433637
0,2,U,raw,20263001,pooled,3,0.3132337927514038,0.3189759367102516
0,2,U,raw,20263001,pooled,4,0.31417782572824776,0.3104322893692104
0,2,U,raw,20263001,0,0,0.3104568241191838,0.31303925142787703
0,2,U,raw,20263001,0,1,0.3129886595759668,0.31259222823413674
0,2,U,raw,20263001,0,2,0.3101617354245991,0.3237471831741603
0,2,U,raw,20263001,0,3,0.3123306948109059,0.31817623202654544
0,2,U,raw,20263001,0,4,0.31486420099656115,0.3109449687461699
0,2,U,raw,20263001,1,0,0.30737564322469985,0.33880903490759756
0,2,U,raw,20263001,1,1,0.2966818477553676,0.3065380493033226
0,2,U,raw,20263001,1,2,0.31898238747553814,0.32526881720430106
0,2,U,raw,20263001,1,3,0.3202592087312415,0.3257261410788382
0,2,U,raw,20263001,1,4,0.30789648307896483,0.30583058305830585
0,2,U,raw,20263002,pooled,0,0.310053451973242,0.3157220621197566
0,2,U,raw,20263002,pooled,1,0.3114509155645982,0.32226625254364355
0,2,U,raw,20263002,pooled,2,0.3109352336507536,0.32959313103717436
0,2,U,raw,20263002,pooled,3,0.3132337927514038,0.32689500280741157
0,2,U,raw,20263002,pooled,4,0.31417782572824776,0.31435863293386596
0,2,U,raw,20263002,0,0,0.3104568241191838,0.3138355019696789
0,2,U,raw,20263002,0,1,0.3129886595759668,0.3245445829338447
0,2,U,raw,20263002,0,2,0.3101617354245991,0.3294810292193633
0,2,U,raw,20263002,0,3,0.3123306948109059,0.32544749029916137
0,2,U,raw,20263002,0,4,0.31486420099656115,0.3129478626142822
0,2,U,raw,20263002,1,0,0.30737564322469985,0.3316532258064516
0,2,U,raw,20263002,1,1,0.2966818477553676,0.3031218529707956
0,2,U,raw,20263002,1,2,0.31898238747553814,0.3305478180129991
0,2,U,raw,20263002,1,3,0.3202592087312415,0.3395196506550218
0,2,U,raw,20263002,1,4,0.30789648307896483,0.32679738562091504
0,2,U,raw,20263003,pooled,0,0.310053451973242,0.3150892374256355
0,2,U,raw,20263003,pooled,1,0.3114509155645982,0.32485449450312565
0,2,U,raw,20263003,pooled,2,0.3109352336507536,0.3254104620084001
0,2,U,raw,20263003,pooled,3,0.3132337927514038,0.31785357182535273
0,2,U,raw,20263003,pooled,4,0.31417782572824776,0.32709648331830476
0,2,U,raw,20263003,0,0,0.3104568241191838,0.31402956142476374
0,2,U,raw,20263003,0,1,0.3129886595759668,0.32497589199614274
0,2,U,raw,20263003,0,2,0.3101617354245991,0.3256680506760353
0,2,U,raw,20263003,0,3,0.3123306948109059,0.3162255750680188
0,2,U,raw,20263003,0,4,0.31486420099656115,0.3246508116270291
0,2,U,raw,20263003,1,0,0.30737564322469985,0.3239152371342079
0,2,U,raw,20263003,1,1,0.2966818477553676,0.32382892057026474
0,2,U,raw,20263003,1,2,0.31898238747553814,0.3231763619575254
0,2,U,raw,20263003,1,3,0.3202592087312415,0.33224043715846996
0,2,U,raw,20263003,1,4,0.30789648307896483,0.3481081081081081
0,2,U,gap,20263001,pooled,0,0.310053451973242,0.31475445458496304
0,2,U,gap,20263001,pooled,1,0.3114509155645982,0.3117484831770546
0,2,U,gap,20263001,pooled,2,0.3109352336507536,0.3235265931959751
0,2,U,gap,20263001,pooled,3,0.3132337927514038,0.3181718303669523
0,2,U,gap,20263001,pooled,4,0.31417782572824776,0.30906684315023164
0,2,U,gap,20263001,0,0,0.3104568241191838,0.31215066828675575
0,2,U,gap,20263001,0,1,0.3129886595759668,0.31283817019183474
0,2,U,gap,20263001,0,2,0.3101617354245991,0.32339055793991417
0,2,U,gap,20263001,0,3,0.3123306948109059,0.3182991274425464
0,2,U,gap,20263001,0,4,0.31486420099656115,0.3099178619590536
0,2,U,gap,20263001,1,0,0.30737564322469985,0.33675564681724846
0,2,U,gap,20263001,1,1,0.2966818477553676,0.3022508038585209
0,2,U,gap,20263001,1,2,0.31898238747553814,0.32466367713004485
0,2,U,gap,20263001,1,3,0.3202592087312415,0.3170984455958549
0,2,U,gap,20263001,1,4,0.30789648307896483,0.30143014301430143
0,2,U,gap,20263002,pooled,0,0.310053451973242,0.31533454273823497
0,2,U,gap,20263002,pooled,1,0.3114509155645982,0.3217652099400171
0,2,U,gap,20263002,pooled,2,0.3109352336507536,0.32881124341206325
0,2,U,gap,20263002,pooled,3,0.3132337927514038,0.32693387223532056
0,2,U,gap,20263002,pooled,4,0.31417782572824776,0.3125832223701731
0,2,U,gap,20263002,0,0,0.3104568241191838,0.3134773785364689
0,2,U,gap,20263002,0,1,0.3129886595759668,0.32406519654841803
0,2,U,gap,20263002,0,2,0.3101617354245991,0.32908218879441903
0,2,U,gap,20263002,0,3,0.3123306948109059,0.32590738423028787
0,2,U,gap,20263002,0,4,0.31486420099656115,0.3113335805215672
0,2,U,gap,20263002,1,0,0.30737564322469985,0.33098591549295775
0,2,U,gap,20263002,1,1,0.2966818477553676,0.3024193548387097
0,2,U,gap,20263002,1,2,0.31898238747553814,0.32649253731343286
0,2,U,gap,20263002,1,3,0.3202592087312415,0.33587786259541985
0,2,U,gap,20263002,1,4,0.30789648307896483,0.32356134636264927
0,2,U,gap,20263003,pooled,0,0.310053451973242,0.31444023796646836
0,2,U,gap,20263003,pooled,1,0.3114509155645982,0.32481397605952766
0,2,U,gap,20263003,pooled,2,0.3109352336507536,0.3252482811306341
0,2,U,gap,20263003,pooled,3,0.3132337927514038,0.31682948490230906
0,2,U,gap,20263003,pooled,4,0.31417782572824776,0.3247689880549921
0,2,U,gap,20263003,0,0,0.3104568241191838,0.31338582677165355
0,2,U,gap,20263003,0,1,0.3129886595759668,0.3253738543174144
0,2,U,gap,20263003,0,2,0.3101617354245991,0.32527683134582625
0,2,U,gap,20263003,0,3,0.3123306948109059,0.31545117428924596
0,2,U,gap,20263003,0,4,0.31486420099656115,0.3222599723165975
0,2,U,gap,20263003,1,0,0.30737564322469985,0.32323232323232326
0,2,U,gap,20263003,1,1,0.2966818477553676,0.3200815494393476
0,2,U,gap,20263003,1,2,0.31898238747553814,0.325
0,2,U,gap,20263003,1,3,0.3202592087312415,0.3289760348583878
0,2,U,gap,20263003,1,4,0.30789648307896483,0.34627831715210355
0,2,U,direct,20263001,pooled,0,0.310053451973242,0.31803420653821174
0,2,U,direct,20263001,pooled,1,0.3114509155645982,0.31064438091049046
0,2,U,direct,20263001,pooled,2,0.3109352336507536,0.32627646326276466
0,2,U,direct,20263001,pooled,3,0.3132337927514038,0.30962897526501765
0,2,U,direct,20263001,pooled,4,0.31417782572824776,0.3187396351575456
0,2,U,direct,20263001,0,0,0.3104568241191838,0.3162351802564723
0,2,U,direct,20263001,0,1,0.3129886595759668,0.31232372777437156
0,2,U,direct,20263001,0,2,0.3101617354245991,0.3266816865143225
0,2,U,direct,20263001,0,3,0.3123306948109059,0.3099148042968268
0,2,U,direct,20263001,0,4,0.31486420099656115,0.31948371235402584
0,2,U,direct,20263001,1,0,0.30737564322469985,0.3333333333333333
0,2,U,direct,20263001,1,1,0.2966818477553676,0.29605963791267303
0,2,U,direct,20263001,1,2,0.31898238747553814,0.3228980322003578
0,2,U,direct,20263001,1,3,0.3202592087312415,0.3072100313479624
0,2,U,direct,20263001,1,4,0.30789648307896483,0.3120879120879121
0,2,U,direct,20263002,pooled,0,0.310053451973242,0.3140055425282456
0,2,U,direct,20263002,pooled,1,0.3114509155645982,0.31828877005347594
0,2,U,direct,20263002,pooled,2,0.3109352336507536,0.3229928787435372
0,2,U,direct,20263002,pooled,3,0.3132337927514038,0.32286036036036037
0,2,U,direct,20263002,pooled,4,0.31417782572824776,0.31923631923631923
0,2,U,direct,20263002,0,0,0.3104568241191838,0.3125
0,2,U,direct,20263002,0,1,0.3129886595759668,0.32058788385709164
0,2,U,direct,20263002,0,2,0.3101617354245991,0.32425661692626073
0,2,U,direct,20263002,0,3,0.3123306948109059,0.3237509415013809
0,2,U,direct,20263002,0,4,0.31486420099656115,0.31870983687592686
0,2,U,direct,20263002,1,0,0.30737564322469985,0.3264299802761341
0,2,U,direct,20263002,1,1,0.2966818477553676,0.29867482161060144
0,2,U,direct,20263002,1,2,0.31898238747553814,0.3121495327102804
0,2,U,direct,20263002,1,3,0.3202592087312415,0.3150984682713348
0,2,U,direct,20263002,1,4,0.30789648307896483,0.3238822246455834
0,2,U,direct,20263003,pooled,0,0.310053451973242,0.321397756686799
0,2,U,direct,20263003,pooled,1,0.3114509155645982,0.31632213608957793
0,2,U,direct,20263003,pooled,2,0.3109352336507536,0.3199885343015479
0,2,U,direct,20263003,pooled,3,0.3132337927514038,0.3193781232648529
0,2,U,direct,20263003,pooled,4,0.31417782572824776,0.3213437393959959
0,2,U,direct,20263003,0,0,0.3104568241191838,0.3218432510885341
0,2,U,direct,20263003,0,1,0.3129886595759668,0.3181380803464037
0,2,U,direct,20263003,0,2,0.3101617354245991,0.3212269677281926
0,2,U,direct,20263003,0,3,0.3123306948109059,0.31649956677806657
0,2,U,direct,20263003,0,4,0.31486420099656115,0.32298763562957356
0,2,U,direct,20263003,1,0,0.30737564322469985,0.31772908366533864
0,2,U,direct,20263003,1,1,0.2966818477553676,0.3008213552361396
0,2,U,direct,20263003,1,2,0.31898238747553814,0.30919220055710306
0,2,U,direct,20263003,1,3,0.3202592087312415,0.3444924406047516
0,2,U,direct,20263003,1,4,0.30789648307896483,0.307103825136612
0,2,G,raw,20263001,pooled,0,0.310053451973242,0.31721659588369816
0,2,G,raw,20263001,pooled,1,0.3114509155645982,0.3135546487261498
0,2,G,raw,20263001,pooled,2,0.3109352336507536,0.32413528791798407
0,2,G,raw,20263001,pooled,3,0.3132337927514038,0.31825685044569163
0,2,G,raw,20263001,pooled,4,0.31417782572824776,0.3099582325785887
0,2,G,raw,20263001,0,0,0.3104568241191838,0.31450140021916473
0,2,G,raw,20263001,0,1,0.3129886595759668,0.3139906565035653
0,2,G,raw,20263001,0,2,0.3101617354245991,0.3237186360711988
0,2,G,raw,20263001,0,3,0.3123306948109059,0.31790199458261514
0,2,G,raw,20263001,0,4,0.31486420099656115,0.31084219533064417
0,2,G,raw,20263001,1,0,0.30737564322469985,0.3402061855670103
0,2,G,raw,20263001,1,1,0.2966818477553676,0.3097534833869239
0,2,G,raw,20263001,1,2,0.31898238747553814,0.3276327632763276
0,2,G,raw,20263001,1,3,0.3202592087312415,0.32124352331606215
0,2,G,raw,20263001,1,4,0.30789648307896483,0.302071973827699
0,2,G,raw,20263002,pooled,0,0.310053451973242,0.3153297113028657
0,2,G,raw,20263002,pooled,1,0.3114509155645982,0.3224043715846995
0,2,G,raw,20263002,pooled,2,0.3109352336507536,0.32988785958069233
0,2,G,raw,20263002,pooled,3,0.3132337927514038,0.325238898257448
0,2,G,raw,20263002,pooled,4,0.31417782572824776,0.31715174405687624
0,2,G,raw,20263002,0,0,0.3104568241191838,0.31397567374195084
0,2,G,raw,20263002,0,1,0.3129886595759668,0.32498201870055143
0,2,G,raw,20263002,0,2,0.3101617354245991,0.32934131736526945
0,2,G,raw,20263002,0,3,0.3123306948109059,0.3254385964912281
0,2,G,raw,20263002,0,4,0.31486420099656115,0.31671409130273415
0,2,G,raw,20263002,1,0,0.30737564322469985,0.32667332667332666
0,2,G,raw,20263002,1,1,0.2966818477553676,0.3007063572149344
0,2,G,raw,20263002,1,2,0.31898238747553814,0.33457943925233646
0,2,G,raw,20263002,1,3,0.3202592087312415,0.32349726775956283
0,2,G,raw,20263002,1,4,0.30789648307896483,0.32100108813928185
0,2,G,raw,20263003,pooled,0,0.310053451973242,0.3174964746718733
0,2,G,raw,20263003,pooled,1,0.3114509155645982,0.3270765911542611
0,2,G,raw,20263003,pooled,2,0.3109352336507536,0.3277719515683097
0,2,G,raw,20263003,pooled,3,0.3132337927514038,0.32035496394897395
0,2,G,raw,20263003,pooled,4,0.31417782572824776,0.3284153620903255
0,2,G,raw,20263003,0,0,0.3104568241191838,0.31652490886998785
0,2,G,raw,20263003,0,1,0.3129886595759668,0.32725736359246743
0,2,G,raw,20263003,0,2,0.3101617354245991,0.3283709059974479
0,2,G,raw,20263003,0,3,0.3123306948109059,0.3190911336132378
0,2,G,raw,20263003,0,4,0.31486420099656115,0.3265075376884422
0,2,G,raw,20263003,1,0,0.30737564322469985,0.32558139534883723
0,2,G,raw,20263003,1,1,0.2966818477553676,0.3255578093306288
0,2,G,raw,20263003,1,2,0.31898238747553814,0.3225806451612903
0,2,G,raw,20263003,1,3,0.3202592087312415,0.33151581243184297
0,2,G,raw,20263003,1,4,0.30789648307896483,0.34494015233949943
0,2,G,gap,20263001,pooled,0,0.310053451973242,0.31536534901448326
0,2,G,gap,20263001,pooled,1,0.3114509155645982,0.31207942636514063
0,2,G,gap,20263001,pooled,2,0.3109352336507536,0.322729014948256
0,2,G,gap,20263001,pooled,3,0.3132337927514038,0.3173066343932226
0,2,G,gap,20263001,pooled,4,0.31417782572824776,0.30849543905923726
0,2,G,gap,20263001,0,0,0.3104568241191838,0.31304030196030685
0,2,G,gap,20263001,0,1,0.3129886595759668,0.31296114117068374
0,2,G,gap,20263001,0,2,0.3101617354245991,0.32264636500107224
0,2,G,gap,20263001,0,3,0.3123306948109059,0.31737042964422013
0,2,G,gap,20263001,0,4,0.31486420099656115,0.30970422879491566
0,2,G,gap,20263001,1,0,0.30737564322469985,0.33505154639175255
0,2,G,gap,20263001,1,1,0.2966818477553676,0.30439442658092175
0,2,G,gap,20263001,1,2,0.31898238747553814,0.32342342342342345
0,2,G,gap,20263001,1,3,0.3202592087312415,0.3167701863354037
0,2,G,gap,20263001,1,4,0.30789648307896483,0.29770992366412213
0,2,G,gap,20263002,pooled,0,0.310053451973242,0.3123267221155897
0,2,G,gap,20263002,pooled,1,0.3114509155645982,0.3208355650776647
0,2,G,gap,20263002,pooled,2,0.3109352336507536,0.32842515845928816
0,2,G,gap,20263002,pooled,3,0.3132337927514038,0.3240449438202247
0,2,G,gap,20263002,pooled,4,0.31417782572824776,0.31386050644158153
0,2,G,gap,20263002,0,0,0.3104568241191838,0.311015634323905
0,2,G,gap,20263002,0,1,0.3129886595759668,0.32350473450797074
0,2,G,gap,20263002,0,2,0.3101617354245991,0.3285060975609756
0,2,G,gap,20263002,0,3,0.3123306948109059,0.32418890141550794
0,2,G,gap,20263002,0,4,0.31486420099656115,0.31420798812909606
0,2,G,gap,20263002,1,0,0.30737564322469985,0.3233233233233233
0,2,G,gap,20263002,1,1,0.2966818477553676,0.29838709677419356
0,2,G,gap,20263002,1,2,0.31898238747553814,0.3277310924369748
0,2,G,gap,20263002,1,3,0.3202592087312415,0.3227917121046892
0,2,G,gap,20263002,1,4,0.30789648307896483,0.3107960741548528
0,2,G,gap,20263003,pooled,0,0.310053451973242,0.31590933738206267
0,2,G,gap,20263003,pooled,1,0.3114509155645982,0.3250971083297367
0,2,G,gap,20263003,pooled,2,0.3109352336507536,0.32732646834477497
0,2,G,gap,20263003,pooled,3,0.3132337927514038,0.31913949878021736
0,2,G,gap,20263003,pooled,4,0.31417782572824776,0.32544778641432914
0,2,G,gap,20263003,0,0,0.3104568241191838,0.3152715344429595
0,2,G,gap,20263003,0,1,0.3129886595759668,0.32580878802510865
0,2,G,gap,20263003,0,2,0.3101617354245991,0.32840582792725725
0,2,G,gap,20263003,0,3,0.3123306948109059,0.3180246913580247
0,2,G,gap,20263003,0,4,0.31486420099656115,0.3238250816788138
0,2,G,gap,20263003,1,0,0.30737564322469985,0.3212121212121212
0,2,G,gap,20263003,1,1,0.2966818477553676,0.31910569105691056
0,2,G,gap,20263003,1,2,0.31898238747553814,0.31797235023041476
0,2,G,gap,20263003,1,3,0.3202592087312415,0.3289760348583878
0,2,G,gap,20263003,1,4,0.30789648307896483,0.3394994559303591
0,2,G,direct,20263001,pooled,0,0.310053451973242,0.3191142950179095
0,2,G,direct,20263001,pooled,1,0.3114509155645982,0.31141944719744524
0,2,G,direct,20263001,pooled,2,0.3109352336507536,0.3267923805877285
0,2,G,direct,20263001,pooled,3,0.3132337927514038,0.3099679876366045
0,2,G,direct,20263001,pooled,4,0.31417782572824776,0.3191137566137566
0,2,G,direct,20263001,0,0,0.3104568241191838,0.31753152279340446
0,2,G,direct,20263001,0,1,0.3129886595759668,0.31315983304689415
0,2,G,direct,20263001,0,2,0.3101617354245991,0.3278301886792453
0,2,G,direct,20263001,0,3,0.3123306948109059,0.309961733119368
0,2,G,direct,20263001,0,4,0.31486420099656115,0.32000490616950816
0,2,G,direct,20263001,1,0,0.30737564322469985,0.33264248704663213
0,2,G,direct,20263001,1,1,0.2966818477553676,0.2962566844919786
0,2,G,direct,20263001,1,2,0.31898238747553814,0.31814119749776587
0,2,G,direct,20263001,1,3,0.3202592087312415,0.31002087682672236
0,2,G,direct,20263001,1,4,0.30789648307896483,0.31120783460282914
0,2,G,direct,20263002,pooled,0,0.310053451973242,0.3130592245419685
0,2,G,direct,20263002,pooled,1,0.3114509155645982,0.3188374826370339
0,2,G,direct,20263002,pooled,2,0.3109352336507536,0.323055907893453
0,2,G,direct,20263002,pooled,3,0.3132337927514038,0.32346651660101294
0,2,G,direct,20263002,pooled,4,0.31417782572824776,0.3190968746524302
0,2,G,direct,20263002,0,0,0.3104568241191838,0.31150675110526943
0,2,G,direct,20263002,0,1,0.3129886595759668,0.3212707512241729
0,2,G,direct,20263002,0,2,0.3101617354245991,0.3241830065359477
0,2,G,direct,20263002,0,3,0.3123306948109059,0.3243480441323972
0,2,G,direct,20263002,0,4,0.31486420099656115,0.3183956424857638
0,2,G,direct,20263002,1,0,0.30737564322469985,0.3258096172718351
0,2,G,direct,20263002,1,1,0.2966818477553676,0.29817444219066935
0,2,G,direct,20263002,1,2,0.31898238747553814,0.31337698783910195
0,2,G,direct,20263002,1,3,0.3202592087312415,0.31573157315731576
0,2,G,direct,20263002,1,4,0.30789648307896483,0.3253012048192771
0,2,G,direct,20263003,pooled,0,0.310053451973242,0.3214902807775378
0,2,G,direct,20263003,pooled,1,0.3114509155645982,0.31620340443869854
0,2,G,direct,20263003,pooled,2,0.3109352336507536,0.32056913674560733
0,2,G,direct,20263003,pooled,3,0.3132337927514038,0.3194675540765391
0,2,G,direct,20263003,pooled,4,0.31417782572824776,0.32025330770100646
0,2,G,direct,20263003,0,0,0.3104568241191838,0.3224400871459695
0,2,G,direct,20263003,0,1,0.3129886595759668,0.31815992292870904
0,2,G,direct,20263003,0,2,0.3101617354245991,0.32169469874387907
0,2,G,direct,20263003,0,3,0.3123306948109059,0.3166419386745796
0,2,G,direct,20263003,0,4,0.31486420099656115,0.322401614530777
0,2,G,direct,20263003,1,0,0.30737564322469985,0.313627254509018
0,2,G,direct,20263003,1,1,0.2966818477553676,0.2995910020449898
0,2,G,direct,20263003,1,2,0.31898238747553814,0.310760667903525
0,2,G,direct,20263003,1,3,0.3202592087312415,0.3441208198489752
0,2,G,direct,20263003,1,4,0.30789648307896483,0.3016393442622951
0,2,C,raw,20263001,pooled,0,0.310053451973242,0.3149400218102508
0,2,C,raw,20263001,pooled,1,0.3114509155645982,0.310641110376735
0,2,C,raw,20263001,pooled,2,0.3109352336507536,0.32008047518681737
0,2,C,raw,20263001,pooled,3,0.3132337927514038,0.3146783947223749
0,2,C,raw,20263001,pooled,4,0.31417782572824776,0.3074469255307447
0,2,C,raw,20263001,0,0,0.3104568241191838,0.3120653897767476
0,2,C,raw,20263001,0,1,0.3129886595759668,0.3102812922245424
0,2,C,raw,20263001,0,2,0.3101617354245991,0.3201199914291836
0,2,C,raw,20263001,0,3,0.3123306948109059,0.3145984503751076
0,2,C,raw,20263001,0,4,0.31486420099656115,0.308699375994127
0,2,C,raw,20263001,1,0,0.30737564322469985,0.3391572456320658
0,2,C,raw,20263001,1,1,0.2966818477553676,0.3137673425827108
0,2,C,raw,20263001,1,2,0.31898238747553814,0.3197463768115942
0,2,C,raw,20263001,1,3,0.3202592087312415,0.3153526970954357
0,2,C,raw,20263001,1,4,0.30789648307896483,0.2962962962962963
0,2,C,raw,20263002,pooled,0,0.310053451973242,0.3145333904109589
0,2,C,raw,20263002,pooled,1,0.3114509155645982,0.32445442875481384
0,2,C,raw,20263002,pooled,2,0.3109352336507536,0.33164507645855656
0,2,C,raw,20263002,pooled,3,0.3132337927514038,0.32082678049876434
0,2,C,raw,20263002,pooled,4,0.31417782572824776,0.3152813228276551
0,2,C,raw,20263002,0,0,0.3104568241191838,0.31385462818824095
0,2,C,raw,20263002,0,1,0.3129886595759668,0.32747489239598276
0,2,C,raw,20263002,0,2,0.3101617354245991,0.33268016546919227
0,2,C,raw,20263002,0,3,0.3123306948109059,0.3200501253132832
0,2,C,raw,20263002,0,4,0.31486420099656115,0.3150092649783817
0,2,C,raw,20263002,1,0,0.30737564322469985,0.3202416918429003
0,2,C,raw,20263002,1,1,0.2966818477553676,0.29878048780487804
0,2,C,raw,20263002,1,2,0.31898238747553814,0.3228492136910268
0,2,C,raw,20263002,1,3,0.3202592087312415,0.3275488069414317
0,2,C,raw,20263002,1,4,0.30789648307896483,0.31768558951965065
0,2,C,raw,20263003,pooled,0,0.310053451973242,0.3118233001299264
0,2,C,raw,20263003,pooled,1,0.3114509155645982,0.3231713885597328
0,2,C,raw,20263003,pooled,2,0.3109352336507536,0.32356590627087906
0,2,C,raw,20263003,pooled,3,0.3132337927514038,0.32146829810901
0,2,C,raw,20263003,pooled,4,0.31417782572824776,0.3255683097006527
0,2,C,raw,20263003,0,0,0.3104568241191838,0.3120223219701565
0,2,C,raw,20263003,0,1,0.3129886595759668,0.3236499517839923
0,2,C,raw,20263003,0,2,0.3101617354245991,0.3235388054934526
0,2,C,raw,20263003,0,3,0.3123306948109059,0.3194255292806735
0,2,C,raw,20263003,0,4,0.31486420099656115,0.3233337517258692
0,2,C,raw,20263003,1,0,0.30737564322469985,0.31017119838872104
0,2,C,raw,20263003,1,1,0.2966818477553676,0.3191489361702128
0,2,C,raw,20263003,1,2,0.31898238747553814,0.3238007380073801
0,2,C,raw,20263003,1,3,0.3202592087312415,0.33953997809419495
0,2,C,raw,20263003,1,4,0.30789648307896483,0.34494015233949943
0,2,C,gap,20263001,pooled,0,0.310053451973242,0.31475624386519796
0,2,C,gap,20263001,pooled,1,0.3114509155645982,0.3107170393215112
0,2,C,gap,20263001,pooled,2,0.3109352336507536,0.31944045223723294
0,2,C,gap,20263001,pooled,3,0.3132337927514038,0.3147537379067722
0,2,C,gap,20263001,pooled,4,0.31417782572824776,0.3074469255307447
0,2,C,gap,20263001,0,0,0.3104568241191838,0.3122254758418741
0,2,C,gap,20263001,0,1,0.3129886595759668,0.3111029231147138
0,2,C,gap,20263001,0,2,0.3101617354245991,0.3192971177542055
0,2,C,gap,20263001,0,3,0.3123306948109059,0.3145597638957206
0,2,C,gap,20263001,0,4,0.31486420099656115,0.30845466780863817
0,2,C,gap,20263001,1,0,0.30737564322469985,0.33607399794450155
0,2,C,gap,20263001,1,1,0.2966818477553676,0.3073639274279616
0,2,C,gap,20263001,1,2,0.31898238747553814,0.32065217391304346
0,2,C,gap,20263001,1,3,0.3202592087312415,0.3163900414937759
0,2,C,gap,20263001,1,4,0.30789648307896483,0.2984749455337691
0,2,C,gap,20263002,pooled,0,0.310053451973242,0.31449973247726054
0,2,C,gap,20263002,pooled,1,0.3114509155645982,0.32424047924689775
0,2,C,gap,20263002,pooled,2,0.3109352336507536,0.330832927423283
0,2,C,gap,20263002,pooled,3,0.3132337927514038,0.3206021118849697
0,2,C,gap,20263002,pooled,4,0.31417782572824776,0.3153573013759432
0,2,C,gap,20263002,0,0,0.3104568241191838,0.313974374326428
0,2,C,gap,20263002,0,1,0.3129886595759668,0.3280726924916308
0,2,C,gap,20263002,0,2,0.3101617354245991,0.33170041367298064
0,2,C,gap,20263002,0,3,0.3123306948109059,0.31992481203007517
0,2,C,gap,20263002,0,4,0.31486420099656115,0.31513279802347127
0,2,C,gap,20263002,1,0,0.30737564322469985,0.31891348088531185
0,2,C,gap,20263002,1,1,0.2966818477553676,0.2916666666666667
0,2,C,gap,20263002,1,2,0.31898238747553814,0.32344763670064874
0,2,C,gap,20263002,1,3,0.3202592087312415,0.3264642082429501
0,2,C,gap,20263002,1,4,0.30789648307896483,0.3173391494002181
0,2,C,gap,20263003,pooled,0,0.310053451973242,0.3119653492149432
0,2,C,gap,20263003,pooled,1,0.3114509155645982,0.3228482171711731
0,2,C,gap,20263003,pooled,2,0.3109352336507536,0.32331042382588776
0,2,C,gap,20263003,pooled,3,0.3132337927514038,0.32113459399332595
0,2,C,gap,20263003,pooled,4,0.31417782572824776,0.32527002700270025
0,2,C,gap,20263003,0,0,0.3104568241191838,0.3120223219701565
0,2,C,gap,20263003,0,1,0.3129886595759668,0.3241321118611379
0,2,C,gap,20263003,0,2,0.3101617354245991,0.32321941871606513
0,2,C,gap,20263003,0,3,0.3123306948109059,0.3191779125913087
0,2,C,gap,20263003,0,4,0.31486420099656115,0.3230827162043429
0,2,C,gap,20263003,1,0,0.30737564322469985,0.31149193548387094
0,2,C,gap,20263003,1,1,0.2966818477553676,0.3120567375886525
0,2,C,gap,20263003,1,2,0.31898238747553814,0.32409972299168976
0,2,C,gap,20263003,1,3,0.3202592087312415,0.3384446878422782
0,2,C,gap,20263003,1,4,0.30789648307896483,0.34419109663409336
0,2,C,direct,20263001,pooled,0,0.310053451973242,0.3204683434518647
0,2,C,direct,20263001,pooled,1,0.3114509155645982,0.3112160826101285
0,2,C,direct,20263001,pooled,2,0.3109352336507536,0.32724490771731857
0,2,C,direct,20263001,pooled,3,0.3132337927514038,0.31022664455500276
0,2,C,direct,20263001,pooled,4,0.31417782572824776,0.3182572155258211
0,2,C,direct,20263001,0,0,0.3104568241191838,0.3184350775193798
0,2,C,direct,20263001,0,1,0.3129886595759668,0.3126301604802156
0,2,C,direct,20263001,0,2,0.3101617354245991,0.3277634961439589
0,2,C,direct,20263001,0,3,0.3123306948109059,0.310660400692555
0,2,C,direct,20263001,0,4,0.31486420099656115,0.31948371235402584
0,2,C,direct,20263001,1,0,0.30737564322469985,0.3378099173553719
0,2,C,direct,20263001,1,1,0.2966818477553676,0.298936170212766
0,2,C,direct,20263001,1,2,0.31898238747553814,0.32292595896520965
0,2,C,direct,20263001,1,3,0.3202592087312415,0.30656934306569344
0,2,C,direct,20263001,1,4,0.30789648307896483,0.30726872246696035
0,2,C,direct,20263002,pooled,0,0.310053451973242,0.3139957264957265
0,2,C,direct,20263002,pooled,1,0.3114509155645982,0.3192352878350956
0,2,C,direct,20263002,pooled,2,0.3109352336507536,0.3215261514441842
0,2,C,direct,20263002,pooled,3,0.3132337927514038,0.32431522227211496
0,2,C,direct,20263002,pooled,4,0.31417782572824776,0.31958189703102413
0,2,C,direct,20263002,0,0,0.3104568241191838,0.31272465851905107
0,2,C,direct,20263002,0,1,0.3129886595759668,0.3212923223652837
0,2,C,direct,20263002,0,2,0.3101617354245991,0.32233115468409584
0,2,C,direct,20263002,0,3,0.3123306948109059,0.3250250501002004
0,2,C,direct,20263002,0,4,0.31486420099656115,0.3195097796484278
0,2,C,direct,20263002,1,0,0.30737564322469985,0.3244575936883629
0,2,C,direct,20263002,1,1,0.2966818477553676,0.30153846153846153
0,2,C,direct,20263002,1,2,0.31898238747553814,0.3146067415730337
0,2,C,direct,20263002,1,3,0.3202592087312415,0.3181818181818182
0,2,C,direct,20263002,1,4,0.30789648307896483,0.32021857923497266
0,2,C,direct,20263003,pooled,0,0.310053451973242,0.32335394294392017
0,2,C,direct,20263003,pooled,1,0.3114509155645982,0.3169522577863994
0,2,C,direct,20263003,pooled,2,0.3109352336507536,0.31988555078683834
0,2,C,direct,20263003,pooled,3,0.3132337927514038,0.3203775680177679
0,2,C,direct,20263003,pooled,4,0.31417782572824776,0.31843764070238634
0,2,C,direct,20263003,0,0,0.3104568241191838,0.32412702275215965
0,2,C,direct,20263003,0,1,0.3129886595759668,0.3187673046827976
0,2,C,direct,20263003,0,2,0.3101617354245991,0.32096139529937256
0,2,C,direct,20263003,0,3,0.3123306948109059,0.3179848991211784
0,2,C,direct,20263003,0,4,0.31486420099656115,0.3205321285140562
0,2,C,direct,20263003,1,0,0.30737564322469985,0.317
0,2,C,direct,20263003,1,1,0.2966818477553676,0.301440329218107
0,2,C,direct,20263003,1,2,0.31898238747553814,0.31053604436229204
0,2,C,direct,20263003,1,3,0.3202592087312415,0.3412526997840173
0,2,C,direct,20263003,1,4,0.30789648307896483,0.3002183406113537
1,0,U,raw,20263001,pooled,0,0.34249687970045123,0.333889074135823
1,0,U,raw,20263001,pooled,1,0.3282259844257385,0.32224719101123595
1,0,U,raw,20263001,pooled,2,0.3236187583064363,0.313866566996823
1,0,U,raw,20263001,pooled,3,0.30169750629000924,0.29092302638782436
1,0,U,raw,20263001,pooled,4,0.2925504727830309,0.2801969365426696
1,0,U,raw,20263001,0,0,0.3198808426129513,0.31045629740146713
1,0,U,raw,20263001,0,1,0.3141893067102654,0.3111778695706597
1,0,U,raw,20263001,0,2,0.3211655796339154,0.3150785340314136
1,0,U,raw,20263001,0,3,0.31694623202166194,0.3055998039455949
1,0,U,raw,20263001,0,4,0.3152273528375044,0.2981902101299648
1,0,U,raw,20263001,1,0,0.5511140235910879,0.5314465408805031
1,0,U,raw,20263001,1,1,0.4623115577889447,0.41931942919868276
1,0,U,raw,20263001,1,2,0.3472312703583062,0.3038194444444444
1,0,U,raw,20263001,1,3,0.15579587698546807,0.16769547325102882
1,0,U,raw,20263001,1,4,0.07325383304940375,0.11686879823594266
1,0,U,raw,20263002,pooled,0,0.34249687970045123,0.332969313093808
1,0,U,raw,20263002,pooled,1,0.3282259844257385,0.3312348133421692
1,0,U,raw,20263002,pooled,2,0.3236187583064363,0.307824100513992
1,0,U,raw,20263002,pooled,3,0.30169750629000924,0.29577152977640025
1,0,U,raw,20263002,pooled,4,0.2925504727830309,0.2778204144282425
1,0,U,raw,20263002,0,0,0.3198808426129513,0.310171568627451
1,0,U,raw,20263002,0,1,0.3141893067102654,0.3191358024691358
1,0,U,raw,20263002,0,2,0.3211655796339154,0.3058061776881435
1,0,U,raw,20263002,0,3,0.31694623202166194,0.3090213501172405
1,0,U,raw,20263002,0,4,0.3152273528375044,0.2969970703125
1,0,U,raw,20263002,1,0,0.5511140235910879,0.5195586760280843
1,0,U,raw,20263002,1,1,0.4623115577889447,0.4339622641509434
1,0,U,raw,20263002,1,2,0.3472312703583062,0.32534562211981566
1,0,U,raw,20263002,1,3,0.15579587698546807,0.18045112781954886
1,0,U,raw,20263002,1,4,0.07325383304940375,0.10871905274488698
1,0,U,raw,20263003,pooled,0,0.34249687970045123,0.3354731599335916
1,0,U,raw,20263003,pooled,1,0.3282259844257385,0.3260008798944127
1,0,U,raw,20263003,pooled,2,0.3236187583064363,0.3128564749883123
1,0,U,raw,20263003,pooled,3,0.30169750629000924,0.29554745332007515
1,0,U,raw,20263003,pooled,4,0.2925504727830309,0.28792088009778866
1,0,U,raw,20263003,0,0,0.3198808426129513,0.31750557897346887
1,0,U,raw,20263003,0,1,0.3141893067102654,0.318756909470581
1,0,U,raw,20263003,0,2,0.3211655796339154,0.3102151660747859
1,0,U,raw,20263003,0,3,0.31694623202166194,0.30940655011081014
1,0,U,raw,20263003,0,4,0.3152273528375044,0.3063297411123498
1,0,U,raw,20263003,1,0,0.5511140235910879,0.4850361197110423
1,0,U,raw,20263003,1,1,0.4623115577889447,0.38801261829652994
1,0,U,raw,20263003,1,2,0.3472312703583062,0.33541480820695807
1,0,U,raw,20263003,1,3,0.15579587698546807,0.1743810548977395
1,0,U,raw,20263003,1,4,0.07325383304940375,0.12742980561555076
1,0,U,gap,20263001,pooled,0,0.34249687970045123,0.3436666666666667
1,0,U,gap,20263001,pooled,1,0.3282259844257385,0.33048561151079137
1,0,U,gap,20263001,pooled,2,0.3236187583064363,0.3220291479820628
1,0,U,gap,20263001,pooled,3,0.30169750629000924,0.29803063457330414
1,0,U,gap,20263001,pooled,4,0.2925504727830309,0.28756022777047746
1,0,U,gap,20263001,0,0,0.3198808426129513,0.3206163787746986
1,0,U,gap,20263001,0,1,0.3141893067102654,0.3208067142678191
1,0,U,gap,20263001,0,2,0.3211655796339154,0.3247827452622762
1,0,U,gap,20263001,0,3,0.31694623202166194,0.31362467866323906
1,0,U,gap,20263001,0,4,0.3152273528375044,0.3099927060539752
1,0,U,gap,20263001,1,0,0.5511140235910879,0.5383001049317944
1,0,U,gap,20263001,1,1,0.4623115577889447,0.41511500547645125
1,0,U,gap,20263001,1,2,0.3472312703583062,0.2992194275802255
1,0,U,gap,20263001,1,3,0.15579587698546807,0.16683831101956745
1,0,U,gap,20263001,1,4,0.07325383304940375,0.08388520971302428
1,0,U,gap,20263002,pooled,0,0.34249687970045123,0.34372955288985824
1,0,U,gap,20263002,pooled,1,0.3282259844257385,0.341094681085853
1,0,U,gap,20263002,pooled,2,0.3236187583064363,0.3195925361766946
1,0,U,gap,20263002,pooled,3,0.30169750629000924,0.30886917960088695
1,0,U,gap,20263002,pooled,4,0.2925504727830309,0.2891619131197894
1,0,U,gap,20263002,0,0,0.3198808426129513,0.3213367609254499
1,0,U,gap,20263002,0,1,0.3141893067102654,0.3298791018998273
1,0,U,gap,20263002,0,2,0.3211655796339154,0.31918055408130774
1,0,U,gap,20263002,0,3,0.31694623202166194,0.32307882382011366
1,0,U,gap,20263002,0,4,0.3152273528375044,0.3116296115318837
1,0,U,gap,20263002,1,0,0.5511140235910879,0.5264735264735265
1,0,U,gap,20263002,1,1,0.4623115577889447,0.4361924686192469
1,0,U,gap,20263002,1,2,0.3472312703583062,0.3231763619575254
1,0,U,gap,20263002,1,3,0.15579587698546807,0.18466522678185746
1,0,U,gap,20263002,1,4,0.07325383304940375,0.0913978494623656
1,0,U,gap,20263003,pooled,0,0.34249687970045123,0.34464088397790055
1,0,U,gap,20263003,pooled,1,0.3282259844257385,0.3337735226147243
1,0,U,gap,20263003,pooled,2,0.3236187583064363,0.32207986533246047
1,0,U,gap,20263003,pooled,3,0.30169750629000924,0.30192435301924353
1,0,U,gap,20263003,pooled,4,0.2925504727830309,0.29188888888888886
1,0,U,gap,20263003,0,0,0.3198808426129513,0.32623762376237625
1,0,U,gap,20263003,0,1,0.3141893067102654,0.32735315802408455
1,0,U,gap,20263003,0,2,0.3211655796339154,0.3205141603093322
1,0,U,gap,20263003,0,3,0.31694623202166194,0.3166913214990138
1,0,U,gap,20263003,0,4,0.3152273528375044,0.31373034542528166
1,0,U,gap,20263003,1,0,0.5511140235910879,0.4979381443298969
1,0,U,gap,20263003,1,1,0.4623115577889447,0.38883034773445735
1,0,U,gap,20263003,1,2,0.3472312703583062,0.33540925266903915
1,0,U,gap,20263003,1,3,0.15579587698546807,0.17311827956989248
1,0,U,gap,20263003,1,4,0.07325383304940375,0.10075839653304441
1,0,U,direct,20263001,pooled,0,0.34249687970045123,0.3476566848491595
1,0,U,direct,20263001,pooled,1,0.3282259844257385,0.33010583201981536
1,0,U,direct,20263001,pooled,2,0.3236187583064363,0.3210314864991124
1,0,U,direct,20263001,pooled,3,0.30169750629000924,0.2930751558910404
1,0,U,direct,20263001,pooled,4,0.2925504727830309,0.2949907235621521
1,0,U,direct,20263001,0,0,0.3198808426129513,0.3177511842433308
1,0,U,direct,20263001,0,1,0.3141893067102654,0.3138878434324426
1,0,U,direct,20263001,0,2,0.3211655796339154,0.3226515865535658
1,0,U,direct,20263001,0,3,0.31694623202166194,0.3084455324357405
1,0,U,direct,20263001,0,4,0.3152273528375044,0.3193368828654405
1,0,U,direct,20263001,1,0,0.5511140235910879,0.5972944849115505
1,0,U,direct,20263001,1,1,0.4623115577889447,0.47200878155872666
1,0,U,direct,20263001,1,2,0.3472312703583062,0.3076256499133449
1,0,U,direct,20263001,1,3,0.15579587698546807,0.16374871266735325
1,0,U,direct,20263001,1,4,0.07325383304940375,0.07119021134593993
1,0,U,direct,20263002,pooled,0,0.34249687970045123,0.354369462977141
1,0,U,direct,20263002,pooled,1,0.3282259844257385,0.33580274214949135
1,0,U,direct,20263002,pooled,2,0.3236187583064363,0.3226113437381043
1,0,U,direct,20263002,pooled,3,0.30169750629000924,0.30829733023152767
1,0,U,direct,20263002,pooled,4,0.2925504727830309,0.293224043715847
1,0,U,direct,20263002,0,0,0.3198808426129513,0.32448703771962156
1,0,U,direct,20263002,0,1,0.3141893067102654,0.31811432813659984
1,0,U,direct,20263002,0,2,0.3211655796339154,0.32250875517351163
1,0,U,direct,20263002,0,3,0.31694623202166194,0.323943661971831
1,0,U,direct,20263002,0,4,0.3152273528375044,0.3179169701383831
1,0,U,direct,20263002,1,0,0.5511140235910879,0.5966135458167331
1,0,U,direct,20263002,1,1,0.4623115577889447,0.48440748440748443
1,0,U,direct,20263002,1,2,0.3472312703583062,0.32350230414746545
1,0,U,direct,20263002,1,3,0.15579587698546807,0.17256162915326903
1,0,U,direct,20263002,1,4,0.07325383304940375,0.07017543859649122
1,0,U,direct,20263003,pooled,0,0.34249687970045123,0.3510484855209142
1,0,U,direct,20263003,pooled,1,0.3282259844257385,0.32735475352112675
1,0,U,direct,20263003,pooled,2,0.3236187583064363,0.3227978305591921
1,0,U,direct,20263003,pooled,3,0.30169750629000924,0.30676807760141095
1,0,U,direct,20263003,pooled,4,0.2925504727830309,0.29705719044975015
1,0,U,direct,20263003,0,0,0.3198808426129513,0.32429743844814723
1,0,U,direct,20263003,0,1,0.3141893067102654,0.31070945530554533
1,0,U,direct,20263003,0,2,0.3211655796339154,0.3213652019622169
1,0,U,direct,20263003,0,3,0.31694623202166194,0.3221006026319026
1,0,U,direct,20263003,0,4,0.3152273528375044,0.32154778093707503
1,0,U,direct,20263003,1,0,0.5511140235910879,0.572605561277034
1,0,U,direct,20263003,1,1,0.4623115577889447,0.46910994764397906
1,0,U,direct,20263003,1,2,0.3472312703583062,0.33513027852650495
1,0,U,direct,20263003,1,3,0.15579587698546807,0.1742826780021254
1,0,U,direct,20263003,1,4,0.07325383304940375,0.08078602620087336
1,0,G,raw,20263001,pooled,0,0.34249687970045123,0.33299955496217176
1,0,G,raw,20263001,pooled,1,0.3282259844257385,0.3220396217919856
1,0,G,raw,20263001,pooled,2,0.3236187583064363,0.31514414077124675
1,0,G,raw,20263001,pooled,3,0.30169750629000924,0.2909369527145359
1,0,G,raw,20263001,pooled,4,0.2925504727830309,0.281917211328976
1,0,G,raw,20263001,0,0,0.3198808426129513,0.3098083146626836
1,0,G,raw,20263001,0,1,0.3141893067102654,0.31084639498432604
1,0,G,raw,20263001,0,2,0.3211655796339154,0.3163029794376836
1,0,G,raw,20263001,0,3,0.31694623202166194,0.30579018239686623
1,0,G,raw,20263001,0,4,0.3152273528375044,0.3003871279941931
1,0,G,raw,20263001,1,0,0.5511140235910879,0.5283018867924528
1,0,G,raw,20263001,1,1,0.4623115577889447,0.42024202420242024
1,0,G,raw,20263001,1,2,0.3472312703583062,0.3055555555555556
1,0,G,raw,20263001,1,3,0.15579587698546807,0.1654601861427094
1,0,G,raw,20263001,1,4,0.07325383304940375,0.11487964989059081
1,0,G,raw,20263002,pooled,0,0.34249687970045123,0.33428165007112376
1,0,G,raw,20263002,pooled,1,0.3282259844257385,0.33012926748425586
1,0,G,raw,20263002,pooled,2,0.3236187583064363,0.30813898143741075
1,0,G,raw,20263002,pooled,3,0.30169750629000924,0.29642343040637803
1,0,G,raw,20263002,pooled,4,0.2925504727830309,0.2795757708287776
1,0,G,raw,20263002,0,0,0.3198808426129513,0.31022615535889875
1,0,G,raw,20263002,0,1,0.3141893067102654,0.3171425040168088
1,0,G,raw,20263002,0,2,0.3211655796339154,0.30610079575596816
1,0,G,raw,20263002,0,3,0.31694623202166194,0.3092770787071305
1,0,G,raw,20263002,0,4,0.3152273528375044,0.2988561693842784
1,0,G,raw,20263002,1,0,0.5511140235910879,0.5294117647058824
1,0,G,raw,20263002,1,1,0.4623115577889447,0.4395833333333333
1,0,G,raw,20263002,1,2,0.3472312703583062,0.32592592592592595
1,0,G,raw,20263002,1,3,0.15579587698546807,0.1837837837837838
1,0,G,raw,20263002,1,4,0.07325383304940375,0.10883620689655173
1,0,G,raw,20263003,pooled,0,0.34249687970045123,0.3339973439575033
1,0,G,raw,20263003,pooled,1,0.3282259844257385,0.324577861163227
1,0,G,raw,20263003,pooled,2,0.3236187583064363,0.3132890676143271
1,0,G,raw,20263003,pooled,3,0.30169750629000924,0.29538936686521067
1,0,G,raw,20263003,pooled,4,0.2925504727830309,0.2859361135758651
1,0,G,raw,20263003,0,0,0.3198808426129513,0.31577642830586194
1,0,G,raw,20263003,0,1,0.3141893067102654,0.31727451946771806
1,0,G,raw,20263003,0,2,0.3211655796339154,0.3108813700918964
1,0,G,raw,20263003,0,3,0.31694623202166194,0.3093861483577316
1,0,G,raw,20263003,0,4,0.3152273528375044,0.3050952263170913
1,0,G,raw,20263003,1,0,0.5511140235910879,0.4860392967942089
1,0,G,raw,20263003,1,1,0.4623115577889447,0.3873015873015873
1,0,G,raw,20263003,1,2,0.3472312703583062,0.3339301700984781
1,0,G,raw,20263003,1,3,0.15579587698546807,0.17395944503735325
1,0,G,raw,20263003,1,4,0.07325383304940375,0.11935483870967742
1,0,G,gap,20263001,pooled,0,0.34249687970045123,0.3443023902167871
1,0,G,gap,20263001,pooled,1,0.3282259844257385,0.32894440693225296
1,0,G,gap,20263001,pooled,2,0.3236187583064363,0.322758749766049
1,0,G,gap,20263001,pooled,3,0.30169750629000924,0.3010505581089954
1,0,G,gap,20263001,pooled,4,0.2925504727830309,0.2852623540962147
1,0,G,gap,20263001,0,0,0.3198808426129513,0.3210244933482531
1,0,G,gap,20263001,0,1,0.3141893067102654,0.31832998996990974
1,0,G,gap,20263001,0,2,0.3211655796339154,0.3248714990034617
1,0,G,gap,20263001,0,3,0.31694623202166194,0.31680744277145306
1,0,G,gap,20263001,0,4,0.3152273528375044,0.3072077528770442
1,0,G,gap,20263001,1,0,0.5511140235910879,0.5409663865546218
1,0,G,gap,20263001,1,1,0.4623115577889447,0.421978021978022
1,0,G,gap,20263001,1,2,0.3472312703583062,0.30529054640069386
1,0,G,gap,20263001,1,3,0.15579587698546807,0.16821465428276575
1,0,G,gap,20263001,1,4,0.07325383304940375,0.08662280701754387
1,0,G,gap,20263002,pooled,0,0.34249687970045123,0.3448803409463447
1,0,G,gap,20263002,pooled,1,0.3282259844257385,0.34051010268300763
1,0,G,gap,20263002,pooled,2,0.3236187583064363,0.31948546927108146
1,0,G,gap,20263002,pooled,3,0.30169750629000924,0.3072662826761187
1,0,G,gap,20263002,pooled,4,0.2925504727830309,0.289793239251723
1,0,G,gap,20263002,0,0,0.3198808426129513,0.32191948944526266
1,0,G,gap,20263002,0,1,0.3141893067102654,0.32884662879723386
1,0,G,gap,20263002,0,2,0.3211655796339154,0.3189252336448598
1,0,G,gap,20263002,0,3,0.31694623202166194,0.32082922013820336
1,0,G,gap,20263002,0,4,0.3152273528375044,0.3120584652862363
1,0,G,gap,20263002,1,0,0.5511140235910879,0.5314057826520439
1,0,G,gap,20263002,1,1,0.4623115577889447,0.43899895724713245
1,0,G,gap,20263002,1,2,0.3472312703583062,0.3243744207599629
1,0,G,gap,20263002,1,3,0.15579587698546807,0.18831168831168832
1,0,G,gap,20263002,1,4,0.07325383304940375,0.09344790547798067
1,0,G,gap,20263003,pooled,0,0.34249687970045123,0.34306246545052516
1,0,G,gap,20263003,pooled,1,0.3282259844257385,0.3327818221928083
1,0,G,gap,20263003,pooled,2,0.3236187583064363,0.3220592357283005
1,0,G,gap,20263003,pooled,3,0.30169750629000924,0.3019867549668874
1,0,G,gap,20263003,pooled,4,0.2925504727830309,0.2920649033118471
1,0,G,gap,20263003,0,0,0.3198808426129513,0.32429756157940337
1,0,G,gap,20263003,0,1,0.3141893067102654,0.3269278147326928
1,0,G,gap,20263003,0,2,0.3211655796339154,0.3203214695752009
1,0,G,gap,20263003,0,3,0.31694623202166194,0.31709117755629385
1,0,G,gap,20263003,0,4,0.3152273528375044,0.3140874736711684
1,0,G,gap,20263003,1,0,0.5511140235910879,0.5
1,0,G,gap,20263003,1,1,0.4623115577889447,0.3829113924050633
1,0,G,gap,20263003,1,2,0.3472312703583062,0.33689839572192515
1,0,G,gap,20263003,1,3,0.15579587698546807,0.17041800643086816
1,0,G,gap,20263003,1,4,0.07325383304940375,0.10032362459546926
1,0,G,direct,20263001,pooled,0,0.34249687970045123,0.34776800623399756
1,0,G,direct,20263001,pooled,1,0.3282259844257385,0.33261971830985915
1,0,G,direct,20263001,pooled,2,0.3236187583064363,0.31938594027894784
1,0,G,direct,20263001,pooled,3,0.30169750629000924,0.29248580166011356
1,0,G,direct,20263001,pooled,4,0.2925504727830309,0.29329700272479564
1,0,G,direct,20263001,0,0,0.3198808426129513,0.3180798004987531
1,0,G,direct,20263001,0,1,0.3141893067102654,0.31603417944207085
1,0,G,direct,20263001,0,2,0.3211655796339154,0.3211625222956668
1,0,G,direct,20263001,0,3,0.31694623202166194,0.30828445747800587
1,0,G,direct,20263001,0,4,0.3152273528375044,0.31715561994446456
1,0,G,direct,20263001,1,0,0.5511140235910879,0.5950155763239875
1,0,G,direct,20263001,1,1,0.4623115577889447,0.4765539803707743
1,0,G,direct,20263001,1,2,0.3472312703583062,0.3046875
1,0,G,direct,20263001,1,3,0.15579587698546807,0.15946502057613168
1,0,G,direct,20263001,1,4,0.07325383304940375,0.07174887892376682
1,0,G,direct,20263002,pooled,0,0.34249687970045123,0.3528446389496718
1,0,G,direct,20263002,pooled,1,0.3282259844257385,0.3352140723531364
1,0,G,direct,20263002,pooled,2,0.3236187583064363,0.32317653780232336
1,0,G,direct,20263002,pooled,3,0.30169750629000924,0.3080668363394932
1,0,G,direct,20263002,pooled,4,0.2925504727830309,0.2936421236617872
1,0,G,direct,20263002,0,0,0.3198808426129513,0.3228501228501228
1,0,G,direct,20263002,0,1,0.3141893067102654,0.3170731707317073
1,0,G,direct,20263002,0,2,0.3211655796339154,0.322755253661643
1,0,G,direct,20263002,0,3,0.31694623202166194,0.32407407407407407
1,0,G,direct,20263002,0,4,0.3152273528375044,0.31844118004127714
1,0,G,direct,20263002,1,0,0.5511140235910879,0.597
1,0,G,direct,20263002,1,1,0.4623115577889447,0.4875259875259875
1,0,G,direct,20263002,1,2,0.3472312703583062,0.32685185185185184
1,0,G,direct,20263002,1,3,0.15579587698546807,0.16969050160085378
1,0,G,direct,20263002,1,4,0.07325383304940375,0.07088331515812432
1,0,G,direct,20263003,pooled,0,0.34249687970045123,0.3502881205673759
1,0,G,direct,20263003,pooled,1,0.3282259844257385,0.3301024341887873
1,0,G,direct,20263003,pooled,2,0.3236187583064363,0.3219466541881142
1,0,G,direct,20263003,pooled,3,0.30169750629000924,0.30645339216767786
1,0,G,direct,20263003,pooled,4,0.2925504727830309,0.29604168976604944
1,0,G,direct,20263003,0,0,0.3198808426129513,0.323397913561848
1,0,G,direct,20263003,0,1,0.3141893067102654,0.31359271115488796
1,0,G,direct,20263003,0,2,0.3211655796339154,0.32035490605427974
1,0,G,direct,20263003,0,3,0.31694623202166194,0.3219650332430436
1,0,G,direct,20263003,0,4,0.3152273528375044,0.32049382716049385
1,0,G,direct,20263003,1,0,0.5511140235910879,0.573045267489712
1,0,G,direct,20263003,1,1,0.4623115577889447,0.4702194357366771
1,0,G,direct,20263003,1,2,0.3472312703583062,0.3357466063348416
1,0,G,direct,20263003,1,3,0.15579587698546807,0.1728525980911983
1,0,G,direct,20263003,1,4,0.07325383304940375,0.08052230685527748
1,0,C,raw,20263001,pooled,0,0.34249687970045123,0.33818788215675377
1,0,C,raw,20263001,pooled,1,0.3282259844257385,0.32386107352277854
1,0,C,raw,20263001,pooled,2,0.3236187583064363,0.31596638655462184
1,0,C,raw,20263001,pooled,3,0.30169750629000924,0.28857518056467496
1,0,C,raw,20263001,pooled,4,0.2925504727830309,0.28042790088418296
1,0,C,raw,20263001,0,0,0.3198808426129513,0.3207664551449546
1,0,C,raw,20263001,0,1,0.3141893067102654,0.3146773990692995
1,0,C,raw,20263001,0,2,0.3211655796339154,0.3171649592306084
1,0,C,raw,20263001,0,3,0.31694623202166194,0.3012608642428694
1,0,C,raw,20263001,0,4,0.3152273528375044,0.29710408336362537
1,0,C,raw,20263001,1,0,0.5511140235910879,0.48434237995824636
1,0,C,raw,20263001,1,1,0.4623115577889447,0.4034896401308615
1,0,C,raw,20263001,1,2,0.3472312703583062,0.30594405594405594
1,0,C,raw,20263001,1,3,0.15579587698546807,0.18163054695562436
1,0,C,raw,20263001,1,4,0.07325383304940375,0.1288546255506608
1,0,C,raw,20263002,pooled,0,0.34249687970045123,0.33191163604549434
1,0,C,raw,20263002,pooled,1,0.3282259844257385,0.33178654292343385
1,0,C,raw,20263002,pooled,2,0.3236187583064363,0.3127442569821752
1,0,C,raw,20263002,pooled,3,0.30169750629000924,0.30222025847785267
1,0,C,raw,20263002,pooled,4,0.2925504727830309,0.2823825687068871
1,0,C,raw,20263002,0,0,0.3198808426129513,0.3134365020879391
1,0,C,raw,20263002,0,1,0.3141893067102654,0.3203163618388532
1,0,C,raw,20263002,0,2,0.3211655796339154,0.31208160663053874
1,0,C,raw,20263002,0,3,0.31694623202166194,0.31282303716465665
1,0,C,raw,20263002,0,4,0.3152273528375044,0.29737964655697746
1,0,C,raw,20263002,1,0,0.5511140235910879,0.4820359281437126
1,0,C,raw,20263002,1,1,0.4623115577889447,0.42857142857142855
1,0,C,raw,20263002,1,2,0.3472312703583062,0.31851851851851853
1,0,C,raw,20263002,1,3,0.15579587698546807,0.209277238403452
1,0,C,raw,20263002,1,4,0.07325383304940375,0.1497844827586207
1,0,C,raw,20263003,pooled,0,0.34249687970045123,0.3318232044198895
1,0,C,raw,20263003,pooled,1,0.3282259844257385,0.3261755313291488
1,0,C,raw,20263003,pooled,2,0.3236187583064363,0.31396763027411356
1,0,C,raw,20263003,pooled,3,0.30169750629000924,0.2975179260893547
1,0,C,raw,20263003,pooled,4,0.2925504727830309,0.28952932012907534
1,0,C,raw,20263003,0,0,0.3198808426129513,0.3199207626594032
1,0,C,raw,20263003,0,1,0.3141893067102654,0.31909393081373877
1,0,C,raw,20263003,0,2,0.3211655796339154,0.31220632766001877
1,0,C,raw,20263003,0,3,0.31694623202166194,0.30992497847743206
1,0,C,raw,20263003,0,4,0.3152273528375044,0.30379276152702034
1,0,C,raw,20263003,1,0,0.5511140235910879,0.4306269270298047
1,0,C,raw,20263003,1,1,0.4623115577889447,0.3862212943632568
1,0,C,raw,20263003,1,2,0.3472312703583062,0.329136690647482
1,0,C,raw,20263003,1,3,0.15579587698546807,0.18950749464668093
1,0,C,raw,20263003,1,4,0.07325383304940375,0.16430903155603918
1,0,C,gap,20263001,pooled,0,0.34249687970045123,0.3464488162720907
1,0,C,gap,20263001,pooled,1,0.3282259844257385,0.32716606498194944
1,0,C,gap,20263001,pooled,2,0.3236187583064363,0.3218519555680015
1,0,C,gap,20263001,pooled,3,0.30169750629000924,0.29401466243571506
1,0,C,gap,20263001,pooled,4,0.2925504727830309,0.2842013320231466
1,0,C,gap,20263001,0,0,0.3198808426129513,0.32603829893061426
1,0,C,gap,20263001,0,1,0.3141893067102654,0.3185250440473194
1,0,C,gap,20263001,0,2,0.3211655796339154,0.3243780054359189
1,0,C,gap,20263001,0,3,0.31694623202166194,0.31007467254253884
1,0,C,gap,20263001,0,4,0.3152273528375044,0.3049800072700836
1,0,C,gap,20263001,1,0,0.5511140235910879,0.518324607329843
1,0,C,gap,20263001,1,1,0.4623115577889447,0.4019607843137255
1,0,C,gap,20263001,1,2,0.3472312703583062,0.3007846556233653
1,0,C,gap,20263001,1,3,0.15579587698546807,0.15876288659793814
1,0,C,gap,20263001,1,4,0.07325383304940375,0.09492273730684327
1,0,C,gap,20263002,pooled,0,0.34249687970045123,0.3392759488132998
1,0,C,gap,20263002,pooled,1,0.3282259844257385,0.336613955545726
1,0,C,gap,20263002,pooled,2,0.3236187583064363,0.31894827093455275
1,0,C,gap,20263002,pooled,3,0.30169750629000924,0.30901666482728174
1,0,C,gap,20263002,pooled,4,0.2925504727830309,0.28593339176161264
1,0,C,gap,20263002,0,0,0.3198808426129513,0.31942569640446683
1,0,C,gap,20263002,0,1,0.3141893067102654,0.32414048973534504
1,0,C,gap,20263002,0,2,0.3211655796339154,0.3187174859326892
1,0,C,gap,20263002,0,3,0.31694623202166194,0.3220881556266929
1,0,C,gap,20263002,0,4,0.3152273528375044,0.30621951219512195
1,0,C,gap,20263002,1,0,0.5511140235910879,0.5020120724346077
1,0,C,gap,20263002,1,1,0.4623115577889447,0.44200626959247646
1,0,C,gap,20263002,1,2,0.3472312703583062,0.3209647495361781
1,0,C,gap,20263002,1,3,0.15579587698546807,0.1959531416400426
1,0,C,gap,20263002,1,4,0.07325383304940375,0.10668103448275862
1,0,C,gap,20263003,pooled,0,0.34249687970045123,0.3394789136674763
1,0,C,gap,20263003,pooled,1,0.3282259844257385,0.3325988762807095
1,0,C,gap,20263003,pooled,2,0.3236187583064363,0.3198017023664765
1,0,C,gap,20263003,pooled,3,0.30169750629000924,0.30619898521950145
1,0,C,gap,20263003,pooled,4,0.2925504727830309,0.29365256124721606
1,0,C,gap,20263003,0,0,0.3198808426129513,0.32558139534883723
1,0,C,gap,20263003,0,1,0.3141893067102654,0.3241447206497662
1,0,C,gap,20263003,0,2,0.3211655796339154,0.31989556135770236
1,0,C,gap,20263003,0,3,0.31694623202166194,0.3199311447190459
1,0,C,gap,20263003,0,4,0.3152273528375044,0.31248448746587243
1,0,C,gap,20263003,1,0,0.5511140235910879,0.4548254620123203
1,0,C,gap,20263003,1,1,0.4623115577889447,0.4048370136698212
1,0,C,gap,20263003,1,2,0.3472312703583062,0.31899641577060933
1,0,C,gap,20263003,1,3,0.15579587698546807,0.1864951768488746
1,0,C,gap,20263003,1,4,0.07325383304940375,0.12906724511930587
1,0,C,direct,20263001,pooled,0,0.34249687970045123,0.34728872063244626
1,0,C,direct,20263001,pooled,1,0.3282259844257385,0.33171667042634784
1,0,C,direct,20263001,pooled,2,0.3236187583064363,0.320994578425874
1,0,C,direct,20263001,pooled,3,0.30169750629000924,0.29238490072005235
1,0,C,direct,20263001,pooled,4,0.2925504727830309,0.29363606593166686
1,0,C,direct,20263001,0,0,0.3198808426129513,0.3185785536159601
1,0,C,direct,20263001,0,1,0.3141893067102654,0.3158424562728073
1,0,C,direct,20263001,0,2,0.3211655796339154,0.32198596417722847
1,0,C,direct,20263001,0,3,0.31694623202166194,0.3084716796875
1,0,C,direct,20263001,0,4,0.3152273528375044,0.3178960096735187
1,0,C,direct,20263001,1,0,0.5511140235910879,0.586888657648283
1,0,C,direct,20263001,1,1,0.4623115577889447,0.4689880304678999
1,0,C,direct,20263001,1,2,0.3472312703583062,0.31277150304083406
1,0,C,direct,20263001,1,3,0.15579587698546807,0.1570841889117043
1,0,C,direct,20263001,1,4,0.07325383304940375,0.06846240179573512
1,0,C,direct,20263002,pooled,0,0.34249687970045123,0.3508963707914298
1,0,C,direct,20263002,pooled,1,0.3282259844257385,0.33769836866052605
1,0,C,direct,20263002,pooled,2,0.3236187583064363,0.3227613711898205
1,0,C,direct,20263002,pooled,3,0.30169750629000924,0.3085954807266283
1,0,C,direct,20263002,pooled,4,0.2925504727830309,0.2937513655232685
1,0,C,direct,20263002,0,0,0.3198808426129513,0.3212403480818728
1,0,C,direct,20263002,0,1,0.3141893067102654,0.3198857994041708
1,0,C,direct,20263002,0,2,0.3211655796339154,0.32266949152542374
1,0,C,direct,20263002,0,3,0.31694623202166194,0.32402027444677955
1,0,C,direct,20263002,0,4,0.3152273528375044,0.31887755102040816
1,0,C,direct,20263002,1,0,0.5511140235910879,0.5955510616784631
1,0,C,direct,20263002,1,1,0.4623115577889447,0.48795811518324606
1,0,C,direct,20263002,1,2,0.3472312703583062,0.3235563703024748
1,0,C,direct,20263002,1,3,0.15579587698546807,0.1757188498402556
1,0,C,direct,20263002,1,4,0.07325383304940375,0.06941431670281996
1,0,C,direct,20263003,pooled,0,0.34249687970045123,0.3509567525716182
1,0,C,direct,20263003,pooled,1,0.3282259844257385,0.32980482963943103
1,0,C,direct,20263003,pooled,2,0.3236187583064363,0.3226139133695856
1,0,C,direct,20263003,pooled,3,0.30169750629000924,0.3048552240449191
1,0,C,direct,20263003,pooled,4,0.2925504727830309,0.2967935204704316
1,0,C,direct,20263003,0,0,0.3198808426129513,0.3243645381277123
1,0,C,direct,20263003,0,1,0.3141893067102654,0.31294697903822444
1,0,C,direct,20263003,0,2,0.3211655796339154,0.32169002300773897
1,0,C,direct,20263003,0,3,0.31694623202166194,0.32088910720864544
1,0,C,direct,20263003,0,4,0.3152273528375044,0.32077569169960474
1,0,C,direct,20263003,1,0,0.5511140235910879,0.5706967213114754
1,0,C,direct,20263003,1,1,0.4623115577889447,0.47236704900938475
1,0,C,direct,20263003,1,2,0.3472312703583062,0.33061594202898553
1,0,C,direct,20263003,1,3,0.15579587698546807,0.16595744680851063
1,0,C,direct,20263003,1,4,0.07325383304940375,0.08505997818974918
1,1,U,raw,20263001,pooled,0,0.34249687970045123,0.3471542907959093
1,1,U,raw,20263001,pooled,1,0.3282259844257385,0.3370436331255565
1,1,U,raw,20263001,pooled,2,0.3236187583064363,0.3297531562087809
1,1,U,raw,20263001,pooled,3,0.30169750629000924,0.30654533494134417
1,1,U,raw,20263001,pooled,4,0.2925504727830309,0.291689417931637
1,1,U,raw,20263001,0,0,0.3198808426129513,0.3264976385781755
1,1,U,raw,20263001,0,1,0.3141893067102654,0.325359444719881
1,1,U,raw,20263001,0,2,0.3211655796339154,0.3288364249578415
1,1,U,raw,20263001,0,3,0.31694623202166194,0.3222126824481786
1,1,U,raw,20263001,0,4,0.3152273528375044,0.3127356769249483
1,1,U,raw,20263001,1,0,0.5511140235910879,0.5221052631578947
1,1,U,raw,20263001,1,1,0.4623115577889447,0.43995633187772926
1,1,U,raw,20263001,1,2,0.3472312703583062,0.33747779751332146
1,1,U,raw,20263001,1,3,0.15579587698546807,0.17458677685950413
1,1,U,raw,20263001,1,4,0.07325383304940375,0.10683760683760683
1,1,U,raw,20263002,pooled,0,0.34249687970045123,0.34991834512792597
1,1,U,raw,20263002,pooled,1,0.3282259844257385,0.34071661237785017
1,1,U,raw,20263002,pooled,2,0.3236187583064363,0.3218016291327264
1,1,U,raw,20263002,pooled,3,0.30169750629000924,0.3100757913508694
1,1,U,raw,20263002,pooled,4,0.2925504727830309,0.2944873208379272
1,1,U,raw,20263002,0,0,0.3198808426129513,0.32318042813455655
1,1,U,raw,20263002,0,1,0.3141893067102654,0.32977173385138414
1,1,U,raw,20263002,0,2,0.3211655796339154,0.32223174127222104
1,1,U,raw,20263002,0,3,0.31694623202166194,0.32440143902741597
1,1,U,raw,20263002,0,4,0.3152273528375044,0.3148420279206466
1,1,U,raw,20263002,1,0,0.5511140235910879,0.5663366336633663
1,1,U,raw,20263002,1,1,0.4623115577889447,0.433264887063655
1,1,U,raw,20263002,1,2,0.3472312703583062,0.31814038286235186
1,1,U,raw,20263002,1,3,0.15579587698546807,0.18331503841931943
1,1,U,raw,20263002,1,4,0.07325383304940375,0.11061946902654868
1,1,U,raw,20263003,pooled,0,0.34249687970045123,0.34156560088202864
1,1,U,raw,20263003,pooled,1,0.3282259844257385,0.3357197092960191
1,1,U,raw,20263003,pooled,2,0.3236187583064363,0.33150581340391344
1,1,U,raw,20263003,pooled,3,0.30169750629000924,0.30720690800398537
1,1,U,raw,20263003,pooled,4,0.2925504727830309,0.3000780292052168
1,1,U,raw,20263003,0,0,0.3198808426129513,0.3220548283526797
1,1,U,raw,20263003,0,1,0.3141893067102654,0.3253929866989117
1,1,U,raw,20263003,0,2,0.3211655796339154,0.33037600337980566
1,1,U,raw,20263003,0,3,0.31694623202166194,0.32259656917191165
1,1,U,raw,20263003,0,4,0.3152273528375044,0.31964663431628715
1,1,U,raw,20263003,1,0,0.5511140235910879,0.5041152263374485
1,1,U,raw,20263003,1,1,0.4623115577889447,0.42571127502634354
1,1,U,raw,20263003,1,2,0.3472312703583062,0.34113411341134114
1,1,U,raw,20263003,1,3,0.15579587698546807,0.17311827956989248
1,1,U,raw,20263003,1,4,0.07325383304940375,0.1316916488222698
1,1,U,gap,20263001,pooled,0,0.34249687970045123,0.34560622914349276
1,1,U,gap,20263001,pooled,1,0.3282259844257385,0.3334075971928261
1,1,U,gap,20263001,pooled,2,0.3236187583064363,0.32588612368024134
1,1,U,gap,20263001,pooled,3,0.30169750629000924,0.30452404425457336
1,1,U,gap,20263001,pooled,4,0.2925504727830309,0.2867582897033159
1,1,U,gap,20263001,0,0,0.3198808426129513,0.32421340629274964
1,1,U,gap,20263001,0,1,0.3141893067102654,0.3210918114143921
1,1,U,gap,20263001,0,2,0.3211655796339154,0.32493144906137944
1,1,U,gap,20263001,0,3,0.31694623202166194,0.32042641833108687
1,1,U,gap,20263001,0,4,0.3152273528375044,0.30903790087463556
1,1,U,gap,20263001,1,0,0.5511140235910879,0.5268703898840885
1,1,U,gap,20263001,1,1,0.4623115577889447,0.4416575790621592
1,1,U,gap,20263001,1,2,0.3472312703583062,0.3339253996447602
1,1,U,gap,20263001,1,3,0.15579587698546807,0.17045454545454544
1,1,U,gap,20263001,1,4,0.07325383304940375,0.09081196581196581
1,1,U,gap,20263002,pooled,0,0.34249687970045123,0.34643012625163255
1,1,U,gap,20263002,pooled,1,0.3282259844257385,0.3370225694444444
1,1,U,gap,20263002,pooled,2,0.3236187583064363,0.3181861758220688
1,1,U,gap,20263002,pooled,3,0.30169750629000924,0.3067751281479831
1,1,U,gap,20263002,pooled,4,0.2925504727830309,0.2905219022398764
1,1,U,gap,20263002,0,0,0.3198808426129513,0.3195548489666137
1,1,U,gap,20263002,0,1,0.3141893067102654,0.32588906420682123
1,1,U,gap,20263002,0,2,0.3211655796339154,0.31905322908857237
1,1,U,gap,20263002,0,3,0.31694623202166194,0.3216323492929794
1,1,U,gap,20263002,0,4,0.3152273528375044,0.3122166401176326
1,1,U,gap,20263002,1,0,0.5511140235910879,0.5637982195845698
1,1,U,gap,20263002,1,1,0.4623115577889447,0.43091095189355166
1,1,U,gap,20263002,1,2,0.3472312703583062,0.31078610603290674
1,1,U,gap,20263002,1,3,0.15579587698546807,0.17543859649122806
1,1,U,gap,20263002,1,4,0.07325383304940375,0.0942350332594235
1,1,U,gap,20263003,pooled,0,0.34249687970045123,0.3387345679012346
1,1,U,gap,20263003,pooled,1,0.3282259844257385,0.331742761088819
1,1,U,gap,20263003,pooled,2,0.3236187583064363,0.3273466301162681
1,1,U,gap,20263003,pooled,3,0.30169750629000924,0.30443927820214767
1,1,U,gap,20263003,pooled,4,0.2925504727830309,0.2936322069811531
1,1,U,gap,20263003,0,0,0.3198808426129513,0.319634703196347
1,1,U,gap,20263003,0,1,0.3141893067102654,0.3217265143271672
1,1,U,gap,20263003,0,2,0.3211655796339154,0.32608236536430835
1,1,U,gap,20263003,0,3,0.31694623202166194,0.3198765432098765
1,1,U,gap,20263003,0,4,0.3152273528375044,0.31685756972111556
1,1,U,gap,20263003,1,0,0.5511140235910879,0.4984520123839009
1,1,U,gap,20263003,1,1,0.4623115577889447,0.4189473684210526
1,1,U,gap,20263003,1,2,0.3472312703583062,0.3381424706943192
1,1,U,gap,20263003,1,3,0.15579587698546807,0.17041800643086816
1,1,U,gap,20263003,1,4,0.07325383304940375,0.09411764705882353
1,1,U,direct,20263001,pooled,0,0.34249687970045123,0.3471635150166852
1,1,U,direct,20263001,pooled,1,0.3282259844257385,0.3298773690078038
1,1,U,direct,20263001,pooled,2,0.3236187583064363,0.32032719067318544
1,1,U,direct,20263001,pooled,3,0.30169750629000924,0.2958241758241758
1,1,U,direct,20263001,pooled,4,0.2925504727830309,0.29359197907585005
1,1,U,direct,20263001,0,0,0.3198808426129513,0.3176206509539843
1,1,U,direct,20263001,0,1,0.3141893067102654,0.31398384089496584
1,1,U,direct,20263001,0,2,0.3211655796339154,0.32169156322322745
1,1,U,direct,20263001,0,3,0.31694623202166194,0.3118939486927703
1,1,U,direct,20263001,0,4,0.3152273528375044,0.31807724906162976
1,1,U,direct,20263001,1,0,0.5511140235910879,0.5911431513903193
1,1,U,direct,20263001,1,1,0.4623115577889447,0.4681081081081081
1,1,U,direct,20263001,1,2,0.3472312703583062,0.3088495575221239
1,1,U,direct,20263001,1,3,0.15579587698546807,0.1584470094438615
1,1,U,direct,20263001,1,4,0.07325383304940375,0.07306434023991276
1,1,U,direct,20263002,pooled,0,0.34249687970045123,0.34898670734364784
1,1,U,direct,20263002,pooled,1,0.3282259844257385,0.3350341982412333
1,1,U,direct,20263002,pooled,2,0.3236187583064363,0.3218501103540927
1,1,U,direct,20263002,pooled,3,0.30169750629000924,0.30662059741417746
1,1,U,direct,20263002,pooled,4,0.2925504727830309,0.29372937293729373
1,1,U,direct,20263002,0,0,0.3198808426129513,0.31937301004163604
1,1,U,direct,20263002,0,1,0.3141893067102654,0.3173368970963431
1,1,U,direct,20263002,0,2,0.3211655796339154,0.3227292202227935
1,1,U,direct,20263002,0,3,0.31694623202166194,0.32273686824785797
1,1,U,direct,20263002,0,4,0.3152273528375044,0.31868131868131866
1,1,U,direct,20263002,1,0,0.5511140235910879,0.5879446640316206
1,1,U,direct,20263002,1,1,0.4623115577889447,0.48367346938775513
1,1,U,direct,20263002,1,2,0.3472312703583062,0.3142857142857143
1,1,U,direct,20263002,1,3,0.15579587698546807,0.16539717083786726
1,1,U,direct,20263002,1,4,0.07325383304940375,0.06666666666666667
1,1,U,direct,20263003,pooled,0,0.34249687970045123,0.3483443708609272
1,1,U,direct,20263003,pooled,1,0.3282259844257385,0.3303658668982738
1,1,U,direct,20263003,pooled,2,0.3236187583064363,0.3220531241138104
1,1,U,direct,20263003,pooled,3,0.30169750629000924,0.3027857616626133
1,1,U,direct,20263003,pooled,4,0.2925504727830309,0.30113636363636365
1,1,U,direct,20263003,0,0,0.3198808426129513,0.3215214967166398
1,1,U,direct,20263003,0,1,0.3141893067102654,0.31506352087114337
1,1,U,direct,20263003,0,2,0.3211655796339154,0.32116094986807386
1,1,U,direct,20263003,0,3,0.31694623202166194,0.31660707680927136
1,1,U,direct,20263003,0,4,0.3152273528375044,0.3265458157437298
1,1,U,direct,20263003,1,0,0.5511140235910879,0.5672396359959555
1,1,U,direct,20263003,1,1,0.4623115577889447,0.46405919661733613
1,1,U,direct,20263003,1,2,0.3472312703583062,0.32971014492753625
1,1,U,direct,20263003,1,3,0.15579587698546807,0.18288770053475936
1,1,U,direct,20263003,1,4,0.07325383304940375,0.07917570498915401
1,1,G,raw,20263001,pooled,0,0.34249687970045123,0.3498448581560284
1,1,G,raw,20263001,pooled,1,0.3282259844257385,0.33637577916295636
1,1,G,raw,20263001,pooled,2,0.3236187583064363,0.3307569045150344
1,1,G,raw,20263001,pooled,3,0.30169750629000924,0.3088412959912136
1,1,G,raw,20263001,pooled,4,0.2925504727830309,0.293551912568306
1,1,G,raw,20263001,0,0,0.3198808426129513,0.32936802973977697
1,1,G,raw,20263001,0,1,0.3141893067102654,0.32511155180961826
1,1,G,raw,20263001,0,2,0.3211655796339154,0.3294675803900896
1,1,G,raw,20263001,0,3,0.31694623202166194,0.32501843204718606
1,1,G,raw,20263001,0,4,0.3152273528375044,0.3153986609860012
1,1,G,raw,20263001,1,0,0.5511140235910879,0.5230607966457023
1,1,G,raw,20263001,1,1,0.4623115577889447,0.435589519650655
1,1,G,raw,20263001,1,2,0.3472312703583062,0.3416370106761566
1,1,G,raw,20263001,1,3,0.15579587698546807,0.17269906928645296
1,1,G,raw,20263001,1,4,0.07325383304940375,0.10160427807486631
1,1,G,raw,20263002,pooled,0,0.34249687970045123,0.3489736070381232
1,1,G,raw,20263002,pooled,1,0.3282259844257385,0.3416115388786466
1,1,G,raw,20263002,pooled,2,0.3236187583064363,0.32399501103329176
1,1,G,raw,20263002,pooled,3,0.30169750629000924,0.3124790899966544
1,1,G,raw,20263002,pooled,4,0.2925504727830309,0.2945659377070908
1,1,G,raw,20263002,0,0,0.3198808426129513,0.3225570330608759
1,1,G,raw,20263002,0,1,0.3141893067102654,0.33050333535476045
1,1,G,raw,20263002,0,2,0.3211655796339154,0.3251553460467109
1,1,G,raw,20263002,0,3,0.31694623202166194,0.3270807453416149
1,1,G,raw,20263002,0,4,0.3152273528375044,0.31423312883435583
1,1,G,raw,20263002,1,0,0.5511140235910879,0.5633663366336633
1,1,G,raw,20263002,1,1,0.4623115577889447,0.4354508196721312
1,1,G,raw,20263002,1,2,0.3472312703583062,0.3140495867768595
1,1,G,raw,20263002,1,3,0.15579587698546807,0.18429661941112324
1,1,G,raw,20263002,1,4,0.07325383304940375,0.1172566371681416
1,1,G,raw,20263003,pooled,0,0.34249687970045123,0.34347778145330243
1,1,G,raw,20263003,pooled,1,0.3282259844257385,0.33951420516157016
1,1,G,raw,20263003,pooled,2,0.3236187583064363,0.3319792158715163
1,1,G,raw,20263003,pooled,3,0.30169750629000924,0.30703789636504253
1,1,G,raw,20263003,pooled,4,0.2925504727830309,0.3006148686416993
1,1,G,raw,20263003,0,0,0.3198808426129513,0.3243577075098814
1,1,G,raw,20263003,0,1,0.3141893067102654,0.32930221308501634
1,1,G,raw,20263003,0,2,0.3211655796339154,0.33175155541495305
1,1,G,raw,20263003,0,3,0.31694623202166194,0.3226522060635938
1,1,G,raw,20263003,0,4,0.3152273528375044,0.320938357873721
1,1,G,raw,20263003,1,0,0.5511140235910879,0.5025693730729702
1,1,G,raw,20263003,1,1,0.4623115577889447,0.4281217208814271
1,1,G,raw,20263003,1,2,0.3472312703583062,0.3339382940108893
1,1,G,raw,20263003,1,3,0.15579587698546807,0.1718249733191035
1,1,G,raw,20263003,1,4,0.07325383304940375,0.12567132116004295
1,1,G,gap,20263001,pooled,0,0.34249687970045123,0.34471292396364445
1,1,G,gap,20263001,pooled,1,0.3282259844257385,0.33147818343722174
1,1,G,gap,20263001,pooled,2,0.3236187583064363,0.3273001508295626
1,1,G,gap,20263001,pooled,3,0.30169750629000924,0.30475354045449554
1,1,G,gap,20263001,pooled,4,0.2925504727830309,0.2869166029074216
1,1,G,gap,20263001,0,0,0.3198808426129513,0.3236241943480416
1,1,G,gap,20263001,0,1,0.3141893067102654,0.32002974714923155
1,1,G,gap,20263001,0,2,0.3211655796339154,0.3260227752003374
1,1,G,gap,20263001,0,3,0.31694623202166194,0.32105133873741093
1,1,G,gap,20263001,0,4,0.3152273528375044,0.3092281470659849
1,1,G,gap,20263001,1,0,0.5511140235910879,0.5230607966457023
1,1,G,gap,20263001,1,1,0.4623115577889447,0.43231441048034935
1,1,G,gap,20263001,1,2,0.3472312703583062,0.33807829181494664
1,1,G,gap,20263001,1,3,0.15579587698546807,0.16752843846949328
1,1,G,gap,20263001,1,4,0.07325383304940375,0.09090909090909091
1,1,G,gap,20263002,pooled,0,0.34249687970045123,0.3456481582092796
1,1,G,gap,20263002,pooled,1,0.3282259844257385,0.33568406205923834
1,1,G,gap,20263002,pooled,2,0.3236187583064363,0.318426103646833
1,1,G,gap,20263002,pooled,3,0.30169750629000924,0.3073235982610634
1,1,G,gap,20263002,pooled,4,0.2925504727830309,0.2894823970864143
1,1,G,gap,20263002,0,0,0.3198808426129513,0.31880873916758207
1,1,G,gap,20263002,0,1,0.3141893067102654,0.324193157000728
1,1,G,gap,20263002,0,2,0.3211655796339154,0.3195456493784826
1,1,G,gap,20263002,0,3,0.31694623202166194,0.3224885135974171
1,1,G,gap,20263002,0,4,0.3152273528375044,0.310446297204512
1,1,G,gap,20263002,1,0,0.5511140235910879,0.5633663366336633
1,1,G,gap,20263002,1,1,0.4623115577889447,0.4328205128205128
1,1,G,gap,20263002,1,2,0.3472312703583062,0.3088235294117647
1,1,G,gap,20263002,1,3,0.15579587698546807,0.17429193899782136
1,1,G,gap,20263002,1,4,0.07325383304940375,0.1005524861878453
1,1,G,gap,20263003,pooled,0,0.34249687970045123,0.3403152904861647
1,1,G,gap,20263003,pooled,1,0.3282259844257385,0.33235772357723575
1,1,G,gap,20263003,pooled,2,0.3236187583064363,0.3261198261198261
1,1,G,gap,20263003,pooled,3,0.30169750629000924,0.3048092868988391
1,1,G,gap,20263003,pooled,4,0.2925504727830309,0.2953402614817298
1,1,G,gap,20263003,0,0,0.3198808426129513,0.3206078576723499
1,1,G,gap,20263003,0,1,0.3141893067102654,0.32277562862669246
1,1,G,gap,20263003,0,2,0.3211655796339154,0.32545627175862435
1,1,G,gap,20263003,0,3,0.31694623202166194,0.31993588953273333
1,1,G,gap,20263003,0,4,0.3152273528375044,0.31770573566084787
1,1,G,gap,20263003,1,0,0.5511140235910879,0.503582395087001
1,1,G,gap,20263003,1,1,0.4623115577889447,0.4155299055613851
1,1,G,gap,20263003,1,2,0.3472312703583062,0.3318223028105168
1,1,G,gap,20263003,1,3,0.15579587698546807,0.1734475374732334
1,1,G,gap,20263003,1,4,0.07325383304940375,0.10226049515608181
1,1,G,direct,20263001,pooled,0,0.34249687970045123,0.34702486678507993
1,1,G,direct,20263001,pooled,1,0.3282259844257385,0.33080779944289695
1,1,G,direct,20263001,pooled,2,0.3236187583064363,0.3199435559736595
1,1,G,direct,20263001,pooled,3,0.30169750629000924,0.2969850352112676
1,1,G,direct,20263001,pooled,4,0.2925504727830309,0.29298876894558934
1,1,G,direct,20263001,0,0,0.3198808426129513,0.3177686464948325
1,1,G,direct,20263001,0,1,0.3141893067102654,0.31523359840954274
1,1,G,direct,20263001,0,2,0.3211655796339154,0.32112794612794615
1,1,G,direct,20263001,0,3,0.31694623202166194,0.3126919769013392
1,1,G,direct,20263001,0,4,0.3152273528375044,0.31730070268960503
1,1,G,direct,20263001,1,0,0.5511140235910879,0.5875127942681678
1,1,G,direct,20263001,1,1,0.4623115577889447,0.46601941747572817
1,1,G,direct,20263001,1,2,0.3472312703583062,0.3099467140319716
1,1,G,direct,20263001,1,3,0.15579587698546807,0.16227608008429925
1,1,G,direct,20263001,1,4,0.07325383304940375,0.07415485278080698
1,1,G,direct,20263002,pooled,0,0.34249687970045123,0.3478876306620209
1,1,G,direct,20263002,pooled,1,0.3282259844257385,0.3343821199956602
1,1,G,direct,20263002,pooled,2,0.3236187583064363,0.3221934120810525
1,1,G,direct,20263002,pooled,3,0.30169750629000924,0.30722958672162193
1,1,G,direct,20263002,pooled,4,0.2925504727830309,0.2943508424182359
1,1,G,direct,20263002,0,0,0.3198808426129513,0.3183264007829704
1,1,G,direct,20263002,0,1,0.3141893067102654,0.31677999028654685
1,1,G,direct,20263002,0,2,0.3211655796339154,0.32289544235924933
1,1,G,direct,20263002,0,3,0.31694623202166194,0.32344545116048157
1,1,G,direct,20263002,0,4,0.3152273528375044,0.31915933528836754
1,1,G,direct,20263002,1,0,0.5511140235910879,0.5871287128712871
1,1,G,direct,20263002,1,1,0.4623115577889447,0.48216106014271154
1,1,G,direct,20263002,1,2,0.3472312703583062,0.3161764705882353
1,1,G,direct,20263002,1,3,0.15579587698546807,0.16521739130434782
1,1,G,direct,20263002,1,4,0.07325383304940375,0.06800445930880714
1,1,G,direct,20263003,pooled,0,0.34249687970045123,0.34803705337450375
1,1,G,direct,20263003,pooled,1,0.3282259844257385,0.33058568329718
1,1,G,direct,20263003,pooled,2,0.3236187583064363,0.322254744594467
1,1,G,direct,20263003,pooled,3,0.30169750629000924,0.3039052992587676
1,1,G,direct,20263003,pooled,4,0.2925504727830309,0.30087111905293723
1,1,G,direct,20263003,0,0,0.3198808426129513,0.32162295893122217
1,1,G,direct,20263003,0,1,0.3141893067102654,0.31550931526736026
1,1,G,direct,20263003,0,2,0.3211655796339154,0.32107481559536355
1,1,G,direct,20263003,0,3,0.31694623202166194,0.3185130295171051
1,1,G,direct,20263003,0,4,0.3152273528375044,0.3257867894016669
1,1,G,direct,20263003,1,0,0.5511140235910879,0.5650406504065041
1,1,G,direct,20263003,1,1,0.4623115577889447,0.4612159329140461
1,1,G,direct,20263003,1,2,0.3472312703583062,0.33242506811989103
1,1,G,direct,20263003,1,3,0.15579587698546807,0.17834394904458598
1,1,G,direct,20263003,1,4,0.07325383304940375,0.08196721311475409
1,1,C,raw,20263001,pooled,0,0.34249687970045123,0.3444296493564137
1,1,C,raw,20263001,pooled,1,0.3282259844257385,0.33098984488338357
1,1,C,raw,20263001,pooled,2,0.3236187583064363,0.3260028315243039
1,1,C,raw,20263001,pooled,3,0.30169750629000924,0.306730980048235
1,1,C,raw,20263001,pooled,4,0.2925504727830309,0.29045959485950773
1,1,C,raw,20263001,0,0,0.3198808426129513,0.3284137417834553
1,1,C,raw,20263001,0,1,0.3141893067102654,0.3222719363658961
1,1,C,raw,20263001,0,2,0.3211655796339154,0.3275971283783784
1,1,C,raw,20263001,0,3,0.31694623202166194,0.3224104074619539
1,1,C,raw,20263001,0,4,0.3152273528375044,0.3099308839578028
1,1,C,raw,20263001,1,0,0.5511140235910879,0.48050579557428874
1,1,C,raw,20263001,1,1,0.4623115577889447,0.40765027322404374
1,1,C,raw,20263001,1,2,0.3472312703583062,0.31255565449688333
1,1,C,raw,20263001,1,3,0.15579587698546807,0.175564681724846
1,1,C,raw,20263001,1,4,0.07325383304940375,0.11871657754010695
1,1,C,raw,20263002,pooled,0,0.34249687970045123,0.3387254369775269
1,1,C,raw,20263002,pooled,1,0.3282259844257385,0.3353234910985671
1,1,C,raw,20263002,pooled,2,0.3236187583064363,0.3211888782358581
1,1,C,raw,20263002,pooled,3,0.30169750629000924,0.31109871723368654
1,1,C,raw,20263002,pooled,4,0.2925504727830309,0.2936823503423901
1,1,C,raw,20263002,0,0,0.3198808426129513,0.31870275542550597
1,1,C,raw,20263002,0,1,0.3141893067102654,0.3261740080087368
1,1,C,raw,20263002,0,2,0.3211655796339154,0.321795970852979
1,1,C,raw,20263002,0,3,0.31694623202166194,0.32240029817368615
1,1,C,raw,20263002,0,4,0.3152273528375044,0.31133464180569187
1,1,C,raw,20263002,1,0,0.5511140235910879,0.5014866204162537
1,1,C,raw,20263002,1,1,0.4623115577889447,0.4129763130792997
1,1,C,raw,20263002,1,2,0.3472312703583062,0.31602914389799636
1,1,C,raw,20263002,1,3,0.15579587698546807,0.21179039301310043
1,1,C,raw,20263002,1,4,0.07325383304940375,0.13414634146341464
1,1,C,raw,20263003,pooled,0,0.34249687970045123,0.34148490857016967
1,1,C,raw,20263003,pooled,1,0.3282259844257385,0.33525070544823093
1,1,C,raw,20263003,pooled,2,0.3236187583064363,0.3260356704727753
1,1,C,raw,20263003,pooled,3,0.30169750629000924,0.3092076139884905
1,1,C,raw,20263003,pooled,4,0.2925504727830309,0.301330054766961
1,1,C,raw,20263003,0,0,0.3198808426129513,0.32872996300863133
1,1,C,raw,20263003,0,1,0.3141893067102654,0.32703488372093026
1,1,C,raw,20263003,0,2,0.3211655796339154,0.32609154186880407
1,1,C,raw,20263003,0,3,0.31694623202166194,0.3210896092690743
1,1,C,raw,20263003,0,4,0.3152273528375044,0.31665626949469744
1,1,C,raw,20263003,1,0,0.5511140235910879,0.44834710743801653
1,1,C,raw,20263003,1,1,0.4623115577889447,0.40605427974947805
1,1,C,raw,20263003,1,2,0.3472312703583062,0.3255605381165919
1,1,C,raw,20263003,1,3,0.15579587698546807,0.2047670639219935
1,1,C,raw,20263003,1,4,0.07325383304940375,0.16952789699570817
1,1,C,gap,20263001,pooled,0,0.34249687970045123,0.34321234321234323
1,1,C,gap,20263001,pooled,1,0.3282259844257385,0.3283149325303892
1,1,C,gap,20263001,pooled,2,0.3236187583064363,0.32370705926764815
1,1,C,gap,20263001,pooled,3,0.30169750629000924,0.30344600526777876
1,1,C,gap,20263001,pooled,4,0.2925504727830309,0.2866782760121898
1,1,C,gap,20263001,0,0,0.3198808426129513,0.3253564786112833
1,1,C,gap,20263001,0,1,0.3141893067102654,0.31917008324015406
1,1,C,gap,20263001,0,2,0.3211655796339154,0.3259079391891892
1,1,C,gap,20263001,0,3,0.31694623202166194,0.32158211521926056
1,1,C,gap,20263001,0,4,0.3152273528375044,0.3091283791974785
1,1,C,gap,20263001,1,0,0.5511140235910879,0.4957627118644068
1,1,C,gap,20263001,1,1,0.4623115577889447,0.4084967320261438
1,1,C,gap,20263001,1,2,0.3472312703583062,0.30516014234875444
1,1,C,gap,20263001,1,3,0.15579587698546807,0.1513903192584964
1,1,C,gap,20263001,1,4,0.07325383304940375,0.08945686900958466
1,1,C,gap,20263002,pooled,0,0.34249687970045123,0.3393768320486375
1,1,C,gap,20263002,pooled,1,0.3282259844257385,0.3333333333333333
1,1,C,gap,20263002,pooled,2,0.3236187583064363,0.31933659284824084
1,1,C,gap,20263002,pooled,3,0.30169750629000924,0.309313998884551
1,1,C,gap,20263002,pooled,4,0.2925504727830309,0.29021210782147594
1,1,C,gap,20263002,0,0,0.3198808426129513,0.31430662275887306
1,1,C,gap,20263002,0,1,0.3141893067102654,0.32172752638602453
1,1,C,gap,20263002,0,2,0.3211655796339154,0.3193313330475782
1,1,C,gap,20263002,0,3,0.31694623202166194,0.3220717923239349
1,1,C,gap,20263002,0,4,0.3152273528375044,0.31088210035578456
1,1,C,gap,20263002,1,0,0.5511140235910879,0.5424901185770751
1,1,C,gap,20263002,1,1,0.4623115577889447,0.43195876288659796
1,1,C,gap,20263002,1,2,0.3472312703583062,0.31938125568698816
1,1,C,gap,20263002,1,3,0.15579587698546807,0.19693654266958424
1,1,C,gap,20263002,1,4,0.07325383304940375,0.10321864594894561
1,1,C,gap,20263003,pooled,0,0.34249687970045123,0.34155472362915656
1,1,C,gap,20263003,pooled,1,0.3282259844257385,0.3323925314806774
1,1,C,gap,20263003,pooled,2,0.3236187583064363,0.32317418380826574
1,1,C,gap,20263003,pooled,3,0.30169750629000924,0.30787959274015053
1,1,C,gap,20263003,pooled,4,0.2925504727830309,0.2970706618962433
1,1,C,gap,20263003,0,0,0.3198808426129513,0.32679738562091504
1,1,C,gap,20263003,0,1,0.3141893067102654,0.32352585058723815
1,1,C,gap,20263003,0,2,0.3211655796339154,0.32377135625395487
1,1,C,gap,20263003,0,3,0.31694623202166194,0.32112919132149903
1,1,C,gap,20263003,0,4,0.3152273528375044,0.31744447217369604
1,1,C,gap,20263003,1,0,0.5511140235910879,0.4645426515930113
1,1,C,gap,20263003,1,1,0.4623115577889447,0.4092339979013641
1,1,C,gap,20263003,1,2,0.3472312703583062,0.31810035842293904
1,1,C,gap,20263003,1,3,0.15579587698546807,0.19155844155844157
1,1,C,gap,20263003,1,4,0.07325383304940375,0.12150537634408602
1,1,C,direct,20263001,pooled,0,0.34249687970045123,0.345999554267885
1,1,C,direct,20263001,pooled,1,0.3282259844257385,0.3312862885216615
1,1,C,direct,20263001,pooled,2,0.3236187583064363,0.3210922787193974
1,1,C,direct,20263001,pooled,3,0.30169750629000924,0.2962069721552291
1,1,C,direct,20263001,pooled,4,0.2925504727830309,0.29434782608695653
1,1,C,direct,20263001,0,0,0.3198808426129513,0.31693306693306694
1,1,C,direct,20263001,0,1,0.3141893067102654,0.3161956927673347
1,1,C,direct,20263001,0,2,0.3211655796339154,0.3220267565574634
1,1,C,direct,20263001,0,3,0.31694623202166194,0.31192548106385587
1,1,C,direct,20263001,0,4,0.3152273528375044,0.31908728721477725
1,1,C,direct,20263001,1,0,0.5511140235910879,0.5869565217391305
1,1,C,direct,20263001,1,1,0.4623115577889447,0.4626218851570964
1,1,C,direct,20263001,1,2,0.3472312703583062,0.3132209405501331
1,1,C,direct,20263001,1,3,0.15579587698546807,0.16303219106957426
1,1,C,direct,20263001,1,4,0.07325383304940375,0.07088331515812432
1,1,C,direct,20263002,pooled,0,0.34249687970045123,0.3494500707829685
1,1,C,direct,20263002,pooled,1,0.3282259844257385,0.3339845869966352
1,1,C,direct,20263002,pooled,2,0.3236187583064363,0.32153846153846155
1,1,C,direct,20263002,pooled,3,0.30169750629000924,0.3069130579984415
1,1,C,direct,20263002,pooled,4,0.2925504727830309,0.29484218629715164
1,1,C,direct,20263002,0,0,0.3198808426129513,0.31946144430844553
1,1,C,direct,20263002,0,1,0.3141893067102654,0.316747572815534
1,1,C,direct,20263002,0,2,0.3211655796339154,0.3221267454350161
1,1,C,direct,20263002,0,3,0.31694623202166194,0.3232448523939469
1,1,C,direct,20263002,0,4,0.3152273528375044,0.31962411520624845
1,1,C,direct,20263002,1,0,0.5511140235910879,0.5913129318854886
1,1,C,direct,20263002,1,1,0.4623115577889447,0.4799588900308325
1,1,C,direct,20263002,1,2,0.3472312703583062,0.3165137614678899
1,1,C,direct,20263002,1,3,0.15579587698546807,0.16395222584147665
1,1,C,direct,20263002,1,4,0.07325383304940375,0.06896551724137931
1,1,C,direct,20263003,pooled,0,0.34249687970045123,0.34756703078450846
1,1,C,direct,20263003,pooled,1,0.3282259844257385,0.33185024416711884
1,1,C,direct,20263003,pooled,2,0.3236187583064363,0.3223522748725694
1,1,C,direct,20263003,pooled,3,0.30169750629000924,0.3026184951939012
1,1,C,direct,20263003,pooled,4,0.2925504727830309,0.30070398927254444
1,1,C,direct,20263003,0,0,0.3198808426129513,0.3217864654212545
1,1,C,direct,20263003,0,1,0.3141893067102654,0.317297231959386
1,1,C,direct,20263003,0,2,0.3211655796339154,0.32089788175782485
1,1,C,direct,20263003,0,3,0.31694623202166194,0.3172958302491981
1,1,C,direct,20263003,0,4,0.3152273528375044,0.32560747663551404
1,1,C,direct,20263003,1,0,0.5511140235910879,0.560204081632653
1,1,C,direct,20263003,1,1,0.4623115577889447,0.4596602972399151
1,1,C,direct,20263003,1,2,0.3472312703583062,0.334841628959276
1,1,C,direct,20263003,1,3,0.15579587698546807,0.17671957671957672
1,1,C,direct,20263003,1,4,0.07325383304940375,0.08441558441558442
1,2,U,raw,20263001,pooled,0,0.34249687970045123,0.3491304347826087
1,2,U,raw,20263001,pooled,1,0.3282259844257385,0.3283383283383283
1,2,U,raw,20263001,pooled,2,0.3236187583064363,0.3231205673758865
1,2,U,raw,20263001,pooled,3,0.30169750629000924,0.3005158599495116
1,2,U,raw,20263001,pooled,4,0.2925504727830309,0.28673276150161525
1,2,U,raw,20263001,0,0,0.3198808426129513,0.326163567869729
1,2,U,raw,20263001,0,1,0.3141893067102654,0.31631644004944376
1,2,U,raw,20263001,0,2,0.3211655796339154,0.323096473578312
1,2,U,raw,20263001,0,3,0.31694623202166194,0.3144120899373387
1,2,U,raw,20263001,0,4,0.3152273528375044,0.3074922600619195
1,2,U,raw,20263001,1,0,0.5511140235910879,0.5437693099897013
1,2,U,raw,20263001,1,1,0.4623115577889447,0.43416757344940154
1,2,U,raw,20263001,1,2,0.3472312703583062,0.32332155477031804
1,2,U,raw,20263001,1,3,0.15579587698546807,0.18415637860082304
1,2,U,raw,20263001,1,4,0.07325383304940375,0.1008869179600887
1,2,U,raw,20263002,pooled,0,0.34249687970045123,0.3482448630136986
1,2,U,raw,20263002,pooled,1,0.3282259844257385,0.3333333333333333
1,2,U,raw,20263002,pooled,2,0.3236187583064363,0.3200880888548449
1,2,U,raw,20263002,pooled,3,0.30169750629000924,0.3043965903992822
1,2,U,raw,20263002,pooled,4,0.2925504727830309,0.2852510343285251
1,2,U,raw,20263002,0,0,0.3198808426129513,0.32628797886393657
1,2,U,raw,20263002,0,1,0.3141893067102654,0.31976744186046513
1,2,U,raw,20263002,0,2,0.3211655796339154,0.3182839413715631
1,2,U,raw,20263002,0,3,0.31694623202166194,0.3170305676855895
1,2,U,raw,20263002,0,4,0.3152273528375044,0.3051923795293239
1,2,U,raw,20263002,1,0,0.5511140235910879,0.528023598820059
1,2,U,raw,20263002,1,1,0.4623115577889447,0.44891640866873067
1,2,U,raw,20263002,1,2,0.3472312703583062,0.33546034639927075
1,2,U,raw,20263002,1,3,0.15579587698546807,0.19200887902330743
1,2,U,raw,20263002,1,4,0.07325383304940375,0.10964912280701754
1,2,U,raw,20263003,pooled,0,0.34249687970045123,0.34179559816953586
1,2,U,raw,20263003,pooled,1,0.3282259844257385,0.33569096844396085
1,2,U,raw,20263003,pooled,2,0.3236187583064363,0.32419659735349715
1,2,U,raw,20263003,pooled,3,0.30169750629000924,0.3030704660923349
1,2,U,raw,20263003,pooled,4,0.2925504727830309,0.29695603156708006
1,2,U,raw,20263003,0,0,0.3198808426129513,0.32142857142857145
1,2,U,raw,20263003,0,1,0.3141893067102654,0.32559552746718523
1,2,U,raw,20263003,0,2,0.3211655796339154,0.32238365971783534
1,2,U,raw,20263003,0,3,0.31694623202166194,0.31842818428184283
1,2,U,raw,20263003,0,4,0.3152273528375044,0.31724484665661135
1,2,U,raw,20263003,1,0,0.5511140235910879,0.5079840319361277
1,2,U,raw,20263003,1,1,0.4623115577889447,0.42203742203742206
1,2,U,raw,20263003,1,2,0.3472312703583062,0.34011090573012936
1,2,U,raw,20263003,1,3,0.15579587698546807,0.16987179487179488
1,2,U,raw,20263003,1,4,0.07325383304940375,0.12035010940919037
1,2,U,gap,20263001,pooled,0,0.34249687970045123,0.34778357235984353
1,2,U,gap,20263001,pooled,1,0.3282259844257385,0.3270042194092827
1,2,U,gap,20263001,pooled,2,0.3236187583064363,0.3214454640052975
1,2,U,gap,20263001,pooled,3,0.30169750629000924,0.30165697355426313
1,2,U,gap,20263001,pooled,4,0.2925504727830309,0.28592114056582757
1,2,U,gap,20263001,0,0,0.3198808426129513,0.32494835338437233
1,2,U,gap,20263001,0,1,0.3141893067102654,0.3160692212608158
1,2,U,gap,20263001,0,2,0.3211655796339154,0.32175018540099587
1,2,U,gap,20263001,0,3,0.31694623202166194,0.31560196560196563
1,2,U,gap,20263001,0,4,0.3152273528375044,0.30787323594949245
1,2,U,gap,20263001,1,0,0.5511140235910879,0.5405128205128205
1,2,U,gap,20263001,1,1,0.4623115577889447,0.42358078602620086
1,2,U,gap,20263001,1,2,0.3472312703583062,0.31890459363957596
1,2,U,gap,20263001,1,3,0.15579587698546807,0.18499486125385406
1,2,U,gap,20263001,1,4,0.07325383304940375,0.08888888888888889
1,2,U,gap,20263002,pooled,0,0.34249687970045123,0.3475237993368275
1,2,U,gap,20263002,pooled,1,0.3282259844257385,0.3321773057331744
1,2,U,gap,20263002,pooled,2,0.3236187583064363,0.31839080459770114
1,2,U,gap,20263002,pooled,3,0.30169750629000924,0.304128337446713
1,2,U,gap,20263002,pooled,4,0.2925504727830309,0.2840527846119436
1,2,U,gap,20263002,0,0,0.3198808426129513,0.3256093168447593
1,2,U,gap,20263002,0,1,0.3141893067102654,0.31984982439142545
1,2,U,gap,20263002,0,2,0.3211655796339154,0.31760299625468164
1,2,U,gap,20263002,0,3,0.31694623202166194,0.3173592911518782
1,2,U,gap,20263002,0,4,0.3152273528375044,0.305652390438247
1,2,U,gap,20263002,1,0,0.5511140235910879,0.5264705882352941
1,2,U,gap,20263002,1,1,0.4623115577889447,0.43711340206185567
1,2,U,gap,20263002,1,2,0.3472312703583062,0.32511415525114157
1,2,U,gap,20263002,1,3,0.15579587698546807,0.1864594894561598
1,2,U,gap,20263002,1,4,0.07325383304940375,0.09340659340659341
1,2,U,gap,20263003,pooled,0,0.34249687970045123,0.3405228758169935
1,2,U,gap,20263003,pooled,1,0.3282259844257385,0.3339862879529873
1,2,U,gap,20263003,pooled,2,0.3236187583064363,0.321708723183064
1,2,U,gap,20263003,pooled,3,0.30169750629000924,0.30320441988950275
1,2,U,gap,20263003,pooled,4,0.2925504727830309,0.29452209197475204
1,2,U,gap,20263003,0,0,0.3198808426129513,0.32086084617265836
1,2,U,gap,20263003,0,1,0.3141893067102654,0.32531291772997933
1,2,U,gap,20263003,0,2,0.3211655796339154,0.3205560235888795
1,2,U,gap,20263003,0,3,0.31694623202166194,0.3189602069730196
1,2,U,gap,20263003,0,4,0.3152273528375044,0.31699346405228757
1,2,U,gap,20263003,1,0,0.5511140235910879,0.500998003992016
1,2,U,gap,20263003,1,1,0.4623115577889447,0.4083333333333333
1,2,U,gap,20263003,1,2,0.3472312703583062,0.3317972350230415
1,2,U,gap,20263003,1,3,0.15579587698546807,0.16613076098606644
1,2,U,gap,20263003,1,4,0.07325383304940375,0.09934497816593886
1,2,U,direct,20263001,pooled,0,0.34249687970045123,0.3485454742078512
1,2,U,direct,20263001,pooled,1,0.3282259844257385,0.329770652415943
1,2,U,direct,20263001,pooled,2,0.3236187583064363,0.323359530347505
1,2,U,direct,20263001,pooled,3,0.30169750629000924,0.29088309688771585
1,2,U,direct,20263001,pooled,4,0.2925504727830309,0.29313605517855157
1,2,U,direct,20263001,0,0,0.3198808426129513,0.319593859543092
1,2,U,direct,20263001,0,1,0.3141893067102654,0.3128026822302248
1,2,U,direct,20263001,0,2,0.3211655796339154,0.3240809407776247
1,2,U,direct,20263001,0,3,0.31694623202166194,0.3069916297390448
1,2,U,direct,20263001,0,4,0.3152273528375044,0.3182886113515519
1,2,U,direct,20263001,1,0,0.5511140235910879,0.5944558521560575
1,2,U,direct,20263001,1,1,0.4623115577889447,0.47685683530678147
1,2,U,direct,20263001,1,2,0.3472312703583062,0.3172905525846702
1,2,U,direct,20263001,1,3,0.15579587698546807,0.15583075335397317
1,2,U,direct,20263001,1,4,0.07325383304940375,0.06762749445676275
1,2,U,direct,20263002,pooled,0,0.34249687970045123,0.3498610814276555
1,2,U,direct,20263002,pooled,1,0.3282259844257385,0.3372370418564303
1,2,U,direct,20263002,pooled,2,0.3236187583064363,0.32173411515908873
1,2,U,direct,20263002,pooled,3,0.30169750629000924,0.30794219782681753
1,2,U,direct,20263002,pooled,4,0.2925504727830309,0.2971434947556349
1,2,U,direct,20263002,0,0,0.3198808426129513,0.3200912145943351
1,2,U,direct,20263002,0,1,0.3141893067102654,0.3202083838139084
1,2,U,direct,20263002,0,2,0.3211655796339154,0.32137871792118544
1,2,U,direct,20263002,0,3,0.31694623202166194,0.32389976312180524
1,2,U,direct,20263002,0,4,0.3152273528375044,0.32323733862959286
1,2,U,direct,20263002,1,0,0.5511140235910879,0.5916179337231969
1,2,U,direct,20263002,1,1,0.4623115577889447,0.4824380165289256
1,2,U,direct,20263002,1,2,0.3472312703583062,0.3247706422018349
1,2,U,direct,20263002,1,3,0.15579587698546807,0.16666666666666666
1,2,U,direct,20263002,1,4,0.07325383304940375,0.06512141280353201
1,2,U,direct,20263003,pooled,0,0.34249687970045123,0.34862485052723124
1,2,U,direct,20263003,pooled,1,0.3282259844257385,0.3312723722746502
1,2,U,direct,20263003,pooled,2,0.3236187583064363,0.32287037912451544
1,2,U,direct,20263003,pooled,3,0.30169750629000924,0.3009105041083722
1,2,U,direct,20263003,pooled,4,0.2925504727830309,0.29500619997745464
1,2,U,direct,20263003,0,0,0.3198808426129513,0.3215547703180212
1,2,U,direct,20263003,0,1,0.3141893067102654,0.3162040964731548
1,2,U,direct,20263003,0,2,0.3211655796339154,0.3221964586846543
1,2,U,direct,20263003,0,3,0.31694623202166194,0.31714568880079286
1,2,U,direct,20263003,0,4,0.3152273528375044,0.3205579291279216
1,2,U,direct,20263003,1,0,0.5511140235910879,0.5725806451612904
1,2,U,direct,20263003,1,1,0.4623115577889447,0.4597107438016529
1,2,U,direct,20263003,1,2,0.3472312703583062,0.3287419651056015
1,2,U,direct,20263003,1,3,0.15579587698546807,0.16059957173447537
1,2,U,direct,20263003,1,4,0.07325383304940375,0.07228915662650602
1,2,G,raw,20263001,pooled,0,0.34249687970045123,0.35008722197993897
1,2,G,raw,20263001,pooled,1,0.3282259844257385,0.33056294326241137
1,2,G,raw,20263001,pooled,2,0.3236187583064363,0.3243370765310937
1,2,G,raw,20263001,pooled,3,0.30169750629000924,0.300900505161432
1,2,G,raw,20263001,pooled,4,0.2925504727830309,0.2865262454028753
1,2,G,raw,20263001,0,0,0.3198808426129513,0.3266747868453106
1,2,G,raw,20263001,0,1,0.3141893067102654,0.31753086419753085
1,2,G,raw,20263001,0,2,0.3211655796339154,0.3241415742208135
1,2,G,raw,20263001,0,3,0.31694623202166194,0.314626059191944
1,2,G,raw,20263001,0,4,0.3152273528375044,0.3073963762720278
1,2,G,raw,20263001,1,0,0.5511140235910879,0.5498960498960499
1,2,G,raw,20263001,1,1,0.4623115577889447,0.4448051948051948
1,2,G,raw,20263001,1,2,0.3472312703583062,0.32597173144876324
1,2,G,raw,20263001,1,3,0.15579587698546807,0.18483904465212878
1,2,G,raw,20263001,1,4,0.07325383304940375,0.10273224043715846
1,2,G,raw,20263002,pooled,0,0.34249687970045123,0.35153328347045626
1,2,G,raw,20263002,pooled,1,0.3282259844257385,0.3375609756097561
1,2,G,raw,20263002,pooled,2,0.3236187583064363,0.3209355828220859
1,2,G,raw,20263002,pooled,3,0.30169750629000924,0.3006513926325247
1,2,G,raw,20263002,pooled,4,0.2925504727830309,0.284964253798034
1,2,G,raw,20263002,0,0,0.3198808426129513,0.32969537059246823
1,2,G,raw,20263002,0,1,0.3141893067102654,0.3248546511627907
1,2,G,raw,20263002,0,2,0.3211655796339154,0.31973007712082263
1,2,G,raw,20263002,0,3,0.31694623202166194,0.3135932033983008
1,2,G,raw,20263002,0,4,0.3152273528375044,0.30502362596369065
1,2,G,raw,20263002,1,0,0.5511140235910879,0.5298726738491675
1,2,G,raw,20263002,1,1,0.4623115577889447,0.4458204334365325
1,2,G,raw,20263002,1,2,0.3472312703583062,0.3312043795620438
1,2,G,raw,20263002,1,3,0.15579587698546807,0.18555555555555556
1,2,G,raw,20263002,1,4,0.07325383304940375,0.1076923076923077
1,2,G,raw,20263003,pooled,0,0.34249687970045123,0.3413860953213817
1,2,G,raw,20263003,pooled,1,0.3282259844257385,0.33895171813832103
1,2,G,raw,20263003,pooled,2,0.3236187583064363,0.32685045317220546
1,2,G,raw,20263003,pooled,3,0.30169750629000924,0.3044967406916363
1,2,G,raw,20263003,pooled,4,0.2925504727830309,0.2975801913337085
1,2,G,raw,20263003,0,0,0.3198808426129513,0.3214811181951937
1,2,G,raw,20263003,0,1,0.3141893067102654,0.3279445727482679
1,2,G,raw,20263003,0,2,0.3211655796339154,0.3251972645975802
1,2,G,raw,20263003,0,3,0.31694623202166194,0.32003447851249844
1,2,G,raw,20263003,0,4,0.3152273528375044,0.318062005773817
1,2,G,raw,20263003,1,0,0.5511140235910879,0.5050403225806451
1,2,G,raw,20263003,1,1,0.4623115577889447,0.4324045407636739
1,2,G,raw,20263003,1,2,0.3472312703583062,0.34130634774609014
1,2,G,raw,20263003,1,3,0.15579587698546807,0.16881720430107527
1,2,G,raw,20263003,1,4,0.07325383304940375,0.11982570806100218
1,2,G,gap,20263001,pooled,0,0.34249687970045123,0.3473523643495315
1,2,G,gap,20263001,pooled,1,0.3282259844257385,0.32742185768122367
1,2,G,gap,20263001,pooled,2,0.3236187583064363,0.3217522658610272
1,2,G,gap,20263001,pooled,3,0.30169750629000924,0.2997694081475788
1,2,G,gap,20263001,pooled,4,0.2925504727830309,0.2848545636910732
1,2,G,gap,20263001,0,0,0.3198808426129513,0.3234685178419194
1,2,G,gap,20263001,0,1,0.3141893067102654,0.31564004443895816
1,2,G,gap,20263001,0,2,0.3211655796339154,0.3218135700697527
1,2,G,gap,20263001,0,3,0.31694623202166194,0.3137592137592138
1,2,G,gap,20263001,0,4,0.3152273528375044,0.3071198213842719
1,2,G,gap,20263001,1,0,0.5511140235910879,0.5501551189245087
1,2,G,gap,20263001,1,1,0.4623115577889447,0.43105320304017375
1,2,G,gap,20263001,1,2,0.3472312703583062,0.32123893805309733
1,2,G,gap,20263001,1,3,0.15579587698546807,0.18200620475698034
1,2,G,gap,20263001,1,4,0.07325383304940375,0.08781558726673985
1,2,G,gap,20263002,pooled,0,0.34249687970045123,0.3494709842898365
1,2,G,gap,20263002,pooled,1,0.3282259844257385,0.33420082411624374
1,2,G,gap,20263002,pooled,2,0.3236187583064363,0.31719244414613096
1,2,G,gap,20263002,pooled,3,0.30169750629000924,0.30078563411896747
1,2,G,gap,20263002,pooled,4,0.2925504727830309,0.28255528255528256
1,2,G,gap,20263002,0,0,0.3198808426129513,0.3278944211157768
1,2,G,gap,20263002,0,1,0.3141893067102654,0.32251029803731524
1,2,G,gap,20263002,0,2,0.3211655796339154,0.3165845296764517
1,2,G,gap,20263002,0,3,0.31694623202166194,0.3141858141858142
1,2,G,gap,20263002,0,4,0.3152273528375044,0.30403977625854567
1,2,G,gap,20263002,1,0,0.5511140235910879,0.525440313111546
1,2,G,gap,20263002,1,1,0.4623115577889447,0.43388429752066116
1,2,G,gap,20263002,1,2,0.3472312703583062,0.3223744292237443
1,2,G,gap,20263002,1,3,0.15579587698546807,0.18181818181818182
1,2,G,gap,20263002,1,4,0.07325383304940375,0.0924092409240924
1,2,G,gap,20263003,pooled,0,0.34249687970045123,0.33902012248468943
1,2,G,gap,20263003,pooled,1,0.3282259844257385,0.334348488144442
1,2,G,gap,20263003,pooled,2,0.3236187583064363,0.32395695676798186
1,2,G,gap,20263003,pooled,3,0.30169750629000924,0.304131683605833
1,2,G,gap,20263003,pooled,4,0.2925504727830309,0.29635463546354635
1,2,G,gap,20263003,0,0,0.3198808426129513,0.3196369434563964
1,2,G,gap,20263003,0,1,0.3141893067102654,0.3251488999635347
1,2,G,gap,20263003,0,2,0.3211655796339154,0.32270622895622897
1,2,G,gap,20263003,0,3,0.31694623202166194,0.31967011324470707
1,2,G,gap,20263003,0,4,0.3152273528375044,0.3189006024096386
1,2,G,gap,20263003,1,0,0.5511140235910879,0.49848637739656915
1,2,G,gap,20263003,1,1,0.4623115577889447,0.4126163391933816
1,2,G,gap,20263003,1,2,0.3472312703583062,0.3348623853211009
1,2,G,gap,20263003,1,3,0.15579587698546807,0.16810344827586207
1,2,G,gap,20263003,1,4,0.07325383304940375,0.10108695652173913
1,2,G,direct,20263001,pooled,0,0.34249687970045123,0.3476655808903366
1,2,G,direct,20263001,pooled,1,0.3282259844257385,0.3288082786246801
1,2,G,direct,20263001,pooled,2,0.3236187583064363,0.3228309206168985
1,2,G,direct,20263001,pooled,3,0.30169750629000924,0.29042179261862916
1,2,G,direct,20263001,pooled,4,0.2925504727830309,0.2940457676071984
1,2,G,direct,20263001,0,0,0.3198808426129513,0.31823700825643514
1,2,G,direct,20263001,0,1,0.3141893067102654,0.31182528849733215
1,2,G,direct,20263001,0,2,0.3211655796339154,0.3230622617534943
1,2,G,direct,20263001,0,3,0.31694623202166194,0.3061049011177988
1,2,G,direct,20263001,0,4,0.3152273528375044,0.31929347826086957
1,2,G,direct,20263001,1,0,0.5511140235910879,0.5965092402464066
1,2,G,direct,20263001,1,1,0.4623115577889447,0.47629310344827586
1,2,G,direct,20263001,1,2,0.3472312703583062,0.3208888888888889
1,2,G,direct,20263001,1,3,0.15579587698546807,0.15784008307372793
1,2,G,direct,20263001,1,4,0.07325383304940375,0.0684326710816777
1,2,G,direct,20263002,pooled,0,0.34249687970045123,0.3503408606731998
1,2,G,direct,20263002,pooled,1,0.3282259844257385,0.33807249837204256
1,2,G,direct,20263002,pooled,2,0.3236187583064363,0.3208145231005667
1,2,G,direct,20263002,pooled,3,0.30169750629000924,0.30989554082893406
1,2,G,direct,20263002,pooled,4,0.2925504727830309,0.29734256364448414
1,2,G,direct,20263002,0,0,0.3198808426129513,0.3206554239923454
1,2,G,direct,20263002,0,1,0.3141893067102654,0.3208873802885198
1,2,G,direct,20263002,0,2,0.3211655796339154,0.32053207466208966
1,2,G,direct,20263002,0,3,0.31694623202166194,0.32591295647823915
1,2,G,direct,20263002,0,4,0.3152273528375044,0.32343439363817095
1,2,G,direct,20263002,1,0,0.5511140235910879,0.5920155793573515
1,2,G,direct,20263002,1,1,0.4623115577889447,0.48497409326424873
1,2,G,direct,20263002,1,2,0.3472312703583062,0.32323232323232326
1,2,G,direct,20263002,1,3,0.15579587698546807,0.16868798235942667
1,2,G,direct,20263002,1,4,0.07325383304940375,0.06607929515418502
1,2,G,direct,20263003,pooled,0,0.34249687970045123,0.347868745230568
1,2,G,direct,20263003,pooled,1,0.3282259844257385,0.3305785123966942
1,2,G,direct,20263003,pooled,2,0.3236187583064363,0.32250755287009064
1,2,G,direct,20263003,pooled,3,0.30169750629000924,0.30073105892778024
1,2,G,direct,20263003,pooled,4,0.2925504727830309,0.2956208488123382
1,2,G,direct,20263003,0,0,0.3198808426129513,0.3206647928632531
1,2,G,direct,20263003,0,1,0.3141893067102654,0.3149835946044477
1,2,G,direct,20263003,0,2,0.3211655796339154,0.32193222479478006
1,2,G,direct,20263003,0,3,0.31694623202166194,0.3171093267449043
1,2,G,direct,20263003,0,4,0.3152273528375044,0.3213254675536588
1,2,G,direct,20263003,1,0,0.5511140235910879,0.5727272727272728
1,2,G,direct,20263003,1,1,0.4623115577889447,0.46328852119958636
1,2,G,direct,20263003,1,2,0.3472312703583062,0.3275229357798165
1,2,G,direct,20263003,1,3,0.15579587698546807,0.15862808145766344
1,2,G,direct,20263003,1,4,0.07325383304940375,0.07205240174672489
1,2,C,raw,20263001,pooled,0,0.34249687970045123,0.34193408499566347
1,2,C,raw,20263001,pooled,1,0.3282259844257385,0.3283863107763872
1,2,C,raw,20263001,pooled,2,0.3236187583064363,0.3207368918280586
1,2,C,raw,20263001,pooled,3,0.30169750629000924,0.296682776801406
1,2,C,raw,20263001,pooled,4,0.2925504727830309,0.287010078387458
1,2,C,raw,20263001,0,0,0.3198808426129513,0.32651083928787694
1,2,C,raw,20263001,0,1,0.3141893067102654,0.31946159545566805
1,2,C,raw,20263001,0,2,0.3211655796339154,0.32227387996618767
1,2,C,raw,20263001,0,3,0.31694623202166194,0.30908197124247266
1,2,C,raw,20263001,0,4,0.3152273528375044,0.30561097256857855
1,2,C,raw,20263001,1,0,0.5511140235910879,0.4736297828335057
1,2,C,raw,20263001,1,1,0.4623115577889447,0.40601503759398494
1,2,C,raw,20263001,1,2,0.3472312703583062,0.30776092774308655
1,2,C,raw,20263001,1,3,0.15579587698546807,0.1923474663908997
1,2,C,raw,20263001,1,4,0.07325383304940375,0.12307692307692308
1,2,C,raw,20263002,pooled,0,0.34249687970045123,0.3427290198590647
1,2,C,raw,20263002,pooled,1,0.3282259844257385,0.32976306394027916
1,2,C,raw,20263002,pooled,2,0.3236187583064363,0.3230401529636711
1,2,C,raw,20263002,pooled,3,0.30169750629000924,0.3066711666104174
1,2,C,raw,20263002,pooled,4,0.2925504727830309,0.28988108593224143
1,2,C,raw,20263002,0,0,0.3198808426129513,0.32698754789272033
1,2,C,raw,20263002,0,1,0.3141893067102654,0.32277562862669246
1,2,C,raw,20263002,0,2,0.3211655796339154,0.3236142262095482
1,2,C,raw,20263002,0,3,0.31694623202166194,0.31759549154664996
1,2,C,raw,20263002,0,4,0.3152273528375044,0.30759620189905046
1,2,C,raw,20263002,1,0,0.5511140235910879,0.4723865877712032
1,2,C,raw,20263002,1,1,0.4623115577889447,0.38928939237899074
1,2,C,raw,20263002,1,2,0.3472312703583062,0.31814038286235186
1,2,C,raw,20263002,1,3,0.15579587698546807,0.21017699115044247
1,2,C,raw,20263002,1,4,0.07325383304940375,0.13406593406593406
1,2,C,raw,20263003,pooled,0,0.34249687970045123,0.33438451500652455
1,2,C,raw,20263003,pooled,1,0.3282259844257385,0.33095238095238094
1,2,C,raw,20263003,pooled,2,0.3236187583064363,0.324747617699783
1,2,C,raw,20263003,pooled,3,0.30169750629000924,0.30602302922940655
1,2,C,raw,20263003,pooled,4,0.2925504727830309,0.2981260647359455
1,2,C,raw,20263003,0,0,0.3198808426129513,0.32168513332521614
1,2,C,raw,20263003,0,1,0.3141893067102654,0.32201136226278254
1,2,C,raw,20263003,0,2,0.3211655796339154,0.32215329618336663
1,2,C,raw,20263003,0,3,0.31694623202166194,0.31829976522921044
1,2,C,raw,20263003,0,4,0.3152273528375044,0.3152422013695156
1,2,C,raw,20263003,1,0,0.5511140235910879,0.4404883011190234
1,2,C,raw,20263003,1,1,0.4623115577889447,0.4074457083764219
1,2,C,raw,20263003,1,2,0.3472312703583062,0.3474264705882353
1,2,C,raw,20263003,1,3,0.15579587698546807,0.20021299254526093
1,2,C,raw,20263003,1,4,0.07325383304940375,0.1512513601741023
1,2,C,gap,20263001,pooled,0,0.34249687970045123,0.34269906704274244
1,2,C,gap,20263001,pooled,1,0.3282259844257385,0.3287185734854358
1,2,C,gap,20263001,pooled,2,0.3236187583064363,0.3198866320264525
1,2,C,gap,20263001,pooled,3,0.30169750629000924,0.29622310057092666
1,2,C,gap,20263001,pooled,4,0.2925504727830309,0.2847066726377071
1,2,C,gap,20263001,0,0,0.3198808426129513,0.32541797916161863
1,2,C,gap,20263001,0,1,0.3141893067102654,0.31864197530864197
1,2,C,gap,20263001,0,2,0.3211655796339154,0.32114551410757686
1,2,C,gap,20263001,0,3,0.31694623202166194,0.3104338208184835
1,2,C,gap,20263001,0,4,0.3152273528375044,0.3056594365494889
1,2,C,gap,20263001,1,0,0.5511140235910879,0.49066390041493774
1,2,C,gap,20263001,1,1,0.4623115577889447,0.41657696447793324
1,2,C,gap,20263001,1,2,0.3472312703583062,0.3092691622103387
1,2,C,gap,20263001,1,3,0.15579587698546807,0.17713697219361482
1,2,C,gap,20263001,1,4,0.07325383304940375,0.1
1,2,C,gap,20263002,pooled,0,0.34249687970045123,0.3444005551403865
1,2,C,gap,20263002,pooled,1,0.3282259844257385,0.3312418866291649
1,2,C,gap,20263002,pooled,2,0.3236187583064363,0.3217391304347826
1,2,C,gap,20263002,pooled,3,0.30169750629000924,0.30573678290213724
1,2,C,gap,20263002,pooled,4,0.2925504727830309,0.28688524590163933
1,2,C,gap,20263002,0,0,0.3198808426129513,0.3255479698167445
1,2,C,gap,20263002,0,1,0.3141893067102654,0.32313829787234044
1,2,C,gap,20263002,0,2,0.3211655796339154,0.322835486281627
1,2,C,gap,20263002,0,3,0.31694623202166194,0.31826718417428324
1,2,C,gap,20263002,0,4,0.3152273528375044,0.30746156730408697
1,2,C,gap,20263002,1,0,0.5511140235910879,0.49901768172888017
1,2,C,gap,20263002,1,1,0.4623115577889447,0.4002057613168724
1,2,C,gap,20263002,1,2,0.3472312703583062,0.3123861566484517
1,2,C,gap,20263002,1,3,0.15579587698546807,0.19490586932447398
1,2,C,gap,20263002,1,4,0.07325383304940375,0.10497237569060773
1,2,C,gap,20263003,pooled,0,0.34249687970045123,0.3361609570418706
1,2,C,gap,20263003,pooled,1,0.3282259844257385,0.3309546978051681
1,2,C,gap,20263003,pooled,2,0.3236187583064363,0.32377087855053316
1,2,C,gap,20263003,pooled,3,0.30169750629000924,0.30310077519379847
1,2,C,gap,20263003,pooled,4,0.2925504727830309,0.2937166231110101
1,2,C,gap,20263003,0,0,0.3198808426129513,0.31989771066731615
1,2,C,gap,20263003,0,1,0.3141893067102654,0.3219335347432024
1,2,C,gap,20263003,0,2,0.3211655796339154,0.32155625657202946
1,2,C,gap,20263003,0,3,0.31694623202166194,0.3185862580326248
1,2,C,gap,20263003,0,4,0.3152273528375044,0.3153290224419932
1,2,C,gap,20263003,1,0,0.5511140235910879,0.47202441505595116
1,2,C,gap,20263003,1,1,0.4623115577889447,0.4075975359342916
1,2,C,gap,20263003,1,2,0.3472312703583062,0.34314627414903404
1,2,C,gap,20263003,1,3,0.15579587698546807,0.1695095948827292
1,2,C,gap,20263003,1,4,0.07325383304940375,0.10722100656455143
1,2,C,direct,20263001,pooled,0,0.34249687970045123,0.3480233311730395
1,2,C,direct,20263001,pooled,1,0.3282259844257385,0.3285619174434088
1,2,C,direct,20263001,pooled,2,0.3236187583064363,0.3229649238914626
1,2,C,direct,20263001,pooled,3,0.30169750629000924,0.2911894273127753
1,2,C,direct,20263001,pooled,4,0.2925504727830309,0.29256567915036336
1,2,C,direct,20263001,0,0,0.3198808426129513,0.31852209611205023
1,2,C,direct,20263001,0,1,0.3141893067102654,0.3115565454095521
1,2,C,direct,20263001,0,2,0.3211655796339154,0.32377526187705
1,2,C,direct,20263001,0,3,0.31694623202166194,0.3070953436807095
1,2,C,direct,20263001,0,4,0.3152273528375044,0.3177918687057068
1,2,C,direct,20263001,1,0,0.5511140235910879,0.5983606557377049
1,2,C,direct,20263001,1,1,0.4623115577889447,0.47634408602150535
1,2,C,direct,20263001,1,2,0.3472312703583062,0.31616341030195383
1,2,C,direct,20263001,1,3,0.15579587698546807,0.15696465696465697
1,2,C,direct,20263001,1,4,0.07325383304940375,0.06762749445676275
1,2,C,direct,20263002,pooled,0,0.34249687970045123,0.3491218733368813
1,2,C,direct,20263002,pooled,1,0.3282259844257385,0.3372595634320294
1,2,C,direct,20263002,pooled,2,0.3236187583064363,0.32300163132137033
1,2,C,direct,20263002,pooled,3,0.30169750629000924,0.3080040526849038
1,2,C,direct,20263002,pooled,4,0.2925504727830309,0.297118511043839
1,2,C,direct,20263002,0,0,0.3198808426129513,0.31923030954942033
1,2,C,direct,20263002,0,1,0.3141893067102654,0.3204539966191741
1,2,C,direct,20263002,0,2,0.3211655796339154,0.32279837154488966
1,2,C,direct,20263002,0,3,0.31694623202166194,0.3241042345276873
1,2,C,direct,20263002,0,4,0.3152273528375044,0.3231806266383722
1,2,C,direct,20263002,1,0,0.5511140235910879,0.5924124513618677
1,2,C,direct,20263002,1,1,0.4623115577889447,0.48045267489711935
1,2,C,direct,20263002,1,2,0.3472312703583062,0.3247470101195952
1,2,C,direct,20263002,1,3,0.15579587698546807,0.16537180910099888
1,2,C,direct,20263002,1,4,0.07325383304940375,0.0671806167400881
1,2,C,direct,20263003,pooled,0,0.34249687970045123,0.34690783060760316
1,2,C,direct,20263003,pooled,1,0.3282259844257385,0.3304470180755493
1,2,C,direct,20263003,pooled,2,0.3236187583064363,0.31998866962515343
1,2,C,direct,20263003,pooled,3,0.30169750629000924,0.3008869179600887
1,2,C,direct,20263003,pooled,4,0.2925504727830309,0.2971896689043122
1,2,C,direct,20263003,0,0,0.3198808426129513,0.32000971935366296
1,2,C,direct,20263003,0,1,0.3141893067102654,0.31608222490931076
1,2,C,direct,20263003,0,2,0.3211655796339154,0.3194152292806058
1,2,C,direct,20263003,0,3,0.31694623202166194,0.3170912688597576
1,2,C,direct,20263003,0,4,0.3152273528375044,0.3233092247176754
1,2,C,direct,20263003,1,0,0.5511140235910879,0.5678642714570858
1,2,C,direct,20263003,1,1,0.4623115577889447,0.45304437564499483
1,2,C,direct,20263003,1,2,0.3472312703583062,0.3250230840258541
1,2,C,direct,20263003,1,3,0.15579587698546807,0.16059957173447537
1,2,C,direct,20263003,1,4,0.07325383304940375,0.07048458149779736
