arm,fit_seed,generation_seed,group,field,real_events,generated_events,real_customers,generated_customers,log_w1,real_median,generated_median
current,20260930,20261011,all,gap,177850,185644,147,147,0.06167509811607966,17524.0,16747.5
current,20260930,20261011,all,amount_or_numeric_value,177997,185791,147,147,0.044642369423125265,49.06,50.2
current,20260930,20261011,all,relative,177262,185056,147,147,0.036570063250993164,0.9974160322970955,0.996668133047069
current,20260930,20261011,all,normal_relative,177190,184937,135,135,0.037594856110218136,1.0025733055904533,1.001570729003049
current,20260930,20261011,all,past_amount,177262,185056,147,147,0.12404624426995152,45.735,49.879999999999995
current,20260930,20261011,all,past_gap,177115,184909,147,147,0.08213519274989067,17364.5,16603.0
current,20260930,20261011,all,past_normal_amount,177190,184937,135,135,0.1258641981068273,45.489999999999995,49.71
current,20260930,20261011,label_0,gap,176716,184606,135,138,0.06324435546892922,17604.5,16811.0
current,20260930,20261011,label_0,amount_or_numeric_value,176851,184737,135,138,0.04613192362759655,48.8,50.03
current,20260930,20261011,label_0,relative,176176,184087,135,138,0.03484721143472834,0.9935297579672598,0.9936045024302891
current,20260930,20261011,label_0,normal_relative,176176,184056,135,135,0.035209927176551775,0.9979956623243831,0.9983431544630461
current,20260930,20261011,label_0,past_amount,176176,184087,135,138,0.12449963561162596,45.695,49.835
current,20260930,20261011,label_0,past_gap,176041,183958,135,138,0.08106414641550828,17344.5,16614.0
current,20260930,20261011,label_0,past_normal_amount,176176,184056,135,135,0.1255494648081854,45.51,49.71
current,20260930,20261011,label_1,gap,1134,1038,114,105,0.1701353505873109,4598.5,6121.5
current,20260930,20261011,label_1,amount_or_numeric_value,1146,1054,114,105,0.22769157554886144,361.07,331.34
current,20260930,20261011,label_1,relative,1086,969,114,105,0.2119473010137668,6.934483835146863,5.098107530287434
current,20260930,20261011,label_1,normal_relative,1014,881,102,87,0.27833193682792007,11.304836497689719,8.85515138314093
current,20260930,20261011,label_1,past_amount,1086,969,114,105,0.09714398433805195,59.045,62.625
current,20260930,20261011,label_1,past_gap,1074,951,114,104,0.3216583837666657,21068.75,15051.5
current,20260930,20261011,label_1,past_normal_amount,1014,881,102,87,0.1874962290821697,41.625,48.34
current,20260930,20261011,continuation,gap,912,804,102,89,0.19078910945081173,3849.0,5420.5
current,20260930,20261011,continuation,amount_or_numeric_value,912,804,102,89,0.19487801050293543,391.6,355.0
current,20260930,20261011,continuation,relative,912,801,102,89,0.1539794092009268,7.427642418049915,6.30301737925152
current,20260930,20261011,continuation,normal_relative,912,792,102,87,0.24699282908646025,11.520029216665643,9.180390680393886
current,20260930,20261011,continuation,past_amount,912,801,102,89,0.06286309235377827,58.472500000000004,61.9
current,20260930,20261011,continuation,past_gap,912,799,102,88,0.3687090166146352,21600.0,14830.5
current,20260930,20261011,continuation,past_normal_amount,912,792,102,87,0.19215983513861262,41.625,48.34
current,20260930,20261011,first_normal,gap,0,0,0,0,,,
current,20260930,20261011,first_normal,amount_or_numeric_value,135,131,135,131,1.298177107643963,50.74,172.42
current,20260930,20261011,first_normal,relative,0,0,0,0,,,
current,20260930,20261011,first_normal,normal_relative,0,0,0,0,,,
current,20260930,20261011,first_normal,past_amount,0,0,0,0,,,
current,20260930,20261011,first_normal,past_gap,0,0,0,0,,,
current,20260930,20261011,first_normal,past_normal_amount,0,0,0,0,,,
current,20260930,20261011,left_fraud,gap,120,143,12,16,0.7316369501723333,2533.0,5818.0
current,20260930,20261011,left_fraud,amount_or_numeric_value,132,159,12,16,0.28061897708445216,540.625,314.7
current,20260930,20261011,left_fraud,relative,72,79,12,16,0.2308717200727129,1.443692303858085,1.0845023712400093
current,20260930,20261011,left_fraud,normal_relative,0,0,0,0,,,
current,20260930,20261011,left_fraud,past_amount,72,79,12,16,0.2642328674947462,310.355,306.945
current,20260930,20261011,left_fraud,past_gap,60,63,12,16,1.0804471480837887,2377.5,6478.5
current,20260930,20261011,left_fraud,past_normal_amount,0,0,0,0,,,
current,20260930,20261011,normal_stay,gap,176615,184508,135,137,0.06239555914800489,17598.0,16816.0
current,20260930,20261011,normal_stay,amount_or_numeric_value,176615,184508,135,137,0.04568638889234448,48.8,50.0
current,20260930,20261011,normal_stay,relative,176075,183989,135,137,0.034980893227785234,0.993868792152054,0.9936974789915967
current,20260930,20261011,normal_stay,normal_relative,176075,183967,135,135,0.03533958107011884,0.9979188345473465,0.9981370316704615
current,20260930,20261011,normal_stay,past_amount,176075,183989,135,137,0.12452712779127197,45.68,49.825
current,20260930,20261011,normal_stay,past_gap,175940,183860,135,137,0.08107195739559947,17348.0,16617.5
current,20260930,20261011,normal_stay,past_normal_amount,176075,183967,135,135,0.12554231257486137,45.51,49.71
current,20260930,20261011,onset,gap,102,91,102,89,1.3347113378918034,57328.0,18748.0
current,20260930,20261011,onset,amount_or_numeric_value,102,91,102,89,0.8046873234615063,318.52,261.53
current,20260930,20261011,onset,relative,102,89,102,87,0.5756756052350835,8.904323417665521,4.8176004093118445
current,20260930,20261011,onset,normal_relative,102,89,102,87,0.5676685986995498,8.904323417665521,4.8176004093118445
current,20260930,20261011,onset,past_amount,102,89,102,87,0.14372507729499898,42.155,48.34
current,20260930,20261011,onset,past_gap,102,89,102,87,0.2982554109701907,26191.75,18626.0
current,20260930,20261011,onset,past_normal_amount,102,89,102,87,0.147398527699184,42.155,48.34
current,20260930,20261011,return_normal,gap,101,98,101,96,1.5949178640080177,41621.0,8475.5
current,20260930,20261011,return_normal,amount_or_numeric_value,101,98,101,96,0.4996134240682637,50.71,65.68
current,20260930,20261011,return_normal,relative,101,98,101,96,0.24395371119232306,0.40535045478865706,0.6022805505671327
current,20260930,20261011,return_normal,normal_relative,101,89,101,87,0.25088762897826794,1.1340178867174562,1.3899822971987918
current,20260930,20261011,return_normal,past_amount,101,98,101,96,0.19382751089393335,96.185,91.3125
current,20260930,20261011,return_normal,past_gap,101,98,101,96,0.15346581667813128,14673.5,12378.5
current,20260930,20261011,return_normal,past_normal_amount,101,89,101,87,0.14607519902693755,42.295,48.34
current,20260930,20261011,recovery20,gap,1964,1879,101,96,0.4600132914597061,28648.0,18351.0
current,20260930,20261011,recovery20,amount_or_numeric_value,1964,1879,101,96,0.1138178033291328,50.71,53.43
current,20260930,20261011,recovery20,relative,1964,1879,101,96,0.025840472810787413,0.5551652593295426,0.5987797180727962
current,20260930,20261011,recovery20,normal_relative,1964,1848,101,93,0.027767939563462515,1.0127371775100973,1.0154340621830178
current,20260930,20261011,recovery20,past_amount,1964,1879,101,96,0.07250780550361105,73.25999999999999,73.18
current,20260930,20261011,recovery20,past_gap,1964,1879,101,96,0.33111263452653455,17730.5,13610.0
current,20260930,20261011,recovery20,past_normal_amount,1964,1848,101,93,0.15847595135229178,46.03,52.345
current,20260930,20261012,all,gap,177850,210829,147,147,0.1557291714359442,17524.0,15262.0
current,20260930,20261012,all,amount_or_numeric_value,177997,210976,147,147,0.03678484269985354,49.06,49.69
current,20260930,20261012,all,relative,177262,210241,147,147,0.036656441396009404,0.9974160322970955,0.997047659215521
current,20260930,20261012,all,normal_relative,177190,210119,135,141,0.03739535842119515,1.0025733055904533,1.0022636796503004
current,20260930,20261012,all,past_amount,177262,210241,147,147,0.12121967918361837,45.735,49.44
current,20260930,20261012,all,past_gap,177115,210094,147,147,0.1635641288254365,17364.5,14967.5
current,20260930,20261012,all,past_normal_amount,177190,210119,135,141,0.12246271378375974,45.489999999999995,49.285
current,20260930,20261012,label_0,gap,176716,209745,135,141,0.157619263439597,17604.5,15316.0
current,20260930,20261012,label_0,amount_or_numeric_value,176851,209879,135,141,0.037844059456507526,48.8,49.48
current,20260930,20261012,label_0,relative,176176,209209,135,141,0.03475241145823547,0.9935297579672598,0.993627509919442
current,20260930,20261012,label_0,normal_relative,176176,209174,135,141,0.0350715670855304,0.9979956623243831,0.9985610458786056
current,20260930,20261012,label_0,past_amount,176176,209209,135,141,0.1215114670548731,45.695,49.4
current,20260930,20261012,label_0,past_gap,176041,209075,135,141,0.1620489702593214,17344.5,14975.5
current,20260930,20261012,label_0,past_normal_amount,176176,209174,135,141,0.12235337905263914,45.51,49.2975
current,20260930,20261012,label_1,gap,1134,1084,114,105,0.1146450564645148,4598.5,5212.5
current,20260930,20261012,label_1,amount_or_numeric_value,1146,1097,114,105,0.10555559889400698,361.07,345.13
current,20260930,20261012,label_1,relative,1086,1032,114,105,0.1840660610676014,6.934483835146863,5.410729363329274
current,20260930,20261012,label_1,normal_relative,1014,945,102,92,0.19249646071135923,11.304836497689719,9.458291312490996
current,20260930,20261012,label_1,past_amount,1086,1032,114,105,0.1537349277743848,59.045,63.035
current,20260930,20261012,label_1,past_gap,1074,1019,114,105,0.48189796072705915,21068.75,13034.5
current,20260930,20261012,label_1,past_normal_amount,1014,945,102,92,0.13385979025574601,41.625,46.224999999999994
current,20260930,20261012,continuation,gap,912,851,102,92,0.1149623330761544,3849.0,4428.0
current,20260930,20261012,continuation,amount_or_numeric_value,912,851,102,92,0.08939080738940602,391.6,351.67
current,20260930,20261012,continuation,relative,912,851,102,92,0.12223574894084219,7.427642418049915,6.496972466582886
current,20260930,20261012,continuation,normal_relative,912,851,102,92,0.15569045974480497,11.520029216665643,10.10355799826439
current,20260930,20261012,continuation,past_amount,912,851,102,92,0.10385875377126678,58.472500000000004,61.935
current,20260930,20261012,continuation,past_gap,912,851,102,92,0.5175907269235482,21600.0,13506.5
current,20260930,20261012,continuation,past_normal_amount,912,851,102,92,0.13418712725458826,41.625,44.5
current,20260930,20261012,first_normal,gap,0,0,0,0,,,
current,20260930,20261012,first_normal,amount_or_numeric_value,135,134,135,134,1.264003439971588,50.74,159.475
current,20260930,20261012,first_normal,relative,0,0,0,0,,,
current,20260930,20261012,first_normal,normal_relative,0,0,0,0,,,
current,20260930,20261012,first_normal,past_amount,0,0,0,0,,,
current,20260930,20261012,first_normal,past_gap,0,0,0,0,,,
current,20260930,20261012,first_normal,past_normal_amount,0,0,0,0,,,
current,20260930,20261012,left_fraud,gap,120,139,12,13,0.5885499068330917,2533.0,6366.0
current,20260930,20261012,left_fraud,amount_or_numeric_value,132,152,12,13,0.20249333512369821,540.625,755.4
current,20260930,20261012,left_fraud,relative,72,87,12,13,0.1901834640966033,1.443692303858085,1.110874960072729
current,20260930,20261012,left_fraud,normal_relative,0,0,0,0,,,
current,20260930,20261012,left_fraud,past_amount,72,87,12,13,0.2799406239227022,310.355,530.495
current,20260930,20261012,left_fraud,past_gap,60,74,12,13,0.7962608960032995,2377.5,6366.0
current,20260930,20261012,left_fraud,past_normal_amount,0,0,0,0,,,
current,20260930,20261012,normal_stay,gap,176615,209644,135,141,0.15676176339131037,17598.0,15319.5
current,20260930,20261012,normal_stay,amount_or_numeric_value,176615,209644,135,141,0.03757760241267934,48.8,49.45
current,20260930,20261012,normal_stay,relative,176075,209108,135,141,0.03487814942856333,0.993868792152054,0.9938462734501736
current,20260930,20261012,normal_stay,normal_relative,176075,209080,135,141,0.03520536503026062,0.9979188345473465,0.9984861970965989
current,20260930,20261012,normal_stay,past_amount,176075,209108,135,141,0.12152741336250389,45.68,49.394999999999996
current,20260930,20261012,normal_stay,past_gap,175940,208974,135,141,0.1620610350101367,17348.0,14977.5
current,20260930,20261012,normal_stay,past_normal_amount,176075,209080,135,141,0.12234695007609604,45.51,49.3
current,20260930,20261012,onset,gap,102,94,102,92,1.3917195880688267,57328.0,12908.5
current,20260930,20261012,onset,amount_or_numeric_value,102,94,102,92,0.6654635422735395,318.52,282.89
current,20260930,20261012,onset,relative,102,94,102,92,0.5520926047543373,8.904323417665521,4.934190128150671
current,20260930,20261012,onset,normal_relative,102,94,102,92,0.5385565372009778,8.904323417665521,4.934190128150671
current,20260930,20261012,onset,past_amount,102,94,102,92,0.14286165194058362,42.155,46.9275
current,20260930,20261012,onset,past_gap,102,94,102,92,0.494935811898117,26191.75,17062.75
current,20260930,20261012,onset,past_normal_amount,102,94,102,92,0.13183767930654122,42.155,46.459999999999994
current,20260930,20261012,return_normal,gap,101,101,101,99,1.7775269857340095,41621.0,6965.0
current,20260930,20261012,return_normal,amount_or_numeric_value,101,101,101,99,0.46089359067616104,50.71,50.19
current,20260930,20261012,return_normal,relative,101,101,101,99,0.21841308080869992,0.40535045478865706,0.4450057186427755
current,20260930,20261012,return_normal,normal_relative,101,94,101,92,0.2743972779231698,1.1340178867174562,1.2611761054252046
current,20260930,20261012,return_normal,past_amount,101,101,101,99,0.21365770945587823,96.185,110.145
current,20260930,20261012,return_normal,past_gap,101,101,101,99,0.3788074160767385,14673.5,10498.0
current,20260930,20261012,return_normal,past_normal_amount,101,94,101,92,0.13047334597153143,42.295,46.459999999999994
current,20260930,20261012,recovery20,gap,1964,1974,101,99,0.5881696597108403,28648.0,16557.0
current,20260930,20261012,recovery20,amount_or_numeric_value,1964,1974,101,99,0.069577273595177,50.71,48.125
current,20260930,20261012,recovery20,relative,1964,1974,101,99,0.03482365593312936,0.5551652593295426,0.49568807707051926
current,20260930,20261012,recovery20,normal_relative,1964,1939,101,99,0.04503989726742509,1.0127371775100973,0.9491370442336267
current,20260930,20261012,recovery20,past_amount,1964,1974,101,99,0.12656094087899966,73.25999999999999,74.405
current,20260930,20261012,recovery20,past_gap,1964,1974,101,99,0.5309015780672859,17730.5,11137.5
current,20260930,20261012,recovery20,past_normal_amount,1964,1939,101,99,0.1287118539834718,46.03,49.675
current,20260930,20261021,all,gap,177850,196894,147,147,0.07751458551992434,17524.0,16433.5
current,20260930,20261021,all,amount_or_numeric_value,177997,197041,147,147,0.0411511016998963,49.06,50.12
current,20260930,20261021,all,relative,177262,196306,147,147,0.035611846384662416,0.9974160322970955,0.9994098528968229
current,20260930,20261021,all,normal_relative,177190,196207,135,142,0.037278704925675664,1.0025733055904533,1.0038550501156516
current,20260930,20261021,all,past_amount,177262,196306,147,147,0.12140647319351618,45.735,49.83
current,20260930,20261021,all,past_gap,177115,196159,147,147,0.08990431058002343,17364.5,16161.5
current,20260930,20261021,all,past_normal_amount,177190,196207,135,142,0.1229553480799153,45.489999999999995,49.705
current,20260930,20261021,label_0,gap,176716,195973,135,144,0.0799237646482351,17604.5,16481.0
current,20260930,20261021,label_0,amount_or_numeric_value,176851,196112,135,144,0.04305611598116463,48.8,49.95
current,20260930,20261021,label_0,relative,176176,195423,135,144,0.03365308753118985,0.9935297579672598,0.9960360360360361
current,20260930,20261021,label_0,normal_relative,176176,195393,135,142,0.034453779278124326,0.9979956623243831,1.0006487187804087
current,20260930,20261021,label_0,past_amount,176176,195423,135,144,0.12162082244909318,45.695,49.795
current,20260930,20261021,label_0,past_gap,176041,195285,135,144,0.08892804185856722,17344.5,16156.5
current,20260930,20261021,label_0,past_normal_amount,176176,195393,135,142,0.12245608710158079,45.51,49.705
current,20260930,20261021,label_1,gap,1134,921,114,95,0.15200621937202388,4598.5,6109.0
current,20260930,20261021,label_1,amount_or_numeric_value,1146,929,114,95,0.11529189644718639,361.07,336.03
current,20260930,20261021,label_1,relative,1086,883,114,94,0.18382179937280876,6.934483835146863,4.968516388729155
current,20260930,20261021,label_1,normal_relative,1014,814,102,85,0.295906538672993,11.304836497689719,7.47935175212483
current,20260930,20261021,label_1,past_amount,1086,883,114,94,0.1408596957216932,59.045,61.96000000000001
current,20260930,20261021,label_1,past_gap,1074,874,114,94,0.2459761199084164,21068.75,17684.5
current,20260930,20261021,label_1,past_normal_amount,1014,814,102,85,0.2211864796639711,41.625,49.845
current,20260930,20261021,continuation,gap,912,745,102,87,0.23061692850767956,3849.0,5180.0
current,20260930,20261021,continuation,amount_or_numeric_value,912,745,102,87,0.07497502521820111,391.6,341.76
current,20260930,20261021,continuation,relative,912,740,102,87,0.12217249491493472,7.427642418049915,6.062041361808191
current,20260930,20261021,continuation,normal_relative,912,725,102,85,0.23432679316702626,11.520029216665643,8.431197771587746
current,20260930,20261021,continuation,past_amount,912,740,102,87,0.1268552370386174,58.472500000000004,61.81999999999999
current,20260930,20261021,continuation,past_gap,912,738,102,87,0.2296884476534318,21600.0,18230.5
current,20260930,20261021,continuation,past_normal_amount,912,725,102,85,0.22377009434228967,41.625,49.845
current,20260930,20261021,first_normal,gap,0,0,0,0,,,
current,20260930,20261021,first_normal,amount_or_numeric_value,135,139,135,139,1.1706493573188486,50.74,160.25
current,20260930,20261021,first_normal,relative,0,0,0,0,,,
current,20260930,20261021,first_normal,normal_relative,0,0,0,0,,,
current,20260930,20261021,first_normal,past_amount,0,0,0,0,,,
current,20260930,20261021,first_normal,past_gap,0,0,0,0,,,
current,20260930,20261021,first_normal,past_normal_amount,0,0,0,0,,,
current,20260930,20261021,left_fraud,gap,120,85,12,8,0.4978905818274185,2533.0,4165.0
current,20260930,20261021,left_fraud,amount_or_numeric_value,132,93,12,8,0.42228196577664473,540.625,805.98
current,20260930,20261021,left_fraud,relative,72,54,12,7,0.2321334686159791,1.443692303858085,1.1499570911213588
current,20260930,20261021,left_fraud,normal_relative,0,0,0,0,,,
current,20260930,20261021,left_fraud,past_amount,72,54,12,7,0.4118611154258979,310.355,702.88
current,20260930,20261021,left_fraud,past_gap,60,47,12,7,0.9909766169272876,2377.5,7103.0
current,20260930,20261021,left_fraud,past_normal_amount,0,0,0,0,,,
current,20260930,20261021,normal_stay,gap,176615,195877,135,144,0.0789313687495012,17598.0,16490.0
current,20260930,20261021,normal_stay,amount_or_numeric_value,176615,195877,135,144,0.04253687232366144,48.8,49.92
current,20260930,20261021,normal_stay,relative,176075,195328,135,144,0.03376342467682503,0.993868792152054,0.9963193769623236
current,20260930,20261021,normal_stay,normal_relative,176075,195304,135,142,0.03451252759107731,0.9979188345473465,1.0005009545813168
current,20260930,20261021,normal_stay,past_amount,176075,195328,135,144,0.12162196697174041,45.68,49.79
current,20260930,20261021,normal_stay,past_gap,175940,195190,135,144,0.08896594216008503,17348.0,16157.0
current,20260930,20261021,normal_stay,past_normal_amount,176075,195304,135,142,0.1224185970612424,45.51,49.705
current,20260930,20261021,onset,gap,102,91,102,87,1.2873937943460367,57328.0,15369.0
current,20260930,20261021,onset,amount_or_numeric_value,102,91,102,87,1.0401715797441944,318.52,129.53
current,20260930,20261021,onset,relative,102,89,102,85,0.8058082567300154,8.904323417665521,2.5358095330456285
current,20260930,20261021,onset,normal_relative,102,89,102,85,0.7935568302128608,8.904323417665521,2.5358095330456285
current,20260930,20261021,onset,past_amount,102,89,102,85,0.21322793591979408,42.155,49.845
current,20260930,20261021,onset,past_gap,102,89,102,85,0.29117250995183036,26191.75,19306.0
current,20260930,20261021,onset,past_normal_amount,102,89,102,85,0.1999060355377592,42.155,49.845
current,20260930,20261021,return_normal,gap,101,96,101,92,1.9610952315637828,41621.0,4463.5
current,20260930,20261021,return_normal,amount_or_numeric_value,101,96,101,92,0.5125042102134253,50.71,62.095
current,20260930,20261021,return_normal,relative,101,95,101,91,0.23027231469488726,0.40535045478865706,0.5558734078111356
current,20260930,20261021,return_normal,normal_relative,101,89,101,85,0.16797857807887195,1.1340178867174562,1.244092318291423
current,20260930,20261021,return_normal,past_amount,101,95,101,91,0.15460227308088043,96.185,80.00999999999999
current,20260930,20261021,return_normal,past_gap,101,95,101,91,0.08693687034633645,14673.5,14241.5
current,20260930,20261021,return_normal,past_normal_amount,101,89,101,85,0.19815515055507535,42.295,49.845
current,20260930,20261021,recovery20,gap,1964,1818,101,92,0.5046377667125457,28648.0,17425.0
current,20260930,20261021,recovery20,amount_or_numeric_value,1964,1818,101,92,0.08149553632610329,50.71,50.004999999999995
current,20260930,20261021,recovery20,relative,1964,1817,101,92,0.025801446917096096,0.5551652593295426,0.6059113300492611
current,20260930,20261021,recovery20,normal_relative,1964,1787,101,90,0.054928187253958226,1.0127371775100973,0.9988356961851929
current,20260930,20261021,recovery20,past_amount,1964,1817,101,92,0.0637816107497061,73.25999999999999,71.41499999999999
current,20260930,20261021,recovery20,past_gap,1964,1816,101,92,0.3551555004148542,17730.5,12593.25
current,20260930,20261021,recovery20,past_normal_amount,1964,1787,101,90,0.15794276467580323,46.03,52.715
current,20260930,20261022,all,gap,177850,208485,147,147,0.13395296716174818,17524.0,15488.0
current,20260930,20261022,all,amount_or_numeric_value,177997,208632,147,147,0.025811273849605288,49.06,49.02
current,20260930,20261022,all,relative,177262,207897,147,147,0.03353563392157638,0.9974160322970955,0.9971302257038703
current,20260930,20261022,all,normal_relative,177190,207696,135,142,0.0343112331277474,1.0025733055904533,1.001999718862828
current,20260930,20261022,all,past_amount,177262,207897,147,147,0.10711705376288616,45.735,48.815
current,20260930,20261022,all,past_gap,177115,207750,147,147,0.14621461999190966,17364.5,15192.5
current,20260930,20261022,all,past_normal_amount,177190,207696,135,142,0.10847678455236433,45.489999999999995,48.645
current,20260930,20261022,label_0,gap,176716,207356,135,145,0.13614891831332263,17604.5,15537.5
current,20260930,20261022,label_0,amount_or_numeric_value,176851,207489,135,145,0.02649661991160186,48.8,48.79
current,20260930,20261022,label_0,relative,176176,206830,135,145,0.03166705103099016,0.9935297579672598,0.9935474071347431
current,20260930,20261022,label_0,normal_relative,176176,206772,135,142,0.03203699382931236,0.9979956623243831,0.9984924645954151
current,20260930,20261022,label_0,past_amount,176176,206830,135,145,0.10699065595208845,45.695,48.76
current,20260930,20261022,label_0,past_gap,176041,206700,135,145,0.14497137280159425,17344.5,15194.0
current,20260930,20261022,label_0,past_normal_amount,176176,206772,135,142,0.10803826059212987,45.51,48.635000000000005
current,20260930,20261022,label_1,gap,1134,1129,114,106,0.12117532500989048,4598.5,5658.0
current,20260930,20261022,label_1,amount_or_numeric_value,1146,1143,114,106,0.08142039744278572,361.07,347.5
current,20260930,20261022,label_1,relative,1086,1067,114,106,0.2473382504126745,6.934483835146863,4.579266684252176
current,20260930,20261022,label_1,normal_relative,1014,924,102,90,0.20779386084068452,11.304836497689719,8.57471707387965
current,20260930,20261022,label_1,past_amount,1086,1067,114,106,0.2746145595034474,59.045,67.94
current,20260930,20261022,label_1,past_gap,1074,1050,114,106,0.3798505283290168,21068.75,14428.5
current,20260930,20261022,label_1,past_normal_amount,1014,924,102,90,0.20317858176757386,41.625,52.835
current,20260930,20261022,continuation,gap,912,864,102,92,0.20569548252099293,3849.0,5186.5
current,20260930,20261022,continuation,amount_or_numeric_value,912,864,102,92,0.06928674689847879,391.6,358.24
current,20260930,20261022,continuation,relative,912,861,102,92,0.15738226828315402,7.427642418049915,5.594953030023945
current,20260930,20261022,continuation,normal_relative,912,832,102,90,0.16742993132231265,11.520029216665643,9.504159856543037
current,20260930,20261022,continuation,past_amount,912,861,102,92,0.18428876761847496,58.472500000000004,66.32
current,20260930,20261022,continuation,past_gap,912,858,102,92,0.3928329782732535,21600.0,15184.75
current,20260930,20261022,continuation,past_normal_amount,912,832,102,90,0.2067011280252813,41.625,52.8725
current,20260930,20261022,first_normal,gap,0,0,0,0,,,
current,20260930,20261022,first_normal,amount_or_numeric_value,135,133,135,133,0.9868952470935975,50.74,89.18
current,20260930,20261022,first_normal,relative,0,0,0,0,,,
current,20260930,20261022,first_normal,normal_relative,0,0,0,0,,,
current,20260930,20261022,first_normal,past_amount,0,0,0,0,,,
current,20260930,20261022,first_normal,past_gap,0,0,0,0,,,
current,20260930,20261022,first_normal,past_normal_amount,0,0,0,0,,,
current,20260930,20261022,left_fraud,gap,120,170,12,14,0.718977980567624,2533.0,5896.5
current,20260930,20261022,left_fraud,amount_or_numeric_value,132,184,12,14,0.2527459308181346,540.625,380.52
current,20260930,20261022,left_fraud,relative,72,114,12,14,0.29411851311604037,1.443692303858085,1.009126342716029
current,20260930,20261022,left_fraud,normal_relative,0,0,0,0,,,
current,20260930,20261022,left_fraud,past_amount,72,114,12,14,0.3619748858368174,310.355,377.935
current,20260930,20261022,left_fraud,past_gap,60,100,12,14,1.1288544822911453,2377.5,7211.25
current,20260930,20261022,left_fraud,past_normal_amount,0,0,0,0,,,
current,20260930,20261022,normal_stay,gap,176615,207249,135,144,0.1353199349583984,17598.0,15542.0
current,20260930,20261022,normal_stay,amount_or_numeric_value,176615,207249,135,144,0.02637514120900643,48.8,48.77
current,20260930,20261022,normal_stay,relative,176075,206723,135,144,0.03178418752612574,0.993868792152054,0.9937846836847948
current,20260930,20261022,normal_stay,normal_relative,176075,206680,135,142,0.03215540597550322,0.9979188345473465,0.9983682460901643
current,20260930,20261022,normal_stay,past_amount,176075,206723,135,144,0.10698378166689039,45.68,48.754999999999995
current,20260930,20261022,normal_stay,past_gap,175940,206593,135,144,0.14498400323131252,17348.0,15195.5
current,20260930,20261022,normal_stay,past_normal_amount,176075,206680,135,142,0.10801180115264644,45.51,48.635000000000005
current,20260930,20261022,onset,gap,102,95,102,92,1.5871022464786262,57328.0,11571.0
current,20260930,20261022,onset,amount_or_numeric_value,102,95,102,92,0.7578067139653988,318.52,256.2
current,20260930,20261022,onset,relative,102,92,102,90,0.6200302464644247,8.904323417665521,4.327435867021228
current,20260930,20261022,onset,normal_relative,102,92,102,90,0.6109275129787313,8.904323417665521,4.327435867021228
current,20260930,20261022,onset,past_amount,102,92,102,90,0.18401095165305745,42.155,51.91
current,20260930,20261022,onset,past_gap,102,92,102,90,0.39471611402600265,26191.75,17487.75
current,20260930,20261022,onset,past_normal_amount,102,92,102,90,0.17263029751131756,42.155,51.91
current,20260930,20261022,return_normal,gap,101,107,101,104,1.651417075054952,41621.0,8271.0
current,20260930,20261022,return_normal,amount_or_numeric_value,101,107,101,104,0.6275273021917576,50.71,75.14
current,20260930,20261022,return_normal,relative,101,107,101,104,0.22360996347368187,0.40535045478865706,0.5312433656499893
current,20260930,20261022,return_normal,normal_relative,101,92,101,90,0.2889381732044085,1.1340178867174562,1.32734933406845
current,20260930,20261022,return_normal,past_amount,101,107,101,104,0.22736309836159171,96.185,111.08500000000001
current,20260930,20261022,return_normal,past_gap,101,107,101,104,0.30353530144252994,14673.5,10925.5
current,20260930,20261022,return_normal,past_normal_amount,101,92,101,90,0.17082606495434685,42.295,51.91
current,20260930,20261022,recovery20,gap,1964,2029,101,104,0.5233934596183878,28648.0,17772.0
current,20260930,20261022,recovery20,amount_or_numeric_value,1964,2029,101,104,0.0553878826948198,50.71,49.95
current,20260930,20261022,recovery20,relative,1964,2029,101,104,0.02946380623558091,0.5551652593295426,0.5091660065633132
current,20260930,20261022,recovery20,normal_relative,1964,1971,101,101,0.05170206102368201,1.0127371775100973,0.9319470699432892
current,20260930,20261022,recovery20,past_amount,1964,2029,101,104,0.1310071053825707,73.25999999999999,76.285
current,20260930,20261022,recovery20,past_gap,1964,2029,101,104,0.39958186812794727,17730.5,12360.0
current,20260930,20261022,recovery20,past_normal_amount,1964,1971,101,101,0.1391652356244722,46.03,51.36
fixed_joint,20260930,20261011,all,gap,177850,203530,147,147,0.1772663096442053,17524.0,14758.0
fixed_joint,20260930,20261011,all,amount_or_numeric_value,177997,203677,147,147,0.04053668956633094,49.06,50.02
fixed_joint,20260930,20261011,all,relative,177262,202942,147,147,0.033076656124348326,0.9974160322970955,0.9991579264068285
fixed_joint,20260930,20261011,all,normal_relative,177190,202875,135,136,0.03396898171055424,1.0025733055904533,1.0036357626838537
fixed_joint,20260930,20261011,all,past_amount,177262,202942,147,147,0.11599298024912216,45.735,49.55
fixed_joint,20260930,20261011,all,past_gap,177115,202795,147,147,0.1801633146565656,17364.5,14394.0
fixed_joint,20260930,20261011,all,past_normal_amount,177190,202875,135,136,0.11793440991756397,45.489999999999995,49.375
fixed_joint,20260930,20261011,label_0,gap,176716,202385,135,136,0.17992779063509803,17604.5,14797.0
fixed_joint,20260930,20261011,label_0,amount_or_numeric_value,176851,202519,135,136,0.041956230487579675,48.8,49.82
fixed_joint,20260930,20261011,label_0,relative,176176,201846,135,136,0.03222686971172283,0.9935297579672598,0.995027424981249
fixed_joint,20260930,20261011,label_0,normal_relative,176176,201839,135,136,0.03263789509966844,0.9979956623243831,1.0001103874599844
fixed_joint,20260930,20261011,label_0,past_amount,176176,201846,135,136,0.11629427779097554,45.695,49.480000000000004
fixed_joint,20260930,20261011,label_0,past_gap,176041,201711,135,136,0.17944852271031989,17344.5,14390.5
fixed_joint,20260930,20261011,label_0,past_normal_amount,176176,201839,135,136,0.11755444284730338,45.51,49.364999999999995
fixed_joint,20260930,20261011,label_1,gap,1134,1145,114,117,0.20139975206988064,4598.5,6682.0
fixed_joint,20260930,20261011,label_1,amount_or_numeric_value,1146,1158,114,118,0.12446013007493571,361.07,338.065
fixed_joint,20260930,20261011,label_1,relative,1086,1096,114,116,0.15574072987417492,6.934483835146863,5.2247107092101555
fixed_joint,20260930,20261011,label_1,normal_relative,1014,1036,102,104,0.2697354392473621,11.304836497689719,7.6015198256404295
fixed_joint,20260930,20261011,label_1,past_amount,1086,1096,114,116,0.085615831821232,59.045,64.28999999999999
fixed_joint,20260930,20261011,label_1,past_gap,1074,1084,114,116,0.29028682559053975,21068.75,15291.0
fixed_joint,20260930,20261011,label_1,past_normal_amount,1014,1036,102,104,0.2026758863397531,41.625,52.769999999999996
fixed_joint,20260930,20261011,continuation,gap,912,938,102,105,0.2582085946303601,3849.0,5839.5
fixed_joint,20260930,20261011,continuation,amount_or_numeric_value,912,938,102,105,0.08231059512857489,391.6,347.90999999999997
fixed_joint,20260930,20261011,continuation,relative,912,937,102,105,0.09310034564264132,7.427642418049915,6.26582963524191
fixed_joint,20260930,20261011,continuation,normal_relative,912,930,102,104,0.19806858929491072,11.520029216665643,9.112467401384347
fixed_joint,20260930,20261011,continuation,past_amount,912,937,102,105,0.07252687347342511,58.472500000000004,64.27
fixed_joint,20260930,20261011,continuation,past_gap,912,936,102,105,0.32888743063585435,21600.0,15410.75
fixed_joint,20260930,20261011,continuation,past_normal_amount,912,930,102,104,0.20257824161796878,41.625,52.730000000000004
fixed_joint,20260930,20261011,first_normal,gap,0,0,0,0,,,
fixed_joint,20260930,20261011,first_normal,amount_or_numeric_value,135,134,135,134,1.1999716787843682,50.74,109.045
fixed_joint,20260930,20261011,first_normal,relative,0,0,0,0,,,
fixed_joint,20260930,20261011,first_normal,normal_relative,0,0,0,0,,,
fixed_joint,20260930,20261011,first_normal,past_amount,0,0,0,0,,,
fixed_joint,20260930,20261011,first_normal,past_gap,0,0,0,0,,,
fixed_joint,20260930,20261011,first_normal,past_normal_amount,0,0,0,0,,,
fixed_joint,20260930,20261011,left_fraud,gap,120,100,12,12,0.9403195847225687,2533.0,8045.0
fixed_joint,20260930,20261011,left_fraud,amount_or_numeric_value,132,113,12,13,0.31570281433710023,540.625,765.51
fixed_joint,20260930,20261011,left_fraud,relative,72,53,12,11,0.19996775947639445,1.443692303858085,1.362317222211883
fixed_joint,20260930,20261011,left_fraud,normal_relative,0,0,0,0,,,
fixed_joint,20260930,20261011,left_fraud,past_amount,72,53,12,11,0.3281666187683768,310.355,350.3
fixed_joint,20260930,20261011,left_fraud,past_gap,60,42,12,11,0.9329588504772376,2377.5,6650.25
fixed_joint,20260930,20261011,left_fraud,past_normal_amount,0,0,0,0,,,
fixed_joint,20260930,20261011,normal_stay,gap,176615,202278,135,136,0.17916439799730022,17598.0,14800.0
fixed_joint,20260930,20261011,normal_stay,amount_or_numeric_value,176615,202278,135,136,0.041376554348904096,48.8,49.79
fixed_joint,20260930,20261011,normal_stay,relative,176075,201741,135,136,0.032354105132864144,0.993868792152054,0.9951997396468961
fixed_joint,20260930,20261011,normal_stay,normal_relative,176075,201735,135,136,0.0327396835303788,0.9979188345473465,0.999931623931624
fixed_joint,20260930,20261011,normal_stay,past_amount,176075,201741,135,136,0.11635762657745932,45.68,49.475
fixed_joint,20260930,20261011,normal_stay,past_gap,175940,201606,135,136,0.179495283315178,17348.0,14391.0
fixed_joint,20260930,20261011,normal_stay,past_normal_amount,176075,201735,135,136,0.11752193967711469,45.51,49.364999999999995
fixed_joint,20260930,20261011,onset,gap,102,107,102,105,1.4542053703682258,57328.0,16287.0
fixed_joint,20260930,20261011,onset,amount_or_numeric_value,102,107,102,105,1.2123725386781676,318.52,79.18
fixed_joint,20260930,20261011,onset,relative,102,106,102,104,0.9150800680837143,8.904323417665521,1.6639805370089078
fixed_joint,20260930,20261011,onset,normal_relative,102,106,102,104,0.9134074128140515,8.904323417665521,1.6639805370089078
fixed_joint,20260930,20261011,onset,past_amount,102,106,102,104,0.20475819935427036,42.155,53.88
fixed_joint,20260930,20261011,onset,past_gap,102,106,102,104,0.2773998704974024,26191.75,19199.75
fixed_joint,20260930,20261011,onset,past_normal_amount,102,106,102,104,0.20344926601503127,42.155,53.88
fixed_joint,20260930,20261011,return_normal,gap,101,107,101,105,1.5558859213791165,41621.0,7886.0
fixed_joint,20260930,20261011,return_normal,amount_or_numeric_value,101,107,101,105,0.5326400631406283,50.71,62.56
fixed_joint,20260930,20261011,return_normal,relative,101,105,101,103,0.2709133459762286,0.40535045478865706,0.6478884994157903
fixed_joint,20260930,20261011,return_normal,normal_relative,101,104,101,102,0.22466982711530425,1.1340178867174562,1.199787920810329
fixed_joint,20260930,20261011,return_normal,past_amount,101,105,101,103,0.0675744143324844,96.185,95.58500000000001
fixed_joint,20260930,20261011,return_normal,past_gap,101,105,101,103,0.14028540337405934,14673.5,12848.0
fixed_joint,20260930,20261011,return_normal,past_normal_amount,101,104,101,102,0.198908548206833,42.295,53.88
fixed_joint,20260930,20261011,recovery20,gap,1964,2063,101,105,0.49590502750951265,28648.0,17638.0
fixed_joint,20260930,20261011,recovery20,amount_or_numeric_value,1964,2063,101,105,0.1314265944660772,50.71,52.2
fixed_joint,20260930,20261011,recovery20,relative,1964,2058,101,105,0.021048431223721617,0.5551652593295426,0.5539446024452767
fixed_joint,20260930,20261011,recovery20,normal_relative,1964,2051,101,105,0.041022879899041076,1.0127371775100973,0.9777185974256546
fixed_joint,20260930,20261011,recovery20,past_amount,1964,2058,101,105,0.08995365239744718,73.25999999999999,76.02000000000001
fixed_joint,20260930,20261011,recovery20,past_gap,1964,2056,101,105,0.338399916452493,17730.5,13073.0
fixed_joint,20260930,20261011,recovery20,past_normal_amount,1964,2051,101,105,0.15756987308806247,46.03,53.76
fixed_joint,20260930,20261012,all,gap,177850,200225,147,147,0.07577716582229817,17524.0,16539.0
fixed_joint,20260930,20261012,all,amount_or_numeric_value,177997,200372,147,147,0.0457360472692746,49.06,50.26
fixed_joint,20260930,20261012,all,relative,177262,199637,147,147,0.03468989784721948,0.9974160322970955,0.9975881117248891
fixed_joint,20260930,20261012,all,normal_relative,177190,199615,135,143,0.035667009498892184,1.0025733055904533,1.0021218551076085
fixed_joint,20260930,20261012,all,past_amount,177262,199637,147,147,0.12171104111124607,45.735,50.105000000000004
fixed_joint,20260930,20261012,all,past_gap,177115,199490,147,147,0.08090997834146438,17364.5,16258.25
fixed_joint,20260930,20261012,all,past_normal_amount,177190,199615,135,143,0.12372129306598761,45.489999999999995,49.94
fixed_joint,20260930,20261012,label_0,gap,176716,199141,135,143,0.07758262815541203,17604.5,16606.0
fixed_joint,20260930,20261012,label_0,amount_or_numeric_value,176851,199283,135,143,0.0474772975671371,48.8,50.1
fixed_joint,20260930,20261012,label_0,relative,176176,198573,135,143,0.03362104228781439,0.9935297579672598,0.993526170798898
fixed_joint,20260930,20261012,label_0,normal_relative,176176,198568,135,143,0.03412843917685446,0.9979956623243831,0.9980629391874118
fixed_joint,20260930,20261012,label_0,past_amount,176176,198573,135,143,0.12143930692298303,45.695,50.06
fixed_joint,20260930,20261012,label_0,past_gap,176041,198431,135,143,0.08036047928089003,17344.5,16241.0
fixed_joint,20260930,20261012,label_0,past_normal_amount,176176,198568,135,143,0.12300812746951652,45.51,49.93
fixed_joint,20260930,20261012,label_1,gap,1134,1084,114,114,0.1189730272817062,4598.5,5847.0
fixed_joint,20260930,20261012,label_1,amount_or_numeric_value,1146,1089,114,114,0.17641483448842277,361.07,331.07
fixed_joint,20260930,20261012,label_1,relative,1086,1064,114,114,0.16047827361957664,6.934483835146863,5.5787731740817925
fixed_joint,20260930,20261012,label_1,normal_relative,1014,1047,102,109,0.29255856423239096,11.304836497689719,7.861176470588235
fixed_joint,20260930,20261012,label_1,past_amount,1086,1064,114,114,0.1952166935097941,59.045,62.595
fixed_joint,20260930,20261012,label_1,past_gap,1074,1059,114,114,0.1631325422662755,21068.75,19192.5
fixed_joint,20260930,20261012,label_1,past_normal_amount,1014,1047,102,109,0.2540872730781478,41.625,51.58
fixed_joint,20260930,20261012,continuation,gap,912,937,102,109,0.1598738442067113,3849.0,4993.0
fixed_joint,20260930,20261012,continuation,amount_or_numeric_value,912,937,102,109,0.13989742975802164,391.6,334.27
fixed_joint,20260930,20261012,continuation,relative,912,937,102,109,0.18691440149475433,7.427642418049915,5.875632975491188
fixed_joint,20260930,20261012,continuation,normal_relative,912,937,102,109,0.2760612769309972,11.520029216665643,8.133871380988982
fixed_joint,20260930,20261012,continuation,past_amount,912,937,102,109,0.13231276990973667,58.472500000000004,64.71
fixed_joint,20260930,20261012,continuation,past_gap,912,937,102,109,0.2099931349411996,21600.0,18668.0
fixed_joint,20260930,20261012,continuation,past_normal_amount,912,937,102,109,0.25642796782856614,41.625,51.58
fixed_joint,20260930,20261012,first_normal,gap,0,0,0,0,,,
fixed_joint,20260930,20261012,first_normal,amount_or_numeric_value,135,142,135,142,1.351426672909749,50.74,178.355
fixed_joint,20260930,20261012,first_normal,relative,0,0,0,0,,,
fixed_joint,20260930,20261012,first_normal,normal_relative,0,0,0,0,,,
fixed_joint,20260930,20261012,first_normal,past_amount,0,0,0,0,,,
fixed_joint,20260930,20261012,first_normal,past_gap,0,0,0,0,,,
fixed_joint,20260930,20261012,first_normal,past_normal_amount,0,0,0,0,,,
fixed_joint,20260930,20261012,left_fraud,gap,120,37,12,5,1.0795700367764915,2533.0,11571.0
fixed_joint,20260930,20261012,left_fraud,amount_or_numeric_value,132,42,12,5,0.34224362969050537,540.625,314.185
fixed_joint,20260930,20261012,left_fraud,relative,72,17,12,5,0.1381769568339033,1.443692303858085,1.4343203182762385
fixed_joint,20260930,20261012,left_fraud,normal_relative,0,0,0,0,,,
fixed_joint,20260930,20261012,left_fraud,past_amount,72,17,12,5,0.31982169309036323,310.355,306.77
fixed_joint,20260930,20261012,left_fraud,past_gap,60,12,12,5,2.029207287024101,2377.5,17451.5
fixed_joint,20260930,20261012,left_fraud,past_normal_amount,0,0,0,0,,,
fixed_joint,20260930,20261012,normal_stay,gap,176615,199030,135,143,0.07690058815426545,17598.0,16609.0
fixed_joint,20260930,20261012,normal_stay,amount_or_numeric_value,176615,199030,135,143,0.04684962389928503,48.8,50.07
fixed_joint,20260930,20261012,normal_stay,relative,176075,198462,135,143,0.03371660312999937,0.993868792152054,0.9937423077919494
fixed_joint,20260930,20261012,normal_stay,normal_relative,176075,198458,135,143,0.03420520881766343,0.9979188345473465,0.9979880316027518
fixed_joint,20260930,20261012,normal_stay,past_amount,176075,198462,135,143,0.12148209243003173,45.68,50.05
fixed_joint,20260930,20261012,normal_stay,past_gap,175940,198320,135,143,0.08040471191703871,17348.0,16241.5
fixed_joint,20260930,20261012,normal_stay,past_normal_amount,176075,198458,135,143,0.12294831102810586,45.51,49.93
fixed_joint,20260930,20261012,onset,gap,102,110,102,109,1.3779984683117616,57328.0,14200.0
fixed_joint,20260930,20261012,onset,amount_or_numeric_value,102,110,102,109,0.4875522158038436,318.52,312.77
fixed_joint,20260930,20261012,onset,relative,102,110,102,109,0.4306131641115816,8.904323417665521,5.167224551270126
fixed_joint,20260930,20261012,onset,normal_relative,102,110,102,109,0.430723173436016,8.904323417665521,5.167224551270126
fixed_joint,20260930,20261012,onset,past_amount,102,110,102,109,0.23419926023243756,42.155,52.2425
fixed_joint,20260930,20261012,onset,past_gap,102,110,102,109,0.12822690357385394,26191.75,24260.0
fixed_joint,20260930,20261012,onset,past_normal_amount,102,110,102,109,0.23435842326846298,42.155,52.2425
fixed_joint,20260930,20261012,return_normal,gap,101,111,101,110,1.3311862972348207,41621.0,12373.0
fixed_joint,20260930,20261012,return_normal,amount_or_numeric_value,101,111,101,110,0.4836598664323953,50.71,63.97
fixed_joint,20260930,20261012,return_normal,relative,101,111,101,110,0.19201566548872206,0.40535045478865706,0.5848591092065966
fixed_joint,20260930,20261012,return_normal,normal_relative,101,110,101,109,0.16398694243825304,1.1340178867174562,1.302244436915146
fixed_joint,20260930,20261012,return_normal,past_amount,101,111,101,110,0.0640366333101155,96.185,90.295
fixed_joint,20260930,20261012,return_normal,past_gap,101,111,101,110,0.12701334636883815,14673.5,12566.5
fixed_joint,20260930,20261012,return_normal,past_normal_amount,101,110,101,109,0.23236899921086093,42.295,52.2425
fixed_joint,20260930,20261012,recovery20,gap,1964,2172,101,110,0.4029389204286591,28648.0,21205.0
fixed_joint,20260930,20261012,recovery20,amount_or_numeric_value,1964,2172,101,110,0.09571116756513634,50.71,51.775
fixed_joint,20260930,20261012,recovery20,relative,1964,2172,101,110,0.025688667736433392,0.5551652593295426,0.5601301657667508
fixed_joint,20260930,20261012,recovery20,normal_relative,1964,2167,101,110,0.042561413316905175,1.0127371775100973,0.9824446051679925
fixed_joint,20260930,20261012,recovery20,past_amount,1964,2172,101,110,0.054177796600194464,73.25999999999999,73.655
fixed_joint,20260930,20261012,recovery20,past_gap,1964,2172,101,110,0.2870359125778645,17730.5,13989.5
fixed_joint,20260930,20261012,recovery20,past_normal_amount,1964,2167,101,110,0.18719933348928733,46.03,51.58
fixed_joint,20260930,20261021,all,gap,177850,187095,147,147,0.07482691529347932,17524.0,16464.0
fixed_joint,20260930,20261021,all,amount_or_numeric_value,177997,187242,147,147,0.03895668008053535,49.06,50.08
fixed_joint,20260930,20261021,all,relative,177262,186507,147,147,0.03159486218139377,0.9974160322970955,0.9992782909930716
fixed_joint,20260930,20261021,all,normal_relative,177190,186431,135,133,0.032089932874190145,1.0025733055904533,1.0049463143925683
fixed_joint,20260930,20261021,all,past_amount,177262,186507,147,147,0.11929245023726996,45.735,49.935
fixed_joint,20260930,20261021,all,past_gap,177115,186360,147,147,0.08116108880007013,17364.5,16393.0
fixed_joint,20260930,20261021,all,past_normal_amount,177190,186431,135,133,0.12073964804155707,45.489999999999995,49.745000000000005
fixed_joint,20260930,20261021,label_0,gap,176716,185990,135,133,0.07571745459317723,17604.5,16532.0
fixed_joint,20260930,20261021,label_0,amount_or_numeric_value,176851,186122,135,133,0.0401195703192373,48.8,49.855000000000004
fixed_joint,20260930,20261021,label_0,relative,176176,185463,135,133,0.031059185496102704,0.9935297579672598,0.9953149401353462
fixed_joint,20260930,20261021,label_0,normal_relative,176176,185457,135,133,0.03135808026495159,0.9979956623243831,1.0003128421711247
fixed_joint,20260930,20261021,label_0,past_amount,176176,185463,135,133,0.11957446615945955,45.695,49.885000000000005
fixed_joint,20260930,20261021,label_0,past_gap,176041,185331,135,133,0.08047038075035505,17344.5,16384.5
fixed_joint,20260930,20261021,label_0,past_normal_amount,176176,185457,135,133,0.12050507576113134,45.51,49.74
fixed_joint,20260930,20261021,label_1,gap,1134,1105,114,114,0.13257507766665674,4598.5,5440.0
fixed_joint,20260930,20261021,label_1,amount_or_numeric_value,1146,1120,114,114,0.07724376658647475,361.07,339.51
fixed_joint,20260930,20261021,label_1,relative,1086,1044,114,113,0.1591877122645236,6.934483835146863,5.180187441398595
fixed_joint,20260930,20261021,label_1,normal_relative,1014,974,102,98,0.20275271912007028,11.304836497689719,8.837458199678103
fixed_joint,20260930,20261021,label_1,past_amount,1086,1044,114,113,0.11842403020767889,59.045,64.2125
fixed_joint,20260930,20261021,label_1,past_gap,1074,1029,114,113,0.1878778072918782,21068.75,18389.5
fixed_joint,20260930,20261021,label_1,past_normal_amount,1014,974,102,98,0.17215301965358865,41.625,50.22
fixed_joint,20260930,20261021,continuation,gap,912,881,102,99,0.18809225843347807,3849.0,4748.0
fixed_joint,20260930,20261021,continuation,amount_or_numeric_value,912,881,102,99,0.06705477288450559,391.6,347.46
fixed_joint,20260930,20261021,continuation,relative,912,879,102,99,0.11094898797382458,7.427642418049915,6.096074380165289
fixed_joint,20260930,20261021,continuation,normal_relative,912,874,102,98,0.17304556177409633,11.520029216665643,9.673641607389634
fixed_joint,20260930,20261021,continuation,past_amount,912,879,102,99,0.09694151535372365,58.472500000000004,62.935
fixed_joint,20260930,20261021,continuation,past_gap,912,878,102,99,0.19817269326958048,21600.0,18607.25
fixed_joint,20260930,20261021,continuation,past_normal_amount,912,874,102,98,0.17424576733332386,41.625,50.22
fixed_joint,20260930,20261021,first_normal,gap,0,0,0,0,,,
fixed_joint,20260930,20261021,first_normal,amount_or_numeric_value,135,132,135,132,1.0452844437466202,50.74,87.68
fixed_joint,20260930,20261021,first_normal,relative,0,0,0,0,,,
fixed_joint,20260930,20261021,first_normal,normal_relative,0,0,0,0,,,
fixed_joint,20260930,20261021,first_normal,past_amount,0,0,0,0,,,
fixed_joint,20260930,20261021,first_normal,past_gap,0,0,0,0,,,
fixed_joint,20260930,20261021,first_normal,past_normal_amount,0,0,0,0,,,
fixed_joint,20260930,20261021,left_fraud,gap,120,123,12,15,0.42060792480973513,2533.0,4518.0
fixed_joint,20260930,20261021,left_fraud,amount_or_numeric_value,132,138,12,15,0.2931377574500316,540.625,761.61
fixed_joint,20260930,20261021,left_fraud,relative,72,65,12,14,0.3116861555144841,1.443692303858085,1.0063304416501104
fixed_joint,20260930,20261021,left_fraud,normal_relative,0,0,0,0,,,
fixed_joint,20260930,20261021,left_fraud,past_amount,72,65,12,14,0.48065134256429864,310.355,753.77
fixed_joint,20260930,20261021,left_fraud,past_gap,60,51,12,14,1.1466742640191872,2377.5,6644.0
fixed_joint,20260930,20261021,left_fraud,past_normal_amount,0,0,0,0,,,
fixed_joint,20260930,20261021,normal_stay,gap,176615,185888,135,133,0.07505020523864783,17598.0,16532.0
fixed_joint,20260930,20261021,normal_stay,amount_or_numeric_value,176615,185888,135,133,0.039624643603858443,48.8,49.82
fixed_joint,20260930,20261021,normal_stay,relative,176075,185362,135,133,0.031193626782926264,0.993868792152054,0.9954793656711496
fixed_joint,20260930,20261021,normal_stay,normal_relative,176075,185357,135,133,0.03148206027526638,0.9979188345473465,1.0001748557440113
fixed_joint,20260930,20261021,normal_stay,past_amount,176075,185362,135,133,0.11959950443731693,45.68,49.875
fixed_joint,20260930,20261021,normal_stay,past_gap,175940,185230,135,133,0.080483260667662,17348.0,16385.0
fixed_joint,20260930,20261021,normal_stay,past_normal_amount,176075,185357,135,133,0.12049393084286313,45.51,49.74
fixed_joint,20260930,20261021,onset,gap,102,101,102,99,1.0508251659771881,57328.0,21293.0
fixed_joint,20260930,20261021,onset,amount_or_numeric_value,102,101,102,99,0.6693403419245492,318.52,252.47
fixed_joint,20260930,20261021,onset,relative,102,100,102,98,0.5747854197446064,8.904323417665521,4.352798524277878
fixed_joint,20260930,20261021,onset,normal_relative,102,100,102,98,0.5597431343706003,8.904323417665521,4.352798524277878
fixed_joint,20260930,20261021,onset,past_amount,102,100,102,98,0.16183467540563928,42.155,52.125
fixed_joint,20260930,20261021,onset,past_gap,102,100,102,98,0.19421727679419587,26191.75,22387.75
fixed_joint,20260930,20261021,onset,past_normal_amount,102,100,102,98,0.15337180507600373,42.155,51.4325
fixed_joint,20260930,20261021,return_normal,gap,101,102,101,100,1.286184971751172,41621.0,14237.0
fixed_joint,20260930,20261021,return_normal,amount_or_numeric_value,101,102,101,100,0.5421756096725782,50.71,66.44
fixed_joint,20260930,20261021,return_normal,relative,101,101,101,99,0.2861552819677471,0.40535045478865706,0.6553253458661548
fixed_joint,20260930,20261021,return_normal,normal_relative,101,100,101,98,0.2975624424925777,1.1340178867174562,1.2735182257735795
fixed_joint,20260930,20261021,return_normal,past_amount,101,101,101,99,0.14155100496051334,96.185,87.36
fixed_joint,20260930,20261021,return_normal,past_gap,101,101,101,99,0.09581625996588855,14673.5,13200.5
fixed_joint,20260930,20261021,return_normal,past_normal_amount,101,100,101,98,0.15134809796616375,42.295,51.4325
fixed_joint,20260930,20261021,recovery20,gap,1964,1983,101,100,0.3767547767126156,28648.0,21040.0
fixed_joint,20260930,20261021,recovery20,amount_or_numeric_value,1964,1983,101,100,0.10216487767004374,50.71,51.02
fixed_joint,20260930,20261021,recovery20,relative,1964,1981,101,100,0.023836903719213737,0.5551652593295426,0.5403440755997093
fixed_joint,20260930,20261021,recovery20,normal_relative,1964,1975,101,100,0.031378676289095624,1.0127371775100973,0.9903646325335349
fixed_joint,20260930,20261021,recovery20,past_amount,1964,1981,101,100,0.10716642990444164,73.25999999999999,76.00999999999999
fixed_joint,20260930,20261021,recovery20,past_gap,1964,1980,101,100,0.2544551762218219,17730.5,14579.25
fixed_joint,20260930,20261021,recovery20,past_normal_amount,1964,1975,101,100,0.12604459749920366,46.03,50.165
fixed_joint,20260930,20261022,all,gap,177850,204762,147,147,0.13782998597875573,17524.0,15436.0
fixed_joint,20260930,20261022,all,amount_or_numeric_value,177997,204909,147,147,0.040859753047977315,49.06,50.02
fixed_joint,20260930,20261022,all,relative,177262,204174,147,147,0.03253186252723123,0.9974160322970955,0.9962568976052117
fixed_joint,20260930,20261022,all,normal_relative,177190,204124,135,140,0.03285236078777304,1.0025733055904533,1.00193760906325
fixed_joint,20260930,20261022,all,past_amount,177262,204174,147,147,0.11507159062496797,45.735,49.74
fixed_joint,20260930,20261022,all,past_gap,177115,204027,147,147,0.14105962246603956,17364.5,15089.0
fixed_joint,20260930,20261022,all,past_normal_amount,177190,204124,135,140,0.11679688083781395,45.489999999999995,49.56
fixed_joint,20260930,20261022,label_0,gap,176716,203480,135,140,0.13928283668008115,17604.5,15493.0
fixed_joint,20260930,20261022,label_0,amount_or_numeric_value,176851,203620,135,140,0.04151264251134732,48.8,49.78
fixed_joint,20260930,20261022,label_0,relative,176176,202921,135,140,0.0321104774873733,0.9935297579672598,0.9920138554796496
fixed_joint,20260930,20261022,label_0,normal_relative,176176,202920,135,140,0.03233734696882662,0.9979956623243831,0.9975351356849205
fixed_joint,20260930,20261022,label_0,past_amount,176176,202921,135,140,0.11503958976776685,45.695,49.67
fixed_joint,20260930,20261022,label_0,past_gap,176041,202782,135,140,0.14042534750976787,17344.5,15082.75
fixed_joint,20260930,20261022,label_0,past_normal_amount,176176,202920,135,140,0.11623865068838572,45.51,49.545
fixed_joint,20260930,20261022,label_1,gap,1134,1282,114,120,0.15580468173281856,4598.5,5707.0
fixed_joint,20260930,20261022,label_1,amount_or_numeric_value,1146,1289,114,120,0.08311377379509967,361.07,357.81
fixed_joint,20260930,20261022,label_1,relative,1086,1253,114,120,0.19003867803138158,6.934483835146863,5.360014229811454
fixed_joint,20260930,20261022,label_1,normal_relative,1014,1204,102,112,0.2289772860204698,11.304836497689719,8.774135061027943
fixed_joint,20260930,20261022,label_1,past_amount,1086,1253,114,120,0.1579400916267067,59.045,65.015
fixed_joint,20260930,20261022,label_1,past_gap,1074,1245,114,120,0.24817053092863792,21068.75,17066.0
fixed_joint,20260930,20261022,label_1,past_normal_amount,1014,1204,102,112,0.21396976193677203,41.625,52.769999999999996
fixed_joint,20260930,20261022,continuation,gap,912,1100,102,113,0.17142692524366637,3849.0,5015.5
fixed_joint,20260930,20261022,continuation,amount_or_numeric_value,912,1100,102,113,0.06258525233208163,391.6,366.02
fixed_joint,20260930,20261022,continuation,relative,912,1100,102,113,0.17048689684889434,7.427642418049915,5.752904466804561
fixed_joint,20260930,20261022,continuation,normal_relative,912,1086,102,112,0.1805777531715725,11.520029216665643,9.93881285156198
fixed_joint,20260930,20261022,continuation,past_amount,912,1100,102,113,0.21284052718170987,58.472500000000004,65.89
fixed_joint,20260930,20261022,continuation,past_gap,912,1099,102,113,0.30442603341024665,21600.0,16561.0
fixed_joint,20260930,20261022,continuation,past_normal_amount,912,1086,102,112,0.21624848629819143,41.625,52.769999999999996
fixed_joint,20260930,20261022,first_normal,gap,0,0,0,0,,,
fixed_joint,20260930,20261022,first_normal,amount_or_numeric_value,135,140,135,140,0.9776229166651353,50.74,98.66
fixed_joint,20260930,20261022,first_normal,relative,0,0,0,0,,,
fixed_joint,20260930,20261022,first_normal,normal_relative,0,0,0,0,,,
fixed_joint,20260930,20261022,first_normal,past_amount,0,0,0,0,,,
fixed_joint,20260930,20261022,first_normal,past_gap,0,0,0,0,,,
fixed_joint,20260930,20261022,first_normal,past_normal_amount,0,0,0,0,,,
fixed_joint,20260930,20261022,left_fraud,gap,120,63,12,7,0.5589907131503019,2533.0,5330.0
fixed_joint,20260930,20261022,left_fraud,amount_or_numeric_value,132,70,12,7,0.5510591413387865,540.625,822.405
fixed_joint,20260930,20261022,left_fraud,relative,72,35,12,7,0.4204411591277992,1.443692303858085,1.026181920007467
fixed_joint,20260930,20261022,left_fraud,normal_relative,0,0,0,0,,,
fixed_joint,20260930,20261022,left_fraud,past_amount,72,35,12,7,0.6944192638608706,310.355,863.09
fixed_joint,20260930,20261022,left_fraud,past_gap,60,28,12,7,1.2149811364729723,2377.5,8894.25
fixed_joint,20260930,20261022,left_fraud,past_normal_amount,0,0,0,0,,,
fixed_joint,20260930,20261022,normal_stay,gap,176615,203362,135,140,0.13863327427429117,17598.0,15493.0
fixed_joint,20260930,20261022,normal_stay,amount_or_numeric_value,176615,203362,135,140,0.041088228134126145,48.8,49.75
fixed_joint,20260930,20261022,normal_stay,relative,176075,202803,135,140,0.03219528823641418,0.993868792152054,0.9923457291878345
fixed_joint,20260930,20261022,normal_stay,normal_relative,176075,202803,135,140,0.0324258424194636,0.9979188345473465,0.9974683544303797
fixed_joint,20260930,20261022,normal_stay,past_amount,176075,202803,135,140,0.11502927504526611,45.68,49.655
fixed_joint,20260930,20261022,normal_stay,past_gap,175940,202664,135,140,0.1404275721649511,17348.0,15084.5
fixed_joint,20260930,20261022,normal_stay,past_normal_amount,176075,202803,135,140,0.11619628813377346,45.51,49.545
fixed_joint,20260930,20261022,onset,gap,102,119,102,113,1.1558267852630566,57328.0,15922.0
fixed_joint,20260930,20261022,onset,amount_or_numeric_value,102,119,102,113,0.8572355338086703,318.52,239.58
fixed_joint,20260930,20261022,onset,relative,102,118,102,112,0.69008310062497,8.904323417665521,3.5653239945993063
fixed_joint,20260930,20261022,onset,normal_relative,102,118,102,112,0.6808197679825077,8.904323417665521,3.5912399974393443
fixed_joint,20260930,20261022,onset,past_amount,102,118,102,112,0.19743218304752125,42.155,52.212500000000006
fixed_joint,20260930,20261022,onset,past_gap,102,118,102,112,0.23863988655028978,26191.75,21368.75
fixed_joint,20260930,20261022,onset,past_normal_amount,102,118,102,112,0.19399222782424164,42.155,51.425
fixed_joint,20260930,20261022,return_normal,gap,101,118,101,112,1.272718350208508,41621.0,11356.5
fixed_joint,20260930,20261022,return_normal,amount_or_numeric_value,101,118,101,112,0.4479164653856673,50.71,58.64
fixed_joint,20260930,20261022,return_normal,relative,101,118,101,112,0.15584274139911247,0.40535045478865706,0.47540442709707587
fixed_joint,20260930,20261022,return_normal,normal_relative,101,117,101,111,0.18900121171483364,1.1340178867174562,1.1204600129085256
fixed_joint,20260930,20261022,return_normal,past_amount,101,118,101,112,0.1542609924713297,96.185,97.7025
fixed_joint,20260930,20261022,return_normal,past_gap,101,118,101,112,0.17727486067761627,14673.5,12626.5
fixed_joint,20260930,20261022,return_normal,past_normal_amount,101,117,101,111,0.19095121195023473,42.295,51.425
fixed_joint,20260930,20261022,recovery20,gap,1964,2286,101,112,0.4324760477843691,28648.0,20534.0
fixed_joint,20260930,20261022,recovery20,amount_or_numeric_value,1964,2286,101,112,0.10639595583098022,50.71,52.595
fixed_joint,20260930,20261022,recovery20,relative,1964,2286,101,112,0.01297159188874036,0.5551652593295426,0.5520569042490722
fixed_joint,20260930,20261022,recovery20,normal_relative,1964,2285,101,112,0.03499652143631597,1.0127371775100973,1.0029581631215663
fixed_joint,20260930,20261022,recovery20,past_amount,1964,2286,101,112,0.1287151478746551,73.25999999999999,76.05
fixed_joint,20260930,20261022,recovery20,past_gap,1964,2286,101,112,0.31451645402414774,17730.5,13937.75
fixed_joint,20260930,20261022,recovery20,past_normal_amount,1964,2285,101,112,0.17138709157668597,46.03,51.92
onset_fit,20260930,20261011,all,gap,177850,203530,147,147,0.17735659060885264,17524.0,14757.0
onset_fit,20260930,20261011,all,amount_or_numeric_value,177997,203677,147,147,0.04069553092572876,49.06,50.03
onset_fit,20260930,20261011,all,relative,177262,202942,147,147,0.033037586640069894,0.9974160322970955,0.9990779122065149
onset_fit,20260930,20261011,all,normal_relative,177190,202875,135,136,0.03380335769402545,1.0025733055904533,1.0038084874863982
onset_fit,20260930,20261011,all,past_amount,177262,202942,147,147,0.11578024067318518,45.735,49.555
onset_fit,20260930,20261011,all,past_gap,177115,202795,147,147,0.18019869471978908,17364.5,14393.0
onset_fit,20260930,20261011,all,past_normal_amount,177190,202875,135,136,0.11793440991756397,45.489999999999995,49.375
onset_fit,20260930,20261011,label_0,gap,176716,202385,135,136,0.17994002856836283,17604.5,14797.0
onset_fit,20260930,20261011,label_0,amount_or_numeric_value,176851,202519,135,136,0.041956230487579675,48.8,49.82
onset_fit,20260930,20261011,label_0,relative,176176,201846,135,136,0.032280584996979424,0.9935297579672598,0.9948579637728364
onset_fit,20260930,20261011,label_0,normal_relative,176176,201839,135,136,0.03263789509966844,0.9979956623243831,1.0001103874599844
onset_fit,20260930,20261011,label_0,past_amount,176176,201846,135,136,0.11620293829543331,45.695,49.485
onset_fit,20260930,20261011,label_0,past_gap,176041,201711,135,136,0.17948058487099533,17344.5,14389.0
onset_fit,20260930,20261011,label_0,past_normal_amount,176176,201839,135,136,0.11755444284730338,45.51,49.364999999999995
onset_fit,20260930,20261011,label_1,gap,1134,1145,114,117,0.18884542819200717,4598.5,6491.0
onset_fit,20260930,20261011,label_1,amount_or_numeric_value,1146,1158,114,118,0.07743400673826088,361.07,347.815
onset_fit,20260930,20261011,label_1,relative,1086,1096,114,116,0.13489291884759547,6.934483835146863,5.540423095999415
onset_fit,20260930,20261011,label_1,normal_relative,1014,1036,102,104,0.2263384924775157,11.304836497689719,8.412309357307397
onset_fit,20260930,20261011,label_1,past_amount,1086,1096,114,116,0.10598739443183632,59.045,65.8475
onset_fit,20260930,20261011,label_1,past_gap,1074,1084,114,116,0.2907772944596052,21068.75,15388.5
onset_fit,20260930,20261011,label_1,past_normal_amount,1014,1036,102,104,0.2026758863397531,41.625,52.769999999999996
onset_fit,20260930,20261011,continuation,gap,912,938,102,105,0.2399598195338379,3849.0,5723.0
onset_fit,20260930,20261011,continuation,amount_or_numeric_value,912,938,102,105,0.07555718091358513,391.6,350.225
onset_fit,20260930,20261011,continuation,relative,912,937,102,105,0.10518283311526164,7.427642418049915,6.392646712231912
onset_fit,20260930,20261011,continuation,normal_relative,912,930,102,104,0.1912729230404519,11.520029216665643,9.316660220354091
onset_fit,20260930,20261011,continuation,past_amount,912,937,102,105,0.10207624831006913,58.472500000000004,65.96
onset_fit,20260930,20261011,continuation,past_gap,912,936,102,105,0.3317935292367679,21600.0,15433.0
onset_fit,20260930,20261011,continuation,past_normal_amount,912,930,102,104,0.20257824161796878,41.625,52.730000000000004
onset_fit,20260930,20261011,first_normal,gap,0,0,0,0,,,
onset_fit,20260930,20261011,first_normal,amount_or_numeric_value,135,134,135,134,1.1999716787843682,50.74,109.045
onset_fit,20260930,20261011,first_normal,relative,0,0,0,0,,,
onset_fit,20260930,20261011,first_normal,normal_relative,0,0,0,0,,,
onset_fit,20260930,20261011,first_normal,past_amount,0,0,0,0,,,
onset_fit,20260930,20261011,first_normal,past_gap,0,0,0,0,,,
onset_fit,20260930,20261011,first_normal,past_normal_amount,0,0,0,0,,,
onset_fit,20260930,20261011,left_fraud,gap,120,100,12,12,0.9403195847225687,2533.0,8045.0
onset_fit,20260930,20261011,left_fraud,amount_or_numeric_value,132,113,12,13,0.31570281433710023,540.625,765.51
onset_fit,20260930,20261011,left_fraud,relative,72,53,12,11,0.19996775947639445,1.443692303858085,1.362317222211883
onset_fit,20260930,20261011,left_fraud,normal_relative,0,0,0,0,,,
onset_fit,20260930,20261011,left_fraud,past_amount,72,53,12,11,0.3281666187683768,310.355,350.3
onset_fit,20260930,20261011,left_fraud,past_gap,60,42,12,11,0.9329588504772376,2377.5,6650.25
onset_fit,20260930,20261011,left_fraud,past_normal_amount,0,0,0,0,,,
onset_fit,20260930,20261011,normal_stay,gap,176615,202278,135,136,0.17917664240412542,17598.0,14800.0
onset_fit,20260930,20261011,normal_stay,amount_or_numeric_value,176615,202278,135,136,0.041376554348904096,48.8,49.79
onset_fit,20260930,20261011,normal_stay,relative,176075,201741,135,136,0.03240175205942156,0.993868792152054,0.9950206768503671
onset_fit,20260930,20261011,normal_stay,normal_relative,176075,201735,135,136,0.0327396835303788,0.9979188345473465,0.999931623931624
onset_fit,20260930,20261011,normal_stay,past_amount,176075,201741,135,136,0.11627872050860516,45.68,49.475
onset_fit,20260930,20261011,normal_stay,past_gap,175940,201606,135,136,0.179528242212669,17348.0,14390.0
onset_fit,20260930,20261011,normal_stay,past_normal_amount,176075,201735,135,136,0.11752193967711469,45.51,49.364999999999995
onset_fit,20260930,20261011,onset,gap,102,107,102,105,1.4542053703682258,57328.0,16287.0
onset_fit,20260930,20261011,onset,amount_or_numeric_value,102,107,102,105,0.7679756426459523,318.52,286.31
onset_fit,20260930,20261011,onset,relative,102,106,102,104,0.6068602262569592,8.904323417665521,4.362677066964027
onset_fit,20260930,20261011,onset,normal_relative,102,106,102,104,0.5978594479814894,8.904323417665521,4.487870613963567
onset_fit,20260930,20261011,onset,past_amount,102,106,102,104,0.2100054669332354,42.155,53.88
onset_fit,20260930,20261011,onset,past_gap,102,106,102,104,0.2773998704974024,26191.75,19199.75
onset_fit,20260930,20261011,onset,past_normal_amount,102,106,102,104,0.20344926601503127,42.155,53.88
onset_fit,20260930,20261011,return_normal,gap,101,107,101,105,1.5558859213791165,41621.0,7886.0
onset_fit,20260930,20261011,return_normal,amount_or_numeric_value,101,107,101,105,0.5326400631406283,50.71,62.56
onset_fit,20260930,20261011,return_normal,relative,101,105,101,103,0.25101527980414806,0.40535045478865706,0.6271306215902988
onset_fit,20260930,20261011,return_normal,normal_relative,101,104,101,102,0.22466982711530425,1.1340178867174562,1.199787920810329
onset_fit,20260930,20261011,return_normal,past_amount,101,105,101,103,0.07740330502471644,96.185,102.24000000000001
onset_fit,20260930,20261011,return_normal,past_gap,101,105,101,103,0.14476841058160556,14673.5,12848.0
onset_fit,20260930,20261011,return_normal,past_normal_amount,101,104,101,102,0.198908548206833,42.295,53.88
onset_fit,20260930,20261011,recovery20,gap,1964,2063,101,105,0.49710559664368126,28648.0,17638.0
onset_fit,20260930,20261011,recovery20,amount_or_numeric_value,1964,2063,101,105,0.1314265944660772,50.71,52.2
onset_fit,20260930,20261011,recovery20,relative,1964,2058,101,105,0.01936557801397044,0.5551652593295426,0.5342124973577647
onset_fit,20260930,20261011,recovery20,normal_relative,1964,2051,101,105,0.041022879899041076,1.0127371775100973,0.9777185974256546
onset_fit,20260930,20261011,recovery20,past_amount,1964,2058,101,105,0.11554318282170277,73.25999999999999,78.3975
onset_fit,20260930,20261011,recovery20,past_gap,1964,2056,101,105,0.34350224853805317,17730.5,12978.0
onset_fit,20260930,20261011,recovery20,past_normal_amount,1964,2051,101,105,0.15756987308806247,46.03,53.76
onset_fit,20260930,20261012,all,gap,177850,200225,147,147,0.07580953525201008,17524.0,16539.0
onset_fit,20260930,20261012,all,amount_or_numeric_value,177997,200372,147,147,0.045865240807385056,49.06,50.27
onset_fit,20260930,20261012,all,relative,177262,199637,147,147,0.03463201415777632,0.9974160322970955,0.9974322869212293
onset_fit,20260930,20261012,all,normal_relative,177190,199615,135,143,0.03551400505253943,1.0025733055904533,1.002223002223002
onset_fit,20260930,20261012,all,past_amount,177262,199637,147,147,0.12154331288769597,45.735,50.11
onset_fit,20260930,20261012,all,past_gap,177115,199490,147,147,0.08092635112263626,17364.5,16258.0
onset_fit,20260930,20261012,all,past_normal_amount,177190,199615,135,143,0.12372129306598761,45.489999999999995,49.94
onset_fit,20260930,20261012,label_0,gap,176716,199141,135,143,0.07758262815541203,17604.5,16606.0
onset_fit,20260930,20261012,label_0,amount_or_numeric_value,176851,199283,135,143,0.0474772975671371,48.8,50.1
onset_fit,20260930,20261012,label_0,relative,176176,198573,135,143,0.03366196636810885,0.9935297579672598,0.9933009546139676
onset_fit,20260930,20261012,label_0,normal_relative,176176,198568,135,143,0.03412843917685446,0.9979956623243831,0.9980629391874118
onset_fit,20260930,20261012,label_0,past_amount,176176,198573,135,143,0.12142718015029215,45.695,50.065
onset_fit,20260930,20261012,label_0,past_gap,176041,198431,135,143,0.08037290854626188,17344.5,16241.0
onset_fit,20260930,20261012,label_0,past_normal_amount,176176,198568,135,143,0.12300812746951652,45.51,49.93
onset_fit,20260930,20261012,label_1,gap,1134,1084,114,114,0.11382595130942764,4598.5,5819.5
onset_fit,20260930,20261012,label_1,amount_or_numeric_value,1146,1089,114,114,0.12598657310963005,361.07,334.83
onset_fit,20260930,20261012,label_1,relative,1086,1064,114,114,0.13763365593336147,6.934483835146863,5.878244838209387
onset_fit,20260930,20261012,label_1,normal_relative,1014,1047,102,109,0.25522613193254373,11.304836497689719,8.313835031219192
onset_fit,20260930,20261012,label_1,past_amount,1086,1064,114,114,0.19104543101525992,59.045,63.870000000000005
onset_fit,20260930,20261012,label_1,past_gap,1074,1059,114,114,0.16389421410649058,21068.75,19167.0
onset_fit,20260930,20261012,label_1,past_normal_amount,1014,1047,102,109,0.2540872730781478,41.625,51.58
onset_fit,20260930,20261012,continuation,gap,912,937,102,109,0.15407170964790515,3849.0,4982.0
onset_fit,20260930,20261012,continuation,amount_or_numeric_value,912,937,102,109,0.1301637803939433,391.6,335.55
onset_fit,20260930,20261012,continuation,relative,912,937,102,109,0.19542743614293553,7.427642418049915,5.72977535385015
onset_fit,20260930,20261012,continuation,normal_relative,912,937,102,109,0.26908929787504066,11.520029216665643,8.253924156132795
onset_fit,20260930,20261012,continuation,past_amount,912,937,102,109,0.15312700404166912,58.472500000000004,65.035
onset_fit,20260930,20261012,continuation,past_gap,912,937,102,109,0.21102219427891344,21600.0,18590.5
onset_fit,20260930,20261012,continuation,past_normal_amount,912,937,102,109,0.25642796782856614,41.625,51.58
onset_fit,20260930,20261012,first_normal,gap,0,0,0,0,,,
onset_fit,20260930,20261012,first_normal,amount_or_numeric_value,135,142,135,142,1.351426672909749,50.74,178.355
onset_fit,20260930,20261012,first_normal,relative,0,0,0,0,,,
onset_fit,20260930,20261012,first_normal,normal_relative,0,0,0,0,,,
onset_fit,20260930,20261012,first_normal,past_amount,0,0,0,0,,,
onset_fit,20260930,20261012,first_normal,past_gap,0,0,0,0,,,
onset_fit,20260930,20261012,first_normal,past_normal_amount,0,0,0,0,,,
onset_fit,20260930,20261012,left_fraud,gap,120,37,12,5,1.0795700367764915,2533.0,11571.0
onset_fit,20260930,20261012,left_fraud,amount_or_numeric_value,132,42,12,5,0.34224362969050537,540.625,314.185
onset_fit,20260930,20261012,left_fraud,relative,72,17,12,5,0.1381769568339033,1.443692303858085,1.4343203182762385
onset_fit,20260930,20261012,left_fraud,normal_relative,0,0,0,0,,,
onset_fit,20260930,20261012,left_fraud,past_amount,72,17,12,5,0.31982169309036323,310.355,306.77
onset_fit,20260930,20261012,left_fraud,past_gap,60,12,12,5,2.029207287024101,2377.5,17451.5
onset_fit,20260930,20261012,left_fraud,past_normal_amount,0,0,0,0,,,
onset_fit,20260930,20261012,normal_stay,gap,176615,199030,135,143,0.07690058815426545,17598.0,16609.0
onset_fit,20260930,20261012,normal_stay,amount_or_numeric_value,176615,199030,135,143,0.04684962389928503,48.8,50.07
onset_fit,20260930,20261012,normal_stay,relative,176075,198462,135,143,0.03375277579022404,0.993868792152054,0.9935120428810187
onset_fit,20260930,20261012,normal_stay,normal_relative,176075,198458,135,143,0.03420520881766343,0.9979188345473465,0.9979880316027518
onset_fit,20260930,20261012,normal_stay,past_amount,176075,198462,135,143,0.12146586720632216,45.68,50.05
onset_fit,20260930,20261012,normal_stay,past_gap,175940,198320,135,143,0.08041654012939828,17348.0,16241.25
onset_fit,20260930,20261012,normal_stay,past_normal_amount,176075,198458,135,143,0.12294831102810586,45.51,49.93
onset_fit,20260930,20261012,onset,gap,102,110,102,109,1.3779984683117616,57328.0,14200.0
onset_fit,20260930,20261012,onset,amount_or_numeric_value,102,110,102,109,0.2590386453944261,318.52,349.695
onset_fit,20260930,20261012,onset,relative,102,110,102,109,0.18736911591800898,8.904323417665521,9.78884806706058
onset_fit,20260930,20261012,onset,normal_relative,102,110,102,109,0.1872196527013691,8.904323417665521,9.78884806706058
onset_fit,20260930,20261012,onset,past_amount,102,110,102,109,0.23419926023243756,42.155,52.2425
onset_fit,20260930,20261012,onset,past_gap,102,110,102,109,0.12822690357385394,26191.75,24260.0
onset_fit,20260930,20261012,onset,past_normal_amount,102,110,102,109,0.23435842326846298,42.155,52.2425
onset_fit,20260930,20261012,return_normal,gap,101,111,101,110,1.3311862972348207,41621.0,12373.0
onset_fit,20260930,20261012,return_normal,amount_or_numeric_value,101,111,101,110,0.4836598664323953,50.71,63.97
onset_fit,20260930,20261012,return_normal,relative,101,111,101,110,0.18133428865962653,0.40535045478865706,0.5800035943209728
onset_fit,20260930,20261012,return_normal,normal_relative,101,110,101,109,0.16398694243825304,1.1340178867174562,1.302244436915146
onset_fit,20260930,20261012,return_normal,past_amount,101,111,101,110,0.07612122600970041,96.185,91.825
onset_fit,20260930,20261012,return_normal,past_gap,101,111,101,110,0.12594614607595675,14673.5,12566.5
onset_fit,20260930,20261012,return_normal,past_normal_amount,101,110,101,109,0.23236899921086093,42.295,52.2425
onset_fit,20260930,20261012,recovery20,gap,1964,2172,101,110,0.4029389204286591,28648.0,21205.0
onset_fit,20260930,20261012,recovery20,amount_or_numeric_value,1964,2172,101,110,0.09571116756513634,50.71,51.775
onset_fit,20260930,20261012,recovery20,relative,1964,2172,101,110,0.022134889229951278,0.5551652593295426,0.5517031802019572
onset_fit,20260930,20261012,recovery20,normal_relative,1964,2167,101,110,0.042561413316905175,1.0127371775100973,0.9824446051679925
onset_fit,20260930,20261012,recovery20,past_amount,1964,2172,101,110,0.0667708200337818,73.25999999999999,74.33500000000001
onset_fit,20260930,20261012,recovery20,past_gap,1964,2172,101,110,0.28927445413173103,17730.5,13989.5
onset_fit,20260930,20261012,recovery20,past_normal_amount,1964,2167,101,110,0.18719933348928733,46.03,51.58
onset_fit,20260930,20261021,all,gap,177850,187095,147,147,0.07498547809806409,17524.0,16462.0
onset_fit,20260930,20261021,all,amount_or_numeric_value,177997,187242,147,147,0.03912740065870811,49.06,50.08
onset_fit,20260930,20261021,all,relative,177262,186507,147,147,0.03157638625554543,0.9974160322970955,0.9992764109985528
onset_fit,20260930,20261021,all,normal_relative,177190,186431,135,133,0.03197853830594188,1.0025733055904533,1.0050984188447887
onset_fit,20260930,20261021,all,past_amount,177262,186507,147,147,0.11939547189092527,45.735,49.945
onset_fit,20260930,20261021,all,past_gap,177115,186360,147,147,0.08127875789537035,17364.5,16389.5
onset_fit,20260930,20261021,all,past_normal_amount,177190,186431,135,133,0.12073964804155707,45.489999999999995,49.745000000000005
onset_fit,20260930,20261021,label_0,gap,176716,185990,135,133,0.07575163030079983,17604.5,16530.0
onset_fit,20260930,20261021,label_0,amount_or_numeric_value,176851,186122,135,133,0.0401195703192373,48.8,49.855000000000004
onset_fit,20260930,20261021,label_0,relative,176176,185463,135,133,0.03108852073885146,0.9935297579672598,0.9951283739302171
onset_fit,20260930,20261021,label_0,normal_relative,176176,185457,135,133,0.03135808026495159,0.9979956623243831,1.0003128421711247
onset_fit,20260930,20261021,label_0,past_amount,176176,185463,135,133,0.11962356765519831,45.695,49.885000000000005
onset_fit,20260930,20261021,label_0,past_gap,176041,185331,135,133,0.08055258921433148,17344.5,16382.0
onset_fit,20260930,20261021,label_0,past_normal_amount,176176,185457,135,133,0.12050507576113134,45.51,49.74
onset_fit,20260930,20261021,label_1,gap,1134,1105,114,114,0.1298789118100444,4598.5,5338.0
onset_fit,20260930,20261021,label_1,amount_or_numeric_value,1146,1120,114,114,0.06577988927957346,361.07,346.19000000000005
onset_fit,20260930,20261021,label_1,relative,1086,1044,114,113,0.15616218965472273,6.934483835146863,5.154669854678365
onset_fit,20260930,20261021,label_1,normal_relative,1014,974,102,98,0.17557708349622037,11.304836497689719,9.322972945162125
onset_fit,20260930,20261021,label_1,past_amount,1086,1044,114,113,0.15457931694395677,59.045,67.245
onset_fit,20260930,20261021,label_1,past_gap,1074,1029,114,113,0.1944924151897577,21068.75,18212.5
onset_fit,20260930,20261021,label_1,past_normal_amount,1014,974,102,98,0.17215301965358865,41.625,50.22
onset_fit,20260930,20261021,continuation,gap,912,881,102,99,0.17724269775617815,3849.0,4593.0
onset_fit,20260930,20261021,continuation,amount_or_numeric_value,912,881,102,99,0.06963730242892285,391.6,347.46
onset_fit,20260930,20261021,continuation,relative,912,879,102,99,0.14177600592965425,7.427642418049915,5.674488374584807
onset_fit,20260930,20261021,continuation,normal_relative,912,874,102,98,0.17522800166829136,11.520029216665643,9.649109304541902
onset_fit,20260930,20261021,continuation,past_amount,912,879,102,99,0.13988363065824486,58.472500000000004,66.59
onset_fit,20260930,20261021,continuation,past_gap,912,878,102,99,0.20592489318634358,21600.0,18377.25
onset_fit,20260930,20261021,continuation,past_normal_amount,912,874,102,98,0.17424576733332386,41.625,50.22
onset_fit,20260930,20261021,first_normal,gap,0,0,0,0,,,
onset_fit,20260930,20261021,first_normal,amount_or_numeric_value,135,132,135,132,1.0452844437466202,50.74,87.68
onset_fit,20260930,20261021,first_normal,relative,0,0,0,0,,,
onset_fit,20260930,20261021,first_normal,normal_relative,0,0,0,0,,,
onset_fit,20260930,20261021,first_normal,past_amount,0,0,0,0,,,
onset_fit,20260930,20261021,first_normal,past_gap,0,0,0,0,,,
onset_fit,20260930,20261021,first_normal,past_normal_amount,0,0,0,0,,,
onset_fit,20260930,20261021,left_fraud,gap,120,123,12,15,0.42060792480973513,2533.0,4518.0
onset_fit,20260930,20261021,left_fraud,amount_or_numeric_value,132,138,12,15,0.2931377574500316,540.625,761.61
onset_fit,20260930,20261021,left_fraud,relative,72,65,12,14,0.3116861555144841,1.443692303858085,1.0063304416501104
onset_fit,20260930,20261021,left_fraud,normal_relative,0,0,0,0,,,
onset_fit,20260930,20261021,left_fraud,past_amount,72,65,12,14,0.48065134256429864,310.355,753.77
onset_fit,20260930,20261021,left_fraud,past_gap,60,51,12,14,1.1466742640191872,2377.5,6644.0
onset_fit,20260930,20261021,left_fraud,past_normal_amount,0,0,0,0,,,
onset_fit,20260930,20261021,normal_stay,gap,176615,185888,135,133,0.07508439969907954,17598.0,16532.0
onset_fit,20260930,20261021,normal_stay,amount_or_numeric_value,176615,185888,135,133,0.039624643603858443,48.8,49.82
onset_fit,20260930,20261021,normal_stay,relative,176075,185362,135,133,0.031217521527561073,0.993868792152054,0.9953774957471857
onset_fit,20260930,20261021,normal_stay,normal_relative,176075,185357,135,133,0.03148206027526638,0.9979188345473465,1.0001748557440113
onset_fit,20260930,20261021,normal_stay,past_amount,176075,185362,135,133,0.11963821966341091,45.68,49.879999999999995
onset_fit,20260930,20261021,normal_stay,past_gap,175940,185230,135,133,0.08055989604279874,17348.0,16382.5
onset_fit,20260930,20261021,normal_stay,past_normal_amount,176075,185357,135,133,0.12049393084286313,45.51,49.74
onset_fit,20260930,20261021,onset,gap,102,101,102,99,1.0508251659771881,57328.0,21293.0
onset_fit,20260930,20261021,onset,amount_or_numeric_value,102,101,102,99,0.23795105277611564,318.52,308.81
onset_fit,20260930,20261021,onset,relative,102,100,102,98,0.27557069427104586,8.904323417665521,6.29577479820064
onset_fit,20260930,20261021,onset,normal_relative,102,100,102,98,0.26026868869358133,8.904323417665521,6.587433729617256
onset_fit,20260930,20261021,onset,past_amount,102,100,102,98,0.16183467540563928,42.155,52.125
onset_fit,20260930,20261021,onset,past_gap,102,100,102,98,0.19421727679419587,26191.75,22387.75
onset_fit,20260930,20261021,onset,past_normal_amount,102,100,102,98,0.15337180507600373,42.155,51.4325
onset_fit,20260930,20261021,return_normal,gap,101,102,101,100,1.286184971751172,41621.0,14237.0
onset_fit,20260930,20261021,return_normal,amount_or_numeric_value,101,102,101,100,0.5421756096725782,50.71,66.44
onset_fit,20260930,20261021,return_normal,relative,101,101,101,99,0.2740139780292467,0.40535045478865706,0.5938482074010718
onset_fit,20260930,20261021,return_normal,normal_relative,101,100,101,98,0.2975624424925777,1.1340178867174562,1.2735182257735795
onset_fit,20260930,20261021,return_normal,past_amount,101,101,101,99,0.15867682311128764,96.185,89.035
onset_fit,20260930,20261021,return_normal,past_gap,101,101,101,99,0.10421383807339388,14673.5,12903.5
onset_fit,20260930,20261021,return_normal,past_normal_amount,101,100,101,98,0.15134809796616375,42.295,51.4325
onset_fit,20260930,20261021,recovery20,gap,1964,1983,101,100,0.3780773149894141,28648.0,20929.0
onset_fit,20260930,20261021,recovery20,amount_or_numeric_value,1964,1983,101,100,0.10216487767004374,50.71,51.02
onset_fit,20260930,20261021,recovery20,relative,1964,1981,101,100,0.023719928563388178,0.5551652593295426,0.5390868489541496
onset_fit,20260930,20261021,recovery20,normal_relative,1964,1975,101,100,0.031378676289095624,1.0127371775100973,0.9903646325335349
onset_fit,20260930,20261021,recovery20,past_amount,1964,1981,101,100,0.12192419183409921,73.25999999999999,77.0
onset_fit,20260930,20261021,recovery20,past_gap,1964,1980,101,100,0.2606191188394805,17730.5,14456.5
onset_fit,20260930,20261021,recovery20,past_normal_amount,1964,1975,101,100,0.12604459749920366,46.03,50.165
onset_fit,20260930,20261022,all,gap,177850,204762,147,147,0.13783985172533533,17524.0,15435.5
onset_fit,20260930,20261022,all,amount_or_numeric_value,177997,204909,147,147,0.0409501654231908,49.06,50.02
onset_fit,20260930,20261022,all,relative,177262,204174,147,147,0.032480611139521685,0.9974160322970955,0.9960984688788372
onset_fit,20260930,20261022,all,normal_relative,177190,204124,135,140,0.03276779421090732,1.0025733055904533,1.0020215816455922
onset_fit,20260930,20261022,all,past_amount,177262,204174,147,147,0.11506138446936491,45.735,49.74
onset_fit,20260930,20261022,all,past_gap,177115,204027,147,147,0.1411299693773537,17364.5,15089.0
onset_fit,20260930,20261022,all,past_normal_amount,177190,204124,135,140,0.11679688083781395,45.489999999999995,49.56
onset_fit,20260930,20261022,label_0,gap,176716,203480,135,140,0.1393175203996977,17604.5,15492.5
onset_fit,20260930,20261022,label_0,amount_or_numeric_value,176851,203620,135,140,0.041513117154617744,48.8,49.78
onset_fit,20260930,20261022,label_0,relative,176176,202921,135,140,0.032131461363409816,0.9935297579672598,0.9917892854239494
onset_fit,20260930,20261022,label_0,normal_relative,176176,202920,135,140,0.032337035819934454,0.9979956623243831,0.9975351356849205
onset_fit,20260930,20261022,label_0,past_amount,176176,202921,135,140,0.11501948471185472,45.695,49.67
onset_fit,20260930,20261022,label_0,past_gap,176041,202782,135,140,0.14049982288492333,17344.5,15082.0
onset_fit,20260930,20261022,label_0,past_normal_amount,176176,202920,135,140,0.11623865068838572,45.51,49.545
onset_fit,20260930,20261022,label_1,gap,1134,1282,114,120,0.15370117195038174,4598.5,5707.0
onset_fit,20260930,20261022,label_1,amount_or_numeric_value,1146,1289,114,120,0.059360288592300095,361.07,363.17
onset_fit,20260930,20261022,label_1,relative,1086,1253,114,120,0.17506175572563026,6.934483835146863,5.545163556874073
onset_fit,20260930,20261022,label_1,normal_relative,1014,1204,102,112,0.20657382320753268,11.304836497689719,9.052142415070122
onset_fit,20260930,20261022,label_1,past_amount,1086,1253,114,120,0.16719337455474959,59.045,65.575
onset_fit,20260930,20261022,label_1,past_gap,1074,1245,114,120,0.24672351499063955,21068.75,17064.0
onset_fit,20260930,20261022,label_1,past_normal_amount,1014,1204,102,112,0.21396976193677203,41.625,52.769999999999996
onset_fit,20260930,20261022,continuation,gap,912,1100,102,113,0.17127615367746937,3849.0,5015.5
onset_fit,20260930,20261022,continuation,amount_or_numeric_value,912,1100,102,113,0.0601560428458023,391.6,367.625
onset_fit,20260930,20261022,continuation,relative,912,1100,102,113,0.17503583132562428,7.427642418049915,5.752904466804561
onset_fit,20260930,20261022,continuation,normal_relative,912,1086,102,112,0.17805687348764968,11.520029216665643,9.952391809456707
onset_fit,20260930,20261022,continuation,past_amount,912,1100,102,113,0.22343093526519064,58.472500000000004,66.31
onset_fit,20260930,20261022,continuation,past_gap,912,1099,102,113,0.30269688833377784,21600.0,16561.0
onset_fit,20260930,20261022,continuation,past_normal_amount,912,1086,102,112,0.21624848629819143,41.625,52.769999999999996
onset_fit,20260930,20261022,first_normal,gap,0,0,0,0,,,
onset_fit,20260930,20261022,first_normal,amount_or_numeric_value,135,140,135,140,0.9776229166651353,50.74,98.66
onset_fit,20260930,20261022,first_normal,relative,0,0,0,0,,,
onset_fit,20260930,20261022,first_normal,normal_relative,0,0,0,0,,,
onset_fit,20260930,20261022,first_normal,past_amount,0,0,0,0,,,
onset_fit,20260930,20261022,first_normal,past_gap,0,0,0,0,,,
onset_fit,20260930,20261022,first_normal,past_normal_amount,0,0,0,0,,,
onset_fit,20260930,20261022,left_fraud,gap,120,63,12,7,0.5589907131503019,2533.0,5330.0
onset_fit,20260930,20261022,left_fraud,amount_or_numeric_value,132,70,12,7,0.5510591413387865,540.625,822.405
onset_fit,20260930,20261022,left_fraud,relative,72,35,12,7,0.4204411591277992,1.443692303858085,1.026181920007467
onset_fit,20260930,20261022,left_fraud,normal_relative,0,0,0,0,,,
onset_fit,20260930,20261022,left_fraud,past_amount,72,35,12,7,0.6944192638608706,310.355,863.09
onset_fit,20260930,20261022,left_fraud,past_gap,60,28,12,7,1.2149811364729723,2377.5,8894.25
onset_fit,20260930,20261022,left_fraud,past_normal_amount,0,0,0,0,,,
onset_fit,20260930,20261022,normal_stay,gap,176615,203362,135,140,0.1386679781189995,17598.0,15493.0
onset_fit,20260930,20261022,normal_stay,amount_or_numeric_value,176615,203362,135,140,0.041088228134126145,48.8,49.75
onset_fit,20260930,20261022,normal_stay,relative,176075,202803,135,140,0.03221350421571596,0.993868792152054,0.9920831667333068
onset_fit,20260930,20261022,normal_stay,normal_relative,176075,202803,135,140,0.0324258424194636,0.9979188345473465,0.9974683544303797
onset_fit,20260930,20261022,normal_stay,past_amount,176075,202803,135,140,0.11500933146209427,45.68,49.655
onset_fit,20260930,20261022,normal_stay,past_gap,175940,202664,135,140,0.14050038349640165,17348.0,15084.5
onset_fit,20260930,20261022,normal_stay,past_normal_amount,176075,202803,135,140,0.11619628813377346,45.51,49.545
onset_fit,20260930,20261022,onset,gap,102,119,102,113,1.1558267852630566,57328.0,15922.0
onset_fit,20260930,20261022,onset,amount_or_numeric_value,102,119,102,113,0.578783497051258,318.52,298.99
onset_fit,20260930,20261022,onset,relative,102,118,102,112,0.49053513591921394,8.904323417665521,5.34884677783049
onset_fit,20260930,20261022,onset,normal_relative,102,118,102,112,0.47926522250686665,8.904323417665521,5.511119902667482
onset_fit,20260930,20261022,onset,past_amount,102,118,102,112,0.19743218304752125,42.155,52.212500000000006
onset_fit,20260930,20261022,onset,past_gap,102,118,102,112,0.23863988655028978,26191.75,21368.75
onset_fit,20260930,20261022,onset,past_normal_amount,102,118,102,112,0.19399222782424164,42.155,51.425
onset_fit,20260930,20261022,return_normal,gap,101,118,101,112,1.272718350208508,41621.0,11356.5
onset_fit,20260930,20261022,return_normal,amount_or_numeric_value,101,118,101,112,0.4487355065952061,50.71,58.64
onset_fit,20260930,20261022,return_normal,relative,101,118,101,112,0.15377708014044186,0.40535045478865706,0.4635260261172272
onset_fit,20260930,20261022,return_normal,normal_relative,101,117,101,111,0.18951733404122373,1.1340178867174562,1.1204600129085256
onset_fit,20260930,20261022,return_normal,past_amount,101,118,101,112,0.15763801579925363,96.185,99.1025
onset_fit,20260930,20261022,return_normal,past_gap,101,118,101,112,0.17968020920858566,14673.5,12626.5
onset_fit,20260930,20261022,return_normal,past_normal_amount,101,117,101,111,0.19095121195023473,42.295,51.425
onset_fit,20260930,20261022,recovery20,gap,1964,2286,101,112,0.4355632933082419,28648.0,20475.5
onset_fit,20260930,20261022,recovery20,amount_or_numeric_value,1964,2286,101,112,0.10643823354870793,50.71,52.595
onset_fit,20260930,20261022,recovery20,relative,1964,2286,101,112,0.01569110105865924,0.5551652593295426,0.5436641418961925
onset_fit,20260930,20261022,recovery20,normal_relative,1964,2285,101,112,0.03496888978064942,1.0127371775100973,1.0029581631215663
onset_fit,20260930,20261022,recovery20,past_amount,1964,2286,101,112,0.13941237546965204,73.25999999999999,77.03
onset_fit,20260930,20261022,recovery20,past_gap,1964,2286,101,112,0.3203730202842028,17730.5,13882.25
onset_fit,20260930,20261022,recovery20,past_normal_amount,1964,2285,101,112,0.17138709157668597,46.03,51.92
current,20261001,20261011,all,gap,177850,186118,147,147,0.11503040495991956,17524.0,16756.0
current,20261001,20261011,all,amount_or_numeric_value,177997,186265,147,147,0.07314977538382993,49.06,46.1
current,20261001,20261011,all,relative,177262,185530,147,147,0.025715668485186548,0.9974160322970955,0.998144639811118
current,20261001,20261011,all,normal_relative,177190,185381,135,135,0.0260557415497609,1.0025733055904533,1.0024849699398797
current,20261001,20261011,all,past_amount,177262,185530,147,147,0.05202649382688978,45.735,45.93
current,20261001,20261011,all,past_gap,177115,185383,147,147,0.1254247287286941,17364.5,16376.5
current,20261001,20261011,all,past_normal_amount,177190,185381,135,135,0.05207986837026555,45.489999999999995,45.754999999999995
current,20261001,20261011,label_0,gap,176716,185121,135,138,0.11640834588517818,17604.5,16827.0
current,20261001,20261011,label_0,amount_or_numeric_value,176851,185250,135,138,0.07254217537170718,48.8,45.85
current,20261001,20261011,label_0,relative,176176,184610,135,138,0.02552058376591261,0.9935297579672598,0.9947043702910379
current,20261001,20261011,label_0,normal_relative,176176,184568,135,135,0.026030220084602658,0.9979956623243831,0.9992117396428293
current,20261001,20261011,label_0,past_amount,176176,184610,135,138,0.05215269802834282,45.695,45.864999999999995
current,20261001,20261011,label_0,past_gap,176041,184483,135,138,0.12430785541260084,17344.5,16384.0
current,20261001,20261011,label_0,past_normal_amount,176176,184568,135,135,0.05180148120305074,45.51,45.75
current,20261001,20261011,label_1,gap,1134,997,114,102,0.11937813069445706,4598.5,5030.0
current,20261001,20261011,label_1,amount_or_numeric_value,1146,1015,114,102,0.12054766989083729,361.07,370.37
current,20261001,20261011,label_1,relative,1086,920,114,102,0.1654021169915767,6.934483835146863,5.324714708828866
current,20261001,20261011,label_1,normal_relative,1014,813,102,82,0.1891923410981401,11.304836497689719,10.68982467638866
current,20261001,20261011,label_1,past_amount,1086,920,114,102,0.14236414426215824,59.045,63.665
current,20261001,20261011,label_1,past_gap,1074,900,114,101,0.4317370792049811,21068.75,14392.0
current,20261001,20261011,label_1,past_normal_amount,1014,813,102,82,0.1330503783734301,41.625,47.415
current,20261001,20261011,continuation,gap,912,741,102,84,0.1072314639885234,3849.0,4358.0
current,20261001,20261011,continuation,amount_or_numeric_value,912,741,102,84,0.17136857375251008,391.6,395.09
current,20261001,20261011,continuation,relative,912,738,102,84,0.10293818522527866,7.427642418049915,7.376638680489513
current,20261001,20261011,continuation,normal_relative,912,729,102,82,0.18023625723662515,11.520029216665643,10.86150430197058
current,20261001,20261011,continuation,past_amount,912,738,102,84,0.06575680954956217,58.472500000000004,61.800000000000004
current,20261001,20261011,continuation,past_gap,912,736,102,83,0.4756087221261277,21600.0,14830.5
current,20261001,20261011,continuation,past_normal_amount,912,729,102,82,0.13593993206438346,41.625,47.415
current,20261001,20261011,first_normal,gap,0,0,0,0,,,
current,20261001,20261011,first_normal,amount_or_numeric_value,135,129,135,129,0.9638307903257675,50.74,80.93
current,20261001,20261011,first_normal,relative,0,0,0,0,,,
current,20261001,20261011,first_normal,normal_relative,0,0,0,0,,,
current,20261001,20261011,first_normal,past_amount,0,0,0,0,,,
current,20261001,20261011,first_normal,past_gap,0,0,0,0,,,
current,20261001,20261011,first_normal,past_normal_amount,0,0,0,0,,,
current,20261001,20261011,left_fraud,gap,120,170,12,18,0.6434887778619571,2533.0,5847.5
current,20261001,20261011,left_fraud,amount_or_numeric_value,132,188,12,18,0.2894917133898961,540.625,710.925
current,20261001,20261011,left_fraud,relative,72,98,12,18,0.2692524542076416,1.443692303858085,1.1887555206472178
current,20261001,20261011,left_fraud,normal_relative,0,0,0,0,,,
current,20261001,20261011,left_fraud,past_amount,72,98,12,18,0.40166222154576814,310.355,539.9575
current,20261001,20261011,left_fraud,past_gap,60,80,12,18,0.8229193207244351,2377.5,5757.75
current,20261001,20261011,left_fraud,past_normal_amount,0,0,0,0,,,
current,20261001,20261011,normal_stay,gap,176615,185026,135,138,0.11567588620327593,17598.0,16832.0
current,20261001,20261011,normal_stay,amount_or_numeric_value,176615,185026,135,138,0.07296825643107824,48.8,45.82
current,20261001,20261011,normal_stay,relative,176075,184515,135,138,0.02555400066549662,0.993868792152054,0.9951562351600343
current,20261001,20261011,normal_stay,normal_relative,176075,184484,135,135,0.026035771498320478,0.9979188345473465,0.9993156213222436
current,20261001,20261011,normal_stay,past_amount,176075,184515,135,138,0.05211396650437215,45.68,45.85
current,20261001,20261011,normal_stay,past_gap,175940,184388,135,138,0.12435205060961159,17348.0,16389.0
current,20261001,20261011,normal_stay,past_normal_amount,176075,184484,135,135,0.0517843832380406,45.51,45.75
current,20261001,20261011,onset,gap,102,86,102,84,1.6471802633542771,57328.0,14111.5
current,20261001,20261011,onset,amount_or_numeric_value,102,86,102,84,0.35956191405384574,318.52,304.385
current,20261001,20261011,onset,relative,102,84,102,82,0.273509816275575,8.904323417665521,7.963136972301371
current,20261001,20261011,onset,normal_relative,102,84,102,82,0.2707349052735982,8.904323417665521,7.963136972301371
current,20261001,20261011,onset,past_amount,102,84,102,82,0.1104014032635792,42.155,47.4925
current,20261001,20261011,onset,past_gap,102,84,102,82,0.3705480607929853,26191.75,19449.0
current,20261001,20261011,onset,past_normal_amount,102,84,102,82,0.10754349518851214,42.155,46.662499999999994
current,20261001,20261011,return_normal,gap,101,95,101,93,1.446433686998761,41621.0,8784.0
current,20261001,20261011,return_normal,amount_or_numeric_value,101,95,101,93,0.20066682716277479,50.71,44.72
current,20261001,20261011,return_normal,relative,101,95,101,93,0.0709835003268133,0.40535045478865706,0.39763939763939765
current,20261001,20261011,return_normal,normal_relative,101,84,101,82,0.07691112405926907,1.1340178867174562,0.8638604215156931
current,20261001,20261011,return_normal,past_amount,101,95,101,93,0.20993363428761375,96.185,82.91499999999999
current,20261001,20261011,return_normal,past_gap,101,95,101,93,0.3061719113942653,14673.5,11724.5
current,20261001,20261011,return_normal,past_normal_amount,101,84,101,82,0.10625922573205371,42.295,46.662499999999994
current,20261001,20261011,recovery20,gap,1964,1817,101,93,0.5286122024372398,28648.0,17973.0
current,20261001,20261011,recovery20,amount_or_numeric_value,1964,1817,101,93,0.06688963039201282,50.71,47.25
current,20261001,20261011,recovery20,relative,1964,1817,101,93,0.029946857820467954,0.5551652593295426,0.5876381682833296
current,20261001,20261011,recovery20,normal_relative,1964,1775,101,90,0.039213614307087155,1.0127371775100973,0.9751720011965301
current,20261001,20261011,recovery20,past_amount,1964,1817,101,93,0.12014544566489999,73.25999999999999,65.985
current,20261001,20261011,recovery20,past_gap,1964,1817,101,93,0.450828660663003,17730.5,12172.0
current,20261001,20261011,recovery20,past_normal_amount,1964,1775,101,90,0.05276766236988179,46.03,46.615
current,20261001,20261012,all,gap,177850,206757,147,147,0.17692928445414433,17524.0,15715.0
current,20261001,20261012,all,amount_or_numeric_value,177997,206904,147,147,0.0790773339594507,49.06,45.69
current,20261001,20261012,all,relative,177262,206169,147,147,0.025167565229642207,0.9974160322970955,0.9980371781549473
current,20261001,20261012,all,normal_relative,177190,206042,135,138,0.025295781023545013,1.0025733055904533,1.0029872268219404
current,20261001,20261012,all,past_amount,177262,206169,147,147,0.05244213849050514,45.735,45.385
current,20261001,20261012,all,past_gap,177115,206022,147,147,0.1854338300464585,17364.5,15283.5
current,20261001,20261012,all,past_normal_amount,177190,206042,135,138,0.052335244160475206,45.489999999999995,45.2
current,20261001,20261012,label_0,gap,176716,205670,135,140,0.17866203644961945,17604.5,15782.0
current,20261001,20261012,label_0,amount_or_numeric_value,176851,205803,135,140,0.07854797696336853,48.8,45.48
current,20261001,20261012,label_0,relative,176176,205138,135,140,0.025014987450816987,0.9935297579672598,0.994802363377043
current,20261001,20261012,label_0,normal_relative,176176,205110,135,138,0.025443572689860316,0.9979956623243831,0.9992170569430961
current,20261001,20261012,label_0,past_amount,176176,205138,135,140,0.05254616275422386,45.695,45.33
current,20261001,20261012,label_0,past_gap,176041,205005,135,140,0.18416522098573934,17344.5,15289.0
current,20261001,20261012,label_0,past_normal_amount,176176,205110,135,138,0.052221016926323374,45.51,45.195
current,20261001,20261012,label_1,gap,1134,1087,114,105,0.10651737024462216,4598.5,4711.0
current,20261001,20261012,label_1,amount_or_numeric_value,1146,1101,114,105,0.1004443872583348,361.07,360.62
current,20261001,20261012,label_1,relative,1086,1031,114,105,0.14977272563023214,6.934483835146863,5.530132981231727
current,20261001,20261012,label_1,normal_relative,1014,932,102,91,0.14165354512877998,11.304836497689719,9.9174113034029
current,20261001,20261012,label_1,past_amount,1086,1031,114,105,0.14115578594621037,59.045,61.69499999999999
current,20261001,20261012,label_1,past_gap,1074,1017,114,105,0.4928091419745253,21068.75,13777.0
current,20261001,20261012,label_1,past_normal_amount,1014,932,102,91,0.11106003991761729,41.625,47.754999999999995
current,20261001,20261012,continuation,gap,912,839,102,90,0.09234724895695931,3849.0,4218.0
current,20261001,20261012,continuation,amount_or_numeric_value,912,839,102,90,0.11380323354000058,391.6,359.03
current,20261001,20261012,continuation,relative,912,839,102,90,0.0984309891203396,7.427642418049915,6.621520565018695
current,20261001,20261012,continuation,normal_relative,912,839,102,90,0.1478648774453125,11.520029216665643,10.072746819566385
current,20261001,20261012,continuation,past_amount,912,839,102,90,0.07445465601826959,58.472500000000004,59.91
current,20261001,20261012,continuation,past_gap,912,839,102,90,0.5374432715019704,21600.0,13879.5
current,20261001,20261012,continuation,past_normal_amount,912,839,102,90,0.11324627646387596,41.625,47.754999999999995
current,20261001,20261012,first_normal,gap,0,0,0,0,,,
current,20261001,20261012,first_normal,amount_or_numeric_value,135,133,135,133,1.2477447701318105,50.74,161.72
current,20261001,20261012,first_normal,relative,0,0,0,0,,,
current,20261001,20261012,first_normal,normal_relative,0,0,0,0,,,
current,20261001,20261012,first_normal,past_amount,0,0,0,0,,,
current,20261001,20261012,first_normal,past_gap,0,0,0,0,,,
current,20261001,20261012,first_normal,past_normal_amount,0,0,0,0,,,
current,20261001,20261012,left_fraud,gap,120,155,12,14,0.72758488280928,2533.0,5892.0
current,20261001,20261012,left_fraud,amount_or_numeric_value,132,169,12,14,0.13633385753197053,540.625,666.51
current,20261001,20261012,left_fraud,relative,72,99,12,14,0.3386506123781303,1.443692303858085,1.0511270641235477
current,20261001,20261012,left_fraud,normal_relative,0,0,0,0,,,
current,20261001,20261012,left_fraud,past_amount,72,99,12,14,0.36150638773994437,310.355,505.93499999999995
current,20261001,20261012,left_fraud,past_gap,60,85,12,14,0.8551311606663115,2377.5,4944.0
current,20261001,20261012,left_fraud,past_normal_amount,0,0,0,0,,,
current,20261001,20261012,normal_stay,gap,176615,205571,135,139,0.17804240092120144,17598.0,15785.0
current,20261001,20261012,normal_stay,amount_or_numeric_value,176615,205571,135,139,0.07905016646725284,48.8,45.44
current,20261001,20261012,normal_stay,relative,176075,205039,135,139,0.025038413170863225,0.993868792152054,0.9951048305163017
current,20261001,20261012,normal_stay,normal_relative,176075,205018,135,138,0.025444135855170413,0.9979188345473465,0.999267997292222
current,20261001,20261012,normal_stay,past_amount,176075,205039,135,139,0.052513595656922936,45.68,45.32
current,20261001,20261012,normal_stay,past_gap,175940,204906,135,139,0.18420879230878565,17348.0,15289.5
current,20261001,20261012,normal_stay,past_normal_amount,176075,205018,135,138,0.05221749577998923,45.51,45.195
current,20261001,20261012,onset,gap,102,93,102,91,1.6616953792144002,57328.0,10327.0
current,20261001,20261012,onset,amount_or_numeric_value,102,93,102,91,0.26768303550753564,318.52,324.98
current,20261001,20261012,onset,relative,102,93,102,91,0.19964713171489828,8.904323417665521,7.535121328224777
current,20261001,20261012,onset,normal_relative,102,93,102,91,0.19465053984326242,8.904323417665521,7.555290611028316
current,20261001,20261012,onset,past_amount,102,93,102,91,0.10867404891547186,42.155,48.015
current,20261001,20261012,onset,past_gap,102,93,102,91,0.48276478383358123,26191.75,18315.5
current,20261001,20261012,onset,past_normal_amount,102,93,102,91,0.09260172589001903,42.155,47.91
current,20261001,20261012,return_normal,gap,101,99,101,97,1.3045240844874504,41621.0,13615.0
current,20261001,20261012,return_normal,amount_or_numeric_value,101,99,101,97,0.18506427846005352,50.71,49.89
current,20261001,20261012,return_normal,relative,101,99,101,97,0.12021386446885497,0.40535045478865706,0.31994110222970135
current,20261001,20261012,return_normal,normal_relative,101,92,101,90,0.1283879764651244,1.1340178867174562,0.9593997350997627
current,20261001,20261012,return_normal,past_amount,101,99,101,97,0.19835454659829804,96.185,94.42
current,20261001,20261012,return_normal,past_gap,101,99,101,97,0.35836581687023833,14673.5,10493.5
current,20261001,20261012,return_normal,past_normal_amount,101,92,101,90,0.08864810408853148,42.295,47.832499999999996
current,20261001,20261012,recovery20,gap,1964,1898,101,97,0.5996651156969073,28648.0,17763.0
current,20261001,20261012,recovery20,amount_or_numeric_value,1964,1898,101,97,0.09401296594470056,50.71,44.37
current,20261001,20261012,recovery20,relative,1964,1898,101,97,0.02289115661939814,0.5551652593295426,0.5259067586426809
current,20261001,20261012,recovery20,normal_relative,1964,1870,101,95,0.04686880428598568,1.0127371775100973,0.9527286532245602
current,20261001,20261012,recovery20,past_amount,1964,1898,101,97,0.09282637135015571,73.25999999999999,66.6825
current,20261001,20261012,recovery20,past_gap,1964,1898,101,97,0.49355233028580303,17730.5,11241.5
current,20261001,20261012,recovery20,past_normal_amount,1964,1870,101,95,0.07584915145519738,46.03,46.714999999999996
current,20261001,20261021,all,gap,177850,199673,147,147,0.10383874796901617,17524.0,17016.0
current,20261001,20261021,all,amount_or_numeric_value,177997,199820,147,147,0.07890367003961564,49.06,45.46
current,20261001,20261021,all,relative,177262,199085,147,147,0.025609684996382876,0.9974160322970955,0.9967287367891294
current,20261001,20261021,all,normal_relative,177190,199021,135,145,0.025874082223307927,1.0025733055904533,1.001120657452372
current,20261001,20261021,all,past_amount,177262,199085,147,147,0.0519225664097079,45.735,45.39
current,20261001,20261021,all,past_gap,177115,198938,147,147,0.11703835816654641,17364.5,16581.5
current,20261001,20261021,all,past_normal_amount,177190,199021,135,145,0.05097284953697975,45.489999999999995,45.239999999999995
current,20261001,20261021,label_0,gap,176716,198746,135,145,0.10620732240637334,17604.5,17059.5
current,20261001,20261021,label_0,amount_or_numeric_value,176851,198889,135,145,0.07799088570403884,48.8,45.27
current,20261001,20261021,label_0,relative,176176,198181,135,145,0.025423901687077068,0.9935297579672598,0.993565913640263
current,20261001,20261021,label_0,normal_relative,176176,198164,135,145,0.025950704758894667,0.9979956623243831,0.9978483433892404
current,20261001,20261021,label_0,past_amount,176176,198181,135,145,0.05166823374063062,45.695,45.34
current,20261001,20261021,label_0,past_gap,176041,198040,135,145,0.11585871388794436,17344.5,16584.5
current,20261001,20261021,label_0,past_normal_amount,176176,198164,135,145,0.05086562129594423,45.51,45.230000000000004
current,20261001,20261021,label_1,gap,1134,927,114,95,0.13008777720664944,4598.5,5196.0
current,20261001,20261021,label_1,amount_or_numeric_value,1146,931,114,95,0.12022584034051828,361.07,353.63
current,20261001,20261021,label_1,relative,1086,904,114,95,0.07944756986861813,6.934483835146863,6.329862803998973
current,20261001,20261021,label_1,normal_relative,1014,857,102,89,0.16194811366056883,11.304836497689719,9.675764013727733
current,20261001,20261021,label_1,past_amount,1086,904,114,95,0.061647420833827356,59.045,57.53
current,20261001,20261021,label_1,past_gap,1074,898,114,95,0.3872238313244215,21068.75,15545.75
current,20261001,20261021,label_1,past_normal_amount,1014,857,102,89,0.11807837658701739,41.625,47.57
current,20261001,20261021,continuation,gap,912,783,102,91,0.1857995680348571,3849.0,5094.0
current,20261001,20261021,continuation,amount_or_numeric_value,912,783,102,91,0.10487562285381843,391.6,357.15
current,20261001,20261021,continuation,relative,912,778,102,91,0.0674617539031617,7.427642418049915,6.940938638116881
current,20261001,20261021,continuation,normal_relative,912,763,102,89,0.1346303500928901,11.520029216665643,10.044533333333334
current,20261001,20261021,continuation,past_amount,912,778,102,91,0.07222284422127032,58.472500000000004,58.33
current,20261001,20261021,continuation,past_gap,912,776,102,91,0.4428932978196115,21600.0,15431.75
current,20261001,20261021,continuation,past_normal_amount,912,763,102,89,0.12066301579364684,41.625,47.57
current,20261001,20261021,first_normal,gap,0,0,0,0,,,
current,20261001,20261021,first_normal,amount_or_numeric_value,135,143,135,143,0.9091473016511228,50.74,75.74
current,20261001,20261021,first_normal,relative,0,0,0,0,,,
current,20261001,20261021,first_normal,normal_relative,0,0,0,0,,,
current,20261001,20261021,first_normal,past_amount,0,0,0,0,,,
current,20261001,20261021,first_normal,past_gap,0,0,0,0,,,
current,20261001,20261021,first_normal,past_normal_amount,0,0,0,0,,,
current,20261001,20261021,left_fraud,gap,120,48,12,4,0.5095728756922349,2533.0,4808.0
current,20261001,20261021,left_fraud,amount_or_numeric_value,132,52,12,4,0.5168370982399574,540.625,768.74
current,20261001,20261021,left_fraud,relative,72,32,12,4,0.31366619633880816,1.443692303858085,1.134023605660397
current,20261001,20261021,left_fraud,normal_relative,0,0,0,0,,,
current,20261001,20261021,left_fraud,past_amount,72,32,12,4,0.32284182871953504,310.355,310.975
current,20261001,20261021,left_fraud,past_gap,60,28,12,4,0.7301256793814939,2377.5,5082.5
current,20261001,20261021,left_fraud,past_normal_amount,0,0,0,0,,,
current,20261001,20261021,normal_stay,gap,176615,198649,135,145,0.10542151833403388,17598.0,17065.0
current,20261001,20261021,normal_stay,amount_or_numeric_value,176615,198649,135,145,0.07845886926756898,48.8,45.23
current,20261001,20261021,normal_stay,relative,176075,198084,135,145,0.025466817441725006,0.993868792152054,0.9937546488794448
current,20261001,20261021,normal_stay,normal_relative,176075,198071,135,145,0.02594902919000035,0.9979188345473465,0.9978250591016548
current,20261001,20261021,normal_stay,past_amount,176075,198084,135,145,0.05158301502099816,45.68,45.325
current,20261001,20261021,normal_stay,past_gap,175940,197943,135,145,0.11589831553290121,17348.0,16586.0
current,20261001,20261021,normal_stay,past_normal_amount,176075,198071,135,145,0.050862851672028024,45.51,45.225
current,20261001,20261021,onset,gap,102,96,102,91,1.7781604432272053,57328.0,6384.0
current,20261001,20261021,onset,amount_or_numeric_value,102,96,102,91,0.6901534946259918,318.52,314.555
current,20261001,20261021,onset,relative,102,94,102,89,0.4111727738481596,8.904323417665521,6.504362809284451
current,20261001,20261021,onset,normal_relative,102,94,102,89,0.40108428430146204,8.904323417665521,6.504362809284451
current,20261001,20261021,onset,past_amount,102,94,102,89,0.10158056522290626,42.155,47.2
current,20261001,20261021,onset,past_gap,102,94,102,89,0.433838154450414,26191.75,18070.5
current,20261001,20261021,onset,past_normal_amount,102,94,102,89,0.09572676998569968,42.155,47.2
current,20261001,20261021,return_normal,gap,101,97,101,92,1.570482427974023,41621.0,6751.0
current,20261001,20261021,return_normal,amount_or_numeric_value,101,97,101,92,0.21123769035820128,50.71,56.03
current,20261001,20261021,return_normal,relative,101,97,101,92,0.15378886835774822,0.40535045478865706,0.5921450151057401
current,20261001,20261021,return_normal,normal_relative,101,93,101,88,0.08910447795563324,1.1340178867174562,1.2074335548172759
current,20261001,20261021,return_normal,past_amount,101,97,101,92,0.17677428251156754,96.185,76.635
current,20261001,20261021,return_normal,past_gap,101,97,101,92,0.2266569699671615,14673.5,11264.5
current,20261001,20261021,return_normal,past_normal_amount,101,93,101,88,0.0907630817204631,42.295,47.195
current,20261001,20261021,recovery20,gap,1964,1869,101,92,0.5697707476445565,28648.0,17107.0
current,20261001,20261021,recovery20,amount_or_numeric_value,1964,1869,101,92,0.09581723767138603,50.71,42.05
current,20261001,20261021,recovery20,relative,1964,1869,101,92,0.025525855088445876,0.5551652593295426,0.5871375539279623
current,20261001,20261021,recovery20,normal_relative,1964,1852,101,92,0.04181837579325653,1.0127371775100973,0.984048842962532
current,20261001,20261021,recovery20,past_amount,1964,1869,101,92,0.13904459660762838,73.25999999999999,64.21000000000001
current,20261001,20261021,recovery20,past_gap,1964,1869,101,92,0.44968168729224967,17730.5,12153.0
current,20261001,20261021,recovery20,past_normal_amount,1964,1852,101,92,0.05930589632372285,46.03,45.57
current,20261001,20261022,all,gap,177850,212234,147,147,0.19279690159704635,17524.0,15210.0
current,20261001,20261022,all,amount_or_numeric_value,177997,212381,147,147,0.08078972000664629,49.06,45.45
current,20261001,20261022,all,relative,177262,211646,147,147,0.024398502155263825,0.9974160322970955,0.9995205901299243
current,20261001,20261022,all,normal_relative,177190,211443,135,139,0.024494567900949428,1.0025733055904533,1.0046511627906978
current,20261001,20261022,all,past_amount,177262,211646,147,147,0.04787197413410557,45.735,45.245000000000005
current,20261001,20261022,all,past_gap,177115,211499,147,147,0.2038700581738674,17364.5,14716.5
current,20261001,20261022,all,past_normal_amount,177190,211443,135,139,0.047770887684419484,45.489999999999995,45.055
current,20261001,20261022,label_0,gap,176716,211146,135,141,0.19477248879496922,17604.5,15266.5
current,20261001,20261022,label_0,amount_or_numeric_value,176851,211277,135,141,0.08027188561888263,48.8,45.23
current,20261001,20261022,label_0,relative,176176,210628,135,141,0.02456497192756125,0.9935297579672598,0.9958579469141842
current,20261001,20261022,label_0,normal_relative,176176,210580,135,139,0.024914905038426815,0.9979956623243831,1.0007835784645256
current,20261001,20261022,label_0,past_amount,176176,210628,135,141,0.04784922199592561,45.695,45.155
current,20261001,20261022,label_0,past_gap,176041,210500,135,141,0.20273393881392973,17344.5,14720.5
current,20261001,20261022,label_0,past_normal_amount,176176,210580,135,139,0.04767868450928758,45.51,45.04
current,20261001,20261022,label_1,gap,1134,1088,114,104,0.0715040128011437,4598.5,4478.5
current,20261001,20261022,label_1,amount_or_numeric_value,1146,1104,114,104,0.08752311038820491,361.07,355.22
current,20261001,20261022,label_1,relative,1086,1018,114,104,0.21782824421075547,6.934483835146863,4.752642797918492
current,20261001,20261022,label_1,normal_relative,1014,863,102,86,0.17540079166075512,11.304836497689719,8.712215320910975
current,20261001,20261022,label_1,past_amount,1086,1018,114,104,0.23829223444238065,59.045,64.9025
current,20261001,20261022,label_1,past_gap,1074,999,114,104,0.4875966356607969,21068.75,13420.0
current,20261001,20261022,label_1,past_normal_amount,1014,863,102,86,0.15342399701894824,41.625,49.525
current,20261001,20261022,continuation,gap,912,808,102,88,0.10563314460178214,3849.0,4004.0
current,20261001,20261022,continuation,amount_or_numeric_value,912,808,102,88,0.11026652892380148,391.6,357.16499999999996
current,20261001,20261022,continuation,relative,912,805,102,88,0.13711347821198613,7.427642418049915,6.025995292191177
current,20261001,20261022,continuation,normal_relative,912,776,102,86,0.16982967075257424,11.520029216665643,8.864819065897505
current,20261001,20261022,continuation,past_amount,912,805,102,88,0.112090482855261,58.472500000000004,62.584999999999994
current,20261001,20261022,continuation,past_gap,912,802,102,88,0.5599559934002274,21600.0,13586.5
current,20261001,20261022,continuation,past_normal_amount,912,776,102,86,0.15803109354570644,41.625,49.71
current,20261001,20261022,first_normal,gap,0,0,0,0,,,
current,20261001,20261022,first_normal,amount_or_numeric_value,135,131,135,131,0.9209443984008083,50.74,76.46
current,20261001,20261022,first_normal,relative,0,0,0,0,,,
current,20261001,20261022,first_normal,normal_relative,0,0,0,0,,,
current,20261001,20261022,first_normal,past_amount,0,0,0,0,,,
current,20261001,20261022,first_normal,past_gap,0,0,0,0,,,
current,20261001,20261022,first_normal,past_normal_amount,0,0,0,0,,,
current,20261001,20261022,left_fraud,gap,120,190,12,16,0.6570317517003815,2533.0,5787.0
current,20261001,20261022,left_fraud,amount_or_numeric_value,132,206,12,16,0.20487423511586636,540.625,429.245
current,20261001,20261022,left_fraud,relative,72,126,12,16,0.2832934761044889,1.443692303858085,1.052301255340569
current,20261001,20261022,left_fraud,normal_relative,0,0,0,0,,,
current,20261001,20261022,left_fraud,past_amount,72,126,12,16,0.3456813286836461,310.355,375.99
current,20261001,20261022,left_fraud,past_gap,60,110,12,16,1.126447630953249,2377.5,6845.0
current,20261001,20261022,left_fraud,past_normal_amount,0,0,0,0,,,
current,20261001,20261022,normal_stay,gap,176615,211047,135,139,0.19417801936520784,17598.0,15268.0
current,20261001,20261022,normal_stay,amount_or_numeric_value,176615,211047,135,139,0.08065509119728195,48.8,45.2
current,20261001,20261022,normal_stay,relative,176075,210529,135,139,0.0245757247883191,0.993868792152054,0.9961227786752825
current,20261001,20261022,normal_stay,normal_relative,176075,210494,135,139,0.024918049921197855,0.9979188345473465,1.0007683715597397
current,20261001,20261022,normal_stay,past_amount,176075,210529,135,139,0.04782534172513836,45.68,45.15
current,20261001,20261022,normal_stay,past_gap,175940,210401,135,139,0.20277293612902642,17348.0,14721.0
current,20261001,20261022,normal_stay,past_normal_amount,176075,210494,135,139,0.047680067319954715,45.51,45.04
current,20261001,20261022,onset,gap,102,90,102,88,1.7414582589317917,57328.0,10199.5
current,20261001,20261022,onset,amount_or_numeric_value,102,90,102,88,0.5025085393364692,318.52,311.28
current,20261001,20261022,onset,relative,102,87,102,86,0.2608431919737275,8.904323417665521,7.386111404714089
current,20261001,20261022,onset,normal_relative,102,87,102,86,0.24917919856996432,8.904323417665521,7.386111404714089
current,20261001,20261022,onset,past_amount,102,87,102,86,0.12260137102351029,42.155,47.82
current,20261001,20261022,onset,past_gap,102,87,102,86,0.46385275365090983,26191.75,17224.0
current,20261001,20261022,onset,past_normal_amount,102,87,102,86,0.11378982421282759,42.155,47.82
current,20261001,20261022,return_normal,gap,101,99,101,97,1.2756306255840109,41621.0,11161.0
current,20261001,20261022,return_normal,amount_or_numeric_value,101,99,101,97,0.19276245365173,50.71,51.9
current,20261001,20261022,return_normal,relative,101,99,101,97,0.11748795636078097,0.40535045478865706,0.31734699438661507
current,20261001,20261022,return_normal,normal_relative,101,86,101,85,0.08609703925552956,1.1340178867174562,1.0516753726255201
current,20261001,20261022,return_normal,past_amount,101,99,101,97,0.1974056031234923,96.185,92.11
current,20261001,20261022,return_normal,past_gap,101,99,101,97,0.44335927644284856,14673.5,9158.0
current,20261001,20261022,return_normal,past_normal_amount,101,86,101,85,0.11392822832486126,42.295,48.6725
current,20261001,20261022,recovery20,gap,1964,1888,101,97,0.643393111254999,28648.0,15710.5
current,20261001,20261022,recovery20,amount_or_numeric_value,1964,1888,101,97,0.09247859578170917,50.71,45.435
current,20261001,20261022,recovery20,relative,1964,1888,101,97,0.03229115909799524,0.5551652593295426,0.5251180909032636
current,20261001,20261022,recovery20,normal_relative,1964,1840,101,95,0.04837867578450428,1.0127371775100973,0.9664993295588201
current,20261001,20261022,recovery20,past_amount,1964,1888,101,97,0.0774960180732135,73.25999999999999,68.83500000000001
current,20261001,20261022,recovery20,past_gap,1964,1888,101,97,0.5269084784692376,17730.5,10199.5
current,20261001,20261022,recovery20,past_normal_amount,1964,1840,101,95,0.07502108434916573,46.03,45.885
fixed_joint,20261001,20261011,all,gap,177850,200970,147,147,0.1569597932167092,17524.0,15853.0
fixed_joint,20261001,20261011,all,amount_or_numeric_value,177997,201117,147,147,0.08747754118377785,49.06,45.17
fixed_joint,20261001,20261011,all,relative,177262,200382,147,147,0.02481028361391029,0.9974160322970955,1.000243471869016
fixed_joint,20261001,20261011,all,normal_relative,177190,200323,135,135,0.024719188118979392,1.0025733055904533,1.0054415274463007
fixed_joint,20261001,20261011,all,past_amount,177262,200382,147,147,0.043919989529213006,45.735,44.915
fixed_joint,20261001,20261011,all,past_gap,177115,200235,147,147,0.16941797129637992,17364.5,15246.0
fixed_joint,20261001,20261011,all,past_normal_amount,177190,200323,135,135,0.04218760869469095,45.489999999999995,44.725
fixed_joint,20261001,20261011,label_0,gap,176716,199840,135,136,0.1590127831192042,17604.5,15906.0
fixed_joint,20261001,20261011,label_0,amount_or_numeric_value,176851,199974,135,136,0.08748963097803947,48.8,44.9
fixed_joint,20261001,20261011,label_0,relative,176176,199301,135,136,0.025428317096291158,0.9935297579672598,0.9952484656503662
fixed_joint,20261001,20261011,label_0,normal_relative,176176,199294,135,135,0.025708499920895002,0.9979956623243831,1.0008999722477376
fixed_joint,20261001,20261011,label_0,past_amount,176176,199301,135,136,0.04399594846926737,45.695,44.845
fixed_joint,20261001,20261011,label_0,past_gap,176041,199166,135,136,0.16829593449614705,17344.5,15247.0
fixed_joint,20261001,20261011,label_0,past_normal_amount,176176,199294,135,135,0.043055416504588294,45.51,44.71
fixed_joint,20261001,20261011,label_1,gap,1134,1130,114,115,0.1545285872820515,4598.5,5761.5
fixed_joint,20261001,20261011,label_1,amount_or_numeric_value,1146,1143,114,116,0.07575335003530474,361.07,361.21
fixed_joint,20261001,20261011,label_1,relative,1086,1081,114,114,0.0699666459112666,6.934483835146863,6.019864087820177
fixed_joint,20261001,20261011,label_1,normal_relative,1014,1029,102,102,0.1516957100258984,11.304836497689719,9.038304314912946
fixed_joint,20261001,20261011,label_1,past_amount,1086,1081,114,114,0.08197628471523447,59.045,62.745
fixed_joint,20261001,20261011,label_1,past_gap,1074,1069,114,114,0.387579243090178,21068.75,14355.5
fixed_joint,20261001,20261011,label_1,past_normal_amount,1014,1029,102,102,0.1617373988138845,41.625,48.25
fixed_joint,20261001,20261011,continuation,gap,912,933,102,103,0.23325598051349378,3849.0,5648.0
fixed_joint,20261001,20261011,continuation,amount_or_numeric_value,912,933,102,103,0.07381522401188928,391.6,357.09
fixed_joint,20261001,20261011,continuation,relative,912,932,102,103,0.06003552680293225,7.427642418049915,6.608494941550878
fixed_joint,20261001,20261011,continuation,normal_relative,912,925,102,102,0.1326097952892175,11.520029216665643,9.826288274831965
fixed_joint,20261001,20261011,continuation,past_amount,912,932,102,103,0.060436371287843495,58.472500000000004,62.85
fixed_joint,20261001,20261011,continuation,past_gap,912,931,102,103,0.44984145366125866,21600.0,14306.0
fixed_joint,20261001,20261011,continuation,past_normal_amount,912,925,102,102,0.16187173549101236,41.625,48.25
fixed_joint,20261001,20261011,first_normal,gap,0,0,0,0,,,
fixed_joint,20261001,20261011,first_normal,amount_or_numeric_value,135,134,135,134,0.9348423641449966,50.74,77.12
fixed_joint,20261001,20261011,first_normal,relative,0,0,0,0,,,
fixed_joint,20261001,20261011,first_normal,normal_relative,0,0,0,0,,,
fixed_joint,20261001,20261011,first_normal,past_amount,0,0,0,0,,,
fixed_joint,20261001,20261011,first_normal,past_gap,0,0,0,0,,,
fixed_joint,20261001,20261011,first_normal,past_normal_amount,0,0,0,0,,,
fixed_joint,20261001,20261011,left_fraud,gap,120,92,12,12,0.571009627708049,2533.0,5501.5
fixed_joint,20261001,20261011,left_fraud,amount_or_numeric_value,132,105,12,13,0.31482552415655746,540.625,780.9
fixed_joint,20261001,20261011,left_fraud,relative,72,45,12,11,0.21770432161111683,1.443692303858085,1.2098073601350194
fixed_joint,20261001,20261011,left_fraud,normal_relative,0,0,0,0,,,
fixed_joint,20261001,20261011,left_fraud,past_amount,72,45,12,11,0.4367842868312948,310.355,600.775
fixed_joint,20261001,20261011,left_fraud,past_gap,60,34,12,11,0.8172292829337617,2377.5,5501.5
fixed_joint,20261001,20261011,left_fraud,past_normal_amount,0,0,0,0,,,
fixed_joint,20261001,20261011,normal_stay,gap,176615,199735,135,136,0.1584826228699667,17598.0,15906.0
fixed_joint,20261001,20261011,normal_stay,amount_or_numeric_value,176615,199735,135,136,0.08801515431735746,48.8,44.86
fixed_joint,20261001,20261011,normal_stay,relative,176075,199198,135,136,0.025455777892221382,0.993868792152054,0.9956263644175095
fixed_joint,20261001,20261011,normal_stay,normal_relative,176075,199192,135,135,0.02571242578363986,0.9979188345473465,1.000834982457813
fixed_joint,20261001,20261011,normal_stay,past_amount,176075,199198,135,136,0.04395608233039137,45.68,44.835
fixed_joint,20261001,20261011,normal_stay,past_gap,175940,199063,135,136,0.16833200764898407,17348.0,15248.5
fixed_joint,20261001,20261011,normal_stay,past_normal_amount,176075,199192,135,135,0.04314031041279241,45.51,44.71
fixed_joint,20261001,20261011,onset,gap,102,105,102,103,1.9006814515381152,57328.0,10283.0
fixed_joint,20261001,20261011,onset,amount_or_numeric_value,102,105,102,103,0.6239648964208891,318.52,313.47
fixed_joint,20261001,20261011,onset,relative,102,104,102,102,0.48940198969842563,8.904323417665521,4.736187833953945
fixed_joint,20261001,20261011,onset,normal_relative,102,104,102,102,0.4808598431761697,8.904323417665521,5.061277327693261
fixed_joint,20261001,20261011,onset,past_amount,102,104,102,102,0.16280502999847074,42.155,51.9475
fixed_joint,20261001,20261011,onset,past_gap,102,104,102,102,0.3737479895622346,26191.75,19154.25
fixed_joint,20261001,20261011,onset,past_normal_amount,102,104,102,102,0.16062747085091947,42.155,51.9475
fixed_joint,20261001,20261011,return_normal,gap,101,105,101,103,1.096543596360934,41621.0,19418.0
fixed_joint,20261001,20261011,return_normal,amount_or_numeric_value,101,105,101,103,0.2657710341724674,50.71,55.05
fixed_joint,20261001,20261011,return_normal,relative,101,103,101,101,0.10248924964175433,0.40535045478865706,0.6448185291308501
fixed_joint,20261001,20261011,return_normal,normal_relative,101,102,101,100,0.10551148969625757,1.1340178867174562,1.1561759615219405
fixed_joint,20261001,20261011,return_normal,past_amount,101,103,101,101,0.07691825575922781,96.185,88.21000000000001
fixed_joint,20261001,20261011,return_normal,past_gap,101,103,101,101,0.2181757243118358,14673.5,11957.5
fixed_joint,20261001,20261011,return_normal,past_normal_amount,101,102,101,100,0.15413853407957295,42.295,50.980000000000004
fixed_joint,20261001,20261011,recovery20,gap,1964,2033,101,103,0.5034401381187661,28648.0,18567.0
fixed_joint,20261001,20261011,recovery20,amount_or_numeric_value,1964,2033,101,103,0.07426506076124545,50.71,45.67
fixed_joint,20261001,20261011,recovery20,relative,1964,2028,101,103,0.016829177369709493,0.5551652593295426,0.5711951972862614
fixed_joint,20261001,20261011,recovery20,normal_relative,1964,2021,101,102,0.04428946056234179,1.0127371775100973,0.9679335954565312
fixed_joint,20261001,20261011,recovery20,past_amount,1964,2028,101,103,0.057648423526690355,73.25999999999999,69.935
fixed_joint,20261001,20261011,recovery20,past_gap,1964,2026,101,103,0.366427564197094,17730.5,12926.0
fixed_joint,20261001,20261011,recovery20,past_normal_amount,1964,2021,101,102,0.06333400146745445,46.03,46.394999999999996
fixed_joint,20261001,20261012,all,gap,177850,199282,147,147,0.11314259232263885,17524.0,16750.0
fixed_joint,20261001,20261012,all,amount_or_numeric_value,177997,199429,147,147,0.08246395939197709,49.06,45.34
fixed_joint,20261001,20261012,all,relative,177262,198694,147,147,0.023431767858972267,0.9974160322970955,0.9989018535383424
fixed_joint,20261001,20261012,all,normal_relative,177190,198678,135,143,0.023673125325011327,1.0025733055904533,1.0042480298667753
fixed_joint,20261001,20261012,all,past_amount,177262,198694,147,147,0.043623687564148576,45.735,45.209999999999994
fixed_joint,20261001,20261012,all,past_gap,177115,198547,147,147,0.1230950267595359,17364.5,16151.0
fixed_joint,20261001,20261012,all,past_normal_amount,177190,198678,135,143,0.04269659016372038,45.489999999999995,45.0
fixed_joint,20261001,20261012,label_0,gap,176716,198225,135,144,0.11509042195588702,17604.5,16815.0
fixed_joint,20261001,20261012,label_0,amount_or_numeric_value,176851,198368,135,144,0.08211489153668396,48.8,45.085
fixed_joint,20261001,20261012,label_0,relative,176176,197653,135,144,0.02377443977428974,0.9935297579672598,0.9937921727395412
fixed_joint,20261001,20261012,label_0,normal_relative,176176,197648,135,143,0.024139407496158914,0.9979956623243831,0.9998285164738576
fixed_joint,20261001,20261012,label_0,past_amount,176176,197653,135,144,0.043280491779941054,45.695,45.120000000000005
fixed_joint,20261001,20261012,label_0,past_gap,176041,197510,135,144,0.12209094161303086,17344.5,16152.0
fixed_joint,20261001,20261012,label_0,past_normal_amount,176176,197648,135,143,0.043067419194359906,45.51,44.980000000000004
fixed_joint,20261001,20261012,label_1,gap,1134,1057,114,114,0.15215836659003357,4598.5,5679.0
fixed_joint,20261001,20261012,label_1,amount_or_numeric_value,1146,1061,114,114,0.0772307063534137,361.07,473.12
fixed_joint,20261001,20261012,label_1,relative,1086,1041,114,114,0.08772595213101565,6.934483835146863,7.31538549662046
fixed_joint,20261001,20261012,label_1,normal_relative,1014,1030,102,110,0.11317600682300817,11.304836497689719,11.738508465783223
fixed_joint,20261001,20261012,label_1,past_amount,1086,1041,114,114,0.17670863763721203,59.045,60.7
fixed_joint,20261001,20261012,label_1,past_gap,1074,1037,114,114,0.2875974066842651,21068.75,15834.5
fixed_joint,20261001,20261012,label_1,past_normal_amount,1014,1030,102,110,0.18080727093254223,41.625,49.26
fixed_joint,20261001,20261012,continuation,gap,912,919,102,110,0.16937458676620654,3849.0,5122.0
fixed_joint,20261001,20261012,continuation,amount_or_numeric_value,912,919,102,110,0.06856783720198303,391.6,474.87
fixed_joint,20261001,20261012,continuation,relative,912,919,102,110,0.08110384843083884,7.427642418049915,7.204703753957486
fixed_joint,20261001,20261012,continuation,normal_relative,912,919,102,110,0.12854605414100512,11.520029216665643,11.660697724192051
fixed_joint,20261001,20261012,continuation,past_amount,912,919,102,110,0.1114510616343538,58.472500000000004,61.805
fixed_joint,20261001,20261012,continuation,past_gap,912,919,102,110,0.3429457022857799,21600.0,15501.5
fixed_joint,20261001,20261012,continuation,past_normal_amount,912,919,102,110,0.18299923234150692,41.625,49.26
fixed_joint,20261001,20261012,first_normal,gap,0,0,0,0,,,
fixed_joint,20261001,20261012,first_normal,amount_or_numeric_value,135,143,135,143,1.1629906169826678,50.74,91.72
fixed_joint,20261001,20261012,first_normal,relative,0,0,0,0,,,
fixed_joint,20261001,20261012,first_normal,normal_relative,0,0,0,0,,,
fixed_joint,20261001,20261012,first_normal,past_amount,0,0,0,0,,,
fixed_joint,20261001,20261012,first_normal,past_gap,0,0,0,0,,,
fixed_joint,20261001,20261012,first_normal,past_normal_amount,0,0,0,0,,,
fixed_joint,20261001,20261012,left_fraud,gap,120,27,12,4,1.636391804085756,2533.0,14882.0
fixed_joint,20261001,20261012,left_fraud,amount_or_numeric_value,132,31,12,4,0.3436068211533557,540.625,310.97
fixed_joint,20261001,20261012,left_fraud,relative,72,11,12,4,0.33974670021418485,1.443692303858085,1.0978617749391528
fixed_joint,20261001,20261012,left_fraud,normal_relative,0,0,0,0,,,
fixed_joint,20261001,20261012,left_fraud,past_amount,72,11,12,4,0.5763518362588349,310.355,309.08
fixed_joint,20261001,20261012,left_fraud,past_gap,60,7,12,4,1.6482759165862013,2377.5,11571.0
fixed_joint,20261001,20261012,left_fraud,past_normal_amount,0,0,0,0,,,
fixed_joint,20261001,20261012,normal_stay,gap,176615,198113,135,144,0.1145363960834353,17598.0,16817.0
fixed_joint,20261001,20261012,normal_stay,amount_or_numeric_value,176615,198113,135,144,0.08255989194091998,48.8,45.05
fixed_joint,20261001,20261012,normal_stay,relative,176075,197541,135,144,0.02378370015791422,0.993868792152054,0.9943003933531348
fixed_joint,20261001,20261012,normal_stay,normal_relative,176075,197537,135,143,0.024120879805807186,0.9979188345473465,0.9998387356877922
fixed_joint,20261001,20261012,normal_stay,past_amount,176075,197541,135,144,0.04328236529903138,45.68,45.105000000000004
fixed_joint,20261001,20261012,normal_stay,past_gap,175940,197398,135,144,0.12210900841827117,17348.0,16156.0
fixed_joint,20261001,20261012,normal_stay,past_normal_amount,176075,197537,135,143,0.04310505254781417,45.51,44.98
fixed_joint,20261001,20261012,onset,gap,102,111,102,110,1.878545608635294,57328.0,8662.0
fixed_joint,20261001,20261012,onset,amount_or_numeric_value,102,111,102,110,0.4578651543133539,318.52,699.76
fixed_joint,20261001,20261012,onset,relative,102,111,102,110,0.27545700702222764,8.904323417665521,12.172317314022383
fixed_joint,20261001,20261012,onset,normal_relative,102,111,102,110,0.2768360821604401,8.904323417665521,12.389620695127757
fixed_joint,20261001,20261012,onset,past_amount,102,111,102,110,0.1619541463238254,42.155,49.09
fixed_joint,20261001,20261012,onset,past_gap,102,111,102,110,0.2535744835549657,26191.75,20080.0
fixed_joint,20261001,20261012,onset,past_normal_amount,102,111,102,110,0.16128915187177495,42.155,49.09
fixed_joint,20261001,20261012,return_normal,gap,101,112,101,111,1.089833802067632,41621.0,12634.0
fixed_joint,20261001,20261012,return_normal,amount_or_numeric_value,101,112,101,111,0.24163642164771376,50.71,48.215
fixed_joint,20261001,20261012,return_normal,relative,101,112,101,111,0.07075794388057834,0.40535045478865706,0.40298562677169036
fixed_joint,20261001,20261012,return_normal,normal_relative,101,111,101,110,0.11815916380407299,1.1340178867174562,0.949501811594203
fixed_joint,20261001,20261012,return_normal,past_amount,101,112,101,111,0.08391258519895707,96.185,81.04249999999999
fixed_joint,20261001,20261012,return_normal,past_gap,101,112,101,111,0.1680391988102221,14673.5,11349.25
fixed_joint,20261001,20261012,return_normal,past_normal_amount,101,111,101,110,0.1600687260303895,42.295,49.09
fixed_joint,20261001,20261012,recovery20,gap,1964,2183,101,111,0.47462965240841537,28648.0,20022.0
fixed_joint,20261001,20261012,recovery20,amount_or_numeric_value,1964,2183,101,111,0.05811242096591357,50.71,46.83
fixed_joint,20261001,20261012,recovery20,relative,1964,2183,101,111,0.013407883575443529,0.5551652593295426,0.5344835097808567
fixed_joint,20261001,20261012,recovery20,normal_relative,1964,2178,101,110,0.05496732795441668,1.0127371775100973,0.9835805549709888
fixed_joint,20261001,20261012,recovery20,past_amount,1964,2183,101,111,0.05783175797596996,73.25999999999999,68.775
fixed_joint,20261001,20261012,recovery20,past_gap,1964,2183,101,111,0.3485805618660683,17730.5,12832.0
fixed_joint,20261001,20261012,recovery20,past_normal_amount,1964,2178,101,110,0.12614679528046918,46.03,48.9
fixed_joint,20261001,20261021,all,gap,177850,181969,147,147,0.12157422194195991,17524.0,16517.0
fixed_joint,20261001,20261021,all,amount_or_numeric_value,177997,182116,147,147,0.07630875866914884,49.06,45.58
fixed_joint,20261001,20261021,all,relative,177262,181381,147,147,0.025044493232942867,0.9974160322970955,0.996221322537112
fixed_joint,20261001,20261021,all,normal_relative,177190,181311,135,134,0.025089148206338938,1.0025733055904533,1.0016759402024533
fixed_joint,20261001,20261021,all,past_amount,177262,181381,147,147,0.0475728138887212,45.735,45.54
fixed_joint,20261001,20261021,all,past_gap,177115,181234,147,147,0.13261168455111913,17364.5,16012.5
fixed_joint,20261001,20261021,all,past_normal_amount,177190,181311,135,134,0.04806713611952676,45.489999999999995,45.375
fixed_joint,20261001,20261021,label_0,gap,176716,180895,135,134,0.12251922775077442,17604.5,16599.0
fixed_joint,20261001,20261021,label_0,amount_or_numeric_value,176851,181028,135,134,0.07623610535713234,48.8,45.33
fixed_joint,20261001,20261021,label_0,relative,176176,180364,135,134,0.02539003694331761,0.9935297579672598,0.991923823795076
fixed_joint,20261001,20261021,label_0,normal_relative,176176,180358,135,134,0.025729423022582933,0.9979956623243831,0.9971058533260083
fixed_joint,20261001,20261021,label_0,past_amount,176176,180364,135,134,0.04749381818011136,45.695,45.485
fixed_joint,20261001,20261021,label_0,past_gap,176041,180231,135,134,0.1322305555531355,17344.5,16008.5
fixed_joint,20261001,20261021,label_0,past_normal_amount,176176,180358,135,134,0.04779221242157893,45.51,45.35
fixed_joint,20261001,20261021,label_1,gap,1134,1074,114,114,0.09780691990326529,4598.5,4935.5
fixed_joint,20261001,20261021,label_1,amount_or_numeric_value,1146,1088,114,114,0.08865904840522745,361.07,353.235
fixed_joint,20261001,20261021,label_1,relative,1086,1017,114,113,0.07265222678537807,6.934483835146863,6.411799294394355
fixed_joint,20261001,20261021,label_1,normal_relative,1014,953,102,99,0.15654072793884816,11.304836497689719,9.428829915560916
fixed_joint,20261001,20261021,label_1,past_amount,1086,1017,114,113,0.0791177582036903,59.045,61.225
fixed_joint,20261001,20261021,label_1,past_gap,1074,1003,114,113,0.19633814419178536,21068.75,17774.0
fixed_joint,20261001,20261021,label_1,past_normal_amount,1014,953,102,99,0.15627776542891825,41.625,49.485
fixed_joint,20261001,20261021,continuation,gap,912,859,102,99,0.08948366362776475,3849.0,4028.0
fixed_joint,20261001,20261021,continuation,amount_or_numeric_value,912,859,102,99,0.07896884593570955,391.6,378.74
fixed_joint,20261001,20261021,continuation,relative,912,857,102,99,0.04899568096009976,7.427642418049915,7.406949993945998
fixed_joint,20261001,20261021,continuation,normal_relative,912,852,102,98,0.13684739410267271,11.520029216665643,10.410170677358785
fixed_joint,20261001,20261021,continuation,past_amount,912,857,102,99,0.06358970367082435,58.472500000000004,61.105000000000004
fixed_joint,20261001,20261021,continuation,past_gap,912,856,102,99,0.23896136947322472,21600.0,17643.0
fixed_joint,20261001,20261021,continuation,past_normal_amount,912,852,102,98,0.15764772848741737,41.625,49.485
fixed_joint,20261001,20261021,first_normal,gap,0,0,0,0,,,
fixed_joint,20261001,20261021,first_normal,amount_or_numeric_value,135,133,135,133,0.9722468711790775,50.74,81.28
fixed_joint,20261001,20261021,first_normal,relative,0,0,0,0,,,
fixed_joint,20261001,20261021,first_normal,normal_relative,0,0,0,0,,,
fixed_joint,20261001,20261021,first_normal,past_amount,0,0,0,0,,,
fixed_joint,20261001,20261021,first_normal,past_gap,0,0,0,0,,,
fixed_joint,20261001,20261021,first_normal,past_normal_amount,0,0,0,0,,,
fixed_joint,20261001,20261021,left_fraud,gap,120,113,12,14,0.7325910698951991,2533.0,6531.0
fixed_joint,20261001,20261021,left_fraud,amount_or_numeric_value,132,127,12,14,0.17205708852981247,540.625,337.27
fixed_joint,20261001,20261021,left_fraud,relative,72,59,12,13,0.2683066713516744,1.443692303858085,1.008973783731812
fixed_joint,20261001,20261021,left_fraud,normal_relative,0,0,0,0,,,
fixed_joint,20261001,20261021,left_fraud,past_amount,72,59,12,13,0.30301564308527046,310.355,337.27
fixed_joint,20261001,20261021,left_fraud,past_gap,60,46,12,13,1.0652112363009163,2377.5,6783.5
fixed_joint,20261001,20261021,left_fraud,past_normal_amount,0,0,0,0,,,
fixed_joint,20261001,20261021,normal_stay,gap,176615,180793,135,134,0.12200353629855612,17598.0,16600.0
fixed_joint,20261001,20261021,normal_stay,amount_or_numeric_value,176615,180793,135,134,0.07671814567351887,48.8,45.28
fixed_joint,20261001,20261021,normal_stay,relative,176075,180263,135,134,0.025419075818720223,0.993868792152054,0.992133726647001
fixed_joint,20261001,20261021,normal_stay,normal_relative,176075,180258,135,134,0.025720101984217078,0.9979188345473465,0.9970366755895499
fixed_joint,20261001,20261021,normal_stay,past_amount,176075,180263,135,134,0.047459464213410456,45.68,45.474999999999994
fixed_joint,20261001,20261021,normal_stay,past_gap,175940,180130,135,134,0.13228655826746522,17348.0,16009.5
fixed_joint,20261001,20261021,normal_stay,past_normal_amount,176075,180258,135,134,0.0477754004164197,45.51,45.35
fixed_joint,20261001,20261021,onset,gap,102,102,102,100,1.5045340787567052,57328.0,15583.0
fixed_joint,20261001,20261021,onset,amount_or_numeric_value,102,102,102,100,0.4527976718833395,318.52,305.14
fixed_joint,20261001,20261021,onset,relative,102,101,102,99,0.34102920215441246,8.904323417665521,6.525396180414466
fixed_joint,20261001,20261021,onset,normal_relative,102,101,102,99,0.3378413303294112,8.904323417665521,6.525396180414466
fixed_joint,20261001,20261021,onset,past_amount,102,101,102,99,0.15124445937176306,42.155,49.815
fixed_joint,20261001,20261021,onset,past_gap,102,101,102,99,0.24128742942823977,26191.75,22296.0
fixed_joint,20261001,20261021,onset,past_normal_amount,102,101,102,99,0.1439255687387286,42.155,49.74
fixed_joint,20261001,20261021,return_normal,gap,101,102,101,100,1.0301493677216125,41621.0,16400.5
fixed_joint,20261001,20261021,return_normal,amount_or_numeric_value,101,102,101,100,0.24871060869212977,50.71,60.53
fixed_joint,20261001,20261021,return_normal,relative,101,101,101,99,0.19204339999629172,0.40535045478865706,0.47455919395465995
fixed_joint,20261001,20261021,return_normal,normal_relative,101,100,101,98,0.11496240810272279,1.1340178867174562,1.162117362680208
fixed_joint,20261001,20261021,return_normal,past_amount,101,101,101,99,0.17845948442153015,96.185,79.25999999999999
fixed_joint,20261001,20261021,return_normal,past_gap,101,101,101,99,0.09876985368794004,14673.5,14524.5
fixed_joint,20261001,20261021,return_normal,past_normal_amount,101,100,101,98,0.13978761106115595,42.295,49.735
fixed_joint,20261001,20261021,recovery20,gap,1964,1997,101,100,0.4999048971015667,28648.0,18634.0
fixed_joint,20261001,20261021,recovery20,amount_or_numeric_value,1964,1997,101,100,0.07750760188572434,50.71,46.2
fixed_joint,20261001,20261021,recovery20,relative,1964,1995,101,100,0.032462535330494736,0.5551652593295426,0.5654814713710503
fixed_joint,20261001,20261021,recovery20,normal_relative,1964,1989,101,100,0.04412555091351664,1.0127371775100973,0.9657594381035998
fixed_joint,20261001,20261021,recovery20,past_amount,1964,1995,101,100,0.08419318282030899,73.25999999999999,66.39500000000001
fixed_joint,20261001,20261021,recovery20,past_gap,1964,1994,101,100,0.3350322523225501,17730.5,13271.25
fixed_joint,20261001,20261021,recovery20,past_normal_amount,1964,1989,101,100,0.10232081826380962,46.03,48.11
fixed_joint,20261001,20261022,all,gap,177850,202747,147,147,0.13681479030099594,17524.0,16245.0
fixed_joint,20261001,20261022,all,amount_or_numeric_value,177997,202894,147,147,0.08726025006142252,49.06,45.16
fixed_joint,20261001,20261022,all,relative,177262,202159,147,147,0.024410312708516235,0.9974160322970955,0.9967055471462914
fixed_joint,20261001,20261022,all,normal_relative,177190,202114,135,141,0.02473871633439085,1.0025733055904533,1.0037413630035785
fixed_joint,20261001,20261022,all,past_amount,177262,202159,147,147,0.04492638728573166,45.735,45.0
fixed_joint,20261001,20261022,all,past_gap,177115,202012,147,147,0.14989871783900854,17364.5,15717.0
fixed_joint,20261001,20261022,all,past_normal_amount,177190,202114,135,141,0.0446493118966722,45.489999999999995,44.79
fixed_joint,20261001,20261022,label_0,gap,176716,201461,135,141,0.13774372815856822,17604.5,16321.0
fixed_joint,20261001,20261022,label_0,amount_or_numeric_value,176851,201602,135,141,0.08721237883263795,48.8,44.89
fixed_joint,20261001,20261022,label_0,relative,176176,200898,135,141,0.02457840152251041,0.9935297579672598,0.9920033295119256
fixed_joint,20261001,20261022,label_0,normal_relative,176176,200897,135,141,0.02478751374799671,0.9979956623243831,0.9981452040275571
fixed_joint,20261001,20261022,label_0,past_amount,176176,200898,135,141,0.04510166268938459,45.695,44.935
fixed_joint,20261001,20261022,label_0,past_gap,176041,200758,135,141,0.1490915241617938,17344.5,15723.5
fixed_joint,20261001,20261022,label_0,past_normal_amount,176176,200897,135,141,0.04491488506626949,45.51,44.805
fixed_joint,20261001,20261022,label_1,gap,1134,1286,114,119,0.10737755710735604,4598.5,5355.5
fixed_joint,20261001,20261022,label_1,amount_or_numeric_value,1146,1292,114,119,0.11243178200014639,361.07,394.975
fixed_joint,20261001,20261022,label_1,relative,1086,1261,114,119,0.07990277376818797,6.934483835146863,6.419704107777502
fixed_joint,20261001,20261022,label_1,normal_relative,1014,1217,102,112,0.07405647530480955,11.304836497689719,11.12669162107688
fixed_joint,20261001,20261022,label_1,past_amount,1086,1261,114,119,0.06749581356520573,59.045,60.185
fixed_joint,20261001,20261022,label_1,past_gap,1074,1254,114,119,0.43031555524353776,21068.75,14040.0
fixed_joint,20261001,20261022,label_1,past_normal_amount,1014,1217,102,112,0.05731317674323649,41.625,43.095
fixed_joint,20261001,20261022,continuation,gap,912,1113,102,113,0.16419442826874664,3849.0,4925.0
fixed_joint,20261001,20261022,continuation,amount_or_numeric_value,912,1113,102,113,0.09225132937334059,391.6,399.35
fixed_joint,20261001,20261022,continuation,relative,912,1113,102,113,0.09259643885525129,7.427642418049915,6.754636700850972
fixed_joint,20261001,20261022,continuation,normal_relative,912,1099,102,112,0.059000316780895755,11.520029216665643,11.36734693877551
fixed_joint,20261001,20261022,continuation,past_amount,912,1113,102,113,0.12034144890351345,58.472500000000004,61.27
fixed_joint,20261001,20261022,continuation,past_gap,912,1112,102,113,0.5100103699597787,21600.0,13845.0
fixed_joint,20261001,20261022,continuation,past_normal_amount,912,1099,102,112,0.05808725988252092,41.625,43.095
fixed_joint,20261001,20261022,first_normal,gap,0,0,0,0,,,
fixed_joint,20261001,20261022,first_normal,amount_or_numeric_value,135,141,135,141,0.9972228365228634,50.74,84.09
fixed_joint,20261001,20261022,first_normal,relative,0,0,0,0,,,
fixed_joint,20261001,20261022,first_normal,normal_relative,0,0,0,0,,,
fixed_joint,20261001,20261022,first_normal,past_amount,0,0,0,0,,,
fixed_joint,20261001,20261022,first_normal,past_gap,0,0,0,0,,,
fixed_joint,20261001,20261022,first_normal,past_normal_amount,0,0,0,0,,,
fixed_joint,20261001,20261022,left_fraud,gap,120,54,12,6,0.819394076362605,2533.0,6624.5
fixed_joint,20261001,20261022,left_fraud,amount_or_numeric_value,132,60,12,6,0.4625208647506504,540.625,878.9300000000001
fixed_joint,20261001,20261022,left_fraud,relative,72,30,12,6,0.2866632819106571,1.443692303858085,1.0407953554854774
fixed_joint,20261001,20261022,left_fraud,normal_relative,0,0,0,0,,,
fixed_joint,20261001,20261022,left_fraud,past_amount,72,30,12,6,0.4867019171028793,310.355,563.485
fixed_joint,20261001,20261022,left_fraud,past_gap,60,24,12,6,0.935995245535092,2377.5,6379.0
fixed_joint,20261001,20261022,left_fraud,past_normal_amount,0,0,0,0,,,
fixed_joint,20261001,20261022,normal_stay,gap,176615,201343,135,141,0.13716765257778432,17598.0,16323.0
fixed_joint,20261001,20261022,normal_stay,amount_or_numeric_value,176615,201343,135,141,0.08768626801552927,48.8,44.87
fixed_joint,20261001,20261022,normal_stay,relative,176075,200780,135,141,0.024609579136937284,0.993868792152054,0.9923742288674069
fixed_joint,20261001,20261022,normal_stay,normal_relative,176075,200780,135,141,0.024787221864326872,0.9979188345473465,0.9981672365320288
fixed_joint,20261001,20261022,normal_stay,past_amount,176075,200780,135,141,0.04505477410788401,45.68,44.93
fixed_joint,20261001,20261022,normal_stay,past_gap,175940,200640,135,141,0.1491363864412953,17348.0,15726.5
fixed_joint,20261001,20261022,normal_stay,past_normal_amount,176075,200780,135,141,0.0449357471727443,45.51,44.805
fixed_joint,20261001,20261022,onset,gap,102,119,102,113,1.6472497271234823,57328.0,9290.0
fixed_joint,20261001,20261022,onset,amount_or_numeric_value,102,119,102,113,0.5597233773409579,318.52,304.74
fixed_joint,20261001,20261022,onset,relative,102,118,102,112,0.3350682407671896,8.904323417665521,7.430019957296036
fixed_joint,20261001,20261022,onset,normal_relative,102,118,102,112,0.3159376333110224,8.904323417665521,8.009795197630703
fixed_joint,20261001,20261022,onset,past_amount,102,118,102,112,0.06332655505688972,42.155,43.635
fixed_joint,20261001,20261022,onset,past_gap,102,118,102,112,0.4136125051488367,26191.75,17072.75
fixed_joint,20261001,20261022,onset,past_normal_amount,102,118,102,112,0.05762450516003048,42.155,43.2025
fixed_joint,20261001,20261022,return_normal,gap,101,118,101,112,1.1465043571792088,41621.0,14291.5
fixed_joint,20261001,20261022,return_normal,amount_or_numeric_value,101,118,101,112,0.21998245635097347,50.71,46.16
fixed_joint,20261001,20261022,return_normal,relative,101,118,101,112,0.10291871637636278,0.40535045478865706,0.45415789173765253
fixed_joint,20261001,20261022,return_normal,normal_relative,101,117,101,111,0.14305594558511034,1.1340178867174562,0.9979762205919556
fixed_joint,20261001,20261022,return_normal,past_amount,101,118,101,112,0.20253708164816733,96.185,86.71000000000001
fixed_joint,20261001,20261022,return_normal,past_gap,101,118,101,112,0.2814312296681363,14673.5,11436.25
fixed_joint,20261001,20261022,return_normal,past_normal_amount,101,117,101,111,0.05680334297530216,42.295,43.165
fixed_joint,20261001,20261022,recovery20,gap,1964,2280,101,112,0.54669717269673,28648.0,18879.5
fixed_joint,20261001,20261022,recovery20,amount_or_numeric_value,1964,2280,101,112,0.09344726044443999,50.71,47.875
fixed_joint,20261001,20261022,recovery20,relative,1964,2280,101,112,0.024901640329927713,0.5551652593295426,0.541416232324133
fixed_joint,20261001,20261022,recovery20,normal_relative,1964,2279,101,112,0.038934521981610584,1.0127371775100973,1.0105420281742699
fixed_joint,20261001,20261022,recovery20,past_amount,1964,2280,101,112,0.0905270769272161,73.25999999999999,67.8375
fixed_joint,20261001,20261022,recovery20,past_gap,1964,2280,101,112,0.4010647069386065,17730.5,12885.5
fixed_joint,20261001,20261022,recovery20,past_normal_amount,1964,2279,101,112,0.046243626374218846,46.03,44.845
onset_fit,20261001,20261011,all,gap,177850,200970,147,147,0.15700199629319952,17524.0,15853.0
onset_fit,20261001,20261011,all,amount_or_numeric_value,177997,201117,147,147,0.08746342625413141,49.06,45.17
onset_fit,20261001,20261011,all,relative,177262,200382,147,147,0.024811250392022692,0.9974160322970955,1.0001758445275881
onset_fit,20261001,20261011,all,normal_relative,177190,200323,135,135,0.024712811493781798,1.0025733055904533,1.0054462403373154
onset_fit,20261001,20261011,all,past_amount,177262,200382,147,147,0.04381786231192706,45.735,44.915
onset_fit,20261001,20261011,all,past_gap,177115,200235,147,147,0.16943933698510222,17364.5,15245.5
onset_fit,20261001,20261011,all,past_normal_amount,177190,200323,135,135,0.04218085226996633,45.489999999999995,44.725
onset_fit,20261001,20261011,label_0,gap,176716,199840,135,136,0.15901961584529692,17604.5,15906.0
onset_fit,20261001,20261011,label_0,amount_or_numeric_value,176851,199974,135,136,0.08750141149843318,48.8,44.9
onset_fit,20261001,20261011,label_0,relative,176176,199301,135,136,0.02543178504107004,0.9935297579672598,0.9952095000337359
onset_fit,20261001,20261011,label_0,normal_relative,176176,199294,135,135,0.025707909705857318,0.9979956623243831,1.0008999722477376
onset_fit,20261001,20261011,label_0,past_amount,176176,199301,135,136,0.04390881008702201,45.695,44.845
onset_fit,20261001,20261011,label_0,past_gap,176041,199166,135,136,0.16831417003176413,17344.5,15246.75
onset_fit,20261001,20261011,label_0,past_normal_amount,176176,199294,135,135,0.04304904618834988,45.51,44.71
onset_fit,20261001,20261011,label_1,gap,1134,1130,114,115,0.15030591296685408,4598.5,5740.0
onset_fit,20261001,20261011,label_1,amount_or_numeric_value,1146,1143,114,116,0.06747542403733783,361.07,357.09
onset_fit,20261001,20261011,label_1,relative,1086,1081,114,114,0.06665529671181036,6.934483835146863,6.100580799453366
onset_fit,20261001,20261011,label_1,normal_relative,1014,1029,102,102,0.14445332378140618,11.304836497689719,9.038304314912946
onset_fit,20261001,20261011,label_1,past_amount,1086,1081,114,114,0.08144761177698227,59.045,63.644999999999996
onset_fit,20261001,20261011,label_1,past_gap,1074,1069,114,114,0.38818378939008336,21068.75,14355.5
onset_fit,20261001,20261011,label_1,past_normal_amount,1014,1029,102,102,0.1617373988138845,41.625,48.25
onset_fit,20261001,20261011,continuation,gap,912,933,102,103,0.22562886336461646,3849.0,5575.0
onset_fit,20261001,20261011,continuation,amount_or_numeric_value,912,933,102,103,0.07246974557271005,391.6,356.02
onset_fit,20261001,20261011,continuation,relative,912,932,102,103,0.06096233536596782,7.427642418049915,6.558411840811575
onset_fit,20261001,20261011,continuation,normal_relative,912,925,102,102,0.13270840748482804,11.520029216665643,9.695120061967469
onset_fit,20261001,20261011,continuation,past_amount,912,932,102,103,0.062107951656080254,58.472500000000004,64.315
onset_fit,20261001,20261011,continuation,past_gap,912,931,102,103,0.45053561047608015,21600.0,14306.0
onset_fit,20261001,20261011,continuation,past_normal_amount,912,925,102,102,0.16187173549101236,41.625,48.25
onset_fit,20261001,20261011,first_normal,gap,0,0,0,0,,,
onset_fit,20261001,20261011,first_normal,amount_or_numeric_value,135,134,135,134,0.9348423641449966,50.74,77.12
onset_fit,20261001,20261011,first_normal,relative,0,0,0,0,,,
onset_fit,20261001,20261011,first_normal,normal_relative,0,0,0,0,,,
onset_fit,20261001,20261011,first_normal,past_amount,0,0,0,0,,,
onset_fit,20261001,20261011,first_normal,past_gap,0,0,0,0,,,
onset_fit,20261001,20261011,first_normal,past_normal_amount,0,0,0,0,,,
onset_fit,20261001,20261011,left_fraud,gap,120,92,12,12,0.571009627708049,2533.0,5501.5
onset_fit,20261001,20261011,left_fraud,amount_or_numeric_value,132,105,12,13,0.31482552415655746,540.625,780.9
onset_fit,20261001,20261011,left_fraud,relative,72,45,12,11,0.21770432161111683,1.443692303858085,1.2098073601350194
onset_fit,20261001,20261011,left_fraud,normal_relative,0,0,0,0,,,
onset_fit,20261001,20261011,left_fraud,past_amount,72,45,12,11,0.4367842868312948,310.355,600.775
onset_fit,20261001,20261011,left_fraud,past_gap,60,34,12,11,0.8172292829337617,2377.5,5501.5
onset_fit,20261001,20261011,left_fraud,past_normal_amount,0,0,0,0,,,
onset_fit,20261001,20261011,normal_stay,gap,176615,199735,135,136,0.1584894591879999,17598.0,15906.0
onset_fit,20261001,20261011,normal_stay,amount_or_numeric_value,176615,199735,135,136,0.08802694893415072,48.8,44.86
onset_fit,20261001,20261011,normal_stay,relative,176075,199198,135,136,0.025459130587147008,0.993868792152054,0.9955863120275847
onset_fit,20261001,20261011,normal_stay,normal_relative,176075,199192,135,135,0.025711830341143008,0.9979188345473465,1.000834982457813
onset_fit,20261001,20261011,normal_stay,past_amount,176075,199198,135,136,0.043879559268399565,45.68,44.835
onset_fit,20261001,20261011,normal_stay,past_gap,175940,199063,135,136,0.16834949368656696,17348.0,15247.5
onset_fit,20261001,20261011,normal_stay,past_normal_amount,176075,199192,135,135,0.043133991454254006,45.51,44.71
onset_fit,20261001,20261011,onset,gap,102,105,102,103,1.9006814515381152,57328.0,10283.0
onset_fit,20261001,20261011,onset,amount_or_numeric_value,102,105,102,103,0.514620574940043,318.52,319.38
onset_fit,20261001,20261011,onset,relative,102,104,102,102,0.39949239445362256,8.904323417665521,6.152116109311304
onset_fit,20261001,20261011,onset,normal_relative,102,104,102,102,0.3909594527686804,8.904323417665521,6.152116109311304
onset_fit,20261001,20261011,onset,past_amount,102,104,102,102,0.16280502999847074,42.155,51.9475
onset_fit,20261001,20261011,onset,past_gap,102,104,102,102,0.3737479895622346,26191.75,19154.25
onset_fit,20261001,20261011,onset,past_normal_amount,102,104,102,102,0.16062747085091947,42.155,51.9475
onset_fit,20261001,20261011,return_normal,gap,101,105,101,103,1.096543596360934,41621.0,19418.0
onset_fit,20261001,20261011,return_normal,amount_or_numeric_value,101,105,101,103,0.2657710341724674,50.71,55.05
onset_fit,20261001,20261011,return_normal,relative,101,103,101,101,0.0962842988183053,0.40535045478865706,0.5498614205749688
onset_fit,20261001,20261011,return_normal,normal_relative,101,102,101,100,0.10551148969625757,1.1340178867174562,1.1561759615219405
onset_fit,20261001,20261011,return_normal,past_amount,101,103,101,101,0.07771254564106694,96.185,85.9
onset_fit,20261001,20261011,return_normal,past_gap,101,103,101,101,0.2196424775869394,14673.5,11957.5
onset_fit,20261001,20261011,return_normal,past_normal_amount,101,102,101,100,0.15413853407957295,42.295,50.980000000000004
onset_fit,20261001,20261011,recovery20,gap,1964,2033,101,103,0.5041117819861343,28648.0,18567.0
onset_fit,20261001,20261011,recovery20,amount_or_numeric_value,1964,2033,101,103,0.07521002275853787,50.71,45.65
onset_fit,20261001,20261011,recovery20,relative,1964,2028,101,103,0.017613910155346163,0.5551652593295426,0.5650318739445261
onset_fit,20261001,20261011,recovery20,normal_relative,1964,2021,101,102,0.044658142099466586,1.0127371775100973,0.9668320202314951
onset_fit,20261001,20261011,recovery20,past_amount,1964,2028,101,103,0.05066235674226828,73.25999999999999,70.17750000000001
onset_fit,20261001,20261011,recovery20,past_gap,1964,2026,101,103,0.3682202091559834,17730.5,12907.0
onset_fit,20261001,20261011,recovery20,past_normal_amount,1964,2021,101,102,0.06291883969508233,46.03,46.394999999999996
onset_fit,20261001,20261012,all,gap,177850,199282,147,147,0.11314161359697195,17524.0,16750.0
onset_fit,20261001,20261012,all,amount_or_numeric_value,177997,199429,147,147,0.08247412759431742,49.06,45.34
onset_fit,20261001,20261012,all,relative,177262,198694,147,147,0.02344938505014628,0.9974160322970955,0.9988400788202645
onset_fit,20261001,20261012,all,normal_relative,177190,198678,135,143,0.023692375923638632,1.0025733055904533,1.0043045243015425
onset_fit,20261001,20261012,all,past_amount,177262,198694,147,147,0.04349979039225313,45.735,45.21
onset_fit,20261001,20261012,all,past_gap,177115,198547,147,147,0.1230950267595359,17364.5,16151.0
onset_fit,20261001,20261012,all,past_normal_amount,177190,198678,135,143,0.04269659016372038,45.489999999999995,45.0
onset_fit,20261001,20261012,label_0,gap,176716,198225,135,144,0.11509042195588702,17604.5,16815.0
onset_fit,20261001,20261012,label_0,amount_or_numeric_value,176851,198368,135,144,0.08211489153668396,48.8,45.085
onset_fit,20261001,20261012,label_0,relative,176176,197653,135,144,0.023785761675159736,0.9935297579672598,0.993627996358855
onset_fit,20261001,20261012,label_0,normal_relative,176176,197648,135,143,0.024139407496158914,0.9979956623243831,0.9998285164738576
onset_fit,20261001,20261012,label_0,past_amount,176176,197653,135,144,0.04321351176127663,45.695,45.125
onset_fit,20261001,20261012,label_0,past_gap,176041,197510,135,144,0.12209094161303086,17344.5,16152.0
onset_fit,20261001,20261012,label_0,past_normal_amount,176176,197648,135,143,0.043067419194359906,45.51,44.980000000000004
onset_fit,20261001,20261012,label_1,gap,1134,1057,114,114,0.1523428911012477,4598.5,5679.0
onset_fit,20261001,20261012,label_1,amount_or_numeric_value,1146,1061,114,114,0.07840859599538405,361.07,483.52
onset_fit,20261001,20261012,label_1,relative,1086,1041,114,114,0.09371382739641335,6.934483835146863,7.376867469879518
onset_fit,20261001,20261012,label_1,normal_relative,1014,1030,102,110,0.11356443919462209,11.304836497689719,11.933613516980516
onset_fit,20261001,20261012,label_1,past_amount,1086,1041,114,114,0.1779184343213876,59.045,60.760000000000005
onset_fit,20261001,20261012,label_1,past_gap,1074,1037,114,114,0.2875974066842651,21068.75,15834.5
onset_fit,20261001,20261012,label_1,past_normal_amount,1014,1030,102,110,0.18080727093254223,41.625,49.26
onset_fit,20261001,20261012,continuation,gap,912,919,102,110,0.16958682007235815,3849.0,5122.0
onset_fit,20261001,20261012,continuation,amount_or_numeric_value,912,919,102,110,0.0685741775463715,391.6,474.87
onset_fit,20261001,20261012,continuation,relative,912,919,102,110,0.08354382330669174,7.427642418049915,7.177301568298814
onset_fit,20261001,20261012,continuation,normal_relative,912,919,102,110,0.12853822435770634,11.520029216665643,11.660697724192051
onset_fit,20261001,20261012,continuation,past_amount,912,919,102,110,0.11694040357549419,58.472500000000004,61.84
onset_fit,20261001,20261012,continuation,past_gap,912,919,102,110,0.3429457022857799,21600.0,15501.5
onset_fit,20261001,20261012,continuation,past_normal_amount,912,919,102,110,0.18299923234150692,41.625,49.26
onset_fit,20261001,20261012,first_normal,gap,0,0,0,0,,,
onset_fit,20261001,20261012,first_normal,amount_or_numeric_value,135,143,135,143,1.1629906169826678,50.74,91.72
onset_fit,20261001,20261012,first_normal,relative,0,0,0,0,,,
onset_fit,20261001,20261012,first_normal,normal_relative,0,0,0,0,,,
onset_fit,20261001,20261012,first_normal,past_amount,0,0,0,0,,,
onset_fit,20261001,20261012,first_normal,past_gap,0,0,0,0,,,
onset_fit,20261001,20261012,first_normal,past_normal_amount,0,0,0,0,,,
onset_fit,20261001,20261012,left_fraud,gap,120,27,12,4,1.636391804085756,2533.0,14882.0
onset_fit,20261001,20261012,left_fraud,amount_or_numeric_value,132,31,12,4,0.3436068211533557,540.625,310.97
onset_fit,20261001,20261012,left_fraud,relative,72,11,12,4,0.33974670021418485,1.443692303858085,1.0978617749391528
onset_fit,20261001,20261012,left_fraud,normal_relative,0,0,0,0,,,
onset_fit,20261001,20261012,left_fraud,past_amount,72,11,12,4,0.5763518362588349,310.355,309.08
onset_fit,20261001,20261012,left_fraud,past_gap,60,7,12,4,1.6482759165862013,2377.5,11571.0
onset_fit,20261001,20261012,left_fraud,past_normal_amount,0,0,0,0,,,
onset_fit,20261001,20261012,normal_stay,gap,176615,198113,135,144,0.1145363960834353,17598.0,16817.0
onset_fit,20261001,20261012,normal_stay,amount_or_numeric_value,176615,198113,135,144,0.08255989194091998,48.8,45.05
onset_fit,20261001,20261012,normal_stay,relative,176075,197541,135,144,0.023794617896542792,0.993868792152054,0.9941737288135591
onset_fit,20261001,20261012,normal_stay,normal_relative,176075,197537,135,143,0.024120879805807186,0.9979188345473465,0.9998387356877922
onset_fit,20261001,20261012,normal_stay,past_amount,176075,197541,135,144,0.04321949352162975,45.68,45.105000000000004
onset_fit,20261001,20261012,normal_stay,past_gap,175940,197398,135,144,0.12210900841827117,17348.0,16156.0
onset_fit,20261001,20261012,normal_stay,past_normal_amount,176075,197537,135,143,0.04310505254781417,45.51,44.98
onset_fit,20261001,20261012,onset,gap,102,111,102,110,1.878545608635294,57328.0,8662.0
onset_fit,20261001,20261012,onset,amount_or_numeric_value,102,111,102,110,0.4550578349117506,318.52,739.59
onset_fit,20261001,20261012,onset,relative,102,111,102,110,0.29523307403357296,8.904323417665521,14.094263994471321
onset_fit,20261001,20261012,onset,normal_relative,102,111,102,110,0.2966121491717854,8.904323417665521,14.180263922317202
onset_fit,20261001,20261012,onset,past_amount,102,111,102,110,0.1619541463238254,42.155,49.09
onset_fit,20261001,20261012,onset,past_gap,102,111,102,110,0.2535744835549657,26191.75,20080.0
onset_fit,20261001,20261012,onset,past_normal_amount,102,111,102,110,0.16128915187177495,42.155,49.09
onset_fit,20261001,20261012,return_normal,gap,101,112,101,111,1.089833802067632,41621.0,12634.0
onset_fit,20261001,20261012,return_normal,amount_or_numeric_value,101,112,101,111,0.24163642164771376,50.71,48.215
onset_fit,20261001,20261012,return_normal,relative,101,112,101,111,0.06811951673923526,0.40535045478865706,0.40298562677169036
onset_fit,20261001,20261012,return_normal,normal_relative,101,111,101,110,0.11815916380407299,1.1340178867174562,0.949501811594203
onset_fit,20261001,20261012,return_normal,past_amount,101,112,101,111,0.08463795838851573,96.185,82.185
onset_fit,20261001,20261012,return_normal,past_gap,101,112,101,111,0.1680391988102221,14673.5,11349.25
onset_fit,20261001,20261012,return_normal,past_normal_amount,101,111,101,110,0.1600687260303895,42.295,49.09
onset_fit,20261001,20261012,recovery20,gap,1964,2183,101,111,0.47462965240841537,28648.0,20022.0
onset_fit,20261001,20261012,recovery20,amount_or_numeric_value,1964,2183,101,111,0.05811242096591357,50.71,46.83
onset_fit,20261001,20261012,recovery20,relative,1964,2183,101,111,0.015149264696328067,0.5551652593295426,0.5291207153502235
onset_fit,20261001,20261012,recovery20,normal_relative,1964,2178,101,110,0.05496732795441668,1.0127371775100973,0.9835805549709888
onset_fit,20261001,20261012,recovery20,past_amount,1964,2183,101,111,0.05934241566034632,73.25999999999999,68.81
onset_fit,20261001,20261012,recovery20,past_gap,1964,2183,101,111,0.3485805618660683,17730.5,12832.0
onset_fit,20261001,20261012,recovery20,past_normal_amount,1964,2178,101,110,0.12614679528046918,46.03,48.9
onset_fit,20261001,20261021,all,gap,177850,181969,147,147,0.12157422194195991,17524.0,16517.0
onset_fit,20261001,20261021,all,amount_or_numeric_value,177997,182116,147,147,0.07626513224389866,49.06,45.59
onset_fit,20261001,20261021,all,relative,177262,181381,147,147,0.02502764885894928,0.9974160322970955,0.9962461807071148
onset_fit,20261001,20261021,all,normal_relative,177190,181311,135,134,0.02508306769830561,1.0025733055904533,1.0016871535309715
onset_fit,20261001,20261021,all,past_amount,177262,181381,147,147,0.0474806511649936,45.735,45.540000000000006
onset_fit,20261001,20261021,all,past_gap,177115,181234,147,147,0.13261168455111913,17364.5,16012.5
onset_fit,20261001,20261021,all,past_normal_amount,177190,181311,135,134,0.04806713611952676,45.489999999999995,45.375
onset_fit,20261001,20261021,label_0,gap,176716,180895,135,134,0.12251922775077442,17604.5,16599.0
onset_fit,20261001,20261021,label_0,amount_or_numeric_value,176851,181028,135,134,0.07623610535713234,48.8,45.33
onset_fit,20261001,20261021,label_0,relative,176176,180364,135,134,0.025401168205009306,0.9935297579672598,0.9918836957093111
onset_fit,20261001,20261021,label_0,normal_relative,176176,180358,135,134,0.025729423022582933,0.9979956623243831,0.9971058533260083
onset_fit,20261001,20261021,label_0,past_amount,176176,180364,135,134,0.047422088377103926,45.695,45.485
onset_fit,20261001,20261021,label_0,past_gap,176041,180231,135,134,0.1322305555531355,17344.5,16008.5
onset_fit,20261001,20261021,label_0,past_normal_amount,176176,180358,135,134,0.04779221242157893,45.51,45.35
onset_fit,20261001,20261021,label_1,gap,1134,1074,114,114,0.09780691990326529,4598.5,4935.5
onset_fit,20261001,20261021,label_1,amount_or_numeric_value,1146,1088,114,114,0.0746013315619238,361.07,358.135
onset_fit,20261001,20261021,label_1,relative,1086,1017,114,113,0.07169255088995982,6.934483835146863,6.41967352430863
onset_fit,20261001,20261021,label_1,normal_relative,1014,953,102,99,0.14720067410353516,11.304836497689719,9.584018965276808
onset_fit,20261001,20261021,label_1,past_amount,1086,1017,114,113,0.08098300820704199,59.045,61.26
onset_fit,20261001,20261021,label_1,past_gap,1074,1003,114,113,0.19633814419178536,21068.75,17774.0
onset_fit,20261001,20261021,label_1,past_normal_amount,1014,953,102,99,0.15627776542891825,41.625,49.485
onset_fit,20261001,20261021,continuation,gap,912,859,102,99,0.08948366362776475,3849.0,4028.0
onset_fit,20261001,20261021,continuation,amount_or_numeric_value,912,859,102,99,0.07896495584070372,391.6,378.74
onset_fit,20261001,20261021,continuation,relative,912,857,102,99,0.05476338581193857,7.427642418049915,7.362631879098944
onset_fit,20261001,20261021,continuation,normal_relative,912,852,102,98,0.13685080861901863,11.520029216665643,10.410170677358785
onset_fit,20261001,20261021,continuation,past_amount,912,857,102,99,0.065587534035183,58.472500000000004,61.26
onset_fit,20261001,20261021,continuation,past_gap,912,856,102,99,0.23896136947322472,21600.0,17643.0
onset_fit,20261001,20261021,continuation,past_normal_amount,912,852,102,98,0.15764772848741737,41.625,49.485
onset_fit,20261001,20261021,first_normal,gap,0,0,0,0,,,
onset_fit,20261001,20261021,first_normal,amount_or_numeric_value,135,133,135,133,0.9722468711790775,50.74,81.28
onset_fit,20261001,20261021,first_normal,relative,0,0,0,0,,,
onset_fit,20261001,20261021,first_normal,normal_relative,0,0,0,0,,,
onset_fit,20261001,20261021,first_normal,past_amount,0,0,0,0,,,
onset_fit,20261001,20261021,first_normal,past_gap,0,0,0,0,,,
onset_fit,20261001,20261021,first_normal,past_normal_amount,0,0,0,0,,,
onset_fit,20261001,20261021,left_fraud,gap,120,113,12,14,0.7325910698951991,2533.0,6531.0
onset_fit,20261001,20261021,left_fraud,amount_or_numeric_value,132,127,12,14,0.17205708852981247,540.625,337.27
onset_fit,20261001,20261021,left_fraud,relative,72,59,12,13,0.2683066713516744,1.443692303858085,1.008973783731812
onset_fit,20261001,20261021,left_fraud,normal_relative,0,0,0,0,,,
onset_fit,20261001,20261021,left_fraud,past_amount,72,59,12,13,0.30301564308527046,310.355,337.27
onset_fit,20261001,20261021,left_fraud,past_gap,60,46,12,13,1.0652112363009163,2377.5,6783.5
onset_fit,20261001,20261021,left_fraud,past_normal_amount,0,0,0,0,,,
onset_fit,20261001,20261021,normal_stay,gap,176615,180793,135,134,0.12200353629855612,17598.0,16600.0
onset_fit,20261001,20261021,normal_stay,amount_or_numeric_value,176615,180793,135,134,0.07671814567351887,48.8,45.28
onset_fit,20261001,20261021,normal_stay,relative,176075,180263,135,134,0.025429343645378417,0.993868792152054,0.9921058741583468
onset_fit,20261001,20261021,normal_stay,normal_relative,176075,180258,135,134,0.025720101984217078,0.9979188345473465,0.9970366755895499
onset_fit,20261001,20261021,normal_stay,past_amount,176075,180263,135,134,0.04740036323240304,45.68,45.475
onset_fit,20261001,20261021,normal_stay,past_gap,175940,180130,135,134,0.13228655826746522,17348.0,16009.5
onset_fit,20261001,20261021,normal_stay,past_normal_amount,176075,180258,135,134,0.0477754004164197,45.51,45.35
onset_fit,20261001,20261021,onset,gap,102,102,102,100,1.5045340787567052,57328.0,15583.0
onset_fit,20261001,20261021,onset,amount_or_numeric_value,102,102,102,100,0.2599868742575483,318.52,311.355
onset_fit,20261001,20261021,onset,relative,102,101,102,99,0.24615117815525045,8.904323417665521,6.960535425801986
onset_fit,20261001,20261021,onset,normal_relative,102,101,102,99,0.24296330633024923,8.904323417665521,6.960535425801986
onset_fit,20261001,20261021,onset,past_amount,102,101,102,99,0.15124445937176306,42.155,49.815
onset_fit,20261001,20261021,onset,past_gap,102,101,102,99,0.24128742942823977,26191.75,22296.0
onset_fit,20261001,20261021,onset,past_normal_amount,102,101,102,99,0.1439255687387286,42.155,49.74
onset_fit,20261001,20261021,return_normal,gap,101,102,101,100,1.0301493677216125,41621.0,16400.5
onset_fit,20261001,20261021,return_normal,amount_or_numeric_value,101,102,101,100,0.24871060869212977,50.71,60.53
onset_fit,20261001,20261021,return_normal,relative,101,101,101,99,0.1909216078345719,0.40535045478865706,0.47455919395465995
onset_fit,20261001,20261021,return_normal,normal_relative,101,100,101,98,0.11496240810272279,1.1340178867174562,1.162117362680208
onset_fit,20261001,20261021,return_normal,past_amount,101,101,101,99,0.16595315765651167,96.185,79.55
onset_fit,20261001,20261021,return_normal,past_gap,101,101,101,99,0.09876985368794004,14673.5,14524.5
onset_fit,20261001,20261021,return_normal,past_normal_amount,101,100,101,98,0.13978761106115595,42.295,49.735
onset_fit,20261001,20261021,recovery20,gap,1964,1997,101,100,0.4999048971015667,28648.0,18634.0
onset_fit,20261001,20261021,recovery20,amount_or_numeric_value,1964,1997,101,100,0.07750760188572434,50.71,46.2
onset_fit,20261001,20261021,recovery20,relative,1964,1995,101,100,0.03045069988176105,0.5551652593295426,0.5591578947368421
onset_fit,20261001,20261021,recovery20,normal_relative,1964,1989,101,100,0.04412555091351664,1.0127371775100973,0.9657594381035998
onset_fit,20261001,20261021,recovery20,past_amount,1964,1995,101,100,0.07645652309069376,73.25999999999999,66.39500000000001
onset_fit,20261001,20261021,recovery20,past_gap,1964,1994,101,100,0.3350322523225501,17730.5,13271.25
onset_fit,20261001,20261021,recovery20,past_normal_amount,1964,1989,101,100,0.10232081826380962,46.03,48.11
onset_fit,20261001,20261022,all,gap,177850,202747,147,147,0.13681479030099594,17524.0,16245.0
onset_fit,20261001,20261022,all,amount_or_numeric_value,177997,202894,147,147,0.08727090322526168,49.06,45.16
onset_fit,20261001,20261022,all,relative,177262,202159,147,147,0.024417970840633584,0.9974160322970955,0.9967313585291112
onset_fit,20261001,20261022,all,normal_relative,177190,202114,135,141,0.024743436971586864,1.0025733055904533,1.0037413630035785
onset_fit,20261001,20261022,all,past_amount,177262,202159,147,147,0.04490148173088712,45.735,45.0
onset_fit,20261001,20261022,all,past_gap,177115,202012,147,147,0.14989871783900854,17364.5,15717.0
onset_fit,20261001,20261022,all,past_normal_amount,177190,202114,135,141,0.0446493118966722,45.489999999999995,44.79
onset_fit,20261001,20261022,label_0,gap,176716,201461,135,141,0.13774372815856822,17604.5,16321.0
onset_fit,20261001,20261022,label_0,amount_or_numeric_value,176851,201602,135,141,0.08721237883263795,48.8,44.89
onset_fit,20261001,20261022,label_0,relative,176176,200898,135,141,0.02457821659134033,0.9935297579672598,0.9920179117832815
onset_fit,20261001,20261022,label_0,normal_relative,176176,200897,135,141,0.02478751374799671,0.9979956623243831,0.9981452040275571
onset_fit,20261001,20261022,label_0,past_amount,176176,200898,135,141,0.045090299946668314,45.695,44.935
onset_fit,20261001,20261022,label_0,past_gap,176041,200758,135,141,0.1490915241617938,17344.5,15723.5
onset_fit,20261001,20261022,label_0,past_normal_amount,176176,200897,135,141,0.04491488506626949,45.51,44.805
onset_fit,20261001,20261022,label_1,gap,1134,1286,114,119,0.10737755710735604,4598.5,5355.5
onset_fit,20261001,20261022,label_1,amount_or_numeric_value,1146,1292,114,119,0.1127286136538369,361.07,394.975
onset_fit,20261001,20261022,label_1,relative,1086,1261,114,119,0.07722614753820499,6.934483835146863,6.423420709048911
onset_fit,20261001,20261022,label_1,normal_relative,1014,1217,102,112,0.07248656194551013,11.304836497689719,11.12669162107688
onset_fit,20261001,20261022,label_1,past_amount,1086,1261,114,119,0.06584714908415573,59.045,60.185
onset_fit,20261001,20261022,label_1,past_gap,1074,1254,114,119,0.43031555524353776,21068.75,14040.0
onset_fit,20261001,20261022,label_1,past_normal_amount,1014,1217,102,112,0.05731317674323649,41.625,43.095
onset_fit,20261001,20261022,continuation,gap,912,1113,102,113,0.16419442826874664,3849.0,4925.0
onset_fit,20261001,20261022,continuation,amount_or_numeric_value,912,1113,102,113,0.09225132937334059,391.6,399.35
onset_fit,20261001,20261022,continuation,relative,912,1113,102,113,0.09250038082750858,7.427642418049915,6.754636700850972
onset_fit,20261001,20261022,continuation,normal_relative,912,1099,102,112,0.059000316780895755,11.520029216665643,11.36734693877551
onset_fit,20261001,20261022,continuation,past_amount,912,1113,102,113,0.1191426349399838,58.472500000000004,61.27
onset_fit,20261001,20261022,continuation,past_gap,912,1112,102,113,0.5100103699597787,21600.0,13845.0
onset_fit,20261001,20261022,continuation,past_normal_amount,912,1099,102,112,0.05808725988252092,41.625,43.095
onset_fit,20261001,20261022,first_normal,gap,0,0,0,0,,,
onset_fit,20261001,20261022,first_normal,amount_or_numeric_value,135,141,135,141,0.9972228365228634,50.74,84.09
onset_fit,20261001,20261022,first_normal,relative,0,0,0,0,,,
onset_fit,20261001,20261022,first_normal,normal_relative,0,0,0,0,,,
onset_fit,20261001,20261022,first_normal,past_amount,0,0,0,0,,,
onset_fit,20261001,20261022,first_normal,past_gap,0,0,0,0,,,
onset_fit,20261001,20261022,first_normal,past_normal_amount,0,0,0,0,,,
onset_fit,20261001,20261022,left_fraud,gap,120,54,12,6,0.819394076362605,2533.0,6624.5
onset_fit,20261001,20261022,left_fraud,amount_or_numeric_value,132,60,12,6,0.4625208647506504,540.625,878.9300000000001
onset_fit,20261001,20261022,left_fraud,relative,72,30,12,6,0.2866632819106571,1.443692303858085,1.0407953554854774
onset_fit,20261001,20261022,left_fraud,normal_relative,0,0,0,0,,,
onset_fit,20261001,20261022,left_fraud,past_amount,72,30,12,6,0.4867019171028793,310.355,563.485
onset_fit,20261001,20261022,left_fraud,past_gap,60,24,12,6,0.935995245535092,2377.5,6379.0
onset_fit,20261001,20261022,left_fraud,past_normal_amount,0,0,0,0,,,
onset_fit,20261001,20261022,normal_stay,gap,176615,201343,135,141,0.13716765257778432,17598.0,16323.0
onset_fit,20261001,20261022,normal_stay,amount_or_numeric_value,176615,201343,135,141,0.08768626801552927,48.8,44.87
onset_fit,20261001,20261022,normal_stay,relative,176075,200780,135,141,0.024609551735219507,0.993868792152054,0.9923742288674069
onset_fit,20261001,20261022,normal_stay,normal_relative,176075,200780,135,141,0.024787221864326872,0.9979188345473465,0.9981672365320288
onset_fit,20261001,20261022,normal_stay,past_amount,176075,200780,135,141,0.045042640375273536,45.68,44.93
onset_fit,20261001,20261022,normal_stay,past_gap,175940,200640,135,141,0.1491363864412953,17348.0,15726.5
onset_fit,20261001,20261022,normal_stay,past_normal_amount,176075,200780,135,141,0.0449357471727443,45.51,44.805
onset_fit,20261001,20261022,onset,gap,102,119,102,113,1.6472497271234823,57328.0,9290.0
onset_fit,20261001,20261022,onset,amount_or_numeric_value,102,119,102,113,0.5518475506352095,318.52,306.73
onset_fit,20261001,20261022,onset,relative,102,118,102,112,0.31695917674536855,8.904323417665521,7.430019957296036
onset_fit,20261001,20261022,onset,normal_relative,102,118,102,112,0.3020415502414682,8.904323417665521,8.009795197630703
onset_fit,20261001,20261022,onset,past_amount,102,118,102,112,0.06332655505688972,42.155,43.635
onset_fit,20261001,20261022,onset,past_gap,102,118,102,112,0.4136125051488367,26191.75,17072.75
onset_fit,20261001,20261022,onset,past_normal_amount,102,118,102,112,0.05762450516003048,42.155,43.2025
onset_fit,20261001,20261022,return_normal,gap,101,118,101,112,1.1465043571792088,41621.0,14291.5
onset_fit,20261001,20261022,return_normal,amount_or_numeric_value,101,118,101,112,0.21998245635097347,50.71,46.16
onset_fit,20261001,20261022,return_normal,relative,101,118,101,112,0.10413022030692658,0.40535045478865706,0.45415789173765253
onset_fit,20261001,20261022,return_normal,normal_relative,101,117,101,111,0.14305594558511034,1.1340178867174562,0.9979762205919556
onset_fit,20261001,20261022,return_normal,past_amount,101,118,101,112,0.2046744202104757,96.185,86.71000000000001
onset_fit,20261001,20261022,return_normal,past_gap,101,118,101,112,0.2814312296681363,14673.5,11436.25
onset_fit,20261001,20261022,return_normal,past_normal_amount,101,117,101,111,0.05680334297530216,42.295,43.165
onset_fit,20261001,20261022,recovery20,gap,1964,2280,101,112,0.54669717269673,28648.0,18879.5
onset_fit,20261001,20261022,recovery20,amount_or_numeric_value,1964,2280,101,112,0.09344726044443999,50.71,47.875
onset_fit,20261001,20261022,recovery20,relative,1964,2280,101,112,0.02481425192489549,0.5551652593295426,0.541416232324133
onset_fit,20261001,20261022,recovery20,normal_relative,1964,2279,101,112,0.038934521981610584,1.0127371775100973,1.0105420281742699
onset_fit,20261001,20261022,recovery20,past_amount,1964,2280,101,112,0.09115643649486674,73.25999999999999,67.8775
onset_fit,20261001,20261022,recovery20,past_gap,1964,2280,101,112,0.4010647069386065,17730.5,12885.5
onset_fit,20261001,20261022,recovery20,past_normal_amount,1964,2279,101,112,0.046243626374218846,46.03,44.845
