arm,fit_seed,generation_seed,group,field,real_events,generated_events,real_customers,generated_customers,log_w1,real_median,generated_median
clock_prefix,20260930,20261011,all,gap,177850,203530,147,147,0.0755177790006244,17524.0,18672.0
clock_prefix,20260930,20261011,all,amount_or_numeric_value,177997,203677,147,147,0.0439962986105866,49.06,50.17
clock_prefix,20260930,20261011,all,relative,177262,202942,147,147,0.033472315707905,0.9974160322970956,0.9969812844896236
clock_prefix,20260930,20261011,all,normal_relative,177190,202875,135,136,0.0343614634512009,1.002573305590453,1.0016339869281046
clock_prefix,20260930,20261011,all,past_amount,177262,202942,147,147,0.1199592999300761,45.735,49.795
clock_prefix,20260930,20261011,all,past_gap,177115,202795,147,147,0.0623010777048495,17364.5,17943.5
clock_prefix,20260930,20261011,all,past_normal_amount,177190,202875,135,136,0.122048935874133,45.49,49.64
clock_prefix,20260930,20261011,label_0,gap,176716,202385,135,136,0.0752747247445036,17604.5,18749.0
clock_prefix,20260930,20261011,label_0,amount_or_numeric_value,176851,202519,135,136,0.0453399184243719,48.8,49.97
clock_prefix,20260930,20261011,label_0,relative,176176,201846,135,136,0.0326926940432273,0.9935297579672598,0.992902048246822
clock_prefix,20260930,20261011,label_0,normal_relative,176176,201839,135,136,0.0331169905445263,0.9979956623243832,0.9977510663047694
clock_prefix,20260930,20261011,label_0,past_amount,176176,201846,135,136,0.1202978966093024,45.695,49.74
clock_prefix,20260930,20261011,label_0,past_gap,176041,201711,135,136,0.0631773872228775,17344.5,17952.0
clock_prefix,20260930,20261011,label_0,past_normal_amount,176176,201839,135,136,0.1215215813641089,45.51,49.625
clock_prefix,20260930,20261011,label_1,gap,1134,1145,114,117,0.0880686538569655,4598.5,4988.0
clock_prefix,20260930,20261011,label_1,amount_or_numeric_value,1146,1158,114,118,0.0623097200377315,361.07,350.36
clock_prefix,20260930,20261011,label_1,relative,1086,1096,114,116,0.1451682893230469,6.934483835146863,5.501771627920909
clock_prefix,20260930,20261011,label_1,normal_relative,1014,1036,102,104,0.2387875333097114,11.30483649768972,8.393185749431218
clock_prefix,20260930,20261011,label_1,past_amount,1086,1096,114,116,0.1149396899217988,59.045,65.97
clock_prefix,20260930,20261011,label_1,past_gap,1074,1084,114,116,0.2572359021073463,21068.75,16210.0
clock_prefix,20260930,20261011,label_1,past_normal_amount,1014,1036,102,104,0.2250751862073541,41.625,54.225
clock_prefix,20260930,20261011,continuation,gap,912,938,102,105,0.1064560681957835,3849.0,4251.0
clock_prefix,20260930,20261011,continuation,amount_or_numeric_value,912,938,102,105,0.0645500531465896,391.6,351.30499999999995
clock_prefix,20260930,20261011,continuation,relative,912,937,102,105,0.1068033006661621,7.427642418049915,6.120056040521608
clock_prefix,20260930,20261011,continuation,normal_relative,912,930,102,104,0.203611001543806,11.520029216665645,9.363164973006604
clock_prefix,20260930,20261011,continuation,past_amount,912,937,102,105,0.117436995268702,58.4725,66.2
clock_prefix,20260930,20261011,continuation,past_gap,912,936,102,105,0.2532800007466325,21600.0,16222.0
clock_prefix,20260930,20261011,continuation,past_normal_amount,912,930,102,104,0.2249940123793515,41.625,54.225
clock_prefix,20260930,20261011,first_normal,gap,0,0,0,0,,,
clock_prefix,20260930,20261011,first_normal,amount_or_numeric_value,135,134,135,134,1.1999716787843682,50.74,109.045
clock_prefix,20260930,20261011,first_normal,relative,0,0,0,0,,,
clock_prefix,20260930,20261011,first_normal,normal_relative,0,0,0,0,,,
clock_prefix,20260930,20261011,first_normal,past_amount,0,0,0,0,,,
clock_prefix,20260930,20261011,first_normal,past_gap,0,0,0,0,,,
clock_prefix,20260930,20261011,first_normal,past_normal_amount,0,0,0,0,,,
clock_prefix,20260930,20261011,left_fraud,gap,120,100,12,12,0.253794020598265,2533.0,3124.5
clock_prefix,20260930,20261011,left_fraud,amount_or_numeric_value,132,113,12,13,0.388472459759459,540.625,800.21
clock_prefix,20260930,20261011,left_fraud,relative,72,53,12,11,0.2588691802731824,1.443692303858085,1.1364441388506896
clock_prefix,20260930,20261011,left_fraud,normal_relative,0,0,0,0,,,
clock_prefix,20260930,20261011,left_fraud,past_amount,72,53,12,11,0.4941913151262216,310.355,636.105
clock_prefix,20260930,20261011,left_fraud,past_gap,60,42,12,11,0.6087598159600601,2377.5,4397.5
clock_prefix,20260930,20261011,left_fraud,past_normal_amount,0,0,0,0,,,
clock_prefix,20260930,20261011,normal_stay,gap,176615,202278,135,136,0.0754003410886946,17598.0,18745.0
clock_prefix,20260930,20261011,normal_stay,amount_or_numeric_value,176615,202278,135,136,0.0447266110088437,48.8,49.94
clock_prefix,20260930,20261011,normal_stay,relative,176075,201741,135,136,0.0328171651390299,0.993868792152054,0.9931816550635184
clock_prefix,20260930,20261011,normal_stay,normal_relative,176075,201735,135,136,0.0332137048063124,0.9979188345473464,0.9976685951126846
clock_prefix,20260930,20261011,normal_stay,past_amount,176075,201741,135,136,0.1203543934908697,45.68,49.73
clock_prefix,20260930,20261011,normal_stay,past_gap,175940,201606,135,136,0.0632648158272625,17348.0,17956.0
clock_prefix,20260930,20261011,normal_stay,past_normal_amount,176075,201735,135,136,0.1214734954295787,45.51,49.620000000000005
clock_prefix,20260930,20261011,onset,gap,102,107,102,105,0.2351743364193875,57328.0,42532.0
clock_prefix,20260930,20261011,onset,amount_or_numeric_value,102,107,102,105,0.8167275980006354,318.52,281.94
clock_prefix,20260930,20261011,onset,relative,102,106,102,104,0.6416255505340862,8.904323417665521,4.220553650607291
clock_prefix,20260930,20261011,onset,normal_relative,102,106,102,104,0.640754289283775,8.904323417665521,4.220553650607291
clock_prefix,20260930,20261011,onset,past_amount,102,106,102,104,0.2271396256801993,42.155,54.5725
clock_prefix,20260930,20261011,onset,past_gap,102,106,102,104,0.2782656583617972,26191.75,21682.25
clock_prefix,20260930,20261011,onset,past_normal_amount,102,106,102,104,0.2274351251449414,42.155,54.5725
clock_prefix,20260930,20261011,return_normal,gap,101,107,101,105,0.1909339083629652,41621.0,34719.0
clock_prefix,20260930,20261011,return_normal,amount_or_numeric_value,101,107,101,105,0.5254572928016918,50.71,59.66
clock_prefix,20260930,20261011,return_normal,relative,101,105,101,103,0.2538020786503975,0.405350454788657,0.5957619111890943
clock_prefix,20260930,20261011,return_normal,normal_relative,101,104,101,102,0.208707659085905,1.1340178867174562,1.1575813128486334
clock_prefix,20260930,20261011,return_normal,past_amount,101,105,101,103,0.0846674553373583,96.185,94.01
clock_prefix,20260930,20261011,return_normal,past_gap,101,105,101,103,0.1474817587438968,14673.5,11748.5
clock_prefix,20260930,20261011,return_normal,past_normal_amount,101,104,101,102,0.2216896512139937,42.295,54.5725
clock_prefix,20260930,20261011,recovery20,gap,1964,2063,101,105,0.6993099958582705,28648.0,14351.0
clock_prefix,20260930,20261011,recovery20,amount_or_numeric_value,1964,2063,101,105,0.096526324235649,50.71,51.1
clock_prefix,20260930,20261011,recovery20,relative,1964,2058,101,105,0.0159686466284769,0.5551652593295426,0.5614439256646147
clock_prefix,20260930,20261011,recovery20,normal_relative,1964,2051,101,105,0.0409855320405396,1.0127371775100973,0.9842550422901758
clock_prefix,20260930,20261011,recovery20,past_amount,1964,2058,101,105,0.0798002400037691,73.25999999999999,74.545
clock_prefix,20260930,20261011,recovery20,past_gap,1964,2056,101,105,0.4474562194912106,17730.5,11298.0
clock_prefix,20260930,20261011,recovery20,past_normal_amount,1964,2051,101,105,0.1548713466627763,46.03,51.925
clock_prefix,20260930,20261012,all,gap,177850,200225,147,147,0.084465486535808,17524.0,19001.0
clock_prefix,20260930,20261012,all,amount_or_numeric_value,177997,200372,147,147,0.0462124941209309,49.06,50.38
clock_prefix,20260930,20261012,all,relative,177262,199637,147,147,0.0351381620320054,0.9974160322970956,0.9991532599491956
clock_prefix,20260930,20261012,all,normal_relative,177190,199615,135,143,0.0360724059243767,1.002573305590453,1.0040317336454676
clock_prefix,20260930,20261012,all,past_amount,177262,199637,147,147,0.1227991627532985,45.735,50.24
clock_prefix,20260930,20261012,all,past_gap,177115,199490,147,147,0.0693448894849415,17364.5,18123.5
clock_prefix,20260930,20261012,all,past_normal_amount,177190,199615,135,143,0.1250197517743906,45.49,50.07
clock_prefix,20260930,20261012,label_0,gap,176716,199141,135,143,0.0841088102424255,17604.5,19063.0
clock_prefix,20260930,20261012,label_0,amount_or_numeric_value,176851,199283,135,143,0.0478440851154471,48.8,50.19
clock_prefix,20260930,20261012,label_0,relative,176176,198573,135,143,0.0341808069871815,0.9935297579672598,0.9950637294629042
clock_prefix,20260930,20261012,label_0,normal_relative,176176,198568,135,143,0.0346463424686966,0.9979956623243832,0.9999111947164836
clock_prefix,20260930,20261012,label_0,past_amount,176176,198573,135,143,0.1226701481346961,45.695,50.185
clock_prefix,20260930,20261012,label_0,past_gap,176041,198431,135,143,0.0701508518193076,17344.5,18126.0
clock_prefix,20260930,20261012,label_0,past_normal_amount,176176,198568,135,143,0.1242830876747635,45.51,50.065
clock_prefix,20260930,20261012,label_1,gap,1134,1084,114,114,0.1131337445954776,4598.5,5051.0
clock_prefix,20260930,20261012,label_1,amount_or_numeric_value,1146,1089,114,114,0.1357955614974834,361.07,341.86
clock_prefix,20260930,20261012,label_1,relative,1086,1064,114,114,0.1295391266984806,6.934483835146863,5.959839285522147
clock_prefix,20260930,20261012,label_1,normal_relative,1014,1047,102,109,0.2580125295027675,11.30483649768972,8.17997293640054
clock_prefix,20260930,20261012,label_1,past_amount,1086,1064,114,114,0.1913629549123645,59.045,63.01
clock_prefix,20260930,20261012,label_1,past_gap,1074,1059,114,114,0.2377605289259286,21068.75,17491.0
clock_prefix,20260930,20261012,label_1,past_normal_amount,1014,1047,102,109,0.2607644648209571,41.625,50.805
clock_prefix,20260930,20261012,continuation,gap,912,937,102,109,0.1221830218085572,3849.0,3899.0
clock_prefix,20260930,20261012,continuation,amount_or_numeric_value,912,937,102,109,0.1306101052631235,391.6,339.37
clock_prefix,20260930,20261012,continuation,relative,912,937,102,109,0.1821335416458143,7.427642418049915,5.8633801632035
clock_prefix,20260930,20261012,continuation,normal_relative,912,937,102,109,0.2677424434111369,11.520029216665645,8.098575570402119
clock_prefix,20260930,20261012,continuation,past_amount,912,937,102,109,0.139341403732634,58.4725,64.64
clock_prefix,20260930,20261012,continuation,past_gap,912,937,102,109,0.2384674748611796,21600.0,17116.0
clock_prefix,20260930,20261012,continuation,past_normal_amount,912,937,102,109,0.264031956337136,41.625,50.805
clock_prefix,20260930,20261012,first_normal,gap,0,0,0,0,,,
clock_prefix,20260930,20261012,first_normal,amount_or_numeric_value,135,142,135,142,1.351426672909749,50.74,178.355
clock_prefix,20260930,20261012,first_normal,relative,0,0,0,0,,,
clock_prefix,20260930,20261012,first_normal,normal_relative,0,0,0,0,,,
clock_prefix,20260930,20261012,first_normal,past_amount,0,0,0,0,,,
clock_prefix,20260930,20261012,first_normal,past_gap,0,0,0,0,,,
clock_prefix,20260930,20261012,first_normal,past_normal_amount,0,0,0,0,,,
clock_prefix,20260930,20261012,left_fraud,gap,120,37,12,5,0.4193936057528355,2533.0,3085.0
clock_prefix,20260930,20261012,left_fraud,amount_or_numeric_value,132,42,12,5,0.3328565152355105,540.625,314.005
clock_prefix,20260930,20261012,left_fraud,relative,72,17,12,5,0.1484502443076944,1.443692303858085,1.4343203182762383
clock_prefix,20260930,20261012,left_fraud,normal_relative,0,0,0,0,,,
clock_prefix,20260930,20261012,left_fraud,past_amount,72,17,12,5,0.3376196777147878,310.355,306.77
clock_prefix,20260930,20261012,left_fraud,past_gap,60,12,12,5,0.731274089222777,2377.5,3883.75
clock_prefix,20260930,20261012,left_fraud,past_normal_amount,0,0,0,0,,,
clock_prefix,20260930,20261012,normal_stay,gap,176615,199030,135,143,0.0842179984810594,17598.0,19056.0
clock_prefix,20260930,20261012,normal_stay,amount_or_numeric_value,176615,199030,135,143,0.0472765957807365,48.8,50.16
clock_prefix,20260930,20261012,normal_stay,relative,176075,198462,135,143,0.0342838986909271,0.993868792152054,0.9952908286523062
clock_prefix,20260930,20261012,normal_stay,normal_relative,176075,198458,135,143,0.0347276107646517,0.9979188345473464,0.9997768337445704
clock_prefix,20260930,20261012,normal_stay,past_amount,176075,198462,135,143,0.1227200139068352,45.68,50.18
clock_prefix,20260930,20261012,normal_stay,past_gap,175940,198320,135,143,0.0702666338994315,17348.0,18128.5
clock_prefix,20260930,20261012,normal_stay,past_normal_amount,176075,198458,135,143,0.1242250471709466,45.51,50.065
clock_prefix,20260930,20261012,onset,gap,102,110,102,109,0.2917047636387708,57328.0,34253.0
clock_prefix,20260930,20261012,onset,amount_or_numeric_value,102,110,102,109,0.3811965246999901,318.52,423.6
clock_prefix,20260930,20261012,onset,relative,102,110,102,109,0.2336844736869637,8.904323417665521,10.15517269862034
clock_prefix,20260930,20261012,onset,normal_relative,102,110,102,109,0.2337340149659146,8.904323417665521,10.15517269862034
clock_prefix,20260930,20261012,onset,past_amount,102,110,102,109,0.2319115955555847,42.155,50.715
clock_prefix,20260930,20261012,onset,past_gap,102,110,102,109,0.2621147803540803,26191.75,19921.0
clock_prefix,20260930,20261012,onset,past_normal_amount,102,110,102,109,0.2318600998605969,42.155,50.715
clock_prefix,20260930,20261012,return_normal,gap,101,111,101,110,0.1680482628765954,41621.0,28865.0
clock_prefix,20260930,20261012,return_normal,amount_or_numeric_value,101,111,101,110,0.4101709988597805,50.71,63.97
clock_prefix,20260930,20261012,return_normal,relative,101,111,101,110,0.2012863497383503,0.405350454788657,0.6255734315435807
clock_prefix,20260930,20261012,return_normal,normal_relative,101,110,101,109,0.1633179715091842,1.1340178867174562,1.321907410243664
clock_prefix,20260930,20261012,return_normal,past_amount,101,111,101,110,0.0787616136659842,96.185,89.59
clock_prefix,20260930,20261012,return_normal,past_gap,101,111,101,110,0.1694440260380854,14673.5,12804.0
clock_prefix,20260930,20261012,return_normal,past_normal_amount,101,110,101,109,0.2302828291664018,42.295,50.715
clock_prefix,20260930,20261012,recovery20,gap,1964,2172,101,110,0.6667441753503343,28648.0,14874.5
clock_prefix,20260930,20261012,recovery20,amount_or_numeric_value,1964,2172,101,110,0.0937275515990363,50.71,51.91
clock_prefix,20260930,20261012,recovery20,relative,1964,2172,101,110,0.0212468875767018,0.5551652593295426,0.569267840626889
clock_prefix,20260930,20261012,recovery20,normal_relative,1964,2167,101,110,0.0429094901793664,1.0127371775100973,0.9993952222558208
clock_prefix,20260930,20261012,recovery20,past_amount,1964,2172,101,110,0.0712827219220941,73.25999999999999,73.62
clock_prefix,20260930,20261012,recovery20,past_gap,1964,2172,101,110,0.4343384001326252,17730.5,11772.0
clock_prefix,20260930,20261012,recovery20,past_normal_amount,1964,2167,101,110,0.1952255950926708,46.03,51.53
clock_prefix,20260930,20261021,all,gap,177850,187095,147,147,0.0824959319036707,17524.0,18831.0
clock_prefix,20260930,20261021,all,amount_or_numeric_value,177997,187242,147,147,0.0420520442134675,49.06,50.25
clock_prefix,20260930,20261021,all,relative,177262,186507,147,147,0.0318198086118671,0.9974160322970956,0.99924881061681
clock_prefix,20260930,20261021,all,normal_relative,177190,186431,135,133,0.0323022286926271,1.002573305590453,1.005075384385729
clock_prefix,20260930,20261021,all,past_amount,177262,186507,147,147,0.121522225136716,45.735,50.150000000000006
clock_prefix,20260930,20261021,all,past_gap,177115,186360,147,147,0.0650394421203712,17364.5,17980.0
clock_prefix,20260930,20261021,all,past_normal_amount,177190,186431,135,133,0.1231905947941662,45.49,49.965
clock_prefix,20260930,20261021,label_0,gap,176716,185990,135,133,0.0826667762072164,17604.5,18912.0
clock_prefix,20260930,20261021,label_0,amount_or_numeric_value,176851,186122,135,133,0.0430883671517032,48.8,50.05
clock_prefix,20260930,20261021,label_0,relative,176176,185463,135,133,0.0313512977049017,0.9935297579672598,0.995076801890508
clock_prefix,20260930,20261021,label_0,normal_relative,176176,185457,135,133,0.0316240130284849,0.9979956623243832,1.0005111821086263
clock_prefix,20260930,20261021,label_0,past_amount,176176,185463,135,133,0.1217368912222138,45.695,50.095
clock_prefix,20260930,20261021,label_0,past_gap,176041,185331,135,133,0.0670087029174492,17344.5,17997.5
clock_prefix,20260930,20261021,label_0,past_normal_amount,176176,185457,135,133,0.1228321774689074,45.51,49.96
clock_prefix,20260930,20261021,label_1,gap,1134,1105,114,114,0.1266765116826746,4598.5,4470.0
clock_prefix,20260930,20261021,label_1,amount_or_numeric_value,1146,1120,114,114,0.0614114189235574,361.07,348.1
clock_prefix,20260930,20261021,label_1,relative,1086,1044,114,113,0.1706319238164689,6.934483835146863,5.1701636872667365
clock_prefix,20260930,20261021,label_1,normal_relative,1014,974,102,98,0.2037936661635375,11.30483649768972,8.970366004223216
clock_prefix,20260930,20261021,label_1,past_amount,1086,1044,114,113,0.1819259122023241,59.045,70.13499999999999
clock_prefix,20260930,20261021,label_1,past_gap,1074,1029,114,113,0.3040373642407428,21068.75,15346.0
clock_prefix,20260930,20261021,label_1,past_normal_amount,1014,974,102,98,0.2030677235707289,41.625,51.735
clock_prefix,20260930,20261021,continuation,gap,912,881,102,99,0.1721460767564839,3849.0,3605.0
clock_prefix,20260930,20261021,continuation,amount_or_numeric_value,912,881,102,99,0.0713354039453975,391.6,349.48
clock_prefix,20260930,20261021,continuation,relative,912,879,102,99,0.1466490164878647,7.427642418049915,5.98110441439974
clock_prefix,20260930,20261021,continuation,normal_relative,912,874,102,98,0.206087936108171,11.520029216665645,9.402423996628514
clock_prefix,20260930,20261021,continuation,past_amount,912,879,102,99,0.1666554631093388,58.4725,69.715
clock_prefix,20260930,20261021,continuation,past_gap,912,878,102,99,0.3290804186624299,21600.0,15587.5
clock_prefix,20260930,20261021,continuation,past_normal_amount,912,874,102,98,0.2063092200416859,41.625,51.735
clock_prefix,20260930,20261021,first_normal,gap,0,0,0,0,,,
clock_prefix,20260930,20261021,first_normal,amount_or_numeric_value,135,132,135,132,1.0452844437466202,50.74,87.68
clock_prefix,20260930,20261021,first_normal,relative,0,0,0,0,,,
clock_prefix,20260930,20261021,first_normal,normal_relative,0,0,0,0,,,
clock_prefix,20260930,20261021,first_normal,past_amount,0,0,0,0,,,
clock_prefix,20260930,20261021,first_normal,past_gap,0,0,0,0,,,
clock_prefix,20260930,20261021,first_normal,past_normal_amount,0,0,0,0,,,
clock_prefix,20260930,20261021,left_fraud,gap,120,123,12,15,0.3027941446214599,2533.0,3777.0
clock_prefix,20260930,20261021,left_fraud,amount_or_numeric_value,132,138,12,15,0.261464896470455,540.625,761.61
clock_prefix,20260930,20261021,left_fraud,relative,72,65,12,14,0.3410475544364906,1.443692303858085,1.0063676975096874
clock_prefix,20260930,20261021,left_fraud,normal_relative,0,0,0,0,,,
clock_prefix,20260930,20261021,left_fraud,past_amount,72,65,12,14,0.4956890612658363,310.355,652.335
clock_prefix,20260930,20261021,left_fraud,past_gap,60,51,12,14,0.4058203908233919,2377.5,3777.0
clock_prefix,20260930,20261021,left_fraud,past_normal_amount,0,0,0,0,,,
clock_prefix,20260930,20261021,normal_stay,gap,176615,185888,135,133,0.0827476122361668,17598.0,18907.0
clock_prefix,20260930,20261021,normal_stay,amount_or_numeric_value,176615,185888,135,133,0.0425377413576365,48.8,50.03
clock_prefix,20260930,20261021,normal_stay,relative,176075,185362,135,133,0.031490248888746,0.993868792152054,0.9953097125973313
clock_prefix,20260930,20261021,normal_stay,normal_relative,176075,185357,135,133,0.0317654150579285,0.9979188345473464,1.0004009301579664
clock_prefix,20260930,20261021,normal_stay,past_amount,176075,185362,135,133,0.1217674178767324,45.68,50.085
clock_prefix,20260930,20261021,normal_stay,past_gap,175940,185230,135,133,0.0671277966082355,17348.0,18002.25
clock_prefix,20260930,20261021,normal_stay,past_normal_amount,176075,185357,135,133,0.122813955034215,45.51,49.96
clock_prefix,20260930,20261021,onset,gap,102,101,102,99,0.3441470423717757,57328.0,31257.0
clock_prefix,20260930,20261021,onset,amount_or_numeric_value,102,101,102,99,0.3241667933685613,318.52,308.81
clock_prefix,20260930,20261021,onset,relative,102,100,102,98,0.3400177309778417,8.904323417665521,6.277772123819364
clock_prefix,20260930,20261021,onset,normal_relative,102,100,102,98,0.3203007252552143,8.904323417665521,6.587433729617256
clock_prefix,20260930,20261021,onset,past_amount,102,100,102,98,0.1934073166567992,42.155,53.1125
clock_prefix,20260930,20261021,onset,past_gap,102,100,102,98,0.3511960455243668,26191.75,18345.0
clock_prefix,20260930,20261021,onset,past_normal_amount,102,100,102,98,0.174500517556386,42.155,52.1075
clock_prefix,20260930,20261021,return_normal,gap,101,102,101,100,0.1089846591393161,41621.0,40269.5
clock_prefix,20260930,20261021,return_normal,amount_or_numeric_value,101,102,101,100,0.6496165236866598,50.71,69.33
clock_prefix,20260930,20261021,return_normal,relative,101,101,101,99,0.3185661222656764,0.405350454788657,0.5814522043843207
clock_prefix,20260930,20261021,return_normal,normal_relative,101,100,101,98,0.3457490194761268,1.1340178867174562,1.34338668792328
clock_prefix,20260930,20261021,return_normal,past_amount,101,101,101,99,0.1727325925027827,96.185,97.32
clock_prefix,20260930,20261021,return_normal,past_gap,101,101,101,99,0.1646206566346657,14673.5,12305.0
clock_prefix,20260930,20261021,return_normal,past_normal_amount,101,100,101,98,0.172225969721796,42.295,52.1075
clock_prefix,20260930,20261021,recovery20,gap,1964,1983,101,100,0.7801075331970289,28648.0,13736.0
clock_prefix,20260930,20261021,recovery20,amount_or_numeric_value,1964,1983,101,100,0.1129442665682205,50.71,51.27
clock_prefix,20260930,20261021,recovery20,relative,1964,1981,101,100,0.0236443332684597,0.5551652593295426,0.5409982174688056
clock_prefix,20260930,20261021,recovery20,normal_relative,1964,1975,101,100,0.0319217050550551,1.0127371775100973,0.9824421388667198
clock_prefix,20260930,20261021,recovery20,past_amount,1964,1981,101,100,0.1388307954095754,73.25999999999999,78.47999999999999
clock_prefix,20260930,20261021,recovery20,past_gap,1964,1980,101,100,0.5017757539931589,17730.5,11028.75
clock_prefix,20260930,20261021,recovery20,past_normal_amount,1964,1975,101,100,0.152855388964426,46.03,51.485
clock_prefix,20260930,20261022,all,gap,177850,204762,147,147,0.0859287914108304,17524.0,18896.5
clock_prefix,20260930,20261022,all,amount_or_numeric_value,177997,204909,147,147,0.0435991014900518,49.06,50.17
clock_prefix,20260930,20261022,all,relative,177262,204174,147,147,0.0322301880765332,0.9974160322970956,0.9978531094278582
clock_prefix,20260930,20261022,all,normal_relative,177190,204124,135,140,0.0325447123420966,1.002573305590453,1.0045705216740517
clock_prefix,20260930,20261022,all,past_amount,177262,204174,147,147,0.1176034189119332,45.735,49.82
clock_prefix,20260930,20261022,all,past_gap,177115,204027,147,147,0.0660720069953114,17364.5,18038.0
clock_prefix,20260930,20261022,all,past_normal_amount,177190,204124,135,140,0.1194358562283285,45.49,49.620000000000005
clock_prefix,20260930,20261022,label_0,gap,176716,203480,135,140,0.086219530037524,17604.5,18982.5
clock_prefix,20260930,20261022,label_0,amount_or_numeric_value,176851,203620,135,140,0.0441540244590735,48.8,49.91
clock_prefix,20260930,20261022,label_0,relative,176176,202921,135,140,0.0319343947085684,0.9935297579672598,0.993450056682202
clock_prefix,20260930,20261022,label_0,normal_relative,176176,202920,135,140,0.0321905343953085,0.9979956623243832,0.999593713002694
clock_prefix,20260930,20261022,label_0,past_amount,176176,202921,135,140,0.1175425974530592,45.695,49.76
clock_prefix,20260930,20261022,label_0,past_gap,176041,202782,135,140,0.068202025515223,17344.5,18057.5
clock_prefix,20260930,20261022,label_0,past_normal_amount,176176,202920,135,140,0.1189294526721713,45.51,49.615
clock_prefix,20260930,20261022,label_1,gap,1134,1282,114,120,0.0813030115591866,4598.5,4993.5
clock_prefix,20260930,20261022,label_1,amount_or_numeric_value,1146,1289,114,120,0.0653767547360358,361.07,362.89
clock_prefix,20260930,20261022,label_1,relative,1086,1253,114,120,0.169179725301128,6.934483835146863,5.613433991482773
clock_prefix,20260930,20261022,label_1,normal_relative,1014,1204,102,112,0.1921248785929796,11.30483649768972,9.095538588011262
clock_prefix,20260930,20261022,label_1,past_amount,1086,1253,114,120,0.1748714436910415,59.045,65.375
clock_prefix,20260930,20261022,label_1,past_gap,1074,1245,114,120,0.3581137892542956,21068.75,14075.5
clock_prefix,20260930,20261022,label_1,past_normal_amount,1014,1204,102,112,0.2094404794662271,41.625,51.425
clock_prefix,20260930,20261022,continuation,gap,912,1100,102,113,0.1146387078098295,3849.0,3953.0
clock_prefix,20260930,20261022,continuation,amount_or_numeric_value,912,1100,102,113,0.0697262196857437,391.6,371.09
clock_prefix,20260930,20261022,continuation,relative,912,1100,102,113,0.1684782108408564,7.427642418049915,5.889327305289827
clock_prefix,20260930,20261022,continuation,normal_relative,912,1086,102,112,0.1664211770649751,11.520029216665645,9.90219226608877
clock_prefix,20260930,20261022,continuation,past_amount,912,1100,102,113,0.2341505296204735,58.4725,66.7825
clock_prefix,20260930,20261022,continuation,past_gap,912,1099,102,113,0.3977670499949454,21600.0,14037.5
clock_prefix,20260930,20261022,continuation,past_normal_amount,912,1086,102,112,0.2115147608419228,41.625,51.865
clock_prefix,20260930,20261022,first_normal,gap,0,0,0,0,,,
clock_prefix,20260930,20261022,first_normal,amount_or_numeric_value,135,140,135,140,0.9776229166651352,50.74,98.66
clock_prefix,20260930,20261022,first_normal,relative,0,0,0,0,,,
clock_prefix,20260930,20261022,first_normal,normal_relative,0,0,0,0,,,
clock_prefix,20260930,20261022,first_normal,past_amount,0,0,0,0,,,
clock_prefix,20260930,20261022,first_normal,past_gap,0,0,0,0,,,
clock_prefix,20260930,20261022,first_normal,past_normal_amount,0,0,0,0,,,
clock_prefix,20260930,20261022,left_fraud,gap,120,63,12,7,0.4905141498178098,2533.0,3834.0
clock_prefix,20260930,20261022,left_fraud,amount_or_numeric_value,132,70,12,7,0.4339031840417404,540.625,779.26
clock_prefix,20260930,20261022,left_fraud,relative,72,35,12,7,0.3791476295112236,1.443692303858085,1.0357674423971108
clock_prefix,20260930,20261022,left_fraud,normal_relative,0,0,0,0,,,
clock_prefix,20260930,20261022,left_fraud,past_amount,72,35,12,7,0.6321506829182295,310.355,845.82
clock_prefix,20260930,20261022,left_fraud,past_gap,60,28,12,7,0.4110273019882396,2377.5,3363.0
clock_prefix,20260930,20261022,left_fraud,past_normal_amount,0,0,0,0,,,
clock_prefix,20260930,20261022,normal_stay,gap,176615,203362,135,140,0.0861960382170354,17598.0,18970.0
clock_prefix,20260930,20261022,normal_stay,amount_or_numeric_value,176615,203362,135,140,0.0437062506041034,48.8,49.88
clock_prefix,20260930,20261022,normal_stay,relative,176075,202803,135,140,0.0320044240196583,0.993868792152054,0.9938453756007082
clock_prefix,20260930,20261022,normal_stay,normal_relative,176075,202803,135,140,0.0322603573936657,0.9979188345473464,0.9995042961004628
clock_prefix,20260930,20261022,normal_stay,past_amount,176075,202803,135,140,0.1175508583019274,45.68,49.75
clock_prefix,20260930,20261022,normal_stay,past_gap,175940,202664,135,140,0.0684055798546758,17348.0,18063.5
clock_prefix,20260930,20261022,normal_stay,past_normal_amount,176075,202803,135,140,0.1188912455893123,45.51,49.61
clock_prefix,20260930,20261022,onset,gap,102,119,102,113,0.408648489334829,57328.0,27466.0
clock_prefix,20260930,20261022,onset,amount_or_numeric_value,102,119,102,113,0.5968341143688295,318.52,297.74
clock_prefix,20260930,20261022,onset,relative,102,118,102,112,0.5102465983443584,8.904323417665521,5.016852951503417
clock_prefix,20260930,20261022,onset,normal_relative,102,118,102,112,0.498488868694367,8.904323417665521,5.519179940449472
clock_prefix,20260930,20261022,onset,past_amount,102,118,102,112,0.194623534907537,42.155,51.38
clock_prefix,20260930,20261022,onset,past_gap,102,118,102,112,0.3989469376695813,26191.75,17039.0
clock_prefix,20260930,20261022,onset,past_normal_amount,102,118,102,112,0.1911390660588353,42.155,51.145
clock_prefix,20260930,20261022,return_normal,gap,101,118,101,112,0.198358401287147,41621.0,37521.0
clock_prefix,20260930,20261022,return_normal,amount_or_numeric_value,101,118,101,112,0.3831519811001743,50.71,56.93
clock_prefix,20260930,20261022,return_normal,relative,101,118,101,112,0.1294416816655302,0.405350454788657,0.4718345391762056
clock_prefix,20260930,20261022,return_normal,normal_relative,101,117,101,111,0.1341149301195306,1.1340178867174562,1.086365254538982
clock_prefix,20260930,20261022,return_normal,past_amount,101,118,101,112,0.1235751946013387,96.185,99.3025
clock_prefix,20260930,20261022,return_normal,past_gap,101,118,101,112,0.296780512476966,14673.5,10360.5
clock_prefix,20260930,20261022,return_normal,past_normal_amount,101,117,101,111,0.1870998538979665,42.295,51.02
clock_prefix,20260930,20261022,recovery20,gap,1964,2286,101,112,0.7228771908456836,28648.0,14351.0
clock_prefix,20260930,20261022,recovery20,amount_or_numeric_value,1964,2286,101,112,0.1190850238714034,50.71,53.2
clock_prefix,20260930,20261022,recovery20,relative,1964,2286,101,112,0.0132301148752928,0.5551652593295426,0.554114071722029
clock_prefix,20260930,20261022,recovery20,normal_relative,1964,2285,101,112,0.0341510892892643,1.0127371775100973,1.0143514757649608
clock_prefix,20260930,20261022,recovery20,past_amount,1964,2286,101,112,0.1426399205033446,73.25999999999999,77.58500000000001
clock_prefix,20260930,20261022,recovery20,past_gap,1964,2286,101,112,0.5103868860120779,17730.5,10646.5
clock_prefix,20260930,20261022,recovery20,past_normal_amount,1964,2285,101,112,0.1819781258854049,46.03,51.74
clock_prefix,20261001,20261011,all,gap,177850,200970,147,147,0.07687014324489,17524.0,18728.0
clock_prefix,20261001,20261011,all,amount_or_numeric_value,177997,201117,147,147,0.080439925988663,49.06,45.49
clock_prefix,20261001,20261011,all,relative,177262,200382,147,147,0.023556212407995,0.9974160322970956,0.998872345226768
clock_prefix,20261001,20261011,all,normal_relative,177190,200323,135,135,0.023533415622526,1.002573305590453,1.004823151125402
clock_prefix,20261001,20261011,all,past_amount,177262,200382,147,147,0.0401579456187966,45.735,45.11
clock_prefix,20261001,20261011,all,past_gap,177115,200235,147,147,0.0640665902029899,17364.5,17961.0
clock_prefix,20261001,20261011,all,past_normal_amount,177190,200323,135,135,0.0396434451788221,45.49,44.93
clock_prefix,20261001,20261011,label_0,gap,176716,199840,135,136,0.076697294234987,17604.5,18803.0
clock_prefix,20261001,20261011,label_0,amount_or_numeric_value,176851,199974,135,136,0.0804478094933033,48.8,45.21
clock_prefix,20261001,20261011,label_0,relative,176176,199301,135,136,0.0240613131041074,0.9935297579672598,0.9942104665682824
clock_prefix,20261001,20261011,label_0,normal_relative,176176,199294,135,135,0.0243707708620951,0.9979956623243832,1.0
clock_prefix,20261001,20261011,label_0,past_amount,176176,199301,135,136,0.0402768853709647,45.695,45.05
clock_prefix,20261001,20261011,label_0,past_gap,176041,199166,135,136,0.0652559927713158,17344.5,17974.5
clock_prefix,20261001,20261011,label_0,past_normal_amount,176176,199294,135,135,0.0398490729158376,45.51,44.91
clock_prefix,20261001,20261011,label_1,gap,1134,1130,114,115,0.0813282413346707,4598.5,4897.5
clock_prefix,20261001,20261011,label_1,amount_or_numeric_value,1146,1143,114,116,0.057820364039437,361.07,372.45
clock_prefix,20261001,20261011,label_1,relative,1086,1081,114,114,0.064080076806765,6.934483835146863,6.1749839169194
clock_prefix,20261001,20261011,label_1,normal_relative,1014,1029,102,102,0.1432441403194215,11.30483649768972,9.443306510607169
clock_prefix,20261001,20261011,label_1,past_amount,1086,1081,114,114,0.0837836091246722,59.045,61.71
clock_prefix,20261001,20261011,label_1,past_gap,1074,1069,114,114,0.2987727809810274,21068.75,14964.5
clock_prefix,20261001,20261011,label_1,past_normal_amount,1014,1029,102,102,0.1700749547547378,41.625,47.675
clock_prefix,20261001,20261011,continuation,gap,912,933,102,103,0.0949789748127357,3849.0,4031.0
clock_prefix,20261001,20261011,continuation,amount_or_numeric_value,912,933,102,103,0.0722317557467709,391.6,381.0
clock_prefix,20261001,20261011,continuation,relative,912,932,102,103,0.0644739316660658,7.427642418049915,6.756940320312728
clock_prefix,20261001,20261011,continuation,normal_relative,912,925,102,102,0.1433223442958787,11.520029216665645,9.984415241365648
clock_prefix,20261001,20261011,continuation,past_amount,912,932,102,103,0.071874526829551,58.4725,62.00749999999999
clock_prefix,20261001,20261011,continuation,past_gap,912,931,102,103,0.3171762904103771,21600.0,14964.5
clock_prefix,20261001,20261011,continuation,past_normal_amount,912,925,102,102,0.1694025820112,41.625,47.59
clock_prefix,20261001,20261011,first_normal,gap,0,0,0,0,,,
clock_prefix,20261001,20261011,first_normal,amount_or_numeric_value,135,134,135,134,0.9348423641449966,50.74,77.12
clock_prefix,20261001,20261011,first_normal,relative,0,0,0,0,,,
clock_prefix,20261001,20261011,first_normal,normal_relative,0,0,0,0,,,
clock_prefix,20261001,20261011,first_normal,past_amount,0,0,0,0,,,
clock_prefix,20261001,20261011,first_normal,past_gap,0,0,0,0,,,
clock_prefix,20261001,20261011,first_normal,past_normal_amount,0,0,0,0,,,
clock_prefix,20261001,20261011,left_fraud,gap,120,92,12,12,0.3709169848784099,2533.0,3803.5
clock_prefix,20261001,20261011,left_fraud,amount_or_numeric_value,132,105,12,13,0.2099492039690499,540.625,775.18
clock_prefix,20261001,20261011,left_fraud,relative,72,45,12,11,0.1188218371109839,1.443692303858085,1.209433937940725
clock_prefix,20261001,20261011,left_fraud,normal_relative,0,0,0,0,,,
clock_prefix,20261001,20261011,left_fraud,past_amount,72,45,12,11,0.2789869176962896,310.355,419.46
clock_prefix,20261001,20261011,left_fraud,past_gap,60,34,12,11,0.5666665644818821,2377.5,4277.25
clock_prefix,20261001,20261011,left_fraud,past_normal_amount,0,0,0,0,,,
clock_prefix,20261001,20261011,normal_stay,gap,176615,199735,135,136,0.0768419288518915,17598.0,18799.0
clock_prefix,20261001,20261011,normal_stay,amount_or_numeric_value,176615,199735,135,136,0.0809247137381441,48.8,45.16
clock_prefix,20261001,20261011,normal_stay,relative,176075,199198,135,136,0.0240821516785846,0.993868792152054,0.9945777393613732
clock_prefix,20261001,20261011,normal_stay,normal_relative,176075,199192,135,135,0.0243590520193114,0.9979188345473464,0.9999206307793548
clock_prefix,20261001,20261011,normal_stay,past_amount,176075,199198,135,136,0.0402749613109284,45.68,45.04
clock_prefix,20261001,20261011,normal_stay,past_gap,175940,199063,135,136,0.065383044295457,17348.0,17977.5
clock_prefix,20261001,20261011,normal_stay,past_normal_amount,176075,199192,135,135,0.0398791369347609,45.51,44.91
clock_prefix,20261001,20261011,onset,gap,102,105,102,103,0.336681061129953,57328.0,36608.0
clock_prefix,20261001,20261011,onset,amount_or_numeric_value,102,105,102,103,0.5930493086254929,318.52,312.22
clock_prefix,20261001,20261011,onset,relative,102,104,102,102,0.4436679545360529,8.904323417665521,6.227651642514015
clock_prefix,20261001,20261011,onset,normal_relative,102,104,102,102,0.432675163781447,8.904323417665521,6.397774229238521
clock_prefix,20261001,20261011,onset,past_amount,102,104,102,102,0.1741862883479735,42.155,48.8975
clock_prefix,20261001,20261011,onset,past_gap,102,104,102,102,0.3459841472157744,26191.75,19068.5
clock_prefix,20261001,20261011,onset,past_normal_amount,102,104,102,102,0.1764685084145984,42.155,48.8975
clock_prefix,20261001,20261011,return_normal,gap,101,105,101,103,0.2648947247804584,41621.0,28801.0
clock_prefix,20261001,20261011,return_normal,amount_or_numeric_value,101,105,101,103,0.219510975908231,50.71,52.92
clock_prefix,20261001,20261011,return_normal,relative,101,103,101,101,0.0993774915288144,0.405350454788657,0.4807461692205196
clock_prefix,20261001,20261011,return_normal,normal_relative,101,102,101,100,0.1032416660024458,1.1340178867174562,1.0284285291738509
clock_prefix,20261001,20261011,return_normal,past_amount,101,103,101,101,0.0956351353144855,96.185,89.92
clock_prefix,20261001,20261011,return_normal,past_gap,101,103,101,101,0.2177453357991471,14673.5,11283.0
clock_prefix,20261001,20261011,return_normal,past_normal_amount,101,102,101,100,0.1707027574849577,42.295,48.8975
clock_prefix,20261001,20261011,recovery20,gap,1964,2033,101,103,0.7188871405119335,28648.0,14126.0
clock_prefix,20261001,20261011,recovery20,amount_or_numeric_value,1964,2033,101,103,0.0850584774738378,50.71,44.33
clock_prefix,20261001,20261011,recovery20,relative,1964,2028,101,103,0.0273550180358519,0.5551652593295426,0.5446326080034055
clock_prefix,20261001,20261011,recovery20,normal_relative,1964,2021,101,102,0.0506276820555363,1.0127371775100973,0.9413274660799412
clock_prefix,20261001,20261011,recovery20,past_amount,1964,2028,101,103,0.0504944228286884,73.25999999999999,70.99000000000001
clock_prefix,20261001,20261011,recovery20,past_gap,1964,2026,101,103,0.4888116488014007,17730.5,11199.25
clock_prefix,20261001,20261011,recovery20,past_normal_amount,1964,2021,101,102,0.0734981601402652,46.03,46.165
clock_prefix,20261001,20261012,all,gap,177850,199282,147,147,0.090561947641146,17524.0,19111.0
clock_prefix,20261001,20261012,all,amount_or_numeric_value,177997,199429,147,147,0.0798049184385461,49.06,45.55
clock_prefix,20261001,20261012,all,relative,177262,198694,147,147,0.0234805241260335,0.9974160322970956,0.9975167888298908
clock_prefix,20261001,20261012,all,normal_relative,177190,198678,135,143,0.0235905217747533,1.002573305590453,1.0034427206739656
clock_prefix,20261001,20261012,all,past_amount,177262,198694,147,147,0.0420415640227941,45.735,45.3
clock_prefix,20261001,20261012,all,past_gap,177115,198547,147,147,0.0736688818516932,17364.5,18193.5
clock_prefix,20261001,20261012,all,past_normal_amount,177190,198678,135,143,0.0415337161246827,45.49,45.06
clock_prefix,20261001,20261012,label_0,gap,176716,198225,135,144,0.0900228077005775,17604.5,19182.0
clock_prefix,20261001,20261012,label_0,amount_or_numeric_value,176851,198368,135,144,0.0793209271813796,48.8,45.32
clock_prefix,20261001,20261012,label_0,relative,176176,197653,135,144,0.0236962405876317,0.9935297579672598,0.992456820585125
clock_prefix,20261001,20261012,label_0,normal_relative,176176,197648,135,143,0.0239499529703344,0.9979956623243832,0.9985916956958354
clock_prefix,20261001,20261012,label_0,past_amount,176176,197653,135,144,0.0415943083571381,45.695,45.245
clock_prefix,20261001,20261012,label_0,past_gap,176041,197510,135,144,0.0744048843103227,17344.5,18194.5
clock_prefix,20261001,20261012,label_0,past_normal_amount,176176,197648,135,143,0.0416777525505246,45.51,45.06
clock_prefix,20261001,20261012,label_1,gap,1134,1057,114,114,0.1167638512699996,4598.5,5183.0
clock_prefix,20261001,20261012,label_1,amount_or_numeric_value,1146,1061,114,114,0.0905973155608234,361.07,473.15
clock_prefix,20261001,20261012,label_1,relative,1086,1041,114,114,0.0727446335068338,6.934483835146863,7.376867469879518
clock_prefix,20261001,20261012,label_1,normal_relative,1014,1030,102,110,0.0897759679502068,11.30483649768972,11.467031916917025
clock_prefix,20261001,20261012,label_1,past_amount,1086,1041,114,114,0.1355305887258333,59.045,60.135000000000005
clock_prefix,20261001,20261012,label_1,past_gap,1074,1037,114,114,0.2255242729628508,21068.75,18031.0
clock_prefix,20261001,20261012,label_1,past_normal_amount,1014,1030,102,110,0.1320305700582406,41.625,45.46
clock_prefix,20261001,20261012,continuation,gap,912,919,102,110,0.1038756123525381,3849.0,4024.0
clock_prefix,20261001,20261012,continuation,amount_or_numeric_value,912,919,102,110,0.0758756664173702,391.6,466.45
clock_prefix,20261001,20261012,continuation,relative,912,919,102,110,0.0582207601940557,7.427642418049915,7.142881529532264
clock_prefix,20261001,20261012,continuation,normal_relative,912,919,102,110,0.1080595646187939,11.520029216665645,11.29996910719802
clock_prefix,20261001,20261012,continuation,past_amount,912,919,102,110,0.074091821466196,58.4725,61.125
clock_prefix,20261001,20261012,continuation,past_gap,912,919,102,110,0.2016035605223488,21600.0,17950.0
clock_prefix,20261001,20261012,continuation,past_normal_amount,912,919,102,110,0.1356459036516664,41.625,45.46
clock_prefix,20261001,20261012,first_normal,gap,0,0,0,0,,,
clock_prefix,20261001,20261012,first_normal,amount_or_numeric_value,135,143,135,143,1.1629906169826678,50.74,91.72
clock_prefix,20261001,20261012,first_normal,relative,0,0,0,0,,,
clock_prefix,20261001,20261012,first_normal,normal_relative,0,0,0,0,,,
clock_prefix,20261001,20261012,first_normal,past_amount,0,0,0,0,,,
clock_prefix,20261001,20261012,first_normal,past_gap,0,0,0,0,,,
clock_prefix,20261001,20261012,first_normal,past_normal_amount,0,0,0,0,,,
clock_prefix,20261001,20261012,left_fraud,gap,120,27,12,4,0.6588471801459193,2533.0,3085.0
clock_prefix,20261001,20261012,left_fraud,amount_or_numeric_value,132,31,12,4,0.451429575255768,540.625,310.97
clock_prefix,20261001,20261012,left_fraud,relative,72,11,12,4,0.2811560334795201,1.443692303858085,1.0978617749391528
clock_prefix,20261001,20261012,left_fraud,normal_relative,0,0,0,0,,,
clock_prefix,20261001,20261012,left_fraud,past_amount,72,11,12,4,0.5317384945168466,310.355,309.08
clock_prefix,20261001,20261012,left_fraud,past_gap,60,7,12,4,0.5528469702914014,2377.5,3085.0
clock_prefix,20261001,20261012,left_fraud,past_normal_amount,0,0,0,0,,,
clock_prefix,20261001,20261012,normal_stay,gap,176615,198113,135,144,0.0901501131381481,17598.0,19176.0
clock_prefix,20261001,20261012,normal_stay,amount_or_numeric_value,176615,198113,135,144,0.0797735714265757,48.8,45.28
clock_prefix,20261001,20261012,normal_stay,relative,176075,197541,135,144,0.0237119477797135,0.993868792152054,0.9929156171284634
clock_prefix,20261001,20261012,normal_stay,normal_relative,176075,197537,135,143,0.0239432778162056,0.9979188345473464,0.9985676772499402
clock_prefix,20261001,20261012,normal_stay,past_amount,176075,197541,135,144,0.0415631777811331,45.68,45.225
clock_prefix,20261001,20261012,normal_stay,past_gap,175940,197398,135,144,0.074506099101805,17348.0,18197.0
clock_prefix,20261001,20261012,normal_stay,past_normal_amount,176075,197537,135,143,0.0416867929280405,45.51,45.06
clock_prefix,20261001,20261012,onset,gap,102,111,102,110,0.257055682832595,57328.0,40409.0
clock_prefix,20261001,20261012,onset,amount_or_numeric_value,102,111,102,110,0.4730054996709664,318.52,739.91
clock_prefix,20261001,20261012,onset,relative,102,111,102,110,0.2944034437953229,8.904323417665521,13.317245047201167
clock_prefix,20261001,20261012,onset,normal_relative,102,111,102,110,0.2907845743437867,8.904323417665521,13.317245047201167
clock_prefix,20261001,20261012,onset,past_amount,102,111,102,110,0.096839004506237,42.155,44.03
clock_prefix,20261001,20261012,onset,past_gap,102,111,102,110,0.2478635679622945,26191.75,19893.5
clock_prefix,20261001,20261012,onset,past_normal_amount,102,111,102,110,0.1005281261258599,42.155,44.99
clock_prefix,20261001,20261012,return_normal,gap,101,112,101,111,0.1852277764288977,41621.0,30733.5
clock_prefix,20261001,20261012,return_normal,amount_or_numeric_value,101,112,101,111,0.2453095404636031,50.71,47.115
clock_prefix,20261001,20261012,return_normal,relative,101,112,101,111,0.109612308847341,0.405350454788657,0.4771486128303882
clock_prefix,20261001,20261012,return_normal,normal_relative,101,111,101,110,0.1008236795732237,1.1340178867174562,1.109059233449477
clock_prefix,20261001,20261012,return_normal,past_amount,101,112,101,111,0.1178901939349972,96.185,78.5275
clock_prefix,20261001,20261012,return_normal,past_gap,101,112,101,111,0.1335795430618294,14673.5,13133.75
clock_prefix,20261001,20261012,return_normal,past_normal_amount,101,111,101,110,0.0993225702542318,42.295,44.99
clock_prefix,20261001,20261012,recovery20,gap,1964,2183,101,111,0.6755572762664581,28648.0,14965.0
clock_prefix,20261001,20261012,recovery20,amount_or_numeric_value,1964,2183,101,111,0.0719802435407645,50.71,45.96
clock_prefix,20261001,20261012,recovery20,relative,1964,2183,101,111,0.017009215260836,0.5551652593295426,0.5351447135262847
clock_prefix,20261001,20261012,recovery20,normal_relative,1964,2178,101,110,0.0372326927685934,1.0127371775100973,0.9783431512915786
clock_prefix,20261001,20261012,recovery20,past_amount,1964,2183,101,111,0.058581295889802,73.25999999999999,67.35
clock_prefix,20261001,20261012,recovery20,past_gap,1964,2183,101,111,0.4118283805444525,17730.5,12101.5
clock_prefix,20261001,20261012,recovery20,past_normal_amount,1964,2178,101,110,0.1001153309758062,46.03,45.655
clock_prefix,20261001,20261021,all,gap,177850,181969,147,147,0.0938146018689129,17524.0,19083.0
clock_prefix,20261001,20261021,all,amount_or_numeric_value,177997,182116,147,147,0.0717023017498568,49.06,45.83
clock_prefix,20261001,20261021,all,relative,177262,181381,147,147,0.0248656322316219,0.9974160322970956,0.9951078496775628
clock_prefix,20261001,20261021,all,normal_relative,177190,181311,135,134,0.0249309762585436,1.002573305590453,1.0016309120562037
clock_prefix,20261001,20261021,all,past_amount,177262,181381,147,147,0.0500264017819866,45.735,45.715
clock_prefix,20261001,20261021,all,past_gap,177115,181234,147,147,0.0773147243463752,17364.5,18272.0
clock_prefix,20261001,20261021,all,past_normal_amount,177190,181311,135,134,0.0504799427681458,45.49,45.55
clock_prefix,20261001,20261021,label_0,gap,176716,180895,135,134,0.0939952299055416,17604.5,19182.0
clock_prefix,20261001,20261021,label_0,amount_or_numeric_value,176851,181028,135,134,0.0717733851818977,48.8,45.57
clock_prefix,20261001,20261021,label_0,relative,176176,180364,135,134,0.0251520239676097,0.9935297579672598,0.990547788603906
clock_prefix,20261001,20261021,label_0,normal_relative,176176,180358,135,134,0.0254740911629885,0.9979956623243832,0.9964482420020068
clock_prefix,20261001,20261021,label_0,past_amount,176176,180364,135,134,0.0500495478530627,45.695,45.66
clock_prefix,20261001,20261021,label_0,past_gap,176041,180231,135,134,0.0792226129836044,17344.5,18287.5
clock_prefix,20261001,20261021,label_0,past_normal_amount,176176,180358,135,134,0.05029549646966,45.51,45.535
clock_prefix,20261001,20261021,label_1,gap,1134,1074,114,114,0.0962031600311668,4598.5,4719.0
clock_prefix,20261001,20261021,label_1,amount_or_numeric_value,1146,1088,114,114,0.0729363511639336,361.07,353.235
clock_prefix,20261001,20261021,label_1,relative,1086,1017,114,113,0.071734014561681,6.934483835146863,6.3531115238125215
clock_prefix,20261001,20261021,label_1,normal_relative,1014,953,102,99,0.1339986966492996,11.30483649768972,9.858296259680342
clock_prefix,20261001,20261021,label_1,past_amount,1086,1017,114,113,0.0646648443635409,59.045,61.26
clock_prefix,20261001,20261021,label_1,past_gap,1074,1003,114,113,0.2732181957864176,21068.75,15467.0
clock_prefix,20261001,20261021,label_1,past_normal_amount,1014,953,102,99,0.1358029415276508,41.625,50.175
clock_prefix,20261001,20261021,continuation,gap,912,859,102,99,0.1096781087981956,3849.0,3697.0
clock_prefix,20261001,20261021,continuation,amount_or_numeric_value,912,859,102,99,0.0758037706547275,391.6,363.04
clock_prefix,20261001,20261021,continuation,relative,912,857,102,99,0.0486426485141815,7.427642418049915,7.303554274735831
clock_prefix,20261001,20261021,continuation,normal_relative,912,852,102,98,0.1202990363282218,11.520029216665645,10.575920475557762
clock_prefix,20261001,20261021,continuation,past_amount,912,857,102,99,0.0529776778491748,58.4725,61.325
clock_prefix,20261001,20261021,continuation,past_gap,912,856,102,99,0.309622675787611,21600.0,15653.5
clock_prefix,20261001,20261021,continuation,past_normal_amount,912,852,102,98,0.137031503086583,41.625,49.995
clock_prefix,20261001,20261021,first_normal,gap,0,0,0,0,,,
clock_prefix,20261001,20261021,first_normal,amount_or_numeric_value,135,133,135,133,0.9722468711790776,50.74,81.28
clock_prefix,20261001,20261021,first_normal,relative,0,0,0,0,,,
clock_prefix,20261001,20261021,first_normal,normal_relative,0,0,0,0,,,
clock_prefix,20261001,20261021,first_normal,past_amount,0,0,0,0,,,
clock_prefix,20261001,20261021,first_normal,past_gap,0,0,0,0,,,
clock_prefix,20261001,20261021,first_normal,past_normal_amount,0,0,0,0,,,
clock_prefix,20261001,20261021,left_fraud,gap,120,113,12,14,0.2541572917997253,2533.0,3624.0
clock_prefix,20261001,20261021,left_fraud,amount_or_numeric_value,132,127,12,14,0.2330654573573991,540.625,413.9
clock_prefix,20261001,20261021,left_fraud,relative,72,59,12,13,0.305424687051089,1.443692303858085,1.0114678493806657
clock_prefix,20261001,20261021,left_fraud,normal_relative,0,0,0,0,,,
clock_prefix,20261001,20261021,left_fraud,past_amount,72,59,12,13,0.3809865012485632,310.355,510.63
clock_prefix,20261001,20261021,left_fraud,past_gap,60,46,12,13,0.3358155173294607,2377.5,3521.5
clock_prefix,20261001,20261021,left_fraud,past_normal_amount,0,0,0,0,,,
clock_prefix,20261001,20261021,normal_stay,gap,176615,180793,135,134,0.0941404432206754,17598.0,19178.0
clock_prefix,20261001,20261021,normal_stay,amount_or_numeric_value,176615,180793,135,134,0.0722513208738588,48.8,45.53
clock_prefix,20261001,20261021,normal_stay,relative,176075,180263,135,134,0.0251881214993179,0.993868792152054,0.9907927971970992
clock_prefix,20261001,20261021,normal_stay,normal_relative,176075,180258,135,134,0.0254760765787967,0.9979188345473464,0.9962409983451892
clock_prefix,20261001,20261021,normal_stay,past_amount,176075,180263,135,134,0.0500341573368165,45.68,45.65
clock_prefix,20261001,20261021,normal_stay,past_gap,175940,180130,135,134,0.0793308466094428,17348.0,18291.0
clock_prefix,20261001,20261021,normal_stay,past_normal_amount,176075,180258,135,134,0.0502863944790451,45.51,45.53
clock_prefix,20261001,20261021,onset,gap,102,102,102,100,0.3291737964065273,57328.0,31158.0
clock_prefix,20261001,20261021,onset,amount_or_numeric_value,102,102,102,100,0.3308134843603464,318.52,311.54
clock_prefix,20261001,20261021,onset,relative,102,101,102,99,0.2674117903791981,8.904323417665521,6.657349688316911
clock_prefix,20261001,20261021,onset,normal_relative,102,101,102,99,0.2632809595240666,8.904323417665521,6.657349688316911
clock_prefix,20261001,20261021,onset,past_amount,102,101,102,99,0.1285017669958711,42.155,50.905
clock_prefix,20261001,20261021,onset,past_gap,102,101,102,99,0.2906667984657259,26191.75,19619.0
clock_prefix,20261001,20261021,onset,past_normal_amount,102,101,102,99,0.1243702100723331,42.155,50.785
clock_prefix,20261001,20261021,return_normal,gap,101,102,101,100,0.1960913776482299,41621.0,29779.5
clock_prefix,20261001,20261021,return_normal,amount_or_numeric_value,101,102,101,100,0.1994153800094317,50.71,57.43
clock_prefix,20261001,20261021,return_normal,relative,101,101,101,99,0.1445096704184505,0.405350454788657,0.4335935605876932
clock_prefix,20261001,20261021,return_normal,normal_relative,101,100,101,98,0.1083784182854116,1.1340178867174562,1.1412599749214896
clock_prefix,20261001,20261021,return_normal,past_amount,101,101,101,99,0.1474136006017389,96.185,83.5
clock_prefix,20261001,20261021,return_normal,past_gap,101,101,101,99,0.1553985565610663,14673.5,12110.0
clock_prefix,20261001,20261021,return_normal,past_normal_amount,101,100,101,98,0.1200338453326438,42.295,50.48
clock_prefix,20261001,20261021,recovery20,gap,1964,1997,101,100,0.7285334977044027,28648.0,14638.0
clock_prefix,20261001,20261021,recovery20,amount_or_numeric_value,1964,1997,101,100,0.0742723254537053,50.71,46.59
clock_prefix,20261001,20261021,recovery20,relative,1964,1995,101,100,0.0282392744175823,0.5551652593295426,0.5631961259079904
clock_prefix,20261001,20261021,recovery20,normal_relative,1964,1989,101,100,0.0376862208899216,1.0127371775100973,0.9757503815499406
clock_prefix,20261001,20261021,recovery20,past_amount,1964,1995,101,100,0.0736472075912965,73.25999999999999,67.94999999999999
clock_prefix,20261001,20261021,recovery20,past_gap,1964,1994,101,100,0.4033094708970027,17730.5,12130.25
clock_prefix,20261001,20261021,recovery20,past_normal_amount,1964,1989,101,100,0.0889859339601934,46.03,48.195
clock_prefix,20261001,20261022,all,gap,177850,202747,147,147,0.0824156384630585,17524.0,18819.0
clock_prefix,20261001,20261022,all,amount_or_numeric_value,177997,202894,147,147,0.0806023314175393,49.06,45.55
clock_prefix,20261001,20261022,all,relative,177262,202159,147,147,0.0246736864831528,0.9974160322970956,0.9969494756911343
clock_prefix,20261001,20261022,all,normal_relative,177190,202114,135,141,0.0247985904340811,1.002573305590453,1.0043091275083549
clock_prefix,20261001,20261022,all,past_amount,177262,202159,147,147,0.0460831618802297,45.735,45.42
clock_prefix,20261001,20261022,all,past_gap,177115,202012,147,147,0.0634351432339127,17364.5,17972.25
clock_prefix,20261001,20261022,all,past_normal_amount,177190,202114,135,141,0.0458583275984638,45.49,45.19
clock_prefix,20261001,20261022,label_0,gap,176716,201461,135,141,0.0827602249135108,17604.5,18908.0
clock_prefix,20261001,20261022,label_0,amount_or_numeric_value,176851,201602,135,141,0.0806171793837181,48.8,45.29
clock_prefix,20261001,20261022,label_0,relative,176176,200898,135,141,0.0248340738003748,0.9935297579672598,0.99183482202628
clock_prefix,20261001,20261022,label_0,normal_relative,176176,200897,135,141,0.0249661203174214,0.9979956623243832,0.9984789048114644
clock_prefix,20261001,20261022,label_0,past_amount,176176,200898,135,141,0.0462593776821267,45.695,45.3475
clock_prefix,20261001,20261022,label_0,past_gap,176041,200758,135,141,0.0654586006473449,17344.5,17991.0
clock_prefix,20261001,20261022,label_0,past_normal_amount,176176,200897,135,141,0.0460943390148375,45.51,45.18
clock_prefix,20261001,20261022,label_1,gap,1134,1286,114,119,0.0652208313959978,4598.5,4973.5
clock_prefix,20261001,20261022,label_1,amount_or_numeric_value,1146,1292,114,119,0.0929458182087244,361.07,484.875
clock_prefix,20261001,20261022,label_1,relative,1086,1261,114,119,0.0599040327485623,6.934483835146863,6.935573709617527
clock_prefix,20261001,20261022,label_1,normal_relative,1014,1217,102,112,0.0767503113235167,11.30483649768972,11.639992807049092
clock_prefix,20261001,20261022,label_1,past_amount,1086,1261,114,119,0.0762847443624778,59.045,61.615
clock_prefix,20261001,20261022,label_1,past_gap,1074,1254,114,119,0.342384832590045,21068.75,14744.0
clock_prefix,20261001,20261022,label_1,past_normal_amount,1014,1217,102,112,0.0898881153400641,41.625,48.36
clock_prefix,20261001,20261022,continuation,gap,912,1113,102,113,0.0985086421469281,3849.0,3736.0
clock_prefix,20261001,20261022,continuation,amount_or_numeric_value,912,1113,102,113,0.0778116450548084,391.6,509.07
clock_prefix,20261001,20261022,continuation,relative,912,1113,102,113,0.0714238004285899,7.427642418049915,7.102323447211446
clock_prefix,20261001,20261022,continuation,normal_relative,912,1099,102,112,0.068010141010874,11.520029216665645,11.885816387305368
clock_prefix,20261001,20261022,continuation,past_amount,912,1113,102,113,0.1360698903018591,58.4725,62.89
clock_prefix,20261001,20261022,continuation,past_gap,912,1112,102,113,0.4000990688945077,21600.0,14622.5
clock_prefix,20261001,20261022,continuation,past_normal_amount,912,1099,102,112,0.0908629972076311,41.625,48.36
clock_prefix,20261001,20261022,first_normal,gap,0,0,0,0,,,
clock_prefix,20261001,20261022,first_normal,amount_or_numeric_value,135,141,135,141,0.9972228365228634,50.74,84.09
clock_prefix,20261001,20261022,first_normal,relative,0,0,0,0,,,
clock_prefix,20261001,20261022,first_normal,normal_relative,0,0,0,0,,,
clock_prefix,20261001,20261022,first_normal,past_amount,0,0,0,0,,,
clock_prefix,20261001,20261022,first_normal,past_gap,0,0,0,0,,,
clock_prefix,20261001,20261022,first_normal,past_normal_amount,0,0,0,0,,,
clock_prefix,20261001,20261022,left_fraud,gap,120,54,12,6,0.6901314841863532,2533.0,4641.0
clock_prefix,20261001,20261022,left_fraud,amount_or_numeric_value,132,60,12,6,0.4240948363931013,540.625,848.06
clock_prefix,20261001,20261022,left_fraud,relative,72,30,12,6,0.2188097898188298,1.443692303858085,1.0432029373191576
clock_prefix,20261001,20261022,left_fraud,normal_relative,0,0,0,0,,,
clock_prefix,20261001,20261022,left_fraud,past_amount,72,30,12,6,0.3765868866704053,310.355,553.1025
clock_prefix,20261001,20261022,left_fraud,past_gap,60,24,12,6,0.8590862584980472,2377.5,4514.0
clock_prefix,20261001,20261022,left_fraud,past_normal_amount,0,0,0,0,,,
clock_prefix,20261001,20261022,normal_stay,gap,176615,201343,135,141,0.0827745115293998,17598.0,18899.0
clock_prefix,20261001,20261022,normal_stay,amount_or_numeric_value,176615,201343,135,141,0.0810642952146091,48.8,45.25
clock_prefix,20261001,20261022,normal_stay,relative,176075,200780,135,141,0.0248608763536612,0.993868792152054,0.9922668990676718
clock_prefix,20261001,20261022,normal_stay,normal_relative,176075,200780,135,141,0.0249745679415187,0.9979188345473464,0.998466814103476
clock_prefix,20261001,20261022,normal_stay,past_amount,176075,200780,135,141,0.0462385314947344,45.68,45.335
clock_prefix,20261001,20261022,normal_stay,past_gap,175940,200640,135,141,0.0656664521685912,17348.0,17994.0
clock_prefix,20261001,20261022,normal_stay,past_normal_amount,176075,200780,135,141,0.046119155622684,45.51,45.1775
clock_prefix,20261001,20261022,onset,gap,102,119,102,113,0.3620057277804358,57328.0,31151.0
clock_prefix,20261001,20261022,onset,amount_or_numeric_value,102,119,102,113,0.5343686414775806,318.52,318.76
clock_prefix,20261001,20261022,onset,relative,102,118,102,112,0.3199643380007915,8.904323417665521,7.496692974840544
clock_prefix,20261001,20261022,onset,normal_relative,102,118,102,112,0.3043116021135791,8.904323417665521,7.842284538164928
clock_prefix,20261001,20261022,onset,past_amount,102,118,102,112,0.0864542930923817,42.155,49.905
clock_prefix,20261001,20261022,onset,past_gap,102,118,102,112,0.3829609094656838,26191.75,18594.0
clock_prefix,20261001,20261022,onset,past_normal_amount,102,118,102,112,0.0826893233254461,42.155,48.4925
clock_prefix,20261001,20261022,return_normal,gap,101,118,101,112,0.184423576370389,41621.0,34295.0
clock_prefix,20261001,20261022,return_normal,amount_or_numeric_value,101,118,101,112,0.1865473343831165,50.71,45.755
clock_prefix,20261001,20261022,return_normal,relative,101,118,101,112,0.1031765893291827,0.405350454788657,0.3979313477949409
clock_prefix,20261001,20261022,return_normal,normal_relative,101,117,101,111,0.1174777082623681,1.1340178867174562,1.0157979377542332
clock_prefix,20261001,20261022,return_normal,past_amount,101,118,101,112,0.2080142969419591,96.185,94.5225
clock_prefix,20261001,20261022,return_normal,past_gap,101,118,101,112,0.2846863419133193,14673.5,10875.75
clock_prefix,20261001,20261022,return_normal,past_normal_amount,101,117,101,111,0.0819800131417301,42.295,48.36
clock_prefix,20261001,20261022,recovery20,gap,1964,2280,101,112,0.7253167329569561,28648.0,14431.0
clock_prefix,20261001,20261022,recovery20,amount_or_numeric_value,1964,2280,101,112,0.0939271331043234,50.71,47.39
clock_prefix,20261001,20261022,recovery20,relative,1964,2280,101,112,0.0260703644156081,0.5551652593295426,0.5172477869758361
clock_prefix,20261001,20261022,recovery20,normal_relative,1964,2279,101,112,0.0393886637895455,1.0127371775100973,1.0201723264064877
clock_prefix,20261001,20261022,recovery20,past_amount,1964,2280,101,112,0.0786236980860351,73.25999999999999,68.355
clock_prefix,20261001,20261022,recovery20,past_gap,1964,2280,101,112,0.4984176446316333,17730.5,10989.25
clock_prefix,20261001,20261022,recovery20,past_normal_amount,1964,2279,101,112,0.039125126072298,46.03,45.28
clock_rollout,20260930,20261011,all,gap,177850,203530,147,147,0.11491884557379356,17524.0,19556.5
clock_rollout,20260930,20261011,all,amount_or_numeric_value,177997,203677,147,147,0.044963682812972854,49.06,50.22
clock_rollout,20260930,20261011,all,relative,177262,202942,147,147,0.033953905016780646,0.9974160322970955,0.9983866021679301
clock_rollout,20260930,20261011,all,normal_relative,177190,202875,135,136,0.034822493094264634,1.0025733055904533,1.0032143167405092
clock_rollout,20260930,20261011,all,past_amount,177262,202942,147,147,0.12103321827590974,45.735,49.825
clock_rollout,20260930,20261011,all,past_gap,177115,202795,147,147,0.09939412731739725,17364.5,18726.5
clock_rollout,20260930,20261011,all,past_normal_amount,177190,202875,135,136,0.1232481600076065,45.489999999999995,49.68
clock_rollout,20260930,20261011,label_0,gap,176716,202385,135,136,0.11481954327967306,17604.5,19629.0
clock_rollout,20260930,20261011,label_0,amount_or_numeric_value,176851,202519,135,136,0.04630281002983939,48.8,50.02
clock_rollout,20260930,20261011,label_0,relative,176176,201846,135,136,0.03313857160782464,0.9935297579672598,0.9940685592635754
clock_rollout,20260930,20261011,label_0,normal_relative,176176,201839,135,136,0.0335528386241214,0.9979956623243831,0.9992393333794343
clock_rollout,20260930,20261011,label_0,past_amount,176176,201846,135,136,0.1214693566415195,45.695,49.775
clock_rollout,20260930,20261011,label_0,past_gap,176041,201711,135,136,0.10067507730562515,17344.5,18733.5
clock_rollout,20260930,20261011,label_0,past_normal_amount,176176,201839,135,136,0.12280553381835092,45.51,49.665
clock_rollout,20260930,20261011,label_1,gap,1134,1145,114,117,0.09169736509113396,4598.5,5030.0
clock_rollout,20260930,20261011,label_1,amount_or_numeric_value,1146,1158,114,118,0.061424894434800446,361.07,348.225
clock_rollout,20260930,20261011,label_1,relative,1086,1096,114,116,0.1418809566847669,6.934483835146863,5.3755218416022394
clock_rollout,20260930,20261011,label_1,normal_relative,1014,1036,102,104,0.2394667819767674,11.304836497689719,8.060845005200765
clock_rollout,20260930,20261011,label_1,past_amount,1086,1096,114,116,0.11156166832064598,59.045,66.1425
clock_rollout,20260930,20261011,label_1,past_gap,1074,1084,114,116,0.22114461429838883,21068.75,16374.0
clock_rollout,20260930,20261011,label_1,past_normal_amount,1014,1036,102,104,0.22696588671876494,41.625,53.36
clock_rollout,20260930,20261011,continuation,gap,912,938,102,105,0.11349982415470122,3849.0,4277.0
clock_rollout,20260930,20261011,continuation,amount_or_numeric_value,912,938,102,105,0.0691240620832892,391.6,351.30499999999995
clock_rollout,20260930,20261011,continuation,relative,912,937,102,105,0.10430996498354542,7.427642418049915,6.222763466042155
clock_rollout,20260930,20261011,continuation,normal_relative,912,930,102,104,0.20423176578563113,11.520029216665643,9.337163370412863
clock_rollout,20260930,20261011,continuation,past_amount,912,937,102,105,0.11276481049439621,58.472500000000004,66.22
clock_rollout,20260930,20261011,continuation,past_gap,912,936,102,105,0.2123365787770819,21600.0,16562.75
clock_rollout,20260930,20261011,continuation,past_normal_amount,912,930,102,104,0.2262375916370301,41.625,53.36
clock_rollout,20260930,20261011,first_normal,gap,0,0,0,0,,,
clock_rollout,20260930,20261011,first_normal,amount_or_numeric_value,135,134,135,134,1.1999716787843682,50.74,109.045
clock_rollout,20260930,20261011,first_normal,relative,0,0,0,0,,,
clock_rollout,20260930,20261011,first_normal,normal_relative,0,0,0,0,,,
clock_rollout,20260930,20261011,first_normal,past_amount,0,0,0,0,,,
clock_rollout,20260930,20261011,first_normal,past_gap,0,0,0,0,,,
clock_rollout,20260930,20261011,first_normal,past_normal_amount,0,0,0,0,,,
clock_rollout,20260930,20261011,left_fraud,gap,120,100,12,12,0.253794020598265,2533.0,3124.5
clock_rollout,20260930,20261011,left_fraud,amount_or_numeric_value,132,113,12,13,0.38847245975945904,540.625,800.21
clock_rollout,20260930,20261011,left_fraud,relative,72,53,12,11,0.2588691802731824,1.443692303858085,1.1364441388506896
clock_rollout,20260930,20261011,left_fraud,normal_relative,0,0,0,0,,,
clock_rollout,20260930,20261011,left_fraud,past_amount,72,53,12,11,0.4941913151262216,310.355,636.105
clock_rollout,20260930,20261011,left_fraud,past_gap,60,42,12,11,0.6087598159600601,2377.5,4397.5
clock_rollout,20260930,20261011,left_fraud,past_normal_amount,0,0,0,0,,,
clock_rollout,20260930,20261011,normal_stay,gap,176615,202278,135,136,0.1149911612946988,17598.0,19625.0
clock_rollout,20260930,20261011,normal_stay,amount_or_numeric_value,176615,202278,135,136,0.045707276756799524,48.8,49.98
clock_rollout,20260930,20261011,normal_stay,relative,176075,201741,135,136,0.03325634821227107,0.993868792152054,0.9943013448826077
clock_rollout,20260930,20261011,normal_stay,normal_relative,176075,201735,135,136,0.033644256081551666,0.9979188345473465,0.999113867966327
clock_rollout,20260930,20261011,normal_stay,past_amount,176075,201741,135,136,0.12153745463436455,45.68,49.765
clock_rollout,20260930,20261011,normal_stay,past_gap,175940,201606,135,136,0.10076495069109594,17348.0,18736.0
clock_rollout,20260930,20261011,normal_stay,past_normal_amount,176075,201735,135,136,0.12276374465119996,45.51,49.66
clock_rollout,20260930,20261011,onset,gap,102,107,102,105,0.2494978426408319,57328.0,40856.0
clock_rollout,20260930,20261011,onset,amount_or_numeric_value,102,107,102,105,0.872632857841761,318.52,281.94
clock_rollout,20260930,20261011,onset,relative,102,106,102,104,0.6766961841224352,8.904323417665521,4.003670576780943
clock_rollout,20260930,20261011,onset,normal_relative,102,106,102,104,0.6758249228721238,8.904323417665521,4.003670576780943
clock_rollout,20260930,20261011,onset,past_amount,102,106,102,104,0.23528912084139203,42.155,54.65
clock_rollout,20260930,20261011,onset,past_gap,102,106,102,104,0.25081230613723066,26191.75,21421.0
clock_rollout,20260930,20261011,onset,past_normal_amount,102,106,102,104,0.23442648322678067,42.155,54.65
clock_rollout,20260930,20261011,return_normal,gap,101,107,101,105,0.19875295965581946,41621.0,34875.0
clock_rollout,20260930,20261011,return_normal,amount_or_numeric_value,101,107,101,105,0.5160873093388382,50.71,60.47
clock_rollout,20260930,20261011,return_normal,relative,101,105,101,103,0.22262322750713243,0.40535045478865706,0.5708108108108109
clock_rollout,20260930,20261011,return_normal,normal_relative,101,104,101,102,0.19118690514797548,1.1340178867174562,1.2472668024356977
clock_rollout,20260930,20261011,return_normal,past_amount,101,105,101,103,0.10294729852594518,96.185,96.925
clock_rollout,20260930,20261011,return_normal,past_gap,101,105,101,103,0.1255788458155163,14673.5,12066.5
clock_rollout,20260930,20261011,return_normal,past_normal_amount,101,104,101,102,0.22895093840149833,42.295,54.65
clock_rollout,20260930,20261011,recovery20,gap,1964,2063,101,105,0.673034491723258,28648.0,14697.0
clock_rollout,20260930,20261011,recovery20,amount_or_numeric_value,1964,2063,101,105,0.10168438501768308,50.71,51.45
clock_rollout,20260930,20261011,recovery20,relative,1964,2058,101,105,0.015505310569149241,0.5551652593295426,0.5552354483628708
clock_rollout,20260930,20261011,recovery20,normal_relative,1964,2051,101,105,0.03936771751375008,1.0127371775100973,0.970659302726959
clock_rollout,20260930,20261011,recovery20,past_amount,1964,2058,101,105,0.09813991191723731,73.25999999999999,77.565
clock_rollout,20260930,20261011,recovery20,past_gap,1964,2056,101,105,0.4191367936366407,17730.5,11592.25
clock_rollout,20260930,20261011,recovery20,past_normal_amount,1964,2051,101,105,0.15511354202956623,46.03,51.91
clock_rollout,20260930,20261012,all,gap,177850,200225,147,147,0.12350892137064515,17524.0,19875.0
clock_rollout,20260930,20261012,all,amount_or_numeric_value,177997,200372,147,147,0.04681467350444051,49.06,50.4
clock_rollout,20260930,20261012,all,relative,177262,199637,147,147,0.03517268555995615,0.9974160322970955,0.9992864787727435
clock_rollout,20260930,20261012,all,normal_relative,177190,199615,135,143,0.036023698619399996,1.0025733055904533,1.0037682937516432
clock_rollout,20260930,20261012,all,past_amount,177262,199637,147,147,0.12367263869752586,45.735,50.31
clock_rollout,20260930,20261012,all,past_gap,177115,199490,147,147,0.1083548126351446,17364.5,18860.25
clock_rollout,20260930,20261012,all,past_normal_amount,177190,199615,135,143,0.12573205288748202,45.489999999999995,50.135
clock_rollout,20260930,20261012,label_0,gap,176716,199141,135,143,0.12320532854927249,17604.5,19952.0
clock_rollout,20260930,20261012,label_0,amount_or_numeric_value,176851,199283,135,143,0.04845267041235085,48.8,50.21
clock_rollout,20260930,20261012,label_0,relative,176176,198573,135,143,0.03416113653872491,0.9935297579672598,0.9953741841454915
clock_rollout,20260930,20261012,label_0,normal_relative,176176,198568,135,143,0.03459657825353587,0.9979956623243831,0.9997757719766128
clock_rollout,20260930,20261012,label_0,past_amount,176176,198573,135,143,0.1234672537746241,45.695,50.25
clock_rollout,20260930,20261012,label_0,past_gap,176041,198431,135,143,0.10936213380216263,17344.5,18862.0
clock_rollout,20260930,20261012,label_0,past_normal_amount,176176,198568,135,143,0.12502454349749492,45.51,50.115
clock_rollout,20260930,20261012,label_1,gap,1134,1084,114,114,0.12752018730634285,4598.5,5151.5
clock_rollout,20260930,20261012,label_1,amount_or_numeric_value,1146,1089,114,114,0.13470476086287686,361.07,340.13
clock_rollout,20260930,20261012,label_1,relative,1086,1064,114,114,0.13497976897521624,6.934483835146863,5.899773838207716
clock_rollout,20260930,20261012,label_1,normal_relative,1014,1047,102,109,0.251375289907387,11.304836497689719,8.505404014410704
clock_rollout,20260930,20261012,label_1,past_amount,1086,1064,114,114,0.19997308565272554,59.045,63.01
clock_rollout,20260930,20261012,label_1,past_gap,1074,1059,114,114,0.19293921830058358,21068.75,18520.5
clock_rollout,20260930,20261012,label_1,past_normal_amount,1014,1047,102,109,0.254154261098095,41.625,52.120000000000005
clock_rollout,20260930,20261012,continuation,gap,912,937,102,109,0.13016427087166002,3849.0,3937.0
clock_rollout,20260930,20261012,continuation,amount_or_numeric_value,912,937,102,109,0.13469882979079664,391.6,337.8
clock_rollout,20260930,20261012,continuation,relative,912,937,102,109,0.19250479677887677,7.427642418049915,5.8353285205153975
clock_rollout,20260930,20261012,continuation,normal_relative,912,937,102,109,0.2647978493843823,11.520029216665643,8.22379577005497
clock_rollout,20260930,20261012,continuation,past_amount,912,937,102,109,0.15377857448166576,58.472500000000004,64.7
clock_rollout,20260930,20261012,continuation,past_gap,912,937,102,109,0.1771734658673268,21600.0,18520.5
clock_rollout,20260930,20261012,continuation,past_normal_amount,912,937,102,109,0.2573462656812332,41.625,52.120000000000005
clock_rollout,20260930,20261012,first_normal,gap,0,0,0,0,,,
clock_rollout,20260930,20261012,first_normal,amount_or_numeric_value,135,142,135,142,1.351426672909749,50.74,178.355
clock_rollout,20260930,20261012,first_normal,relative,0,0,0,0,,,
clock_rollout,20260930,20261012,first_normal,normal_relative,0,0,0,0,,,
clock_rollout,20260930,20261012,first_normal,past_amount,0,0,0,0,,,
clock_rollout,20260930,20261012,first_normal,past_gap,0,0,0,0,,,
clock_rollout,20260930,20261012,first_normal,past_normal_amount,0,0,0,0,,,
clock_rollout,20260930,20261012,left_fraud,gap,120,37,12,5,0.4193936057528355,2533.0,3085.0
clock_rollout,20260930,20261012,left_fraud,amount_or_numeric_value,132,42,12,5,0.3328565152355105,540.625,314.005
clock_rollout,20260930,20261012,left_fraud,relative,72,17,12,5,0.14845024430769443,1.443692303858085,1.4343203182762385
clock_rollout,20260930,20261012,left_fraud,normal_relative,0,0,0,0,,,
clock_rollout,20260930,20261012,left_fraud,past_amount,72,17,12,5,0.3376196777147878,310.355,306.77
clock_rollout,20260930,20261012,left_fraud,past_gap,60,12,12,5,0.731274089222777,2377.5,3883.75
clock_rollout,20260930,20261012,left_fraud,past_normal_amount,0,0,0,0,,,
clock_rollout,20260930,20261012,normal_stay,gap,176615,199030,135,143,0.12334397543366667,17598.0,19946.0
clock_rollout,20260930,20261012,normal_stay,amount_or_numeric_value,176615,199030,135,143,0.047904950276825356,48.8,50.18
clock_rollout,20260930,20261012,normal_stay,relative,176075,198462,135,143,0.034247027982455464,0.993868792152054,0.995571294266471
clock_rollout,20260930,20261012,normal_stay,normal_relative,176075,198458,135,143,0.03466189945993563,0.9979188345473465,0.9996614104949794
clock_rollout,20260930,20261012,normal_stay,past_amount,176075,198462,135,143,0.1235004551478431,45.68,50.245000000000005
clock_rollout,20260930,20261012,normal_stay,past_gap,175940,198320,135,143,0.10946815210198362,17348.0,18864.5
clock_rollout,20260930,20261012,normal_stay,past_normal_amount,176075,198458,135,143,0.12496894230397237,45.51,50.114999999999995
clock_rollout,20260930,20261012,onset,gap,102,110,102,109,0.24238600771202173,57328.0,36089.5
clock_rollout,20260930,20261012,onset,amount_or_numeric_value,102,110,102,109,0.35279270483504677,318.52,449.56
clock_rollout,20260930,20261012,onset,relative,102,110,102,109,0.20070639377602673,8.904323417665521,10.1578056665386
clock_rollout,20260930,20261012,onset,normal_relative,102,110,102,109,0.20075593505497757,8.904323417665521,10.1578056665386
clock_rollout,20260930,20261012,onset,past_amount,102,110,102,109,0.22597791399986042,42.155,52.105000000000004
clock_rollout,20260930,20261012,onset,past_gap,102,110,102,109,0.21870192327599733,26191.75,20932.25
clock_rollout,20260930,20261012,onset,past_normal_amount,102,110,102,109,0.2259264183048726,42.155,52.105000000000004
clock_rollout,20260930,20261012,return_normal,gap,101,111,101,110,0.14845729898757143,41621.0,32302.0
clock_rollout,20260930,20261012,return_normal,amount_or_numeric_value,101,111,101,110,0.342556857312029,50.71,62.5
clock_rollout,20260930,20261012,return_normal,relative,101,111,101,110,0.16293217965578474,0.40535045478865706,0.5182267661107852
clock_rollout,20260930,20261012,return_normal,normal_relative,101,110,101,109,0.12820919574929307,1.1340178867174562,1.2299489793083773
clock_rollout,20260930,20261012,return_normal,past_amount,101,111,101,110,0.0948195481104862,96.185,89.59
clock_rollout,20260930,20261012,return_normal,past_gap,101,111,101,110,0.10875261791441679,14673.5,13687.0
clock_rollout,20260930,20261012,return_normal,past_normal_amount,101,110,101,109,0.22443452154411114,42.295,52.105000000000004
clock_rollout,20260930,20261012,recovery20,gap,1964,2172,101,110,0.6368987580819546,28648.0,15505.0
clock_rollout,20260930,20261012,recovery20,amount_or_numeric_value,1964,2172,101,110,0.09414634902469089,50.71,51.254999999999995
clock_rollout,20260930,20261012,recovery20,relative,1964,2172,101,110,0.024127742379799953,0.5551652593295426,0.5672475238901604
clock_rollout,20260930,20261012,recovery20,normal_relative,1964,2167,101,110,0.040228293070201135,1.0127371775100973,0.970552334452243
clock_rollout,20260930,20261012,recovery20,past_amount,1964,2172,101,110,0.06304389507475121,73.25999999999999,73.1225
clock_rollout,20260930,20261012,recovery20,past_gap,1964,2172,101,110,0.39420416935964697,17730.5,12319.0
clock_rollout,20260930,20261012,recovery20,past_normal_amount,1964,2167,101,110,0.18041837496778973,46.03,50.845
clock_rollout,20260930,20261021,all,gap,177850,187095,147,147,0.12254088622352169,17524.0,19692.0
clock_rollout,20260930,20261021,all,amount_or_numeric_value,177997,187242,147,147,0.04146906542711662,49.06,50.2
clock_rollout,20260930,20261021,all,relative,177262,186507,147,147,0.03135190257315306,0.9974160322970955,0.9986294452860132
clock_rollout,20260930,20261021,all,normal_relative,177190,186431,135,133,0.03182936980186638,1.0025733055904533,1.0045426642111723
clock_rollout,20260930,20261021,all,past_amount,177262,186507,147,147,0.11984198785242357,45.735,50.035
clock_rollout,20260930,20261021,all,past_gap,177115,186360,147,147,0.11094945889459878,17364.5,18778.0
clock_rollout,20260930,20261021,all,past_normal_amount,177190,186431,135,133,0.12143766503205126,45.489999999999995,49.849999999999994
clock_rollout,20260930,20261021,label_0,gap,176716,185990,135,133,0.12308806719491995,17604.5,19789.0
clock_rollout,20260930,20261021,label_0,amount_or_numeric_value,176851,186122,135,133,0.04250762274695714,48.8,50.01
clock_rollout,20260930,20261021,label_0,relative,176176,185463,135,133,0.030892065980483482,0.9935297579672598,0.9949137824091304
clock_rollout,20260930,20261021,label_0,normal_relative,176176,185457,135,133,0.03115301410712942,0.9979956623243831,0.9995554567681708
clock_rollout,20260930,20261021,label_0,past_amount,176176,185463,135,133,0.1200306149162906,45.695,49.965
clock_rollout,20260930,20261021,label_0,past_gap,176041,185331,135,133,0.11295151908249994,17344.5,18791.5
clock_rollout,20260930,20261021,label_0,past_normal_amount,176176,185457,135,133,0.12111139331642215,45.51,49.845
clock_rollout,20260930,20261021,label_1,gap,1134,1105,114,114,0.12957404773337122,4598.5,4493.0
clock_rollout,20260930,20261021,label_1,amount_or_numeric_value,1146,1120,114,114,0.06189925375114036,361.07,347.595
clock_rollout,20260930,20261021,label_1,relative,1086,1044,114,113,0.16732373504560016,6.934483835146863,5.253053103014379
clock_rollout,20260930,20261021,label_1,normal_relative,1014,974,102,98,0.1999556262457926,11.304836497689719,9.063756129286402
clock_rollout,20260930,20261021,label_1,past_amount,1086,1044,114,113,0.17667814145034644,59.045,68.5
clock_rollout,20260930,20261021,label_1,past_gap,1074,1029,114,113,0.2695769232480022,21068.75,15686.5
clock_rollout,20260930,20261021,label_1,past_normal_amount,1014,974,102,98,0.1958829165559704,41.625,51.785
clock_rollout,20260930,20261021,continuation,gap,912,881,102,99,0.1739403783123458,3849.0,3605.0
clock_rollout,20260930,20261021,continuation,amount_or_numeric_value,912,881,102,99,0.06984293495352234,391.6,349.48
clock_rollout,20260930,20261021,continuation,relative,912,879,102,99,0.13848172395981415,7.427642418049915,5.989962862591589
clock_rollout,20260930,20261021,continuation,normal_relative,912,874,102,98,0.1969600666607922,11.520029216665643,9.408873273053434
clock_rollout,20260930,20261021,continuation,past_amount,912,879,102,99,0.1609689122360598,58.472500000000004,68.425
clock_rollout,20260930,20261021,continuation,past_gap,912,878,102,99,0.28868261727442307,21600.0,15989.5
clock_rollout,20260930,20261021,continuation,past_normal_amount,912,874,102,98,0.1993080661714433,41.625,51.785
clock_rollout,20260930,20261021,first_normal,gap,0,0,0,0,,,
clock_rollout,20260930,20261021,first_normal,amount_or_numeric_value,135,132,135,132,1.0452844437466202,50.74,87.68
clock_rollout,20260930,20261021,first_normal,relative,0,0,0,0,,,
clock_rollout,20260930,20261021,first_normal,normal_relative,0,0,0,0,,,
clock_rollout,20260930,20261021,first_normal,past_amount,0,0,0,0,,,
clock_rollout,20260930,20261021,first_normal,past_gap,0,0,0,0,,,
clock_rollout,20260930,20261021,first_normal,past_normal_amount,0,0,0,0,,,
clock_rollout,20260930,20261021,left_fraud,gap,120,123,12,15,0.3027941446214599,2533.0,3777.0
clock_rollout,20260930,20261021,left_fraud,amount_or_numeric_value,132,138,12,15,0.26146489647045507,540.625,761.61
clock_rollout,20260930,20261021,left_fraud,relative,72,65,12,14,0.3410475544364906,1.443692303858085,1.0063676975096874
clock_rollout,20260930,20261021,left_fraud,normal_relative,0,0,0,0,,,
clock_rollout,20260930,20261021,left_fraud,past_amount,72,65,12,14,0.49568906126583634,310.355,652.335
clock_rollout,20260930,20261021,left_fraud,past_gap,60,51,12,14,0.40582039082339194,2377.5,3777.0
clock_rollout,20260930,20261021,left_fraud,past_normal_amount,0,0,0,0,,,
clock_rollout,20260930,20261021,normal_stay,gap,176615,185888,135,133,0.12318534426636528,17598.0,19782.0
clock_rollout,20260930,20261021,normal_stay,amount_or_numeric_value,176615,185888,135,133,0.04198201681372446,48.8,49.97
clock_rollout,20260930,20261021,normal_stay,relative,176075,185362,135,133,0.031020594605552468,0.993868792152054,0.9951649889683485
clock_rollout,20260930,20261021,normal_stay,normal_relative,176075,185357,135,133,0.031284391083947934,0.9979188345473465,0.9994668562288965
clock_rollout,20260930,20261021,normal_stay,past_amount,176075,185362,135,133,0.12006681761962308,45.68,49.955
clock_rollout,20260930,20261021,normal_stay,past_gap,175940,185230,135,133,0.11308206160830143,17348.0,18797.5
clock_rollout,20260930,20261021,normal_stay,past_normal_amount,176075,185357,135,133,0.12109736154865994,45.51,49.845
clock_rollout,20260930,20261021,onset,gap,102,101,102,99,0.31479046967734975,57328.0,32748.0
clock_rollout,20260930,20261021,onset,amount_or_numeric_value,102,101,102,99,0.34913804064772963,318.52,308.81
clock_rollout,20260930,20261021,onset,relative,102,100,102,98,0.36977130398035507,8.904323417665521,5.909585459233561
clock_rollout,20260930,20261021,onset,normal_relative,102,100,102,98,0.34986451435404453,8.904323417665521,6.106429889177411
clock_rollout,20260930,20261021,onset,past_amount,102,100,102,98,0.1875197455024607,42.155,52.705
clock_rollout,20260930,20261021,onset,past_gap,102,100,102,98,0.30601556849506134,26191.75,18567.0
clock_rollout,20260930,20261021,onset,past_normal_amount,102,100,102,98,0.1657529629899061,42.155,52.1325
clock_rollout,20260930,20261021,return_normal,gap,101,102,101,100,0.10986400573861144,41621.0,40481.0
clock_rollout,20260930,20261021,return_normal,amount_or_numeric_value,101,102,101,100,0.5745152031980189,50.71,66.44
clock_rollout,20260930,20261021,return_normal,relative,101,101,101,99,0.30432346226169604,0.40535045478865706,0.5455172074245482
clock_rollout,20260930,20261021,return_normal,normal_relative,101,100,101,98,0.3143535002738315,1.1340178867174562,1.212601637338155
clock_rollout,20260930,20261021,return_normal,past_amount,101,101,101,99,0.17213993468109212,96.185,97.32
clock_rollout,20260930,20261021,return_normal,past_gap,101,101,101,99,0.14974750962378222,14673.5,12546.0
clock_rollout,20260930,20261021,return_normal,past_normal_amount,101,100,101,98,0.16337808242496188,42.295,52.1325
clock_rollout,20260930,20261021,recovery20,gap,1964,1983,101,100,0.7476112144582626,28648.0,14070.0
clock_rollout,20260930,20261021,recovery20,amount_or_numeric_value,1964,1983,101,100,0.10009854540427951,50.71,51.07
clock_rollout,20260930,20261021,recovery20,relative,1964,1981,101,100,0.02744326100480749,0.5551652593295426,0.5267063284518828
clock_rollout,20260930,20261021,recovery20,normal_relative,1964,1975,101,100,0.031959482176021445,1.0127371775100973,0.9835127401553346
clock_rollout,20260930,20261021,recovery20,past_amount,1964,1981,101,100,0.12646054861694536,73.25999999999999,78.35
clock_rollout,20260930,20261021,recovery20,past_gap,1964,1980,101,100,0.47065734491057226,17730.5,11324.0
clock_rollout,20260930,20261021,recovery20,past_normal_amount,1964,1975,101,100,0.14361823415325037,46.03,51.31
clock_rollout,20260930,20261022,all,gap,177850,204762,147,147,0.13463285767901803,17524.0,19979.0
clock_rollout,20260930,20261022,all,amount_or_numeric_value,177997,204909,147,147,0.04645715826833013,49.06,50.27
clock_rollout,20260930,20261022,all,relative,177262,204174,147,147,0.032174933607094586,0.9974160322970955,0.9967525547924765
clock_rollout,20260930,20261022,all,normal_relative,177190,204124,135,140,0.03245283840279903,1.0025733055904533,1.003670352075087
clock_rollout,20260930,20261022,all,past_amount,177262,204174,147,147,0.11882385122806624,45.735,50.0
clock_rollout,20260930,20261022,all,past_gap,177115,204027,147,147,0.11996834704770092,17364.5,18909.0
clock_rollout,20260930,20261022,all,past_normal_amount,177190,204124,135,140,0.12064307435664015,45.489999999999995,49.805
clock_rollout,20260930,20261022,label_0,gap,176716,203480,135,140,0.13526031442685288,17604.5,20078.5
clock_rollout,20260930,20261022,label_0,amount_or_numeric_value,176851,203620,135,140,0.04695729650237739,48.8,50.05
clock_rollout,20260930,20261022,label_0,relative,176176,202921,135,140,0.0319816466320117,0.9935297579672598,0.9921783691450148
clock_rollout,20260930,20261022,label_0,normal_relative,176176,202920,135,140,0.032187427921673444,0.9979956623243831,0.9985006616852459
clock_rollout,20260930,20261022,label_0,past_amount,176176,202921,135,140,0.11884473965970703,45.695,49.94
clock_rollout,20260930,20261022,label_0,past_gap,176041,202782,135,140,0.122118627804703,17344.5,18928.0
clock_rollout,20260930,20261022,label_0,past_normal_amount,176176,202920,135,140,0.12021426548222532,45.51,49.8
clock_rollout,20260930,20261022,label_1,gap,1134,1282,114,120,0.08696290816647952,4598.5,5002.0
clock_rollout,20260930,20261022,label_1,amount_or_numeric_value,1146,1289,114,120,0.05559940531239402,361.07,365.08
clock_rollout,20260930,20261022,label_1,relative,1086,1253,114,120,0.1502779038479318,6.934483835146863,5.655305964368707
clock_rollout,20260930,20261022,label_1,normal_relative,1014,1204,102,112,0.17769472246868223,11.304836497689719,9.39912389811144
clock_rollout,20260930,20261022,label_1,past_amount,1086,1253,114,120,0.1641849921383029,59.045,64.91999999999999
clock_rollout,20260930,20261022,label_1,past_gap,1074,1245,114,120,0.2864618257969448,21068.75,15309.5
clock_rollout,20260930,20261022,label_1,past_normal_amount,1014,1204,102,112,0.2026696641896798,41.625,51.335
clock_rollout,20260930,20261022,continuation,gap,912,1100,102,113,0.11852334955899062,3849.0,3963.0
clock_rollout,20260930,20261022,continuation,amount_or_numeric_value,912,1100,102,113,0.07095905340056315,391.6,392.315
clock_rollout,20260930,20261022,continuation,relative,912,1100,102,113,0.15092063571549325,7.427642418049915,6.025344812336995
clock_rollout,20260930,20261022,continuation,normal_relative,912,1086,102,112,0.1584918140058038,11.520029216665643,10.129093461858726
clock_rollout,20260930,20261022,continuation,past_amount,912,1100,102,113,0.22346489463811464,58.472500000000004,66.155
clock_rollout,20260930,20261022,continuation,past_gap,912,1099,102,113,0.32493310170170686,21600.0,15282.5
clock_rollout,20260930,20261022,continuation,past_normal_amount,912,1086,102,112,0.20488107792836935,41.625,51.625
clock_rollout,20260930,20261022,first_normal,gap,0,0,0,0,,,
clock_rollout,20260930,20261022,first_normal,amount_or_numeric_value,135,140,135,140,0.9776229166651353,50.74,98.66
clock_rollout,20260930,20261022,first_normal,relative,0,0,0,0,,,
clock_rollout,20260930,20261022,first_normal,normal_relative,0,0,0,0,,,
clock_rollout,20260930,20261022,first_normal,past_amount,0,0,0,0,,,
clock_rollout,20260930,20261022,first_normal,past_gap,0,0,0,0,,,
clock_rollout,20260930,20261022,first_normal,past_normal_amount,0,0,0,0,,,
clock_rollout,20260930,20261022,left_fraud,gap,120,63,12,7,0.49051414981780983,2533.0,3834.0
clock_rollout,20260930,20261022,left_fraud,amount_or_numeric_value,132,70,12,7,0.4339031840417404,540.625,779.26
clock_rollout,20260930,20261022,left_fraud,relative,72,35,12,7,0.37914762951122366,1.443692303858085,1.0357674423971108
clock_rollout,20260930,20261022,left_fraud,normal_relative,0,0,0,0,,,
clock_rollout,20260930,20261022,left_fraud,past_amount,72,35,12,7,0.6321506829182295,310.355,845.82
clock_rollout,20260930,20261022,left_fraud,past_gap,60,28,12,7,0.4110273019882396,2377.5,3363.0
clock_rollout,20260930,20261022,left_fraud,past_normal_amount,0,0,0,0,,,
clock_rollout,20260930,20261022,normal_stay,gap,176615,203362,135,140,0.13528308056321958,17598.0,20065.0
clock_rollout,20260930,20261022,normal_stay,amount_or_numeric_value,176615,203362,135,140,0.046501834805938225,48.8,50.025000000000006
clock_rollout,20260930,20261022,normal_stay,relative,176075,202803,135,140,0.03205288431836968,0.993868792152054,0.9924449445426782
clock_rollout,20260930,20261022,normal_stay,normal_relative,176075,202803,135,140,0.03225951056308472,0.9979188345473465,0.9984574902458941
clock_rollout,20260930,20261022,normal_stay,past_amount,176075,202803,135,140,0.11885893825111803,45.68,49.93
clock_rollout,20260930,20261022,normal_stay,past_gap,175940,202664,135,140,0.12232311399679356,17348.0,18931.25
clock_rollout,20260930,20261022,normal_stay,past_normal_amount,176075,202803,135,140,0.12018315320918863,45.51,49.8
clock_rollout,20260930,20261022,onset,gap,102,119,102,113,0.34402373836330336,57328.0,31219.0
clock_rollout,20260930,20261022,onset,amount_or_numeric_value,102,119,102,113,0.5940471585305959,318.52,297.74
clock_rollout,20260930,20261022,onset,relative,102,118,102,112,0.4995864959625076,8.904323417665521,5.079075977036602
clock_rollout,20260930,20261022,onset,normal_relative,102,118,102,112,0.4899843733959858,8.904323417665521,5.4787925164418265
clock_rollout,20260930,20261022,onset,past_amount,102,118,102,112,0.1880984607294873,42.155,50.412499999999994
clock_rollout,20260930,20261022,onset,past_gap,102,118,102,112,0.31045895012113633,26191.75,19238.25
clock_rollout,20260930,20261022,onset,past_normal_amount,102,118,102,112,0.18302185075585764,42.155,49.0025
clock_rollout,20260930,20261022,return_normal,gap,101,118,101,112,0.19545371334645578,41621.0,37331.5
clock_rollout,20260930,20261022,return_normal,amount_or_numeric_value,101,118,101,112,0.3830409554351674,50.71,56.93
clock_rollout,20260930,20261022,return_normal,relative,101,118,101,112,0.14471191866273433,0.40535045478865706,0.4447856775108945
clock_rollout,20260930,20261022,return_normal,normal_relative,101,117,101,111,0.1524134582723611,1.1340178867174562,1.0375952302086784
clock_rollout,20260930,20261022,return_normal,past_amount,101,118,101,112,0.11527272893864984,96.185,97.73
clock_rollout,20260930,20261022,return_normal,past_gap,101,118,101,112,0.24268709927665538,14673.5,10714.5
clock_rollout,20260930,20261022,return_normal,past_normal_amount,101,117,101,111,0.17792341823947694,42.295,48.995
clock_rollout,20260930,20261022,recovery20,gap,1964,2286,101,112,0.6855883430566524,28648.0,14983.5
clock_rollout,20260930,20261022,recovery20,amount_or_numeric_value,1964,2286,101,112,0.11198305468477965,50.71,53.06
clock_rollout,20260930,20261022,recovery20,relative,1964,2286,101,112,0.017021454027588204,0.5551652593295426,0.5480801798671118
clock_rollout,20260930,20261022,recovery20,normal_relative,1964,2285,101,112,0.03445958698370103,1.0127371775100973,1.00169577751399
clock_rollout,20260930,20261022,recovery20,past_amount,1964,2286,101,112,0.14702398254243598,73.25999999999999,79.52
clock_rollout,20260930,20261022,recovery20,past_gap,1964,2286,101,112,0.46895719721419404,17730.5,10950.5
clock_rollout,20260930,20261022,recovery20,past_normal_amount,1964,2285,101,112,0.17473561378895552,46.03,52.505
clock_rollout,20261001,20261011,all,gap,177850,200970,147,147,0.11584915908924284,17524.0,19587.0
clock_rollout,20261001,20261011,all,amount_or_numeric_value,177997,201117,147,147,0.08189925598577369,49.06,45.38
clock_rollout,20261001,20261011,all,relative,177262,200382,147,147,0.023790012111692294,0.9974160322970955,0.9998852796882907
clock_rollout,20261001,20261011,all,normal_relative,177190,200323,135,135,0.023742389168843518,1.0025733055904533,1.0056087870997896
clock_rollout,20261001,20261011,all,past_amount,177262,200382,147,147,0.040793222640056435,45.735,45.21
clock_rollout,20261001,20261011,all,past_gap,177115,200235,147,147,0.10075621674705912,17364.5,18694.0
clock_rollout,20261001,20261011,all,past_normal_amount,177190,200323,135,135,0.03993291923939276,45.489999999999995,45.0
clock_rollout,20261001,20261011,label_0,gap,176716,199840,135,136,0.11582101575185515,17604.5,19680.0
clock_rollout,20261001,20261011,label_0,amount_or_numeric_value,176851,199974,135,136,0.0819467813462274,48.8,45.09
clock_rollout,20261001,20261011,label_0,relative,176176,199301,135,136,0.024275939144255066,0.9935297579672598,0.9946664718345875
clock_rollout,20261001,20261011,label_0,normal_relative,176176,199294,135,135,0.024569167767080218,0.9979956623243831,1.0008866279607465
clock_rollout,20261001,20261011,label_0,past_amount,176176,199301,135,136,0.040937137069609934,45.695,45.13
clock_rollout,20261001,20261011,label_0,past_gap,176041,199166,135,136,0.10245684295559535,17344.5,18704.0
clock_rollout,20261001,20261011,label_0,past_normal_amount,176176,199294,135,135,0.04044719652958588,45.51,44.980000000000004
clock_rollout,20261001,20261011,label_1,gap,1134,1130,114,115,0.08081527409637057,4598.5,4998.5
clock_rollout,20261001,20261011,label_1,amount_or_numeric_value,1146,1143,114,116,0.05937882198766375,361.07,387.44
clock_rollout,20261001,20261011,label_1,relative,1086,1081,114,114,0.05375904049037263,6.934483835146863,6.43408965135584
clock_rollout,20261001,20261011,label_1,normal_relative,1014,1029,102,102,0.12353267523326159,11.304836497689719,9.696488828089375
clock_rollout,20261001,20261011,label_1,past_amount,1086,1081,114,114,0.086161009558775,59.045,62.39
clock_rollout,20261001,20261011,label_1,past_gap,1074,1069,114,114,0.26360012630066154,21068.75,15403.5
clock_rollout,20261001,20261011,label_1,past_normal_amount,1014,1029,102,102,0.16179156166218733,41.625,48.245000000000005
clock_rollout,20261001,20261011,continuation,gap,912,933,102,103,0.0974392232190891,3849.0,4032.0
clock_rollout,20261001,20261011,continuation,amount_or_numeric_value,912,933,102,103,0.07152096991224371,391.6,382.66
clock_rollout,20261001,20261011,continuation,relative,912,932,102,103,0.06010300296171459,7.427642418049915,7.031308964268941
clock_rollout,20261001,20261011,continuation,normal_relative,912,925,102,102,0.1327414449496151,11.520029216665643,10.07189130310153
clock_rollout,20261001,20261011,continuation,past_amount,912,932,102,103,0.07937573656344321,58.472500000000004,63.442499999999995
clock_rollout,20261001,20261011,continuation,past_gap,912,931,102,103,0.2792854190399757,21600.0,15403.5
clock_rollout,20261001,20261011,continuation,past_normal_amount,912,925,102,102,0.16121830884939997,41.625,48.245000000000005
clock_rollout,20261001,20261011,first_normal,gap,0,0,0,0,,,
clock_rollout,20261001,20261011,first_normal,amount_or_numeric_value,135,134,135,134,0.9348423641449966,50.74,77.12
clock_rollout,20261001,20261011,first_normal,relative,0,0,0,0,,,
clock_rollout,20261001,20261011,first_normal,normal_relative,0,0,0,0,,,
clock_rollout,20261001,20261011,first_normal,past_amount,0,0,0,0,,,
clock_rollout,20261001,20261011,first_normal,past_gap,0,0,0,0,,,
clock_rollout,20261001,20261011,first_normal,past_normal_amount,0,0,0,0,,,
clock_rollout,20261001,20261011,left_fraud,gap,120,92,12,12,0.37091698487840996,2533.0,3803.5
clock_rollout,20261001,20261011,left_fraud,amount_or_numeric_value,132,105,12,13,0.20994920396904992,540.625,775.18
clock_rollout,20261001,20261011,left_fraud,relative,72,45,12,11,0.11882183711098396,1.443692303858085,1.209433937940725
clock_rollout,20261001,20261011,left_fraud,normal_relative,0,0,0,0,,,
clock_rollout,20261001,20261011,left_fraud,past_amount,72,45,12,11,0.27898691769628964,310.355,419.46000000000004
clock_rollout,20261001,20261011,left_fraud,past_gap,60,34,12,11,0.5666665644818821,2377.5,4277.25
clock_rollout,20261001,20261011,left_fraud,past_normal_amount,0,0,0,0,,,
clock_rollout,20261001,20261011,normal_stay,gap,176615,199735,135,136,0.11601397743466568,17598.0,19675.0
clock_rollout,20261001,20261011,normal_stay,amount_or_numeric_value,176615,199735,135,136,0.08244905044132374,48.8,45.05
clock_rollout,20261001,20261011,normal_stay,relative,176075,199198,135,136,0.024301100740382064,0.993868792152054,0.9951829518202703
clock_rollout,20261001,20261011,normal_stay,normal_relative,176075,199192,135,135,0.02456206553123049,0.9979188345473465,1.000756184156418
clock_rollout,20261001,20261011,normal_stay,past_amount,176075,199198,135,136,0.04092268003903239,45.68,45.125
clock_rollout,20261001,20261011,normal_stay,past_gap,175940,199063,135,136,0.1025800230093142,17348.0,18709.0
clock_rollout,20261001,20261011,normal_stay,past_normal_amount,176075,199192,135,135,0.04050174718664517,45.51,44.975
clock_rollout,20261001,20261011,onset,gap,102,105,102,103,0.33014001201099374,57328.0,36692.0
clock_rollout,20261001,20261011,onset,amount_or_numeric_value,102,105,102,103,0.5008420502719526,318.52,328.36
clock_rollout,20261001,20261011,onset,relative,102,104,102,102,0.362640294787999,8.904323417665521,6.756933857525858
clock_rollout,20261001,20261011,onset,normal_relative,102,104,102,102,0.3529079468330164,8.904323417665521,6.978234531383453
clock_rollout,20261001,20261011,onset,past_amount,102,104,102,102,0.16362689883425105,42.155,51.9475
clock_rollout,20261001,20261011,onset,past_gap,102,104,102,102,0.31343673840551944,26191.75,19633.0
clock_rollout,20261001,20261011,onset,past_normal_amount,102,104,102,102,0.16733455870595956,42.155,51.5675
clock_rollout,20261001,20261011,return_normal,gap,101,105,101,103,0.26348129997229536,41621.0,28801.0
clock_rollout,20261001,20261011,return_normal,amount_or_numeric_value,101,105,101,103,0.2334793457076468,50.71,55.38
clock_rollout,20261001,20261011,return_normal,relative,101,103,101,101,0.10151795316694744,0.40535045478865706,0.5496523250760539
clock_rollout,20261001,20261011,return_normal,normal_relative,101,102,101,100,0.10380301091214775,1.1340178867174562,1.1531264119242168
clock_rollout,20261001,20261011,return_normal,past_amount,101,103,101,101,0.10314716161042047,96.185,89.92
clock_rollout,20261001,20261011,return_normal,past_gap,101,103,101,101,0.18062938715217852,14673.5,11579.5
clock_rollout,20261001,20261011,return_normal,past_normal_amount,101,102,101,100,0.16241582492246176,42.295,51.5675
clock_rollout,20261001,20261011,recovery20,gap,1964,2033,101,103,0.6928285805968261,28648.0,14388.0
clock_rollout,20261001,20261011,recovery20,amount_or_numeric_value,1964,2033,101,103,0.0885184183120667,50.71,44.25
clock_rollout,20261001,20261011,recovery20,relative,1964,2028,101,103,0.02636009975038284,0.5551652593295426,0.5333179033062756
clock_rollout,20261001,20261011,recovery20,normal_relative,1964,2021,101,102,0.04495717738895996,1.0127371775100973,0.9372896368467669
clock_rollout,20261001,20261011,recovery20,past_amount,1964,2028,101,103,0.048747832771284305,73.25999999999999,71.96000000000001
clock_rollout,20261001,20261011,recovery20,past_gap,1964,2026,101,103,0.4600209731053145,17730.5,11460.5
clock_rollout,20261001,20261011,recovery20,past_normal_amount,1964,2021,101,102,0.06344080494752914,46.03,46.355000000000004
clock_rollout,20261001,20261012,all,gap,177850,199282,147,147,0.13016566630851117,17524.0,20002.0
clock_rollout,20261001,20261012,all,amount_or_numeric_value,177997,199429,147,147,0.07811321025981595,49.06,45.7
clock_rollout,20261001,20261012,all,relative,177262,198694,147,147,0.023637882127650424,0.9974160322970955,0.9989659721750352
clock_rollout,20261001,20261012,all,normal_relative,177190,198678,135,143,0.02384572444349566,1.0025733055904533,1.00437888588986
clock_rollout,20261001,20261012,all,past_amount,177262,198694,147,147,0.042027709469686744,45.735,45.519999999999996
clock_rollout,20261001,20261012,all,past_gap,177115,198547,147,147,0.11562325957909901,17364.5,18895.0
clock_rollout,20261001,20261012,all,past_normal_amount,177190,198678,135,143,0.041553321273122695,45.489999999999995,45.33
clock_rollout,20261001,20261012,label_0,gap,176716,198225,135,144,0.12964481051884275,17604.5,20070.0
clock_rollout,20261001,20261012,label_0,amount_or_numeric_value,176851,198368,135,144,0.07766682276072356,48.8,45.45
clock_rollout,20261001,20261012,label_0,relative,176176,197653,135,144,0.023846977721176155,0.9935297579672598,0.9942635085122131
clock_rollout,20261001,20261012,label_0,normal_relative,176176,197648,135,143,0.024196505577949695,0.9979956623243831,0.9998211995886765
clock_rollout,20261001,20261012,label_0,past_amount,176176,197653,135,144,0.04145953515190715,45.695,45.45
clock_rollout,20261001,20261012,label_0,past_gap,176041,197510,135,144,0.11641998814773108,17344.5,18888.5
clock_rollout,20261001,20261012,label_0,past_normal_amount,176176,197648,135,143,0.04155776766001724,45.51,45.3
clock_rollout,20261001,20261012,label_1,gap,1134,1057,114,114,0.1314492597755243,4598.5,5332.0
clock_rollout,20261001,20261012,label_1,amount_or_numeric_value,1146,1061,114,114,0.08967290408431089,361.07,473.15
clock_rollout,20261001,20261012,label_1,relative,1086,1041,114,114,0.08383410186578201,6.934483835146863,7.5457090687766275
clock_rollout,20261001,20261012,label_1,normal_relative,1014,1030,102,110,0.10788260972510312,11.304836497689719,11.596524482690167
clock_rollout,20261001,20261012,label_1,past_amount,1086,1041,114,114,0.16853662351585627,59.045,60.06
clock_rollout,20261001,20261012,label_1,past_gap,1074,1037,114,114,0.1967813528587996,21068.75,19575.0
clock_rollout,20261001,20261012,label_1,past_normal_amount,1014,1030,102,110,0.1677964701999571,41.625,48.095
clock_rollout,20261001,20261012,continuation,gap,912,919,102,110,0.11532634133962491,3849.0,4033.0
clock_rollout,20261001,20261012,continuation,amount_or_numeric_value,912,919,102,110,0.0743417775826047,391.6,433.41
clock_rollout,20261001,20261012,continuation,relative,912,919,102,110,0.06865852433335347,7.427642418049915,7.1493728620296455
clock_rollout,20261001,20261012,continuation,normal_relative,912,919,102,110,0.13081030011254885,11.520029216665643,11.288081090527786
clock_rollout,20261001,20261012,continuation,past_amount,912,919,102,110,0.09403622551330526,58.472500000000004,61.125
clock_rollout,20261001,20261012,continuation,past_gap,912,919,102,110,0.14155076517554452,21600.0,19454.0
clock_rollout,20261001,20261012,continuation,past_normal_amount,912,919,102,110,0.17112942405418413,41.625,49.305
clock_rollout,20261001,20261012,first_normal,gap,0,0,0,0,,,
clock_rollout,20261001,20261012,first_normal,amount_or_numeric_value,135,143,135,143,1.1629906169826678,50.74,91.72
clock_rollout,20261001,20261012,first_normal,relative,0,0,0,0,,,
clock_rollout,20261001,20261012,first_normal,normal_relative,0,0,0,0,,,
clock_rollout,20261001,20261012,first_normal,past_amount,0,0,0,0,,,
clock_rollout,20261001,20261012,first_normal,past_gap,0,0,0,0,,,
clock_rollout,20261001,20261012,first_normal,past_normal_amount,0,0,0,0,,,
clock_rollout,20261001,20261012,left_fraud,gap,120,27,12,4,0.6588471801459193,2533.0,3085.0
clock_rollout,20261001,20261012,left_fraud,amount_or_numeric_value,132,31,12,4,0.451429575255768,540.625,310.97
clock_rollout,20261001,20261012,left_fraud,relative,72,11,12,4,0.2811560334795201,1.443692303858085,1.0978617749391528
clock_rollout,20261001,20261012,left_fraud,normal_relative,0,0,0,0,,,
clock_rollout,20261001,20261012,left_fraud,past_amount,72,11,12,4,0.5317384945168466,310.355,309.08
clock_rollout,20261001,20261012,left_fraud,past_gap,60,7,12,4,0.5528469702914014,2377.5,3085.0
clock_rollout,20261001,20261012,left_fraud,past_normal_amount,0,0,0,0,,,
clock_rollout,20261001,20261012,normal_stay,gap,176615,198113,135,144,0.12979641520429552,17598.0,20064.0
clock_rollout,20261001,20261012,normal_stay,amount_or_numeric_value,176615,198113,135,144,0.07813019488664585,48.8,45.41
clock_rollout,20261001,20261012,normal_stay,relative,176075,197541,135,144,0.023857803984842333,0.993868792152054,0.9947250523881784
clock_rollout,20261001,20261012,normal_stay,normal_relative,176075,197537,135,143,0.024190102889071762,0.9979188345473465,0.9997674418604652
clock_rollout,20261001,20261012,normal_stay,past_amount,176075,197541,135,144,0.04144299916094602,45.68,45.44
clock_rollout,20261001,20261012,normal_stay,past_gap,175940,197398,135,144,0.11651139083766872,17348.0,18894.5
clock_rollout,20261001,20261012,normal_stay,past_normal_amount,176075,197537,135,143,0.041558770621520594,45.51,45.3
clock_rollout,20261001,20261012,onset,gap,102,111,102,110,0.22505260090086548,57328.0,40509.0
clock_rollout,20261001,20261012,onset,amount_or_numeric_value,102,111,102,110,0.41332237207067296,318.52,749.32
clock_rollout,20261001,20261012,onset,relative,102,111,102,110,0.2774308706415701,8.904323417665521,13.684356944147229
clock_rollout,20261001,20261012,onset,normal_relative,102,111,102,110,0.27382297944576456,8.904323417665521,13.684356944147229
clock_rollout,20261001,20261012,onset,past_amount,102,111,102,110,0.13487723994098128,42.155,47.84
clock_rollout,20261001,20261012,onset,past_gap,102,111,102,110,0.20760034746380313,26191.75,21726.0
clock_rollout,20261001,20261012,onset,past_normal_amount,102,111,102,110,0.13856636156060423,42.155,47.84
clock_rollout,20261001,20261012,return_normal,gap,101,112,101,111,0.17061972346154008,41621.0,33022.0
clock_rollout,20261001,20261012,return_normal,amount_or_numeric_value,101,112,101,111,0.1972897885856258,50.71,48.495
clock_rollout,20261001,20261012,return_normal,relative,101,112,101,111,0.069557958166533,0.40535045478865706,0.5007674577804162
clock_rollout,20261001,20261012,return_normal,normal_relative,101,111,101,110,0.06061350964312771,1.1340178867174562,1.0818172367189938
clock_rollout,20261001,20261012,return_normal,past_amount,101,112,101,111,0.08975248679064318,96.185,79.785
clock_rollout,20261001,20261012,return_normal,past_gap,101,112,101,111,0.08844712309353647,14673.5,13690.25
clock_rollout,20261001,20261012,return_normal,past_normal_amount,101,111,101,110,0.13740040239429974,42.295,47.84
clock_rollout,20261001,20261012,recovery20,gap,1964,2183,101,111,0.6469337351026614,28648.0,15497.0
clock_rollout,20261001,20261012,recovery20,amount_or_numeric_value,1964,2183,101,111,0.06197720801997735,50.71,46.58
clock_rollout,20261001,20261012,recovery20,relative,1964,2183,101,111,0.012904342471930874,0.5551652593295426,0.5532625066145642
clock_rollout,20261001,20261012,recovery20,normal_relative,1964,2178,101,110,0.04260575159143881,1.0127371775100973,0.989190161244542
clock_rollout,20261001,20261012,recovery20,past_amount,1964,2183,101,111,0.06133926480906192,73.25999999999999,68.13
clock_rollout,20261001,20261012,recovery20,past_gap,1964,2183,101,111,0.3725815687870888,17730.5,12668.0
clock_rollout,20261001,20261012,recovery20,past_normal_amount,1964,2178,101,110,0.10047053175776477,46.03,47.2825
clock_rollout,20261001,20261021,all,gap,177850,181969,147,147,0.13522154793389277,17524.0,19997.0
clock_rollout,20261001,20261021,all,amount_or_numeric_value,177997,182116,147,147,0.07044724613667405,49.06,45.89
clock_rollout,20261001,20261021,all,relative,177262,181381,147,147,0.024943624975670802,0.9974160322970955,0.9954252443335412
clock_rollout,20261001,20261021,all,normal_relative,177190,181311,135,134,0.025067844472215297,1.0025733055904533,1.000921350196834
clock_rollout,20261001,20261021,all,past_amount,177262,181381,147,147,0.050961566688527686,45.735,45.775000000000006
clock_rollout,20261001,20261021,all,past_gap,177115,181234,147,147,0.12379348384637463,17364.5,19038.75
clock_rollout,20261001,20261021,all,past_normal_amount,177190,181311,135,134,0.05163217580837774,45.489999999999995,45.605000000000004
clock_rollout,20261001,20261021,label_0,gap,176716,180895,135,134,0.1356884237507834,17604.5,20090.0
clock_rollout,20261001,20261021,label_0,amount_or_numeric_value,176851,181028,135,134,0.07051223560283686,48.8,45.625
clock_rollout,20261001,20261021,label_0,relative,176176,180364,135,134,0.025231176705180745,0.9935297579672598,0.9907153912391817
clock_rollout,20261001,20261021,label_0,normal_relative,176176,180358,135,134,0.02557689706332337,0.9979956623243831,0.9961092714965165
clock_rollout,20261001,20261021,label_0,past_amount,176176,180364,135,134,0.05102974920115792,45.695,45.7
clock_rollout,20261001,20261021,label_0,past_gap,176041,180231,135,134,0.12547908341259983,17344.5,19051.0
clock_rollout,20261001,20261021,label_0,past_normal_amount,176176,180358,135,134,0.05141685633772628,45.51,45.58
clock_rollout,20261001,20261021,label_1,gap,1134,1074,114,114,0.09806391180872429,4598.5,4782.0
clock_rollout,20261001,20261021,label_1,amount_or_numeric_value,1146,1088,114,114,0.06309665641527128,361.07,360.14
clock_rollout,20261001,20261021,label_1,relative,1086,1017,114,113,0.0645402230157368,6.934483835146863,6.576308090086412
clock_rollout,20261001,20261021,label_1,normal_relative,1014,953,102,99,0.11646909782402928,11.304836497689719,9.732915901975602
clock_rollout,20261001,20261021,label_1,past_amount,1086,1017,114,113,0.06730846073342728,59.045,61.975
clock_rollout,20261001,20261021,label_1,past_gap,1074,1003,114,113,0.20064391136036888,21068.75,16155.0
clock_rollout,20261001,20261021,label_1,past_normal_amount,1014,953,102,99,0.14053374031986307,41.625,50.18
clock_rollout,20261001,20261021,continuation,gap,912,859,102,99,0.11191243583712514,3849.0,3828.0
clock_rollout,20261001,20261021,continuation,amount_or_numeric_value,912,859,102,99,0.06307828374801996,391.6,371.3
clock_rollout,20261001,20261021,continuation,relative,912,857,102,99,0.04811751494330331,7.427642418049915,7.443380452956377
clock_rollout,20261001,20261021,continuation,normal_relative,912,852,102,98,0.1046345592906249,11.520029216665643,10.420860691314914
clock_rollout,20261001,20261021,continuation,past_amount,912,857,102,99,0.05929406535859042,58.472500000000004,62.355000000000004
clock_rollout,20261001,20261021,continuation,past_gap,912,856,102,99,0.22134525899591936,21600.0,16344.0
clock_rollout,20261001,20261021,continuation,past_normal_amount,912,852,102,98,0.14132444314270343,41.625,50.18
clock_rollout,20261001,20261021,first_normal,gap,0,0,0,0,,,
clock_rollout,20261001,20261021,first_normal,amount_or_numeric_value,135,133,135,133,0.9722468711790775,50.74,81.28
clock_rollout,20261001,20261021,first_normal,relative,0,0,0,0,,,
clock_rollout,20261001,20261021,first_normal,normal_relative,0,0,0,0,,,
clock_rollout,20261001,20261021,first_normal,past_amount,0,0,0,0,,,
clock_rollout,20261001,20261021,first_normal,past_gap,0,0,0,0,,,
clock_rollout,20261001,20261021,first_normal,past_normal_amount,0,0,0,0,,,
clock_rollout,20261001,20261021,left_fraud,gap,120,113,12,14,0.25415729179972535,2533.0,3624.0
clock_rollout,20261001,20261021,left_fraud,amount_or_numeric_value,132,127,12,14,0.23306545735739914,540.625,413.9
clock_rollout,20261001,20261021,left_fraud,relative,72,59,12,13,0.30542468705108905,1.443692303858085,1.0114678493806655
clock_rollout,20261001,20261021,left_fraud,normal_relative,0,0,0,0,,,
clock_rollout,20261001,20261021,left_fraud,past_amount,72,59,12,13,0.38098650124856326,310.355,510.63
clock_rollout,20261001,20261021,left_fraud,past_gap,60,46,12,13,0.33581551732946074,2377.5,3521.5
clock_rollout,20261001,20261021,left_fraud,past_normal_amount,0,0,0,0,,,
clock_rollout,20261001,20261021,normal_stay,gap,176615,180793,135,134,0.1358189018010106,17598.0,20085.0
clock_rollout,20261001,20261021,normal_stay,amount_or_numeric_value,176615,180793,135,134,0.07100325751545268,48.8,45.58
clock_rollout,20261001,20261021,normal_stay,relative,176075,180263,135,134,0.025267350358446343,0.993868792152054,0.991035749000972
clock_rollout,20261001,20261021,normal_stay,normal_relative,176075,180258,135,134,0.025583495895491536,0.9979188345473465,0.9958764270160649
clock_rollout,20261001,20261021,normal_stay,past_amount,176075,180263,135,134,0.051031072005553305,45.68,45.695
clock_rollout,20261001,20261021,normal_stay,past_gap,175940,180130,135,134,0.125573957263018,17348.0,19054.5
clock_rollout,20261001,20261021,normal_stay,past_normal_amount,176075,180258,135,134,0.05140547826481555,45.51,45.5775
clock_rollout,20261001,20261021,onset,gap,102,102,102,100,0.24512005438219475,57328.0,34549.0
clock_rollout,20261001,20261021,onset,amount_or_numeric_value,102,102,102,100,0.34656116465371545,318.52,310.61
clock_rollout,20261001,20261021,onset,relative,102,101,102,99,0.28587259740265686,8.904323417665521,6.439814315016734
clock_rollout,20261001,20261021,onset,normal_relative,102,101,102,99,0.2830116990827173,8.904323417665521,6.439814315016734
clock_rollout,20261001,20261021,onset,past_amount,102,101,102,99,0.13510279701518094,42.155,50.94
clock_rollout,20261001,20261021,onset,past_gap,102,101,102,99,0.21242005041726897,26191.75,20769.5
clock_rollout,20261001,20261021,onset,past_normal_amount,102,101,102,99,0.1337879630868338,42.155,50.905
clock_rollout,20261001,20261021,return_normal,gap,101,102,101,100,0.1656351472360496,41621.0,34011.0
clock_rollout,20261001,20261021,return_normal,amount_or_numeric_value,101,102,101,100,0.19571262780987617,50.71,59.01
clock_rollout,20261001,20261021,return_normal,relative,101,101,101,99,0.13180412109832088,0.40535045478865706,0.4468263473053892
clock_rollout,20261001,20261021,return_normal,normal_relative,101,100,101,98,0.09233306738382169,1.1340178867174562,1.1546893751629965
clock_rollout,20261001,20261021,return_normal,past_amount,101,101,101,99,0.12926203436686617,96.185,87.115
clock_rollout,20261001,20261021,return_normal,past_gap,101,101,101,99,0.10864067847081044,14673.5,12719.5
clock_rollout,20261001,20261021,return_normal,past_normal_amount,101,100,101,98,0.1295498837825682,42.295,50.5625
clock_rollout,20261001,20261021,recovery20,gap,1964,1997,101,100,0.6824356290959834,28648.0,15184.0
clock_rollout,20261001,20261021,recovery20,amount_or_numeric_value,1964,1997,101,100,0.0719831549039042,50.71,45.9
clock_rollout,20261001,20261021,recovery20,relative,1964,1995,101,100,0.022051985404434263,0.5551652593295426,0.5585346607793429
clock_rollout,20261001,20261021,recovery20,normal_relative,1964,1989,101,100,0.03998038647178768,1.0127371775100973,0.9683372841178461
clock_rollout,20261001,20261021,recovery20,past_amount,1964,1995,101,100,0.0773162070793321,73.25999999999999,68.15
clock_rollout,20261001,20261021,recovery20,past_gap,1964,1994,101,100,0.34974109595258746,17730.5,12656.25
clock_rollout,20261001,20261021,recovery20,past_normal_amount,1964,1989,101,100,0.08649857870262956,46.03,47.58
clock_rollout,20261001,20261022,all,gap,177850,202747,147,147,0.12652319135731332,17524.0,19811.0
clock_rollout,20261001,20261022,all,amount_or_numeric_value,177997,202894,147,147,0.07990882964194049,49.06,45.62
clock_rollout,20261001,20261022,all,relative,177262,202159,147,147,0.024421937160324415,0.9974160322970955,0.9978905295880982
clock_rollout,20261001,20261022,all,normal_relative,177190,202114,135,141,0.024519511565949205,1.0025733055904533,1.004642386424266
clock_rollout,20261001,20261022,all,past_amount,177262,202159,147,147,0.04605242592917888,45.735,45.370000000000005
clock_rollout,20261001,20261022,all,past_gap,177115,202012,147,147,0.11232924176780447,17364.5,18780.5
clock_rollout,20261001,20261022,all,past_normal_amount,177190,202114,135,141,0.04594104526630668,45.489999999999995,45.144999999999996
clock_rollout,20261001,20261022,label_0,gap,176716,201461,135,141,0.12708504410432545,17604.5,19898.0
clock_rollout,20261001,20261022,label_0,amount_or_numeric_value,176851,201602,135,141,0.07990605818637732,48.8,45.35
clock_rollout,20261001,20261022,label_0,relative,176176,200898,135,141,0.024581538881379022,0.9935297579672598,0.9926959344798048
clock_rollout,20261001,20261022,label_0,normal_relative,176176,200897,135,141,0.024744028215552626,0.9979956623243831,0.9993660453911498
clock_rollout,20261001,20261022,label_0,past_amount,176176,200898,135,141,0.046101904141341465,45.695,45.315
clock_rollout,20261001,20261022,label_0,past_gap,176041,200758,135,141,0.11431821792533002,17344.5,18798.5
clock_rollout,20261001,20261022,label_0,past_normal_amount,176176,200897,135,141,0.04593557851530544,45.51,45.150000000000006
clock_rollout,20261001,20261022,label_1,gap,1134,1286,114,119,0.07805107683997052,4598.5,5051.0
clock_rollout,20261001,20261022,label_1,amount_or_numeric_value,1146,1292,114,119,0.09401630019155659,361.07,463.58500000000004
clock_rollout,20261001,20261022,label_1,relative,1086,1261,114,119,0.06634692473858697,6.934483835146863,6.990345937248592
clock_rollout,20261001,20261022,label_1,normal_relative,1014,1217,102,112,0.0810658955222904,11.304836497689719,11.232540291634688
clock_rollout,20261001,20261022,label_1,past_amount,1086,1261,114,119,0.07221921768200773,59.045,61.004999999999995
clock_rollout,20261001,20261022,label_1,past_gap,1074,1254,114,119,0.2644278848188393,21068.75,15664.5
clock_rollout,20261001,20261022,label_1,past_normal_amount,1014,1217,102,112,0.09260992675693072,41.625,44.4
clock_rollout,20261001,20261022,continuation,gap,912,1113,102,113,0.1017670662948375,3849.0,3802.0
clock_rollout,20261001,20261022,continuation,amount_or_numeric_value,912,1113,102,113,0.07565310745148521,391.6,484.94
clock_rollout,20261001,20261022,continuation,relative,912,1113,102,113,0.07829564726073757,7.427642418049915,7.110750695088044
clock_rollout,20261001,20261022,continuation,normal_relative,912,1099,102,112,0.0691659476282295,11.520029216665643,11.53434194671308
clock_rollout,20261001,20261022,continuation,past_amount,912,1113,102,113,0.13200671071079362,58.472500000000004,61.43
clock_rollout,20261001,20261022,continuation,past_gap,912,1112,102,113,0.31620898617153026,21600.0,15596.5
clock_rollout,20261001,20261022,continuation,past_normal_amount,912,1099,102,112,0.0947007445602779,41.625,44.4
clock_rollout,20261001,20261022,first_normal,gap,0,0,0,0,,,
clock_rollout,20261001,20261022,first_normal,amount_or_numeric_value,135,141,135,141,0.9972228365228634,50.74,84.09
clock_rollout,20261001,20261022,first_normal,relative,0,0,0,0,,,
clock_rollout,20261001,20261022,first_normal,normal_relative,0,0,0,0,,,
clock_rollout,20261001,20261022,first_normal,past_amount,0,0,0,0,,,
clock_rollout,20261001,20261022,first_normal,past_gap,0,0,0,0,,,
clock_rollout,20261001,20261022,first_normal,past_normal_amount,0,0,0,0,,,
clock_rollout,20261001,20261022,left_fraud,gap,120,54,12,6,0.6901314841863532,2533.0,4641.0
clock_rollout,20261001,20261022,left_fraud,amount_or_numeric_value,132,60,12,6,0.4240948363931013,540.625,848.06
clock_rollout,20261001,20261022,left_fraud,relative,72,30,12,6,0.21880978981882981,1.443692303858085,1.0432029373191576
clock_rollout,20261001,20261022,left_fraud,normal_relative,0,0,0,0,,,
clock_rollout,20261001,20261022,left_fraud,past_amount,72,30,12,6,0.37658688667040535,310.355,553.1025
clock_rollout,20261001,20261022,left_fraud,past_gap,60,24,12,6,0.8590862584980472,2377.5,4514.0
clock_rollout,20261001,20261022,left_fraud,past_normal_amount,0,0,0,0,,,
clock_rollout,20261001,20261022,normal_stay,gap,176615,201343,135,141,0.12715391119493502,17598.0,19889.0
clock_rollout,20261001,20261022,normal_stay,amount_or_numeric_value,176615,201343,135,141,0.08041283745841897,48.8,45.32
clock_rollout,20261001,20261022,normal_stay,relative,176075,200780,135,141,0.024622480182838108,0.993868792152054,0.9929252944798046
clock_rollout,20261001,20261022,normal_stay,normal_relative,176075,200780,135,141,0.024763359273260014,0.9979188345473465,0.999334373709999
clock_rollout,20261001,20261022,normal_stay,past_amount,176075,200780,135,141,0.046065112955546855,45.68,45.305
clock_rollout,20261001,20261022,normal_stay,past_gap,175940,200640,135,141,0.11451732600230374,17348.0,18807.5
clock_rollout,20261001,20261022,normal_stay,past_normal_amount,176075,200780,135,141,0.04594398912136897,45.51,45.150000000000006
clock_rollout,20261001,20261022,onset,gap,102,119,102,113,0.30192980362995964,57328.0,35020.0
clock_rollout,20261001,20261022,onset,amount_or_numeric_value,102,119,102,113,0.525741534194115,318.52,318.99
clock_rollout,20261001,20261022,onset,relative,102,118,102,112,0.3151370082413576,8.904323417665521,7.496692974840544
clock_rollout,20261001,20261022,onset,normal_relative,102,118,102,112,0.29820798697706125,8.904323417665521,7.816319598286811
clock_rollout,20261001,20261022,onset,past_amount,102,118,102,112,0.08049773204770164,42.155,45.31
clock_rollout,20261001,20261022,onset,past_gap,102,118,102,112,0.2833424823838301,26191.75,19544.75
clock_rollout,20261001,20261022,onset,past_normal_amount,102,118,102,112,0.07675419125660855,42.155,44.447500000000005
clock_rollout,20261001,20261022,return_normal,gap,101,118,101,112,0.18609886978373577,41621.0,34044.5
clock_rollout,20261001,20261022,return_normal,amount_or_numeric_value,101,118,101,112,0.2187569363936919,50.71,53.025
clock_rollout,20261001,20261022,return_normal,relative,101,118,101,112,0.13020024063596572,0.40535045478865706,0.44500937000753626
clock_rollout,20261001,20261022,return_normal,normal_relative,101,117,101,111,0.1306931579177643,1.1340178867174562,1.0483915696062118
clock_rollout,20261001,20261022,return_normal,past_amount,101,118,101,112,0.23060571608236674,96.185,86.94749999999999
clock_rollout,20261001,20261022,return_normal,past_gap,101,118,101,112,0.22151917506583257,14673.5,11345.75
clock_rollout,20261001,20261022,return_normal,past_normal_amount,101,117,101,111,0.07329665625656477,42.295,44.4
clock_rollout,20261001,20261022,recovery20,gap,1964,2280,101,112,0.6755842322849062,28648.0,15183.5
clock_rollout,20261001,20261022,recovery20,amount_or_numeric_value,1964,2280,101,112,0.09608447096056827,50.71,46.905
clock_rollout,20261001,20261022,recovery20,relative,1964,2280,101,112,0.025766301815220983,0.5551652593295426,0.5164797251021344
clock_rollout,20261001,20261022,recovery20,normal_relative,1964,2279,101,112,0.03573170525956108,1.0127371775100973,1.0070344827586208
clock_rollout,20261001,20261022,recovery20,past_amount,1964,2280,101,112,0.09190519132030103,73.25999999999999,67.81
clock_rollout,20261001,20261022,recovery20,past_gap,1964,2280,101,112,0.44025197169939756,17730.5,11505.25
clock_rollout,20261001,20261022,recovery20,past_normal_amount,1964,2279,101,112,0.04251297053627708,46.03,44.239999999999995
