generator,seed,attempt,terminal_status,component,component_status,threshold,effect_size,artifact_statistic,artifact_replay_abs_delta,real_value,synthetic_value,real_value_definition,synthetic_value_definition,real_signed_label_effect,synthetic_signed_label_effect,receiver_max_category,failure_reason,hard_guard_canonical_mask_and_zero_padding,hard_guard_train_discrete_support,hard_guard_c0_c1_reference_contract,hard_guard_row_marginal_guards,sample_sha256,evaluation_sha256,metrics_sha256,runtime_sha256,terminal_sha256
empirical_iid,1,2,COMPLETE,amount_ks,PASS,0.006081138155655141,0.003067571829703186,0.003067571829703186,0.0,4.999627320792747,5.0017821713636,real_test row-weighted amount mean,synthetic row-weighted amount mean,0.018305097113037107,0.022501606024231603,,0.0030675718297031862 <= 0.0060811381556551414,PASS,PASS,PASS,PASS,6fd34a738a615b737281e8be03ddf741be269efe2bb65fdb6a9e213565df8f0f,5bd50c51796317a44b0774f224073f0ed149e829e58c8fea44c3712260ddd7c0,6ff91101c790eceb133c00bc59739010cfd076cbe673d3ed4fa4ebc1b847ec95,cc209eef5b954737b56eca3ecd52e3a9b07fad06f8827564b5a48ee2c5908230,fd3e46a1f1e2929581ad69d212cf84e16ff4bb1293a55d558499ee27aae28e98
empirical_iid,1,2,COMPLETE,gap_ks,PASS,0.006387882975686154,0.0022696376216027048,0.0022696376216027048,0.0,1.5056787062178993,1.5112398739823159,real_test row-weighted frozen-tau gap mean,synthetic row-weighted frozen-tau gap mean,0.005683703315469413,-0.011338726279220045,,0.0022696376216027048 <= 0.0063878829756861544,PASS,PASS,PASS,PASS,6fd34a738a615b737281e8be03ddf741be269efe2bb65fdb6a9e213565df8f0f,5bd50c51796317a44b0774f224073f0ed149e829e58c8fea44c3712260ddd7c0,6ff91101c790eceb133c00bc59739010cfd076cbe673d3ed4fa4ebc1b847ec95,cc209eef5b954737b56eca3ecd52e3a9b07fad06f8827564b5a48ee2c5908230,fd3e46a1f1e2929581ad69d212cf84e16ff4bb1293a55d558499ee27aae28e98
empirical_iid,1,2,COMPLETE,amount_abs_standardized_label_effect,PASS,0.0363693454591819,0.022501652053580193,0.022501652053580193,0.0,0.018305097113037107,0.022501606024231603,real_test absolute standardized y1-y0 amount effect,synthetic absolute standardized y1-y0 amount effect,0.018305097113037107,0.022501606024231603,,0.022501652053580193 <= 0.036369345459181898,PASS,PASS,PASS,PASS,6fd34a738a615b737281e8be03ddf741be269efe2bb65fdb6a9e213565df8f0f,5bd50c51796317a44b0774f224073f0ed149e829e58c8fea44c3712260ddd7c0,6ff91101c790eceb133c00bc59739010cfd076cbe673d3ed4fa4ebc1b847ec95,cc209eef5b954737b56eca3ecd52e3a9b07fad06f8827564b5a48ee2c5908230,fd3e46a1f1e2929581ad69d212cf84e16ff4bb1293a55d558499ee27aae28e98
empirical_iid,1,2,COMPLETE,gap_abs_standardized_label_effect,PASS,0.051540527275560376,0.011338726279220045,0.011338726279220045,0.0,0.005683703315469413,0.011338726279220045,real_test absolute standardized y1-y0 gap effect,synthetic absolute standardized y1-y0 gap effect,0.005683703315469413,-0.011338726279220045,,0.011338726279220045 <= 0.051540527275560376,PASS,PASS,PASS,PASS,6fd34a738a615b737281e8be03ddf741be269efe2bb65fdb6a9e213565df8f0f,5bd50c51796317a44b0774f224073f0ed149e829e58c8fea44c3712260ddd7c0,6ff91101c790eceb133c00bc59739010cfd076cbe673d3ed4fa4ebc1b847ec95,cc209eef5b954737b56eca3ecd52e3a9b07fad06f8827564b5a48ee2c5908230,fd3e46a1f1e2929581ad69d212cf84e16ff4bb1293a55d558499ee27aae28e98
empirical_iid,1,2,COMPLETE,receiver_max_abs_signed_frequency,PASS,0.02,0.003921864960381445,0.003921864960381445,0.0,0.005431746317387669,0.003921864960381445,real_test maximum entity-balanced absolute y1-y0 frequency,synthetic maximum entity-balanced absolute y1-y0 frequency,,,45,0.0039218649603814451 <= 0.02,PASS,PASS,PASS,PASS,6fd34a738a615b737281e8be03ddf741be269efe2bb65fdb6a9e213565df8f0f,5bd50c51796317a44b0774f224073f0ed149e829e58c8fea44c3712260ddd7c0,6ff91101c790eceb133c00bc59739010cfd076cbe673d3ed4fa4ebc1b847ec95,cc209eef5b954737b56eca3ecd52e3a9b07fad06f8827564b5a48ee2c5908230,fd3e46a1f1e2929581ad69d212cf84e16ff4bb1293a55d558499ee27aae28e98
empirical_iid,2,2,COMPLETE,amount_ks,PASS,0.006081138155655141,0.0024026918126980323,0.0024026918126980323,0.0,4.999627320792747,5.000216857744726,real_test row-weighted amount mean,synthetic row-weighted amount mean,0.018305097113037107,0.007176572293997592,,0.0024026918126980323 <= 0.0060811381556551414,PASS,PASS,PASS,PASS,483f3c05c33084188f1e32076e4e40d317546cf5ae7bedf20089e5136cfa3dd1,22c62b261124bc114d0c710018a5e4d2f3125ec59208d9841a61c01d624d4bbb,2dd34b68131abaa1e8004157e1341d2b2b8b5f8f61609f035b470eb86930859d,c2c6209ea381c7ec18e7c572c7b709828d9281fbbdc55061dcc6760ee8687cfc,5fdcd7bc78ccb42619856b751b9e52c1ad4ccf75227336cfb4d493a4acc9739f
empirical_iid,2,2,COMPLETE,gap_ks,PASS,0.006387882975686154,0.002304481853022844,0.002304481853022844,0.0,1.5056787062178993,1.5101591694708825,real_test row-weighted frozen-tau gap mean,synthetic row-weighted frozen-tau gap mean,0.005683703315469413,0.016250273796039962,,0.0023044818530228439 <= 0.0063878829756861544,PASS,PASS,PASS,PASS,483f3c05c33084188f1e32076e4e40d317546cf5ae7bedf20089e5136cfa3dd1,22c62b261124bc114d0c710018a5e4d2f3125ec59208d9841a61c01d624d4bbb,2dd34b68131abaa1e8004157e1341d2b2b8b5f8f61609f035b470eb86930859d,c2c6209ea381c7ec18e7c572c7b709828d9281fbbdc55061dcc6760ee8687cfc,5fdcd7bc78ccb42619856b751b9e52c1ad4ccf75227336cfb4d493a4acc9739f
empirical_iid,2,2,COMPLETE,amount_abs_standardized_label_effect,PASS,0.0363693454591819,0.007176799152345556,0.007176799152345556,0.0,0.018305097113037107,0.007176572293997592,real_test absolute standardized y1-y0 amount effect,synthetic absolute standardized y1-y0 amount effect,0.018305097113037107,0.007176572293997592,,0.0071767991523455556 <= 0.036369345459181898,PASS,PASS,PASS,PASS,483f3c05c33084188f1e32076e4e40d317546cf5ae7bedf20089e5136cfa3dd1,22c62b261124bc114d0c710018a5e4d2f3125ec59208d9841a61c01d624d4bbb,2dd34b68131abaa1e8004157e1341d2b2b8b5f8f61609f035b470eb86930859d,c2c6209ea381c7ec18e7c572c7b709828d9281fbbdc55061dcc6760ee8687cfc,5fdcd7bc78ccb42619856b751b9e52c1ad4ccf75227336cfb4d493a4acc9739f
empirical_iid,2,2,COMPLETE,gap_abs_standardized_label_effect,PASS,0.051540527275560376,0.016250273796039962,0.016250273796039962,0.0,0.005683703315469413,0.016250273796039962,real_test absolute standardized y1-y0 gap effect,synthetic absolute standardized y1-y0 gap effect,0.005683703315469413,0.016250273796039962,,0.016250273796039962 <= 0.051540527275560376,PASS,PASS,PASS,PASS,483f3c05c33084188f1e32076e4e40d317546cf5ae7bedf20089e5136cfa3dd1,22c62b261124bc114d0c710018a5e4d2f3125ec59208d9841a61c01d624d4bbb,2dd34b68131abaa1e8004157e1341d2b2b8b5f8f61609f035b470eb86930859d,c2c6209ea381c7ec18e7c572c7b709828d9281fbbdc55061dcc6760ee8687cfc,5fdcd7bc78ccb42619856b751b9e52c1ad4ccf75227336cfb4d493a4acc9739f
empirical_iid,2,2,COMPLETE,receiver_max_abs_signed_frequency,PASS,0.02,0.005104847121252016,0.005104847121252016,0.0,0.005431746317387669,0.005104847121252016,real_test maximum entity-balanced absolute y1-y0 frequency,synthetic maximum entity-balanced absolute y1-y0 frequency,,,48,0.0051048471212520163 <= 0.02,PASS,PASS,PASS,PASS,483f3c05c33084188f1e32076e4e40d317546cf5ae7bedf20089e5136cfa3dd1,22c62b261124bc114d0c710018a5e4d2f3125ec59208d9841a61c01d624d4bbb,2dd34b68131abaa1e8004157e1341d2b2b8b5f8f61609f035b470eb86930859d,c2c6209ea381c7ec18e7c572c7b709828d9281fbbdc55061dcc6760ee8687cfc,5fdcd7bc78ccb42619856b751b9e52c1ad4ccf75227336cfb4d493a4acc9739f
empirical_iid,3,2,COMPLETE,amount_ks,PASS,0.006081138155655141,0.002380970355242387,0.002380970355242387,0.0,4.999627320792747,4.9993513774217595,real_test row-weighted amount mean,synthetic row-weighted amount mean,0.018305097113037107,0.01778275757217122,,0.0023809703552423872 <= 0.0060811381556551414,PASS,PASS,PASS,PASS,8ef2efc61cee1730ba934d037185fe4a17bb03a4ab8c28307ab84ba9fb516229,3c2a8b516def4df18793ec35852cab03e159bcde134f44276c9b6b6fe373d1e8,1125e9ab60891e3932cc1aac8f07d9abc49b42d70fc0557ad171fc14bec62356,0d701b00a9750c668fef502f974d87746f7b57ba6ce6e0a6b6a960554677e61a,3c97955e8fab4c08c5bfc2e558e6ac85915d75c5f0cf67c58f390a5c5c94a26e
empirical_iid,3,2,COMPLETE,gap_ks,PASS,0.006387882975686154,0.0029302009581686494,0.0029302009581686494,0.0,1.5056787062178993,1.5020528530563728,real_test row-weighted frozen-tau gap mean,synthetic row-weighted frozen-tau gap mean,0.005683703315469413,-0.0051130983108854215,,0.0029302009581686494 <= 0.0063878829756861544,PASS,PASS,PASS,PASS,8ef2efc61cee1730ba934d037185fe4a17bb03a4ab8c28307ab84ba9fb516229,3c2a8b516def4df18793ec35852cab03e159bcde134f44276c9b6b6fe373d1e8,1125e9ab60891e3932cc1aac8f07d9abc49b42d70fc0557ad171fc14bec62356,0d701b00a9750c668fef502f974d87746f7b57ba6ce6e0a6b6a960554677e61a,3c97955e8fab4c08c5bfc2e558e6ac85915d75c5f0cf67c58f390a5c5c94a26e
empirical_iid,3,2,COMPLETE,amount_abs_standardized_label_effect,PASS,0.0363693454591819,0.01778292621801228,0.01778292621801228,0.0,0.018305097113037107,0.01778275757217122,real_test absolute standardized y1-y0 amount effect,synthetic absolute standardized y1-y0 amount effect,0.018305097113037107,0.01778275757217122,,0.017782926218012279 <= 0.036369345459181898,PASS,PASS,PASS,PASS,8ef2efc61cee1730ba934d037185fe4a17bb03a4ab8c28307ab84ba9fb516229,3c2a8b516def4df18793ec35852cab03e159bcde134f44276c9b6b6fe373d1e8,1125e9ab60891e3932cc1aac8f07d9abc49b42d70fc0557ad171fc14bec62356,0d701b00a9750c668fef502f974d87746f7b57ba6ce6e0a6b6a960554677e61a,3c97955e8fab4c08c5bfc2e558e6ac85915d75c5f0cf67c58f390a5c5c94a26e
empirical_iid,3,2,COMPLETE,gap_abs_standardized_label_effect,PASS,0.051540527275560376,0.0051130983108854215,0.0051130983108854215,0.0,0.005683703315469413,0.0051130983108854215,real_test absolute standardized y1-y0 gap effect,synthetic absolute standardized y1-y0 gap effect,0.005683703315469413,-0.0051130983108854215,,0.0051130983108854215 <= 0.051540527275560376,PASS,PASS,PASS,PASS,8ef2efc61cee1730ba934d037185fe4a17bb03a4ab8c28307ab84ba9fb516229,3c2a8b516def4df18793ec35852cab03e159bcde134f44276c9b6b6fe373d1e8,1125e9ab60891e3932cc1aac8f07d9abc49b42d70fc0557ad171fc14bec62356,0d701b00a9750c668fef502f974d87746f7b57ba6ce6e0a6b6a960554677e61a,3c97955e8fab4c08c5bfc2e558e6ac85915d75c5f0cf67c58f390a5c5c94a26e
empirical_iid,3,2,COMPLETE,receiver_max_abs_signed_frequency,PASS,0.02,0.00408991201328604,0.00408991201328604,0.0,0.005431746317387669,0.00408991201328604,real_test maximum entity-balanced absolute y1-y0 frequency,synthetic maximum entity-balanced absolute y1-y0 frequency,,,31,0.00408991201328604 <= 0.02,PASS,PASS,PASS,PASS,8ef2efc61cee1730ba934d037185fe4a17bb03a4ab8c28307ab84ba9fb516229,3c2a8b516def4df18793ec35852cab03e159bcde134f44276c9b6b6fe373d1e8,1125e9ab60891e3932cc1aac8f07d9abc49b42d70fc0557ad171fc14bec62356,0d701b00a9750c668fef502f974d87746f7b57ba6ce6e0a6b6a960554677e61a,3c97955e8fab4c08c5bfc2e558e6ac85915d75c5f0cf67c58f390a5c5c94a26e
empirical_iid,4,2,COMPLETE,amount_ks,PASS,0.006081138155655141,0.0025467215604736415,0.0025467215604736415,0.0,4.999627320792747,5.001326975978949,real_test row-weighted amount mean,synthetic row-weighted amount mean,0.018305097113037107,0.02167975104655281,,0.0025467215604736415 <= 0.0060811381556551414,PASS,PASS,PASS,PASS,eb6eb053e35212b6b22e3b0c4d0adb17e12262c44739e0723855fff95be1d26f,d403607dd2eab5121a574274bd35e7ea86bd528f42413a36396d6656ddd4cfa0,5e07c58eab116cc641d82cbee7d84e97e6e3ef32ce44648836635d31085ed164,74654a28beba0a13447a6488a0791c3f679ec0cb800215626e2369090736b095,7ce46da78d000ca2e9157ac5105e6cb64204f67ddf99af1a6b5ef5650671dccb
empirical_iid,4,2,COMPLETE,gap_ks,PASS,0.006387882975686154,0.002796077656677387,0.002796077656677387,0.0,1.5056787062178993,1.504834115687261,real_test row-weighted frozen-tau gap mean,synthetic row-weighted frozen-tau gap mean,0.005683703315469413,-0.0037773403083644847,,0.0027960776566773871 <= 0.0063878829756861544,PASS,PASS,PASS,PASS,eb6eb053e35212b6b22e3b0c4d0adb17e12262c44739e0723855fff95be1d26f,d403607dd2eab5121a574274bd35e7ea86bd528f42413a36396d6656ddd4cfa0,5e07c58eab116cc641d82cbee7d84e97e6e3ef32ce44648836635d31085ed164,74654a28beba0a13447a6488a0791c3f679ec0cb800215626e2369090736b095,7ce46da78d000ca2e9157ac5105e6cb64204f67ddf99af1a6b5ef5650671dccb
empirical_iid,4,2,COMPLETE,amount_abs_standardized_label_effect,PASS,0.0363693454591819,0.021679737640523014,0.021679737640523014,0.0,0.018305097113037107,0.02167975104655281,real_test absolute standardized y1-y0 amount effect,synthetic absolute standardized y1-y0 amount effect,0.018305097113037107,0.02167975104655281,,0.021679737640523014 <= 0.036369345459181898,PASS,PASS,PASS,PASS,eb6eb053e35212b6b22e3b0c4d0adb17e12262c44739e0723855fff95be1d26f,d403607dd2eab5121a574274bd35e7ea86bd528f42413a36396d6656ddd4cfa0,5e07c58eab116cc641d82cbee7d84e97e6e3ef32ce44648836635d31085ed164,74654a28beba0a13447a6488a0791c3f679ec0cb800215626e2369090736b095,7ce46da78d000ca2e9157ac5105e6cb64204f67ddf99af1a6b5ef5650671dccb
empirical_iid,4,2,COMPLETE,gap_abs_standardized_label_effect,PASS,0.051540527275560376,0.0037773403083644847,0.0037773403083644847,0.0,0.005683703315469413,0.0037773403083644847,real_test absolute standardized y1-y0 gap effect,synthetic absolute standardized y1-y0 gap effect,0.005683703315469413,-0.0037773403083644847,,0.0037773403083644847 <= 0.051540527275560376,PASS,PASS,PASS,PASS,eb6eb053e35212b6b22e3b0c4d0adb17e12262c44739e0723855fff95be1d26f,d403607dd2eab5121a574274bd35e7ea86bd528f42413a36396d6656ddd4cfa0,5e07c58eab116cc641d82cbee7d84e97e6e3ef32ce44648836635d31085ed164,74654a28beba0a13447a6488a0791c3f679ec0cb800215626e2369090736b095,7ce46da78d000ca2e9157ac5105e6cb64204f67ddf99af1a6b5ef5650671dccb
empirical_iid,4,2,COMPLETE,receiver_max_abs_signed_frequency,PASS,0.02,0.005339502156298881,0.005339502156298881,0.0,0.005431746317387669,0.005339502156298881,real_test maximum entity-balanced absolute y1-y0 frequency,synthetic maximum entity-balanced absolute y1-y0 frequency,,,10,0.0053395021562988813 <= 0.02,PASS,PASS,PASS,PASS,eb6eb053e35212b6b22e3b0c4d0adb17e12262c44739e0723855fff95be1d26f,d403607dd2eab5121a574274bd35e7ea86bd528f42413a36396d6656ddd4cfa0,5e07c58eab116cc641d82cbee7d84e97e6e3ef32ce44648836635d31085ed164,74654a28beba0a13447a6488a0791c3f679ec0cb800215626e2369090736b095,7ce46da78d000ca2e9157ac5105e6cb64204f67ddf99af1a6b5ef5650671dccb
empirical_iid,5,2,COMPLETE,amount_ks,PASS,0.006081138155655141,0.002679614141857911,0.002679614141857911,0.0,4.999627320792747,5.000653026790705,real_test row-weighted amount mean,synthetic row-weighted amount mean,0.018305097113037107,-0.0012732076778799763,,0.0026796141418579111 <= 0.0060811381556551414,PASS,PASS,PASS,PASS,0394def13a93e882f685c14d27912f8fd57657001d9cdf9c9d7e2c8a223551eb,2347b37aece7cded4f4de1e5d39cf23be56ec2d8c5511a5cc56da57e26e3b5a6,f3e1e75354aef331fee35cc92ca83d4e2f3955ea7866c42780a738463afc3ed9,90374f38442872a23e035565e1210aecb7ac5f6b49c12ff2b449566c70c64693,e75002b395d8d01f30021e1af2336e71419e1898ff5ebc60a1bcf4218429196a
empirical_iid,5,2,COMPLETE,gap_ks,PASS,0.006387882975686154,0.0026496448640994374,0.0026496448640994374,0.0,1.5056787062178993,1.5058554734627174,real_test row-weighted frozen-tau gap mean,synthetic row-weighted frozen-tau gap mean,0.005683703315469413,-0.006789939659718677,,0.0026496448640994374 <= 0.0063878829756861544,PASS,PASS,PASS,PASS,0394def13a93e882f685c14d27912f8fd57657001d9cdf9c9d7e2c8a223551eb,2347b37aece7cded4f4de1e5d39cf23be56ec2d8c5511a5cc56da57e26e3b5a6,f3e1e75354aef331fee35cc92ca83d4e2f3955ea7866c42780a738463afc3ed9,90374f38442872a23e035565e1210aecb7ac5f6b49c12ff2b449566c70c64693,e75002b395d8d01f30021e1af2336e71419e1898ff5ebc60a1bcf4218429196a
empirical_iid,5,2,COMPLETE,amount_abs_standardized_label_effect,PASS,0.0363693454591819,0.0012739460923238974,0.0012739460923238974,0.0,0.018305097113037107,0.0012732076778799763,real_test absolute standardized y1-y0 amount effect,synthetic absolute standardized y1-y0 amount effect,0.018305097113037107,-0.0012732076778799763,,0.0012739460923238974 <= 0.036369345459181898,PASS,PASS,PASS,PASS,0394def13a93e882f685c14d27912f8fd57657001d9cdf9c9d7e2c8a223551eb,2347b37aece7cded4f4de1e5d39cf23be56ec2d8c5511a5cc56da57e26e3b5a6,f3e1e75354aef331fee35cc92ca83d4e2f3955ea7866c42780a738463afc3ed9,90374f38442872a23e035565e1210aecb7ac5f6b49c12ff2b449566c70c64693,e75002b395d8d01f30021e1af2336e71419e1898ff5ebc60a1bcf4218429196a
empirical_iid,5,2,COMPLETE,gap_abs_standardized_label_effect,PASS,0.051540527275560376,0.006789939659718677,0.006789939659718677,0.0,0.005683703315469413,0.006789939659718677,real_test absolute standardized y1-y0 gap effect,synthetic absolute standardized y1-y0 gap effect,0.005683703315469413,-0.006789939659718677,,0.0067899396597186773 <= 0.051540527275560376,PASS,PASS,PASS,PASS,0394def13a93e882f685c14d27912f8fd57657001d9cdf9c9d7e2c8a223551eb,2347b37aece7cded4f4de1e5d39cf23be56ec2d8c5511a5cc56da57e26e3b5a6,f3e1e75354aef331fee35cc92ca83d4e2f3955ea7866c42780a738463afc3ed9,90374f38442872a23e035565e1210aecb7ac5f6b49c12ff2b449566c70c64693,e75002b395d8d01f30021e1af2336e71419e1898ff5ebc60a1bcf4218429196a
empirical_iid,5,2,COMPLETE,receiver_max_abs_signed_frequency,PASS,0.02,0.003655856774332264,0.003655856774332264,0.0,0.005431746317387669,0.003655856774332264,real_test maximum entity-balanced absolute y1-y0 frequency,synthetic maximum entity-balanced absolute y1-y0 frequency,,,48,0.003655856774332264 <= 0.02,PASS,PASS,PASS,PASS,0394def13a93e882f685c14d27912f8fd57657001d9cdf9c9d7e2c8a223551eb,2347b37aece7cded4f4de1e5d39cf23be56ec2d8c5511a5cc56da57e26e3b5a6,f3e1e75354aef331fee35cc92ca83d4e2f3955ea7866c42780a738463afc3ed9,90374f38442872a23e035565e1210aecb7ac5f6b49c12ff2b449566c70c64693,e75002b395d8d01f30021e1af2336e71419e1898ff5ebc60a1bcf4218429196a
block_2,1,2,COMPLETE,amount_ks,PASS,0.006081138155655141,0.003208405369226286,0.003208405369226286,0.0,4.999627320792747,5.004370042547468,real_test row-weighted amount mean,synthetic row-weighted amount mean,0.018305097113037107,-0.022651382235027707,,0.0032084053692262859 <= 0.0060811381556551414,PASS,PASS,PASS,PASS,8c56c3f694aed14b975e9fa9e3783e294709d7e48eb9fca313075ca9722e2aac,99f32148ca3458d80a3e57694aa80f2ec62762558be870aa67534ac5fd58080c,9a9f36939cc4c30ddcf1694f28b20f076a35c682f52d6155a045ef2acf339319,e5f1bdca71688f0f5913cf7459c72e22ba842128b0d71e96e4691fc4b2f54d4a,2aebc86bddcf637059ad7b5f1091a2e27e00aba0260507c44a75493cad1d028b
block_2,1,2,COMPLETE,gap_ks,PASS,0.006387882975686154,0.00354145910205661,0.00354145910205661,0.0,1.5056787062178993,1.5029025846695008,real_test row-weighted frozen-tau gap mean,synthetic row-weighted frozen-tau gap mean,0.005683703315469413,-0.014770397313455754,,0.00354145910205661 <= 0.0063878829756861544,PASS,PASS,PASS,PASS,8c56c3f694aed14b975e9fa9e3783e294709d7e48eb9fca313075ca9722e2aac,99f32148ca3458d80a3e57694aa80f2ec62762558be870aa67534ac5fd58080c,9a9f36939cc4c30ddcf1694f28b20f076a35c682f52d6155a045ef2acf339319,e5f1bdca71688f0f5913cf7459c72e22ba842128b0d71e96e4691fc4b2f54d4a,2aebc86bddcf637059ad7b5f1091a2e27e00aba0260507c44a75493cad1d028b
block_2,1,2,COMPLETE,amount_abs_standardized_label_effect,PASS,0.0363693454591819,0.0226507204447746,0.0226507204447746,0.0,0.018305097113037107,0.022651382235027707,real_test absolute standardized y1-y0 amount effect,synthetic absolute standardized y1-y0 amount effect,0.018305097113037107,-0.022651382235027707,,0.022650720444774598 <= 0.036369345459181898,PASS,PASS,PASS,PASS,8c56c3f694aed14b975e9fa9e3783e294709d7e48eb9fca313075ca9722e2aac,99f32148ca3458d80a3e57694aa80f2ec62762558be870aa67534ac5fd58080c,9a9f36939cc4c30ddcf1694f28b20f076a35c682f52d6155a045ef2acf339319,e5f1bdca71688f0f5913cf7459c72e22ba842128b0d71e96e4691fc4b2f54d4a,2aebc86bddcf637059ad7b5f1091a2e27e00aba0260507c44a75493cad1d028b
block_2,1,2,COMPLETE,gap_abs_standardized_label_effect,PASS,0.051540527275560376,0.014770397313455754,0.014770397313455754,0.0,0.005683703315469413,0.014770397313455754,real_test absolute standardized y1-y0 gap effect,synthetic absolute standardized y1-y0 gap effect,0.005683703315469413,-0.014770397313455754,,0.014770397313455754 <= 0.051540527275560376,PASS,PASS,PASS,PASS,8c56c3f694aed14b975e9fa9e3783e294709d7e48eb9fca313075ca9722e2aac,99f32148ca3458d80a3e57694aa80f2ec62762558be870aa67534ac5fd58080c,9a9f36939cc4c30ddcf1694f28b20f076a35c682f52d6155a045ef2acf339319,e5f1bdca71688f0f5913cf7459c72e22ba842128b0d71e96e4691fc4b2f54d4a,2aebc86bddcf637059ad7b5f1091a2e27e00aba0260507c44a75493cad1d028b
block_2,1,2,COMPLETE,receiver_max_abs_signed_frequency,PASS,0.02,0.0053356326924687,0.0053356326924687,0.0,0.005431746317387669,0.0053356326924687,real_test maximum entity-balanced absolute y1-y0 frequency,synthetic maximum entity-balanced absolute y1-y0 frequency,,,49,0.0053356326924687003 <= 0.02,PASS,PASS,PASS,PASS,8c56c3f694aed14b975e9fa9e3783e294709d7e48eb9fca313075ca9722e2aac,99f32148ca3458d80a3e57694aa80f2ec62762558be870aa67534ac5fd58080c,9a9f36939cc4c30ddcf1694f28b20f076a35c682f52d6155a045ef2acf339319,e5f1bdca71688f0f5913cf7459c72e22ba842128b0d71e96e4691fc4b2f54d4a,2aebc86bddcf637059ad7b5f1091a2e27e00aba0260507c44a75493cad1d028b
block_2,2,2,COMPLETE,amount_ks,PASS,0.006081138155655141,0.001845911844394199,0.001845911844394199,0.0,4.999627320792747,5.000141513466608,real_test row-weighted amount mean,synthetic row-weighted amount mean,0.018305097113037107,-0.0005417614333184531,,0.0018459118443941991 <= 0.0060811381556551414,PASS,PASS,PASS,PASS,be93fb582c7ad71655732e9f38306455ed85b9f66545c894facdbc6fd5fda5e1,da2ba3849c4bf84f1bec537fdd4acf910fd7453d1b457ac48a3c097a063fa999,34b97da1f5ec70e99ac2a4c91b371d1eab849d02d61347f016436d6d0526d1c7,4905cef896e830757ae584b3b71647b628c4a5dc7368f24cca027c20b265b0c2,f1b28b7e67bdbb1fc6af3ff3e175497f31d16cf81abfd00fa7007cb98a6d69fa
block_2,2,2,COMPLETE,gap_ks,PASS,0.006387882975686154,0.0040121359353428865,0.0040121359353428865,0.0,1.5056787062178993,1.4993143117815244,real_test row-weighted frozen-tau gap mean,synthetic row-weighted frozen-tau gap mean,0.005683703315469413,-0.006121975928070716,,0.0040121359353428865 <= 0.0063878829756861544,PASS,PASS,PASS,PASS,be93fb582c7ad71655732e9f38306455ed85b9f66545c894facdbc6fd5fda5e1,da2ba3849c4bf84f1bec537fdd4acf910fd7453d1b457ac48a3c097a063fa999,34b97da1f5ec70e99ac2a4c91b371d1eab849d02d61347f016436d6d0526d1c7,4905cef896e830757ae584b3b71647b628c4a5dc7368f24cca027c20b265b0c2,f1b28b7e67bdbb1fc6af3ff3e175497f31d16cf81abfd00fa7007cb98a6d69fa
block_2,2,2,COMPLETE,amount_abs_standardized_label_effect,PASS,0.0363693454591819,0.0005421071811745577,0.0005421071811745577,0.0,0.018305097113037107,0.0005417614333184531,real_test absolute standardized y1-y0 amount effect,synthetic absolute standardized y1-y0 amount effect,0.018305097113037107,-0.0005417614333184531,,0.00054210718117455768 <= 0.036369345459181898,PASS,PASS,PASS,PASS,be93fb582c7ad71655732e9f38306455ed85b9f66545c894facdbc6fd5fda5e1,da2ba3849c4bf84f1bec537fdd4acf910fd7453d1b457ac48a3c097a063fa999,34b97da1f5ec70e99ac2a4c91b371d1eab849d02d61347f016436d6d0526d1c7,4905cef896e830757ae584b3b71647b628c4a5dc7368f24cca027c20b265b0c2,f1b28b7e67bdbb1fc6af3ff3e175497f31d16cf81abfd00fa7007cb98a6d69fa
block_2,2,2,COMPLETE,gap_abs_standardized_label_effect,PASS,0.051540527275560376,0.006121975928070716,0.006121975928070716,0.0,0.005683703315469413,0.006121975928070716,real_test absolute standardized y1-y0 gap effect,synthetic absolute standardized y1-y0 gap effect,0.005683703315469413,-0.006121975928070716,,0.0061219759280707158 <= 0.051540527275560376,PASS,PASS,PASS,PASS,be93fb582c7ad71655732e9f38306455ed85b9f66545c894facdbc6fd5fda5e1,da2ba3849c4bf84f1bec537fdd4acf910fd7453d1b457ac48a3c097a063fa999,34b97da1f5ec70e99ac2a4c91b371d1eab849d02d61347f016436d6d0526d1c7,4905cef896e830757ae584b3b71647b628c4a5dc7368f24cca027c20b265b0c2,f1b28b7e67bdbb1fc6af3ff3e175497f31d16cf81abfd00fa7007cb98a6d69fa
block_2,2,2,COMPLETE,receiver_max_abs_signed_frequency,PASS,0.02,0.004207380199182886,0.004207380199182886,0.0,0.005431746317387669,0.004207380199182886,real_test maximum entity-balanced absolute y1-y0 frequency,synthetic maximum entity-balanced absolute y1-y0 frequency,,,10,0.0042073801991828856 <= 0.02,PASS,PASS,PASS,PASS,be93fb582c7ad71655732e9f38306455ed85b9f66545c894facdbc6fd5fda5e1,da2ba3849c4bf84f1bec537fdd4acf910fd7453d1b457ac48a3c097a063fa999,34b97da1f5ec70e99ac2a4c91b371d1eab849d02d61347f016436d6d0526d1c7,4905cef896e830757ae584b3b71647b628c4a5dc7368f24cca027c20b265b0c2,f1b28b7e67bdbb1fc6af3ff3e175497f31d16cf81abfd00fa7007cb98a6d69fa
block_2,3,2,COMPLETE,amount_ks,PASS,0.006081138155655141,0.0036089489858218693,0.0036089489858218693,0.0,4.999627320792747,5.001924227552796,real_test row-weighted amount mean,synthetic row-weighted amount mean,0.018305097113037107,0.005001517459164109,,0.0036089489858218693 <= 0.0060811381556551414,PASS,PASS,PASS,PASS,84e2059373dba5a6bb74c88e99ede2cbd249f3203ea3f5b04fbe249f15530f1b,0f8a558f71eab9c4dec6198a8b53842c7a7e3ee99af95338248e89a589f2d8c9,7a2cec7906aa587eadd647f3b39f901423cd3bac1558c26a682d9153742821e4,3cd25a0963208c45f3e8fa23dfe1167b4a5f1c3e82261372431f2ac8b7e3d86b,a5b5a2403a957dcc39cb267c32482c86f94b9ffd61b3f40761ce727c90372d0a
block_2,3,2,COMPLETE,gap_ks,PASS,0.006387882975686154,0.0028323842269806776,0.0028323842269806776,0.0,1.5056787062178993,1.5078739556746108,real_test row-weighted frozen-tau gap mean,synthetic row-weighted frozen-tau gap mean,0.005683703315469413,0.0127343286304793,,0.0028323842269806776 <= 0.0063878829756861544,PASS,PASS,PASS,PASS,84e2059373dba5a6bb74c88e99ede2cbd249f3203ea3f5b04fbe249f15530f1b,0f8a558f71eab9c4dec6198a8b53842c7a7e3ee99af95338248e89a589f2d8c9,7a2cec7906aa587eadd647f3b39f901423cd3bac1558c26a682d9153742821e4,3cd25a0963208c45f3e8fa23dfe1167b4a5f1c3e82261372431f2ac8b7e3d86b,a5b5a2403a957dcc39cb267c32482c86f94b9ffd61b3f40761ce727c90372d0a
block_2,3,2,COMPLETE,amount_abs_standardized_label_effect,PASS,0.0363693454591819,0.005001868580769541,0.005001868580769541,0.0,0.018305097113037107,0.005001517459164109,real_test absolute standardized y1-y0 amount effect,synthetic absolute standardized y1-y0 amount effect,0.018305097113037107,0.005001517459164109,,0.0050018685807695414 <= 0.036369345459181898,PASS,PASS,PASS,PASS,84e2059373dba5a6bb74c88e99ede2cbd249f3203ea3f5b04fbe249f15530f1b,0f8a558f71eab9c4dec6198a8b53842c7a7e3ee99af95338248e89a589f2d8c9,7a2cec7906aa587eadd647f3b39f901423cd3bac1558c26a682d9153742821e4,3cd25a0963208c45f3e8fa23dfe1167b4a5f1c3e82261372431f2ac8b7e3d86b,a5b5a2403a957dcc39cb267c32482c86f94b9ffd61b3f40761ce727c90372d0a
block_2,3,2,COMPLETE,gap_abs_standardized_label_effect,PASS,0.051540527275560376,0.0127343286304793,0.0127343286304793,0.0,0.005683703315469413,0.0127343286304793,real_test absolute standardized y1-y0 gap effect,synthetic absolute standardized y1-y0 gap effect,0.005683703315469413,0.0127343286304793,,0.0127343286304793 <= 0.051540527275560376,PASS,PASS,PASS,PASS,84e2059373dba5a6bb74c88e99ede2cbd249f3203ea3f5b04fbe249f15530f1b,0f8a558f71eab9c4dec6198a8b53842c7a7e3ee99af95338248e89a589f2d8c9,7a2cec7906aa587eadd647f3b39f901423cd3bac1558c26a682d9153742821e4,3cd25a0963208c45f3e8fa23dfe1167b4a5f1c3e82261372431f2ac8b7e3d86b,a5b5a2403a957dcc39cb267c32482c86f94b9ffd61b3f40761ce727c90372d0a
block_2,3,2,COMPLETE,receiver_max_abs_signed_frequency,PASS,0.02,0.004494256024892895,0.004494256024892895,0.0,0.005431746317387669,0.004494256024892895,real_test maximum entity-balanced absolute y1-y0 frequency,synthetic maximum entity-balanced absolute y1-y0 frequency,,,54,0.0044942560248928953 <= 0.02,PASS,PASS,PASS,PASS,84e2059373dba5a6bb74c88e99ede2cbd249f3203ea3f5b04fbe249f15530f1b,0f8a558f71eab9c4dec6198a8b53842c7a7e3ee99af95338248e89a589f2d8c9,7a2cec7906aa587eadd647f3b39f901423cd3bac1558c26a682d9153742821e4,3cd25a0963208c45f3e8fa23dfe1167b4a5f1c3e82261372431f2ac8b7e3d86b,a5b5a2403a957dcc39cb267c32482c86f94b9ffd61b3f40761ce727c90372d0a
block_2,4,2,COMPLETE,amount_ks,PASS,0.006081138155655141,0.00213782510997762,0.00213782510997762,0.0,4.999627320792747,5.000558214538952,real_test row-weighted amount mean,synthetic row-weighted amount mean,0.018305097113037107,0.011199317342827619,,0.0021378251099776202 <= 0.0060811381556551414,PASS,PASS,PASS,PASS,4ba1c7d6df3e973f73cf41cccec8a7381ba807703b4aecf6db2c88fd4b870719,3be80641666fb3daca0f53aef3eb82e128952aab9ac89c4ecd1252c9c118f662,26d177d11452c5db8e9fecf7f61749cce83cfec776f4bfde5a4b6b96a33fb6f5,c20f7256c6f7a124f48eb663eeb1793bd9e643c58f3bd631627f65598d669801,87bc248cf2303976e921856945403018887008419c6f9641a420afbddc94907c
block_2,4,2,COMPLETE,gap_ks,PASS,0.006387882975686154,0.0020360497587323945,0.0020360497587323945,0.0,1.5056787062178993,1.5061772479334916,real_test row-weighted frozen-tau gap mean,synthetic row-weighted frozen-tau gap mean,0.005683703315469413,0.00152383162425504,,0.0020360497587323945 <= 0.0063878829756861544,PASS,PASS,PASS,PASS,4ba1c7d6df3e973f73cf41cccec8a7381ba807703b4aecf6db2c88fd4b870719,3be80641666fb3daca0f53aef3eb82e128952aab9ac89c4ecd1252c9c118f662,26d177d11452c5db8e9fecf7f61749cce83cfec776f4bfde5a4b6b96a33fb6f5,c20f7256c6f7a124f48eb663eeb1793bd9e643c58f3bd631627f65598d669801,87bc248cf2303976e921856945403018887008419c6f9641a420afbddc94907c
block_2,4,2,COMPLETE,amount_abs_standardized_label_effect,PASS,0.0363693454591819,0.011199473518803703,0.011199473518803703,0.0,0.018305097113037107,0.011199317342827619,real_test absolute standardized y1-y0 amount effect,synthetic absolute standardized y1-y0 amount effect,0.018305097113037107,0.011199317342827619,,0.011199473518803703 <= 0.036369345459181898,PASS,PASS,PASS,PASS,4ba1c7d6df3e973f73cf41cccec8a7381ba807703b4aecf6db2c88fd4b870719,3be80641666fb3daca0f53aef3eb82e128952aab9ac89c4ecd1252c9c118f662,26d177d11452c5db8e9fecf7f61749cce83cfec776f4bfde5a4b6b96a33fb6f5,c20f7256c6f7a124f48eb663eeb1793bd9e643c58f3bd631627f65598d669801,87bc248cf2303976e921856945403018887008419c6f9641a420afbddc94907c
block_2,4,2,COMPLETE,gap_abs_standardized_label_effect,PASS,0.051540527275560376,0.00152383162425504,0.00152383162425504,0.0,0.005683703315469413,0.00152383162425504,real_test absolute standardized y1-y0 gap effect,synthetic absolute standardized y1-y0 gap effect,0.005683703315469413,0.00152383162425504,,0.00152383162425504 <= 0.051540527275560376,PASS,PASS,PASS,PASS,4ba1c7d6df3e973f73cf41cccec8a7381ba807703b4aecf6db2c88fd4b870719,3be80641666fb3daca0f53aef3eb82e128952aab9ac89c4ecd1252c9c118f662,26d177d11452c5db8e9fecf7f61749cce83cfec776f4bfde5a4b6b96a33fb6f5,c20f7256c6f7a124f48eb663eeb1793bd9e643c58f3bd631627f65598d669801,87bc248cf2303976e921856945403018887008419c6f9641a420afbddc94907c
block_2,4,2,COMPLETE,receiver_max_abs_signed_frequency,PASS,0.02,0.004373385972380885,0.004373385972380885,0.0,0.005431746317387669,0.004373385972380885,real_test maximum entity-balanced absolute y1-y0 frequency,synthetic maximum entity-balanced absolute y1-y0 frequency,,,16,0.0043733859723808846 <= 0.02,PASS,PASS,PASS,PASS,4ba1c7d6df3e973f73cf41cccec8a7381ba807703b4aecf6db2c88fd4b870719,3be80641666fb3daca0f53aef3eb82e128952aab9ac89c4ecd1252c9c118f662,26d177d11452c5db8e9fecf7f61749cce83cfec776f4bfde5a4b6b96a33fb6f5,c20f7256c6f7a124f48eb663eeb1793bd9e643c58f3bd631627f65598d669801,87bc248cf2303976e921856945403018887008419c6f9641a420afbddc94907c
block_2,5,2,COMPLETE,amount_ks,PASS,0.006081138155655141,0.0020846602586545027,0.0020846602586545027,0.0,4.999627320792747,5.0012169740263,real_test row-weighted amount mean,synthetic row-weighted amount mean,0.018305097113037107,0.011179499673611128,,0.0020846602586545027 <= 0.0060811381556551414,PASS,PASS,PASS,PASS,2d008931c26b4347f4266d501b26692fbdbe2fa837a8f765ace3f8707d1e3eaf,6b7fe3f7c3cddd490a281eff408d4be52aae3c2d254b6c801ae959dc2c6566d2,aed15197c6071f625217416b1d5cece3c49964ec0882e023d01976e20afeaf8b,65e57f2995aad1a856ac46ace972108de145aecef9b75866119d1a460a8f6c11,007d64f188df4b2e92f870d6df1036e784361428926a4285bda39e7a039ec36f
block_2,5,2,COMPLETE,gap_ks,PASS,0.006387882975686154,0.0017187506827110455,0.0017187506827110455,0.0,1.5056787062178993,1.50424400289999,real_test row-weighted frozen-tau gap mean,synthetic row-weighted frozen-tau gap mean,0.005683703315469413,-0.012068016129799542,,0.0017187506827110455 <= 0.0063878829756861544,PASS,PASS,PASS,PASS,2d008931c26b4347f4266d501b26692fbdbe2fa837a8f765ace3f8707d1e3eaf,6b7fe3f7c3cddd490a281eff408d4be52aae3c2d254b6c801ae959dc2c6566d2,aed15197c6071f625217416b1d5cece3c49964ec0882e023d01976e20afeaf8b,65e57f2995aad1a856ac46ace972108de145aecef9b75866119d1a460a8f6c11,007d64f188df4b2e92f870d6df1036e784361428926a4285bda39e7a039ec36f
block_2,5,2,COMPLETE,amount_abs_standardized_label_effect,PASS,0.0363693454591819,0.011179492279112854,0.011179492279112854,0.0,0.018305097113037107,0.011179499673611128,real_test absolute standardized y1-y0 amount effect,synthetic absolute standardized y1-y0 amount effect,0.018305097113037107,0.011179499673611128,,0.011179492279112854 <= 0.036369345459181898,PASS,PASS,PASS,PASS,2d008931c26b4347f4266d501b26692fbdbe2fa837a8f765ace3f8707d1e3eaf,6b7fe3f7c3cddd490a281eff408d4be52aae3c2d254b6c801ae959dc2c6566d2,aed15197c6071f625217416b1d5cece3c49964ec0882e023d01976e20afeaf8b,65e57f2995aad1a856ac46ace972108de145aecef9b75866119d1a460a8f6c11,007d64f188df4b2e92f870d6df1036e784361428926a4285bda39e7a039ec36f
block_2,5,2,COMPLETE,gap_abs_standardized_label_effect,PASS,0.051540527275560376,0.012068016129799542,0.012068016129799542,0.0,0.005683703315469413,0.012068016129799542,real_test absolute standardized y1-y0 gap effect,synthetic absolute standardized y1-y0 gap effect,0.005683703315469413,-0.012068016129799542,,0.012068016129799542 <= 0.051540527275560376,PASS,PASS,PASS,PASS,2d008931c26b4347f4266d501b26692fbdbe2fa837a8f765ace3f8707d1e3eaf,6b7fe3f7c3cddd490a281eff408d4be52aae3c2d254b6c801ae959dc2c6566d2,aed15197c6071f625217416b1d5cece3c49964ec0882e023d01976e20afeaf8b,65e57f2995aad1a856ac46ace972108de145aecef9b75866119d1a460a8f6c11,007d64f188df4b2e92f870d6df1036e784361428926a4285bda39e7a039ec36f
block_2,5,2,COMPLETE,receiver_max_abs_signed_frequency,PASS,0.02,0.005672811025842675,0.005672811025842675,0.0,0.005431746317387669,0.005672811025842675,real_test maximum entity-balanced absolute y1-y0 frequency,synthetic maximum entity-balanced absolute y1-y0 frequency,,,39,0.005672811025842675 <= 0.02,PASS,PASS,PASS,PASS,2d008931c26b4347f4266d501b26692fbdbe2fa837a8f765ace3f8707d1e3eaf,6b7fe3f7c3cddd490a281eff408d4be52aae3c2d254b6c801ae959dc2c6566d2,aed15197c6071f625217416b1d5cece3c49964ec0882e023d01976e20afeaf8b,65e57f2995aad1a856ac46ace972108de145aecef9b75866119d1a460a8f6c11,007d64f188df4b2e92f870d6df1036e784361428926a4285bda39e7a039ec36f
block_4,1,2,COMPLETE,amount_ks,PASS,0.006081138155655141,0.0024088444317977853,0.0024088444317977853,0.0,4.999627320792747,5.0011903798603115,real_test row-weighted amount mean,synthetic row-weighted amount mean,0.018305097113037107,0.008139334015503796,,0.0024088444317977853 <= 0.0060811381556551414,PASS,PASS,PASS,PASS,caa2d4a03acefecee1cbc84c75686b88b89b521fd31df3cef175975b98e91ee1,89aced66acb05b70e9d6e5562c8ad95676207fb06091246de211ab8290ed3a53,149eb7f2676c8103fa57025441cc9208aadea530e8055cd0664d68c3a33c2a33,76a1a76164a2b83d1ff07a70b48d9159bdd32147c913408c7a4b913fe86dec40,d5dc46d56fd33220e6316ed85fd060d78e4916887336d4c1b17ad87776f35130
block_4,1,2,COMPLETE,gap_ks,PASS,0.006387882975686154,0.0029609576743368504,0.0029609576743368504,0.0,1.5056787062178993,1.504148830483694,real_test row-weighted frozen-tau gap mean,synthetic row-weighted frozen-tau gap mean,0.005683703315469413,-0.006087191083425811,,0.0029609576743368504 <= 0.0063878829756861544,PASS,PASS,PASS,PASS,caa2d4a03acefecee1cbc84c75686b88b89b521fd31df3cef175975b98e91ee1,89aced66acb05b70e9d6e5562c8ad95676207fb06091246de211ab8290ed3a53,149eb7f2676c8103fa57025441cc9208aadea530e8055cd0664d68c3a33c2a33,76a1a76164a2b83d1ff07a70b48d9159bdd32147c913408c7a4b913fe86dec40,d5dc46d56fd33220e6316ed85fd060d78e4916887336d4c1b17ad87776f35130
block_4,1,2,COMPLETE,amount_abs_standardized_label_effect,PASS,0.0363693454591819,0.008139879691349392,0.008139879691349392,0.0,0.018305097113037107,0.008139334015503796,real_test absolute standardized y1-y0 amount effect,synthetic absolute standardized y1-y0 amount effect,0.018305097113037107,0.008139334015503796,,0.0081398796913493918 <= 0.036369345459181898,PASS,PASS,PASS,PASS,caa2d4a03acefecee1cbc84c75686b88b89b521fd31df3cef175975b98e91ee1,89aced66acb05b70e9d6e5562c8ad95676207fb06091246de211ab8290ed3a53,149eb7f2676c8103fa57025441cc9208aadea530e8055cd0664d68c3a33c2a33,76a1a76164a2b83d1ff07a70b48d9159bdd32147c913408c7a4b913fe86dec40,d5dc46d56fd33220e6316ed85fd060d78e4916887336d4c1b17ad87776f35130
block_4,1,2,COMPLETE,gap_abs_standardized_label_effect,PASS,0.051540527275560376,0.006087191083425811,0.006087191083425811,0.0,0.005683703315469413,0.006087191083425811,real_test absolute standardized y1-y0 gap effect,synthetic absolute standardized y1-y0 gap effect,0.005683703315469413,-0.006087191083425811,,0.006087191083425811 <= 0.051540527275560376,PASS,PASS,PASS,PASS,caa2d4a03acefecee1cbc84c75686b88b89b521fd31df3cef175975b98e91ee1,89aced66acb05b70e9d6e5562c8ad95676207fb06091246de211ab8290ed3a53,149eb7f2676c8103fa57025441cc9208aadea530e8055cd0664d68c3a33c2a33,76a1a76164a2b83d1ff07a70b48d9159bdd32147c913408c7a4b913fe86dec40,d5dc46d56fd33220e6316ed85fd060d78e4916887336d4c1b17ad87776f35130
block_4,1,2,COMPLETE,receiver_max_abs_signed_frequency,PASS,0.02,0.004344243098987871,0.004344243098987871,0.0,0.005431746317387669,0.004344243098987871,real_test maximum entity-balanced absolute y1-y0 frequency,synthetic maximum entity-balanced absolute y1-y0 frequency,,,35,0.0043442430989878711 <= 0.02,PASS,PASS,PASS,PASS,caa2d4a03acefecee1cbc84c75686b88b89b521fd31df3cef175975b98e91ee1,89aced66acb05b70e9d6e5562c8ad95676207fb06091246de211ab8290ed3a53,149eb7f2676c8103fa57025441cc9208aadea530e8055cd0664d68c3a33c2a33,76a1a76164a2b83d1ff07a70b48d9159bdd32147c913408c7a4b913fe86dec40,d5dc46d56fd33220e6316ed85fd060d78e4916887336d4c1b17ad87776f35130
block_4,2,2,COMPLETE,amount_ks,PASS,0.006081138155655141,0.0030385188855491796,0.0030385188855491796,0.0,4.999627320792747,4.998502556254431,real_test row-weighted amount mean,synthetic row-weighted amount mean,0.018305097113037107,0.003755511015089274,,0.0030385188855491796 <= 0.0060811381556551414,PASS,PASS,PASS,PASS,f7c19be5bdd1098d9662f68c457cfbdc5997bab394e8905888fbe237e2e95e7a,bf71346ea374f23547ee1c45b7b04fa301535f8300ca89a96dee1a87b63e554e,a5790da74530ec6e88e77c759f8bc28c3066baf49fc429a75e9ff193983ae137,e2d8e15227c8431bd65a7da2037fda370e468202fe87e8c8ef783b1b6c953641,11be99e6129510bbf46cac851c942314e93498cf2136da1844ebd2100bfe6272
block_4,2,2,COMPLETE,gap_ks,PASS,0.006387882975686154,0.0036066877584481905,0.0036066877584481905,0.0,1.5056787062178993,1.4994686709052512,real_test row-weighted frozen-tau gap mean,synthetic row-weighted frozen-tau gap mean,0.005683703315469413,-0.002930025687105995,,0.0036066877584481905 <= 0.0063878829756861544,PASS,PASS,PASS,PASS,f7c19be5bdd1098d9662f68c457cfbdc5997bab394e8905888fbe237e2e95e7a,bf71346ea374f23547ee1c45b7b04fa301535f8300ca89a96dee1a87b63e554e,a5790da74530ec6e88e77c759f8bc28c3066baf49fc429a75e9ff193983ae137,e2d8e15227c8431bd65a7da2037fda370e468202fe87e8c8ef783b1b6c953641,11be99e6129510bbf46cac851c942314e93498cf2136da1844ebd2100bfe6272
block_4,2,2,COMPLETE,amount_abs_standardized_label_effect,PASS,0.0363693454591819,0.003755891874282685,0.003755891874282685,0.0,0.018305097113037107,0.003755511015089274,real_test absolute standardized y1-y0 amount effect,synthetic absolute standardized y1-y0 amount effect,0.018305097113037107,0.003755511015089274,,0.0037558918742826848 <= 0.036369345459181898,PASS,PASS,PASS,PASS,f7c19be5bdd1098d9662f68c457cfbdc5997bab394e8905888fbe237e2e95e7a,bf71346ea374f23547ee1c45b7b04fa301535f8300ca89a96dee1a87b63e554e,a5790da74530ec6e88e77c759f8bc28c3066baf49fc429a75e9ff193983ae137,e2d8e15227c8431bd65a7da2037fda370e468202fe87e8c8ef783b1b6c953641,11be99e6129510bbf46cac851c942314e93498cf2136da1844ebd2100bfe6272
block_4,2,2,COMPLETE,gap_abs_standardized_label_effect,PASS,0.051540527275560376,0.002930025687105995,0.002930025687105995,0.0,0.005683703315469413,0.002930025687105995,real_test absolute standardized y1-y0 gap effect,synthetic absolute standardized y1-y0 gap effect,0.005683703315469413,-0.002930025687105995,,0.0029300256871059951 <= 0.051540527275560376,PASS,PASS,PASS,PASS,f7c19be5bdd1098d9662f68c457cfbdc5997bab394e8905888fbe237e2e95e7a,bf71346ea374f23547ee1c45b7b04fa301535f8300ca89a96dee1a87b63e554e,a5790da74530ec6e88e77c759f8bc28c3066baf49fc429a75e9ff193983ae137,e2d8e15227c8431bd65a7da2037fda370e468202fe87e8c8ef783b1b6c953641,11be99e6129510bbf46cac851c942314e93498cf2136da1844ebd2100bfe6272
block_4,2,2,COMPLETE,receiver_max_abs_signed_frequency,PASS,0.02,0.005604481241133,0.005604481241133,0.0,0.005431746317387669,0.005604481241133,real_test maximum entity-balanced absolute y1-y0 frequency,synthetic maximum entity-balanced absolute y1-y0 frequency,,,51,0.0056044812411330004 <= 0.02,PASS,PASS,PASS,PASS,f7c19be5bdd1098d9662f68c457cfbdc5997bab394e8905888fbe237e2e95e7a,bf71346ea374f23547ee1c45b7b04fa301535f8300ca89a96dee1a87b63e554e,a5790da74530ec6e88e77c759f8bc28c3066baf49fc429a75e9ff193983ae137,e2d8e15227c8431bd65a7da2037fda370e468202fe87e8c8ef783b1b6c953641,11be99e6129510bbf46cac851c942314e93498cf2136da1844ebd2100bfe6272
block_4,3,2,COMPLETE,amount_ks,PASS,0.006081138155655141,0.005502115804151053,0.005502115804151053,0.0,4.999627320792747,5.005109177095637,real_test row-weighted amount mean,synthetic row-weighted amount mean,0.018305097113037107,0.008776211841325118,,0.0055021158041510532 <= 0.0060811381556551414,PASS,PASS,PASS,PASS,1fa8366376bceeebef712533bdef53d111fd811ce802d2e308a425219d640b30,04d696524a915b51eed061bdda5844e09c8b1a4fbde1aab99bcb4b0313021b92,5ad84f418fb9c9e12296cfee65d11adbe2a2b06978c46f49a2c2c1d2e4328899,ad9e792678f7514fa005dabf19ff4f0bf19d52531ede616f30132a3583dcedae,6d0359a24a932f6afbd7b5bd8539c41a3a2b36b56659ab8e7b05c2a4f4915992
block_4,3,2,COMPLETE,gap_ks,PASS,0.006387882975686154,0.002163278803036961,0.002163278803036961,0.0,1.5056787062178993,1.5098379580111834,real_test row-weighted frozen-tau gap mean,synthetic row-weighted frozen-tau gap mean,0.005683703315469413,0.009966949384851763,,0.002163278803036961 <= 0.0063878829756861544,PASS,PASS,PASS,PASS,1fa8366376bceeebef712533bdef53d111fd811ce802d2e308a425219d640b30,04d696524a915b51eed061bdda5844e09c8b1a4fbde1aab99bcb4b0313021b92,5ad84f418fb9c9e12296cfee65d11adbe2a2b06978c46f49a2c2c1d2e4328899,ad9e792678f7514fa005dabf19ff4f0bf19d52531ede616f30132a3583dcedae,6d0359a24a932f6afbd7b5bd8539c41a3a2b36b56659ab8e7b05c2a4f4915992
block_4,3,2,COMPLETE,amount_abs_standardized_label_effect,PASS,0.0363693454591819,0.008776594030777752,0.008776594030777752,0.0,0.018305097113037107,0.008776211841325118,real_test absolute standardized y1-y0 amount effect,synthetic absolute standardized y1-y0 amount effect,0.018305097113037107,0.008776211841325118,,0.0087765940307777523 <= 0.036369345459181898,PASS,PASS,PASS,PASS,1fa8366376bceeebef712533bdef53d111fd811ce802d2e308a425219d640b30,04d696524a915b51eed061bdda5844e09c8b1a4fbde1aab99bcb4b0313021b92,5ad84f418fb9c9e12296cfee65d11adbe2a2b06978c46f49a2c2c1d2e4328899,ad9e792678f7514fa005dabf19ff4f0bf19d52531ede616f30132a3583dcedae,6d0359a24a932f6afbd7b5bd8539c41a3a2b36b56659ab8e7b05c2a4f4915992
block_4,3,2,COMPLETE,gap_abs_standardized_label_effect,PASS,0.051540527275560376,0.009966949384851763,0.009966949384851763,0.0,0.005683703315469413,0.009966949384851763,real_test absolute standardized y1-y0 gap effect,synthetic absolute standardized y1-y0 gap effect,0.005683703315469413,0.009966949384851763,,0.0099669493848517626 <= 0.051540527275560376,PASS,PASS,PASS,PASS,1fa8366376bceeebef712533bdef53d111fd811ce802d2e308a425219d640b30,04d696524a915b51eed061bdda5844e09c8b1a4fbde1aab99bcb4b0313021b92,5ad84f418fb9c9e12296cfee65d11adbe2a2b06978c46f49a2c2c1d2e4328899,ad9e792678f7514fa005dabf19ff4f0bf19d52531ede616f30132a3583dcedae,6d0359a24a932f6afbd7b5bd8539c41a3a2b36b56659ab8e7b05c2a4f4915992
block_4,3,2,COMPLETE,receiver_max_abs_signed_frequency,PASS,0.02,0.004627951250846906,0.004627951250846906,0.0,0.005431746317387669,0.004627951250846906,real_test maximum entity-balanced absolute y1-y0 frequency,synthetic maximum entity-balanced absolute y1-y0 frequency,,,12,0.0046279512508469057 <= 0.02,PASS,PASS,PASS,PASS,1fa8366376bceeebef712533bdef53d111fd811ce802d2e308a425219d640b30,04d696524a915b51eed061bdda5844e09c8b1a4fbde1aab99bcb4b0313021b92,5ad84f418fb9c9e12296cfee65d11adbe2a2b06978c46f49a2c2c1d2e4328899,ad9e792678f7514fa005dabf19ff4f0bf19d52531ede616f30132a3583dcedae,6d0359a24a932f6afbd7b5bd8539c41a3a2b36b56659ab8e7b05c2a4f4915992
block_4,4,2,COMPLETE,amount_ks,PASS,0.006081138155655141,0.0023688098787779666,0.0023688098787779666,0.0,4.999627320792747,4.999733032244288,real_test row-weighted amount mean,synthetic row-weighted amount mean,0.018305097113037107,0.012589859825459347,,0.0023688098787779666 <= 0.0060811381556551414,PASS,PASS,PASS,PASS,658bc554b8961e6c43bae2f8b5e6511eff2d5793d998bd4527607af53e0abc95,dccc2a4acab1e99f4a5b72dab4f2ad0993e37ca7f8691ffa518ce3b21c53a326,ddfdd2f5795c145f2fe4ab53c893cdb2b28e6339d9a219146ec722492df0150e,abeaabac562838933c4d31b29410072e23944f05ad05f57bb83e104402e511a7,6f80ecf4c106c9de34af9c2254783f5a7b346f798e46e59efb0d34c1325470d7
block_4,4,2,COMPLETE,gap_ks,PASS,0.006387882975686154,0.002346319793759405,0.002346319793759405,0.0,1.5056787062178993,1.500346010978201,real_test row-weighted frozen-tau gap mean,synthetic row-weighted frozen-tau gap mean,0.005683703315469413,-0.01956201718830146,,0.0023463197937594049 <= 0.0063878829756861544,PASS,PASS,PASS,PASS,658bc554b8961e6c43bae2f8b5e6511eff2d5793d998bd4527607af53e0abc95,dccc2a4acab1e99f4a5b72dab4f2ad0993e37ca7f8691ffa518ce3b21c53a326,ddfdd2f5795c145f2fe4ab53c893cdb2b28e6339d9a219146ec722492df0150e,abeaabac562838933c4d31b29410072e23944f05ad05f57bb83e104402e511a7,6f80ecf4c106c9de34af9c2254783f5a7b346f798e46e59efb0d34c1325470d7
block_4,4,2,COMPLETE,amount_abs_standardized_label_effect,PASS,0.0363693454591819,0.012590579640256555,0.012590579640256555,0.0,0.018305097113037107,0.012589859825459347,real_test absolute standardized y1-y0 amount effect,synthetic absolute standardized y1-y0 amount effect,0.018305097113037107,0.012589859825459347,,0.012590579640256555 <= 0.036369345459181898,PASS,PASS,PASS,PASS,658bc554b8961e6c43bae2f8b5e6511eff2d5793d998bd4527607af53e0abc95,dccc2a4acab1e99f4a5b72dab4f2ad0993e37ca7f8691ffa518ce3b21c53a326,ddfdd2f5795c145f2fe4ab53c893cdb2b28e6339d9a219146ec722492df0150e,abeaabac562838933c4d31b29410072e23944f05ad05f57bb83e104402e511a7,6f80ecf4c106c9de34af9c2254783f5a7b346f798e46e59efb0d34c1325470d7
block_4,4,2,COMPLETE,gap_abs_standardized_label_effect,PASS,0.051540527275560376,0.01956201718830146,0.01956201718830146,0.0,0.005683703315469413,0.01956201718830146,real_test absolute standardized y1-y0 gap effect,synthetic absolute standardized y1-y0 gap effect,0.005683703315469413,-0.01956201718830146,,0.019562017188301459 <= 0.051540527275560376,PASS,PASS,PASS,PASS,658bc554b8961e6c43bae2f8b5e6511eff2d5793d998bd4527607af53e0abc95,dccc2a4acab1e99f4a5b72dab4f2ad0993e37ca7f8691ffa518ce3b21c53a326,ddfdd2f5795c145f2fe4ab53c893cdb2b28e6339d9a219146ec722492df0150e,abeaabac562838933c4d31b29410072e23944f05ad05f57bb83e104402e511a7,6f80ecf4c106c9de34af9c2254783f5a7b346f798e46e59efb0d34c1325470d7
block_4,4,2,COMPLETE,receiver_max_abs_signed_frequency,PASS,0.02,0.005226249742954742,0.005226249742954742,0.0,0.005431746317387669,0.005226249742954742,real_test maximum entity-balanced absolute y1-y0 frequency,synthetic maximum entity-balanced absolute y1-y0 frequency,,,40,0.0052262497429547417 <= 0.02,PASS,PASS,PASS,PASS,658bc554b8961e6c43bae2f8b5e6511eff2d5793d998bd4527607af53e0abc95,dccc2a4acab1e99f4a5b72dab4f2ad0993e37ca7f8691ffa518ce3b21c53a326,ddfdd2f5795c145f2fe4ab53c893cdb2b28e6339d9a219146ec722492df0150e,abeaabac562838933c4d31b29410072e23944f05ad05f57bb83e104402e511a7,6f80ecf4c106c9de34af9c2254783f5a7b346f798e46e59efb0d34c1325470d7
block_4,5,2,COMPLETE,amount_ks,PASS,0.006081138155655141,0.002175477391913039,0.002175477391913039,0.0,4.999627320792747,4.998260829708878,real_test row-weighted amount mean,synthetic row-weighted amount mean,0.018305097113037107,0.010641298713156975,,0.0021754773919130388 <= 0.0060811381556551414,PASS,PASS,PASS,PASS,c1608e8d9ed8e0c6e90ee2958175b5c8f0332734fe2a4c885ebeabf7f4ac7636,2ac0fc9733602d0ef3adbcb81c27d6f824bb640e9ebe522194f9e021f65a1494,3d658d43446c310ddad5f6eff7cb6d688369ebc8df0d1ee25e5a67eff0ae4b8a,3b8a1206b6e88e3605e9ea707591996be456c7892a421784371442813690b6ea,a0393195aa8656f8b28e90b15042cd77716973602205ca71ac92c07242214dcd
block_4,5,2,COMPLETE,gap_ks,PASS,0.006387882975686154,0.0015357096919886015,0.0015357096919886015,0.0,1.5056787062178993,1.5045953903776292,real_test row-weighted frozen-tau gap mean,synthetic row-weighted frozen-tau gap mean,0.005683703315469413,-0.007033544003114163,,0.0015357096919886015 <= 0.0063878829756861544,PASS,PASS,PASS,PASS,c1608e8d9ed8e0c6e90ee2958175b5c8f0332734fe2a4c885ebeabf7f4ac7636,2ac0fc9733602d0ef3adbcb81c27d6f824bb640e9ebe522194f9e021f65a1494,3d658d43446c310ddad5f6eff7cb6d688369ebc8df0d1ee25e5a67eff0ae4b8a,3b8a1206b6e88e3605e9ea707591996be456c7892a421784371442813690b6ea,a0393195aa8656f8b28e90b15042cd77716973602205ca71ac92c07242214dcd
block_4,5,2,COMPLETE,amount_abs_standardized_label_effect,PASS,0.0363693454591819,0.010641228001959165,0.010641228001959165,0.0,0.018305097113037107,0.010641298713156975,real_test absolute standardized y1-y0 amount effect,synthetic absolute standardized y1-y0 amount effect,0.018305097113037107,0.010641298713156975,,0.010641228001959165 <= 0.036369345459181898,PASS,PASS,PASS,PASS,c1608e8d9ed8e0c6e90ee2958175b5c8f0332734fe2a4c885ebeabf7f4ac7636,2ac0fc9733602d0ef3adbcb81c27d6f824bb640e9ebe522194f9e021f65a1494,3d658d43446c310ddad5f6eff7cb6d688369ebc8df0d1ee25e5a67eff0ae4b8a,3b8a1206b6e88e3605e9ea707591996be456c7892a421784371442813690b6ea,a0393195aa8656f8b28e90b15042cd77716973602205ca71ac92c07242214dcd
block_4,5,2,COMPLETE,gap_abs_standardized_label_effect,PASS,0.051540527275560376,0.007033544003114163,0.007033544003114163,0.0,0.005683703315469413,0.007033544003114163,real_test absolute standardized y1-y0 gap effect,synthetic absolute standardized y1-y0 gap effect,0.005683703315469413,-0.007033544003114163,,0.0070335440031141627 <= 0.051540527275560376,PASS,PASS,PASS,PASS,c1608e8d9ed8e0c6e90ee2958175b5c8f0332734fe2a4c885ebeabf7f4ac7636,2ac0fc9733602d0ef3adbcb81c27d6f824bb640e9ebe522194f9e021f65a1494,3d658d43446c310ddad5f6eff7cb6d688369ebc8df0d1ee25e5a67eff0ae4b8a,3b8a1206b6e88e3605e9ea707591996be456c7892a421784371442813690b6ea,a0393195aa8656f8b28e90b15042cd77716973602205ca71ac92c07242214dcd
block_4,5,2,COMPLETE,receiver_max_abs_signed_frequency,PASS,0.02,0.005763399388312418,0.005763399388312418,0.0,0.005431746317387669,0.005763399388312418,real_test maximum entity-balanced absolute y1-y0 frequency,synthetic maximum entity-balanced absolute y1-y0 frequency,,,34,0.0057633993883124176 <= 0.02,PASS,PASS,PASS,PASS,c1608e8d9ed8e0c6e90ee2958175b5c8f0332734fe2a4c885ebeabf7f4ac7636,2ac0fc9733602d0ef3adbcb81c27d6f824bb640e9ebe522194f9e021f65a1494,3d658d43446c310ddad5f6eff7cb6d688369ebc8df0d1ee25e5a67eff0ae4b8a,3b8a1206b6e88e3605e9ea707591996be456c7892a421784371442813690b6ea,a0393195aa8656f8b28e90b15042cd77716973602205ca71ac92c07242214dcd
block_8,1,2,COMPLETE,amount_ks,PASS,0.006081138155655141,0.002524117792510716,0.002524117792510716,0.0,4.999627320792747,5.000774934037678,real_test row-weighted amount mean,synthetic row-weighted amount mean,0.018305097113037107,0.00957475993000274,,0.0025241177925107161 <= 0.0060811381556551414,PASS,PASS,PASS,PASS,5459958bfd180a01da4292969268a61c1a1180fc97479b71ac9e64200262a659,6a8c02795a9ed3d9644db5254a0fcfdcd6ea16779b916b4545405b403a097527,f9f6e6ff869f3f2aa60aa1ffc838f119e70aa89ade3957e18633c17262709a22,976eafa852afdaa99a88caf5e8b3ac2350b998d7e5d25322c90d55ddbb954bdb,802fba17c15be183da665485786d833dc406090f48d53ab05d5e71828a9cec86
block_8,1,2,COMPLETE,gap_ks,PASS,0.006387882975686154,0.0028877412780479172,0.0028877412780479172,0.0,1.5056787062178993,1.5039891635854272,real_test row-weighted frozen-tau gap mean,synthetic row-weighted frozen-tau gap mean,0.005683703315469413,-0.030141608939779078,,0.0028877412780479172 <= 0.0063878829756861544,PASS,PASS,PASS,PASS,5459958bfd180a01da4292969268a61c1a1180fc97479b71ac9e64200262a659,6a8c02795a9ed3d9644db5254a0fcfdcd6ea16779b916b4545405b403a097527,f9f6e6ff869f3f2aa60aa1ffc838f119e70aa89ade3957e18633c17262709a22,976eafa852afdaa99a88caf5e8b3ac2350b998d7e5d25322c90d55ddbb954bdb,802fba17c15be183da665485786d833dc406090f48d53ab05d5e71828a9cec86
block_8,1,2,COMPLETE,amount_abs_standardized_label_effect,PASS,0.0363693454591819,0.009575194182568096,0.009575194182568096,0.0,0.018305097113037107,0.00957475993000274,real_test absolute standardized y1-y0 amount effect,synthetic absolute standardized y1-y0 amount effect,0.018305097113037107,0.00957475993000274,,0.0095751941825680965 <= 0.036369345459181898,PASS,PASS,PASS,PASS,5459958bfd180a01da4292969268a61c1a1180fc97479b71ac9e64200262a659,6a8c02795a9ed3d9644db5254a0fcfdcd6ea16779b916b4545405b403a097527,f9f6e6ff869f3f2aa60aa1ffc838f119e70aa89ade3957e18633c17262709a22,976eafa852afdaa99a88caf5e8b3ac2350b998d7e5d25322c90d55ddbb954bdb,802fba17c15be183da665485786d833dc406090f48d53ab05d5e71828a9cec86
block_8,1,2,COMPLETE,gap_abs_standardized_label_effect,PASS,0.051540527275560376,0.030141608939779078,0.030141608939779078,0.0,0.005683703315469413,0.030141608939779078,real_test absolute standardized y1-y0 gap effect,synthetic absolute standardized y1-y0 gap effect,0.005683703315469413,-0.030141608939779078,,0.030141608939779078 <= 0.051540527275560376,PASS,PASS,PASS,PASS,5459958bfd180a01da4292969268a61c1a1180fc97479b71ac9e64200262a659,6a8c02795a9ed3d9644db5254a0fcfdcd6ea16779b916b4545405b403a097527,f9f6e6ff869f3f2aa60aa1ffc838f119e70aa89ade3957e18633c17262709a22,976eafa852afdaa99a88caf5e8b3ac2350b998d7e5d25322c90d55ddbb954bdb,802fba17c15be183da665485786d833dc406090f48d53ab05d5e71828a9cec86
block_8,1,2,COMPLETE,receiver_max_abs_signed_frequency,PASS,0.02,0.00706979423134008,0.00706979423134008,0.0,0.005431746317387669,0.00706979423134008,real_test maximum entity-balanced absolute y1-y0 frequency,synthetic maximum entity-balanced absolute y1-y0 frequency,,,51,0.0070697942313400798 <= 0.02,PASS,PASS,PASS,PASS,5459958bfd180a01da4292969268a61c1a1180fc97479b71ac9e64200262a659,6a8c02795a9ed3d9644db5254a0fcfdcd6ea16779b916b4545405b403a097527,f9f6e6ff869f3f2aa60aa1ffc838f119e70aa89ade3957e18633c17262709a22,976eafa852afdaa99a88caf5e8b3ac2350b998d7e5d25322c90d55ddbb954bdb,802fba17c15be183da665485786d833dc406090f48d53ab05d5e71828a9cec86
block_8,2,2,COMPLETE,amount_ks,PASS,0.006081138155655141,0.0025283628281590476,0.0025283628281590476,0.0,4.999627320792747,4.997763131940733,real_test row-weighted amount mean,synthetic row-weighted amount mean,0.018305097113037107,0.010457417491725445,,0.0025283628281590476 <= 0.0060811381556551414,PASS,PASS,PASS,PASS,03bf7f804dfcf90873cf654215f8edd4801f1d26bc2c3c6b5a795d3bc51fd904,6de455f1d8fe58a900b10285f3811225492e1dc95244619de61e4f3a6311bbb4,710364ae7a45c652af0afe2886448d7354a895c0755e5b8285041d9c907c4785,4652cbbf88a2814609defb5b09cbc301fd332af0e85d6c8688b8290d2914668b,a724b1c32c0d8c758bcf1b72926a186532dcefbe531c940d32ffdd6c38c69877
block_8,2,2,COMPLETE,gap_ks,PASS,0.006387882975686154,0.002403846962272166,0.002403846962272166,0.0,1.5056787062178993,1.4988775430719732,real_test row-weighted frozen-tau gap mean,synthetic row-weighted frozen-tau gap mean,0.005683703315469413,-0.010507820779618668,,0.0024038469622721659 <= 0.0063878829756861544,PASS,PASS,PASS,PASS,03bf7f804dfcf90873cf654215f8edd4801f1d26bc2c3c6b5a795d3bc51fd904,6de455f1d8fe58a900b10285f3811225492e1dc95244619de61e4f3a6311bbb4,710364ae7a45c652af0afe2886448d7354a895c0755e5b8285041d9c907c4785,4652cbbf88a2814609defb5b09cbc301fd332af0e85d6c8688b8290d2914668b,a724b1c32c0d8c758bcf1b72926a186532dcefbe531c940d32ffdd6c38c69877
block_8,2,2,COMPLETE,amount_abs_standardized_label_effect,PASS,0.0363693454591819,0.01045836885593162,0.01045836885593162,0.0,0.018305097113037107,0.010457417491725445,real_test absolute standardized y1-y0 amount effect,synthetic absolute standardized y1-y0 amount effect,0.018305097113037107,0.010457417491725445,,0.01045836885593162 <= 0.036369345459181898,PASS,PASS,PASS,PASS,03bf7f804dfcf90873cf654215f8edd4801f1d26bc2c3c6b5a795d3bc51fd904,6de455f1d8fe58a900b10285f3811225492e1dc95244619de61e4f3a6311bbb4,710364ae7a45c652af0afe2886448d7354a895c0755e5b8285041d9c907c4785,4652cbbf88a2814609defb5b09cbc301fd332af0e85d6c8688b8290d2914668b,a724b1c32c0d8c758bcf1b72926a186532dcefbe531c940d32ffdd6c38c69877
block_8,2,2,COMPLETE,gap_abs_standardized_label_effect,PASS,0.051540527275560376,0.010507820779618668,0.010507820779618668,0.0,0.005683703315469413,0.010507820779618668,real_test absolute standardized y1-y0 gap effect,synthetic absolute standardized y1-y0 gap effect,0.005683703315469413,-0.010507820779618668,,0.010507820779618668 <= 0.051540527275560376,PASS,PASS,PASS,PASS,03bf7f804dfcf90873cf654215f8edd4801f1d26bc2c3c6b5a795d3bc51fd904,6de455f1d8fe58a900b10285f3811225492e1dc95244619de61e4f3a6311bbb4,710364ae7a45c652af0afe2886448d7354a895c0755e5b8285041d9c907c4785,4652cbbf88a2814609defb5b09cbc301fd332af0e85d6c8688b8290d2914668b,a724b1c32c0d8c758bcf1b72926a186532dcefbe531c940d32ffdd6c38c69877
block_8,2,2,COMPLETE,receiver_max_abs_signed_frequency,PASS,0.02,0.004762217363600546,0.004762217363600546,0.0,0.005431746317387669,0.004762217363600546,real_test maximum entity-balanced absolute y1-y0 frequency,synthetic maximum entity-balanced absolute y1-y0 frequency,,,16,0.0047622173636005464 <= 0.02,PASS,PASS,PASS,PASS,03bf7f804dfcf90873cf654215f8edd4801f1d26bc2c3c6b5a795d3bc51fd904,6de455f1d8fe58a900b10285f3811225492e1dc95244619de61e4f3a6311bbb4,710364ae7a45c652af0afe2886448d7354a895c0755e5b8285041d9c907c4785,4652cbbf88a2814609defb5b09cbc301fd332af0e85d6c8688b8290d2914668b,a724b1c32c0d8c758bcf1b72926a186532dcefbe531c940d32ffdd6c38c69877
block_8,3,2,COMPLETE,amount_ks,PASS,0.006081138155655141,0.0034729756784280807,0.0034729756784280807,0.0,4.999627320792747,5.000337721971512,real_test row-weighted amount mean,synthetic row-weighted amount mean,0.018305097113037107,0.01682411097844722,,0.0034729756784280807 <= 0.0060811381556551414,PASS,PASS,PASS,PASS,16a401c4ddf3b97bc41f86b622a4b961004557c4dcb57783e93974a0c1fade12,ec8c9257255577c0bc7bde98dcb8ee60e1477f27d73f3dc7446b82cc2b1fba51,21270fde2469fa93d5b1917674e0926b5385229e4c2df8a88ee94f62445c8188,bfebd20bc677233981fe788fd813b9f881ee3963511e47bb0d1f991c70250745,411e4cffae4c6126d35d821710185a97690b528eae44d8cf496812e46c920f32
block_8,3,2,COMPLETE,gap_ks,PASS,0.006387882975686154,0.002414338344109812,0.002414338344109812,0.0,1.5056787062178993,1.5084436339314484,real_test row-weighted frozen-tau gap mean,synthetic row-weighted frozen-tau gap mean,0.005683703315469413,0.007042435481834393,,0.0024143383441098121 <= 0.0063878829756861544,PASS,PASS,PASS,PASS,16a401c4ddf3b97bc41f86b622a4b961004557c4dcb57783e93974a0c1fade12,ec8c9257255577c0bc7bde98dcb8ee60e1477f27d73f3dc7446b82cc2b1fba51,21270fde2469fa93d5b1917674e0926b5385229e4c2df8a88ee94f62445c8188,bfebd20bc677233981fe788fd813b9f881ee3963511e47bb0d1f991c70250745,411e4cffae4c6126d35d821710185a97690b528eae44d8cf496812e46c920f32
block_8,3,2,COMPLETE,amount_abs_standardized_label_effect,PASS,0.0363693454591819,0.01682388724374973,0.01682388724374973,0.0,0.018305097113037107,0.01682411097844722,real_test absolute standardized y1-y0 amount effect,synthetic absolute standardized y1-y0 amount effect,0.018305097113037107,0.01682411097844722,,0.016823887243749731 <= 0.036369345459181898,PASS,PASS,PASS,PASS,16a401c4ddf3b97bc41f86b622a4b961004557c4dcb57783e93974a0c1fade12,ec8c9257255577c0bc7bde98dcb8ee60e1477f27d73f3dc7446b82cc2b1fba51,21270fde2469fa93d5b1917674e0926b5385229e4c2df8a88ee94f62445c8188,bfebd20bc677233981fe788fd813b9f881ee3963511e47bb0d1f991c70250745,411e4cffae4c6126d35d821710185a97690b528eae44d8cf496812e46c920f32
block_8,3,2,COMPLETE,gap_abs_standardized_label_effect,PASS,0.051540527275560376,0.007042435481834393,0.007042435481834393,0.0,0.005683703315469413,0.007042435481834393,real_test absolute standardized y1-y0 gap effect,synthetic absolute standardized y1-y0 gap effect,0.005683703315469413,0.007042435481834393,,0.0070424354818343932 <= 0.051540527275560376,PASS,PASS,PASS,PASS,16a401c4ddf3b97bc41f86b622a4b961004557c4dcb57783e93974a0c1fade12,ec8c9257255577c0bc7bde98dcb8ee60e1477f27d73f3dc7446b82cc2b1fba51,21270fde2469fa93d5b1917674e0926b5385229e4c2df8a88ee94f62445c8188,bfebd20bc677233981fe788fd813b9f881ee3963511e47bb0d1f991c70250745,411e4cffae4c6126d35d821710185a97690b528eae44d8cf496812e46c920f32
block_8,3,2,COMPLETE,receiver_max_abs_signed_frequency,PASS,0.02,0.0050442185213928695,0.0050442185213928695,0.0,0.005431746317387669,0.0050442185213928695,real_test maximum entity-balanced absolute y1-y0 frequency,synthetic maximum entity-balanced absolute y1-y0 frequency,,,55,0.0050442185213928695 <= 0.02,PASS,PASS,PASS,PASS,16a401c4ddf3b97bc41f86b622a4b961004557c4dcb57783e93974a0c1fade12,ec8c9257255577c0bc7bde98dcb8ee60e1477f27d73f3dc7446b82cc2b1fba51,21270fde2469fa93d5b1917674e0926b5385229e4c2df8a88ee94f62445c8188,bfebd20bc677233981fe788fd813b9f881ee3963511e47bb0d1f991c70250745,411e4cffae4c6126d35d821710185a97690b528eae44d8cf496812e46c920f32
block_8,4,2,COMPLETE,amount_ks,PASS,0.006081138155655141,0.003268066505643985,0.003268066505643985,0.0,4.999627320792747,4.999017880780199,real_test row-weighted amount mean,synthetic row-weighted amount mean,0.018305097113037107,0.020318725688564746,,0.003268066505643985 <= 0.0060811381556551414,PASS,PASS,PASS,PASS,0b12cc1c1aa3ea6186a8fc5011e6053c74d8381a47f0bc63a418dca4b27ca4aa,b6e4f039b62fb1cc3ea691913d29f365bb7577b93252c9fc7b9fd42e97609812,188736181b46101d0402d409eea12184620acfc7a82cdd767509b18192a8cd0e,6da5d8a55319fd5130b9e49e9d2f160403229314ac70f8ca134f5998cf33d617,39ef82115d59548be30b358ee36c1f7db87faa9f1da0a8be36402b3d6d14e7b0
block_8,4,2,COMPLETE,gap_ks,PASS,0.006387882975686154,0.0031021607243227334,0.0031021607243227334,0.0,1.5056787062178993,1.500960925688442,real_test row-weighted frozen-tau gap mean,synthetic row-weighted frozen-tau gap mean,0.005683703315469413,-0.021836567023034322,,0.0031021607243227334 <= 0.0063878829756861544,PASS,PASS,PASS,PASS,0b12cc1c1aa3ea6186a8fc5011e6053c74d8381a47f0bc63a418dca4b27ca4aa,b6e4f039b62fb1cc3ea691913d29f365bb7577b93252c9fc7b9fd42e97609812,188736181b46101d0402d409eea12184620acfc7a82cdd767509b18192a8cd0e,6da5d8a55319fd5130b9e49e9d2f160403229314ac70f8ca134f5998cf33d617,39ef82115d59548be30b358ee36c1f7db87faa9f1da0a8be36402b3d6d14e7b0
block_8,4,2,COMPLETE,amount_abs_standardized_label_effect,PASS,0.0363693454591819,0.0203195736780376,0.0203195736780376,0.0,0.018305097113037107,0.020318725688564746,real_test absolute standardized y1-y0 amount effect,synthetic absolute standardized y1-y0 amount effect,0.018305097113037107,0.020318725688564746,,0.020319573678037599 <= 0.036369345459181898,PASS,PASS,PASS,PASS,0b12cc1c1aa3ea6186a8fc5011e6053c74d8381a47f0bc63a418dca4b27ca4aa,b6e4f039b62fb1cc3ea691913d29f365bb7577b93252c9fc7b9fd42e97609812,188736181b46101d0402d409eea12184620acfc7a82cdd767509b18192a8cd0e,6da5d8a55319fd5130b9e49e9d2f160403229314ac70f8ca134f5998cf33d617,39ef82115d59548be30b358ee36c1f7db87faa9f1da0a8be36402b3d6d14e7b0
block_8,4,2,COMPLETE,gap_abs_standardized_label_effect,PASS,0.051540527275560376,0.021836567023034322,0.021836567023034322,0.0,0.005683703315469413,0.021836567023034322,real_test absolute standardized y1-y0 gap effect,synthetic absolute standardized y1-y0 gap effect,0.005683703315469413,-0.021836567023034322,,0.021836567023034322 <= 0.051540527275560376,PASS,PASS,PASS,PASS,0b12cc1c1aa3ea6186a8fc5011e6053c74d8381a47f0bc63a418dca4b27ca4aa,b6e4f039b62fb1cc3ea691913d29f365bb7577b93252c9fc7b9fd42e97609812,188736181b46101d0402d409eea12184620acfc7a82cdd767509b18192a8cd0e,6da5d8a55319fd5130b9e49e9d2f160403229314ac70f8ca134f5998cf33d617,39ef82115d59548be30b358ee36c1f7db87faa9f1da0a8be36402b3d6d14e7b0
block_8,4,2,COMPLETE,receiver_max_abs_signed_frequency,PASS,0.02,0.006246783952988584,0.006246783952988584,0.0,0.005431746317387669,0.006246783952988584,real_test maximum entity-balanced absolute y1-y0 frequency,synthetic maximum entity-balanced absolute y1-y0 frequency,,,8,0.0062467839529885844 <= 0.02,PASS,PASS,PASS,PASS,0b12cc1c1aa3ea6186a8fc5011e6053c74d8381a47f0bc63a418dca4b27ca4aa,b6e4f039b62fb1cc3ea691913d29f365bb7577b93252c9fc7b9fd42e97609812,188736181b46101d0402d409eea12184620acfc7a82cdd767509b18192a8cd0e,6da5d8a55319fd5130b9e49e9d2f160403229314ac70f8ca134f5998cf33d617,39ef82115d59548be30b358ee36c1f7db87faa9f1da0a8be36402b3d6d14e7b0
block_8,5,2,COMPLETE,amount_ks,PASS,0.006081138155655141,0.0026618603009514463,0.0026618603009514463,0.0,4.999627320792747,4.997800160718295,real_test row-weighted amount mean,synthetic row-weighted amount mean,0.018305097113037107,0.006018994085281324,,0.0026618603009514463 <= 0.0060811381556551414,PASS,PASS,PASS,PASS,0d0726dc6388aacc47a469c17e35f983235a8a37255c02f0ac954ada94dc111a,8600ec2169bac82631ecf80e2dc22e7385b23adba2ded4909d4cab6a68488eac,69e0d523c4f06d589bdc829199a9c159b1a51127e0226fab526e98b316429557,43e596a57a2e6fc8772a5f24c6c54f4c9443173e62d1c9b62935d14366693399,3f63641bb635ad7c8b220de377ecd41ba847bd4f5b2c378daaf16aa3276cd943
block_8,5,2,COMPLETE,gap_ks,PASS,0.006387882975686154,0.002110679749275035,0.002110679749275035,0.0,1.5056787062178993,1.5043850577412297,real_test row-weighted frozen-tau gap mean,synthetic row-weighted frozen-tau gap mean,0.005683703315469413,0.025255734935944737,,0.0021106797492750351 <= 0.0063878829756861544,PASS,PASS,PASS,PASS,0d0726dc6388aacc47a469c17e35f983235a8a37255c02f0ac954ada94dc111a,8600ec2169bac82631ecf80e2dc22e7385b23adba2ded4909d4cab6a68488eac,69e0d523c4f06d589bdc829199a9c159b1a51127e0226fab526e98b316429557,43e596a57a2e6fc8772a5f24c6c54f4c9443173e62d1c9b62935d14366693399,3f63641bb635ad7c8b220de377ecd41ba847bd4f5b2c378daaf16aa3276cd943
block_8,5,2,COMPLETE,amount_abs_standardized_label_effect,PASS,0.0363693454591819,0.006018647852784493,0.006018647852784493,0.0,0.018305097113037107,0.006018994085281324,real_test absolute standardized y1-y0 amount effect,synthetic absolute standardized y1-y0 amount effect,0.018305097113037107,0.006018994085281324,,0.0060186478527844934 <= 0.036369345459181898,PASS,PASS,PASS,PASS,0d0726dc6388aacc47a469c17e35f983235a8a37255c02f0ac954ada94dc111a,8600ec2169bac82631ecf80e2dc22e7385b23adba2ded4909d4cab6a68488eac,69e0d523c4f06d589bdc829199a9c159b1a51127e0226fab526e98b316429557,43e596a57a2e6fc8772a5f24c6c54f4c9443173e62d1c9b62935d14366693399,3f63641bb635ad7c8b220de377ecd41ba847bd4f5b2c378daaf16aa3276cd943
block_8,5,2,COMPLETE,gap_abs_standardized_label_effect,PASS,0.051540527275560376,0.025255734935944737,0.025255734935944737,0.0,0.005683703315469413,0.025255734935944737,real_test absolute standardized y1-y0 gap effect,synthetic absolute standardized y1-y0 gap effect,0.005683703315469413,0.025255734935944737,,0.025255734935944737 <= 0.051540527275560376,PASS,PASS,PASS,PASS,0d0726dc6388aacc47a469c17e35f983235a8a37255c02f0ac954ada94dc111a,8600ec2169bac82631ecf80e2dc22e7385b23adba2ded4909d4cab6a68488eac,69e0d523c4f06d589bdc829199a9c159b1a51127e0226fab526e98b316429557,43e596a57a2e6fc8772a5f24c6c54f4c9443173e62d1c9b62935d14366693399,3f63641bb635ad7c8b220de377ecd41ba847bd4f5b2c378daaf16aa3276cd943
block_8,5,2,COMPLETE,receiver_max_abs_signed_frequency,PASS,0.02,0.0060471970354020015,0.0060471970354020015,0.0,0.005431746317387669,0.0060471970354020015,real_test maximum entity-balanced absolute y1-y0 frequency,synthetic maximum entity-balanced absolute y1-y0 frequency,,,35,0.0060471970354020015 <= 0.02,PASS,PASS,PASS,PASS,0d0726dc6388aacc47a469c17e35f983235a8a37255c02f0ac954ada94dc111a,8600ec2169bac82631ecf80e2dc22e7385b23adba2ded4909d4cab6a68488eac,69e0d523c4f06d589bdc829199a9c159b1a51127e0226fab526e98b316429557,43e596a57a2e6fc8772a5f24c6c54f4c9443173e62d1c9b62935d14366693399,3f63641bb635ad7c8b220de377ecd41ba847bd4f5b2c378daaf16aa3276cd943
full_sequence_reference,1,2,COMPLETE,amount_ks,PASS,0.006081138155655141,0.003214312629453042,0.003214312629453042,0.0,4.999627320792747,4.996849888129683,real_test row-weighted amount mean,synthetic row-weighted amount mean,0.018305097113037107,0.00994660842635412,,0.0032143126294530422 <= 0.0060811381556551414,PASS,PASS,PASS,PASS,33a30825fe84d36c1ff4f5fef6e9a1e8463f9975230eb228a9a18f257892c2d0,1d047e1c70dec3bb476b58ccf0bffc606ca286c5fedffbc607111eb3832183e4,7586f029c411819818fe2115d0a0f4e5be40a2238486f8f8902bda8191bb2ce3,365c4e7e7a0aa642619e5b75ae42b6a5d6f33e3c373380660fc4e852787c87a6,f6dcf7c6c43f6757423c0188bea03269d380802b6278a9263bb46420c220c49d
full_sequence_reference,1,2,COMPLETE,gap_ks,PASS,0.006387882975686154,0.0047175968377918265,0.0047175968377918265,0.0,1.5056787062178993,1.4926784207510653,real_test row-weighted frozen-tau gap mean,synthetic row-weighted frozen-tau gap mean,0.005683703315469413,0.0066458786842862865,,0.0047175968377918265 <= 0.0063878829756861544,PASS,PASS,PASS,PASS,33a30825fe84d36c1ff4f5fef6e9a1e8463f9975230eb228a9a18f257892c2d0,1d047e1c70dec3bb476b58ccf0bffc606ca286c5fedffbc607111eb3832183e4,7586f029c411819818fe2115d0a0f4e5be40a2238486f8f8902bda8191bb2ce3,365c4e7e7a0aa642619e5b75ae42b6a5d6f33e3c373380660fc4e852787c87a6,f6dcf7c6c43f6757423c0188bea03269d380802b6278a9263bb46420c220c49d
full_sequence_reference,1,2,COMPLETE,amount_abs_standardized_label_effect,PASS,0.0363693454591819,0.00994693273097478,0.00994693273097478,0.0,0.018305097113037107,0.00994660842635412,real_test absolute standardized y1-y0 amount effect,synthetic absolute standardized y1-y0 amount effect,0.018305097113037107,0.00994660842635412,,0.0099469327309747793 <= 0.036369345459181898,PASS,PASS,PASS,PASS,33a30825fe84d36c1ff4f5fef6e9a1e8463f9975230eb228a9a18f257892c2d0,1d047e1c70dec3bb476b58ccf0bffc606ca286c5fedffbc607111eb3832183e4,7586f029c411819818fe2115d0a0f4e5be40a2238486f8f8902bda8191bb2ce3,365c4e7e7a0aa642619e5b75ae42b6a5d6f33e3c373380660fc4e852787c87a6,f6dcf7c6c43f6757423c0188bea03269d380802b6278a9263bb46420c220c49d
full_sequence_reference,1,2,COMPLETE,gap_abs_standardized_label_effect,PASS,0.051540527275560376,0.0066458786842862865,0.0066458786842862865,0.0,0.005683703315469413,0.0066458786842862865,real_test absolute standardized y1-y0 gap effect,synthetic absolute standardized y1-y0 gap effect,0.005683703315469413,0.0066458786842862865,,0.0066458786842862865 <= 0.051540527275560376,PASS,PASS,PASS,PASS,33a30825fe84d36c1ff4f5fef6e9a1e8463f9975230eb228a9a18f257892c2d0,1d047e1c70dec3bb476b58ccf0bffc606ca286c5fedffbc607111eb3832183e4,7586f029c411819818fe2115d0a0f4e5be40a2238486f8f8902bda8191bb2ce3,365c4e7e7a0aa642619e5b75ae42b6a5d6f33e3c373380660fc4e852787c87a6,f6dcf7c6c43f6757423c0188bea03269d380802b6278a9263bb46420c220c49d
full_sequence_reference,1,2,COMPLETE,receiver_max_abs_signed_frequency,PASS,0.02,0.006273835880986629,0.006273835880986629,0.0,0.005431746317387669,0.006273835880986629,real_test maximum entity-balanced absolute y1-y0 frequency,synthetic maximum entity-balanced absolute y1-y0 frequency,,,3,0.0062738358809866293 <= 0.02,PASS,PASS,PASS,PASS,33a30825fe84d36c1ff4f5fef6e9a1e8463f9975230eb228a9a18f257892c2d0,1d047e1c70dec3bb476b58ccf0bffc606ca286c5fedffbc607111eb3832183e4,7586f029c411819818fe2115d0a0f4e5be40a2238486f8f8902bda8191bb2ce3,365c4e7e7a0aa642619e5b75ae42b6a5d6f33e3c373380660fc4e852787c87a6,f6dcf7c6c43f6757423c0188bea03269d380802b6278a9263bb46420c220c49d
full_sequence_reference,2,2,COMPLETE,amount_ks,PASS,0.006081138155655141,0.0023864295901670496,0.0023864295901670496,0.0,4.999627320792747,4.998622112511443,real_test row-weighted amount mean,synthetic row-weighted amount mean,0.018305097113037107,0.01942727294613516,,0.0023864295901670496 <= 0.0060811381556551414,PASS,PASS,PASS,PASS,738bd475c6be62812157ac17690e89c6bea0855b42da36acaa4ffd42766e2099,162b3bab1d1c2a55ff642be933aa4cb4788b4a47fbc1741f8d4678c7c15aae99,da4693ed97cb9eee9ce88167f40be88722ca35b7ef1bd36a5ec58354aa3669ce,c211c4797b87be0ad1e5036665c52983498546402f1ef6a5434a78dd56aa5e08,6efc637db8208d7decaa27276ceb55d5aebd7afe4283152b8e0934bd56d40ea7
full_sequence_reference,2,2,COMPLETE,gap_ks,PASS,0.006387882975686154,0.0018313332744498423,0.0018313332744498423,0.0,1.5056787062178993,1.5050236164113167,real_test row-weighted frozen-tau gap mean,synthetic row-weighted frozen-tau gap mean,0.005683703315469413,-0.030798590662566818,,0.0018313332744498423 <= 0.0063878829756861544,PASS,PASS,PASS,PASS,738bd475c6be62812157ac17690e89c6bea0855b42da36acaa4ffd42766e2099,162b3bab1d1c2a55ff642be933aa4cb4788b4a47fbc1741f8d4678c7c15aae99,da4693ed97cb9eee9ce88167f40be88722ca35b7ef1bd36a5ec58354aa3669ce,c211c4797b87be0ad1e5036665c52983498546402f1ef6a5434a78dd56aa5e08,6efc637db8208d7decaa27276ceb55d5aebd7afe4283152b8e0934bd56d40ea7
full_sequence_reference,2,2,COMPLETE,amount_abs_standardized_label_effect,PASS,0.0363693454591819,0.019427088726132087,0.019427088726132087,0.0,0.018305097113037107,0.01942727294613516,real_test absolute standardized y1-y0 amount effect,synthetic absolute standardized y1-y0 amount effect,0.018305097113037107,0.01942727294613516,,0.019427088726132087 <= 0.036369345459181898,PASS,PASS,PASS,PASS,738bd475c6be62812157ac17690e89c6bea0855b42da36acaa4ffd42766e2099,162b3bab1d1c2a55ff642be933aa4cb4788b4a47fbc1741f8d4678c7c15aae99,da4693ed97cb9eee9ce88167f40be88722ca35b7ef1bd36a5ec58354aa3669ce,c211c4797b87be0ad1e5036665c52983498546402f1ef6a5434a78dd56aa5e08,6efc637db8208d7decaa27276ceb55d5aebd7afe4283152b8e0934bd56d40ea7
full_sequence_reference,2,2,COMPLETE,gap_abs_standardized_label_effect,PASS,0.051540527275560376,0.030798590662566818,0.030798590662566818,0.0,0.005683703315469413,0.030798590662566818,real_test absolute standardized y1-y0 gap effect,synthetic absolute standardized y1-y0 gap effect,0.005683703315469413,-0.030798590662566818,,0.030798590662566818 <= 0.051540527275560376,PASS,PASS,PASS,PASS,738bd475c6be62812157ac17690e89c6bea0855b42da36acaa4ffd42766e2099,162b3bab1d1c2a55ff642be933aa4cb4788b4a47fbc1741f8d4678c7c15aae99,da4693ed97cb9eee9ce88167f40be88722ca35b7ef1bd36a5ec58354aa3669ce,c211c4797b87be0ad1e5036665c52983498546402f1ef6a5434a78dd56aa5e08,6efc637db8208d7decaa27276ceb55d5aebd7afe4283152b8e0934bd56d40ea7
full_sequence_reference,2,2,COMPLETE,receiver_max_abs_signed_frequency,PASS,0.02,0.007990902698992016,0.007990902698992016,0.0,0.005431746317387669,0.007990902698992016,real_test maximum entity-balanced absolute y1-y0 frequency,synthetic maximum entity-balanced absolute y1-y0 frequency,,,7,0.0079909026989920164 <= 0.02,PASS,PASS,PASS,PASS,738bd475c6be62812157ac17690e89c6bea0855b42da36acaa4ffd42766e2099,162b3bab1d1c2a55ff642be933aa4cb4788b4a47fbc1741f8d4678c7c15aae99,da4693ed97cb9eee9ce88167f40be88722ca35b7ef1bd36a5ec58354aa3669ce,c211c4797b87be0ad1e5036665c52983498546402f1ef6a5434a78dd56aa5e08,6efc637db8208d7decaa27276ceb55d5aebd7afe4283152b8e0934bd56d40ea7
full_sequence_reference,3,2,COMPLETE,amount_ks,PASS,0.006081138155655141,0.0019136649164439717,0.0019136649164439717,0.0,4.999627320792747,5.000214104498223,real_test row-weighted amount mean,synthetic row-weighted amount mean,0.018305097113037107,0.00010527091787644335,,0.0019136649164439717 <= 0.0060811381556551414,PASS,PASS,PASS,PASS,89fd122d404c7524017fbba3f57c1682e5d643b99abdbedbda04c1f15b995c4c,95e50122b82cb108dda88f5197fa0d6869d3d480b12b234854301a9884f7f793,41a9a3777078ccaa2847f40a719fa6c0cb9a1e550693dbfcdb28c02303f700af,e571be63a632cdf3b5b23e0ffb3fc66b2f1aa715ab3bab7ea6dc58103df5cb4c,b0a7cd37d1239181fbcbbf4443354ceeab7c8bdd021f4042f5aeaffaf5a2e5d8
full_sequence_reference,3,2,COMPLETE,gap_ks,PASS,0.006387882975686154,0.002278363400990191,0.002278363400990191,0.0,1.5056787062178993,1.5062621553537698,real_test row-weighted frozen-tau gap mean,synthetic row-weighted frozen-tau gap mean,0.005683703315469413,-0.024372983722991442,,0.002278363400990191 <= 0.0063878829756861544,PASS,PASS,PASS,PASS,89fd122d404c7524017fbba3f57c1682e5d643b99abdbedbda04c1f15b995c4c,95e50122b82cb108dda88f5197fa0d6869d3d480b12b234854301a9884f7f793,41a9a3777078ccaa2847f40a719fa6c0cb9a1e550693dbfcdb28c02303f700af,e571be63a632cdf3b5b23e0ffb3fc66b2f1aa715ab3bab7ea6dc58103df5cb4c,b0a7cd37d1239181fbcbbf4443354ceeab7c8bdd021f4042f5aeaffaf5a2e5d8
full_sequence_reference,3,2,COMPLETE,amount_abs_standardized_label_effect,PASS,0.0363693454591819,0.00010449581251996312,0.00010449581251996312,0.0,0.018305097113037107,0.00010527091787644335,real_test absolute standardized y1-y0 amount effect,synthetic absolute standardized y1-y0 amount effect,0.018305097113037107,0.00010527091787644335,,0.00010449581251996312 <= 0.036369345459181898,PASS,PASS,PASS,PASS,89fd122d404c7524017fbba3f57c1682e5d643b99abdbedbda04c1f15b995c4c,95e50122b82cb108dda88f5197fa0d6869d3d480b12b234854301a9884f7f793,41a9a3777078ccaa2847f40a719fa6c0cb9a1e550693dbfcdb28c02303f700af,e571be63a632cdf3b5b23e0ffb3fc66b2f1aa715ab3bab7ea6dc58103df5cb4c,b0a7cd37d1239181fbcbbf4443354ceeab7c8bdd021f4042f5aeaffaf5a2e5d8
full_sequence_reference,3,2,COMPLETE,gap_abs_standardized_label_effect,PASS,0.051540527275560376,0.024372983722991442,0.024372983722991442,0.0,0.005683703315469413,0.024372983722991442,real_test absolute standardized y1-y0 gap effect,synthetic absolute standardized y1-y0 gap effect,0.005683703315469413,-0.024372983722991442,,0.024372983722991442 <= 0.051540527275560376,PASS,PASS,PASS,PASS,89fd122d404c7524017fbba3f57c1682e5d643b99abdbedbda04c1f15b995c4c,95e50122b82cb108dda88f5197fa0d6869d3d480b12b234854301a9884f7f793,41a9a3777078ccaa2847f40a719fa6c0cb9a1e550693dbfcdb28c02303f700af,e571be63a632cdf3b5b23e0ffb3fc66b2f1aa715ab3bab7ea6dc58103df5cb4c,b0a7cd37d1239181fbcbbf4443354ceeab7c8bdd021f4042f5aeaffaf5a2e5d8
full_sequence_reference,3,2,COMPLETE,receiver_max_abs_signed_frequency,PASS,0.02,0.005356481165455496,0.005356481165455496,0.0,0.005431746317387669,0.005356481165455496,real_test maximum entity-balanced absolute y1-y0 frequency,synthetic maximum entity-balanced absolute y1-y0 frequency,,,51,0.0053564811654554963 <= 0.02,PASS,PASS,PASS,PASS,89fd122d404c7524017fbba3f57c1682e5d643b99abdbedbda04c1f15b995c4c,95e50122b82cb108dda88f5197fa0d6869d3d480b12b234854301a9884f7f793,41a9a3777078ccaa2847f40a719fa6c0cb9a1e550693dbfcdb28c02303f700af,e571be63a632cdf3b5b23e0ffb3fc66b2f1aa715ab3bab7ea6dc58103df5cb4c,b0a7cd37d1239181fbcbbf4443354ceeab7c8bdd021f4042f5aeaffaf5a2e5d8
full_sequence_reference,4,2,COMPLETE,amount_ks,PASS,0.006081138155655141,0.0036018183662543946,0.0036018183662543946,0.0,4.999627320792747,4.997788120914991,real_test row-weighted amount mean,synthetic row-weighted amount mean,0.018305097113037107,0.027509581056597496,,0.0036018183662543946 <= 0.0060811381556551414,PASS,PASS,PASS,PASS,05eb83eb80b7834badaaa4cf4ebe9c6d6f9ebc6de7aca521146d8380162970bd,5ffc36b5e2e8237137ef3b0d1251e8d4422a7668388283105f42984ec848d69e,2f592aaef1084b62ed5e9eace41e1901044b93e7e5bafb99ce97e9bdf11ab323,f18462cd234b61e01b017f33875d85e195ae265bc61af4bfef850b9817711573,92eedd5df50bb61f3d5cee24fdae3e888161dfb94869e4cb41cade4826ef4dc9
full_sequence_reference,4,2,COMPLETE,gap_ks,PASS,0.006387882975686154,0.004153960724712913,0.004153960724712913,0.0,1.5056787062178993,1.5083517948587932,real_test row-weighted frozen-tau gap mean,synthetic row-weighted frozen-tau gap mean,0.005683703315469413,-0.02850175817171401,,0.0041539607247129129 <= 0.0063878829756861544,PASS,PASS,PASS,PASS,05eb83eb80b7834badaaa4cf4ebe9c6d6f9ebc6de7aca521146d8380162970bd,5ffc36b5e2e8237137ef3b0d1251e8d4422a7668388283105f42984ec848d69e,2f592aaef1084b62ed5e9eace41e1901044b93e7e5bafb99ce97e9bdf11ab323,f18462cd234b61e01b017f33875d85e195ae265bc61af4bfef850b9817711573,92eedd5df50bb61f3d5cee24fdae3e888161dfb94869e4cb41cade4826ef4dc9
full_sequence_reference,4,2,COMPLETE,amount_abs_standardized_label_effect,PASS,0.0363693454591819,0.027509692786029143,0.027509692786029143,0.0,0.018305097113037107,0.027509581056597496,real_test absolute standardized y1-y0 amount effect,synthetic absolute standardized y1-y0 amount effect,0.018305097113037107,0.027509581056597496,,0.027509692786029143 <= 0.036369345459181898,PASS,PASS,PASS,PASS,05eb83eb80b7834badaaa4cf4ebe9c6d6f9ebc6de7aca521146d8380162970bd,5ffc36b5e2e8237137ef3b0d1251e8d4422a7668388283105f42984ec848d69e,2f592aaef1084b62ed5e9eace41e1901044b93e7e5bafb99ce97e9bdf11ab323,f18462cd234b61e01b017f33875d85e195ae265bc61af4bfef850b9817711573,92eedd5df50bb61f3d5cee24fdae3e888161dfb94869e4cb41cade4826ef4dc9
full_sequence_reference,4,2,COMPLETE,gap_abs_standardized_label_effect,PASS,0.051540527275560376,0.02850175817171401,0.02850175817171401,0.0,0.005683703315469413,0.02850175817171401,real_test absolute standardized y1-y0 gap effect,synthetic absolute standardized y1-y0 gap effect,0.005683703315469413,-0.02850175817171401,,0.02850175817171401 <= 0.051540527275560376,PASS,PASS,PASS,PASS,05eb83eb80b7834badaaa4cf4ebe9c6d6f9ebc6de7aca521146d8380162970bd,5ffc36b5e2e8237137ef3b0d1251e8d4422a7668388283105f42984ec848d69e,2f592aaef1084b62ed5e9eace41e1901044b93e7e5bafb99ce97e9bdf11ab323,f18462cd234b61e01b017f33875d85e195ae265bc61af4bfef850b9817711573,92eedd5df50bb61f3d5cee24fdae3e888161dfb94869e4cb41cade4826ef4dc9
full_sequence_reference,4,2,COMPLETE,receiver_max_abs_signed_frequency,PASS,0.02,0.00757311625668272,0.00757311625668272,0.0,0.005431746317387669,0.00757311625668272,real_test maximum entity-balanced absolute y1-y0 frequency,synthetic maximum entity-balanced absolute y1-y0 frequency,,,6,0.0075731162566827197 <= 0.02,PASS,PASS,PASS,PASS,05eb83eb80b7834badaaa4cf4ebe9c6d6f9ebc6de7aca521146d8380162970bd,5ffc36b5e2e8237137ef3b0d1251e8d4422a7668388283105f42984ec848d69e,2f592aaef1084b62ed5e9eace41e1901044b93e7e5bafb99ce97e9bdf11ab323,f18462cd234b61e01b017f33875d85e195ae265bc61af4bfef850b9817711573,92eedd5df50bb61f3d5cee24fdae3e888161dfb94869e4cb41cade4826ef4dc9
full_sequence_reference,5,2,COMPLETE,amount_ks,PASS,0.006081138155655141,0.0024586861425447415,0.0024586861425447415,0.0,4.999627320792747,4.999642053971832,real_test row-weighted amount mean,synthetic row-weighted amount mean,0.018305097113037107,-0.011310658818033153,,0.0024586861425447415 <= 0.0060811381556551414,PASS,PASS,PASS,PASS,468392c651b6f54c71720b194f1f2141fb2d4ad968692dbe3bb62d1513c1770a,c8600cf1adba17b5e8f60c2966812b97f25ae39ddcc7f780e0c859d3c51e528c,2990552a9eec93035d091d6d93a590a964639b744cb42af053a12d738ffbc651,1002e6e7d12059e156bf7c37985f646da7496e422e58c4ba701cdb2b726459f7,6c3e8ddc6aaa60cfcab4feca9fc875f4a980b9f70f7218ae4ba1894083304989
full_sequence_reference,5,2,COMPLETE,gap_ks,PASS,0.006387882975686154,0.002980882614124214,0.002980882614124214,0.0,1.5056787062178993,1.512349193461261,real_test row-weighted frozen-tau gap mean,synthetic row-weighted frozen-tau gap mean,0.005683703315469413,-0.022205014867347793,,0.002980882614124214 <= 0.0063878829756861544,PASS,PASS,PASS,PASS,468392c651b6f54c71720b194f1f2141fb2d4ad968692dbe3bb62d1513c1770a,c8600cf1adba17b5e8f60c2966812b97f25ae39ddcc7f780e0c859d3c51e528c,2990552a9eec93035d091d6d93a590a964639b744cb42af053a12d738ffbc651,1002e6e7d12059e156bf7c37985f646da7496e422e58c4ba701cdb2b726459f7,6c3e8ddc6aaa60cfcab4feca9fc875f4a980b9f70f7218ae4ba1894083304989
full_sequence_reference,5,2,COMPLETE,amount_abs_standardized_label_effect,PASS,0.0363693454591819,0.01131025274709397,0.01131025274709397,0.0,0.018305097113037107,0.011310658818033153,real_test absolute standardized y1-y0 amount effect,synthetic absolute standardized y1-y0 amount effect,0.018305097113037107,-0.011310658818033153,,0.01131025274709397 <= 0.036369345459181898,PASS,PASS,PASS,PASS,468392c651b6f54c71720b194f1f2141fb2d4ad968692dbe3bb62d1513c1770a,c8600cf1adba17b5e8f60c2966812b97f25ae39ddcc7f780e0c859d3c51e528c,2990552a9eec93035d091d6d93a590a964639b744cb42af053a12d738ffbc651,1002e6e7d12059e156bf7c37985f646da7496e422e58c4ba701cdb2b726459f7,6c3e8ddc6aaa60cfcab4feca9fc875f4a980b9f70f7218ae4ba1894083304989
full_sequence_reference,5,2,COMPLETE,gap_abs_standardized_label_effect,PASS,0.051540527275560376,0.022205014867347793,0.022205014867347793,0.0,0.005683703315469413,0.022205014867347793,real_test absolute standardized y1-y0 gap effect,synthetic absolute standardized y1-y0 gap effect,0.005683703315469413,-0.022205014867347793,,0.022205014867347793 <= 0.051540527275560376,PASS,PASS,PASS,PASS,468392c651b6f54c71720b194f1f2141fb2d4ad968692dbe3bb62d1513c1770a,c8600cf1adba17b5e8f60c2966812b97f25ae39ddcc7f780e0c859d3c51e528c,2990552a9eec93035d091d6d93a590a964639b744cb42af053a12d738ffbc651,1002e6e7d12059e156bf7c37985f646da7496e422e58c4ba701cdb2b726459f7,6c3e8ddc6aaa60cfcab4feca9fc875f4a980b9f70f7218ae4ba1894083304989
full_sequence_reference,5,2,COMPLETE,receiver_max_abs_signed_frequency,PASS,0.02,0.006161925886948099,0.006161925886948099,0.0,0.005431746317387669,0.006161925886948099,real_test maximum entity-balanced absolute y1-y0 frequency,synthetic maximum entity-balanced absolute y1-y0 frequency,,,29,0.0061619258869480987 <= 0.02,PASS,PASS,PASS,PASS,468392c651b6f54c71720b194f1f2141fb2d4ad968692dbe3bb62d1513c1770a,c8600cf1adba17b5e8f60c2966812b97f25ae39ddcc7f780e0c859d3c51e528c,2990552a9eec93035d091d6d93a590a964639b744cb42af053a12d738ffbc651,1002e6e7d12059e156bf7c37985f646da7496e422e58c4ba701cdb2b726459f7,6c3e8ddc6aaa60cfcab4feca9fc875f4a980b9f70f7218ae4ba1894083304989
independent_markov,1,2,COMPLETE,amount_ks,PASS,0.006081138155655141,0.001932224843034458,0.001932224843034458,0.0,4.999627320792747,4.997414489121131,real_test row-weighted amount mean,synthetic row-weighted amount mean,0.018305097113037107,0.010674457751708805,,0.001932224843034458 <= 0.0060811381556551414,PASS,PASS,PASS,PASS,c8517df4915e7b82ee0e63e1400be2b4c1d7e917ea92af68fa2ae5418499f570,857cf46556773c7d0fac224562c633e227f8f9912f8b745191394128b8fe445d,d33b2212bbf70018aaa85f24060599c6de8db9220d39c26975a941ff9c6a59d6,0e5eb19fb4bc82d99dc5d247250d99594bec597d8bf9553ab9296bcf1586e7d5,59d693e392e4d77858c6582042c2051e584088713ce2d3b4a90aaf7dd1308509
independent_markov,1,2,COMPLETE,gap_ks,PASS,0.006387882975686154,0.0032144570640429693,0.0032144570640429693,0.0,1.5056787062178993,1.4968790636935543,real_test row-weighted frozen-tau gap mean,synthetic row-weighted frozen-tau gap mean,0.005683703315469413,-0.002962777569580182,,0.0032144570640429693 <= 0.0063878829756861544,PASS,PASS,PASS,PASS,c8517df4915e7b82ee0e63e1400be2b4c1d7e917ea92af68fa2ae5418499f570,857cf46556773c7d0fac224562c633e227f8f9912f8b745191394128b8fe445d,d33b2212bbf70018aaa85f24060599c6de8db9220d39c26975a941ff9c6a59d6,0e5eb19fb4bc82d99dc5d247250d99594bec597d8bf9553ab9296bcf1586e7d5,59d693e392e4d77858c6582042c2051e584088713ce2d3b4a90aaf7dd1308509
independent_markov,1,2,COMPLETE,amount_abs_standardized_label_effect,PASS,0.0363693454591819,0.010673632839144303,0.010673632839144303,0.0,0.018305097113037107,0.010674457751708805,real_test absolute standardized y1-y0 amount effect,synthetic absolute standardized y1-y0 amount effect,0.018305097113037107,0.010674457751708805,,0.010673632839144303 <= 0.036369345459181898,PASS,PASS,PASS,PASS,c8517df4915e7b82ee0e63e1400be2b4c1d7e917ea92af68fa2ae5418499f570,857cf46556773c7d0fac224562c633e227f8f9912f8b745191394128b8fe445d,d33b2212bbf70018aaa85f24060599c6de8db9220d39c26975a941ff9c6a59d6,0e5eb19fb4bc82d99dc5d247250d99594bec597d8bf9553ab9296bcf1586e7d5,59d693e392e4d77858c6582042c2051e584088713ce2d3b4a90aaf7dd1308509
independent_markov,1,2,COMPLETE,gap_abs_standardized_label_effect,PASS,0.051540527275560376,0.002962777569580182,0.002962777569580182,0.0,0.005683703315469413,0.002962777569580182,real_test absolute standardized y1-y0 gap effect,synthetic absolute standardized y1-y0 gap effect,0.005683703315469413,-0.002962777569580182,,0.0029627775695801818 <= 0.051540527275560376,PASS,PASS,PASS,PASS,c8517df4915e7b82ee0e63e1400be2b4c1d7e917ea92af68fa2ae5418499f570,857cf46556773c7d0fac224562c633e227f8f9912f8b745191394128b8fe445d,d33b2212bbf70018aaa85f24060599c6de8db9220d39c26975a941ff9c6a59d6,0e5eb19fb4bc82d99dc5d247250d99594bec597d8bf9553ab9296bcf1586e7d5,59d693e392e4d77858c6582042c2051e584088713ce2d3b4a90aaf7dd1308509
independent_markov,1,2,COMPLETE,receiver_max_abs_signed_frequency,PASS,0.02,0.005532501800125975,0.005532501800125975,0.0,0.005431746317387669,0.005532501800125975,real_test maximum entity-balanced absolute y1-y0 frequency,synthetic maximum entity-balanced absolute y1-y0 frequency,,,10,0.0055325018001259746 <= 0.02,PASS,PASS,PASS,PASS,c8517df4915e7b82ee0e63e1400be2b4c1d7e917ea92af68fa2ae5418499f570,857cf46556773c7d0fac224562c633e227f8f9912f8b745191394128b8fe445d,d33b2212bbf70018aaa85f24060599c6de8db9220d39c26975a941ff9c6a59d6,0e5eb19fb4bc82d99dc5d247250d99594bec597d8bf9553ab9296bcf1586e7d5,59d693e392e4d77858c6582042c2051e584088713ce2d3b4a90aaf7dd1308509
independent_markov,2,2,COMPLETE,amount_ks,PASS,0.006081138155655141,0.0032213920508025184,0.0032213920508025184,0.0,4.999627320792747,5.002684245368831,real_test row-weighted amount mean,synthetic row-weighted amount mean,0.018305097113037107,0.02424697276832633,,0.0032213920508025184 <= 0.0060811381556551414,PASS,PASS,PASS,PASS,87d711030042f4dd31f8bd7836a5b84ae2d3391960883695e4b809f7550be276,3a2ef93bd4bd38eaead6b001a4f8271d137ee3c736d053fdd6dbaf88cddfdc44,fd4c9fc24693e5747be192a3cb37711ec2f602f9c42da1fa486dde3fc3a4c787,cf27ea60712ecc219236561870bf38421e4a0bb4c9c5eb193445ca07b207493b,3b053becd885628f4e8e7ed32df6225370046059e4dc23bebd2ed939b58fdad0
independent_markov,2,2,COMPLETE,gap_ks,PASS,0.006387882975686154,0.0015827773753172292,0.0015827773753172292,0.0,1.5056787062178993,1.507701120703215,real_test row-weighted frozen-tau gap mean,synthetic row-weighted frozen-tau gap mean,0.005683703315469413,-0.030399448521020857,,0.0015827773753172292 <= 0.0063878829756861544,PASS,PASS,PASS,PASS,87d711030042f4dd31f8bd7836a5b84ae2d3391960883695e4b809f7550be276,3a2ef93bd4bd38eaead6b001a4f8271d137ee3c736d053fdd6dbaf88cddfdc44,fd4c9fc24693e5747be192a3cb37711ec2f602f9c42da1fa486dde3fc3a4c787,cf27ea60712ecc219236561870bf38421e4a0bb4c9c5eb193445ca07b207493b,3b053becd885628f4e8e7ed32df6225370046059e4dc23bebd2ed939b58fdad0
independent_markov,2,2,COMPLETE,amount_abs_standardized_label_effect,PASS,0.0363693454591819,0.024247210764992155,0.024247210764992155,0.0,0.018305097113037107,0.02424697276832633,real_test absolute standardized y1-y0 amount effect,synthetic absolute standardized y1-y0 amount effect,0.018305097113037107,0.02424697276832633,,0.024247210764992155 <= 0.036369345459181898,PASS,PASS,PASS,PASS,87d711030042f4dd31f8bd7836a5b84ae2d3391960883695e4b809f7550be276,3a2ef93bd4bd38eaead6b001a4f8271d137ee3c736d053fdd6dbaf88cddfdc44,fd4c9fc24693e5747be192a3cb37711ec2f602f9c42da1fa486dde3fc3a4c787,cf27ea60712ecc219236561870bf38421e4a0bb4c9c5eb193445ca07b207493b,3b053becd885628f4e8e7ed32df6225370046059e4dc23bebd2ed939b58fdad0
independent_markov,2,2,COMPLETE,gap_abs_standardized_label_effect,PASS,0.051540527275560376,0.030399448521020857,0.030399448521020857,0.0,0.005683703315469413,0.030399448521020857,real_test absolute standardized y1-y0 gap effect,synthetic absolute standardized y1-y0 gap effect,0.005683703315469413,-0.030399448521020857,,0.030399448521020857 <= 0.051540527275560376,PASS,PASS,PASS,PASS,87d711030042f4dd31f8bd7836a5b84ae2d3391960883695e4b809f7550be276,3a2ef93bd4bd38eaead6b001a4f8271d137ee3c736d053fdd6dbaf88cddfdc44,fd4c9fc24693e5747be192a3cb37711ec2f602f9c42da1fa486dde3fc3a4c787,cf27ea60712ecc219236561870bf38421e4a0bb4c9c5eb193445ca07b207493b,3b053becd885628f4e8e7ed32df6225370046059e4dc23bebd2ed939b58fdad0
independent_markov,2,2,COMPLETE,receiver_max_abs_signed_frequency,PASS,0.02,0.004524574359383641,0.004524574359383641,0.0,0.005431746317387669,0.004524574359383641,real_test maximum entity-balanced absolute y1-y0 frequency,synthetic maximum entity-balanced absolute y1-y0 frequency,,,63,0.0045245743593836409 <= 0.02,PASS,PASS,PASS,PASS,87d711030042f4dd31f8bd7836a5b84ae2d3391960883695e4b809f7550be276,3a2ef93bd4bd38eaead6b001a4f8271d137ee3c736d053fdd6dbaf88cddfdc44,fd4c9fc24693e5747be192a3cb37711ec2f602f9c42da1fa486dde3fc3a4c787,cf27ea60712ecc219236561870bf38421e4a0bb4c9c5eb193445ca07b207493b,3b053becd885628f4e8e7ed32df6225370046059e4dc23bebd2ed939b58fdad0
independent_markov,3,2,COMPLETE,amount_ks,PASS,0.006081138155655141,0.002596114755200718,0.002596114755200718,0.0,4.999627320792747,4.996447309324689,real_test row-weighted amount mean,synthetic row-weighted amount mean,0.018305097113037107,0.009141904980603187,,0.002596114755200718 <= 0.0060811381556551414,PASS,PASS,PASS,PASS,780802d3ea3bc36f1e56083ff41f699aa5f6964e69a0839d7f0c3b85aa0ae14e,e076ea220a15a4dbf01a1b665db3b377443b3b6168fd70f910b6d7f84603c09f,9c54d19d43d907e3a725d26985a05388616b38b5228ad9cd3bf8552deee4ea87,43596b9f3f7290c7146c09a8c24e40ade9605687a1c923c41a0baf3a934c87d0,4a39d01c481369a4af410c0a4ae257dc1022f98f1e56b9169e8ff39318e25d42
independent_markov,3,2,COMPLETE,gap_ks,PASS,0.006387882975686154,0.00124284410683273,0.00124284410683273,0.0,1.5056787062178993,1.5068954365554514,real_test row-weighted frozen-tau gap mean,synthetic row-weighted frozen-tau gap mean,0.005683703315469413,-0.016176356995168305,,0.0012428441068327301 <= 0.0063878829756861544,PASS,PASS,PASS,PASS,780802d3ea3bc36f1e56083ff41f699aa5f6964e69a0839d7f0c3b85aa0ae14e,e076ea220a15a4dbf01a1b665db3b377443b3b6168fd70f910b6d7f84603c09f,9c54d19d43d907e3a725d26985a05388616b38b5228ad9cd3bf8552deee4ea87,43596b9f3f7290c7146c09a8c24e40ade9605687a1c923c41a0baf3a934c87d0,4a39d01c481369a4af410c0a4ae257dc1022f98f1e56b9169e8ff39318e25d42
independent_markov,3,2,COMPLETE,amount_abs_standardized_label_effect,PASS,0.0363693454591819,0.009141259676641431,0.009141259676641431,0.0,0.018305097113037107,0.009141904980603187,real_test absolute standardized y1-y0 amount effect,synthetic absolute standardized y1-y0 amount effect,0.018305097113037107,0.009141904980603187,,0.0091412596766414309 <= 0.036369345459181898,PASS,PASS,PASS,PASS,780802d3ea3bc36f1e56083ff41f699aa5f6964e69a0839d7f0c3b85aa0ae14e,e076ea220a15a4dbf01a1b665db3b377443b3b6168fd70f910b6d7f84603c09f,9c54d19d43d907e3a725d26985a05388616b38b5228ad9cd3bf8552deee4ea87,43596b9f3f7290c7146c09a8c24e40ade9605687a1c923c41a0baf3a934c87d0,4a39d01c481369a4af410c0a4ae257dc1022f98f1e56b9169e8ff39318e25d42
independent_markov,3,2,COMPLETE,gap_abs_standardized_label_effect,PASS,0.051540527275560376,0.016176356995168305,0.016176356995168305,0.0,0.005683703315469413,0.016176356995168305,real_test absolute standardized y1-y0 gap effect,synthetic absolute standardized y1-y0 gap effect,0.005683703315469413,-0.016176356995168305,,0.016176356995168305 <= 0.051540527275560376,PASS,PASS,PASS,PASS,780802d3ea3bc36f1e56083ff41f699aa5f6964e69a0839d7f0c3b85aa0ae14e,e076ea220a15a4dbf01a1b665db3b377443b3b6168fd70f910b6d7f84603c09f,9c54d19d43d907e3a725d26985a05388616b38b5228ad9cd3bf8552deee4ea87,43596b9f3f7290c7146c09a8c24e40ade9605687a1c923c41a0baf3a934c87d0,4a39d01c481369a4af410c0a4ae257dc1022f98f1e56b9169e8ff39318e25d42
independent_markov,3,2,COMPLETE,receiver_max_abs_signed_frequency,PASS,0.02,0.006414281920936387,0.006414281920936387,0.0,0.005431746317387669,0.006414281920936387,real_test maximum entity-balanced absolute y1-y0 frequency,synthetic maximum entity-balanced absolute y1-y0 frequency,,,35,0.006414281920936387 <= 0.02,PASS,PASS,PASS,PASS,780802d3ea3bc36f1e56083ff41f699aa5f6964e69a0839d7f0c3b85aa0ae14e,e076ea220a15a4dbf01a1b665db3b377443b3b6168fd70f910b6d7f84603c09f,9c54d19d43d907e3a725d26985a05388616b38b5228ad9cd3bf8552deee4ea87,43596b9f3f7290c7146c09a8c24e40ade9605687a1c923c41a0baf3a934c87d0,4a39d01c481369a4af410c0a4ae257dc1022f98f1e56b9169e8ff39318e25d42
independent_markov,4,2,COMPLETE,amount_ks,PASS,0.006081138155655141,0.003073976677724355,0.003073976677724355,0.0,4.999627320792747,4.995911578514718,real_test row-weighted amount mean,synthetic row-weighted amount mean,0.018305097113037107,0.015886234776456364,,0.0030739766777243549 <= 0.0060811381556551414,PASS,PASS,PASS,PASS,aa181760054feea2904245c5aa32740366290d1e0926bddcaa010da18eccefa6,cf0dbbb1fb639c0ee98c17667a0fe0b0d13a5c7641ea2fc308951b1012aecb0c,0eaabcaa6c25e953b4deb9654da7302d5a4f44e97143023174d936400fed9dc0,2821131123a8124e438ec74c506e55089d9ea7c61cc6dfb540de6aa82da30355,7871b1a3d285f51561f9c4e79c0548a88d0d3cb19b50060f796433a7d87534a8
independent_markov,4,2,COMPLETE,gap_ks,PASS,0.006387882975686154,0.0010202597715541772,0.0010202597715541772,0.0,1.5056787062178993,1.5027548755420541,real_test row-weighted frozen-tau gap mean,synthetic row-weighted frozen-tau gap mean,0.005683703315469413,-0.0005039684189568815,,0.0010202597715541772 <= 0.0063878829756861544,PASS,PASS,PASS,PASS,aa181760054feea2904245c5aa32740366290d1e0926bddcaa010da18eccefa6,cf0dbbb1fb639c0ee98c17667a0fe0b0d13a5c7641ea2fc308951b1012aecb0c,0eaabcaa6c25e953b4deb9654da7302d5a4f44e97143023174d936400fed9dc0,2821131123a8124e438ec74c506e55089d9ea7c61cc6dfb540de6aa82da30355,7871b1a3d285f51561f9c4e79c0548a88d0d3cb19b50060f796433a7d87534a8
independent_markov,4,2,COMPLETE,amount_abs_standardized_label_effect,PASS,0.0363693454591819,0.015886674208723806,0.015886674208723806,0.0,0.018305097113037107,0.015886234776456364,real_test absolute standardized y1-y0 amount effect,synthetic absolute standardized y1-y0 amount effect,0.018305097113037107,0.015886234776456364,,0.015886674208723806 <= 0.036369345459181898,PASS,PASS,PASS,PASS,aa181760054feea2904245c5aa32740366290d1e0926bddcaa010da18eccefa6,cf0dbbb1fb639c0ee98c17667a0fe0b0d13a5c7641ea2fc308951b1012aecb0c,0eaabcaa6c25e953b4deb9654da7302d5a4f44e97143023174d936400fed9dc0,2821131123a8124e438ec74c506e55089d9ea7c61cc6dfb540de6aa82da30355,7871b1a3d285f51561f9c4e79c0548a88d0d3cb19b50060f796433a7d87534a8
independent_markov,4,2,COMPLETE,gap_abs_standardized_label_effect,PASS,0.051540527275560376,0.0005039684189568815,0.0005039684189568815,0.0,0.005683703315469413,0.0005039684189568815,real_test absolute standardized y1-y0 gap effect,synthetic absolute standardized y1-y0 gap effect,0.005683703315469413,-0.0005039684189568815,,0.00050396841895688149 <= 0.051540527275560376,PASS,PASS,PASS,PASS,aa181760054feea2904245c5aa32740366290d1e0926bddcaa010da18eccefa6,cf0dbbb1fb639c0ee98c17667a0fe0b0d13a5c7641ea2fc308951b1012aecb0c,0eaabcaa6c25e953b4deb9654da7302d5a4f44e97143023174d936400fed9dc0,2821131123a8124e438ec74c506e55089d9ea7c61cc6dfb540de6aa82da30355,7871b1a3d285f51561f9c4e79c0548a88d0d3cb19b50060f796433a7d87534a8
independent_markov,4,2,COMPLETE,receiver_max_abs_signed_frequency,PASS,0.02,0.0060287249282376144,0.0060287249282376144,0.0,0.005431746317387669,0.0060287249282376144,real_test maximum entity-balanced absolute y1-y0 frequency,synthetic maximum entity-balanced absolute y1-y0 frequency,,,16,0.0060287249282376144 <= 0.02,PASS,PASS,PASS,PASS,aa181760054feea2904245c5aa32740366290d1e0926bddcaa010da18eccefa6,cf0dbbb1fb639c0ee98c17667a0fe0b0d13a5c7641ea2fc308951b1012aecb0c,0eaabcaa6c25e953b4deb9654da7302d5a4f44e97143023174d936400fed9dc0,2821131123a8124e438ec74c506e55089d9ea7c61cc6dfb540de6aa82da30355,7871b1a3d285f51561f9c4e79c0548a88d0d3cb19b50060f796433a7d87534a8
independent_markov,5,2,COMPLETE,amount_ks,PASS,0.006081138155655141,0.0026864591636972524,0.0026864591636972524,0.0,4.999627320792747,5.0007351935316615,real_test row-weighted amount mean,synthetic row-weighted amount mean,0.018305097113037107,0.019101719237491023,,0.0026864591636972524 <= 0.0060811381556551414,PASS,PASS,PASS,PASS,100e2f661d59c9f9d648409b840a1d3d4c1f0c48b32b1295c582e58460fed248,8412254cbb407d521affe5be0c5c0259635b99156365f5e0926f96a117162625,da0b978a777317fd0edd29d467ab7cee2754ae68973691a1a8963a6e489cc56d,941ba39532dce77a2d0fb5391ce7244c65ad14bf8aef9dbd74b6bbd8d402f67c,655516d78457664629146e735f61c5a7d285f1906c55515a05e138e22279db86
independent_markov,5,2,COMPLETE,gap_ks,PASS,0.006387882975686154,0.003357424080753235,0.003357424080753235,0.0,1.5056787062178993,1.515839596862938,real_test row-weighted frozen-tau gap mean,synthetic row-weighted frozen-tau gap mean,0.005683703315469413,0.003136320759648156,,0.0033574240807532352 <= 0.0063878829756861544,PASS,PASS,PASS,PASS,100e2f661d59c9f9d648409b840a1d3d4c1f0c48b32b1295c582e58460fed248,8412254cbb407d521affe5be0c5c0259635b99156365f5e0926f96a117162625,da0b978a777317fd0edd29d467ab7cee2754ae68973691a1a8963a6e489cc56d,941ba39532dce77a2d0fb5391ce7244c65ad14bf8aef9dbd74b6bbd8d402f67c,655516d78457664629146e735f61c5a7d285f1906c55515a05e138e22279db86
independent_markov,5,2,COMPLETE,amount_abs_standardized_label_effect,PASS,0.0363693454591819,0.019102484127629726,0.019102484127629726,0.0,0.018305097113037107,0.019101719237491023,real_test absolute standardized y1-y0 amount effect,synthetic absolute standardized y1-y0 amount effect,0.018305097113037107,0.019101719237491023,,0.019102484127629726 <= 0.036369345459181898,PASS,PASS,PASS,PASS,100e2f661d59c9f9d648409b840a1d3d4c1f0c48b32b1295c582e58460fed248,8412254cbb407d521affe5be0c5c0259635b99156365f5e0926f96a117162625,da0b978a777317fd0edd29d467ab7cee2754ae68973691a1a8963a6e489cc56d,941ba39532dce77a2d0fb5391ce7244c65ad14bf8aef9dbd74b6bbd8d402f67c,655516d78457664629146e735f61c5a7d285f1906c55515a05e138e22279db86
independent_markov,5,2,COMPLETE,gap_abs_standardized_label_effect,PASS,0.051540527275560376,0.003136320759648156,0.003136320759648156,0.0,0.005683703315469413,0.003136320759648156,real_test absolute standardized y1-y0 gap effect,synthetic absolute standardized y1-y0 gap effect,0.005683703315469413,0.003136320759648156,,0.0031363207596481562 <= 0.051540527275560376,PASS,PASS,PASS,PASS,100e2f661d59c9f9d648409b840a1d3d4c1f0c48b32b1295c582e58460fed248,8412254cbb407d521affe5be0c5c0259635b99156365f5e0926f96a117162625,da0b978a777317fd0edd29d467ab7cee2754ae68973691a1a8963a6e489cc56d,941ba39532dce77a2d0fb5391ce7244c65ad14bf8aef9dbd74b6bbd8d402f67c,655516d78457664629146e735f61c5a7d285f1906c55515a05e138e22279db86
independent_markov,5,2,COMPLETE,receiver_max_abs_signed_frequency,PASS,0.02,0.006298056385004646,0.006298056385004646,0.0,0.005431746317387669,0.006298056385004646,real_test maximum entity-balanced absolute y1-y0 frequency,synthetic maximum entity-balanced absolute y1-y0 frequency,,,16,0.006298056385004646 <= 0.02,PASS,PASS,PASS,PASS,100e2f661d59c9f9d648409b840a1d3d4c1f0c48b32b1295c582e58460fed248,8412254cbb407d521affe5be0c5c0259635b99156365f5e0926f96a117162625,da0b978a777317fd0edd29d467ab7cee2754ae68973691a1a8963a6e489cc56d,941ba39532dce77a2d0fb5391ce7244c65ad14bf8aef9dbd74b6bbd8d402f67c,655516d78457664629146e735f61c5a7d285f1906c55515a05e138e22279db86
joint_markov,1,2,COMPLETE,amount_ks,PASS,0.006081138155655141,0.003108844300023783,0.003108844300023783,0.0,4.999627320792747,5.00351558352899,real_test row-weighted amount mean,synthetic row-weighted amount mean,0.018305097113037107,0.002766115350624752,,0.0031088443000237831 <= 0.0060811381556551414,PASS,PASS,PASS,PASS,5aa911bb49f2697573c135b9107821adef4cc9bd07085944bd1354969dfd2d5a,c250f761e4439cbf59d5616a2ef8236eac2223e56a7faaf264e9d92d193de99a,c7e8b480deda0674c4e5b22b079fb750550d268da2b98105e17979891345af20,c6a4a80799cd57d195fbe470299c2917412123a078696742dcc885a0546b68eb,acafc09b68062edff6a4c3bad76df23649c4548adcdd934ada6483ba3a983ad1
joint_markov,1,2,COMPLETE,gap_ks,PASS,0.006387882975686154,0.002246954684510083,0.002246954684510083,0.0,1.5056787062178993,1.4988461268958253,real_test row-weighted frozen-tau gap mean,synthetic row-weighted frozen-tau gap mean,0.005683703315469413,-0.0037589057459670124,,0.002246954684510083 <= 0.0063878829756861544,PASS,PASS,PASS,PASS,5aa911bb49f2697573c135b9107821adef4cc9bd07085944bd1354969dfd2d5a,c250f761e4439cbf59d5616a2ef8236eac2223e56a7faaf264e9d92d193de99a,c7e8b480deda0674c4e5b22b079fb750550d268da2b98105e17979891345af20,c6a4a80799cd57d195fbe470299c2917412123a078696742dcc885a0546b68eb,acafc09b68062edff6a4c3bad76df23649c4548adcdd934ada6483ba3a983ad1
joint_markov,1,2,COMPLETE,amount_abs_standardized_label_effect,PASS,0.0363693454591819,0.0027662453128177913,0.0027662453128177913,0.0,0.018305097113037107,0.002766115350624752,real_test absolute standardized y1-y0 amount effect,synthetic absolute standardized y1-y0 amount effect,0.018305097113037107,0.002766115350624752,,0.0027662453128177913 <= 0.036369345459181898,PASS,PASS,PASS,PASS,5aa911bb49f2697573c135b9107821adef4cc9bd07085944bd1354969dfd2d5a,c250f761e4439cbf59d5616a2ef8236eac2223e56a7faaf264e9d92d193de99a,c7e8b480deda0674c4e5b22b079fb750550d268da2b98105e17979891345af20,c6a4a80799cd57d195fbe470299c2917412123a078696742dcc885a0546b68eb,acafc09b68062edff6a4c3bad76df23649c4548adcdd934ada6483ba3a983ad1
joint_markov,1,2,COMPLETE,gap_abs_standardized_label_effect,PASS,0.051540527275560376,0.0037589057459670124,0.0037589057459670124,0.0,0.005683703315469413,0.0037589057459670124,real_test absolute standardized y1-y0 gap effect,synthetic absolute standardized y1-y0 gap effect,0.005683703315469413,-0.0037589057459670124,,0.0037589057459670124 <= 0.051540527275560376,PASS,PASS,PASS,PASS,5aa911bb49f2697573c135b9107821adef4cc9bd07085944bd1354969dfd2d5a,c250f761e4439cbf59d5616a2ef8236eac2223e56a7faaf264e9d92d193de99a,c7e8b480deda0674c4e5b22b079fb750550d268da2b98105e17979891345af20,c6a4a80799cd57d195fbe470299c2917412123a078696742dcc885a0546b68eb,acafc09b68062edff6a4c3bad76df23649c4548adcdd934ada6483ba3a983ad1
joint_markov,1,2,COMPLETE,receiver_max_abs_signed_frequency,PASS,0.02,0.00677189254951081,0.00677189254951081,0.0,0.005431746317387669,0.00677189254951081,real_test maximum entity-balanced absolute y1-y0 frequency,synthetic maximum entity-balanced absolute y1-y0 frequency,,,52,0.00677189254951081 <= 0.02,PASS,PASS,PASS,PASS,5aa911bb49f2697573c135b9107821adef4cc9bd07085944bd1354969dfd2d5a,c250f761e4439cbf59d5616a2ef8236eac2223e56a7faaf264e9d92d193de99a,c7e8b480deda0674c4e5b22b079fb750550d268da2b98105e17979891345af20,c6a4a80799cd57d195fbe470299c2917412123a078696742dcc885a0546b68eb,acafc09b68062edff6a4c3bad76df23649c4548adcdd934ada6483ba3a983ad1
joint_markov,2,2,COMPLETE,amount_ks,PASS,0.006081138155655141,0.004119477007263672,0.004119477007263672,0.0,4.999627320792747,5.001009629841102,real_test row-weighted amount mean,synthetic row-weighted amount mean,0.018305097113037107,0.014197077975857978,,0.0041194770072636722 <= 0.0060811381556551414,PASS,PASS,PASS,PASS,a5cbc2272035feedd679de89881ee12e424165bee787a41f9ed36baea36f6a66,f1ab09284a9ddee0e08b3c3c50d316b82067149d8daa175b8b9bb568bed93e9b,e9ed0cceee803028ed1104cad92101b996af10a02cb24784bea4af8f132fb8bc,da05152217c7c4a6899f014d2b014bd34ea7bc793bc5cafd61c06ef88b3ee0fb,ae928ff00f8a6db4a8898829adc068222898ad29a7c46e9f9023fb5e66a6dad3
joint_markov,2,2,COMPLETE,gap_ks,PASS,0.006387882975686154,0.002288792625246644,0.002288792625246644,0.0,1.5056787062178993,1.505157960518852,real_test row-weighted frozen-tau gap mean,synthetic row-weighted frozen-tau gap mean,0.005683703315469413,0.0023957198107442726,,0.002288792625246644 <= 0.0063878829756861544,PASS,PASS,PASS,PASS,a5cbc2272035feedd679de89881ee12e424165bee787a41f9ed36baea36f6a66,f1ab09284a9ddee0e08b3c3c50d316b82067149d8daa175b8b9bb568bed93e9b,e9ed0cceee803028ed1104cad92101b996af10a02cb24784bea4af8f132fb8bc,da05152217c7c4a6899f014d2b014bd34ea7bc793bc5cafd61c06ef88b3ee0fb,ae928ff00f8a6db4a8898829adc068222898ad29a7c46e9f9023fb5e66a6dad3
joint_markov,2,2,COMPLETE,amount_abs_standardized_label_effect,PASS,0.0363693454591819,0.014197155440273437,0.014197155440273437,0.0,0.018305097113037107,0.014197077975857978,real_test absolute standardized y1-y0 amount effect,synthetic absolute standardized y1-y0 amount effect,0.018305097113037107,0.014197077975857978,,0.014197155440273437 <= 0.036369345459181898,PASS,PASS,PASS,PASS,a5cbc2272035feedd679de89881ee12e424165bee787a41f9ed36baea36f6a66,f1ab09284a9ddee0e08b3c3c50d316b82067149d8daa175b8b9bb568bed93e9b,e9ed0cceee803028ed1104cad92101b996af10a02cb24784bea4af8f132fb8bc,da05152217c7c4a6899f014d2b014bd34ea7bc793bc5cafd61c06ef88b3ee0fb,ae928ff00f8a6db4a8898829adc068222898ad29a7c46e9f9023fb5e66a6dad3
joint_markov,2,2,COMPLETE,gap_abs_standardized_label_effect,PASS,0.051540527275560376,0.0023957198107442726,0.0023957198107442726,0.0,0.005683703315469413,0.0023957198107442726,real_test absolute standardized y1-y0 gap effect,synthetic absolute standardized y1-y0 gap effect,0.005683703315469413,0.0023957198107442726,,0.0023957198107442726 <= 0.051540527275560376,PASS,PASS,PASS,PASS,a5cbc2272035feedd679de89881ee12e424165bee787a41f9ed36baea36f6a66,f1ab09284a9ddee0e08b3c3c50d316b82067149d8daa175b8b9bb568bed93e9b,e9ed0cceee803028ed1104cad92101b996af10a02cb24784bea4af8f132fb8bc,da05152217c7c4a6899f014d2b014bd34ea7bc793bc5cafd61c06ef88b3ee0fb,ae928ff00f8a6db4a8898829adc068222898ad29a7c46e9f9023fb5e66a6dad3
joint_markov,2,2,COMPLETE,receiver_max_abs_signed_frequency,PASS,0.02,0.007813290343913619,0.007813290343913619,0.0,0.005431746317387669,0.007813290343913619,real_test maximum entity-balanced absolute y1-y0 frequency,synthetic maximum entity-balanced absolute y1-y0 frequency,,,63,0.0078132903439136186 <= 0.02,PASS,PASS,PASS,PASS,a5cbc2272035feedd679de89881ee12e424165bee787a41f9ed36baea36f6a66,f1ab09284a9ddee0e08b3c3c50d316b82067149d8daa175b8b9bb568bed93e9b,e9ed0cceee803028ed1104cad92101b996af10a02cb24784bea4af8f132fb8bc,da05152217c7c4a6899f014d2b014bd34ea7bc793bc5cafd61c06ef88b3ee0fb,ae928ff00f8a6db4a8898829adc068222898ad29a7c46e9f9023fb5e66a6dad3
joint_markov,3,2,COMPLETE,amount_ks,PASS,0.006081138155655141,0.0018584612964587244,0.0018584612964587244,0.0,4.999627320792747,5.000745824217405,real_test row-weighted amount mean,synthetic row-weighted amount mean,0.018305097113037107,0.009762127498718649,,0.0018584612964587244 <= 0.0060811381556551414,PASS,PASS,PASS,PASS,71015881d90cbdaf131502696e025200df7775f38ea5fa6c1f20fa0228200921,ee45e6151efb1b890b6310f9b5298cb06078042ad9d33dd1e9ccea9e3705e4e7,4510a85bb519929328572bff50608b5304ae66e4e783655903efd9363b1825fd,04d2c5aa713c8c5ebd028f8b2ee9391cacc4b186f454602374c318ad12c9f9f6,82f7cddef0bc3f23565990194279e584a46cab8f793864d581f41f1f1e87c795
joint_markov,3,2,COMPLETE,gap_ks,PASS,0.006387882975686154,0.002555509497442182,0.002555509497442182,0.0,1.5056787062178993,1.5073480837814937,real_test row-weighted frozen-tau gap mean,synthetic row-weighted frozen-tau gap mean,0.005683703315469413,-0.009226706283215385,,0.0025555094974421821 <= 0.0063878829756861544,PASS,PASS,PASS,PASS,71015881d90cbdaf131502696e025200df7775f38ea5fa6c1f20fa0228200921,ee45e6151efb1b890b6310f9b5298cb06078042ad9d33dd1e9ccea9e3705e4e7,4510a85bb519929328572bff50608b5304ae66e4e783655903efd9363b1825fd,04d2c5aa713c8c5ebd028f8b2ee9391cacc4b186f454602374c318ad12c9f9f6,82f7cddef0bc3f23565990194279e584a46cab8f793864d581f41f1f1e87c795
joint_markov,3,2,COMPLETE,amount_abs_standardized_label_effect,PASS,0.0363693454591819,0.0097622627763063,0.0097622627763063,0.0,0.018305097113037107,0.009762127498718649,real_test absolute standardized y1-y0 amount effect,synthetic absolute standardized y1-y0 amount effect,0.018305097113037107,0.009762127498718649,,0.0097622627763062995 <= 0.036369345459181898,PASS,PASS,PASS,PASS,71015881d90cbdaf131502696e025200df7775f38ea5fa6c1f20fa0228200921,ee45e6151efb1b890b6310f9b5298cb06078042ad9d33dd1e9ccea9e3705e4e7,4510a85bb519929328572bff50608b5304ae66e4e783655903efd9363b1825fd,04d2c5aa713c8c5ebd028f8b2ee9391cacc4b186f454602374c318ad12c9f9f6,82f7cddef0bc3f23565990194279e584a46cab8f793864d581f41f1f1e87c795
joint_markov,3,2,COMPLETE,gap_abs_standardized_label_effect,PASS,0.051540527275560376,0.009226706283215385,0.009226706283215385,0.0,0.005683703315469413,0.009226706283215385,real_test absolute standardized y1-y0 gap effect,synthetic absolute standardized y1-y0 gap effect,0.005683703315469413,-0.009226706283215385,,0.0092267062832153846 <= 0.051540527275560376,PASS,PASS,PASS,PASS,71015881d90cbdaf131502696e025200df7775f38ea5fa6c1f20fa0228200921,ee45e6151efb1b890b6310f9b5298cb06078042ad9d33dd1e9ccea9e3705e4e7,4510a85bb519929328572bff50608b5304ae66e4e783655903efd9363b1825fd,04d2c5aa713c8c5ebd028f8b2ee9391cacc4b186f454602374c318ad12c9f9f6,82f7cddef0bc3f23565990194279e584a46cab8f793864d581f41f1f1e87c795
joint_markov,3,2,COMPLETE,receiver_max_abs_signed_frequency,PASS,0.02,0.006977787581352304,0.006977787581352304,0.0,0.005431746317387669,0.006977787581352304,real_test maximum entity-balanced absolute y1-y0 frequency,synthetic maximum entity-balanced absolute y1-y0 frequency,,,31,0.006977787581352304 <= 0.02,PASS,PASS,PASS,PASS,71015881d90cbdaf131502696e025200df7775f38ea5fa6c1f20fa0228200921,ee45e6151efb1b890b6310f9b5298cb06078042ad9d33dd1e9ccea9e3705e4e7,4510a85bb519929328572bff50608b5304ae66e4e783655903efd9363b1825fd,04d2c5aa713c8c5ebd028f8b2ee9391cacc4b186f454602374c318ad12c9f9f6,82f7cddef0bc3f23565990194279e584a46cab8f793864d581f41f1f1e87c795
joint_markov,4,2,COMPLETE,amount_ks,PASS,0.006081138155655141,0.002149850802634523,0.002149850802634523,0.0,4.999627320792747,5.0007010009219846,real_test row-weighted amount mean,synthetic row-weighted amount mean,0.018305097113037107,0.009442570697645297,,0.0021498508026345231 <= 0.0060811381556551414,PASS,PASS,PASS,PASS,88646a48001037eae4935946e88324715b052dd3eca1afbdc9e7ca7a6dadad63,742b234b87b85fa7dbee284837ea441fd12ad746c51576a67f7dc867d609fbcd,70c8de13fdadd617f031048d4fe47abfe2857c2928e78c1fbf21257b518d4cf6,1f731f53ca5eab9735f6f59717df6f1ffa55277453baaccb60ed4dc07aa96967,a53771a4881589bfb4f4c4dbdf2c3ef01265f76ae44df73b02f86832c7e16804
joint_markov,4,2,COMPLETE,gap_ks,PASS,0.006387882975686154,0.0027367004822620444,0.0027367004822620444,0.0,1.5056787062178993,1.5016345549790378,real_test row-weighted frozen-tau gap mean,synthetic row-weighted frozen-tau gap mean,0.005683703315469413,0.009865769664392936,,0.0027367004822620444 <= 0.0063878829756861544,PASS,PASS,PASS,PASS,88646a48001037eae4935946e88324715b052dd3eca1afbdc9e7ca7a6dadad63,742b234b87b85fa7dbee284837ea441fd12ad746c51576a67f7dc867d609fbcd,70c8de13fdadd617f031048d4fe47abfe2857c2928e78c1fbf21257b518d4cf6,1f731f53ca5eab9735f6f59717df6f1ffa55277453baaccb60ed4dc07aa96967,a53771a4881589bfb4f4c4dbdf2c3ef01265f76ae44df73b02f86832c7e16804
joint_markov,4,2,COMPLETE,amount_abs_standardized_label_effect,PASS,0.0363693454591819,0.009442394970853644,0.009442394970853644,0.0,0.018305097113037107,0.009442570697645297,real_test absolute standardized y1-y0 amount effect,synthetic absolute standardized y1-y0 amount effect,0.018305097113037107,0.009442570697645297,,0.0094423949708536438 <= 0.036369345459181898,PASS,PASS,PASS,PASS,88646a48001037eae4935946e88324715b052dd3eca1afbdc9e7ca7a6dadad63,742b234b87b85fa7dbee284837ea441fd12ad746c51576a67f7dc867d609fbcd,70c8de13fdadd617f031048d4fe47abfe2857c2928e78c1fbf21257b518d4cf6,1f731f53ca5eab9735f6f59717df6f1ffa55277453baaccb60ed4dc07aa96967,a53771a4881589bfb4f4c4dbdf2c3ef01265f76ae44df73b02f86832c7e16804
joint_markov,4,2,COMPLETE,gap_abs_standardized_label_effect,PASS,0.051540527275560376,0.009865769664392936,0.009865769664392936,0.0,0.005683703315469413,0.009865769664392936,real_test absolute standardized y1-y0 gap effect,synthetic absolute standardized y1-y0 gap effect,0.005683703315469413,0.009865769664392936,,0.0098657696643929364 <= 0.051540527275560376,PASS,PASS,PASS,PASS,88646a48001037eae4935946e88324715b052dd3eca1afbdc9e7ca7a6dadad63,742b234b87b85fa7dbee284837ea441fd12ad746c51576a67f7dc867d609fbcd,70c8de13fdadd617f031048d4fe47abfe2857c2928e78c1fbf21257b518d4cf6,1f731f53ca5eab9735f6f59717df6f1ffa55277453baaccb60ed4dc07aa96967,a53771a4881589bfb4f4c4dbdf2c3ef01265f76ae44df73b02f86832c7e16804
joint_markov,4,2,COMPLETE,receiver_max_abs_signed_frequency,PASS,0.02,0.007682151419961503,0.007682151419961503,0.0,0.005431746317387669,0.007682151419961503,real_test maximum entity-balanced absolute y1-y0 frequency,synthetic maximum entity-balanced absolute y1-y0 frequency,,,23,0.007682151419961503 <= 0.02,PASS,PASS,PASS,PASS,88646a48001037eae4935946e88324715b052dd3eca1afbdc9e7ca7a6dadad63,742b234b87b85fa7dbee284837ea441fd12ad746c51576a67f7dc867d609fbcd,70c8de13fdadd617f031048d4fe47abfe2857c2928e78c1fbf21257b518d4cf6,1f731f53ca5eab9735f6f59717df6f1ffa55277453baaccb60ed4dc07aa96967,a53771a4881589bfb4f4c4dbdf2c3ef01265f76ae44df73b02f86832c7e16804
joint_markov,5,2,COMPLETE,amount_ks,PASS,0.006081138155655141,0.002858271060237172,0.002858271060237172,0.0,4.999627320792747,5.000638454060099,real_test row-weighted amount mean,synthetic row-weighted amount mean,0.018305097113037107,0.0034113403239359385,,0.0028582710602371719 <= 0.0060811381556551414,PASS,PASS,PASS,PASS,2567b3cccb1fcb5c3bbe4d89be03d1e4098c7461fdcacdd8a57cf336e673aebf,9903212cf092abbbb61067e9fc676206308c709c8efa02dc101ae7eb5775b40c,afc4acf0f1dfb5a3e03d3a67bfeda59d76ddf3f25e541574526302b2a530b58d,bbeb8f2313c19ac861c5c17e6a1d5488578817ddc48255317665fbef85b982d3,8d7c41190dd7af3203d2244433c1452a02b0ed85e82827f911b6e968f96adbe3
joint_markov,5,2,COMPLETE,gap_ks,PASS,0.006387882975686154,0.0037949887526903536,0.0037949887526903536,0.0,1.5056787062178993,1.5154834225550466,real_test row-weighted frozen-tau gap mean,synthetic row-weighted frozen-tau gap mean,0.005683703315469413,0.024207611729758924,,0.0037949887526903536 <= 0.0063878829756861544,PASS,PASS,PASS,PASS,2567b3cccb1fcb5c3bbe4d89be03d1e4098c7461fdcacdd8a57cf336e673aebf,9903212cf092abbbb61067e9fc676206308c709c8efa02dc101ae7eb5775b40c,afc4acf0f1dfb5a3e03d3a67bfeda59d76ddf3f25e541574526302b2a530b58d,bbeb8f2313c19ac861c5c17e6a1d5488578817ddc48255317665fbef85b982d3,8d7c41190dd7af3203d2244433c1452a02b0ed85e82827f911b6e968f96adbe3
joint_markov,5,2,COMPLETE,amount_abs_standardized_label_effect,PASS,0.0363693454591819,0.0034108521687221905,0.0034108521687221905,0.0,0.018305097113037107,0.0034113403239359385,real_test absolute standardized y1-y0 amount effect,synthetic absolute standardized y1-y0 amount effect,0.018305097113037107,0.0034113403239359385,,0.0034108521687221905 <= 0.036369345459181898,PASS,PASS,PASS,PASS,2567b3cccb1fcb5c3bbe4d89be03d1e4098c7461fdcacdd8a57cf336e673aebf,9903212cf092abbbb61067e9fc676206308c709c8efa02dc101ae7eb5775b40c,afc4acf0f1dfb5a3e03d3a67bfeda59d76ddf3f25e541574526302b2a530b58d,bbeb8f2313c19ac861c5c17e6a1d5488578817ddc48255317665fbef85b982d3,8d7c41190dd7af3203d2244433c1452a02b0ed85e82827f911b6e968f96adbe3
joint_markov,5,2,COMPLETE,gap_abs_standardized_label_effect,PASS,0.051540527275560376,0.024207611729758924,0.024207611729758924,0.0,0.005683703315469413,0.024207611729758924,real_test absolute standardized y1-y0 gap effect,synthetic absolute standardized y1-y0 gap effect,0.005683703315469413,0.024207611729758924,,0.024207611729758924 <= 0.051540527275560376,PASS,PASS,PASS,PASS,2567b3cccb1fcb5c3bbe4d89be03d1e4098c7461fdcacdd8a57cf336e673aebf,9903212cf092abbbb61067e9fc676206308c709c8efa02dc101ae7eb5775b40c,afc4acf0f1dfb5a3e03d3a67bfeda59d76ddf3f25e541574526302b2a530b58d,bbeb8f2313c19ac861c5c17e6a1d5488578817ddc48255317665fbef85b982d3,8d7c41190dd7af3203d2244433c1452a02b0ed85e82827f911b6e968f96adbe3
joint_markov,5,2,COMPLETE,receiver_max_abs_signed_frequency,PASS,0.02,0.007694006393795564,0.007694006393795564,0.0,0.005431746317387669,0.007694006393795564,real_test maximum entity-balanced absolute y1-y0 frequency,synthetic maximum entity-balanced absolute y1-y0 frequency,,,63,0.0076940063937955636 <= 0.02,PASS,PASS,PASS,PASS,2567b3cccb1fcb5c3bbe4d89be03d1e4098c7461fdcacdd8a57cf336e673aebf,9903212cf092abbbb61067e9fc676206308c709c8efa02dc101ae7eb5775b40c,afc4acf0f1dfb5a3e03d3a67bfeda59d76ddf3f25e541574526302b2a530b58d,bbeb8f2313c19ac861c5c17e6a1d5488578817ddc48255317665fbef85b982d3,8d7c41190dd7af3203d2244433c1452a02b0ed85e82827f911b6e968f96adbe3
plug_in_hmm,1,2,COMPLETE,amount_ks,PASS,0.006081138155655141,0.00287656370922873,0.00287656370922873,0.0,4.999627320792747,4.998730466687462,real_test row-weighted amount mean,synthetic row-weighted amount mean,0.018305097113037107,0.024442588667297007,,0.0028765637092287299 <= 0.0060811381556551414,PASS,PASS,PASS,PASS,180c3f7d94e5442e8e4f3e386f16e1ecc02a00688f46484799d4d8f661628970,d84e078b1aa86ffeaba4c29073019173b1a4164b7a44c97ea3d61e061b4b5eb1,ff0ff75f96b585e4d3ba38c73ea193d97929a95df9e449fd1ca706c7076b04c2,ed50e888ce2dd8f9aa9c3a47f7091c2477be2cc124daf495bb4c34743e26dd35,46d40bf816d6f7238c81bc331853918d09ec166a7a2f39b339d65555be4f802b
plug_in_hmm,1,2,COMPLETE,gap_ks,PASS,0.006387882975686154,0.0021842280343329357,0.0021842280343329357,0.0,1.5056787062178993,1.5099070350907082,real_test row-weighted frozen-tau gap mean,synthetic row-weighted frozen-tau gap mean,0.005683703315469413,-0.014166827246459235,,0.0021842280343329357 <= 0.0063878829756861544,PASS,PASS,PASS,PASS,180c3f7d94e5442e8e4f3e386f16e1ecc02a00688f46484799d4d8f661628970,d84e078b1aa86ffeaba4c29073019173b1a4164b7a44c97ea3d61e061b4b5eb1,ff0ff75f96b585e4d3ba38c73ea193d97929a95df9e449fd1ca706c7076b04c2,ed50e888ce2dd8f9aa9c3a47f7091c2477be2cc124daf495bb4c34743e26dd35,46d40bf816d6f7238c81bc331853918d09ec166a7a2f39b339d65555be4f802b
plug_in_hmm,1,2,COMPLETE,amount_abs_standardized_label_effect,PASS,0.0363693454591819,0.024442943451188647,0.024442943451188647,0.0,0.018305097113037107,0.024442588667297007,real_test absolute standardized y1-y0 amount effect,synthetic absolute standardized y1-y0 amount effect,0.018305097113037107,0.024442588667297007,,0.024442943451188647 <= 0.036369345459181898,PASS,PASS,PASS,PASS,180c3f7d94e5442e8e4f3e386f16e1ecc02a00688f46484799d4d8f661628970,d84e078b1aa86ffeaba4c29073019173b1a4164b7a44c97ea3d61e061b4b5eb1,ff0ff75f96b585e4d3ba38c73ea193d97929a95df9e449fd1ca706c7076b04c2,ed50e888ce2dd8f9aa9c3a47f7091c2477be2cc124daf495bb4c34743e26dd35,46d40bf816d6f7238c81bc331853918d09ec166a7a2f39b339d65555be4f802b
plug_in_hmm,1,2,COMPLETE,gap_abs_standardized_label_effect,PASS,0.051540527275560376,0.014166827246459235,0.014166827246459235,0.0,0.005683703315469413,0.014166827246459235,real_test absolute standardized y1-y0 gap effect,synthetic absolute standardized y1-y0 gap effect,0.005683703315469413,-0.014166827246459235,,0.014166827246459235 <= 0.051540527275560376,PASS,PASS,PASS,PASS,180c3f7d94e5442e8e4f3e386f16e1ecc02a00688f46484799d4d8f661628970,d84e078b1aa86ffeaba4c29073019173b1a4164b7a44c97ea3d61e061b4b5eb1,ff0ff75f96b585e4d3ba38c73ea193d97929a95df9e449fd1ca706c7076b04c2,ed50e888ce2dd8f9aa9c3a47f7091c2477be2cc124daf495bb4c34743e26dd35,46d40bf816d6f7238c81bc331853918d09ec166a7a2f39b339d65555be4f802b
plug_in_hmm,1,2,COMPLETE,receiver_max_abs_signed_frequency,PASS,0.02,0.006409115591971874,0.006409115591971874,0.0,0.005431746317387669,0.006409115591971874,real_test maximum entity-balanced absolute y1-y0 frequency,synthetic maximum entity-balanced absolute y1-y0 frequency,,,63,0.0064091155919718742 <= 0.02,PASS,PASS,PASS,PASS,180c3f7d94e5442e8e4f3e386f16e1ecc02a00688f46484799d4d8f661628970,d84e078b1aa86ffeaba4c29073019173b1a4164b7a44c97ea3d61e061b4b5eb1,ff0ff75f96b585e4d3ba38c73ea193d97929a95df9e449fd1ca706c7076b04c2,ed50e888ce2dd8f9aa9c3a47f7091c2477be2cc124daf495bb4c34743e26dd35,46d40bf816d6f7238c81bc331853918d09ec166a7a2f39b339d65555be4f802b
plug_in_hmm,2,2,COMPLETE,amount_ks,PASS,0.006081138155655141,0.005270052764890232,0.005270052764890232,0.0,4.999627320792747,5.003976667000092,real_test row-weighted amount mean,synthetic row-weighted amount mean,0.018305097113037107,0.026746713109789984,,0.0052700527648902318 <= 0.0060811381556551414,PASS,PASS,PASS,PASS,a65db769aa23a967a5c9bcc031fd8127aef40ae31bbbdc0009e8135334875a55,a23656fad04a928dd81dcdfbbda93f102db57a2e0d04856d6ad7adccaa1231c4,a88b4f6ca4e981199e9152548360dd57312df9ca93ee6bf7381284e6e2f6c358,3d11aff6170c3c3a82d6a14dbf39325ede4c9aa0faba0175069b63cdb9376441,46428826dce790bf4d03064c1c4826e76bcf0d9da893de975f1e4ae17e285ea5
plug_in_hmm,2,2,COMPLETE,gap_ks,PASS,0.006387882975686154,0.0022678736548783496,0.0022678736548783496,0.0,1.5056787062178993,1.5047436302224309,real_test row-weighted frozen-tau gap mean,synthetic row-weighted frozen-tau gap mean,0.005683703315469413,-0.014251922864365137,,0.0022678736548783496 <= 0.0063878829756861544,PASS,PASS,PASS,PASS,a65db769aa23a967a5c9bcc031fd8127aef40ae31bbbdc0009e8135334875a55,a23656fad04a928dd81dcdfbbda93f102db57a2e0d04856d6ad7adccaa1231c4,a88b4f6ca4e981199e9152548360dd57312df9ca93ee6bf7381284e6e2f6c358,3d11aff6170c3c3a82d6a14dbf39325ede4c9aa0faba0175069b63cdb9376441,46428826dce790bf4d03064c1c4826e76bcf0d9da893de975f1e4ae17e285ea5
plug_in_hmm,2,2,COMPLETE,amount_abs_standardized_label_effect,PASS,0.0363693454591819,0.02674712195422132,0.02674712195422132,0.0,0.018305097113037107,0.026746713109789984,real_test absolute standardized y1-y0 amount effect,synthetic absolute standardized y1-y0 amount effect,0.018305097113037107,0.026746713109789984,,0.026747121954221319 <= 0.036369345459181898,PASS,PASS,PASS,PASS,a65db769aa23a967a5c9bcc031fd8127aef40ae31bbbdc0009e8135334875a55,a23656fad04a928dd81dcdfbbda93f102db57a2e0d04856d6ad7adccaa1231c4,a88b4f6ca4e981199e9152548360dd57312df9ca93ee6bf7381284e6e2f6c358,3d11aff6170c3c3a82d6a14dbf39325ede4c9aa0faba0175069b63cdb9376441,46428826dce790bf4d03064c1c4826e76bcf0d9da893de975f1e4ae17e285ea5
plug_in_hmm,2,2,COMPLETE,gap_abs_standardized_label_effect,PASS,0.051540527275560376,0.014251922864365137,0.014251922864365137,0.0,0.005683703315469413,0.014251922864365137,real_test absolute standardized y1-y0 gap effect,synthetic absolute standardized y1-y0 gap effect,0.005683703315469413,-0.014251922864365137,,0.014251922864365137 <= 0.051540527275560376,PASS,PASS,PASS,PASS,a65db769aa23a967a5c9bcc031fd8127aef40ae31bbbdc0009e8135334875a55,a23656fad04a928dd81dcdfbbda93f102db57a2e0d04856d6ad7adccaa1231c4,a88b4f6ca4e981199e9152548360dd57312df9ca93ee6bf7381284e6e2f6c358,3d11aff6170c3c3a82d6a14dbf39325ede4c9aa0faba0175069b63cdb9376441,46428826dce790bf4d03064c1c4826e76bcf0d9da893de975f1e4ae17e285ea5
plug_in_hmm,2,2,COMPLETE,receiver_max_abs_signed_frequency,PASS,0.02,0.004806027532997883,0.004806027532997883,0.0,0.005431746317387669,0.004806027532997883,real_test maximum entity-balanced absolute y1-y0 frequency,synthetic maximum entity-balanced absolute y1-y0 frequency,,,5,0.0048060275329978829 <= 0.02,PASS,PASS,PASS,PASS,a65db769aa23a967a5c9bcc031fd8127aef40ae31bbbdc0009e8135334875a55,a23656fad04a928dd81dcdfbbda93f102db57a2e0d04856d6ad7adccaa1231c4,a88b4f6ca4e981199e9152548360dd57312df9ca93ee6bf7381284e6e2f6c358,3d11aff6170c3c3a82d6a14dbf39325ede4c9aa0faba0175069b63cdb9376441,46428826dce790bf4d03064c1c4826e76bcf0d9da893de975f1e4ae17e285ea5
plug_in_hmm,3,2,COMPLETE,amount_ks,PASS,0.006081138155655141,0.0023424652058643414,0.0023424652058643414,0.0,4.999627320792747,4.997100803747706,real_test row-weighted amount mean,synthetic row-weighted amount mean,0.018305097113037107,0.018994006968118864,,0.0023424652058643414 <= 0.0060811381556551414,PASS,PASS,PASS,PASS,55e0b7303c066a21be2ba49deff8e918bc32438d06d25522b571a748a21de003,55298fa46c257f78839bb93dc80ff31e98423714cc5e3a5f259de03b74889c73,ce3623327f16cb1ad8c4c7099a9adac04de7592ff32acdd101e2b014617f0a22,1528bbf2582303fd537b72ea6b6963fbc1f1102b5fbfc51424bf4d5eff9a467e,ace0f1143c2428f1e29dcb381f23c6c8b868843cba3ad6f58da517aafefbc4f2
plug_in_hmm,3,2,COMPLETE,gap_ks,PASS,0.006387882975686154,0.003305126654832513,0.003305126654832513,0.0,1.5056787062178993,1.5104637538118872,real_test row-weighted frozen-tau gap mean,synthetic row-weighted frozen-tau gap mean,0.005683703315469413,0.0008219600823693815,,0.0033051266548325131 <= 0.0063878829756861544,PASS,PASS,PASS,PASS,55e0b7303c066a21be2ba49deff8e918bc32438d06d25522b571a748a21de003,55298fa46c257f78839bb93dc80ff31e98423714cc5e3a5f259de03b74889c73,ce3623327f16cb1ad8c4c7099a9adac04de7592ff32acdd101e2b014617f0a22,1528bbf2582303fd537b72ea6b6963fbc1f1102b5fbfc51424bf4d5eff9a467e,ace0f1143c2428f1e29dcb381f23c6c8b868843cba3ad6f58da517aafefbc4f2
plug_in_hmm,3,2,COMPLETE,amount_abs_standardized_label_effect,PASS,0.0363693454591819,0.01899402521745776,0.01899402521745776,0.0,0.018305097113037107,0.018994006968118864,real_test absolute standardized y1-y0 amount effect,synthetic absolute standardized y1-y0 amount effect,0.018305097113037107,0.018994006968118864,,0.018994025217457761 <= 0.036369345459181898,PASS,PASS,PASS,PASS,55e0b7303c066a21be2ba49deff8e918bc32438d06d25522b571a748a21de003,55298fa46c257f78839bb93dc80ff31e98423714cc5e3a5f259de03b74889c73,ce3623327f16cb1ad8c4c7099a9adac04de7592ff32acdd101e2b014617f0a22,1528bbf2582303fd537b72ea6b6963fbc1f1102b5fbfc51424bf4d5eff9a467e,ace0f1143c2428f1e29dcb381f23c6c8b868843cba3ad6f58da517aafefbc4f2
plug_in_hmm,3,2,COMPLETE,gap_abs_standardized_label_effect,PASS,0.051540527275560376,0.0008219600823693815,0.0008219600823693815,0.0,0.005683703315469413,0.0008219600823693815,real_test absolute standardized y1-y0 gap effect,synthetic absolute standardized y1-y0 gap effect,0.005683703315469413,0.0008219600823693815,,0.00082196008236938155 <= 0.051540527275560376,PASS,PASS,PASS,PASS,55e0b7303c066a21be2ba49deff8e918bc32438d06d25522b571a748a21de003,55298fa46c257f78839bb93dc80ff31e98423714cc5e3a5f259de03b74889c73,ce3623327f16cb1ad8c4c7099a9adac04de7592ff32acdd101e2b014617f0a22,1528bbf2582303fd537b72ea6b6963fbc1f1102b5fbfc51424bf4d5eff9a467e,ace0f1143c2428f1e29dcb381f23c6c8b868843cba3ad6f58da517aafefbc4f2
plug_in_hmm,3,2,COMPLETE,receiver_max_abs_signed_frequency,PASS,0.02,0.005260473066618107,0.005260473066618107,0.0,0.005431746317387669,0.005260473066618107,real_test maximum entity-balanced absolute y1-y0 frequency,synthetic maximum entity-balanced absolute y1-y0 frequency,,,35,0.0052604730666181067 <= 0.02,PASS,PASS,PASS,PASS,55e0b7303c066a21be2ba49deff8e918bc32438d06d25522b571a748a21de003,55298fa46c257f78839bb93dc80ff31e98423714cc5e3a5f259de03b74889c73,ce3623327f16cb1ad8c4c7099a9adac04de7592ff32acdd101e2b014617f0a22,1528bbf2582303fd537b72ea6b6963fbc1f1102b5fbfc51424bf4d5eff9a467e,ace0f1143c2428f1e29dcb381f23c6c8b868843cba3ad6f58da517aafefbc4f2
plug_in_hmm,4,2,COMPLETE,amount_ks,PASS,0.006081138155655141,0.0019643269436897537,0.0019643269436897537,0.0,4.999627320792747,4.999198661522075,real_test row-weighted amount mean,synthetic row-weighted amount mean,0.018305097113037107,-0.008799546784786878,,0.0019643269436897537 <= 0.0060811381556551414,PASS,PASS,PASS,PASS,8041e92dd6f6bf166020137350cc7b6a67762d178b0b55d245336ac60d8699fd,1838d3e3389efa0e9540c779db293953abe2ba76d695b7f1a0a0ffaaf9dcb1e2,97bdead1fdf73e8c1b3787053fe866aeff12c28fa20b065075b6b543383109ef,1cf9e9633070762e51fee69bbd59661f0c17dccdad4ac124ab11285f56f283df,e860c4f088c2ffc1fef336f26977fe7f91a28c6e493551ed9b6ad0c78b0d1e9f
plug_in_hmm,4,2,COMPLETE,gap_ks,PASS,0.006387882975686154,0.0030192413660414807,0.0030192413660414807,0.0,1.5056787062178993,1.5120880511149175,real_test row-weighted frozen-tau gap mean,synthetic row-weighted frozen-tau gap mean,0.005683703315469413,0.008060027199698356,,0.0030192413660414807 <= 0.0063878829756861544,PASS,PASS,PASS,PASS,8041e92dd6f6bf166020137350cc7b6a67762d178b0b55d245336ac60d8699fd,1838d3e3389efa0e9540c779db293953abe2ba76d695b7f1a0a0ffaaf9dcb1e2,97bdead1fdf73e8c1b3787053fe866aeff12c28fa20b065075b6b543383109ef,1cf9e9633070762e51fee69bbd59661f0c17dccdad4ac124ab11285f56f283df,e860c4f088c2ffc1fef336f26977fe7f91a28c6e493551ed9b6ad0c78b0d1e9f
plug_in_hmm,4,2,COMPLETE,amount_abs_standardized_label_effect,PASS,0.0363693454591819,0.008798799622379635,0.008798799622379635,0.0,0.018305097113037107,0.008799546784786878,real_test absolute standardized y1-y0 amount effect,synthetic absolute standardized y1-y0 amount effect,0.018305097113037107,-0.008799546784786878,,0.0087987996223796352 <= 0.036369345459181898,PASS,PASS,PASS,PASS,8041e92dd6f6bf166020137350cc7b6a67762d178b0b55d245336ac60d8699fd,1838d3e3389efa0e9540c779db293953abe2ba76d695b7f1a0a0ffaaf9dcb1e2,97bdead1fdf73e8c1b3787053fe866aeff12c28fa20b065075b6b543383109ef,1cf9e9633070762e51fee69bbd59661f0c17dccdad4ac124ab11285f56f283df,e860c4f088c2ffc1fef336f26977fe7f91a28c6e493551ed9b6ad0c78b0d1e9f
plug_in_hmm,4,2,COMPLETE,gap_abs_standardized_label_effect,PASS,0.051540527275560376,0.008060027199698356,0.008060027199698356,0.0,0.005683703315469413,0.008060027199698356,real_test absolute standardized y1-y0 gap effect,synthetic absolute standardized y1-y0 gap effect,0.005683703315469413,0.008060027199698356,,0.0080600271996983559 <= 0.051540527275560376,PASS,PASS,PASS,PASS,8041e92dd6f6bf166020137350cc7b6a67762d178b0b55d245336ac60d8699fd,1838d3e3389efa0e9540c779db293953abe2ba76d695b7f1a0a0ffaaf9dcb1e2,97bdead1fdf73e8c1b3787053fe866aeff12c28fa20b065075b6b543383109ef,1cf9e9633070762e51fee69bbd59661f0c17dccdad4ac124ab11285f56f283df,e860c4f088c2ffc1fef336f26977fe7f91a28c6e493551ed9b6ad0c78b0d1e9f
plug_in_hmm,4,2,COMPLETE,receiver_max_abs_signed_frequency,PASS,0.02,0.006383884766620827,0.006383884766620827,0.0,0.005431746317387669,0.006383884766620827,real_test maximum entity-balanced absolute y1-y0 frequency,synthetic maximum entity-balanced absolute y1-y0 frequency,,,63,0.006383884766620827 <= 0.02,PASS,PASS,PASS,PASS,8041e92dd6f6bf166020137350cc7b6a67762d178b0b55d245336ac60d8699fd,1838d3e3389efa0e9540c779db293953abe2ba76d695b7f1a0a0ffaaf9dcb1e2,97bdead1fdf73e8c1b3787053fe866aeff12c28fa20b065075b6b543383109ef,1cf9e9633070762e51fee69bbd59661f0c17dccdad4ac124ab11285f56f283df,e860c4f088c2ffc1fef336f26977fe7f91a28c6e493551ed9b6ad0c78b0d1e9f
plug_in_hmm,5,2,COMPLETE,amount_ks,PASS,0.006081138155655141,0.0019237691219798903,0.0019237691219798903,0.0,4.999627320792747,4.999712605142848,real_test row-weighted amount mean,synthetic row-weighted amount mean,0.018305097113037107,0.026759600248318208,,0.0019237691219798903 <= 0.0060811381556551414,PASS,PASS,PASS,PASS,fb461e9dbdeb7af3e78e45042e0af6dfe72b7363ce21bd8f9c985cc358f96942,2a55c38c0e95d4f421d4809692f4dc40ad427fecd86edcd1f91bdfdcdc355fb9,8dbb18e3ddb9e6edb53a4b7f25588228a72ca6c03768bfa4caa38ad33be02541,0feceec1209b608d70c45ad6b9d9cd1c24c154ffabf21d7bd206c8e847a5157e,4e36d643a10060282b416d43044c4de260a929352cf63255865010a44af6e2ba
plug_in_hmm,5,2,COMPLETE,gap_ks,PASS,0.006387882975686154,0.003554420593455232,0.003554420593455232,0.0,1.5056787062178993,1.5188116109072514,real_test row-weighted frozen-tau gap mean,synthetic row-weighted frozen-tau gap mean,0.005683703315469413,-0.01737571082616008,,0.003554420593455232 <= 0.0063878829756861544,PASS,PASS,PASS,PASS,fb461e9dbdeb7af3e78e45042e0af6dfe72b7363ce21bd8f9c985cc358f96942,2a55c38c0e95d4f421d4809692f4dc40ad427fecd86edcd1f91bdfdcdc355fb9,8dbb18e3ddb9e6edb53a4b7f25588228a72ca6c03768bfa4caa38ad33be02541,0feceec1209b608d70c45ad6b9d9cd1c24c154ffabf21d7bd206c8e847a5157e,4e36d643a10060282b416d43044c4de260a929352cf63255865010a44af6e2ba
plug_in_hmm,5,2,COMPLETE,amount_abs_standardized_label_effect,PASS,0.0363693454591819,0.026759703474933186,0.026759703474933186,0.0,0.018305097113037107,0.026759600248318208,real_test absolute standardized y1-y0 amount effect,synthetic absolute standardized y1-y0 amount effect,0.018305097113037107,0.026759600248318208,,0.026759703474933186 <= 0.036369345459181898,PASS,PASS,PASS,PASS,fb461e9dbdeb7af3e78e45042e0af6dfe72b7363ce21bd8f9c985cc358f96942,2a55c38c0e95d4f421d4809692f4dc40ad427fecd86edcd1f91bdfdcdc355fb9,8dbb18e3ddb9e6edb53a4b7f25588228a72ca6c03768bfa4caa38ad33be02541,0feceec1209b608d70c45ad6b9d9cd1c24c154ffabf21d7bd206c8e847a5157e,4e36d643a10060282b416d43044c4de260a929352cf63255865010a44af6e2ba
plug_in_hmm,5,2,COMPLETE,gap_abs_standardized_label_effect,PASS,0.051540527275560376,0.01737571082616008,0.01737571082616008,0.0,0.005683703315469413,0.01737571082616008,real_test absolute standardized y1-y0 gap effect,synthetic absolute standardized y1-y0 gap effect,0.005683703315469413,-0.01737571082616008,,0.01737571082616008 <= 0.051540527275560376,PASS,PASS,PASS,PASS,fb461e9dbdeb7af3e78e45042e0af6dfe72b7363ce21bd8f9c985cc358f96942,2a55c38c0e95d4f421d4809692f4dc40ad427fecd86edcd1f91bdfdcdc355fb9,8dbb18e3ddb9e6edb53a4b7f25588228a72ca6c03768bfa4caa38ad33be02541,0feceec1209b608d70c45ad6b9d9cd1c24c154ffabf21d7bd206c8e847a5157e,4e36d643a10060282b416d43044c4de260a929352cf63255865010a44af6e2ba
plug_in_hmm,5,2,COMPLETE,receiver_max_abs_signed_frequency,PASS,0.02,0.005497527531061856,0.005497527531061856,0.0,0.005431746317387669,0.005497527531061856,real_test maximum entity-balanced absolute y1-y0 frequency,synthetic maximum entity-balanced absolute y1-y0 frequency,,,50,0.0054975275310618563 <= 0.02,PASS,PASS,PASS,PASS,fb461e9dbdeb7af3e78e45042e0af6dfe72b7363ce21bd8f9c985cc358f96942,2a55c38c0e95d4f421d4809692f4dc40ad427fecd86edcd1f91bdfdcdc355fb9,8dbb18e3ddb9e6edb53a4b7f25588228a72ca6c03768bfa4caa38ad33be02541,0feceec1209b608d70c45ad6b9d9cd1c24c154ffabf21d7bd206c8e847a5157e,4e36d643a10060282b416d43044c4de260a929352cf63255865010a44af6e2ba
plug_in_hsmm,1,2,INVALID,amount_ks,PASS,0.006081138155655141,0.003080535611117874,0.003080535611117874,0.0,4.999627320792747,4.99670463723483,real_test row-weighted amount mean,synthetic row-weighted amount mean,0.018305097113037107,-0.01062266529928686,,0.0030805356111178739 <= 0.0060811381556551414,PASS,PASS,PASS,FAIL,5386df0a1fdd8cb4fae25f6cda75a545b09ab11e8aa0206b633955c85d9f99ed,43f12faea125329a21c0e3ebd50f7f0293f35cf38b804f3b44cd16ed3580fa9a,a874cbb154b6a62da3bc8428c231b986dfb424e72e837d2f184eeed8d21c74d3,f22d002648f300b3a2909b9a410456f797e884066402925472acc1655aff3734,33a481dbe35bce25ec4db8d2ba2d4f69e104f46d05e7009c7551c30bbb2e1d62
plug_in_hsmm,1,2,INVALID,gap_ks,FAIL,0.006387882975686154,0.008506986828145102,0.008506986828145102,0.0,1.5056787062178993,1.5244324011928738,real_test row-weighted frozen-tau gap mean,synthetic row-weighted frozen-tau gap mean,0.005683703315469413,0.022153428278648326,,0.0085069868281451022 > 0.0063878829756861544,PASS,PASS,PASS,FAIL,5386df0a1fdd8cb4fae25f6cda75a545b09ab11e8aa0206b633955c85d9f99ed,43f12faea125329a21c0e3ebd50f7f0293f35cf38b804f3b44cd16ed3580fa9a,a874cbb154b6a62da3bc8428c231b986dfb424e72e837d2f184eeed8d21c74d3,f22d002648f300b3a2909b9a410456f797e884066402925472acc1655aff3734,33a481dbe35bce25ec4db8d2ba2d4f69e104f46d05e7009c7551c30bbb2e1d62
plug_in_hsmm,1,2,INVALID,amount_abs_standardized_label_effect,PASS,0.0363693454591819,0.010622262315391992,0.010622262315391992,0.0,0.018305097113037107,0.01062266529928686,real_test absolute standardized y1-y0 amount effect,synthetic absolute standardized y1-y0 amount effect,0.018305097113037107,-0.01062266529928686,,0.010622262315391992 <= 0.036369345459181898,PASS,PASS,PASS,FAIL,5386df0a1fdd8cb4fae25f6cda75a545b09ab11e8aa0206b633955c85d9f99ed,43f12faea125329a21c0e3ebd50f7f0293f35cf38b804f3b44cd16ed3580fa9a,a874cbb154b6a62da3bc8428c231b986dfb424e72e837d2f184eeed8d21c74d3,f22d002648f300b3a2909b9a410456f797e884066402925472acc1655aff3734,33a481dbe35bce25ec4db8d2ba2d4f69e104f46d05e7009c7551c30bbb2e1d62
plug_in_hsmm,1,2,INVALID,gap_abs_standardized_label_effect,PASS,0.051540527275560376,0.022153428278648326,0.022153428278648326,0.0,0.005683703315469413,0.022153428278648326,real_test absolute standardized y1-y0 gap effect,synthetic absolute standardized y1-y0 gap effect,0.005683703315469413,0.022153428278648326,,0.022153428278648326 <= 0.051540527275560376,PASS,PASS,PASS,FAIL,5386df0a1fdd8cb4fae25f6cda75a545b09ab11e8aa0206b633955c85d9f99ed,43f12faea125329a21c0e3ebd50f7f0293f35cf38b804f3b44cd16ed3580fa9a,a874cbb154b6a62da3bc8428c231b986dfb424e72e837d2f184eeed8d21c74d3,f22d002648f300b3a2909b9a410456f797e884066402925472acc1655aff3734,33a481dbe35bce25ec4db8d2ba2d4f69e104f46d05e7009c7551c30bbb2e1d62
plug_in_hsmm,1,2,INVALID,receiver_max_abs_signed_frequency,PASS,0.02,0.005635242081759469,0.005635242081759469,0.0,0.005431746317387669,0.005635242081759469,real_test maximum entity-balanced absolute y1-y0 frequency,synthetic maximum entity-balanced absolute y1-y0 frequency,,,51,0.0056352420817594694 <= 0.02,PASS,PASS,PASS,FAIL,5386df0a1fdd8cb4fae25f6cda75a545b09ab11e8aa0206b633955c85d9f99ed,43f12faea125329a21c0e3ebd50f7f0293f35cf38b804f3b44cd16ed3580fa9a,a874cbb154b6a62da3bc8428c231b986dfb424e72e837d2f184eeed8d21c74d3,f22d002648f300b3a2909b9a410456f797e884066402925472acc1655aff3734,33a481dbe35bce25ec4db8d2ba2d4f69e104f46d05e7009c7551c30bbb2e1d62
plug_in_hsmm,2,2,CANCELLED,NOT_COMPUTED,NOT_COMPUTED,,,,,,,,,,,,CANCELLED has no completed evaluation artifact,,,,,,,,,f1b998694a9b7b16c4df6abe166a39867ad18a0595b441fb8ad31a2fde60a3c2
plug_in_hsmm,3,2,CANCELLED,NOT_COMPUTED,NOT_COMPUTED,,,,,,,,,,,,CANCELLED has no completed evaluation artifact,,,,,,,,,f1b998694a9b7b16c4df6abe166a39867ad18a0595b441fb8ad31a2fde60a3c2
plug_in_hsmm,4,2,CANCELLED,NOT_COMPUTED,NOT_COMPUTED,,,,,,,,,,,,CANCELLED has no completed evaluation artifact,,,,,,,,,f1b998694a9b7b16c4df6abe166a39867ad18a0595b441fb8ad31a2fde60a3c2
plug_in_hsmm,5,2,CANCELLED,NOT_COMPUTED,NOT_COMPUTED,,,,,,,,,,,,CANCELLED has no completed evaluation artifact,,,,,,,,,f1b998694a9b7b16c4df6abe166a39867ad18a0595b441fb8ad31a2fde60a3c2
ctgan_separate_class,1,2,INVALID,amount_ks,FAIL,0.006081138155655141,0.1820394163376433,0.1820394163376433,0.0,4.999627320792747,4.779343907423154,real_test row-weighted amount mean,synthetic row-weighted amount mean,0.018305097113037107,0.3016607598334419,,0.18203941633764331 > 0.0060811381556551414,PASS,PASS,PASS,FAIL,853e76693daba086ca81b48f3122483f961c5547779c8ad20ba145676a8d430b,5823c3a75d1d487962b539f316d6050f18edf098bd87809ff97b4cb1be4ec5a8,b0bb270a5fddbe0c9eb09ebe38b8b7dd9766731dec171dcb15a8e1ea09f798b7,ba817906fe2034e1bc7149e063c5d049ceade5049a4881e465c269f014b2186e,33a481dbe35bce25ec4db8d2ba2d4f69e104f46d05e7009c7551c30bbb2e1d62
ctgan_separate_class,1,2,INVALID,gap_ks,FAIL,0.006387882975686154,0.06645773422994083,0.06645773422994083,0.0,1.5056787062178993,1.3899574633756506,real_test row-weighted frozen-tau gap mean,synthetic row-weighted frozen-tau gap mean,0.005683703315469413,0.008608331000955257,,0.066457734229940835 > 0.0063878829756861544,PASS,PASS,PASS,FAIL,853e76693daba086ca81b48f3122483f961c5547779c8ad20ba145676a8d430b,5823c3a75d1d487962b539f316d6050f18edf098bd87809ff97b4cb1be4ec5a8,b0bb270a5fddbe0c9eb09ebe38b8b7dd9766731dec171dcb15a8e1ea09f798b7,ba817906fe2034e1bc7149e063c5d049ceade5049a4881e465c269f014b2186e,33a481dbe35bce25ec4db8d2ba2d4f69e104f46d05e7009c7551c30bbb2e1d62
ctgan_separate_class,1,2,INVALID,amount_abs_standardized_label_effect,FAIL,0.0363693454591819,0.30166068441477434,0.30166068441477434,0.0,0.018305097113037107,0.3016607598334419,real_test absolute standardized y1-y0 amount effect,synthetic absolute standardized y1-y0 amount effect,0.018305097113037107,0.3016607598334419,,0.30166068441477434 > 0.036369345459181898,PASS,PASS,PASS,FAIL,853e76693daba086ca81b48f3122483f961c5547779c8ad20ba145676a8d430b,5823c3a75d1d487962b539f316d6050f18edf098bd87809ff97b4cb1be4ec5a8,b0bb270a5fddbe0c9eb09ebe38b8b7dd9766731dec171dcb15a8e1ea09f798b7,ba817906fe2034e1bc7149e063c5d049ceade5049a4881e465c269f014b2186e,33a481dbe35bce25ec4db8d2ba2d4f69e104f46d05e7009c7551c30bbb2e1d62
ctgan_separate_class,1,2,INVALID,gap_abs_standardized_label_effect,PASS,0.051540527275560376,0.008608331000955257,0.008608331000955257,0.0,0.005683703315469413,0.008608331000955257,real_test absolute standardized y1-y0 gap effect,synthetic absolute standardized y1-y0 gap effect,0.005683703315469413,0.008608331000955257,,0.008608331000955257 <= 0.051540527275560376,PASS,PASS,PASS,FAIL,853e76693daba086ca81b48f3122483f961c5547779c8ad20ba145676a8d430b,5823c3a75d1d487962b539f316d6050f18edf098bd87809ff97b4cb1be4ec5a8,b0bb270a5fddbe0c9eb09ebe38b8b7dd9766731dec171dcb15a8e1ea09f798b7,ba817906fe2034e1bc7149e063c5d049ceade5049a4881e465c269f014b2186e,33a481dbe35bce25ec4db8d2ba2d4f69e104f46d05e7009c7551c30bbb2e1d62
ctgan_separate_class,1,2,INVALID,receiver_max_abs_signed_frequency,PASS,0.02,0.017956192618480166,0.017956192618480166,0.0,0.005431746317387669,0.017956192618480166,real_test maximum entity-balanced absolute y1-y0 frequency,synthetic maximum entity-balanced absolute y1-y0 frequency,,,10,0.017956192618480166 <= 0.02,PASS,PASS,PASS,FAIL,853e76693daba086ca81b48f3122483f961c5547779c8ad20ba145676a8d430b,5823c3a75d1d487962b539f316d6050f18edf098bd87809ff97b4cb1be4ec5a8,b0bb270a5fddbe0c9eb09ebe38b8b7dd9766731dec171dcb15a8e1ea09f798b7,ba817906fe2034e1bc7149e063c5d049ceade5049a4881e465c269f014b2186e,33a481dbe35bce25ec4db8d2ba2d4f69e104f46d05e7009c7551c30bbb2e1d62
ctgan_separate_class,2,2,INVALID,amount_ks,FAIL,0.006081138155655141,0.13286391087274949,0.13286391087274949,0.0,4.999627320792747,5.136700223298867,real_test row-weighted amount mean,synthetic row-weighted amount mean,0.018305097113037107,-0.3202109789189069,,0.13286391087274949 > 0.0060811381556551414,PASS,PASS,PASS,FAIL,6e85f48173807b9e873729d942b92bebbacbf4e1839c814fc434dc51d36ac9ee,9b76e149b5731c4261be31113e2cb204e3963d7cc4810f4f26babe20ff9a94b6,e7842ca4303433388512bd4f8d9da85da63023b7d76fc933b51881b5ebf08f9d,499f09a2fcc701fe1c4c4357d8c53a89e6f9c36c4ad8fb0b6a01ee92e4d9ab3b,33a481dbe35bce25ec4db8d2ba2d4f69e104f46d05e7009c7551c30bbb2e1d62
ctgan_separate_class,2,2,INVALID,gap_ks,FAIL,0.006387882975686154,0.0330170448741528,0.0330170448741528,0.0,1.5056787062178993,1.5459093938110358,real_test row-weighted frozen-tau gap mean,synthetic row-weighted frozen-tau gap mean,0.005683703315469413,0.003141243436861698,,0.033017044874152801 > 0.0063878829756861544,PASS,PASS,PASS,FAIL,6e85f48173807b9e873729d942b92bebbacbf4e1839c814fc434dc51d36ac9ee,9b76e149b5731c4261be31113e2cb204e3963d7cc4810f4f26babe20ff9a94b6,e7842ca4303433388512bd4f8d9da85da63023b7d76fc933b51881b5ebf08f9d,499f09a2fcc701fe1c4c4357d8c53a89e6f9c36c4ad8fb0b6a01ee92e4d9ab3b,33a481dbe35bce25ec4db8d2ba2d4f69e104f46d05e7009c7551c30bbb2e1d62
ctgan_separate_class,2,2,INVALID,amount_abs_standardized_label_effect,FAIL,0.0363693454591819,0.3202113651823292,0.3202113651823292,0.0,0.018305097113037107,0.3202109789189069,real_test absolute standardized y1-y0 amount effect,synthetic absolute standardized y1-y0 amount effect,0.018305097113037107,-0.3202109789189069,,0.32021136518232918 > 0.036369345459181898,PASS,PASS,PASS,FAIL,6e85f48173807b9e873729d942b92bebbacbf4e1839c814fc434dc51d36ac9ee,9b76e149b5731c4261be31113e2cb204e3963d7cc4810f4f26babe20ff9a94b6,e7842ca4303433388512bd4f8d9da85da63023b7d76fc933b51881b5ebf08f9d,499f09a2fcc701fe1c4c4357d8c53a89e6f9c36c4ad8fb0b6a01ee92e4d9ab3b,33a481dbe35bce25ec4db8d2ba2d4f69e104f46d05e7009c7551c30bbb2e1d62
ctgan_separate_class,2,2,INVALID,gap_abs_standardized_label_effect,PASS,0.051540527275560376,0.003141243436861698,0.003141243436861698,0.0,0.005683703315469413,0.003141243436861698,real_test absolute standardized y1-y0 gap effect,synthetic absolute standardized y1-y0 gap effect,0.005683703315469413,0.003141243436861698,,0.003141243436861698 <= 0.051540527275560376,PASS,PASS,PASS,FAIL,6e85f48173807b9e873729d942b92bebbacbf4e1839c814fc434dc51d36ac9ee,9b76e149b5731c4261be31113e2cb204e3963d7cc4810f4f26babe20ff9a94b6,e7842ca4303433388512bd4f8d9da85da63023b7d76fc933b51881b5ebf08f9d,499f09a2fcc701fe1c4c4357d8c53a89e6f9c36c4ad8fb0b6a01ee92e4d9ab3b,33a481dbe35bce25ec4db8d2ba2d4f69e104f46d05e7009c7551c30bbb2e1d62
ctgan_separate_class,2,2,INVALID,receiver_max_abs_signed_frequency,PASS,0.02,0.01579270593192473,0.01579270593192473,0.0,0.005431746317387669,0.01579270593192473,real_test maximum entity-balanced absolute y1-y0 frequency,synthetic maximum entity-balanced absolute y1-y0 frequency,,,16,0.015792705931924729 <= 0.02,PASS,PASS,PASS,FAIL,6e85f48173807b9e873729d942b92bebbacbf4e1839c814fc434dc51d36ac9ee,9b76e149b5731c4261be31113e2cb204e3963d7cc4810f4f26babe20ff9a94b6,e7842ca4303433388512bd4f8d9da85da63023b7d76fc933b51881b5ebf08f9d,499f09a2fcc701fe1c4c4357d8c53a89e6f9c36c4ad8fb0b6a01ee92e4d9ab3b,33a481dbe35bce25ec4db8d2ba2d4f69e104f46d05e7009c7551c30bbb2e1d62
ctgan_separate_class,3,2,INVALID,amount_ks,FAIL,0.006081138155655141,0.043620938967312714,0.043620938967312714,0.0,4.999627320792747,4.9544529888116875,real_test row-weighted amount mean,synthetic row-weighted amount mean,0.018305097113037107,0.3935685948822349,,0.043620938967312714 > 0.0060811381556551414,PASS,PASS,PASS,FAIL,cf52ffdfb7b53dba4cd509d22883126e18ee462217951b0dd94d8400f0744bb6,36f70712686e7796eb3aad6d3ea7d17e5cdbfc27d4fcd7473ce0d7dee43853b5,ec06ad97d9711cba06f2140c87c5f3f833b65ba882c8384538d791c01f2be6e4,a8bd9620368b50d523ee3b566721a237969dac670ccb4c45e266fe925f9c1d3a,33a481dbe35bce25ec4db8d2ba2d4f69e104f46d05e7009c7551c30bbb2e1d62
ctgan_separate_class,3,2,INVALID,gap_ks,FAIL,0.006387882975686154,0.03917257474802782,0.03917257474802782,0.0,1.5056787062178993,1.5107151180767127,real_test row-weighted frozen-tau gap mean,synthetic row-weighted frozen-tau gap mean,0.005683703315469413,0.1225763868587628,,0.039172574748027822 > 0.0063878829756861544,PASS,PASS,PASS,FAIL,cf52ffdfb7b53dba4cd509d22883126e18ee462217951b0dd94d8400f0744bb6,36f70712686e7796eb3aad6d3ea7d17e5cdbfc27d4fcd7473ce0d7dee43853b5,ec06ad97d9711cba06f2140c87c5f3f833b65ba882c8384538d791c01f2be6e4,a8bd9620368b50d523ee3b566721a237969dac670ccb4c45e266fe925f9c1d3a,33a481dbe35bce25ec4db8d2ba2d4f69e104f46d05e7009c7551c30bbb2e1d62
ctgan_separate_class,3,2,INVALID,amount_abs_standardized_label_effect,FAIL,0.0363693454591819,0.393568348641516,0.393568348641516,0.0,0.018305097113037107,0.3935685948822349,real_test absolute standardized y1-y0 amount effect,synthetic absolute standardized y1-y0 amount effect,0.018305097113037107,0.3935685948822349,,0.39356834864151602 > 0.036369345459181898,PASS,PASS,PASS,FAIL,cf52ffdfb7b53dba4cd509d22883126e18ee462217951b0dd94d8400f0744bb6,36f70712686e7796eb3aad6d3ea7d17e5cdbfc27d4fcd7473ce0d7dee43853b5,ec06ad97d9711cba06f2140c87c5f3f833b65ba882c8384538d791c01f2be6e4,a8bd9620368b50d523ee3b566721a237969dac670ccb4c45e266fe925f9c1d3a,33a481dbe35bce25ec4db8d2ba2d4f69e104f46d05e7009c7551c30bbb2e1d62
ctgan_separate_class,3,2,INVALID,gap_abs_standardized_label_effect,FAIL,0.051540527275560376,0.1225763868587628,0.1225763868587628,0.0,0.005683703315469413,0.1225763868587628,real_test absolute standardized y1-y0 gap effect,synthetic absolute standardized y1-y0 gap effect,0.005683703315469413,0.1225763868587628,,0.12257638685876281 > 0.051540527275560376,PASS,PASS,PASS,FAIL,cf52ffdfb7b53dba4cd509d22883126e18ee462217951b0dd94d8400f0744bb6,36f70712686e7796eb3aad6d3ea7d17e5cdbfc27d4fcd7473ce0d7dee43853b5,ec06ad97d9711cba06f2140c87c5f3f833b65ba882c8384538d791c01f2be6e4,a8bd9620368b50d523ee3b566721a237969dac670ccb4c45e266fe925f9c1d3a,33a481dbe35bce25ec4db8d2ba2d4f69e104f46d05e7009c7551c30bbb2e1d62
ctgan_separate_class,3,2,INVALID,receiver_max_abs_signed_frequency,PASS,0.02,0.014757087701416486,0.014757087701416486,0.0,0.005431746317387669,0.014757087701416486,real_test maximum entity-balanced absolute y1-y0 frequency,synthetic maximum entity-balanced absolute y1-y0 frequency,,,39,0.014757087701416486 <= 0.02,PASS,PASS,PASS,FAIL,cf52ffdfb7b53dba4cd509d22883126e18ee462217951b0dd94d8400f0744bb6,36f70712686e7796eb3aad6d3ea7d17e5cdbfc27d4fcd7473ce0d7dee43853b5,ec06ad97d9711cba06f2140c87c5f3f833b65ba882c8384538d791c01f2be6e4,a8bd9620368b50d523ee3b566721a237969dac670ccb4c45e266fe925f9c1d3a,33a481dbe35bce25ec4db8d2ba2d4f69e104f46d05e7009c7551c30bbb2e1d62
ctgan_separate_class,4,3,INVALID,amount_ks,FAIL,0.006081138155655141,0.09277480557890483,0.09277480557890483,0.0,4.999627320792747,5.127284880351248,real_test row-weighted amount mean,synthetic row-weighted amount mean,0.018305097113037107,-0.14006389877785103,,0.092774805578904829 > 0.0060811381556551414,PASS,PASS,PASS,FAIL,21b9154fe08e993939e9c3f428d1ee1a398ed166fea1fbe1902f6a8febf68469,1b9e6631f7cd23d0616827f2014802ae6e9b5f377e922a6ba6dbf1a94e6ec3dd,a8170d9aaf1a78e592c87b856550b85cb47e3a110c0a6520c393007312a75137,c8c593bcd369f2dcd0ccbe7f09da4357927c55441e314b9e1aea6c9a0400bf0f,33a481dbe35bce25ec4db8d2ba2d4f69e104f46d05e7009c7551c30bbb2e1d62
ctgan_separate_class,4,3,INVALID,gap_ks,FAIL,0.006387882975686154,0.047238430204085,0.047238430204085,0.0,1.5056787062178993,1.3894164342481647,real_test row-weighted frozen-tau gap mean,synthetic row-weighted frozen-tau gap mean,0.005683703315469413,0.038643820855026656,,0.047238430204084997 > 0.0063878829756861544,PASS,PASS,PASS,FAIL,21b9154fe08e993939e9c3f428d1ee1a398ed166fea1fbe1902f6a8febf68469,1b9e6631f7cd23d0616827f2014802ae6e9b5f377e922a6ba6dbf1a94e6ec3dd,a8170d9aaf1a78e592c87b856550b85cb47e3a110c0a6520c393007312a75137,c8c593bcd369f2dcd0ccbe7f09da4357927c55441e314b9e1aea6c9a0400bf0f,33a481dbe35bce25ec4db8d2ba2d4f69e104f46d05e7009c7551c30bbb2e1d62
ctgan_separate_class,4,3,INVALID,amount_abs_standardized_label_effect,FAIL,0.0363693454591819,0.14006327802617655,0.14006327802617655,0.0,0.018305097113037107,0.14006389877785103,real_test absolute standardized y1-y0 amount effect,synthetic absolute standardized y1-y0 amount effect,0.018305097113037107,-0.14006389877785103,,0.14006327802617655 > 0.036369345459181898,PASS,PASS,PASS,FAIL,21b9154fe08e993939e9c3f428d1ee1a398ed166fea1fbe1902f6a8febf68469,1b9e6631f7cd23d0616827f2014802ae6e9b5f377e922a6ba6dbf1a94e6ec3dd,a8170d9aaf1a78e592c87b856550b85cb47e3a110c0a6520c393007312a75137,c8c593bcd369f2dcd0ccbe7f09da4357927c55441e314b9e1aea6c9a0400bf0f,33a481dbe35bce25ec4db8d2ba2d4f69e104f46d05e7009c7551c30bbb2e1d62
ctgan_separate_class,4,3,INVALID,gap_abs_standardized_label_effect,PASS,0.051540527275560376,0.038643820855026656,0.038643820855026656,0.0,0.005683703315469413,0.038643820855026656,real_test absolute standardized y1-y0 gap effect,synthetic absolute standardized y1-y0 gap effect,0.005683703315469413,0.038643820855026656,,0.038643820855026656 <= 0.051540527275560376,PASS,PASS,PASS,FAIL,21b9154fe08e993939e9c3f428d1ee1a398ed166fea1fbe1902f6a8febf68469,1b9e6631f7cd23d0616827f2014802ae6e9b5f377e922a6ba6dbf1a94e6ec3dd,a8170d9aaf1a78e592c87b856550b85cb47e3a110c0a6520c393007312a75137,c8c593bcd369f2dcd0ccbe7f09da4357927c55441e314b9e1aea6c9a0400bf0f,33a481dbe35bce25ec4db8d2ba2d4f69e104f46d05e7009c7551c30bbb2e1d62
ctgan_separate_class,4,3,INVALID,receiver_max_abs_signed_frequency,PASS,0.02,0.015312172466115187,0.015312172466115187,0.0,0.005431746317387669,0.015312172466115187,real_test maximum entity-balanced absolute y1-y0 frequency,synthetic maximum entity-balanced absolute y1-y0 frequency,,,27,0.015312172466115187 <= 0.02,PASS,PASS,PASS,FAIL,21b9154fe08e993939e9c3f428d1ee1a398ed166fea1fbe1902f6a8febf68469,1b9e6631f7cd23d0616827f2014802ae6e9b5f377e922a6ba6dbf1a94e6ec3dd,a8170d9aaf1a78e592c87b856550b85cb47e3a110c0a6520c393007312a75137,c8c593bcd369f2dcd0ccbe7f09da4357927c55441e314b9e1aea6c9a0400bf0f,33a481dbe35bce25ec4db8d2ba2d4f69e104f46d05e7009c7551c30bbb2e1d62
ctgan_separate_class,5,3,INVALID,amount_ks,FAIL,0.006081138155655141,0.03725514161001209,0.03725514161001209,0.0,4.999627320792747,5.044893971702779,real_test row-weighted amount mean,synthetic row-weighted amount mean,0.018305097113037107,-0.10788919776371514,,0.037255141610012088 > 0.0060811381556551414,PASS,PASS,PASS,FAIL,4403c736dc301bfa3592e2bcde452da90f24344d84162225cd58462c6410d41b,fe60044e24a03862f1fd028ea5bcb18b7cab829df057287d193c71cebe363421,b49e5540f98395d41a08b7585e371bf8b9e23ef47b78db143416b7079b513a2b,1de372b36936e0f7fea88315aae268133a2ca4d11de35715e489f8bdc260e519,33a481dbe35bce25ec4db8d2ba2d4f69e104f46d05e7009c7551c30bbb2e1d62
ctgan_separate_class,5,3,INVALID,gap_ks,FAIL,0.006387882975686154,0.04898706952327159,0.04898706952327159,0.0,1.5056787062178993,1.4148433682258585,real_test row-weighted frozen-tau gap mean,synthetic row-weighted frozen-tau gap mean,0.005683703315469413,0.13510438236004277,,0.048987069523271587 > 0.0063878829756861544,PASS,PASS,PASS,FAIL,4403c736dc301bfa3592e2bcde452da90f24344d84162225cd58462c6410d41b,fe60044e24a03862f1fd028ea5bcb18b7cab829df057287d193c71cebe363421,b49e5540f98395d41a08b7585e371bf8b9e23ef47b78db143416b7079b513a2b,1de372b36936e0f7fea88315aae268133a2ca4d11de35715e489f8bdc260e519,33a481dbe35bce25ec4db8d2ba2d4f69e104f46d05e7009c7551c30bbb2e1d62
ctgan_separate_class,5,3,INVALID,amount_abs_standardized_label_effect,FAIL,0.0363693454591819,0.10788899891281048,0.10788899891281048,0.0,0.018305097113037107,0.10788919776371514,real_test absolute standardized y1-y0 amount effect,synthetic absolute standardized y1-y0 amount effect,0.018305097113037107,-0.10788919776371514,,0.10788899891281048 > 0.036369345459181898,PASS,PASS,PASS,FAIL,4403c736dc301bfa3592e2bcde452da90f24344d84162225cd58462c6410d41b,fe60044e24a03862f1fd028ea5bcb18b7cab829df057287d193c71cebe363421,b49e5540f98395d41a08b7585e371bf8b9e23ef47b78db143416b7079b513a2b,1de372b36936e0f7fea88315aae268133a2ca4d11de35715e489f8bdc260e519,33a481dbe35bce25ec4db8d2ba2d4f69e104f46d05e7009c7551c30bbb2e1d62
ctgan_separate_class,5,3,INVALID,gap_abs_standardized_label_effect,FAIL,0.051540527275560376,0.13510438236004277,0.13510438236004277,0.0,0.005683703315469413,0.13510438236004277,real_test absolute standardized y1-y0 gap effect,synthetic absolute standardized y1-y0 gap effect,0.005683703315469413,0.13510438236004277,,0.13510438236004277 > 0.051540527275560376,PASS,PASS,PASS,FAIL,4403c736dc301bfa3592e2bcde452da90f24344d84162225cd58462c6410d41b,fe60044e24a03862f1fd028ea5bcb18b7cab829df057287d193c71cebe363421,b49e5540f98395d41a08b7585e371bf8b9e23ef47b78db143416b7079b513a2b,1de372b36936e0f7fea88315aae268133a2ca4d11de35715e489f8bdc260e519,33a481dbe35bce25ec4db8d2ba2d4f69e104f46d05e7009c7551c30bbb2e1d62
ctgan_separate_class,5,3,INVALID,receiver_max_abs_signed_frequency,PASS,0.02,0.013478275043287398,0.013478275043287398,0.0,0.005431746317387669,0.013478275043287398,real_test maximum entity-balanced absolute y1-y0 frequency,synthetic maximum entity-balanced absolute y1-y0 frequency,,,7,0.013478275043287398 <= 0.02,PASS,PASS,PASS,FAIL,4403c736dc301bfa3592e2bcde452da90f24344d84162225cd58462c6410d41b,fe60044e24a03862f1fd028ea5bcb18b7cab829df057287d193c71cebe363421,b49e5540f98395d41a08b7585e371bf8b9e23ef47b78db143416b7079b513a2b,1de372b36936e0f7fea88315aae268133a2ca4d11de35715e489f8bdc260e519,33a481dbe35bce25ec4db8d2ba2d4f69e104f46d05e7009c7551c30bbb2e1d62
tvae_separate_class,1,3,INVALID,amount_ks,FAIL,0.006081138155655141,0.11211108559247979,0.11211108559247979,0.0,4.999627320792747,4.9588322783852625,real_test row-weighted amount mean,synthetic row-weighted amount mean,0.018305097113037107,0.08193513512082166,,0.11211108559247979 > 0.0060811381556551414,PASS,PASS,PASS,FAIL,d148e411f0f5797b6a0d9f4b9ef5fc5593023fc3df4ba4ac61fb167fc07966bf,8254c3fec9006aa831bff684e076a5fd0da727b8bd30908c3e0e3bed754a884e,17d5d0554ee6521bc9c00e1b0c4ce0e4497e5e25b154355077e4cf3d5968a9f4,d830c719de51c47470764814831f5a042302fd51cf5ead5ed94bf28200534902,33a481dbe35bce25ec4db8d2ba2d4f69e104f46d05e7009c7551c30bbb2e1d62
tvae_separate_class,1,3,INVALID,gap_ks,FAIL,0.006387882975686154,0.3113327296157219,0.3113327296157219,0.0,1.5056787062178993,1.2975081173745526,real_test row-weighted frozen-tau gap mean,synthetic row-weighted frozen-tau gap mean,0.005683703315469413,0.9865874586672214,,0.31133272961572189 > 0.0063878829756861544,PASS,PASS,PASS,FAIL,d148e411f0f5797b6a0d9f4b9ef5fc5593023fc3df4ba4ac61fb167fc07966bf,8254c3fec9006aa831bff684e076a5fd0da727b8bd30908c3e0e3bed754a884e,17d5d0554ee6521bc9c00e1b0c4ce0e4497e5e25b154355077e4cf3d5968a9f4,d830c719de51c47470764814831f5a042302fd51cf5ead5ed94bf28200534902,33a481dbe35bce25ec4db8d2ba2d4f69e104f46d05e7009c7551c30bbb2e1d62
tvae_separate_class,1,3,INVALID,amount_abs_standardized_label_effect,FAIL,0.0363693454591819,0.0819353830684719,0.0819353830684719,0.0,0.018305097113037107,0.08193513512082166,real_test absolute standardized y1-y0 amount effect,synthetic absolute standardized y1-y0 amount effect,0.018305097113037107,0.08193513512082166,,0.081935383068471895 > 0.036369345459181898,PASS,PASS,PASS,FAIL,d148e411f0f5797b6a0d9f4b9ef5fc5593023fc3df4ba4ac61fb167fc07966bf,8254c3fec9006aa831bff684e076a5fd0da727b8bd30908c3e0e3bed754a884e,17d5d0554ee6521bc9c00e1b0c4ce0e4497e5e25b154355077e4cf3d5968a9f4,d830c719de51c47470764814831f5a042302fd51cf5ead5ed94bf28200534902,33a481dbe35bce25ec4db8d2ba2d4f69e104f46d05e7009c7551c30bbb2e1d62
tvae_separate_class,1,3,INVALID,gap_abs_standardized_label_effect,FAIL,0.051540527275560376,0.9865874586672214,0.9865874586672214,0.0,0.005683703315469413,0.9865874586672214,real_test absolute standardized y1-y0 gap effect,synthetic absolute standardized y1-y0 gap effect,0.005683703315469413,0.9865874586672214,,0.98658745866722142 > 0.051540527275560376,PASS,PASS,PASS,FAIL,d148e411f0f5797b6a0d9f4b9ef5fc5593023fc3df4ba4ac61fb167fc07966bf,8254c3fec9006aa831bff684e076a5fd0da727b8bd30908c3e0e3bed754a884e,17d5d0554ee6521bc9c00e1b0c4ce0e4497e5e25b154355077e4cf3d5968a9f4,d830c719de51c47470764814831f5a042302fd51cf5ead5ed94bf28200534902,33a481dbe35bce25ec4db8d2ba2d4f69e104f46d05e7009c7551c30bbb2e1d62
tvae_separate_class,1,3,INVALID,receiver_max_abs_signed_frequency,FAIL,0.02,0.22610697131978516,0.22610697131978516,0.0,0.005431746317387669,0.22610697131978516,real_test maximum entity-balanced absolute y1-y0 frequency,synthetic maximum entity-balanced absolute y1-y0 frequency,,,43,0.22610697131978516 > 0.02,PASS,PASS,PASS,FAIL,d148e411f0f5797b6a0d9f4b9ef5fc5593023fc3df4ba4ac61fb167fc07966bf,8254c3fec9006aa831bff684e076a5fd0da727b8bd30908c3e0e3bed754a884e,17d5d0554ee6521bc9c00e1b0c4ce0e4497e5e25b154355077e4cf3d5968a9f4,d830c719de51c47470764814831f5a042302fd51cf5ead5ed94bf28200534902,33a481dbe35bce25ec4db8d2ba2d4f69e104f46d05e7009c7551c30bbb2e1d62
tvae_separate_class,2,3,INVALID,amount_ks,FAIL,0.006081138155655141,0.07611010878412894,0.07611010878412894,0.0,4.999627320792747,5.041723398799853,real_test row-weighted amount mean,synthetic row-weighted amount mean,0.018305097113037107,-0.027050100324771644,,0.076110108784128938 > 0.0060811381556551414,PASS,PASS,PASS,FAIL,a51fe0cbbe54ad3bbc2f2f71c2793d01dba2eafc3b57d65925e52ee7a75e5dc9,a8b3b57a37a4a1c99d5b2f2aeb41de2c141f77de1b514ecd1f0aff532ebcedd0,362a7bf89050d20cedf87fbd52cc3dec9aa2880ed4aefa662cf05653bb3ab1c8,847f45e730f50ff4a7df966760cb7536dc648c4acd726dd0bb73bdb733582e5c,33a481dbe35bce25ec4db8d2ba2d4f69e104f46d05e7009c7551c30bbb2e1d62
tvae_separate_class,2,3,INVALID,gap_ks,FAIL,0.006387882975686154,0.20937366804073265,0.20937366804073265,0.0,1.5056787062178993,1.0152341633414326,real_test row-weighted frozen-tau gap mean,synthetic row-weighted frozen-tau gap mean,0.005683703315469413,0.0457359440548473,,0.20937366804073265 > 0.0063878829756861544,PASS,PASS,PASS,FAIL,a51fe0cbbe54ad3bbc2f2f71c2793d01dba2eafc3b57d65925e52ee7a75e5dc9,a8b3b57a37a4a1c99d5b2f2aeb41de2c141f77de1b514ecd1f0aff532ebcedd0,362a7bf89050d20cedf87fbd52cc3dec9aa2880ed4aefa662cf05653bb3ab1c8,847f45e730f50ff4a7df966760cb7536dc648c4acd726dd0bb73bdb733582e5c,33a481dbe35bce25ec4db8d2ba2d4f69e104f46d05e7009c7551c30bbb2e1d62
tvae_separate_class,2,3,INVALID,amount_abs_standardized_label_effect,PASS,0.0363693454591819,0.02705030278098356,0.02705030278098356,0.0,0.018305097113037107,0.027050100324771644,real_test absolute standardized y1-y0 amount effect,synthetic absolute standardized y1-y0 amount effect,0.018305097113037107,-0.027050100324771644,,0.027050302780983561 <= 0.036369345459181898,PASS,PASS,PASS,FAIL,a51fe0cbbe54ad3bbc2f2f71c2793d01dba2eafc3b57d65925e52ee7a75e5dc9,a8b3b57a37a4a1c99d5b2f2aeb41de2c141f77de1b514ecd1f0aff532ebcedd0,362a7bf89050d20cedf87fbd52cc3dec9aa2880ed4aefa662cf05653bb3ab1c8,847f45e730f50ff4a7df966760cb7536dc648c4acd726dd0bb73bdb733582e5c,33a481dbe35bce25ec4db8d2ba2d4f69e104f46d05e7009c7551c30bbb2e1d62
tvae_separate_class,2,3,INVALID,gap_abs_standardized_label_effect,PASS,0.051540527275560376,0.0457359440548473,0.0457359440548473,0.0,0.005683703315469413,0.0457359440548473,real_test absolute standardized y1-y0 gap effect,synthetic absolute standardized y1-y0 gap effect,0.005683703315469413,0.0457359440548473,,0.045735944054847301 <= 0.051540527275560376,PASS,PASS,PASS,FAIL,a51fe0cbbe54ad3bbc2f2f71c2793d01dba2eafc3b57d65925e52ee7a75e5dc9,a8b3b57a37a4a1c99d5b2f2aeb41de2c141f77de1b514ecd1f0aff532ebcedd0,362a7bf89050d20cedf87fbd52cc3dec9aa2880ed4aefa662cf05653bb3ab1c8,847f45e730f50ff4a7df966760cb7536dc648c4acd726dd0bb73bdb733582e5c,33a481dbe35bce25ec4db8d2ba2d4f69e104f46d05e7009c7551c30bbb2e1d62
tvae_separate_class,2,3,INVALID,receiver_max_abs_signed_frequency,FAIL,0.02,0.42973926683576696,0.42973926683576696,0.0,0.005431746317387669,0.42973926683576696,real_test maximum entity-balanced absolute y1-y0 frequency,synthetic maximum entity-balanced absolute y1-y0 frequency,,,5,0.42973926683576696 > 0.02,PASS,PASS,PASS,FAIL,a51fe0cbbe54ad3bbc2f2f71c2793d01dba2eafc3b57d65925e52ee7a75e5dc9,a8b3b57a37a4a1c99d5b2f2aeb41de2c141f77de1b514ecd1f0aff532ebcedd0,362a7bf89050d20cedf87fbd52cc3dec9aa2880ed4aefa662cf05653bb3ab1c8,847f45e730f50ff4a7df966760cb7536dc648c4acd726dd0bb73bdb733582e5c,33a481dbe35bce25ec4db8d2ba2d4f69e104f46d05e7009c7551c30bbb2e1d62
tvae_separate_class,3,3,INVALID,amount_ks,FAIL,0.006081138155655141,0.05110185756151642,0.05110185756151642,0.0,4.999627320792747,5.062281664528501,real_test row-weighted amount mean,synthetic row-weighted amount mean,0.018305097113037107,0.045554823698812856,,0.051101857561516417 > 0.0060811381556551414,PASS,PASS,PASS,FAIL,b3ad68be08a7036770179241288727ce8151f94cde9f843e7a02ea542211a17c,d433d1cebb58c210abc07899841d28672d2c01988bc3c74ddfb311b3c8a962a8,de523a5582102dc6961df096dc349f67d3743474b6baaaaa2f03e7bdcc6b2842,a5c2c94bdff1ce54c5fb310f43d4beeb07333fe3a671716468a8b265dccffa52,33a481dbe35bce25ec4db8d2ba2d4f69e104f46d05e7009c7551c30bbb2e1d62
tvae_separate_class,3,3,INVALID,gap_ks,FAIL,0.006387882975686154,0.22063451673215412,0.22063451673215412,0.0,1.5056787062178993,1.6791003127871538,real_test row-weighted frozen-tau gap mean,synthetic row-weighted frozen-tau gap mean,0.005683703315469413,-0.24322874741078102,,0.22063451673215412 > 0.0063878829756861544,PASS,PASS,PASS,FAIL,b3ad68be08a7036770179241288727ce8151f94cde9f843e7a02ea542211a17c,d433d1cebb58c210abc07899841d28672d2c01988bc3c74ddfb311b3c8a962a8,de523a5582102dc6961df096dc349f67d3743474b6baaaaa2f03e7bdcc6b2842,a5c2c94bdff1ce54c5fb310f43d4beeb07333fe3a671716468a8b265dccffa52,33a481dbe35bce25ec4db8d2ba2d4f69e104f46d05e7009c7551c30bbb2e1d62
tvae_separate_class,3,3,INVALID,amount_abs_standardized_label_effect,FAIL,0.0363693454591819,0.04555490718261821,0.04555490718261821,0.0,0.018305097113037107,0.045554823698812856,real_test absolute standardized y1-y0 amount effect,synthetic absolute standardized y1-y0 amount effect,0.018305097113037107,0.045554823698812856,,0.045554907182618211 > 0.036369345459181898,PASS,PASS,PASS,FAIL,b3ad68be08a7036770179241288727ce8151f94cde9f843e7a02ea542211a17c,d433d1cebb58c210abc07899841d28672d2c01988bc3c74ddfb311b3c8a962a8,de523a5582102dc6961df096dc349f67d3743474b6baaaaa2f03e7bdcc6b2842,a5c2c94bdff1ce54c5fb310f43d4beeb07333fe3a671716468a8b265dccffa52,33a481dbe35bce25ec4db8d2ba2d4f69e104f46d05e7009c7551c30bbb2e1d62
tvae_separate_class,3,3,INVALID,gap_abs_standardized_label_effect,FAIL,0.051540527275560376,0.24322874741078102,0.24322874741078102,0.0,0.005683703315469413,0.24322874741078102,real_test absolute standardized y1-y0 gap effect,synthetic absolute standardized y1-y0 gap effect,0.005683703315469413,-0.24322874741078102,,0.24322874741078102 > 0.051540527275560376,PASS,PASS,PASS,FAIL,b3ad68be08a7036770179241288727ce8151f94cde9f843e7a02ea542211a17c,d433d1cebb58c210abc07899841d28672d2c01988bc3c74ddfb311b3c8a962a8,de523a5582102dc6961df096dc349f67d3743474b6baaaaa2f03e7bdcc6b2842,a5c2c94bdff1ce54c5fb310f43d4beeb07333fe3a671716468a8b265dccffa52,33a481dbe35bce25ec4db8d2ba2d4f69e104f46d05e7009c7551c30bbb2e1d62
tvae_separate_class,3,3,INVALID,receiver_max_abs_signed_frequency,FAIL,0.02,0.38489246560552653,0.38489246560552653,0.0,0.005431746317387669,0.38489246560552653,real_test maximum entity-balanced absolute y1-y0 frequency,synthetic maximum entity-balanced absolute y1-y0 frequency,,,55,0.38489246560552653 > 0.02,PASS,PASS,PASS,FAIL,b3ad68be08a7036770179241288727ce8151f94cde9f843e7a02ea542211a17c,d433d1cebb58c210abc07899841d28672d2c01988bc3c74ddfb311b3c8a962a8,de523a5582102dc6961df096dc349f67d3743474b6baaaaa2f03e7bdcc6b2842,a5c2c94bdff1ce54c5fb310f43d4beeb07333fe3a671716468a8b265dccffa52,33a481dbe35bce25ec4db8d2ba2d4f69e104f46d05e7009c7551c30bbb2e1d62
tvae_separate_class,4,3,INVALID,amount_ks,FAIL,0.006081138155655141,0.12952784920763438,0.12952784920763438,0.0,4.999627320792747,5.218152967733678,real_test row-weighted amount mean,synthetic row-weighted amount mean,0.018305097113037107,-0.09694621698450752,,0.12952784920763438 > 0.0060811381556551414,PASS,PASS,PASS,FAIL,39567c9c7c216d49bfbad9b4459c7a7e054b18a288f1a16ed481fb50ba7f7e97,2f459d1ade7693d49b8dc771add3a79e15f243f7a9bc766c68fc79cfd1a73ec8,8497a15b871bc89cce2fbb0ff7a0f77d2985422101c8c926a41a7b29aa872a9d,d7b36fc74194c90823b7d1b435deec570d722de9c5412b9dfef935ccae08a897,33a481dbe35bce25ec4db8d2ba2d4f69e104f46d05e7009c7551c30bbb2e1d62
tvae_separate_class,4,3,INVALID,gap_ks,FAIL,0.006387882975686154,0.42069488767543417,0.42069488767543417,0.0,1.5056787062178993,3.472312123678256,real_test row-weighted frozen-tau gap mean,synthetic row-weighted frozen-tau gap mean,0.005683703315469413,-1.1989891534988089,,0.42069488767543417 > 0.0063878829756861544,PASS,PASS,PASS,FAIL,39567c9c7c216d49bfbad9b4459c7a7e054b18a288f1a16ed481fb50ba7f7e97,2f459d1ade7693d49b8dc771add3a79e15f243f7a9bc766c68fc79cfd1a73ec8,8497a15b871bc89cce2fbb0ff7a0f77d2985422101c8c926a41a7b29aa872a9d,d7b36fc74194c90823b7d1b435deec570d722de9c5412b9dfef935ccae08a897,33a481dbe35bce25ec4db8d2ba2d4f69e104f46d05e7009c7551c30bbb2e1d62
tvae_separate_class,4,3,INVALID,amount_abs_standardized_label_effect,FAIL,0.0363693454591819,0.09694598770877588,0.09694598770877588,0.0,0.018305097113037107,0.09694621698450752,real_test absolute standardized y1-y0 amount effect,synthetic absolute standardized y1-y0 amount effect,0.018305097113037107,-0.09694621698450752,,0.096945987708775883 > 0.036369345459181898,PASS,PASS,PASS,FAIL,39567c9c7c216d49bfbad9b4459c7a7e054b18a288f1a16ed481fb50ba7f7e97,2f459d1ade7693d49b8dc771add3a79e15f243f7a9bc766c68fc79cfd1a73ec8,8497a15b871bc89cce2fbb0ff7a0f77d2985422101c8c926a41a7b29aa872a9d,d7b36fc74194c90823b7d1b435deec570d722de9c5412b9dfef935ccae08a897,33a481dbe35bce25ec4db8d2ba2d4f69e104f46d05e7009c7551c30bbb2e1d62
tvae_separate_class,4,3,INVALID,gap_abs_standardized_label_effect,FAIL,0.051540527275560376,1.1989891534988089,1.1989891534988089,0.0,0.005683703315469413,1.1989891534988089,real_test absolute standardized y1-y0 gap effect,synthetic absolute standardized y1-y0 gap effect,0.005683703315469413,-1.1989891534988089,,1.1989891534988089 > 0.051540527275560376,PASS,PASS,PASS,FAIL,39567c9c7c216d49bfbad9b4459c7a7e054b18a288f1a16ed481fb50ba7f7e97,2f459d1ade7693d49b8dc771add3a79e15f243f7a9bc766c68fc79cfd1a73ec8,8497a15b871bc89cce2fbb0ff7a0f77d2985422101c8c926a41a7b29aa872a9d,d7b36fc74194c90823b7d1b435deec570d722de9c5412b9dfef935ccae08a897,33a481dbe35bce25ec4db8d2ba2d4f69e104f46d05e7009c7551c30bbb2e1d62
tvae_separate_class,4,3,INVALID,receiver_max_abs_signed_frequency,FAIL,0.02,0.27946410706531416,0.27946410706531416,0.0,0.005431746317387669,0.27946410706531416,real_test maximum entity-balanced absolute y1-y0 frequency,synthetic maximum entity-balanced absolute y1-y0 frequency,,,43,0.27946410706531416 > 0.02,PASS,PASS,PASS,FAIL,39567c9c7c216d49bfbad9b4459c7a7e054b18a288f1a16ed481fb50ba7f7e97,2f459d1ade7693d49b8dc771add3a79e15f243f7a9bc766c68fc79cfd1a73ec8,8497a15b871bc89cce2fbb0ff7a0f77d2985422101c8c926a41a7b29aa872a9d,d7b36fc74194c90823b7d1b435deec570d722de9c5412b9dfef935ccae08a897,33a481dbe35bce25ec4db8d2ba2d4f69e104f46d05e7009c7551c30bbb2e1d62
tvae_separate_class,5,3,INVALID,amount_ks,FAIL,0.006081138155655141,0.06808455843014216,0.06808455843014216,0.0,4.999627320792747,4.890406919892014,real_test row-weighted amount mean,synthetic row-weighted amount mean,0.018305097113037107,0.331889249245617,,0.068084558430142161 > 0.0060811381556551414,PASS,PASS,PASS,FAIL,78540af2d768881ef1abb7f903e822afa0154f9bb47c7f8f46906674b280dc7a,3cb6e3c490c424de3fa61fc713165097e2027d6cbc037f37eb15992f81b745d2,a5e2f1edcdbc96247a0f2be6ec7a84c76ae33c7400133ed1350e8e3319d23673,d10bae8173ad15d3c8ae6bf07e9ed73a655909955faa620fce129eecfa9a93cd,33a481dbe35bce25ec4db8d2ba2d4f69e104f46d05e7009c7551c30bbb2e1d62
tvae_separate_class,5,3,INVALID,gap_ks,FAIL,0.006387882975686154,0.23899755656716426,0.23899755656716426,0.0,1.5056787062178993,0.9536785926276566,real_test row-weighted frozen-tau gap mean,synthetic row-weighted frozen-tau gap mean,0.005683703315469413,0.3855442560229364,,0.23899755656716426 > 0.0063878829756861544,PASS,PASS,PASS,FAIL,78540af2d768881ef1abb7f903e822afa0154f9bb47c7f8f46906674b280dc7a,3cb6e3c490c424de3fa61fc713165097e2027d6cbc037f37eb15992f81b745d2,a5e2f1edcdbc96247a0f2be6ec7a84c76ae33c7400133ed1350e8e3319d23673,d10bae8173ad15d3c8ae6bf07e9ed73a655909955faa620fce129eecfa9a93cd,33a481dbe35bce25ec4db8d2ba2d4f69e104f46d05e7009c7551c30bbb2e1d62
tvae_separate_class,5,3,INVALID,amount_abs_standardized_label_effect,FAIL,0.0363693454591819,0.33188962175644676,0.33188962175644676,0.0,0.018305097113037107,0.331889249245617,real_test absolute standardized y1-y0 amount effect,synthetic absolute standardized y1-y0 amount effect,0.018305097113037107,0.331889249245617,,0.33188962175644676 > 0.036369345459181898,PASS,PASS,PASS,FAIL,78540af2d768881ef1abb7f903e822afa0154f9bb47c7f8f46906674b280dc7a,3cb6e3c490c424de3fa61fc713165097e2027d6cbc037f37eb15992f81b745d2,a5e2f1edcdbc96247a0f2be6ec7a84c76ae33c7400133ed1350e8e3319d23673,d10bae8173ad15d3c8ae6bf07e9ed73a655909955faa620fce129eecfa9a93cd,33a481dbe35bce25ec4db8d2ba2d4f69e104f46d05e7009c7551c30bbb2e1d62
tvae_separate_class,5,3,INVALID,gap_abs_standardized_label_effect,FAIL,0.051540527275560376,0.3855442560229364,0.3855442560229364,0.0,0.005683703315469413,0.3855442560229364,real_test absolute standardized y1-y0 gap effect,synthetic absolute standardized y1-y0 gap effect,0.005683703315469413,0.3855442560229364,,0.3855442560229364 > 0.051540527275560376,PASS,PASS,PASS,FAIL,78540af2d768881ef1abb7f903e822afa0154f9bb47c7f8f46906674b280dc7a,3cb6e3c490c424de3fa61fc713165097e2027d6cbc037f37eb15992f81b745d2,a5e2f1edcdbc96247a0f2be6ec7a84c76ae33c7400133ed1350e8e3319d23673,d10bae8173ad15d3c8ae6bf07e9ed73a655909955faa620fce129eecfa9a93cd,33a481dbe35bce25ec4db8d2ba2d4f69e104f46d05e7009c7551c30bbb2e1d62
tvae_separate_class,5,3,INVALID,receiver_max_abs_signed_frequency,FAIL,0.02,0.2194215181811662,0.2194215181811662,0.0,0.005431746317387669,0.2194215181811662,real_test maximum entity-balanced absolute y1-y0 frequency,synthetic maximum entity-balanced absolute y1-y0 frequency,,,36,0.2194215181811662 > 0.02,PASS,PASS,PASS,FAIL,78540af2d768881ef1abb7f903e822afa0154f9bb47c7f8f46906674b280dc7a,3cb6e3c490c424de3fa61fc713165097e2027d6cbc037f37eb15992f81b745d2,a5e2f1edcdbc96247a0f2be6ec7a84c76ae33c7400133ed1350e8e3319d23673,d10bae8173ad15d3c8ae6bf07e9ed73a655909955faa620fce129eecfa9a93cd,33a481dbe35bce25ec4db8d2ba2d4f69e104f46d05e7009c7551c30bbb2e1d62
neural_sequence,1,3,INVALID,amount_ks,FAIL,0.006081138155655141,0.42171158369114414,0.42171158369114414,0.0,4.999627320792747,5.0054610215887045,real_test row-weighted amount mean,synthetic row-weighted amount mean,0.018305097113037107,0.09073022541651184,,0.42171158369114414 > 0.0060811381556551414,PASS,PASS,PASS,FAIL,23ba68837b500f51db7d678d5d4f1cec1d4c2594217bf391bda643e2f41beaaf,a6cdefd37452e34b8d185a825b65f1c57877d0bf171aa7682d691c6edc6e63b2,6a82874634b02e4af3e626259801b362091348ab0d8b597f4bc4827c134161ba,a215d56788a2ea5a117d038467a3a94b06ac26b3463cf2dcd8994c73737d79ee,33a481dbe35bce25ec4db8d2ba2d4f69e104f46d05e7009c7551c30bbb2e1d62
neural_sequence,1,3,INVALID,gap_ks,FAIL,0.006387882975686154,0.010675584520831394,0.010675584520831394,0.0,1.5056787062178993,1.5285036554226041,real_test row-weighted frozen-tau gap mean,synthetic row-weighted frozen-tau gap mean,0.005683703315469413,0.004132853749419479,,0.010675584520831394 > 0.0063878829756861544,PASS,PASS,PASS,FAIL,23ba68837b500f51db7d678d5d4f1cec1d4c2594217bf391bda643e2f41beaaf,a6cdefd37452e34b8d185a825b65f1c57877d0bf171aa7682d691c6edc6e63b2,6a82874634b02e4af3e626259801b362091348ab0d8b597f4bc4827c134161ba,a215d56788a2ea5a117d038467a3a94b06ac26b3463cf2dcd8994c73737d79ee,33a481dbe35bce25ec4db8d2ba2d4f69e104f46d05e7009c7551c30bbb2e1d62
neural_sequence,1,3,INVALID,amount_abs_standardized_label_effect,FAIL,0.0363693454591819,0.09073020231624518,0.09073020231624518,0.0,0.018305097113037107,0.09073022541651184,real_test absolute standardized y1-y0 amount effect,synthetic absolute standardized y1-y0 amount effect,0.018305097113037107,0.09073022541651184,,0.090730202316245179 > 0.036369345459181898,PASS,PASS,PASS,FAIL,23ba68837b500f51db7d678d5d4f1cec1d4c2594217bf391bda643e2f41beaaf,a6cdefd37452e34b8d185a825b65f1c57877d0bf171aa7682d691c6edc6e63b2,6a82874634b02e4af3e626259801b362091348ab0d8b597f4bc4827c134161ba,a215d56788a2ea5a117d038467a3a94b06ac26b3463cf2dcd8994c73737d79ee,33a481dbe35bce25ec4db8d2ba2d4f69e104f46d05e7009c7551c30bbb2e1d62
neural_sequence,1,3,INVALID,gap_abs_standardized_label_effect,PASS,0.051540527275560376,0.004132853749419479,0.004132853749419479,0.0,0.005683703315469413,0.004132853749419479,real_test absolute standardized y1-y0 gap effect,synthetic absolute standardized y1-y0 gap effect,0.005683703315469413,0.004132853749419479,,0.0041328537494194793 <= 0.051540527275560376,PASS,PASS,PASS,FAIL,23ba68837b500f51db7d678d5d4f1cec1d4c2594217bf391bda643e2f41beaaf,a6cdefd37452e34b8d185a825b65f1c57877d0bf171aa7682d691c6edc6e63b2,6a82874634b02e4af3e626259801b362091348ab0d8b597f4bc4827c134161ba,a215d56788a2ea5a117d038467a3a94b06ac26b3463cf2dcd8994c73737d79ee,33a481dbe35bce25ec4db8d2ba2d4f69e104f46d05e7009c7551c30bbb2e1d62
neural_sequence,1,3,INVALID,receiver_max_abs_signed_frequency,PASS,0.02,0.007885499877862146,0.007885499877862146,0.0,0.005431746317387669,0.007885499877862146,real_test maximum entity-balanced absolute y1-y0 frequency,synthetic maximum entity-balanced absolute y1-y0 frequency,,,55,0.0078854998778621465 <= 0.02,PASS,PASS,PASS,FAIL,23ba68837b500f51db7d678d5d4f1cec1d4c2594217bf391bda643e2f41beaaf,a6cdefd37452e34b8d185a825b65f1c57877d0bf171aa7682d691c6edc6e63b2,6a82874634b02e4af3e626259801b362091348ab0d8b597f4bc4827c134161ba,a215d56788a2ea5a117d038467a3a94b06ac26b3463cf2dcd8994c73737d79ee,33a481dbe35bce25ec4db8d2ba2d4f69e104f46d05e7009c7551c30bbb2e1d62
neural_sequence,2,3,INVALID,amount_ks,FAIL,0.006081138155655141,0.43324740934300754,0.43324740934300754,0.0,4.999627320792747,4.978611419127257,real_test row-weighted amount mean,synthetic row-weighted amount mean,0.018305097113037107,0.20966961240332596,,0.43324740934300754 > 0.0060811381556551414,PASS,PASS,PASS,FAIL,42537e6358fb5efc5180bb91f64af28956ba485f2ad4e6009dc2fb0acd347088,8b2a8f10bc54745ae4381ebfcd8528032cd7fcf66059ce47dd6f0c17b64ec739,a68ab7cd40ad75deb926e4b5124070d6ff45995f78c278cd9016ba4c8a064ffe,676545dc77f234ebfb5627b141eb8d736a1afebdc1aa109c7456cdd2db7157f0,33a481dbe35bce25ec4db8d2ba2d4f69e104f46d05e7009c7551c30bbb2e1d62
neural_sequence,2,3,INVALID,gap_ks,FAIL,0.006387882975686154,0.009983649271616324,0.009983649271616324,0.0,1.5056787062178993,1.4756756824687092,real_test row-weighted frozen-tau gap mean,synthetic row-weighted frozen-tau gap mean,0.005683703315469413,-0.01847575471520704,,0.0099836492716163239 > 0.0063878829756861544,PASS,PASS,PASS,FAIL,42537e6358fb5efc5180bb91f64af28956ba485f2ad4e6009dc2fb0acd347088,8b2a8f10bc54745ae4381ebfcd8528032cd7fcf66059ce47dd6f0c17b64ec739,a68ab7cd40ad75deb926e4b5124070d6ff45995f78c278cd9016ba4c8a064ffe,676545dc77f234ebfb5627b141eb8d736a1afebdc1aa109c7456cdd2db7157f0,33a481dbe35bce25ec4db8d2ba2d4f69e104f46d05e7009c7551c30bbb2e1d62
neural_sequence,2,3,INVALID,amount_abs_standardized_label_effect,FAIL,0.0363693454591819,0.2096664141742987,0.2096664141742987,0.0,0.018305097113037107,0.20966961240332596,real_test absolute standardized y1-y0 amount effect,synthetic absolute standardized y1-y0 amount effect,0.018305097113037107,0.20966961240332596,,0.20966641417429871 > 0.036369345459181898,PASS,PASS,PASS,FAIL,42537e6358fb5efc5180bb91f64af28956ba485f2ad4e6009dc2fb0acd347088,8b2a8f10bc54745ae4381ebfcd8528032cd7fcf66059ce47dd6f0c17b64ec739,a68ab7cd40ad75deb926e4b5124070d6ff45995f78c278cd9016ba4c8a064ffe,676545dc77f234ebfb5627b141eb8d736a1afebdc1aa109c7456cdd2db7157f0,33a481dbe35bce25ec4db8d2ba2d4f69e104f46d05e7009c7551c30bbb2e1d62
neural_sequence,2,3,INVALID,gap_abs_standardized_label_effect,PASS,0.051540527275560376,0.01847575471520704,0.01847575471520704,0.0,0.005683703315469413,0.01847575471520704,real_test absolute standardized y1-y0 gap effect,synthetic absolute standardized y1-y0 gap effect,0.005683703315469413,-0.01847575471520704,,0.01847575471520704 <= 0.051540527275560376,PASS,PASS,PASS,FAIL,42537e6358fb5efc5180bb91f64af28956ba485f2ad4e6009dc2fb0acd347088,8b2a8f10bc54745ae4381ebfcd8528032cd7fcf66059ce47dd6f0c17b64ec739,a68ab7cd40ad75deb926e4b5124070d6ff45995f78c278cd9016ba4c8a064ffe,676545dc77f234ebfb5627b141eb8d736a1afebdc1aa109c7456cdd2db7157f0,33a481dbe35bce25ec4db8d2ba2d4f69e104f46d05e7009c7551c30bbb2e1d62
neural_sequence,2,3,INVALID,receiver_max_abs_signed_frequency,PASS,0.02,0.005901853421050896,0.005901853421050896,0.0,0.005431746317387669,0.005901853421050896,real_test maximum entity-balanced absolute y1-y0 frequency,synthetic maximum entity-balanced absolute y1-y0 frequency,,,44,0.0059018534210508958 <= 0.02,PASS,PASS,PASS,FAIL,42537e6358fb5efc5180bb91f64af28956ba485f2ad4e6009dc2fb0acd347088,8b2a8f10bc54745ae4381ebfcd8528032cd7fcf66059ce47dd6f0c17b64ec739,a68ab7cd40ad75deb926e4b5124070d6ff45995f78c278cd9016ba4c8a064ffe,676545dc77f234ebfb5627b141eb8d736a1afebdc1aa109c7456cdd2db7157f0,33a481dbe35bce25ec4db8d2ba2d4f69e104f46d05e7009c7551c30bbb2e1d62
neural_sequence,3,3,INVALID,amount_ks,FAIL,0.006081138155655141,0.43390936958942383,0.43390936958942383,0.0,4.999627320792747,4.980968545650178,real_test row-weighted amount mean,synthetic row-weighted amount mean,0.018305097113037107,0.2985426448540757,,0.43390936958942383 > 0.0060811381556551414,PASS,PASS,PASS,FAIL,bd926fdcc1d3286f68ef67733224965fb9811190553da205d8bd3ec96b5f3c2b,b07286d470701cf73f7ba156061b6e7b9b102b30e19807c293f4dc2021644e3c,19a2e7757fc4709a16c9bafbf8645c7c74e46254944ee98f5c227d8971f5c817,c2345da67b7cc1b9ce422e9dfae7c5638cc4beae3fbe9e518074911c518739a5,33a481dbe35bce25ec4db8d2ba2d4f69e104f46d05e7009c7551c30bbb2e1d62
neural_sequence,3,3,INVALID,gap_ks,FAIL,0.006387882975686154,0.009383703316782566,0.009383703316782566,0.0,1.5056787062178993,1.480894063528307,real_test row-weighted frozen-tau gap mean,synthetic row-weighted frozen-tau gap mean,0.005683703315469413,-0.013981463359403938,,0.0093837033167825656 > 0.0063878829756861544,PASS,PASS,PASS,FAIL,bd926fdcc1d3286f68ef67733224965fb9811190553da205d8bd3ec96b5f3c2b,b07286d470701cf73f7ba156061b6e7b9b102b30e19807c293f4dc2021644e3c,19a2e7757fc4709a16c9bafbf8645c7c74e46254944ee98f5c227d8971f5c817,c2345da67b7cc1b9ce422e9dfae7c5638cc4beae3fbe9e518074911c518739a5,33a481dbe35bce25ec4db8d2ba2d4f69e104f46d05e7009c7551c30bbb2e1d62
neural_sequence,3,3,INVALID,amount_abs_standardized_label_effect,FAIL,0.0363693454591819,0.2985441010544894,0.2985441010544894,0.0,0.018305097113037107,0.2985426448540757,real_test absolute standardized y1-y0 amount effect,synthetic absolute standardized y1-y0 amount effect,0.018305097113037107,0.2985426448540757,,0.29854410105448942 > 0.036369345459181898,PASS,PASS,PASS,FAIL,bd926fdcc1d3286f68ef67733224965fb9811190553da205d8bd3ec96b5f3c2b,b07286d470701cf73f7ba156061b6e7b9b102b30e19807c293f4dc2021644e3c,19a2e7757fc4709a16c9bafbf8645c7c74e46254944ee98f5c227d8971f5c817,c2345da67b7cc1b9ce422e9dfae7c5638cc4beae3fbe9e518074911c518739a5,33a481dbe35bce25ec4db8d2ba2d4f69e104f46d05e7009c7551c30bbb2e1d62
neural_sequence,3,3,INVALID,gap_abs_standardized_label_effect,PASS,0.051540527275560376,0.013981463359403938,0.013981463359403938,0.0,0.005683703315469413,0.013981463359403938,real_test absolute standardized y1-y0 gap effect,synthetic absolute standardized y1-y0 gap effect,0.005683703315469413,-0.013981463359403938,,0.013981463359403938 <= 0.051540527275560376,PASS,PASS,PASS,FAIL,bd926fdcc1d3286f68ef67733224965fb9811190553da205d8bd3ec96b5f3c2b,b07286d470701cf73f7ba156061b6e7b9b102b30e19807c293f4dc2021644e3c,19a2e7757fc4709a16c9bafbf8645c7c74e46254944ee98f5c227d8971f5c817,c2345da67b7cc1b9ce422e9dfae7c5638cc4beae3fbe9e518074911c518739a5,33a481dbe35bce25ec4db8d2ba2d4f69e104f46d05e7009c7551c30bbb2e1d62
neural_sequence,3,3,INVALID,receiver_max_abs_signed_frequency,PASS,0.02,0.0065046806188520465,0.0065046806188520465,0.0,0.005431746317387669,0.0065046806188520465,real_test maximum entity-balanced absolute y1-y0 frequency,synthetic maximum entity-balanced absolute y1-y0 frequency,,,2,0.0065046806188520465 <= 0.02,PASS,PASS,PASS,FAIL,bd926fdcc1d3286f68ef67733224965fb9811190553da205d8bd3ec96b5f3c2b,b07286d470701cf73f7ba156061b6e7b9b102b30e19807c293f4dc2021644e3c,19a2e7757fc4709a16c9bafbf8645c7c74e46254944ee98f5c227d8971f5c817,c2345da67b7cc1b9ce422e9dfae7c5638cc4beae3fbe9e518074911c518739a5,33a481dbe35bce25ec4db8d2ba2d4f69e104f46d05e7009c7551c30bbb2e1d62
neural_sequence,4,3,CANCELLED,NOT_COMPUTED,NOT_COMPUTED,,,,,,,,,,,,CANCELLED has no completed evaluation artifact,,,,,,,,,f1b998694a9b7b16c4df6abe166a39867ad18a0595b441fb8ad31a2fde60a3c2
neural_sequence,5,3,CANCELLED,NOT_COMPUTED,NOT_COMPUTED,,,,,,,,,,,,CANCELLED has no completed evaluation artifact,,,,,,,,,f1b998694a9b7b16c4df6abe166a39867ad18a0595b441fb8ad31a2fde60a3c2
cof_seqgen,1,3,INVALID,amount_ks,FAIL,0.006081138155655141,0.41942044919724086,0.41942044919724086,0.0,4.999627320792747,4.810932297708948,real_test row-weighted amount mean,synthetic row-weighted amount mean,0.018305097113037107,-0.10755263944561426,,0.41942044919724086 > 0.0060811381556551414,PASS,PASS,PASS,FAIL,cee28a68862c1cfa25c0fcfa2bbad567fbc38d0fca6617ffaca2f6a806afebac,bab9066eb6e785ba78de0746aee009dd93622f7a86102a631cb9b93275f23062,5d81f2cb7f7ac2216a0841e9baf7e85608a9824062880f45428b37d3cdc7e66b,35bfce5ef9e4c0e447ff787d37273aa542637cc7d373a931c636c1d4e1449bf2,33a481dbe35bce25ec4db8d2ba2d4f69e104f46d05e7009c7551c30bbb2e1d62
cof_seqgen,1,3,INVALID,gap_ks,FAIL,0.006387882975686154,0.03888145628162032,0.03888145628162032,0.0,1.5056787062178993,1.3978470325111028,real_test row-weighted frozen-tau gap mean,synthetic row-weighted frozen-tau gap mean,0.005683703315469413,-0.2522322423201807,,0.038881456281620319 > 0.0063878829756861544,PASS,PASS,PASS,FAIL,cee28a68862c1cfa25c0fcfa2bbad567fbc38d0fca6617ffaca2f6a806afebac,bab9066eb6e785ba78de0746aee009dd93622f7a86102a631cb9b93275f23062,5d81f2cb7f7ac2216a0841e9baf7e85608a9824062880f45428b37d3cdc7e66b,35bfce5ef9e4c0e447ff787d37273aa542637cc7d373a931c636c1d4e1449bf2,33a481dbe35bce25ec4db8d2ba2d4f69e104f46d05e7009c7551c30bbb2e1d62
cof_seqgen,1,3,INVALID,amount_abs_standardized_label_effect,FAIL,0.0363693454591819,0.10755165896309596,0.10755165896309596,0.0,0.018305097113037107,0.10755263944561426,real_test absolute standardized y1-y0 amount effect,synthetic absolute standardized y1-y0 amount effect,0.018305097113037107,-0.10755263944561426,,0.10755165896309596 > 0.036369345459181898,PASS,PASS,PASS,FAIL,cee28a68862c1cfa25c0fcfa2bbad567fbc38d0fca6617ffaca2f6a806afebac,bab9066eb6e785ba78de0746aee009dd93622f7a86102a631cb9b93275f23062,5d81f2cb7f7ac2216a0841e9baf7e85608a9824062880f45428b37d3cdc7e66b,35bfce5ef9e4c0e447ff787d37273aa542637cc7d373a931c636c1d4e1449bf2,33a481dbe35bce25ec4db8d2ba2d4f69e104f46d05e7009c7551c30bbb2e1d62
cof_seqgen,1,3,INVALID,gap_abs_standardized_label_effect,FAIL,0.051540527275560376,0.2522322423201807,0.2522322423201807,0.0,0.005683703315469413,0.2522322423201807,real_test absolute standardized y1-y0 gap effect,synthetic absolute standardized y1-y0 gap effect,0.005683703315469413,-0.2522322423201807,,0.25223224232018071 > 0.051540527275560376,PASS,PASS,PASS,FAIL,cee28a68862c1cfa25c0fcfa2bbad567fbc38d0fca6617ffaca2f6a806afebac,bab9066eb6e785ba78de0746aee009dd93622f7a86102a631cb9b93275f23062,5d81f2cb7f7ac2216a0841e9baf7e85608a9824062880f45428b37d3cdc7e66b,35bfce5ef9e4c0e447ff787d37273aa542637cc7d373a931c636c1d4e1449bf2,33a481dbe35bce25ec4db8d2ba2d4f69e104f46d05e7009c7551c30bbb2e1d62
cof_seqgen,1,3,INVALID,receiver_max_abs_signed_frequency,PASS,0.02,0.015761756350785014,0.015761756350785014,0.0,0.005431746317387669,0.015761756350785014,real_test maximum entity-balanced absolute y1-y0 frequency,synthetic maximum entity-balanced absolute y1-y0 frequency,,,51,0.015761756350785014 <= 0.02,PASS,PASS,PASS,FAIL,cee28a68862c1cfa25c0fcfa2bbad567fbc38d0fca6617ffaca2f6a806afebac,bab9066eb6e785ba78de0746aee009dd93622f7a86102a631cb9b93275f23062,5d81f2cb7f7ac2216a0841e9baf7e85608a9824062880f45428b37d3cdc7e66b,35bfce5ef9e4c0e447ff787d37273aa542637cc7d373a931c636c1d4e1449bf2,33a481dbe35bce25ec4db8d2ba2d4f69e104f46d05e7009c7551c30bbb2e1d62
cof_seqgen,2,3,INVALID,amount_ks,FAIL,0.006081138155655141,0.45647882100614956,0.45647882100614956,0.0,4.999627320792747,4.696997936822777,real_test row-weighted amount mean,synthetic row-weighted amount mean,0.018305097113037107,2.7044637412586603,,0.45647882100614956 > 0.0060811381556551414,PASS,PASS,PASS,FAIL,d16c76607e4f260ec4fbfbccfe6e19bb7db3386e13f23f7bb7392840418f7f7c,eb0ce856624359ab42df844d452bb3fe42f63555d203163703066b90976a6231,858bc90c5b24a66300b2ba2942eb357307291b05ac4435dd636fd0eae2616f53,db3719274437f79e554d63136c88d7db4cd4520a0938665418904c9da7824646,33a481dbe35bce25ec4db8d2ba2d4f69e104f46d05e7009c7551c30bbb2e1d62
cof_seqgen,2,3,INVALID,gap_ks,FAIL,0.006387882975686154,0.007689017268764475,0.007689017268764475,0.0,1.5056787062178993,1.4789703797589493,real_test row-weighted frozen-tau gap mean,synthetic row-weighted frozen-tau gap mean,0.005683703315469413,-0.2703482538150642,,0.0076890172687644753 > 0.0063878829756861544,PASS,PASS,PASS,FAIL,d16c76607e4f260ec4fbfbccfe6e19bb7db3386e13f23f7bb7392840418f7f7c,eb0ce856624359ab42df844d452bb3fe42f63555d203163703066b90976a6231,858bc90c5b24a66300b2ba2942eb357307291b05ac4435dd636fd0eae2616f53,db3719274437f79e554d63136c88d7db4cd4520a0938665418904c9da7824646,33a481dbe35bce25ec4db8d2ba2d4f69e104f46d05e7009c7551c30bbb2e1d62
cof_seqgen,2,3,INVALID,amount_abs_standardized_label_effect,FAIL,0.0363693454591819,2.704458050773735,2.704458050773735,0.0,0.018305097113037107,2.7044637412586603,real_test absolute standardized y1-y0 amount effect,synthetic absolute standardized y1-y0 amount effect,0.018305097113037107,2.7044637412586603,,2.7044580507737348 > 0.036369345459181898,PASS,PASS,PASS,FAIL,d16c76607e4f260ec4fbfbccfe6e19bb7db3386e13f23f7bb7392840418f7f7c,eb0ce856624359ab42df844d452bb3fe42f63555d203163703066b90976a6231,858bc90c5b24a66300b2ba2942eb357307291b05ac4435dd636fd0eae2616f53,db3719274437f79e554d63136c88d7db4cd4520a0938665418904c9da7824646,33a481dbe35bce25ec4db8d2ba2d4f69e104f46d05e7009c7551c30bbb2e1d62
cof_seqgen,2,3,INVALID,gap_abs_standardized_label_effect,FAIL,0.051540527275560376,0.2703482538150642,0.2703482538150642,0.0,0.005683703315469413,0.2703482538150642,real_test absolute standardized y1-y0 gap effect,synthetic absolute standardized y1-y0 gap effect,0.005683703315469413,-0.2703482538150642,,0.27034825381506422 > 0.051540527275560376,PASS,PASS,PASS,FAIL,d16c76607e4f260ec4fbfbccfe6e19bb7db3386e13f23f7bb7392840418f7f7c,eb0ce856624359ab42df844d452bb3fe42f63555d203163703066b90976a6231,858bc90c5b24a66300b2ba2942eb357307291b05ac4435dd636fd0eae2616f53,db3719274437f79e554d63136c88d7db4cd4520a0938665418904c9da7824646,33a481dbe35bce25ec4db8d2ba2d4f69e104f46d05e7009c7551c30bbb2e1d62
cof_seqgen,2,3,INVALID,receiver_max_abs_signed_frequency,FAIL,0.02,0.020018867573139573,0.020018867573139573,0.0,0.005431746317387669,0.020018867573139573,real_test maximum entity-balanced absolute y1-y0 frequency,synthetic maximum entity-balanced absolute y1-y0 frequency,,,11,0.020018867573139573 > 0.02,PASS,PASS,PASS,FAIL,d16c76607e4f260ec4fbfbccfe6e19bb7db3386e13f23f7bb7392840418f7f7c,eb0ce856624359ab42df844d452bb3fe42f63555d203163703066b90976a6231,858bc90c5b24a66300b2ba2942eb357307291b05ac4435dd636fd0eae2616f53,db3719274437f79e554d63136c88d7db4cd4520a0938665418904c9da7824646,33a481dbe35bce25ec4db8d2ba2d4f69e104f46d05e7009c7551c30bbb2e1d62
cof_seqgen,3,3,INVALID,amount_ks,FAIL,0.006081138155655141,0.38685278024402703,0.38685278024402703,0.0,4.999627320792747,4.94860256332563,real_test row-weighted amount mean,synthetic row-weighted amount mean,0.018305097113037107,0.7082310847983871,,0.38685278024402703 > 0.0060811381556551414,PASS,PASS,PASS,FAIL,8047826df05f38b60a98b9cbf32e513c2ec197e7d2c56c059a2c94e015a86988,d5685b5bcc364cad441627372ae768fa50650f79b469ab3b1a7084ed8e8b47b0,d72a3b910dd51d8534d3a9fab0fb5f079e5a745b641a24ff6ebcb46219917811,42c01b4ec65cc2ab4b1bff581a7376c3ce070da380e51833f8a645ba9c15bdd4,33a481dbe35bce25ec4db8d2ba2d4f69e104f46d05e7009c7551c30bbb2e1d62
cof_seqgen,3,3,INVALID,gap_ks,FAIL,0.006387882975686154,0.03420431928556167,0.03420431928556167,0.0,1.5056787062178993,1.4170934139123013,real_test row-weighted frozen-tau gap mean,synthetic row-weighted frozen-tau gap mean,0.005683703315469413,-0.0345014759119105,,0.034204319285561668 > 0.0063878829756861544,PASS,PASS,PASS,FAIL,8047826df05f38b60a98b9cbf32e513c2ec197e7d2c56c059a2c94e015a86988,d5685b5bcc364cad441627372ae768fa50650f79b469ab3b1a7084ed8e8b47b0,d72a3b910dd51d8534d3a9fab0fb5f079e5a745b641a24ff6ebcb46219917811,42c01b4ec65cc2ab4b1bff581a7376c3ce070da380e51833f8a645ba9c15bdd4,33a481dbe35bce25ec4db8d2ba2d4f69e104f46d05e7009c7551c30bbb2e1d62
cof_seqgen,3,3,INVALID,amount_abs_standardized_label_effect,FAIL,0.0363693454591819,0.7082308448019243,0.7082308448019243,0.0,0.018305097113037107,0.7082310847983871,real_test absolute standardized y1-y0 amount effect,synthetic absolute standardized y1-y0 amount effect,0.018305097113037107,0.7082310847983871,,0.70823084480192433 > 0.036369345459181898,PASS,PASS,PASS,FAIL,8047826df05f38b60a98b9cbf32e513c2ec197e7d2c56c059a2c94e015a86988,d5685b5bcc364cad441627372ae768fa50650f79b469ab3b1a7084ed8e8b47b0,d72a3b910dd51d8534d3a9fab0fb5f079e5a745b641a24ff6ebcb46219917811,42c01b4ec65cc2ab4b1bff581a7376c3ce070da380e51833f8a645ba9c15bdd4,33a481dbe35bce25ec4db8d2ba2d4f69e104f46d05e7009c7551c30bbb2e1d62
cof_seqgen,3,3,INVALID,gap_abs_standardized_label_effect,PASS,0.051540527275560376,0.0345014759119105,0.0345014759119105,0.0,0.005683703315469413,0.0345014759119105,real_test absolute standardized y1-y0 gap effect,synthetic absolute standardized y1-y0 gap effect,0.005683703315469413,-0.0345014759119105,,0.034501475911910502 <= 0.051540527275560376,PASS,PASS,PASS,FAIL,8047826df05f38b60a98b9cbf32e513c2ec197e7d2c56c059a2c94e015a86988,d5685b5bcc364cad441627372ae768fa50650f79b469ab3b1a7084ed8e8b47b0,d72a3b910dd51d8534d3a9fab0fb5f079e5a745b641a24ff6ebcb46219917811,42c01b4ec65cc2ab4b1bff581a7376c3ce070da380e51833f8a645ba9c15bdd4,33a481dbe35bce25ec4db8d2ba2d4f69e104f46d05e7009c7551c30bbb2e1d62
cof_seqgen,3,3,INVALID,receiver_max_abs_signed_frequency,PASS,0.02,0.013408827856474813,0.013408827856474813,0.0,0.005431746317387669,0.013408827856474813,real_test maximum entity-balanced absolute y1-y0 frequency,synthetic maximum entity-balanced absolute y1-y0 frequency,,,43,0.013408827856474813 <= 0.02,PASS,PASS,PASS,FAIL,8047826df05f38b60a98b9cbf32e513c2ec197e7d2c56c059a2c94e015a86988,d5685b5bcc364cad441627372ae768fa50650f79b469ab3b1a7084ed8e8b47b0,d72a3b910dd51d8534d3a9fab0fb5f079e5a745b641a24ff6ebcb46219917811,42c01b4ec65cc2ab4b1bff581a7376c3ce070da380e51833f8a645ba9c15bdd4,33a481dbe35bce25ec4db8d2ba2d4f69e104f46d05e7009c7551c30bbb2e1d62
cof_seqgen,4,3,INVALID,amount_ks,FAIL,0.006081138155655141,0.43514945700753194,0.43514945700753194,0.0,4.999627320792747,4.842535343914496,real_test row-weighted amount mean,synthetic row-weighted amount mean,0.018305097113037107,0.017327191944930178,,0.43514945700753194 > 0.0060811381556551414,PASS,PASS,PASS,FAIL,a08f82689b0bb6fcc13e1f50979e06b944770dda08a1365f53877fb65635fd1c,d3e78b61906255ecaee98ec92370ae61f40081fc06241666dd6a338b1f8bdf0c,9345f7cd29bf3c2d1b69b0054d2b044b2933216d5482a84a5d0c3531e4e36b71,24103f052c3b01758de309bec1b91f586a9db2d987a652f59e4374fa8cd94a73,33a481dbe35bce25ec4db8d2ba2d4f69e104f46d05e7009c7551c30bbb2e1d62
cof_seqgen,4,3,INVALID,gap_ks,FAIL,0.006387882975686154,0.01548010873588157,0.01548010873588157,0.0,1.5056787062178993,1.4679192303854902,real_test row-weighted frozen-tau gap mean,synthetic row-weighted frozen-tau gap mean,0.005683703315469413,-0.17911645011858174,,0.01548010873588157 > 0.0063878829756861544,PASS,PASS,PASS,FAIL,a08f82689b0bb6fcc13e1f50979e06b944770dda08a1365f53877fb65635fd1c,d3e78b61906255ecaee98ec92370ae61f40081fc06241666dd6a338b1f8bdf0c,9345f7cd29bf3c2d1b69b0054d2b044b2933216d5482a84a5d0c3531e4e36b71,24103f052c3b01758de309bec1b91f586a9db2d987a652f59e4374fa8cd94a73,33a481dbe35bce25ec4db8d2ba2d4f69e104f46d05e7009c7551c30bbb2e1d62
cof_seqgen,4,3,INVALID,amount_abs_standardized_label_effect,PASS,0.0363693454591819,0.017328337040288758,0.017328337040288758,0.0,0.018305097113037107,0.017327191944930178,real_test absolute standardized y1-y0 amount effect,synthetic absolute standardized y1-y0 amount effect,0.018305097113037107,0.017327191944930178,,0.017328337040288758 <= 0.036369345459181898,PASS,PASS,PASS,FAIL,a08f82689b0bb6fcc13e1f50979e06b944770dda08a1365f53877fb65635fd1c,d3e78b61906255ecaee98ec92370ae61f40081fc06241666dd6a338b1f8bdf0c,9345f7cd29bf3c2d1b69b0054d2b044b2933216d5482a84a5d0c3531e4e36b71,24103f052c3b01758de309bec1b91f586a9db2d987a652f59e4374fa8cd94a73,33a481dbe35bce25ec4db8d2ba2d4f69e104f46d05e7009c7551c30bbb2e1d62
cof_seqgen,4,3,INVALID,gap_abs_standardized_label_effect,FAIL,0.051540527275560376,0.17911645011858174,0.17911645011858174,0.0,0.005683703315469413,0.17911645011858174,real_test absolute standardized y1-y0 gap effect,synthetic absolute standardized y1-y0 gap effect,0.005683703315469413,-0.17911645011858174,,0.17911645011858174 > 0.051540527275560376,PASS,PASS,PASS,FAIL,a08f82689b0bb6fcc13e1f50979e06b944770dda08a1365f53877fb65635fd1c,d3e78b61906255ecaee98ec92370ae61f40081fc06241666dd6a338b1f8bdf0c,9345f7cd29bf3c2d1b69b0054d2b044b2933216d5482a84a5d0c3531e4e36b71,24103f052c3b01758de309bec1b91f586a9db2d987a652f59e4374fa8cd94a73,33a481dbe35bce25ec4db8d2ba2d4f69e104f46d05e7009c7551c30bbb2e1d62
cof_seqgen,4,3,INVALID,receiver_max_abs_signed_frequency,FAIL,0.02,0.031654754817173114,0.031654754817173114,0.0,0.005431746317387669,0.031654754817173114,real_test maximum entity-balanced absolute y1-y0 frequency,synthetic maximum entity-balanced absolute y1-y0 frequency,,,51,0.031654754817173114 > 0.02,PASS,PASS,PASS,FAIL,a08f82689b0bb6fcc13e1f50979e06b944770dda08a1365f53877fb65635fd1c,d3e78b61906255ecaee98ec92370ae61f40081fc06241666dd6a338b1f8bdf0c,9345f7cd29bf3c2d1b69b0054d2b044b2933216d5482a84a5d0c3531e4e36b71,24103f052c3b01758de309bec1b91f586a9db2d987a652f59e4374fa8cd94a73,33a481dbe35bce25ec4db8d2ba2d4f69e104f46d05e7009c7551c30bbb2e1d62
cof_seqgen,5,3,INVALID,amount_ks,FAIL,0.006081138155655141,0.44272190034998393,0.44272190034998393,0.0,4.999627320792747,4.739214646956776,real_test row-weighted amount mean,synthetic row-weighted amount mean,0.018305097113037107,1.588814305643775,,0.44272190034998393 > 0.0060811381556551414,PASS,PASS,PASS,FAIL,511ffdb3634e9d7d41cc18f0128219fa3e714a63ced9e6a390870646d317716b,b890d0bc91fe7a0ddbaa0dc5c06fa4b16bf427ddd040f579de117cb27beb85fe,faddcf25a36585282e83495d3cfde066eb4cbfbc2af26c1413ea9934fd45f959,6e3159b2b2944215678254dd30e38ad139f162f1722c9f1d4bf02b4c2def6c26,33a481dbe35bce25ec4db8d2ba2d4f69e104f46d05e7009c7551c30bbb2e1d62
cof_seqgen,5,3,INVALID,gap_ks,FAIL,0.006387882975686154,0.011165136485073668,0.011165136485073668,0.0,1.5056787062178993,1.4791588220397254,real_test row-weighted frozen-tau gap mean,synthetic row-weighted frozen-tau gap mean,0.005683703315469413,-0.05267989343708746,,0.011165136485073668 > 0.0063878829756861544,PASS,PASS,PASS,FAIL,511ffdb3634e9d7d41cc18f0128219fa3e714a63ced9e6a390870646d317716b,b890d0bc91fe7a0ddbaa0dc5c06fa4b16bf427ddd040f579de117cb27beb85fe,faddcf25a36585282e83495d3cfde066eb4cbfbc2af26c1413ea9934fd45f959,6e3159b2b2944215678254dd30e38ad139f162f1722c9f1d4bf02b4c2def6c26,33a481dbe35bce25ec4db8d2ba2d4f69e104f46d05e7009c7551c30bbb2e1d62
cof_seqgen,5,3,INVALID,amount_abs_standardized_label_effect,FAIL,0.0363693454591819,1.5888178466369374,1.5888178466369374,0.0,0.018305097113037107,1.588814305643775,real_test absolute standardized y1-y0 amount effect,synthetic absolute standardized y1-y0 amount effect,0.018305097113037107,1.588814305643775,,1.5888178466369374 > 0.036369345459181898,PASS,PASS,PASS,FAIL,511ffdb3634e9d7d41cc18f0128219fa3e714a63ced9e6a390870646d317716b,b890d0bc91fe7a0ddbaa0dc5c06fa4b16bf427ddd040f579de117cb27beb85fe,faddcf25a36585282e83495d3cfde066eb4cbfbc2af26c1413ea9934fd45f959,6e3159b2b2944215678254dd30e38ad139f162f1722c9f1d4bf02b4c2def6c26,33a481dbe35bce25ec4db8d2ba2d4f69e104f46d05e7009c7551c30bbb2e1d62
cof_seqgen,5,3,INVALID,gap_abs_standardized_label_effect,FAIL,0.051540527275560376,0.05267989343708746,0.05267989343708746,0.0,0.005683703315469413,0.05267989343708746,real_test absolute standardized y1-y0 gap effect,synthetic absolute standardized y1-y0 gap effect,0.005683703315469413,-0.05267989343708746,,0.052679893437087462 > 0.051540527275560376,PASS,PASS,PASS,FAIL,511ffdb3634e9d7d41cc18f0128219fa3e714a63ced9e6a390870646d317716b,b890d0bc91fe7a0ddbaa0dc5c06fa4b16bf427ddd040f579de117cb27beb85fe,faddcf25a36585282e83495d3cfde066eb4cbfbc2af26c1413ea9934fd45f959,6e3159b2b2944215678254dd30e38ad139f162f1722c9f1d4bf02b4c2def6c26,33a481dbe35bce25ec4db8d2ba2d4f69e104f46d05e7009c7551c30bbb2e1d62
cof_seqgen,5,3,INVALID,receiver_max_abs_signed_frequency,PASS,0.02,0.014543370594328295,0.014543370594328295,0.0,0.005431746317387669,0.014543370594328295,real_test maximum entity-balanced absolute y1-y0 frequency,synthetic maximum entity-balanced absolute y1-y0 frequency,,,0,0.014543370594328295 <= 0.02,PASS,PASS,PASS,FAIL,511ffdb3634e9d7d41cc18f0128219fa3e714a63ced9e6a390870646d317716b,b890d0bc91fe7a0ddbaa0dc5c06fa4b16bf427ddd040f579de117cb27beb85fe,faddcf25a36585282e83495d3cfde066eb4cbfbc2af26c1413ea9934fd45f959,6e3159b2b2944215678254dd30e38ad139f162f1722c9f1d4bf02b4c2def6c26,33a481dbe35bce25ec4db8d2ba2d4f69e104f46d05e7009c7551c30bbb2e1d62
